Code,Copert_V_name,Technology,Mode,Road.Slope,Load,Min.Speed,Max.Speed,Alpha,Beta,Gamma,Delta,Epsilon,Zita,Hta,RF,Q,PF,T
PCG_44,Passenger Cars_Petrol_Mini_Euro 4,,,,,5,130,3.55E-06,-0.000139315,0.047375268,-9.10E-14,-6.44E-15,7.73E-13,4.014853242,0,1,1,1 
PCG_45,Passenger Cars_Petrol_Mini_Euro 5,,,,,5,130,3.81E-06,-0.000707365,0.045249198,0.173073521,6.99E-05,-0.047538169,6.212053482,0,1,1,1 
PCG_46,Passenger Cars_Petrol_Mini_Euro 6 up to 2016,,,,,5,130,3.99E-06,-0.00080448,0.048245967,0.025665557,0.000310577,-0.083680744,6.352914552,0,1,1,1 
PCG_47,Passenger Cars_Petrol_Mini_Euro 6 2017-2019,,,,,5,130,4.38E-06,-0.000872099,0.05381474,-0.092517798,0.000290535,-0.077103779,5.935114479,0,1,1,1 
PCG_48,Passenger Cars_Petrol_Mini_Euro 6 2020+,,,,,5,130,4.38E-06,-0.000872099,0.05381474,-0.092517798,0.000290535,-0.077103779,5.935114479,0,1,1,1 
PCG_1,Passenger Cars_Petrol_Small_PRE ECE,,,,,10,130,2.86E-05,0.026974973,1.10092497,3.060898807,0.000168684,0.015067603,0.10547165,0,1,1,1 
PCG_2,Passenger Cars_Petrol_Small_ECE 15/00-01,,,,,10,130,7.11E-05,-0.002939052,-0.140200076,7.9801037,8.92E-05,-0.007666837,0.193880959,0,1,1,1 
PCG_3,Passenger Cars_Petrol_Small_ECE 15/02,,,,,10,130,2.26E-05,-0.001976367,-0.013601079,4.937329683,2.64E-05,-0.003180605,0.120636181,0,1,1,1 
PCG_4,Passenger Cars_Petrol_Small_ECE 15/03,,,,,10,130,2.26E-05,-0.001976367,-0.013601079,4.937329683,2.64E-05,-0.003180605,0.120636181,0,1,1,1 
PCG_5,Passenger Cars_Petrol_Small_ECE 15/04,,,,,10,130,9.98E-06,-0.001670927,0.067180129,2.790024307,6.69E-06,-0.001232134,0.09633248,0,1,1,1 
PCG_6,Passenger Cars_Petrol_Small_Improved Conventional,,,,,10,130,0.000339833,-0.057484236,3.700970381,5.81E-13,-4.03E-17,-3.00E-16,1.690712828,0,1,1,1 
PCG_7,Passenger Cars_Petrol_Small_Open Loop,,,,,10,130,0.000445404,-0.073596067,3.801593532,4.37E-13,-2.68E-17,3.75E-16,1.73985974,0,1,1,1 
PCG_8,Passenger Cars_Petrol_Small_Euro 1,,,,,5,130,8.25E-18,-0.009250329,1.843756507,1.89E-13,-0.001735291,0.243068135,1.366370657,0,1,1,1 
PCG_9,Passenger Cars_Petrol_Small_Euro 2,,,,,5,130,2.72E-12,-0.007244862,2.047845392,0.90470352,-0.005129504,0.826484534,0.365556608,0,1,1,1 
PCG_10,Passenger Cars_Petrol_Small_Euro 3,,,,,5,130,0.000182479,-0.016058173,0.813127485,-4.52E-11,-0.002744488,0.533185225,14.59833905,0,1,1,1 
PCG_11,Passenger Cars_Petrol_Small_Euro 4,,,,,5,130,3.55E-06,-0.000139315,0.047375268,-9.10E-14,-6.44E-15,7.73E-13,4.014853242,0,1,1,1 
PCG_12,Passenger Cars_Petrol_Small_Euro 5,,,,,5,130,3.81E-06,-0.000707365,0.045249198,0.173073521,6.99E-05,-0.047538169,6.212053482,0,1,1,1 
PCG_13,Passenger Cars_Petrol_Small_Euro 6 up to 2016,,,,,5,130,3.99E-06,-0.00080448,0.048245967,0.025665557,0.000310577,-0.083680744,6.352914552,0,1,1,1 
PCG_14,Passenger Cars_Petrol_Small_Euro 6 2017-2019,,,,,5,130,4.38E-06,-0.000872099,0.05381474,-0.092517798,0.000290535,-0.077103779,5.935114479,0,1,1,1 
PCG_15,Passenger Cars_Petrol_Small_Euro 6 2020+,,,,,5,130,4.38E-06,-0.000872099,0.05381474,-0.092517798,0.000290535,-0.077103779,5.935114479,0,1,1,1 
PCG_16,Passenger Cars_Petrol_Medium_PRE ECE,,,,,10,130,2.86E-05,0.026974973,1.10092497,3.060898807,0.000168684,0.015067603,0.10547165,0,1,1,1 
PCG_17,Passenger Cars_Petrol_Medium_ECE 15/00-01,,,,,10,130,7.11E-05,-0.002939052,-0.140200076,7.9801037,8.92E-05,-0.007666837,0.193880959,0,1,1,1 
PCG_18,Passenger Cars_Petrol_Medium_ECE 15/02,,,,,10,130,2.26E-05,-0.001976367,-0.013601079,4.937329683,2.64E-05,-0.003180605,0.120636181,0,1,1,1 
PCG_19,Passenger Cars_Petrol_Medium_ECE 15/03,,,,,10,130,2.26E-05,-0.001976367,-0.013601079,4.937329683,2.64E-05,-0.003180605,0.120636181,0,1,1,1 
PCG_20,Passenger Cars_Petrol_Medium_ECE 15/04,,,,,10,130,9.98E-06,-0.001670927,0.067180129,2.790024307,6.69E-06,-0.001232134,0.09633248,0,1,1,1 
PCG_21,Passenger Cars_Petrol_Medium_Improved Conventional,,,,,10,130,0.000331878,-0.052728311,3.100114509,3.24E-13,-5.25E-18,-4.36E-16,1.550832671,0,1,1,1 
PCG_22,Passenger Cars_Petrol_Medium_Open Loop,,,,,10,130,0.00020716,-0.033480461,1.690763257,3.09E-13,-2.91E-17,6.82E-17,2.092528783,0,1,1,1 
PCG_23,Passenger Cars_Petrol_Medium_Euro 1,,,,,5,130,8.25E-18,-0.009250329,1.843756507,1.89E-13,-0.001735291,0.243068135,1.366370657,0,1,1,1 
PCG_24,Passenger Cars_Petrol_Medium_Euro 2,,,,,5,130,2.72E-12,-0.007244862,2.047845392,0.90470352,-0.005129504,0.826484534,0.365556608,0,1,1,1 
PCG_25,Passenger Cars_Petrol_Medium_Euro 3,,,,,5,130,0.000182479,-0.016058173,0.813127485,-4.52E-11,-0.002744488,0.533185225,14.59833905,0,1,1,1 
PCG_26,Passenger Cars_Petrol_Medium_Euro 4,,,,,5,130,3.55E-06,-0.000139315,0.047375268,-9.10E-14,-6.44E-15,7.73E-13,4.014853242,0,1,1,1 
PCG_27,Passenger Cars_Petrol_Medium_Euro 5,,,,,5,130,3.81E-06,-0.000707365,0.045249198,0.173073521,6.99E-05,-0.047538169,6.212053482,0,1,1,1 
PCG_28,Passenger Cars_Petrol_Medium_Euro 6 up to 2016,,,,,5,130,3.99E-06,-0.00080448,0.048245967,0.025665557,0.000310577,-0.083680744,6.352914552,0,1,1,1 
PCG_29,Passenger Cars_Petrol_Medium_Euro 6 2017-2019,,,,,5,130,4.38E-06,-0.000872099,0.05381474,-0.092517798,0.000290535,-0.077103779,5.935114479,0,1,1,1 
PCG_30,Passenger Cars_Petrol_Medium_Euro 6 2020+,,,,,5,130,4.38E-06,-0.000872099,0.05381474,-0.092517798,0.000290535,-0.077103779,5.935114479,0,1,1,1 
PCG_31,Passenger Cars_Petrol_Large-SUV-Executive_PRE ECE,,,,,10,130,2.86E-05,0.026974973,1.10092497,3.060898807,0.000168684,0.015067603,0.10547165,0,1,1,1 
PCG_32,Passenger Cars_Petrol_Large-SUV-Executive_ECE 15/00-01,,,,,10,130,7.11E-05,-0.002939052,-0.140200076,7.9801037,8.92E-05,-0.007666837,0.193880959,0,1,1,1 
PCG_33,Passenger Cars_Petrol_Large-SUV-Executive_ECE 15/02,,,,,10,130,2.26E-05,-0.001976367,-0.013601079,4.937329683,2.64E-05,-0.003180605,0.120636181,0,1,1,1 
PCG_34,Passenger Cars_Petrol_Large-SUV-Executive_ECE 15/03,,,,,10,130,2.26E-05,-0.001976367,-0.013601079,4.937329683,2.64E-05,-0.003180605,0.120636181,0,1,1,1 
PCG_35,Passenger Cars_Petrol_Large-SUV-Executive_ECE 15/04,,,,,10,130,9.98E-06,-0.001670927,0.067180129,2.790024307,6.69E-06,-0.001232134,0.09633248,0,1,1,1 
PCG_36,Passenger Cars_Petrol_Large-SUV-Executive_Euro 1,,,,,5,130,8.25E-18,-0.009250329,1.843756507,1.89E-13,-0.001735291,0.243068135,1.366370657,0,1,1,1 
PCG_37,Passenger Cars_Petrol_Large-SUV-Executive_Euro 2,,,,,5,130,2.72E-12,-0.007244862,2.047845392,0.90470352,-0.005129504,0.826484534,0.365556608,0,1,1,1 
PCG_38,Passenger Cars_Petrol_Large-SUV-Executive_Euro 3,,,,,5,130,0.000182479,-0.016058173,0.813127485,-4.52E-11,-0.002744488,0.533185225,14.59833905,0,1,1,1 
PCG_39,Passenger Cars_Petrol_Large-SUV-Executive_Euro 4,,,,,5,130,3.55E-06,-0.000139315,0.047375268,-9.10E-14,-6.44E-15,7.73E-13,4.014853242,0,1,1,1 
PCG_40,Passenger Cars_Petrol_Large-SUV-Executive_Euro 5,,,,,5,130,3.81E-06,-0.000707365,0.045249198,0.173073521,6.99E-05,-0.047538169,6.212053482,0,1,1,1 
PCG_41,Passenger Cars_Petrol_Large-SUV-Executive_Euro 6 up to 2016,,,,,5,130,3.99E-06,-0.00080448,0.048245967,0.025665557,0.000310577,-0.083680744,6.352914552,0,1,1,1 
PCG_42,Passenger Cars_Petrol_Large-SUV-Executive_Euro 6 2017-2019,,,,,5,130,4.38E-06,-0.000872099,0.05381474,-0.092517798,0.000290535,-0.077103779,5.935114479,0,1,1,1 
PCG_43,Passenger Cars_Petrol_Large-SUV-Executive_Euro 6 2020+,,,,,5,130,4.38E-06,-0.000872099,0.05381474,-0.092517798,0.000290535,-0.077103779,5.935114479,0,1,1,1 
PCD_28,Passenger Cars_Diesel_Mini_Euro 4,,,,,10,130,6.19E-05,-0.003557587,0.192587007,-7.98E-09,0.008830142,-0.149352054,5.550057805,0,1,1,1 
PCD_29,Passenger Cars_Diesel_Mini_Euro 5,,,,,10,130,0.0007444,0.036479728,-0.050834344,0.076315696,1.572752254,0.453976779,0.307541514,0,1,1,1 
PCD_30,Passenger Cars_Diesel_Mini_Euro 6 up to 2016,,,,,10,130,0.0007444,0.036479728,-0.050834344,0.076315696,1.572752254,0.453976779,0.307541514,0,1,1,1 
PCD_31,Passenger Cars_Diesel_Mini_Euro 6 2017-2019,,,,,10,130,0.0007444,0.036479728,-0.050834344,0.076315696,1.572752254,0.453976779,0.307541514,0,1,1,1 
PCD_32,Passenger Cars_Diesel_Mini_Euro 6 2020+,,,,,10,130,0.0007444,0.036479728,-0.050834344,0.076315696,1.572752254,0.453976779,0.307541514,0,1,1,1 
PCD_1,Passenger Cars_Diesel_Small_Conventional,,,,,10,130,1.69E-06,0.009507902,0.598736551,2.699375166,0.001449873,0.10775949,0.585999363,0,1,1,1 
PCD_2,Passenger Cars_Diesel_Small_Euro 1,,,,,10,130,6.44E-05,-0.011263518,0.797312997,-4.85E-10,-0.000106471,0.077331614,5.603740146,0,1,1,1 
PCD_3,Passenger Cars_Diesel_Small_Euro 2,,,,,10,130,1.07E-05,-0.003570973,0.475838295,7.22E-11,-0.000988658,0.220160839,2.951217676,0,1,1,1 
PCD_4,Passenger Cars_Diesel_Small_Euro 3,,,,,10,130,5.57E-06,-0.00068743,0.27872667,1.57E-12,-0.000209117,0.297501548,2.888359271,0,1,1,1 
PCD_5,Passenger Cars_Diesel_Small_Euro 4,,,,,10,130,6.19E-05,-0.003557587,0.192587007,-7.98E-09,0.008830142,-0.149352054,5.550057805,0,1,1,1 
PCD_6,Passenger Cars_Diesel_Small_Euro 5,,,,,10,130,0.0007444,0.036479728,-0.050834344,0.076315696,1.572752254,0.453976779,0.307541514,0,1,1,1 
PCD_7,Passenger Cars_Diesel_Small_Euro 6 up to 2016,,,,,10,130,0.0007444,0.036479728,-0.050834344,0.076315696,1.572752254,0.453976779,0.307541514,0,1,1,1 
PCD_8,Passenger Cars_Diesel_Small_Euro 6 2017-2019,,,,,10,130,0.0007444,0.036479728,-0.050834344,0.076315696,1.572752254,0.453976779,0.307541514,0,1,1,1 
PCD_9,Passenger Cars_Diesel_Small_Euro 6 2020+,,,,,10,130,0.0007444,0.036479728,-0.050834344,0.076315696,1.572752254,0.453976779,0.307541514,0,1,1,1 
PCD_10,Passenger Cars_Diesel_Medium_Conventional,,,,,10,130,1.69E-06,0.009507902,0.598736551,2.699375166,0.001449873,0.10775949,0.585999363,0,1,1,1 
PCD_11,Passenger Cars_Diesel_Medium_Euro 1,,,,,10,130,6.44E-05,-0.011263518,0.797312997,-4.85E-10,-0.000106471,0.077331614,5.603740146,0,1,1,1 
PCD_12,Passenger Cars_Diesel_Medium_Euro 2,,,,,10,130,1.07E-05,-0.003570973,0.475838295,7.22E-11,-0.000988658,0.220160839,2.951217676,0,1,1,1 
PCD_13,Passenger Cars_Diesel_Medium_Euro 3,,,,,10,130,5.57E-06,-0.00068743,0.27872667,1.57E-12,-0.000209117,0.297501548,2.888359271,0,1,1,1 
PCD_14,Passenger Cars_Diesel_Medium_Euro 4,,,,,10,130,6.19E-05,-0.003557587,0.192587007,-7.98E-09,0.008830142,-0.149352054,5.550057805,0,1,1,1 
PCD_15,Passenger Cars_Diesel_Medium_Euro 5,,,,,10,130,0.0007444,0.036479728,-0.050834344,0.076315696,1.572752254,0.453976779,0.307541514,0,1,1,1 
PCD_16,Passenger Cars_Diesel_Medium_Euro 6 up to 2016,,,,,10,130,0.0007444,0.036479728,-0.050834344,0.076315696,1.572752254,0.453976779,0.307541514,0,1,1,1 
PCD_17,Passenger Cars_Diesel_Medium_Euro 6 2017-2019,,,,,10,130,0.0007444,0.036479728,-0.050834344,0.076315696,1.572752254,0.453976779,0.307541514,0,1,1,1 
PCD_18,Passenger Cars_Diesel_Medium_Euro 6 2020+,,,,,10,130,0.0007444,0.036479728,-0.050834344,0.076315696,1.572752254,0.453976779,0.307541514,0,1,1,1 
PCD_19,Passenger Cars_Diesel_Large-SUV-Executive_Conventional,,,,,10,130,1.69E-06,0.009507902,0.598736551,2.699375166,0.001449873,0.10775949,0.585999363,0,1,1,1 
PCD_20,Passenger Cars_Diesel_Large-SUV-Executive_Euro 1,,,,,10,130,3.86E-05,-0.007839334,0.506986086,1.62E-14,-2.10E-17,-3.84E-16,3.186721313,0,1,1,1 
PCD_21,Passenger Cars_Diesel_Large-SUV-Executive_Euro 2,,,,,10,130,-0.001015957,0.306389522,1.99688272,0.535122897,0.043910697,1.464010477,0.406553576,0,1,1,1 
PCD_22,Passenger Cars_Diesel_Large-SUV-Executive_Euro 3,,,,,10,130,2.05E-05,-0.003846785,0.208825461,1.28E-11,-5.88E-15,-3.25E-13,2.289752865,0,1,1,1 
PCD_23,Passenger Cars_Diesel_Large-SUV-Executive_Euro 4,,,,,10,130,6.19E-05,-0.003557587,0.192587007,-7.98E-09,0.008830142,-0.149352054,5.550057805,0,1,1,1 
PCD_24,Passenger Cars_Diesel_Large-SUV-Executive_Euro 5,,,,,10,130,0.0007444,0.036479728,-0.050834344,0.076315696,1.572752254,0.453976779,0.307541514,0,1,1,1 
PCD_25,Passenger Cars_Diesel_Large-SUV-Executive_Euro 6 up to 2016,,,,,10,130,0.0007444,0.036479728,-0.050834344,0.076315696,1.572752254,0.453976779,0.307541514,0,1,1,1 
PCD_26,Passenger Cars_Diesel_Large-SUV-Executive_Euro 6 2017-2019,,,,,10,130,0.0007444,0.036479728,-0.050834344,0.076315696,1.572752254,0.453976779,0.307541514,0,1,1,1 
PCD_27,Passenger Cars_Diesel_Large-SUV-Executive_Euro 6 2020+,,,,,10,130,0.0007444,0.036479728,-0.050834344,0.076315696,1.572752254,0.453976779,0.307541514,0,1,1,1 
PCH_1,Passenger Cars_Petrol Hybrid_Mini_Euro 4,,,,,20,130,1.72E-06,-0.000253918,0.012638735,-8.33E-11,-1.17E-12,1.20E-10,5.718884656,0,1,1,1 
PCH_2,Passenger Cars_Petrol Hybrid_Mini_Euro 5,,,,,20,130,1.72E-06,-0.000253918,0.012638735,-8.33E-11,-1.17E-12,1.20E-10,5.718884656,0,1,1,1 
PCH_3,Passenger Cars_Petrol Hybrid_Mini_Euro 6 up to 2016,,,,,20,130,1.72E-06,-0.000253918,0.012638735,-8.33E-11,-1.17E-12,1.20E-10,5.718884656,0,1,1,1 
PCH_4,Passenger Cars_Petrol Hybrid_Mini_Euro 6 2017-2019,,,,,20,130,1.72E-06,-0.000253918,0.012638735,-8.33E-11,-1.17E-12,1.20E-10,5.718884656,0,1,1,1 
PCH_5,Passenger Cars_Petrol Hybrid_Mini_Euro 6 2020+,,,,,20,130,1.72E-06,-0.000253918,0.012638735,-8.33E-11,-1.17E-12,1.20E-10,5.718884656,0,1,1,1 
PCH_6,Passenger Cars_Petrol Hybrid_Small_Euro 4,,,,,20,130,1.72E-06,-0.000253918,0.012638735,-8.33E-11,-1.17E-12,1.20E-10,5.718884656,0,1,1,1 
PCH_7,Passenger Cars_Petrol Hybrid_Small_Euro 5,,,,,20,130,1.72E-06,-0.000253918,0.012638735,-8.33E-11,-1.17E-12,1.20E-10,5.718884656,0,1,1,1 
PCH_8,Passenger Cars_Petrol Hybrid_Small_Euro 6 up to 2016,,,,,20,130,1.72E-06,-0.000253918,0.012638735,-8.33E-11,-1.17E-12,1.20E-10,5.718884656,0,1,1,1 
PCH_9,Passenger Cars_Petrol Hybrid_Small_Euro 6 2017-2019,,,,,20,130,1.72E-06,-0.000253918,0.012638735,-8.33E-11,-1.17E-12,1.20E-10,5.718884656,0,1,1,1 
PCH_10,Passenger Cars_Petrol Hybrid_Small_Euro 6 2020+,,,,,20,130,1.72E-06,-0.000253918,0.012638735,-8.33E-11,-1.17E-12,1.20E-10,5.718884656,0,1,1,1 
PCH_11,Passenger Cars_Petrol Hybrid_Medium_Euro 4,,,,,20,130,1.72E-06,-0.000253918,0.012638735,-8.33E-11,-1.17E-12,1.20E-10,5.718884656,0,1,1,1 
PCH_12,Passenger Cars_Petrol Hybrid_Medium_Euro 5,,,,,20,130,1.72E-06,-0.000253918,0.012638735,-8.33E-11,-1.17E-12,1.20E-10,5.718884656,0,1,1,1 
PCH_13,Passenger Cars_Petrol Hybrid_Medium_Euro 6 up to 2016,,,,,20,130,1.72E-06,-0.000253918,0.012638735,-8.33E-11,-1.17E-12,1.20E-10,5.718884656,0,1,1,1 
PCH_14,Passenger Cars_Petrol Hybrid_Medium_Euro 6 2017-2019,,,,,20,130,1.72E-06,-0.000253918,0.012638735,-8.33E-11,-1.17E-12,1.20E-10,5.718884656,0,1,1,1 
PCH_15,Passenger Cars_Petrol Hybrid_Medium_Euro 6 2020+,,,,,20,130,1.72E-06,-0.000253918,0.012638735,-8.33E-11,-1.17E-12,1.20E-10,5.718884656,0,1,1,1 
PCH_16,Passenger Cars_Petrol Hybrid_Large-SUV-Executive_Euro 4,,,,,20,130,1.72E-06,-0.000253918,0.012638735,-8.33E-11,-1.17E-12,1.20E-10,5.718884656,0,1,1,1 
PCH_17,Passenger Cars_Petrol Hybrid_Large-SUV-Executive_Euro 5,,,,,20,130,1.72E-06,-0.000253918,0.012638735,-8.33E-11,-1.17E-12,1.20E-10,5.718884656,0,1,1,1 
PCH_18,Passenger Cars_Petrol Hybrid_Large-SUV-Executive_Euro 6 up to 2016,,,,,20,130,1.72E-06,-0.000253918,0.012638735,-8.33E-11,-1.17E-12,1.20E-10,5.718884656,0,1,1,1 
PCH_19,Passenger Cars_Petrol Hybrid_Large-SUV-Executive_Euro 6 2017-2019,,,,,20,130,1.72E-06,-0.000253918,0.012638735,-8.33E-11,-1.17E-12,1.20E-10,5.718884656,0,1,1,1 
PCH_20,Passenger Cars_Petrol Hybrid_Large-SUV-Executive_Euro 6 2020+,,,,,20,130,1.72E-06,-0.000253918,0.012638735,-8.33E-11,-1.17E-12,1.20E-10,5.718884656,0,1,1,1 
PCLPG_1,Passenger Cars_LPG Bifuel ~ LPG_Mini_Euro 4,,,,,5,130,3.55E-06,-0.000139315,0.047375268,-9.10E-14,-6.44E-15,7.73E-13,4.014853242,0,1,1,1 
PCB_1,Passenger Cars_LPG Bifuel ~ Petrol_Mini_Euro 4,,,,,5,130,3.55E-06,-0.000139315,0.047375268,-9.10E-14,-6.44E-15,7.73E-13,4.014853242,0,1,1,1 
PCLPG_2,Passenger Cars_LPG Bifuel ~ LPG_Mini_Euro 5,,,,,5,130,3.55E-06,-0.000139315,0.047375268,-9.10E-14,-6.44E-15,7.73E-13,4.014853242,0,1,1,1 
PCB_2,Passenger Cars_LPG Bifuel ~ Petrol_Mini_Euro 5,,,,,5,130,3.81E-06,-0.000707365,0.045249198,0.173073521,6.99E-05,-0.047538169,6.212053482,0,1,1,1 
PCLPG_3,Passenger Cars_LPG Bifuel ~ LPG_Mini_Euro 6,,,,,5,130,3.55E-06,-0.000139315,0.047375268,-9.10E-14,-6.44E-15,7.73E-13,4.014853242,0,1,1,1 
PCB_3,Passenger Cars_LPG Bifuel ~ Petrol_Mini_Euro 6,,,,,5,130,3.99E-06,-0.00080448,0.048245967,0.025665557,0.000310577,-0.083680744,6.352914552,0,1,1,1 
PCLPG_4,Passenger Cars_LPG Bifuel ~ LPG_Small_Conventional,,,,,10,130,5.41E-06,0.013910994,0.793131564,3.202162128,0.00024927,0.020214278,0.122061138,0,1,1,1 
PCB_4,Passenger Cars_LPG Bifuel ~ Petrol_Small_Conventional,,,,,10,130,0.000445404,-0.073596067,3.801593532,4.37E-13,-2.68E-17,3.75E-16,1.73985974,0,1,1,1 
PCLPG_5,Passenger Cars_LPG Bifuel ~ LPG_Small_Euro 1,,,,,10,130,0.000257036,-0.042668051,1.910037888,3.46E-11,-7.82E-16,-8.45E-14,2.570364537,0,1,1,1 
PCB_5,Passenger Cars_LPG Bifuel ~ Petrol_Small_Euro 1,,,,,5,130,8.25E-18,-0.009250329,1.843756507,1.89E-13,-0.001735291,0.243068135,1.366370657,0,1,1,1 
PCLPG_6,Passenger Cars_LPG Bifuel ~ LPG_Small_Euro 2,,,,,10,130,0.000526566,-0.087409941,3.912911257,-1.20E-10,-1.79E-14,2.61E-12,21.94024614,0,1,1,1 
PCB_6,Passenger Cars_LPG Bifuel ~ Petrol_Small_Euro 2,,,,,5,130,2.72E-12,-0.007244862,2.047845392,0.90470352,-0.005129504,0.826484534,0.365556608,0,1,1,1 
PCLPG_7,Passenger Cars_LPG Bifuel ~ LPG_Small_Euro 3,,,,,5,130,0.000182479,-0.016058173,0.813127485,-4.52E-11,-0.002744488,0.533185225,14.59833905,0,1,1,1 
PCB_7,Passenger Cars_LPG Bifuel ~ Petrol_Small_Euro 3,,,,,5,130,0.000182479,-0.016058173,0.813127485,-4.52E-11,-0.002744488,0.533185225,14.59833905,0,1,1,1 
PCLPG_8,Passenger Cars_LPG Bifuel ~ LPG_Small_Euro 4,,,,,5,130,3.55E-06,-0.000139315,0.047375268,-9.10E-14,-6.44E-15,7.73E-13,4.014853242,0,1,1,1 
PCB_8,Passenger Cars_LPG Bifuel ~ Petrol_Small_Euro 4,,,,,5,130,3.55E-06,-0.000139315,0.047375268,-9.10E-14,-6.44E-15,7.73E-13,4.014853242,0,1,1,1 
PCLPG_9,Passenger Cars_LPG Bifuel ~ LPG_Small_Euro 5,,,,,5,130,3.55E-06,-0.000139315,0.047375268,-9.10E-14,-6.44E-15,7.73E-13,4.014853242,0,1,1,1 
PCB_9,Passenger Cars_LPG Bifuel ~ Petrol_Small_Euro 5,,,,,5,130,3.81E-06,-0.000707365,0.045249198,0.173073521,6.99E-05,-0.047538169,6.212053482,0,1,1,1 
PCLPG_10,Passenger Cars_LPG Bifuel ~ LPG_Small_Euro 6,,,,,5,130,3.55E-06,-0.000139315,0.047375268,-9.10E-14,-6.44E-15,7.73E-13,4.014853242,0,1,1,1 
PCB_10,Passenger Cars_LPG Bifuel ~ Petrol_Small_Euro 6,,,,,5,130,3.99E-06,-0.00080448,0.048245967,0.025665557,0.000310577,-0.083680744,6.352914552,0,1,1,1 
PCLPG_11,Passenger Cars_LPG Bifuel ~ LPG_Medium_Conventional,,,,,10,130,5.41E-06,0.013910994,0.793131564,3.202162128,0.00024927,0.020214278,0.122061138,0,1,1,1 
PCB_11,Passenger Cars_LPG Bifuel ~ Petrol_Medium_Conventional,,,,,10,130,0.00020716,-0.033480461,1.690763257,3.09E-13,-2.91E-17,6.82E-17,2.092528783,0,1,1,1 
PCLPG_12,Passenger Cars_LPG Bifuel ~ LPG_Medium_Euro 1,,,,,10,130,0.000257036,-0.042668051,1.910037888,3.46E-11,-7.82E-16,-8.45E-14,2.570364537,0,1,1,1 
PCB_12,Passenger Cars_LPG Bifuel ~ Petrol_Medium_Euro 1,,,,,5,130,8.25E-18,-0.009250329,1.843756507,1.89E-13,-0.001735291,0.243068135,1.366370657,0,1,1,1 
PCLPG_13,Passenger Cars_LPG Bifuel ~ LPG_Medium_Euro 2,,,,,10,130,0.000526566,-0.087409941,3.912911257,-1.20E-10,-1.79E-14,2.61E-12,21.94024614,0,1,1,1 
PCB_13,Passenger Cars_LPG Bifuel ~ Petrol_Medium_Euro 2,,,,,5,130,2.72E-12,-0.007244862,2.047845392,0.90470352,-0.005129504,0.826484534,0.365556608,0,1,1,1 
PCLPG_14,Passenger Cars_LPG Bifuel ~ LPG_Medium_Euro 3,,,,,5,130,0.000182479,-0.016058173,0.813127485,-4.52E-11,-0.002744488,0.533185225,14.59833905,0,1,1,1 
PCB_14,Passenger Cars_LPG Bifuel ~ Petrol_Medium_Euro 3,,,,,5,130,0.000182479,-0.016058173,0.813127485,-4.52E-11,-0.002744488,0.533185225,14.59833905,0,1,1,1 
PCLPG_15,Passenger Cars_LPG Bifuel ~ LPG_Medium_Euro 4,,,,,5,130,3.55E-06,-0.000139315,0.047375268,-9.10E-14,-6.44E-15,7.73E-13,4.014853242,0,1,1,1 
PCB_15,Passenger Cars_LPG Bifuel ~ Petrol_Medium_Euro 4,,,,,5,130,3.55E-06,-0.000139315,0.047375268,-9.10E-14,-6.44E-15,7.73E-13,4.014853242,0,1,1,1 
PCLPG_16,Passenger Cars_LPG Bifuel ~ LPG_Medium_Euro 5,,,,,5,130,3.55E-06,-0.000139315,0.047375268,-9.10E-14,-6.44E-15,7.73E-13,4.014853242,0,1,1,1 
PCB_16,Passenger Cars_LPG Bifuel ~ Petrol_Medium_Euro 5,,,,,5,130,3.81E-06,-0.000707365,0.045249198,0.173073521,6.99E-05,-0.047538169,6.212053482,0,1,1,1 
PCLPG_17,Passenger Cars_LPG Bifuel ~ LPG_Medium_Euro 6,,,,,5,130,3.55E-06,-0.000139315,0.047375268,-9.10E-14,-6.44E-15,7.73E-13,4.014853242,0,1,1,1 
PCB_17,Passenger Cars_LPG Bifuel ~ Petrol_Medium_Euro 6,,,,,5,130,3.99E-06,-0.00080448,0.048245967,0.025665557,0.000310577,-0.083680744,6.352914552,0,1,1,1 
PCLPG_18,Passenger Cars_LPG Bifuel ~ LPG_Large-SUV-Executive_Conventional,,,,,10,130,5.41E-06,0.013910994,0.793131564,3.202162128,0.00024927,0.020214278,0.122061138,0,1,1,1 
PCB_18,Passenger Cars_LPG Bifuel ~ Petrol_Large-SUV-Executive_Conventional,,,,,10,130,9.98E-06,-0.001670927,0.067180129,2.790024307,6.69E-06,-0.001232134,0.09633248,0,1,1,1 
PCLPG_19,Passenger Cars_LPG Bifuel ~ LPG_Large-SUV-Executive_Euro 1,,,,,10,130,0.000257036,-0.042668051,1.910037888,3.46E-11,-7.82E-16,-8.45E-14,2.570364537,0,1,1,1 
PCB_19,Passenger Cars_LPG Bifuel ~ Petrol_Large-SUV-Executive_Euro 1,,,,,5,130,8.25E-18,-0.009250329,1.843756507,1.89E-13,-0.001735291,0.243068135,1.366370657,0,1,1,1 
PCLPG_20,Passenger Cars_LPG Bifuel ~ LPG_Large-SUV-Executive_Euro 2,,,,,10,130,0.000526566,-0.087409941,3.912911257,-1.20E-10,-1.79E-14,2.61E-12,21.94024614,0,1,1,1 
PCB_20,Passenger Cars_LPG Bifuel ~ Petrol_Large-SUV-Executive_Euro 2,,,,,5,130,2.72E-12,-0.007244862,2.047845392,0.90470352,-0.005129504,0.826484534,0.365556608,0,1,1,1 
PCLPG_21,Passenger Cars_LPG Bifuel ~ LPG_Large-SUV-Executive_Euro 3,,,,,5,130,0.000182479,-0.016058173,0.813127485,-4.52E-11,-0.002744488,0.533185225,14.59833905,0,1,1,1 
PCB_21,Passenger Cars_LPG Bifuel ~ Petrol_Large-SUV-Executive_Euro 3,,,,,5,130,0.000182479,-0.016058173,0.813127485,-4.52E-11,-0.002744488,0.533185225,14.59833905,0,1,1,1 
PCLPG_22,Passenger Cars_LPG Bifuel ~ LPG_Large-SUV-Executive_Euro 4,,,,,5,130,3.55E-06,-0.000139315,0.047375268,-9.10E-14,-6.44E-15,7.73E-13,4.014853242,0,1,1,1 
PCB_22,Passenger Cars_LPG Bifuel ~ Petrol_Large-SUV-Executive_Euro 4,,,,,5,130,3.55E-06,-0.000139315,0.047375268,-9.10E-14,-6.44E-15,7.73E-13,4.014853242,0,1,1,1 
PCLPG_23,Passenger Cars_LPG Bifuel ~ LPG_Large-SUV-Executive_Euro 5,,,,,5,130,3.55E-06,-0.000139315,0.047375268,-9.10E-14,-6.44E-15,7.73E-13,4.014853242,0,1,1,1 
PCB_23,Passenger Cars_LPG Bifuel ~ Petrol_Large-SUV-Executive_Euro 5,,,,,5,130,3.81E-06,-0.000707365,0.045249198,0.173073521,6.99E-05,-0.047538169,6.212053482,0,1,1,1 
PCLPG_24,Passenger Cars_LPG Bifuel ~ LPG_Large-SUV-Executive_Euro 6,,,,,5,130,3.55E-06,-0.000139315,0.047375268,-9.10E-14,-6.44E-15,7.73E-13,4.014853242,0,1,1,1 
PCB_24,Passenger Cars_LPG Bifuel ~ Petrol_Large-SUV-Executive_Euro 6,,,,,5,130,3.99E-06,-0.00080448,0.048245967,0.025665557,0.000310577,-0.083680744,6.352914552,0,1,1,1 
PCCNG_1,Passenger Cars_CNG Bifuel ~ CNG_Mini_Euro 4,,,,,5,130,2.37E-05,-0.000930499,0.316423384,-1.46E-12,-8.59E-15,1.38E-12,6.604813061,0,1,1,1 
PCB_25,Passenger Cars_CNG Bifuel ~ Petrol_Mini_Euro 4,,,,,5,130,3.55E-06,-0.000139315,0.047375268,-9.10E-14,-6.44E-15,7.73E-13,4.014853242,0,1,1,1 
PCCNG_2,Passenger Cars_CNG Bifuel ~ CNG_Mini_Euro 5,,,,,5,130,2.37E-05,-0.000930499,0.316423384,-1.46E-12,-8.59E-15,1.38E-12,6.604813061,0,1,1,1 
PCB_26,Passenger Cars_CNG Bifuel ~ Petrol_Mini_Euro 5,,,,,5,130,3.81E-06,-0.000707365,0.045249198,0.173073521,6.99E-05,-0.047538169,6.212053482,0,1,1,1 
PCCNG_3,Passenger Cars_CNG Bifuel ~ CNG_Mini_Euro 6,,,,,5,130,2.37E-05,-0.000930499,0.316423384,-1.46E-12,-8.59E-15,1.38E-12,6.604813061,0,1,1,1 
PCB_27,Passenger Cars_CNG Bifuel ~ Petrol_Mini_Euro 6,,,,,5,130,3.99E-06,-0.00080448,0.048245967,0.025665557,0.000310577,-0.083680744,6.352914552,0,1,1,1 
PCCNG_4,Passenger Cars_CNG Bifuel ~ CNG_Small_Euro 4,,,,,5,130,2.37E-05,-0.000930499,0.316423384,-1.46E-12,-8.59E-15,1.38E-12,6.604813061,0,1,1,1 
PCB_28,Passenger Cars_CNG Bifuel ~ Petrol_Small_Euro 4,,,,,5,130,3.55E-06,-0.000139315,0.047375268,-9.10E-14,-6.44E-15,7.73E-13,4.014853242,0,1,1,1 
PCCNG_5,Passenger Cars_CNG Bifuel ~ CNG_Small_Euro 5,,,,,5,130,2.37E-05,-0.000930499,0.316423384,-1.46E-12,-8.59E-15,1.38E-12,6.604813061,0,1,1,1 
PCB_29,Passenger Cars_CNG Bifuel ~ Petrol_Small_Euro 5,,,,,5,130,3.81E-06,-0.000707365,0.045249198,0.173073521,6.99E-05,-0.047538169,6.212053482,0,1,1,1 
PCCNG_6,Passenger Cars_CNG Bifuel ~ CNG_Small_Euro 6,,,,,5,130,2.37E-05,-0.000930499,0.316423384,-1.46E-12,-8.59E-15,1.38E-12,6.604813061,0,1,1,1 
PCB_30,Passenger Cars_CNG Bifuel ~ Petrol_Small_Euro 6,,,,,5,130,3.99E-06,-0.00080448,0.048245967,0.025665557,0.000310577,-0.083680744,6.352914552,0,1,1,1 
PCCNG_7,Passenger Cars_CNG Bifuel ~ CNG_Medium_Euro 4,,,,,5,130,2.37E-05,-0.000930499,0.316423384,-1.46E-12,-8.59E-15,1.38E-12,6.604813061,0,1,1,1 
PCB_31,Passenger Cars_CNG Bifuel ~ Petrol_Medium_Euro 4,,,,,5,130,3.55E-06,-0.000139315,0.047375268,-9.10E-14,-6.44E-15,7.73E-13,4.014853242,0,1,1,1 
PCCNG_8,Passenger Cars_CNG Bifuel ~ CNG_Medium_Euro 5,,,,,5,130,2.37E-05,-0.000930499,0.316423384,-1.46E-12,-8.59E-15,1.38E-12,6.604813061,0,1,1,1 
PCB_32,Passenger Cars_CNG Bifuel ~ Petrol_Medium_Euro 5,,,,,5,130,3.81E-06,-0.000707365,0.045249198,0.173073521,6.99E-05,-0.047538169,6.212053482,0,1,1,1 
PCCNG_9,Passenger Cars_CNG Bifuel ~ CNG_Medium_Euro 6,,,,,5,130,2.37E-05,-0.000930499,0.316423384,-1.46E-12,-8.59E-15,1.38E-12,6.604813061,0,1,1,1 
PCB_33,Passenger Cars_CNG Bifuel ~ Petrol_Medium_Euro 6,,,,,5,130,3.99E-06,-0.00080448,0.048245967,0.025665557,0.000310577,-0.083680744,6.352914552,0,1,1,1 
PCCNG_10,Passenger Cars_CNG Bifuel ~ CNG_Large-SUV-Executive_Euro 4,,,,,5,130,2.37E-05,-0.000930499,0.316423384,-1.46E-12,-8.59E-15,1.38E-12,6.604813061,0,1,1,1 
PCB_34,Passenger Cars_CNG Bifuel ~ Petrol_Large-SUV-Executive_Euro 4,,,,,5,130,3.55E-06,-0.000139315,0.047375268,-9.10E-14,-6.44E-15,7.73E-13,4.014853242,0,1,1,1 
PCCNG_11,Passenger Cars_CNG Bifuel ~ CNG_Large-SUV-Executive_Euro 5,,,,,5,130,2.37E-05,-0.000930499,0.316423384,-1.46E-12,-8.59E-15,1.38E-12,6.604813061,0,1,1,1 
PCB_35,Passenger Cars_CNG Bifuel ~ Petrol_Large-SUV-Executive_Euro 5,,,,,5,130,3.81E-06,-0.000707365,0.045249198,0.173073521,6.99E-05,-0.047538169,6.212053482,0,1,1,1 
PCCNG_12,Passenger Cars_CNG Bifuel ~ CNG_Large-SUV-Executive_Euro 6,,,,,5,130,2.37E-05,-0.000930499,0.316423384,-1.46E-12,-8.59E-15,1.38E-12,6.604813061,0,1,1,1 
PCB_36,Passenger Cars_CNG Bifuel ~ Petrol_Large-SUV-Executive_Euro 6,,,,,5,130,3.99E-06,-0.00080448,0.048245967,0.025665557,0.000310577,-0.083680744,6.352914552,0,1,1,1 
LDVG_1,Light Commercial Vehicles_Petrol_N1-I_Conventional,,,,,10,110,0.000405082,-0.070006757,3.274999842,1.01E-11,-9.51E-16,1.68E-14,0.598348347,0,1,1,1 
LDVG_2,Light Commercial Vehicles_Petrol_N1-I_Euro 1,,,,,10,120,0.000132399,-0.024024643,1.253319971,7.35E-11,-1.32E-15,-5.07E-13,2.294617303,0,1,1,1 
LDVG_3,Light Commercial Vehicles_Petrol_N1-I_Euro 2,,,,,10,120,3.67E-05,-0.006650471,0.346942412,3.00E-15,-2.48E-18,-4.02E-17,2.646637462,0,1,1,1 
LDVG_4,Light Commercial Vehicles_Petrol_N1-I_Euro 3,,,,,10,120,3.18E-05,-0.005767965,0.300903769,5.86E-13,-7.15E-16,-1.43E-14,3.935028621,0,1,1,1 
LDVG_5,Light Commercial Vehicles_Petrol_N1-I_Euro 4,,,,,10,120,9.09E-06,-0.001650053,0.086080153,7.37E-15,-1.48E-18,-8.94E-16,2.626637156,0,1,1,1 
LDVG_6,Light Commercial Vehicles_Petrol_N1-I_Euro 5,,,,,5,140,3.44E-06,-0.000635925,0.032701135,0.368155912,0.000356026,-0.095920668,6.825842618,0,1,1,1 
LDVG_7,Light Commercial Vehicles_Petrol_N1-I_Euro 6 up to 2016,,,,,5,140,3.44E-06,-0.000635925,0.032701135,0.368155912,0.000356026,-0.095920668,6.825842618,0,1,1,1 
LDVG_8,Light Commercial Vehicles_Petrol_N1-I_Euro 6 2017-2019,,,,,5,140,3.44E-06,-0.000635925,0.032701135,0.368155912,0.000356026,-0.095920668,6.825842618,0,1,1,1 
LDVG_9,Light Commercial Vehicles_Petrol_N1-I_Euro 6 2020+,,,,,5,140,3.44E-06,-0.000635925,0.032701135,0.368155912,0.000356026,-0.095920668,6.825842618,0,1,1,1 
LDVG_10,Light Commercial Vehicles_Petrol_N1-II_Conventional,,,,,10,110,0.000405082,-0.070006757,3.274999842,1.01E-11,-9.51E-16,1.68E-14,0.598348347,0,1,1,1 
LDVG_11,Light Commercial Vehicles_Petrol_N1-II_Euro 1,,,,,10,120,0.000132399,-0.024024643,1.253319971,7.35E-11,-1.32E-15,-5.07E-13,2.294617303,0,1,1,1 
LDVG_12,Light Commercial Vehicles_Petrol_N1-II_Euro 2,,,,,10,120,3.67E-05,-0.006650471,0.346942412,3.00E-15,-2.48E-18,-4.02E-17,2.646637462,0,1,1,1 
LDVG_13,Light Commercial Vehicles_Petrol_N1-II_Euro 3,,,,,10,120,3.18E-05,-0.005767965,0.300903769,5.86E-13,-7.15E-16,-1.43E-14,3.935028621,0,1,1,1 
LDVG_14,Light Commercial Vehicles_Petrol_N1-II_Euro 4,,,,,10,120,9.09E-06,-0.001650053,0.086080153,7.37E-15,-1.48E-18,-8.94E-16,2.626637156,0,1,1,1 
LDVG_15,Light Commercial Vehicles_Petrol_N1-II_Euro 5,,,,,5,140,3.44E-06,-0.000635925,0.032701135,0.368155912,0.000356026,-0.095920668,6.825842618,0,1,1,1 
LDVG_16,Light Commercial Vehicles_Petrol_N1-II_Euro 6 up to 2017,,,,,5,140,3.44E-06,-0.000635925,0.032701135,0.368155912,0.000356026,-0.095920668,6.825842618,0,1,1,1 
LDVG_17,Light Commercial Vehicles_Petrol_N1-II_Euro 6 2018-2020,,,,,5,140,3.44E-06,-0.000635925,0.032701135,0.368155912,0.000356026,-0.095920668,6.825842618,0,1,1,1 
LDVG_18,Light Commercial Vehicles_Petrol_N1-II_Euro 6 2021+,,,,,5,140,3.44E-06,-0.000635925,0.032701135,0.368155912,0.000356026,-0.095920668,6.825842618,0,1,1,1 
LDVG_19,Light Commercial Vehicles_Petrol_N1-III_Conventional,,,,,10,110,0.000405082,-0.070006757,3.274999842,1.01E-11,-9.51E-16,1.68E-14,0.598348347,0,1,1,1 
LDVG_20,Light Commercial Vehicles_Petrol_N1-III_Euro 1,,,,,10,120,0.000132399,-0.024024643,1.253319971,7.35E-11,-1.32E-15,-5.07E-13,2.294617303,0,1,1,1 
LDVG_21,Light Commercial Vehicles_Petrol_N1-III_Euro 2,,,,,10,120,3.67E-05,-0.006650471,0.346942412,3.00E-15,-2.48E-18,-4.02E-17,2.646637462,0,1,1,1 
LDVG_22,Light Commercial Vehicles_Petrol_N1-III_Euro 3,,,,,10,120,3.18E-05,-0.005767965,0.300903769,5.86E-13,-7.15E-16,-1.43E-14,3.935028621,0,1,1,1 
LDVG_23,Light Commercial Vehicles_Petrol_N1-III_Euro 4,,,,,10,120,9.09E-06,-0.001650053,0.086080153,7.37E-15,-1.48E-18,-8.94E-16,2.626637156,0,1,1,1 
LDVG_24,Light Commercial Vehicles_Petrol_N1-III_Euro 5,,,,,5,140,3.44E-06,-0.000635925,0.032701135,0.368155912,0.000356026,-0.095920668,6.825842618,0,1,1,1 
LDVG_25,Light Commercial Vehicles_Petrol_N1-III_Euro 6 up to 2017,,,,,5,140,3.44E-06,-0.000635925,0.032701135,0.368155912,0.000356026,-0.095920668,6.825842618,0,1,1,1 
LDVG_26,Light Commercial Vehicles_Petrol_N1-III_Euro 6 2018-2020,,,,,5,140,3.44E-06,-0.000635925,0.032701135,0.368155912,0.000356026,-0.095920668,6.825842618,0,1,1,1 
LDVG_27,Light Commercial Vehicles_Petrol_N1-III_Euro 6 2021+,,,,,5,140,3.44E-06,-0.000635925,0.032701135,0.368155912,0.000356026,-0.095920668,6.825842618,0,1,1,1 
LDVD_1,Light Commercial Vehicles_Diesel_N1-I_Conventional,,,,,10,110,4.94E-05,-0.008019076,0.610466264,1.91E-10,3.09E-14,-8.01E-12,2.823618241,0,1,1,1 
LDVD_2,Light Commercial Vehicles_Diesel_N1-I_Euro 1,,,,,10,110,4.94E-05,-0.008019076,0.610466264,1.91E-10,3.09E-14,-8.01E-12,2.823618241,0,1,1,1 
LDVD_3,Light Commercial Vehicles_Diesel_N1-I_Euro 2,,,,,10,110,4.94E-05,-0.008019076,0.610466264,1.91E-10,3.09E-14,-8.01E-12,2.823618241,0,1,1,1 
LDVD_4,Light Commercial Vehicles_Diesel_N1-I_Euro 3,,,,,10,110,4.87E-05,-0.007897127,0.601182706,-7.52E-13,-7.40E-16,4.17E-14,4.48496543,0,1,1,1 
LDVD_5,Light Commercial Vehicles_Diesel_N1-I_Euro 4,,,,,10,110,8.38E-05,-0.013593948,1.03486323,-5.38E-11,-8.29E-14,9.11E-12,20.81131059,0,1,1,1 
LDVD_6,Light Commercial Vehicles_Diesel_N1-I_Euro 5,,,,,5,110,0.000160358,0.005751844,-0.002938595,-0.001077396,1.54978133,0.572794584,0.328755696,0,1,1,1 
LDVD_7,Light Commercial Vehicles_Diesel_N1-I_Euro 6 up to 2016,,,,,5,110,0.000160358,0.005751844,-0.002938595,-0.001077396,1.54978133,0.572794584,0.328755696,0,1,1,1 
LDVD_8,Light Commercial Vehicles_Diesel_N1-I_Euro 6 2017-2019,,,,,5,110,0.000160358,0.005751844,-0.002938595,-0.001077396,1.54978133,0.572794584,0.328755696,0,1,1,1 
LDVD_9,Light Commercial Vehicles_Diesel_N1-I_Euro 6 2020+,,,,,5,110,0.000160358,0.005751844,-0.002938595,-0.001077396,1.54978133,0.572794584,0.328755696,0,1,1,1 
LDVD_10,Light Commercial Vehicles_Diesel_N1-II_Conventional,,,,,10,110,4.94E-05,-0.008019076,0.610466264,1.91E-10,3.09E-14,-8.01E-12,2.823618241,0,1,1,1 
LDVD_11,Light Commercial Vehicles_Diesel_N1-II_Euro 1,,,,,10,110,4.94E-05,-0.008019076,0.610466264,1.91E-10,3.09E-14,-8.01E-12,2.823618241,0,1,1,1 
LDVD_12,Light Commercial Vehicles_Diesel_N1-II_Euro 2,,,,,10,110,4.94E-05,-0.008019076,0.610466264,1.91E-10,3.09E-14,-8.01E-12,2.823618241,0,1,1,1 
LDVD_13,Light Commercial Vehicles_Diesel_N1-II_Euro 3,,,,,10,110,4.87E-05,-0.007897127,0.601182706,-7.52E-13,-7.40E-16,4.17E-14,4.48496543,0,1,1,1 
LDVD_14,Light Commercial Vehicles_Diesel_N1-II_Euro 4,,,,,10,110,8.38E-05,-0.013593948,1.03486323,-5.38E-11,-8.29E-14,9.11E-12,20.81131059,0,1,1,1 
LDVD_15,Light Commercial Vehicles_Diesel_N1-II_Euro 5,,,,,5,110,0.000160358,0.005751844,-0.002938595,-0.001077396,1.54978133,0.572794584,0.328755696,0,1,1,1 
LDVD_16,Light Commercial Vehicles_Diesel_N1-II_Euro 6 up to 2017,,,,,5,110,0.000160358,0.005751844,-0.002938595,-0.001077396,1.54978133,0.572794584,0.328755696,0,1,1,1 
LDVD_17,Light Commercial Vehicles_Diesel_N1-II_Euro 6 2018-2020,,,,,5,110,0.000160358,0.005751844,-0.002938595,-0.001077396,1.54978133,0.572794584,0.328755696,0,1,1,1 
LDVD_18,Light Commercial Vehicles_Diesel_N1-II_Euro 6 2021+,,,,,5,110,0.000160358,0.005751844,-0.002938595,-0.001077396,1.54978133,0.572794584,0.328755696,0,1,1,1 
LDVD_19,Light Commercial Vehicles_Diesel_N1-III_Conventional,,,,,10,110,4.94E-05,-0.008019076,0.610466264,1.91E-10,3.09E-14,-8.01E-12,2.823618241,0,1,1,1 
LDVD_20,Light Commercial Vehicles_Diesel_N1-III_Euro 1,,,,,10,110,4.94E-05,-0.008019076,0.610466264,1.91E-10,3.09E-14,-8.01E-12,2.823618241,0,1,1,1 
LDVD_21,Light Commercial Vehicles_Diesel_N1-III_Euro 2,,,,,10,110,4.94E-05,-0.008019076,0.610466264,1.91E-10,3.09E-14,-8.01E-12,2.823618241,0,1,1,1 
LDVD_22,Light Commercial Vehicles_Diesel_N1-III_Euro 3,,,,,10,110,4.87E-05,-0.007897127,0.601182706,-7.52E-13,-7.40E-16,4.17E-14,4.48496543,0,1,1,1 
LDVD_23,Light Commercial Vehicles_Diesel_N1-III_Euro 4,,,,,10,110,8.38E-05,-0.013593948,1.03486323,-5.38E-11,-8.29E-14,9.11E-12,20.81131059,0,1,1,1 
LDVD_24,Light Commercial Vehicles_Diesel_N1-III_Euro 5,,,,,5,110,0.000160358,0.005751844,-0.002938595,-0.001077396,1.54978133,0.572794584,0.328755696,0,1,1,1 
LDVD_25,Light Commercial Vehicles_Diesel_N1-III_Euro 6 up to 2017,,,,,5,110,0.000160358,0.005751844,-0.002938595,-0.001077396,1.54978133,0.572794584,0.328755696,0,1,1,1 
LDVD_26,Light Commercial Vehicles_Diesel_N1-III_Euro 6 2018-2020,,,,,5,110,0.000160358,0.005751844,-0.002938595,-0.001077396,1.54978133,0.572794584,0.328755696,0,1,1,1 
LDVD_27,Light Commercial Vehicles_Diesel_N1-III_Euro 6 2021+,,,,,5,110,0.000160358,0.005751844,-0.002938595,-0.001077396,1.54978133,0.572794584,0.328755696,0,1,1,1 
HDVG_1,Heavy Duty Trucks_Petrol_>3.5 t_Conventional,,,-0.06,0,12,86,7.83E-05,-0.00973165,1.009987134,3.043039606,6.46E-05,0.006205581,0.079401159,0,1,1,1 
HDVG_1,Heavy Duty Trucks_Petrol_>3.5 t_Conventional,,,-0.06,0.5,12,86,5.92E-05,-0.015646248,1.956266913,1.904148575,7.69E-05,0.015216939,0.088691986,0,1,1,1 
HDVG_1,Heavy Duty Trucks_Petrol_>3.5 t_Conventional,,,-0.06,1,12,86,5.85E-05,-0.017987584,2.296308914,1.897738073,8.90E-05,0.018928188,0.095463862,0,1,1,1 
HDVG_1,Heavy Duty Trucks_Petrol_>3.5 t_Conventional,,,-0.04,0,12,86,0.000913434,-0.032252485,1.559219086,10.3484736,0.000408871,-0.002742848,0.244428675,0,1,1,1 
HDVG_1,Heavy Duty Trucks_Petrol_>3.5 t_Conventional,,,-0.04,0.5,12,86,0.000308289,-0.017998558,1.353833366,5.360649512,0.000177479,0.003519493,0.1427491,0,1,1,1 
HDVG_1,Heavy Duty Trucks_Petrol_>3.5 t_Conventional,,,-0.04,1,12,86,7.69E-05,-0.011528295,1.312492304,4.11125964,5.30E-05,0.008068839,0.09749427,0,1,1,1 
HDVG_1,Heavy Duty Trucks_Petrol_>3.5 t_Conventional,,,-0.02,0,12,86,-6.63E-06,-0.002199236,0.352302896,6.488073439,-1.57E-05,0.001452182,0.081003574,0,1,1,1 
HDVG_1,Heavy Duty Trucks_Petrol_>3.5 t_Conventional,,,-0.02,0.5,12,86,0.000557255,0.327455006,3.718891945,-14.04344473,0.00168108,0.066859689,-0.308748509,0,1,1,1 
HDVG_1,Heavy Duty Trucks_Petrol_>3.5 t_Conventional,,,-0.02,1,12,86,5.11E-05,0.023821031,5.143517551,0.915078886,-0.000102196,0.052975428,0.009105557,0,1,1,1 
HDVG_1,Heavy Duty Trucks_Petrol_>3.5 t_Conventional,,,0,0,12,86,-0.001399379,0.369254675,-0.046466269,-13.51912428,0.001271527,0.030002489,-0.229724803,0,1,1,1 
HDVG_1,Heavy Duty Trucks_Petrol_>3.5 t_Conventional,,,0,0.5,12,86,-0.001331841,0.38968479,2.820933181,-8.489793015,0.001484843,0.045675834,-0.079051773,0,1,1,1 
HDVG_1,Heavy Duty Trucks_Petrol_>3.5 t_Conventional,,,0,1,12,86,-0.00039348,0.155504009,4.117060537,7.116294214,0.000651068,0.035463213,0.166786094,0,1,1,1 
HDVG_1,Heavy Duty Trucks_Petrol_>3.5 t_Conventional,,,0.02,0,12,86,-0.001265821,0.37180171,2.482409763,-9.497617675,0.001410105,0.039635974,-0.095073453,0,1,1,1 
HDVG_1,Heavy Duty Trucks_Petrol_>3.5 t_Conventional,,,0.02,0.5,12,84,-0.000479815,0.186146858,4.812499615,8.109975076,0.000755911,0.039699634,0.17908057,0,1,1,1 
HDVG_1,Heavy Duty Trucks_Petrol_>3.5 t_Conventional,,,0.02,1,12,82,-0.001027276,0.341684033,5.73524445,2.658357522,0.001479936,0.056582989,0.119058396,0,1,1,1 
HDVG_1,Heavy Duty Trucks_Petrol_>3.5 t_Conventional,,,0.04,0,12,83,-0.000786981,0.202202338,-0.555627692,-10.35843823,0.00077704,0.01061692,-0.154352981,0,1,1,1 
HDVG_1,Heavy Duty Trucks_Petrol_>3.5 t_Conventional,,,0.04,0.5,12,76,-0.000609405,0.096432619,4.93659044,7.741695173,0.000411339,0.032390978,0.200179187,0,1,1,1 
HDVG_1,Heavy Duty Trucks_Petrol_>3.5 t_Conventional,,,0.04,1,12,68,-0.001225066,0.277669264,-1.365003834,-15.02632538,0.001218507,0.009217668,-0.232480548,0,1,1,1 
HDVG_1,Heavy Duty Trucks_Petrol_>3.5 t_Conventional,,,0.06,0,12,74,-0.00055541,0.085331333,4.367137366,6.892582985,0.000370813,0.028057904,0.165217529,0,1,1,1 
HDVG_1,Heavy Duty Trucks_Petrol_>3.5 t_Conventional,,,0.06,0.5,12,60,-0.00063725,0.080210003,3.719076231,5.323171386,0.000344144,0.024790815,0.144810045,0,1,1,1 
HDVG_1,Heavy Duty Trucks_Petrol_>3.5 t_Conventional,,,0.06,1,12,51,0.000784313,0.164323384,-0.066341908,10.41569376,0.000783937,0.019665878,-0.068073119,0,1,1,1 
HDVD_1,Heavy Duty Trucks_Diesel_Rigid <=7.5 t_Conventional,,,-0.06,0,12,86,7.48E-05,-0.009304479,0.968563083,2.863792664,0.000208438,0.020056856,0.253817922,0,1,1,1 
HDVD_1,Heavy Duty Trucks_Diesel_Rigid <=7.5 t_Conventional,,,-0.06,0.5,12,86,6.74E-05,-0.017552782,2.157620682,2.395389213,0.000279142,0.056340575,0.342061588,0,1,1,1 
HDVD_1,Heavy Duty Trucks_Diesel_Rigid <=7.5 t_Conventional,,,-0.06,1,12,86,5.27E-05,-0.015844198,1.986872539,1.905999388,0.000252522,0.05500698,0.289559419,0,1,1,1 
HDVD_1,Heavy Duty Trucks_Diesel_Rigid <=7.5 t_Conventional,,,-0.04,0,12,86,0.000236197,-0.008335561,0.402462848,2.67866934,0.00035597,-0.00241364,0.212790585,0,1,1,1 
HDVD_1,Heavy Duty Trucks_Diesel_Rigid <=7.5 t_Conventional,,,-0.04,0.5,12,86,0.000212554,-0.012392929,0.932869129,3.677639709,0.000412272,0.008148556,0.330491044,0,1,1,1 
HDVD_1,Heavy Duty Trucks_Diesel_Rigid <=7.5 t_Conventional,,,-0.04,1,12,86,4.70E-05,-0.007062133,0.807999106,2.456648081,0.00010963,0.016760774,0.198836813,0,1,1,1 
HDVD_1,Heavy Duty Trucks_Diesel_Rigid <=7.5 t_Conventional,,,-0.02,0,12,86,-4.15E-06,-0.001377333,0.220541092,4.061721562,-3.32E-05,0.003058539,0.170630805,0,1,1,1 
HDVD_1,Heavy Duty Trucks_Diesel_Rigid <=7.5 t_Conventional,,,-0.02,0.5,12,86,0.000103545,0.054341715,1.095486574,-4.663132205,0.000882115,0.052202417,-0.234361886,0,1,1,1 
HDVD_1,Heavy Duty Trucks_Diesel_Rigid <=7.5 t_Conventional,,,-0.02,1,12,86,2.12E-05,0.009899327,2.138727061,0.790127715,-0.000142934,0.074026657,0.026938082,0,1,1,1 
HDVD_1,Heavy Duty Trucks_Diesel_Rigid <=7.5 t_Conventional,,,0,0,12,86,-0.000503226,0.13278727,-0.016843615,-4.862133717,0.00153856,0.03630149,-0.278008338,0,1,1,1 
HDVD_1,Heavy Duty Trucks_Diesel_Rigid <=7.5 t_Conventional,,,0,0.5,12,86,-0.000695652,0.203541716,1.473469808,-4.434314423,0.002609636,0.080276452,-0.138927337,0,1,1,1 
HDVD_1,Heavy Duty Trucks_Diesel_Rigid <=7.5 t_Conventional,,,0,1,12,86,-0.000138531,0.054747579,1.44947369,2.505400303,0.000771274,0.042010746,0.197579761,0,1,1,1 
HDVD_1,Heavy Duty Trucks_Diesel_Rigid <=7.5 t_Conventional,,,0.02,0,12,86,-0.000447194,0.131351943,0.877020162,-3.355322066,0.00167624,0.04711698,-0.113013405,0,1,1,1 
HDVD_1,Heavy Duty Trucks_Diesel_Rigid <=7.5 t_Conventional,,,0.02,0.5,12,84,-0.000142358,0.055228018,1.427802095,2.406068721,0.000754628,0.039631899,0.178772629,0,1,1,1 
HDVD_1,Heavy Duty Trucks_Diesel_Rigid <=7.5 t_Conventional,,,0.02,1,12,82,-0.000387791,0.128984282,2.164937051,1.003035411,0.00187981,0.071869967,0.151201434,0,1,1,1 
HDVD_1,Heavy Duty Trucks_Diesel_Rigid <=7.5 t_Conventional,,,0.04,0,12,83,-0.000818181,0.210221067,-0.578141355,-10.77132759,0.002718252,0.037133247,-0.540082553,0,1,1,1 
HDVD_1,Heavy Duty Trucks_Diesel_Rigid <=7.5 t_Conventional,,,0.04,0.5,12,76,-0.000444672,0.105769741,-0.532185135,-5.894626789,0.001484339,0.012600035,-0.305382268,0,1,1,1 
HDVD_1,Heavy Duty Trucks_Diesel_Rigid <=7.5 t_Conventional,,,0.04,1,12,68,-0.000431878,0.097884118,-0.480500545,-5.294171457,0.001445383,0.010945471,-0.27559462,0,1,1,1 
HDVD_1,Heavy Duty Trucks_Diesel_Rigid <=7.5 t_Conventional,,,0.06,0,12,74,-0.00031724,0.073837719,-0.42432894,-4.281182542,0.001039471,0.006670586,-0.210927157,0,1,1,1 
HDVD_1,Heavy Duty Trucks_Diesel_Rigid <=7.5 t_Conventional,,,0.06,0.5,12,60,-0.000491413,0.062862911,2.892286912,3.783916824,0.000921014,0.064702904,0.370564854,0,1,1,1 
HDVD_1,Heavy Duty Trucks_Diesel_Rigid <=7.5 t_Conventional,,,0.06,1,12,51,0.000733621,0.153181852,-0.144957876,9.415147395,0.00249178,0.058605827,-0.216373258,0,1,1,1 
HDVD_2,Heavy Duty Trucks_Diesel_Rigid <=7.5 t_Euro I,,,-0.06,0,12,86,5.73E-05,-0.008659919,1.550405244,1.685179476,0.002389318,0.184146724,1.576764389,0,1,1,1 
HDVD_2,Heavy Duty Trucks_Diesel_Rigid <=7.5 t_Euro I,,,-0.06,0.5,12,86,-9.61E-06,-0.005410208,1.335655103,1.673567246,0.001690831,0.19283036,1.215160268,0,1,1,1 
HDVD_2,Heavy Duty Trucks_Diesel_Rigid <=7.5 t_Euro I,,,-0.06,1,12,86,3.30E-05,-0.010739582,1.051861524,5.840246621,0.000263336,0.156867571,1.953945701,0,1,1,1 
HDVD_2,Heavy Duty Trucks_Diesel_Rigid <=7.5 t_Euro I,,,-0.04,0,12,86,0.000233904,-0.008987448,0.497521853,2.089393966,0.001911979,-0.003824384,1.143840989,0,1,1,1 
HDVD_2,Heavy Duty Trucks_Diesel_Rigid <=7.5 t_Euro I,,,-0.04,0.5,12,86,0.000140754,-0.008013385,0.898959808,1.342369358,0.001845319,0.066542141,1.158707387,0,1,1,1 
HDVD_2,Heavy Duty Trucks_Diesel_Rigid <=7.5 t_Euro I,,,-0.04,1,12,86,1.48E-05,-0.005386793,1.369002624,1.588300621,0.001443891,0.167721704,1.284955122,0,1,1,1 
HDVD_2,Heavy Duty Trucks_Diesel_Rigid <=7.5 t_Euro I,,,-0.02,0,12,86,2.73E-06,0.00488141,0.413026329,3.323675552,0.000286627,0.051731554,0.875530398,0,1,1,1 
HDVD_2,Heavy Duty Trucks_Diesel_Rigid <=7.5 t_Euro I,,,-0.02,0.5,12,86,7.81E-05,0.046178456,0.490214946,-3.58780851,0.004222651,0.164057671,-1.003812975,0,1,1,1 
HDVD_2,Heavy Duty Trucks_Diesel_Rigid <=7.5 t_Euro I,,,-0.02,1,12,86,-1.92E-18,9.78E-17,2.773516907,1.89E-13,-0.00188473,0.444010566,0.815498347,0,1,1,1 
HDVD_2,Heavy Duty Trucks_Diesel_Rigid <=7.5 t_Euro I,,,0,0,12,86,-0.00018276,0.07121045,1.879422525,3.025372882,0.004072072,0.278428409,1.66317733,0,1,1,1 
HDVD_2,Heavy Duty Trucks_Diesel_Rigid <=7.5 t_Euro I,,,0,0.5,12,86,-7.99E-05,0.045969592,1.701075442,3.960752601,0.002726799,0.232072394,1.689340592,0,1,1,1 
HDVD_2,Heavy Duty Trucks_Diesel_Rigid <=7.5 t_Euro I,,,0,1,12,86,-3.56E-06,0.0333251,1.468270207,4.214095256,0.00205563,0.200719057,1.527782716,0,1,1,1 
HDVD_2,Heavy Duty Trucks_Diesel_Rigid <=7.5 t_Euro I,,,0.02,0,12,86,7.38E-05,0.03352452,1.156287311,3.093415411,0.002209586,0.159961514,1.034166128,0,1,1,1 
HDVD_2,Heavy Duty Trucks_Diesel_Rigid <=7.5 t_Euro I,,,0.02,0.5,12,85,0.000203386,-0.009248799,0.203300443,2.884744131,0.001009511,-0.041890805,1.025745287,0,1,1,1 
HDVD_2,Heavy Duty Trucks_Diesel_Rigid <=7.5 t_Euro I,,,0.02,1,12,83,2.31E-05,0.006391753,0.681416223,4.447982068,-0.000323428,0.097740937,0.91242513,0,1,1,1 
HDVD_2,Heavy Duty Trucks_Diesel_Rigid <=7.5 t_Euro I,,,0.04,0,12,83,0.000393547,-0.027534086,0.896674657,3.372531293,0.001032302,-0.037782598,1.898573926,0,1,1,1 
HDVD_2,Heavy Duty Trucks_Diesel_Rigid <=7.5 t_Euro I,,,0.04,0.5,12,77,0.00047497,-0.00660737,0.763153586,1.755439422,0.00193224,0.019511645,1.038357569,0,1,1,1 
HDVD_2,Heavy Duty Trucks_Diesel_Rigid <=7.5 t_Euro I,,,0.04,1,12,69,-2.62E-05,0.009739105,1.05370425,4.474971248,-0.000495237,0.127653616,1.179039355,0,1,1,1 
HDVD_2,Heavy Duty Trucks_Diesel_Rigid <=7.5 t_Euro I,,,0.06,0,12,75,1.71E-05,0.006692308,0.71123936,4.058721224,-0.000309035,0.094068282,0.793303867,0,1,1,1 
HDVD_2,Heavy Duty Trucks_Diesel_Rigid <=7.5 t_Euro I,,,0.06,0.5,12,62,-9.60E-07,0.00385986,0.403966179,2.944674807,8.40E-05,0.034582594,0.734799334,0,1,1,1 
HDVD_2,Heavy Duty Trucks_Diesel_Rigid <=7.5 t_Euro I,,,0.06,1,12,51,0.001537899,0.031093468,-0.325763393,4.008718799,0.004448127,0.047378208,-0.226598813,0,1,1,1 
HDVD_3,Heavy Duty Trucks_Diesel_Rigid <=7.5 t_Euro II,,,-0.06,0,12,86,-1.56E-17,4.51E-15,2.67074397,1.32E-12,0.005962017,0.519453281,2.716492927,0,1,1,1 
HDVD_3,Heavy Duty Trucks_Diesel_Rigid <=7.5 t_Euro II,,,-0.06,0.5,12,86,1.37E-05,-0.004412138,0.423406939,2.229038336,-0.000143653,0.081283002,1.152468463,0,1,1,1 
HDVD_3,Heavy Duty Trucks_Diesel_Rigid <=7.5 t_Euro II,,,-0.06,1,12,86,1.15E-05,-0.003758275,0.366927627,1.996917017,-0.000121982,0.074067939,1.010696889,0,1,1,1 
HDVD_3,Heavy Duty Trucks_Diesel_Rigid <=7.5 t_Euro II,,,-0.04,0,12,86,-4.49E-13,-1.14E-11,2.931790628,2.50E-05,-0.003520071,0.835809156,-0.00309208,0,1,1,1 
HDVD_3,Heavy Duty Trucks_Diesel_Rigid <=7.5 t_Euro II,,,-0.04,0.5,12,86,-2.81E-05,0.044680328,2.506597301,-5.720762401,0.01421798,0.515379819,0.434906622,0,1,1,1 
HDVD_3,Heavy Duty Trucks_Diesel_Rigid <=7.5 t_Euro II,,,-0.04,1,12,86,2.21E-05,-0.007129059,0.650596666,3.613737526,-0.000477473,0.114616371,1.688833399,0,1,1,1 
HDVD_3,Heavy Duty Trucks_Diesel_Rigid <=7.5 t_Euro II,,,-0.02,0,12,86,8.91E-06,0.009620748,0.497528602,2.48652134,0.001009009,0.104825072,1.048662357,0,1,1,1 
HDVD_3,Heavy Duty Trucks_Diesel_Rigid <=7.5 t_Euro II,,,-0.02,0.5,12,86,0.000484838,0.102424803,0.603604453,-3.760128652,0.019630855,0.26898068,-1.241711384,0,1,1,1 
HDVD_3,Heavy Duty Trucks_Diesel_Rigid <=7.5 t_Euro II,,,-0.02,1,12,86,4.48E-17,3.65E-15,2.90452194,4.43E-12,-0.002362805,0.643686382,1.517691805,0,1,1,1 
HDVD_3,Heavy Duty Trucks_Diesel_Rigid <=7.5 t_Euro II,,,0,0,12,86,-0.000186125,0.070643875,1.787555381,2.760043468,0.006163449,0.395769936,2.197832182,0,1,1,1 
HDVD_3,Heavy Duty Trucks_Diesel_Rigid <=7.5 t_Euro II,,,0,0.5,12,86,-7.70E-05,0.036897114,1.237778924,2.668879433,0.003374439,0.254205799,1.688249801,0,1,1,1 
HDVD_3,Heavy Duty Trucks_Diesel_Rigid <=7.5 t_Euro II,,,0,1,12,86,-3.91E-05,0.027245125,1.097845845,2.838269552,0.002550658,0.220092322,1.59059943,0,1,1,1 
HDVD_3,Heavy Duty Trucks_Diesel_Rigid <=7.5 t_Euro II,,,0.02,0,12,86,-3.43E-05,0.027504705,1.13771196,2.999652266,0.002362266,0.212334314,1.571138253,0,1,1,1 
HDVD_3,Heavy Duty Trucks_Diesel_Rigid <=7.5 t_Euro II,,,0.02,0.5,12,86,-1.20E-05,0.00207526,0.399453918,2.066352334,-0.000301161,0.07214042,0.731952404,0,1,1,1 
HDVD_3,Heavy Duty Trucks_Diesel_Rigid <=7.5 t_Euro II,,,0.02,1,12,84,2.39E-06,0.003351338,0.411317858,2.273756473,-0.000237645,0.082123943,0.728228488,0,1,1,1 
HDVD_3,Heavy Duty Trucks_Diesel_Rigid <=7.5 t_Euro II,,,0.04,0,12,84,6.63E-17,1.94E-16,1.87324391,3.99E-12,-0.001943847,0.324345557,1.063688658,0,1,1,1 
HDVD_3,Heavy Duty Trucks_Diesel_Rigid <=7.5 t_Euro II,,,0.04,0.5,12,80,1.02E-14,-6.01E-13,2.691004923,1.34E-09,-0.003831104,0.509847721,1.184927554,0,1,1,1 
HDVD_3,Heavy Duty Trucks_Diesel_Rigid <=7.5 t_Euro II,,,0.04,1,12,73,6.84E-16,-2.42E-14,1.899109899,4.38E-11,-0.002608809,0.339433362,1.067845302,0,1,1,1 
HDVD_3,Heavy Duty Trucks_Diesel_Rigid <=7.5 t_Euro II,,,0.06,0,12,79,4.13E-18,-1.66E-16,2.699612639,4.57E-13,-0.003781008,0.504173678,1.024397266,0,1,1,1 
HDVD_3,Heavy Duty Trucks_Diesel_Rigid <=7.5 t_Euro II,,,0.06,0.5,12,68,1.12E-05,0.004420498,0.449459158,2.437172562,-0.00030313,0.087486856,0.70192719,0,1,1,1 
HDVD_3,Heavy Duty Trucks_Diesel_Rigid <=7.5 t_Euro II,,,0.06,1,12,51,0.000247174,0.023232304,1.798743639,-1.600314009,-0.002506937,0.467003749,-0.459962772,0,1,1,1 
HDVD_4,Heavy Duty Trucks_Diesel_Rigid <=7.5 t_Euro III,,,-0.06,0,12,86,-2.93E-05,0.026173511,2.923321116,-1.182857526,0.01479438,0.623549577,2.605542226,0,1,1,1 
HDVD_4,Heavy Duty Trucks_Diesel_Rigid <=7.5 t_Euro III,,,-0.06,0.5,12,86,-2.87E-05,0.020165414,3.318340447,-0.986834772,0.016874732,0.682842191,3.703903834,0,1,1,1 
HDVD_4,Heavy Duty Trucks_Diesel_Rigid <=7.5 t_Euro III,,,-0.06,1,12,86,-2.94E-05,0.021329464,3.118745669,-1.187520604,0.017536925,0.684660656,3.143244276,0,1,1,1 
HDVD_4,Heavy Duty Trucks_Diesel_Rigid <=7.5 t_Euro III,,,-0.04,0,12,86,-3.82E-15,5.96E-14,2.195068804,9.88E-10,-0.003971454,0.705719197,-0.537328759,0,1,1,1 
HDVD_4,Heavy Duty Trucks_Diesel_Rigid <=7.5 t_Euro III,,,-0.04,0.5,12,86,-5.85E-06,0.056595758,2.598038433,-2.705586017,0.015754457,0.691613539,0.282686612,0,1,1,1 
HDVD_4,Heavy Duty Trucks_Diesel_Rigid <=7.5 t_Euro III,,,-0.04,1,12,86,-1.96E-17,6.57E-15,2.05254721,9.68E-13,0.003274329,0.445005862,1.790479759,0,1,1,1 
HDVD_4,Heavy Duty Trucks_Diesel_Rigid <=7.5 t_Euro III,,,-0.02,0,12,86,-6.30E-05,0.033192323,1.18169138,2.676362415,0.003315131,0.26718723,1.870686401,0,1,1,1 
HDVD_4,Heavy Duty Trucks_Diesel_Rigid <=7.5 t_Euro III,,,-0.02,0.5,12,86,-4.58E-06,0.01713175,0.785195791,2.388932959,0.001976692,0.182595928,1.32251342,0,1,1,1 
HDVD_4,Heavy Duty Trucks_Diesel_Rigid <=7.5 t_Euro III,,,-0.02,1,12,86,-6.47E-07,0.001039847,0.217775391,2.582337921,6.10E-05,0.040483085,0.957077833,0,1,1,1 
HDVD_4,Heavy Duty Trucks_Diesel_Rigid <=7.5 t_Euro III,,,0,0,12,86,-0.000674725,0.185190904,0.730259743,-4.259896423,0.016242872,0.549510855,-1.619924848,0,1,1,1 
HDVD_4,Heavy Duty Trucks_Diesel_Rigid <=7.5 t_Euro III,,,0,0.5,12,86,-0.000376594,0.12252426,2.046654205,1.234580812,0.01171613,0.581457438,1.869757644,0,1,1,1 
HDVD_4,Heavy Duty Trucks_Diesel_Rigid <=7.5 t_Euro III,,,0,1,12,86,-0.000158203,0.060662857,1.560964717,2.502596065,0.006087649,0.375987497,2.012877163,0,1,1,1 
HDVD_4,Heavy Duty Trucks_Diesel_Rigid <=7.5 t_Euro III,,,0.02,0,12,86,-0.00019212,0.071893487,1.769580706,2.657089241,0.00664053,0.404416897,2.107560016,0,1,1,1 
HDVD_4,Heavy Duty Trucks_Diesel_Rigid <=7.5 t_Euro III,,,0.02,0.5,12,86,3.43E-05,0.022391085,0.869009341,2.488379664,0.002302726,0.187222081,1.282685911,0,1,1,1 
HDVD_4,Heavy Duty Trucks_Diesel_Rigid <=7.5 t_Euro III,,,0.02,1,12,86,-1.13E-05,0.00153628,0.303456279,1.516342044,-0.000274144,0.058797727,0.624534176,0,1,1,1 
HDVD_4,Heavy Duty Trucks_Diesel_Rigid <=7.5 t_Euro III,,,0.04,0,12,86,-3.10E-05,0.001114058,0.599792496,3.221994053,-0.000718085,0.10589233,1.19855396,0,1,1,1 
HDVD_4,Heavy Duty Trucks_Diesel_Rigid <=7.5 t_Euro III,,,0.04,0.5,12,82,1.05E-05,0.004860351,0.590304568,3.591358711,-0.000383418,0.128932303,1.103413375,0,1,1,1 
HDVD_4,Heavy Duty Trucks_Diesel_Rigid <=7.5 t_Euro III,,,0.04,1,12,75,8.78E-06,0.00744779,0.855927778,4.609591983,-0.000571236,0.183630754,1.530142281,0,1,1,1 
HDVD_4,Heavy Duty Trucks_Diesel_Rigid <=7.5 t_Euro III,,,0.06,0,12,80,7.77E-06,0.003168718,0.390073488,2.442221451,-0.000252512,0.084005,0.707872699,0,1,1,1 
HDVD_4,Heavy Duty Trucks_Diesel_Rigid <=7.5 t_Euro III,,,0.06,0.5,12,69,0.000274198,0.073082643,0.445275187,-4.154294311,0.00660903,0.344177878,-2.379061215,0,1,1,1 
HDVD_4,Heavy Duty Trucks_Diesel_Rigid <=7.5 t_Euro III,,,0.06,1,12,57,-1.33E-05,-0.001596593,0.342583094,3.638916936,-0.000371867,0.033067208,1.352119629,0,1,1,1 
HDVD_5,Heavy Duty Trucks_Diesel_Rigid <=7.5 t_Euro IV,,,-0.06,0,12,86,4.67E-06,-0.001627867,0.22452519,0.040551002,0.004662772,0.229958583,5.127289996,0,1,1,1 
HDVD_5,Heavy Duty Trucks_Diesel_Rigid <=7.5 t_Euro IV,,,-0.06,0.5,12,86,4.69E-06,-0.001281696,0.099300056,0.185979073,0.000724074,0.10630127,2.905763152,0,1,1,1 
HDVD_5,Heavy Duty Trucks_Diesel_Rigid <=7.5 t_Euro IV,,,-0.06,1,12,86,4.20E-06,-0.001147386,0.088868997,0.186163497,0.000683098,0.103144795,2.648065643,0,1,1,1 
HDVD_5,Heavy Duty Trucks_Diesel_Rigid <=7.5 t_Euro IV,,,-0.04,0,12,86,0.000100834,-0.012260704,0.481298971,0.079210839,0.000717976,0.038889869,11.78858436,0,1,1,1 
HDVD_5,Heavy Duty Trucks_Diesel_Rigid <=7.5 t_Euro IV,,,-0.04,0.5,12,86,8.92E-05,-0.011413215,0.481009048,0.320499941,0.002660603,0.013581977,13.4520058,0,1,1,1 
HDVD_5,Heavy Duty Trucks_Diesel_Rigid <=7.5 t_Euro IV,,,-0.04,1,12,86,3.57E-06,-0.001276096,0.176064473,0.023488481,0.002674596,0.153496151,3.81066232,0,1,1,1 
HDVD_5,Heavy Duty Trucks_Diesel_Rigid <=7.5 t_Euro IV,,,-0.02,0,12,86,-1.26E-14,-1.18E-11,0.216634571,-2.58E-11,-0.000318966,0.265377158,2.99482454,0,1,1,1 
HDVD_5,Heavy Duty Trucks_Diesel_Rigid <=7.5 t_Euro IV,,,-0.02,0.5,12,86,-3.84E-15,-3.23E-12,0.278577775,-4.08E-12,-0.000590743,0.371472217,3.76804791,0,1,1,1 
HDVD_5,Heavy Duty Trucks_Diesel_Rigid <=7.5 t_Euro IV,,,-0.02,1,12,86,-5.22E-17,-3.34E-14,0.29937548,-1.93E-13,-0.000912809,0.449274232,3.539555924,0,1,1,1 
HDVD_5,Heavy Duty Trucks_Diesel_Rigid <=7.5 t_Euro IV,,,0,0,12,86,1.48E-15,1.19E-13,0.431646305,1.45E-11,-0.003294191,0.561046888,4.353930708,0,1,1,1 
HDVD_5,Heavy Duty Trucks_Diesel_Rigid <=7.5 t_Euro IV,,,0,0.5,12,86,9.37E-19,1.15E-16,0.394711107,-9.72E-15,-0.003172682,0.498645743,4.111826494,0,1,1,1 
HDVD_5,Heavy Duty Trucks_Diesel_Rigid <=7.5 t_Euro IV,,,0,1,12,86,5.10E-19,1.63E-18,0.356159623,1.17E-14,-0.00263573,0.410976322,4.063078711,0,1,1,1 
HDVD_5,Heavy Duty Trucks_Diesel_Rigid <=7.5 t_Euro IV,,,0.02,0,12,86,-4.29E-17,3.06E-15,0.690204096,-1.47E-12,-0.005730734,0.709847694,8.46604015,0,1,1,1 
HDVD_5,Heavy Duty Trucks_Diesel_Rigid <=7.5 t_Euro IV,,,0.02,0.5,12,86,3.69E-05,0.004668962,0.367346246,1.067561571,-0.000558518,0.441829011,6.295095436,0,1,1,1 
HDVD_5,Heavy Duty Trucks_Diesel_Rigid <=7.5 t_Euro IV,,,0.02,1,12,86,-3.40E-05,0.009646331,0.593390664,1.383972353,-0.002528909,0.64566717,9.813278433,0,1,1,1 
HDVD_5,Heavy Duty Trucks_Diesel_Rigid <=7.5 t_Euro IV,,,0.04,0,12,86,0.000307575,0.039397791,0.87816914,0.631724451,0.00609238,2.106379907,3.699955945,0,1,1,1 
HDVD_5,Heavy Duty Trucks_Diesel_Rigid <=7.5 t_Euro IV,,,0.04,0.5,12,82,-3.13E-05,0.013379056,0.271708183,0.162306119,0.002308784,0.360999835,3.979796169,0,1,1,1 
HDVD_5,Heavy Duty Trucks_Diesel_Rigid <=7.5 t_Euro IV,,,0.04,1,12,76,-0.000390112,0.028586146,0.551386509,-2.57062646,-0.010455108,1.080565749,-0.259326827,0,1,1,1 
HDVD_5,Heavy Duty Trucks_Diesel_Rigid <=7.5 t_Euro IV,,,0.06,0,12,81,-0.000164941,0.013197948,0.206326107,-1.402125744,-0.005398058,0.561195197,-1.531780743,0,1,1,1 
HDVD_5,Heavy Duty Trucks_Diesel_Rigid <=7.5 t_Euro IV,,,0.06,0.5,12,71,-0.000298947,0.024342522,0.015617116,-1.418149183,-0.006418772,0.65611362,-4.397455904,0,1,1,1 
HDVD_5,Heavy Duty Trucks_Diesel_Rigid <=7.5 t_Euro IV,,,0.06,1,12,61,0.000635138,0.059335455,-0.442080958,-0.435606074,0.024192227,0.795631445,-8.143936586,0,1,1,1 
HDVD_5,Heavy Duty Trucks_Diesel_Rigid <=7.5 t_Euro IV,,,-0.06,0,12,86,4.67E-06,-0.001627867,0.22452519,0.040551002,0.004662772,0.229958583,5.127289996,0,1,1,1 
HDVD_5,Heavy Duty Trucks_Diesel_Rigid <=7.5 t_Euro IV,,,-0.06,0.5,12,86,4.69E-06,-0.001281696,0.099300056,0.185979073,0.000724074,0.10630127,2.905763152,0,1,1,1 
HDVD_5,Heavy Duty Trucks_Diesel_Rigid <=7.5 t_Euro IV,,,-0.06,1,12,86,4.20E-06,-0.001147386,0.088868997,0.186163497,0.000683098,0.103144795,2.648065643,0,1,1,1 
HDVD_5,Heavy Duty Trucks_Diesel_Rigid <=7.5 t_Euro IV,,,-0.04,0,12,86,0.000100834,-0.012260704,0.481298971,0.079210839,0.000717976,0.038889869,11.78858436,0,1,1,1 
HDVD_5,Heavy Duty Trucks_Diesel_Rigid <=7.5 t_Euro IV,,,-0.04,1,12,86,3.57E-06,-0.001276096,0.176064473,0.023488481,0.002674596,0.153496151,3.81066232,0,1,1,1 
HDVD_5,Heavy Duty Trucks_Diesel_Rigid <=7.5 t_Euro IV,,,-0.02,0,12,86,-1.26E-14,-1.18E-11,0.216634571,-2.58E-11,-0.000318966,0.265377158,2.99482454,0,1,1,1 
HDVD_5,Heavy Duty Trucks_Diesel_Rigid <=7.5 t_Euro IV,,,-0.02,1,12,86,-5.22E-17,-3.34E-14,0.29937548,-1.93E-13,-0.000912809,0.449274232,3.539555924,0,1,1,1 
HDVD_5,Heavy Duty Trucks_Diesel_Rigid <=7.5 t_Euro IV,,,0,0,12,86,1.48E-15,1.19E-13,0.431646305,1.45E-11,-0.003294191,0.561046888,4.353930708,0,1,1,1 
HDVD_5,Heavy Duty Trucks_Diesel_Rigid <=7.5 t_Euro IV,,,0,1,12,86,5.10E-19,1.63E-18,0.356159623,1.17E-14,-0.00263573,0.410976322,4.063078711,0,1,1,1 
HDVD_5,Heavy Duty Trucks_Diesel_Rigid <=7.5 t_Euro IV,,,0.02,0,12,86,-4.29E-17,3.06E-15,0.690204096,-1.47E-12,-0.005730734,0.709847694,8.46604015,0,1,1,1 
HDVD_5,Heavy Duty Trucks_Diesel_Rigid <=7.5 t_Euro IV,,,0.02,1,12,86,-3.40E-05,0.009646331,0.593390664,1.383972353,-0.002528909,0.64566717,9.813278433,0,1,1,1 
HDVD_5,Heavy Duty Trucks_Diesel_Rigid <=7.5 t_Euro IV,,,0.04,0,12,86,0.000307575,0.039397791,0.87816914,0.631724451,0.00609238,2.106379907,3.699955945,0,1,1,1 
HDVD_5,Heavy Duty Trucks_Diesel_Rigid <=7.5 t_Euro IV,,,0.04,1,12,76,-0.000390112,0.028586146,0.551386509,-2.57062646,-0.010455108,1.080565749,-0.259326827,0,1,1,1 
HDVD_5,Heavy Duty Trucks_Diesel_Rigid <=7.5 t_Euro IV,,,0.06,0,12,81,-0.000164941,0.013197948,0.206326107,-1.402125744,-0.005398058,0.561195197,-1.531780743,0,1,1,1 
HDVD_5,Heavy Duty Trucks_Diesel_Rigid <=7.5 t_Euro IV,,,0.06,0.5,12,71,-0.000298947,0.024342522,0.015617116,-1.418149183,-0.006418772,0.65611362,-4.397455904,0,1,1,1 
HDVD_5,Heavy Duty Trucks_Diesel_Rigid <=7.5 t_Euro IV,,,0.06,1,12,61,0.000635138,0.059335455,-0.442080958,-0.435606074,0.024192227,0.795631445,-8.143936586,0,1,1,1 
HDVD_6,Heavy Duty Trucks_Diesel_Rigid <=7.5 t_Euro V,SCR,,-0.06,0,5,85,-0.001126948,0.1501667,-0.325308645,0.594659131,0.659632168,1.502100898,0.198848923,0,1,1,1 
HDVD_6,Heavy Duty Trucks_Diesel_Rigid <=7.5 t_Euro V,SCR,,-0.06,0.5,5,85,-0.001348244,0.169507086,-0.390087499,0.653844399,0.790766027,1.283851827,0.256066896,0,1,1,1 
HDVD_6,Heavy Duty Trucks_Diesel_Rigid <=7.5 t_Euro V,SCR,,-0.06,1,5,85,-0.001706716,0.218061155,-0.559437391,0.76823855,1.092168241,0.633651504,0.368793295,0,1,1,1 
HDVD_6,Heavy Duty Trucks_Diesel_Rigid <=7.5 t_Euro V,SCR,,-0.04,0,5,85,2.49E-05,-0.003802189,0.161573712,0.975356516,-0.002456088,0.122190531,13.81445205,0,1,1,1 
HDVD_6,Heavy Duty Trucks_Diesel_Rigid <=7.5 t_Euro V,SCR,,-0.04,0.5,5,85,-0.000724692,0.132507147,-0.251836052,0.504436939,0.504827421,1.732541167,0.185544851,0,1,1,1 
HDVD_6,Heavy Duty Trucks_Diesel_Rigid <=7.5 t_Euro V,SCR,,-0.04,1,5,85,-0.000911399,0.126646822,-0.239951629,0.494567923,0.458392407,1.802890808,0.177945224,0,1,1,1 
HDVD_6,Heavy Duty Trucks_Diesel_Rigid <=7.5 t_Euro V,SCR,,-0.02,0,5,85,7.06E-07,-0.000647803,0.051866886,0.206956568,-0.001153491,0.071854551,3.031608751,0,1,1,1 
HDVD_6,Heavy Duty Trucks_Diesel_Rigid <=7.5 t_Euro V,SCR,,-0.02,0.5,5,85,-1.54E-07,-0.00057132,0.052322152,0.174866437,-0.001489461,0.10584974,2.670917523,0,1,1,1 
HDVD_6,Heavy Duty Trucks_Diesel_Rigid <=7.5 t_Euro V,SCR,,-0.02,1,5,85,4.08E-07,-0.000851152,0.07420416,0.202853799,-0.002315823,0.1742595,3.317125515,0,1,1,1 
HDVD_6,Heavy Duty Trucks_Diesel_Rigid <=7.5 t_Euro V,SCR,,0,0,5,85,-1.46E-06,-0.000979304,0.098705738,0.259728849,-0.002146111,0.145648798,4.213487581,0,1,1,1 
HDVD_6,Heavy Duty Trucks_Diesel_Rigid <=7.5 t_Euro V,SCR,,0,0.5,5,85,-3.91E-06,-0.000658211,0.089607578,0.199456653,-0.002230837,0.161744552,3.397885052,0,1,1,1 
HDVD_6,Heavy Duty Trucks_Diesel_Rigid <=7.5 t_Euro V,SCR,,0,1,5,85,-5.49E-06,-0.000520548,0.090290601,0.176190518,-0.002359691,0.176499135,3.130654702,0,1,1,1 
HDVD_6,Heavy Duty Trucks_Diesel_Rigid <=7.5 t_Euro V,SCR,,0.02,0,5,85,-1.20E-05,-0.000275716,0.133040485,0.2248133,-0.003455409,0.274679224,4.151479869,0,1,1,1 
HDVD_6,Heavy Duty Trucks_Diesel_Rigid <=7.5 t_Euro V,SCR,,0.02,0.5,5,85,-1.66E-05,0.000517199,0.099027999,0.129620406,-0.003023686,0.25300622,2.582548314,0,1,1,1 
HDVD_6,Heavy Duty Trucks_Diesel_Rigid <=7.5 t_Euro V,SCR,,0.02,1,5,85,-3.66E-06,0.000374923,0.116592549,0.210280956,-0.001821408,0.233650081,3.461368778,0,1,1,1 
HDVD_6,Heavy Duty Trucks_Diesel_Rigid <=7.5 t_Euro V,SCR,,0.04,0,5,85,-3.71E-06,0.000376504,0.073400891,0.134417393,-0.001197522,0.155215285,2.189437971,0,1,1,1 
HDVD_6,Heavy Duty Trucks_Diesel_Rigid <=7.5 t_Euro V,SCR,,0.04,0.5,5,80,2.12E-05,-0.000907047,0.108744328,0.287898367,-9.94E-05,0.09356011,3.953800992,0,1,1,1 
HDVD_6,Heavy Duty Trucks_Diesel_Rigid <=7.5 t_Euro V,SCR,,0.04,1,5,75,-3.32E-05,0.001580552,0.221924539,0.446189807,-0.004904503,0.399375983,6.279340256,0,1,1,1 
HDVD_6,Heavy Duty Trucks_Diesel_Rigid <=7.5 t_Euro V,SCR,,0.06,0,5,80,3.89E-06,-0.000284901,0.213275355,0.533279894,-0.002795379,0.285592219,7.25831946,0,1,1,1 
HDVD_6,Heavy Duty Trucks_Diesel_Rigid <=7.5 t_Euro V,SCR,,0.06,0.5,5,70,-4.88E-05,0.002008087,0.204200568,0.482702047,-0.005060002,0.354020159,6.09329146,0,1,1,1 
HDVD_6,Heavy Duty Trucks_Diesel_Rigid <=7.5 t_Euro V,SCR,,0.06,1,5,60,0.000428651,0.077626188,0.264262276,0.110594216,0.060531824,2.773501095,0.528422589,0,1,1,1 
HDVD_6,Heavy Duty Trucks_Diesel_Rigid <=7.5 t_Euro V,EGR,,-0.06,0,5,85,-0.001343205,0.138375574,-0.509939678,1.148724157,0.172114443,-0.532620905,1.499778222,0,1,1,1 
HDVD_6,Heavy Duty Trucks_Diesel_Rigid <=7.5 t_Euro V,EGR,,-0.06,0.5,5,85,-0.001459439,0.138957357,-0.718902244,1.558305909,0.182697954,-0.938952477,2.28235831,0,1,1,1 
HDVD_6,Heavy Duty Trucks_Diesel_Rigid <=7.5 t_Euro V,EGR,,-0.06,1,5,85,-0.001832321,0.172019695,-1.036011863,2.020475731,0.239282922,-1.506044845,3.137152309,0,1,1,1 
HDVD_6,Heavy Duty Trucks_Diesel_Rigid <=7.5 t_Euro V,EGR,,-0.04,0,5,85,2.10E-05,-0.002283512,0.044718206,2.742030412,0.000124538,-0.045534159,4.561114927,0,1,1,1 
HDVD_6,Heavy Duty Trucks_Diesel_Rigid <=7.5 t_Euro V,EGR,,-0.04,0.5,5,85,-0.000374751,0.051527352,0.235332288,-1.308447378,0.05051977,0.566209977,-2.397036962,0,1,1,1 
HDVD_6,Heavy Duty Trucks_Diesel_Rigid <=7.5 t_Euro V,EGR,,-0.04,1,5,85,-0.003133155,0.349522658,-0.238162025,1.283179293,0.350597649,0.800692824,0.626183618,0,1,1,1 
HDVD_6,Heavy Duty Trucks_Diesel_Rigid <=7.5 t_Euro V,EGR,,-0.02,0,5,85,2.48E-06,-0.00098103,0.0557829,1.469681406,-0.000148209,-0.010645257,2.292553896,0,1,1,1 
HDVD_6,Heavy Duty Trucks_Diesel_Rigid <=7.5 t_Euro V,EGR,,-0.02,0.5,5,85,-6.11E-06,-0.000527832,0.08892238,1.136796465,-0.000833232,0.056261114,1.805425934,0,1,1,1 
HDVD_6,Heavy Duty Trucks_Diesel_Rigid <=7.5 t_Euro V,EGR,,-0.02,1,5,85,-5.41E-06,-0.000990811,0.137654883,1.254886151,-0.001403538,0.109675872,2.052484301,0,1,1,1 
HDVD_6,Heavy Duty Trucks_Diesel_Rigid <=7.5 t_Euro V,EGR,,0,0,5,85,0.000126311,0.142090139,1.497900774,-0.257466734,0.052802362,2.248659609,2.71E-06,0,1,1,1 
HDVD_6,Heavy Duty Trucks_Diesel_Rigid <=7.5 t_Euro V,EGR,,0,0.5,5,85,0.00025923,0.120986817,1.457411177,-0.35661383,0.047836962,2.068499713,8.33E-08,0,1,1,1 
HDVD_6,Heavy Duty Trucks_Diesel_Rigid <=7.5 t_Euro V,EGR,,0,1,5,85,0.000395676,0.114715704,1.379642194,-0.340966265,0.049311285,1.928103037,6.51E-08,0,1,1,1 
HDVD_6,Heavy Duty Trucks_Diesel_Rigid <=7.5 t_Euro V,EGR,,0.02,0,5,85,0.001452597,0.188909453,1.354283381,-0.500432162,0.099762987,1.911526398,1.06E-07,0,1,1,1 
HDVD_6,Heavy Duty Trucks_Diesel_Rigid <=7.5 t_Euro V,EGR,,0.02,0.5,5,85,0.002315843,0.163516049,1.349658955,-0.612387969,0.103800415,1.681198491,1.22E-08,0,1,1,1 
HDVD_6,Heavy Duty Trucks_Diesel_Rigid <=7.5 t_Euro V,EGR,,0.02,1,5,85,4.82E-05,0.001802058,0.18004084,1.041337871,0.001217295,0.085083538,1.592833655,0,1,1,1 
HDVD_6,Heavy Duty Trucks_Diesel_Rigid <=7.5 t_Euro V,EGR,,0.04,0,5,85,7.81E-05,0.000360626,0.170362746,1.111521868,0.001861148,0.042789125,1.735246375,0,1,1,1 
HDVD_6,Heavy Duty Trucks_Diesel_Rigid <=7.5 t_Euro V,EGR,,0.04,0.5,5,80,0.000977901,0.069545199,-0.104275699,-2.037981271,0.042341091,0.261413121,-3.036900582,0,1,1,1 
HDVD_6,Heavy Duty Trucks_Diesel_Rigid <=7.5 t_Euro V,EGR,,0.04,1,5,75,0.000341441,0.130592494,1.719018925,-0.403963848,0.028862201,2.008933574,1.24E-08,0,1,1,1 
HDVD_6,Heavy Duty Trucks_Diesel_Rigid <=7.5 t_Euro V,EGR,,0.06,0,5,80,-3.54E-05,-0.000237134,0.253912064,1.267763747,-0.001638322,0.114778576,1.874044737,0,1,1,1 
HDVD_6,Heavy Duty Trucks_Diesel_Rigid <=7.5 t_Euro V,EGR,,0.06,0.5,5,70,-0.000604321,0.114113553,2.03226952,-0.514102773,0.000119795,2.247897599,5.31E-10,0,1,1,1 
HDVD_6,Heavy Duty Trucks_Diesel_Rigid <=7.5 t_Euro V,EGR,,0.06,1,5,60,-0.001099306,0.114384511,2.102765422,-0.324218275,-0.010553185,2.302453445,4.91E-08,0,1,1,1 
HDVD_7,Heavy Duty Trucks_Diesel_Rigid <=7.5 t_Euro VI,,,-0.06,0,5,85,-0.000508314,0.052363676,-0.192899796,0.434657005,0.217097149,-0.671392223,1.891494826,0,1,1,1 
HDVD_7,Heavy Duty Trucks_Diesel_Rigid <=7.5 t_Euro VI,,,-0.06,0.5,5,85,-0.000449265,0.042772016,-0.22117166,0.479545905,0.187441647,-0.962657562,2.340976325,0,1,1,1 
HDVD_7,Heavy Duty Trucks_Diesel_Rigid <=7.5 t_Euro VI,,,-0.06,1,5,85,-0.000669244,0.062824142,-0.378283072,0.737840753,0.291280794,-1.832809032,3.818530606,0,1,1,1 
HDVD_7,Heavy Duty Trucks_Diesel_Rigid <=7.5 t_Euro VI,,,-0.04,0,5,85,1.21E-05,-0.00131778,0.025790673,1.582971042,0.000240418,-0.087700777,8.777007624,0,1,1,1 
HDVD_7,Heavy Duty Trucks_Diesel_Rigid <=7.5 t_Euro VI,,,-0.04,0.5,5,85,5.78E-06,-0.000956809,0.036668827,0.505662309,-0.001118177,0.071292154,3.104107641,0,1,1,1 
HDVD_7,Heavy Duty Trucks_Diesel_Rigid <=7.5 t_Euro VI,,,-0.04,1,5,85,-0.001719672,0.192059543,-0.156528905,0.625091641,0.641168615,1.38413863,0.48345514,0,1,1,1 
HDVD_7,Heavy Duty Trucks_Diesel_Rigid <=7.5 t_Euro VI,,,-0.02,0,5,85,8.81E-07,-0.000346995,0.019703147,0.519752359,-0.000173646,-0.012638597,2.702479863,0,1,1,1 
HDVD_7,Heavy Duty Trucks_Diesel_Rigid <=7.5 t_Euro VI,,,-0.02,0.5,5,85,0.000304373,0.024428311,-0.003437993,-0.841363308,0.090204206,0.276399308,-4.558593559,0,1,1,1 
HDVD_7,Heavy Duty Trucks_Diesel_Rigid <=7.5 t_Euro VI,,,-0.02,1,5,85,-1.88E-06,-0.000343119,0.047728645,0.434026979,-0.00162281,0.126879883,2.366671635,0,1,1,1 
HDVD_7,Heavy Duty Trucks_Diesel_Rigid <=7.5 t_Euro VI,,,0,0,5,85,4.90E-05,0.055028873,0.579732226,-0.099440658,0.068184972,2.901643958,6.71E-06,0,1,1,1 
HDVD_7,Heavy Duty Trucks_Diesel_Rigid <=7.5 t_Euro VI,,,0,0.5,5,85,9.85E-05,0.045906127,0.552719439,-0.135143674,0.060526327,2.61514447,0.000202331,0,1,1,1 
HDVD_7,Heavy Duty Trucks_Diesel_Rigid <=7.5 t_Euro VI,,,0,1,5,85,0.0001508,0.043606703,0.524229842,-0.129751746,0.062538716,2.441676393,0.00015256,0,1,1,1 
HDVD_7,Heavy Duty Trucks_Diesel_Rigid <=7.5 t_Euro VI,,,0.02,0,5,85,0.000477933,0.062148746,0.445349259,-0.16443647,0.109410576,2.095682449,0.000106029,0,1,1,1 
HDVD_7,Heavy Duty Trucks_Diesel_Rigid <=7.5 t_Euro VI,,,0.02,0.5,5,85,0.000901516,0.06357286,0.523867659,-0.23785155,0.134649872,2.175187343,4.04E-05,0,1,1,1 
HDVD_7,Heavy Duty Trucks_Diesel_Rigid <=7.5 t_Euro VI,,,0.02,1,5,85,1.85E-05,0.000709086,0.069935294,0.399827081,0.001550725,0.111427107,2.040811951,0,1,1,1 
HDVD_7,Heavy Duty Trucks_Diesel_Rigid <=7.5 t_Euro VI,,,0.04,0,5,85,4.25E-05,0.000194879,0.092226083,0.60270027,0.003374439,0.076880855,3.135915672,0,1,1,1 
HDVD_7,Heavy Duty Trucks_Diesel_Rigid <=7.5 t_Euro VI,,,0.04,0.5,5,80,0.000476612,0.054639541,0.520429538,-0.121821238,0.075715744,2.13911802,0.000188855,0,1,1,1 
HDVD_7,Heavy Duty Trucks_Diesel_Rigid <=7.5 t_Euro VI,,,0.04,1,5,75,-1.00E-05,-0.000831335,0.121303579,0.959928087,-0.001982487,0.106014604,4.368174615,0,1,1,1 
HDVD_7,Heavy Duty Trucks_Diesel_Rigid <=7.5 t_Euro VI,,,0.06,0,5,80,-1.53E-05,-0.000114692,0.105724476,0.525381894,-0.002343475,0.15991837,2.590191168,0,1,1,1 
HDVD_7,Heavy Duty Trucks_Diesel_Rigid <=7.5 t_Euro VI,,,0.06,0.5,5,70,-0.0001311,0.030805644,0.530994739,-0.133715864,0.002732036,1.96144748,5.28E-07,0,1,1,1 
HDVD_7,Heavy Duty Trucks_Diesel_Rigid <=7.5 t_Euro VI,,,0.06,1,5,60,-0.000357618,0.050912142,0.886756878,-0.137580486,-0.006577467,3.239072624,2.42E-07,0,1,1,1 
HDVD_8,Heavy Duty Trucks_Diesel_Rigid 7.5 - 12 t_Conventional,,,-0.06,0,12,86,6.81E-05,-0.01113002,1.08210529,3.291577685,0.000299418,0.029628131,0.283271359,0,1,1,1 
HDVD_8,Heavy Duty Trucks_Diesel_Rigid 7.5 - 12 t_Conventional,,,-0.06,0.5,12,86,-4.30E-15,9.41E-13,2.508736173,5.80E-10,0.002097734,0.06195325,0.41052421,0,1,1,1 
HDVD_8,Heavy Duty Trucks_Diesel_Rigid 7.5 - 12 t_Conventional,,,-0.06,1,12,86,-5.57E-15,1.20E-12,2.516743801,6.94E-10,0.002198253,0.062878416,0.432718124,0,1,1,1 
HDVD_8,Heavy Duty Trucks_Diesel_Rigid 7.5 - 12 t_Conventional,,,-0.04,0,12,86,0.000261199,-0.017040449,1.566294894,6.616468171,0.000701962,0.027934744,0.531030484,0,1,1,1 
HDVD_8,Heavy Duty Trucks_Diesel_Rigid 7.5 - 12 t_Conventional,,,-0.04,0.5,12,86,6.18E-05,-0.008876263,0.879673725,2.632615672,0.000216439,0.02093818,0.236548492,0,1,1,1 
HDVD_8,Heavy Duty Trucks_Diesel_Rigid 7.5 - 12 t_Conventional,,,-0.04,1,12,86,1.07E-05,-0.00364764,0.377864453,2.317679244,2.44E-05,0.011960306,0.13407575,0,1,1,1 
HDVD_8,Heavy Duty Trucks_Diesel_Rigid 7.5 - 12 t_Conventional,,,-0.02,0,12,86,0.00016848,0.09685421,1.615933221,-7.185650694,0.002118894,0.10438094,-0.594227033,0,1,1,1 
HDVD_8,Heavy Duty Trucks_Diesel_Rigid 7.5 - 12 t_Conventional,,,-0.02,0.5,12,86,0.000184824,-0.001540329,0.944151517,3.460120639,0.000370509,0.02547683,0.204947403,0,1,1,1 
HDVD_8,Heavy Duty Trucks_Diesel_Rigid 7.5 - 12 t_Conventional,,,-0.02,1,12,86,0.000201742,-0.00580509,0.951163024,4.600744081,0.000444179,0.021559268,0.281105694,0,1,1,1 
HDVD_8,Heavy Duty Trucks_Diesel_Rigid 7.5 - 12 t_Conventional,,,0,0,12,86,-6.14E-05,0.029417312,0.978777675,2.335402852,0.000576203,0.031850199,0.157229547,0,1,1,1 
HDVD_8,Heavy Duty Trucks_Diesel_Rigid 7.5 - 12 t_Conventional,,,0,0.5,12,86,-2.06E-05,0.020055488,0.969903464,3.360539885,0.00044618,0.031231663,0.181206708,0,1,1,1 
HDVD_8,Heavy Duty Trucks_Diesel_Rigid 7.5 - 12 t_Conventional,,,0,1,12,86,6.17E-05,0.073746843,1.814199031,-8.156879442,0.001834065,0.080220751,-0.371505244,0,1,1,1 
HDVD_8,Heavy Duty Trucks_Diesel_Rigid 7.5 - 12 t_Conventional,,,0.02,0,12,86,-0.000349994,0.096549939,-0.275140678,-6.236941158,0.001824211,0.016057589,-0.331988776,0,1,1,1 
HDVD_8,Heavy Duty Trucks_Diesel_Rigid 7.5 - 12 t_Conventional,,,0.02,0.5,12,86,-1.77E-05,0.015884388,0.759343815,2.699529442,0.000386092,0.024130947,0.127382865,0,1,1,1 
HDVD_8,Heavy Duty Trucks_Diesel_Rigid 7.5 - 12 t_Conventional,,,0.02,1,12,84,2.12E-05,0.036467323,0.967002597,-4.932404577,0.000973279,0.038970444,-0.1963105,0,1,1,1 
HDVD_8,Heavy Duty Trucks_Diesel_Rigid 7.5 - 12 t_Conventional,,,0.04,0,12,86,-6.83E-05,0.039181058,1.22201654,2.855393571,0.000981259,0.038249408,0.125947972,0,1,1,1 
HDVD_8,Heavy Duty Trucks_Diesel_Rigid 7.5 - 12 t_Conventional,,,0.04,0.5,12,77,-4.59E-05,0.026980699,0.933398513,2.536088489,0.000701503,0.030175924,0.11541096,0,1,1,1 
HDVD_8,Heavy Duty Trucks_Diesel_Rigid 7.5 - 12 t_Conventional,,,0.04,1,12,66,6.96E-05,0.071244938,1.62383308,-5.045127528,0.001793022,0.071342044,-0.266443853,0,1,1,1 
HDVD_8,Heavy Duty Trucks_Diesel_Rigid 7.5 - 12 t_Conventional,,,0.06,0,12,77,-6.08E-05,0.034547211,0.967024944,1.968242745,0.000915323,0.030573469,0.082474943,0,1,1,1 
HDVD_8,Heavy Duty Trucks_Diesel_Rigid 7.5 - 12 t_Conventional,,,0.06,0.5,12,63,6.04E-05,0.066212471,1.774118574,-3.888161497,0.001666368,0.07196162,-0.209271934,0,1,1,1 
HDVD_8,Heavy Duty Trucks_Diesel_Rigid 7.5 - 12 t_Conventional,,,0.06,1,12,50,3.39E-05,0.081396944,2.377259505,-3.29428903,0.002557741,0.091044261,-0.174315128,0,1,1,1 
HDVD_9,Heavy Duty Trucks_Diesel_Rigid 7.5 - 12 t_Euro I,,,-0.06,0,12,86,1.08E-05,-0.004097081,0.484122854,3.411905086,0.000123904,0.049560693,0.476718822,0,1,1,1 
HDVD_9,Heavy Duty Trucks_Diesel_Rigid 7.5 - 12 t_Euro I,,,-0.06,0.5,12,86,1.27E-05,-0.004645255,0.526135804,3.624536172,0.000148202,0.055575486,0.550546499,0,1,1,1 
HDVD_9,Heavy Duty Trucks_Diesel_Rigid 7.5 - 12 t_Euro I,,,-0.06,1,12,86,1.16E-05,-0.004291575,0.49230672,3.419234099,0.000142936,0.054289839,0.532510311,0,1,1,1 
HDVD_9,Heavy Duty Trucks_Diesel_Rigid 7.5 - 12 t_Euro I,,,-0.04,0,12,86,-2.62E-05,0.034996109,2.285109833,-3.824309246,0.005759917,0.204560366,-0.127377254,0,1,1,1 
HDVD_9,Heavy Duty Trucks_Diesel_Rigid 7.5 - 12 t_Euro I,,,-0.04,0.5,12,86,8.81E-06,-0.003179674,0.357475716,2.307031319,2.19E-05,0.031449446,0.335501424,0,1,1,1 
HDVD_9,Heavy Duty Trucks_Diesel_Rigid 7.5 - 12 t_Euro I,,,-0.04,1,12,86,1.27E-05,-0.004336389,0.450334231,2.723068283,5.99E-05,0.038380519,0.43751315,0,1,1,1 
HDVD_9,Heavy Duty Trucks_Diesel_Rigid 7.5 - 12 t_Euro I,,,-0.02,0,12,86,8.47E-05,0.046345515,0.738945023,-3.476985061,0.002590648,0.129245396,-0.739233357,0,1,1,1 
HDVD_9,Heavy Duty Trucks_Diesel_Rigid 7.5 - 12 t_Euro I,,,-0.02,0.5,12,86,-4.38E-15,-1.32E-13,4.669410613,9.63E-10,-0.002272177,0.526922428,-0.389240198,0,1,1,1 
HDVD_9,Heavy Duty Trucks_Diesel_Rigid 7.5 - 12 t_Euro I,,,-0.02,1,12,86,1.24E-05,0.00227015,0.611810459,4.779614716,8.80E-05,0.069629523,0.427582251,0,1,1,1 
HDVD_9,Heavy Duty Trucks_Diesel_Rigid 7.5 - 12 t_Euro I,,,0,0,12,86,-1.26E-05,0.024357123,1.168119927,3.807990291,0.0010996,0.093495434,0.6304307,0,1,1,1 
HDVD_9,Heavy Duty Trucks_Diesel_Rigid 7.5 - 12 t_Euro I,,,0,0.5,12,86,3.83E-05,0.028402032,0.453123021,-4.195225032,0.001485694,0.062623374,-0.480473065,0,1,1,1 
HDVD_9,Heavy Duty Trucks_Diesel_Rigid 7.5 - 12 t_Euro I,,,0,1,12,86,0.000113409,0.070507756,1.202520763,-6.495387506,0.003530126,0.172396535,-0.928997669,0,1,1,1 
HDVD_9,Heavy Duty Trucks_Diesel_Rigid 7.5 - 12 t_Euro I,,,0.02,0,12,86,-1.82E-06,0.00036623,0.261427581,3.598343768,-1.84E-05,0.014164029,0.407582899,0,1,1,1 
HDVD_9,Heavy Duty Trucks_Diesel_Rigid 7.5 - 12 t_Euro I,,,0.02,0.5,12,86,1.54E-16,-7.16E-16,2.732764638,1.53E-11,-0.001323781,0.221517377,0.325897217,0,1,1,1 
HDVD_9,Heavy Duty Trucks_Diesel_Rigid 7.5 - 12 t_Euro I,,,0.02,1,12,85,9.92E-17,-2.60E-15,3.227665202,1.27E-11,-0.00169273,0.257650687,0.4735649,0,1,1,1 
HDVD_9,Heavy Duty Trucks_Diesel_Rigid 7.5 - 12 t_Euro I,,,0.04,0,12,86,0.000308239,-0.001371729,0.890466244,3.863690636,0.000912515,0.035929876,0.639121163,0,1,1,1 
HDVD_9,Heavy Duty Trucks_Diesel_Rigid 7.5 - 12 t_Euro I,,,0.04,0.5,12,78,0.00036656,0.099408581,0.565444784,-6.195338548,0.003248005,0.181642928,-1.406289875,0,1,1,1 
HDVD_9,Heavy Duty Trucks_Diesel_Rigid 7.5 - 12 t_Euro I,,,0.04,1,12,66,-8.78E-05,0.011598352,0.308540351,-4.818829285,-0.000405875,0.055649793,-0.577145533,0,1,1,1 
HDVD_9,Heavy Duty Trucks_Diesel_Rigid 7.5 - 12 t_Euro I,,,0.06,0,12,78,0.000336987,0.096893938,0.635308387,-6.194457564,0.003207743,0.17591638,-1.344158033,0,1,1,1 
HDVD_9,Heavy Duty Trucks_Diesel_Rigid 7.5 - 12 t_Euro I,,,0.06,0.5,12,64,0.000226072,0.020432943,1.893515224,2.889333385,-0.000888899,0.181063699,0.202935585,0,1,1,1 
HDVD_9,Heavy Duty Trucks_Diesel_Rigid 7.5 - 12 t_Euro I,,,0.06,1,12,52,0.000713146,0.149837404,0.614666482,-6.764134513,0.00470217,0.21836592,-1.489339337,0,1,1,1 
HDVD_10,Heavy Duty Trucks_Diesel_Rigid 7.5 - 12 t_Euro II,,,-0.06,0,12,86,7.03E-06,-0.002659507,0.318490014,2.150697683,-1.32E-05,0.044695733,0.458810293,0,1,1,1 
HDVD_10,Heavy Duty Trucks_Diesel_Rigid 7.5 - 12 t_Euro II,,,-0.06,0.5,12,86,6.80E-06,-0.002575692,0.308772176,2.086431034,-1.31E-05,0.045286042,0.464422718,0,1,1,1 
HDVD_10,Heavy Duty Trucks_Diesel_Rigid 7.5 - 12 t_Euro II,,,-0.06,1,12,86,5.98E-06,-0.002311394,0.284868959,1.958658344,-1.43E-05,0.043621968,0.437641413,0,1,1,1 
HDVD_10,Heavy Duty Trucks_Diesel_Rigid 7.5 - 12 t_Euro II,,,-0.04,0,12,86,-2.87E-05,0.044393294,2.91458985,-2.938790736,0.009403503,0.374662339,0.254361778,0,1,1,1 
HDVD_10,Heavy Duty Trucks_Diesel_Rigid 7.5 - 12 t_Euro II,,,-0.04,0.5,12,86,6.07E-06,-0.002185928,0.242003892,1.570543129,-4.79E-05,0.030011868,0.336186532,0,1,1,1 
HDVD_10,Heavy Duty Trucks_Diesel_Rigid 7.5 - 12 t_Euro II,,,-0.04,1,12,86,7.42E-06,-0.002638559,0.289775747,1.832944224,-3.03E-05,0.036179086,0.40813752,0,1,1,1 
HDVD_10,Heavy Duty Trucks_Diesel_Rigid 7.5 - 12 t_Euro II,,,-0.02,0,12,86,0.000128189,0.074582544,1.252665432,-5.709571547,0.006163807,0.304956045,-1.672950277,0,1,1,1 
HDVD_10,Heavy Duty Trucks_Diesel_Rigid 7.5 - 12 t_Euro II,,,-0.02,0.5,12,86,5.68E-06,0.001318472,0.360475772,2.724844767,-5.70E-05,0.057299761,0.376023976,0,1,1,1 
HDVD_10,Heavy Duty Trucks_Diesel_Rigid 7.5 - 12 t_Euro II,,,-0.02,1,12,86,6.56E-06,0.002095689,0.592338618,4.29256817,0.000120273,0.091909902,0.612384936,0,1,1,1 
HDVD_10,Heavy Duty Trucks_Diesel_Rigid 7.5 - 12 t_Euro II,,,0,0,12,86,-2.87E-05,0.029761242,1.377405272,4.32848873,0.001998176,0.161956465,1.07076748,0,1,1,1 
HDVD_10,Heavy Duty Trucks_Diesel_Rigid 7.5 - 12 t_Euro II,,,0,0.5,12,86,7.19E-05,0.057831309,0.627846664,-12.77737411,0.004789479,0.149573035,-2.062191401,0,1,1,1 
HDVD_10,Heavy Duty Trucks_Diesel_Rigid 7.5 - 12 t_Euro II,,,0,1,12,86,8.19E-05,0.064445528,1.15734626,-8.507624095,0.005109792,0.223632459,-1.455421724,0,1,1,1 
HDVD_10,Heavy Duty Trucks_Diesel_Rigid 7.5 - 12 t_Euro II,,,0.02,0,12,86,-1.02E-05,0.026684962,1.304761774,4.385691159,0.001740596,0.146048426,0.966992697,0,1,1,1 
HDVD_10,Heavy Duty Trucks_Diesel_Rigid 7.5 - 12 t_Euro II,,,0.02,0.5,12,86,-5.21E-06,0.00206473,0.475378582,2.895003579,-0.000164457,0.054834146,0.47562443,0,1,1,1 
HDVD_10,Heavy Duty Trucks_Diesel_Rigid 7.5 - 12 t_Euro II,,,0.02,1,12,86,2.25E-05,0.006980593,1.045579817,9.966491504,-0.000359455,0.131005626,1.438333806,0,1,1,1 
HDVD_10,Heavy Duty Trucks_Diesel_Rigid 7.5 - 12 t_Euro II,,,0.04,0,12,86,4.24E-06,0.002990724,0.551813452,3.777329048,-0.000151191,0.06489783,0.522943492,0,1,1,1 
HDVD_10,Heavy Duty Trucks_Diesel_Rigid 7.5 - 12 t_Euro II,,,0.04,0.5,12,81,4.14E-05,0.009455058,1.190324905,-6.615830778,-0.000517611,0.171383028,-0.899082021,0,1,1,1 
HDVD_10,Heavy Duty Trucks_Diesel_Rigid 7.5 - 12 t_Euro II,,,0.04,1,12,70,0.000427514,0.096838322,0.32921353,-5.557932534,0.004428364,0.24703584,-2.057411538,0,1,1,1 
HDVD_10,Heavy Duty Trucks_Diesel_Rigid 7.5 - 12 t_Euro II,,,0.06,0,12,82,5.08E-05,-0.000492376,0.493955376,3.972748859,-9.26E-05,0.045911024,0.605545759,0,1,1,1 
HDVD_10,Heavy Duty Trucks_Diesel_Rigid 7.5 - 12 t_Euro II,,,0.06,0.5,12,66,0.000731295,0.146510875,-0.147758168,-9.141155078,0.004892709,0.36969721,-3.839645984,0,1,1,1 
HDVD_10,Heavy Duty Trucks_Diesel_Rigid 7.5 - 12 t_Euro II,,,0.06,1,12,56,0.000556928,0.097310324,-0.108070612,-5.172696571,0.003404864,0.221867252,-2.190265353,0,1,1,1 
HDVD_11,Heavy Duty Trucks_Diesel_Rigid 7.5 - 12 t_Euro III,,,-0.06,0,12,86,3.07E-06,-0.001541733,0.268350395,2.038235315,7.82E-06,0.045859602,0.387423347,0,1,1,1 
HDVD_11,Heavy Duty Trucks_Diesel_Rigid 7.5 - 12 t_Euro III,,,-0.06,0.5,12,86,5.46E-06,-0.002784979,0.494912674,3.768093737,1.36E-05,0.091558045,0.769354988,0,1,1,1 
HDVD_11,Heavy Duty Trucks_Diesel_Rigid 7.5 - 12 t_Euro III,,,-0.06,1,12,86,-2.71E-05,0.024613206,2.182694102,-2.629824557,0.009919537,0.335845578,0.24134976,0,1,1,1 
HDVD_11,Heavy Duty Trucks_Diesel_Rigid 7.5 - 12 t_Euro III,,,-0.04,0,12,86,-2.70E-06,0.017050738,0.485854879,-5.396038558,0.002980761,0.07403283,-0.850212949,0,1,1,1 
HDVD_11,Heavy Duty Trucks_Diesel_Rigid 7.5 - 12 t_Euro III,,,-0.04,0.5,12,86,3.58E-06,-0.00155973,0.212240012,1.596746192,-7.38E-05,0.032205893,0.304020324,0,1,1,1 
HDVD_11,Heavy Duty Trucks_Diesel_Rigid 7.5 - 12 t_Euro III,,,-0.04,1,12,86,5.14E-06,-0.002265939,0.326248004,2.430317349,-6.86E-05,0.051993445,0.478023113,0,1,1,1 
HDVD_11,Heavy Duty Trucks_Diesel_Rigid 7.5 - 12 t_Euro III,,,-0.02,0,12,86,8.28E-05,0.055953364,1.034788452,-4.900434807,0.004735145,0.228937663,-1.167536935,0,1,1,1 
HDVD_11,Heavy Duty Trucks_Diesel_Rigid 7.5 - 12 t_Euro III,,,-0.02,0.5,12,86,7.66E-06,0.001793731,0.453484785,3.399305736,-0.0001039,0.074841392,0.488477094,0,1,1,1 
HDVD_11,Heavy Duty Trucks_Diesel_Rigid 7.5 - 12 t_Euro III,,,-0.02,1,12,86,-2.73E-17,-3.26E-15,2.26007255,5.26E-13,-0.00151664,0.402236134,-0.404696686,0,1,1,1 
HDVD_11,Heavy Duty Trucks_Diesel_Rigid 7.5 - 12 t_Euro III,,,0,0,12,86,-0.000217218,0.086827951,2.290394908,3.982456162,0.006080378,0.310018313,1.350579609,0,1,1,1 
HDVD_11,Heavy Duty Trucks_Diesel_Rigid 7.5 - 12 t_Euro III,,,0,0.5,12,86,-6.46E-05,0.044543821,1.908879566,5.726305109,0.00341995,0.241447179,1.460375071,0,1,1,1 
HDVD_11,Heavy Duty Trucks_Diesel_Rigid 7.5 - 12 t_Euro III,,,0,1,12,86,-1.19E-05,0.021414645,1.066369561,3.691414106,0.00172211,0.137569796,0.874568357,0,1,1,1 
HDVD_11,Heavy Duty Trucks_Diesel_Rigid 7.5 - 12 t_Euro III,,,0.02,0,12,86,-7.17E-05,0.05101592,2.203659463,6.606278857,0.003599721,0.261410395,1.616250432,0,1,1,1 
HDVD_11,Heavy Duty Trucks_Diesel_Rigid 7.5 - 12 t_Euro III,,,0.02,0.5,12,86,8.23E-05,0.056254645,0.83914253,-8.145517887,0.004223293,0.180565028,-1.414603205,0,1,1,1 
HDVD_11,Heavy Duty Trucks_Diesel_Rigid 7.5 - 12 t_Euro III,,,0.02,1,12,86,0.000290348,0.117567113,1.34086618,-8.578968925,0.007593055,0.406480142,-2.591768246,0,1,1,1 
HDVD_11,Heavy Duty Trucks_Diesel_Rigid 7.5 - 12 t_Euro III,,,0.04,0,12,86,0.000119598,0.068113722,1.10378859,-5.676720498,0.004659446,0.232590187,-1.263060358,0,1,1,1 
HDVD_11,Heavy Duty Trucks_Diesel_Rigid 7.5 - 12 t_Euro III,,,0.04,0.5,12,83,0.000249566,0.081198008,0.662672852,-5.571406206,0.004705476,0.25844179,-1.949271832,0,1,1,1 
HDVD_11,Heavy Duty Trucks_Diesel_Rigid 7.5 - 12 t_Euro III,,,0.04,1,12,72,0.00025397,0.07083693,0.460431268,-4.258638291,0.003948785,0.207461951,-1.517998231,0,1,1,1 
HDVD_11,Heavy Duty Trucks_Diesel_Rigid 7.5 - 12 t_Euro III,,,0.06,0,12,83,0.000220641,0.077761968,0.73288832,-5.361761294,0.004529599,0.243478205,-1.723874377,0,1,1,1 
HDVD_11,Heavy Duty Trucks_Diesel_Rigid 7.5 - 12 t_Euro III,,,0.06,0.5,12,67,0.000415419,0.089950863,0.208940135,-5.567370121,0.004332056,0.253941383,-2.344729901,0,1,1,1 
HDVD_11,Heavy Duty Trucks_Diesel_Rigid 7.5 - 12 t_Euro III,,,0.06,1,12,58,0.000430944,0.082199548,0.041610357,-4.745933845,0.003599269,0.21908856,-2.105279832,0,1,1,1 
HDVD_12,Heavy Duty Trucks_Diesel_Rigid 7.5 - 12 t_Euro IV,,,-0.06,0,12,86,5.13E-06,-0.001760323,0.180750291,1.355882328,0.001243214,0.241783929,2.420439368,0,1,1,1 
HDVD_12,Heavy Duty Trucks_Diesel_Rigid 7.5 - 12 t_Euro IV,,,-0.06,0.5,12,86,2.37E-05,-0.007637479,0.724519191,4.898612656,0.005093915,0.958124364,10.43558572,0,1,1,1 
HDVD_12,Heavy Duty Trucks_Diesel_Rigid 7.5 - 12 t_Euro IV,,,-0.06,1,12,86,2.06E-05,-0.006714287,0.646874249,4.392254051,0.00459892,0.904207286,9.733251738,0,1,1,1 
HDVD_12,Heavy Duty Trucks_Diesel_Rigid 7.5 - 12 t_Euro IV,,,-0.04,0,12,86,4.17E-06,-0.002014912,0.321651267,2.521494113,0.000964944,0.418409013,3.50007471,0,1,1,1 
HDVD_12,Heavy Duty Trucks_Diesel_Rigid 7.5 - 12 t_Euro IV,,,-0.04,0.5,12,86,1.59E-05,-0.005881016,0.671048196,4.792129385,0.002625654,0.812299885,7.841470392,0,1,1,1 
HDVD_12,Heavy Duty Trucks_Diesel_Rigid 7.5 - 12 t_Euro IV,,,-0.04,1,12,86,1.59E-05,-0.005278387,0.526235678,3.283570115,0.001987957,0.591947075,6.583780275,0,1,1,1 
HDVD_12,Heavy Duty Trucks_Diesel_Rigid 7.5 - 12 t_Euro IV,,,-0.02,0,12,86,1.57E-05,0.014513101,0.334483599,-1.139074843,0.012199642,0.564768928,-2.49930639,0,1,1,1 
HDVD_12,Heavy Duty Trucks_Diesel_Rigid 7.5 - 12 t_Euro IV,,,-0.02,0.5,12,86,1.57E-05,0.015360925,0.368574134,-1.049304595,0.01448936,0.65819526,-3.016148842,0,1,1,1 
HDVD_12,Heavy Duty Trucks_Diesel_Rigid 7.5 - 12 t_Euro IV,,,-0.02,1,12,86,1.09E-05,0.026098745,0.849515247,-2.049934455,0.028763894,1.242714722,-3.726772461,0,1,1,1 
HDVD_12,Heavy Duty Trucks_Diesel_Rigid 7.5 - 12 t_Euro IV,,,0,0,12,86,6.90E-05,0.029599311,0.364403603,-2.160169164,0.015920364,0.836439842,-5.333319639,0,1,1,1 
HDVD_12,Heavy Duty Trucks_Diesel_Rigid 7.5 - 12 t_Euro IV,,,0,0.5,12,86,5.22E-05,0.016941636,0.135490934,-1.170488892,0.007899253,0.444953109,-3.331490982,0,1,1,1 
HDVD_12,Heavy Duty Trucks_Diesel_Rigid 7.5 - 12 t_Euro IV,,,0,1,12,86,5.74E-05,0.017757795,0.129932641,-1.188597762,0.007494126,0.430818477,-3.106756087,0,1,1,1 
HDVD_12,Heavy Duty Trucks_Diesel_Rigid 7.5 - 12 t_Euro IV,,,0.02,0,12,86,5.16E-06,0.000794325,0.098241862,2.637932242,-0.000279738,0.066657313,3.209981235,0,1,1,1 
HDVD_12,Heavy Duty Trucks_Diesel_Rigid 7.5 - 12 t_Euro IV,,,0.02,0.5,12,86,0.000448198,0.060020278,0.473512365,1.607473833,0.014391217,1.540974684,-4.657501688,0,1,1,1 
HDVD_12,Heavy Duty Trucks_Diesel_Rigid 7.5 - 12 t_Euro IV,,,0.02,1,12,86,0.000152825,0.029264206,0.001116857,-1.423922927,0.007245485,0.493783764,-4.191515448,0,1,1,1 
HDVD_12,Heavy Duty Trucks_Diesel_Rigid 7.5 - 12 t_Euro IV,,,0.04,0,12,86,0.000244523,0.040446247,0.271384469,1.524216692,0.005529571,1.037410794,-3.146465575,0,1,1,1 
HDVD_12,Heavy Duty Trucks_Diesel_Rigid 7.5 - 12 t_Euro IV,,,0.04,0.5,12,82,-0.000172648,0.013492917,0.163624043,-2.661861099,-0.004036334,0.399335451,-3.365760508,0,1,1,1 
HDVD_12,Heavy Duty Trucks_Diesel_Rigid 7.5 - 12 t_Euro IV,,,0.04,1,12,74,-0.000146089,0.009398366,0.219902173,-2.089603766,-0.00329982,0.298025391,-1.765866348,0,1,1,1 
HDVD_12,Heavy Duty Trucks_Diesel_Rigid 7.5 - 12 t_Euro IV,,,0.06,0,12,82,0.000181935,0.031744961,-0.029344383,-1.373111608,0.006975579,0.476899848,-4.019570184,0,1,1,1 
HDVD_12,Heavy Duty Trucks_Diesel_Rigid 7.5 - 12 t_Euro IV,,,0.06,0.5,12,69,4.47E-06,0.02042951,0.568985148,0.71565894,0.002253747,0.345438561,3.700996687,0,1,1,1 
HDVD_12,Heavy Duty Trucks_Diesel_Rigid 7.5 - 12 t_Euro IV,,,0.06,1,12,59,-0.00020087,0.03864965,-0.394702163,-0.461481589,0.00504017,0.187791812,-2.965032935,0,1,1,1 
HDVD_12,Heavy Duty Trucks_Diesel_Rigid 7.5 - 12 t_Euro IV,,,-0.06,0,12,86,5.13E-06,-0.001760323,0.180750291,1.355882328,0.001243214,0.241783929,2.420439368,0,1,1,1 
HDVD_12,Heavy Duty Trucks_Diesel_Rigid 7.5 - 12 t_Euro IV,,,-0.06,0.5,12,86,2.37E-05,-0.007637479,0.724519191,4.898612656,0.005093915,0.958124364,10.43558572,0,1,1,1 
HDVD_12,Heavy Duty Trucks_Diesel_Rigid 7.5 - 12 t_Euro IV,,,-0.06,1,12,86,2.06E-05,-0.006714287,0.646874249,4.392254051,0.00459892,0.904207286,9.733251738,0,1,1,1 
HDVD_12,Heavy Duty Trucks_Diesel_Rigid 7.5 - 12 t_Euro IV,,,-0.04,0,12,86,4.17E-06,-0.002014912,0.321651267,2.521494113,0.000964944,0.418409013,3.50007471,0,1,1,1 
HDVD_12,Heavy Duty Trucks_Diesel_Rigid 7.5 - 12 t_Euro IV,,,-0.04,1,12,86,1.59E-05,-0.005278387,0.526235678,3.283570115,0.001987957,0.591947075,6.583780275,0,1,1,1 
HDVD_12,Heavy Duty Trucks_Diesel_Rigid 7.5 - 12 t_Euro IV,,,-0.02,0,12,86,1.57E-05,0.014513101,0.334483599,-1.139074843,0.012199642,0.564768928,-2.49930639,0,1,1,1 
HDVD_12,Heavy Duty Trucks_Diesel_Rigid 7.5 - 12 t_Euro IV,,,-0.02,1,12,86,1.09E-05,0.026098745,0.849515247,-2.049934455,0.028763894,1.242714722,-3.726772461,0,1,1,1 
HDVD_12,Heavy Duty Trucks_Diesel_Rigid 7.5 - 12 t_Euro IV,,,0,0,12,86,6.90E-05,0.029599311,0.364403603,-2.160169164,0.015920364,0.836439842,-5.333319639,0,1,1,1 
HDVD_12,Heavy Duty Trucks_Diesel_Rigid 7.5 - 12 t_Euro IV,,,0,1,12,86,5.74E-05,0.017757795,0.129932641,-1.188597762,0.007494126,0.430818477,-3.106756087,0,1,1,1 
HDVD_12,Heavy Duty Trucks_Diesel_Rigid 7.5 - 12 t_Euro IV,,,0.02,0,12,86,5.16E-06,0.000794325,0.098241862,2.637932242,-0.000279738,0.066657313,3.209981235,0,1,1,1 
HDVD_12,Heavy Duty Trucks_Diesel_Rigid 7.5 - 12 t_Euro IV,,,0.02,1,12,86,0.000152825,0.029264206,0.001116857,-1.423922927,0.007245485,0.493783764,-4.191515448,0,1,1,1 
HDVD_12,Heavy Duty Trucks_Diesel_Rigid 7.5 - 12 t_Euro IV,,,0.04,0,12,86,0.000244523,0.040446247,0.271384469,1.524216692,0.005529571,1.037410794,-3.146465575,0,1,1,1 
HDVD_12,Heavy Duty Trucks_Diesel_Rigid 7.5 - 12 t_Euro IV,,,0.04,1,12,74,-0.000146089,0.009398366,0.219902173,-2.089603766,-0.00329982,0.298025391,-1.765866348,0,1,1,1 
HDVD_12,Heavy Duty Trucks_Diesel_Rigid 7.5 - 12 t_Euro IV,,,0.06,0,12,82,0.000181935,0.031744961,-0.029344383,-1.373111608,0.006975579,0.476899848,-4.019570184,0,1,1,1 
HDVD_12,Heavy Duty Trucks_Diesel_Rigid 7.5 - 12 t_Euro IV,,,0.06,0.5,12,69,4.47E-06,0.02042951,0.568985148,0.71565894,0.002253747,0.345438561,3.700996687,0,1,1,1 
HDVD_12,Heavy Duty Trucks_Diesel_Rigid 7.5 - 12 t_Euro IV,,,0.06,1,12,59,-0.00020087,0.03864965,-0.394702163,-0.461481589,0.00504017,0.187791812,-2.965032935,0,1,1,1 
HDVD_13,Heavy Duty Trucks_Diesel_Rigid 7.5 - 12 t_Euro V,SCR,,-0.06,0,5,85,-0.003557074,0.401932483,-0.618972173,0.34573573,1.168152387,0.624280112,0.434160459,0,1,1,1 
HDVD_13,Heavy Duty Trucks_Diesel_Rigid 7.5 - 12 t_Euro V,SCR,,-0.06,0.5,5,85,-0.000734812,0.075197161,-0.189601141,-0.395838148,0.198158929,0.535038343,-5.427153497,0,1,1,1 
HDVD_13,Heavy Duty Trucks_Diesel_Rigid 7.5 - 12 t_Euro V,SCR,,-0.06,1,5,85,-0.001654213,0.188286399,-0.024469559,-0.25815467,0.646390671,0.554871601,1.818663408,0,1,1,1 
HDVD_13,Heavy Duty Trucks_Diesel_Rigid 7.5 - 12 t_Euro V,SCR,,-0.04,0,5,85,-0.00231476,0.363666665,-0.720360429,0.816662032,0.904189306,0.59540671,0.509053195,0,1,1,1 
HDVD_13,Heavy Duty Trucks_Diesel_Rigid 7.5 - 12 t_Euro V,SCR,,-0.04,0.5,5,85,2.86E-05,-0.005608966,0.279073384,0.083213816,-0.006530298,0.584172589,3.291835706,0,1,1,1 
HDVD_13,Heavy Duty Trucks_Diesel_Rigid 7.5 - 12 t_Euro V,SCR,,-0.04,1,5,85,-0.000667608,0.07134333,-0.222893589,-0.30421955,0.145375971,0.56126089,-5.125768023,0,1,1,1 
HDVD_13,Heavy Duty Trucks_Diesel_Rigid 7.5 - 12 t_Euro V,SCR,,-0.02,0,5,85,-1.55E-05,-0.002368928,0.338284596,-0.044019447,-0.009290334,0.799171954,2.170877764,0,1,1,1 
HDVD_13,Heavy Duty Trucks_Diesel_Rigid 7.5 - 12 t_Euro V,SCR,,-0.02,0.5,5,85,-4.09E-06,-0.004573571,0.460358367,-0.106792179,-0.012480653,1.09297445,2.748526543,0,1,1,1 
HDVD_13,Heavy Duty Trucks_Diesel_Rigid 7.5 - 12 t_Euro V,SCR,,-0.02,1,5,85,9.02E-06,-0.002658436,0.172182224,0.102049373,-0.003762649,0.316908783,2.029281544,0,1,1,1 
HDVD_13,Heavy Duty Trucks_Diesel_Rigid 7.5 - 12 t_Euro V,SCR,,0,0,5,85,0.000126394,0.063957905,0.733693286,-0.717087705,0.078911105,2.700322004,3.75E-05,0,1,1,1 
HDVD_13,Heavy Duty Trucks_Diesel_Rigid 7.5 - 12 t_Euro V,SCR,,0,0.5,5,85,0.000203509,0.064052737,0.704632106,-0.686735022,0.081218759,2.588653118,3.52E-05,0,1,1,1 
HDVD_13,Heavy Duty Trucks_Diesel_Rigid 7.5 - 12 t_Euro V,SCR,,0,1,5,85,0.000291536,0.073563635,0.675453068,-0.657424428,0.094969984,2.55837273,7.47E-05,0,1,1,1 
HDVD_13,Heavy Duty Trucks_Diesel_Rigid 7.5 - 12 t_Euro V,SCR,,0.02,0,5,85,0.000527349,0.05889364,0.561847551,-0.571282069,0.084265461,1.945825326,9.35E-06,0,1,1,1 
HDVD_13,Heavy Duty Trucks_Diesel_Rigid 7.5 - 12 t_Euro V,SCR,,0.02,0.5,5,85,-0.000145489,0.006103,0.65837417,-0.129171773,-0.016092308,1.415918634,3.371331266,0,1,1,1 
HDVD_13,Heavy Duty Trucks_Diesel_Rigid 7.5 - 12 t_Euro V,SCR,,0.02,1,5,85,-0.000238684,0.014281754,1.020263818,-0.185279115,-0.022580381,2.150877962,5.29731332,0,1,1,1 
HDVD_13,Heavy Duty Trucks_Diesel_Rigid 7.5 - 12 t_Euro V,SCR,,0.04,0,5,85,0.005163507,0.112965086,-1.17780293,1.087439926,0.417617269,-2.873869497,-3.40E-08,0,1,1,1 
HDVD_13,Heavy Duty Trucks_Diesel_Rigid 7.5 - 12 t_Euro V,SCR,,0.04,0.5,5,80,-0.000389722,0.027895305,0.959524834,-0.656731661,-0.026688417,2.459790281,1.923899523,0,1,1,1 
HDVD_13,Heavy Duty Trucks_Diesel_Rigid 7.5 - 12 t_Euro V,SCR,,0.04,1,5,75,0.029294031,0.436216224,-0.241982069,0.020759645,1.344236162,0.464353507,0.543060358,0,1,1,1 
HDVD_13,Heavy Duty Trucks_Diesel_Rigid 7.5 - 12 t_Euro V,SCR,,0.06,0,5,80,-0.00044236,0.032486527,1.044830834,-0.902959552,-0.030296992,2.814786597,1.027609508,0,1,1,1 
HDVD_13,Heavy Duty Trucks_Diesel_Rigid 7.5 - 12 t_Euro V,SCR,,0.06,0.5,5,70,-0.001061191,0.071520552,1.08535135,-0.969033294,-0.042491551,3.470006834,2.64E-08,0,1,1,1 
HDVD_13,Heavy Duty Trucks_Diesel_Rigid 7.5 - 12 t_Euro V,SCR,,0.06,1,5,60,-0.000772932,0.067888799,1.006237899,-0.732297193,-0.033325126,2.932945804,0.84646821,0,1,1,1 
HDVD_13,Heavy Duty Trucks_Diesel_Rigid 7.5 - 12 t_Euro V,EGR,,-0.06,0,5,75,-0.001580754,0.128376253,-0.162429614,-1.600394919,0.086082897,0.09203304,-2.042219358,0,1,1,1 
HDVD_13,Heavy Duty Trucks_Diesel_Rigid 7.5 - 12 t_Euro V,EGR,,-0.06,0.5,5,75,-0.007984179,0.653490295,-1.549334317,-2.082598783,0.51755172,-0.877939338,-3.180103938,0,1,1,1 
HDVD_13,Heavy Duty Trucks_Diesel_Rigid 7.5 - 12 t_Euro V,EGR,,-0.06,1,5,80,-0.003313159,0.299367749,-1.953053835,3.530612834,0.263607876,-1.854469719,3.513608811,0,1,1,1 
HDVD_13,Heavy Duty Trucks_Diesel_Rigid 7.5 - 12 t_Euro V,EGR,,-0.04,0,5,85,-0.00475583,0.61027965,-1.147020147,1.194350596,0.372676013,-0.170099968,2.12E-08,0,1,1,1 
HDVD_13,Heavy Duty Trucks_Diesel_Rigid 7.5 - 12 t_Euro V,EGR,,-0.04,0.5,5,85,2.76E-05,-0.005280833,0.267034247,1.154668776,-0.000659137,0.131903961,1.443803984,0,1,1,1 
HDVD_13,Heavy Duty Trucks_Diesel_Rigid 7.5 - 12 t_Euro V,EGR,,-0.04,1,5,85,-0.005672771,0.526366078,-0.749373418,1.3835695,0.327339571,0.104153316,0.493074529,0,1,1,1 
HDVD_13,Heavy Duty Trucks_Diesel_Rigid 7.5 - 12 t_Euro V,EGR,,-0.02,0,5,85,0.003399629,0.2470055,-1.124478957,1.055076946,0.191405778,-0.807252602,0.694278063,0,1,1,1 
HDVD_13,Heavy Duty Trucks_Diesel_Rigid 7.5 - 12 t_Euro V,EGR,,-0.02,0.5,5,85,-8.49E-05,-0.012639707,1.95883057,-0.876810438,-0.014636785,1.330164279,4.28E-14,0,1,1,1 
HDVD_13,Heavy Duty Trucks_Diesel_Rigid 7.5 - 12 t_Euro V,EGR,,-0.02,1,5,85,2.18E-05,-0.004525211,0.241640769,1.769370001,-0.001223669,0.09582121,1.747685121,0,1,1,1 
HDVD_13,Heavy Duty Trucks_Diesel_Rigid 7.5 - 12 t_Euro V,EGR,,0,0,5,85,-0.000114793,0.060763774,1.641238777,-0.692520237,0.008548102,1.105909204,1.45E-07,0,1,1,1 
HDVD_13,Heavy Duty Trucks_Diesel_Rigid 7.5 - 12 t_Euro V,EGR,,0,0.5,5,85,-0.000107208,0.085156458,2.644143394,-1.096262903,0.010955394,1.758750712,1.47E-09,0,1,1,1 
HDVD_13,Heavy Duty Trucks_Diesel_Rigid 7.5 - 12 t_Euro V,EGR,,0,1,5,85,0.012866613,0.776692196,-3.269966581,1.549750863,0.499857054,-1.709611644,3.13E-11,0,1,1,1 
HDVD_13,Heavy Duty Trucks_Diesel_Rigid 7.5 - 12 t_Euro V,EGR,,0.02,0,5,85,0.009544258,0.525102748,-1.665157482,0.837598544,0.30833281,-0.744134636,-1.91E-09,0,1,1,1 
HDVD_13,Heavy Duty Trucks_Diesel_Rigid 7.5 - 12 t_Euro V,EGR,,0.02,0.5,5,85,0.00694888,0.240972068,-2.193895542,2.788107431,0.178702443,-1.337415089,1.4839689,0,1,1,1 
HDVD_13,Heavy Duty Trucks_Diesel_Rigid 7.5 - 12 t_Euro V,EGR,,0.02,1,5,85,0.000108182,0.000416041,-0.057307177,1.880633973,0.002465766,-0.076347385,1.233097299,0,1,1,1 
HDVD_13,Heavy Duty Trucks_Diesel_Rigid 7.5 - 12 t_Euro V,EGR,,0.04,0,5,85,0.015878061,0.61737504,-1.848595652,0.785770535,0.371648423,-0.859028325,-7.45E-10,0,1,1,1 
HDVD_13,Heavy Duty Trucks_Diesel_Rigid 7.5 - 12 t_Euro V,EGR,,0.04,0.5,5,80,0.014274614,0.481384285,-4.285032048,2.364061827,0.308725171,-2.103926934,4.08E-13,0,1,1,1 
HDVD_13,Heavy Duty Trucks_Diesel_Rigid 7.5 - 12 t_Euro V,EGR,,0.04,1,5,75,-0.000896136,0.060748208,2.364933823,-1.060515177,-0.012705625,1.341402215,-1.32E-13,0,1,1,1 
HDVD_13,Heavy Duty Trucks_Diesel_Rigid 7.5 - 12 t_Euro V,EGR,,0.06,0,5,80,-0.000882154,0.072152251,3.341509375,-1.84874482,-0.014766319,1.838903776,3.37E-09,0,1,1,1 
HDVD_13,Heavy Duty Trucks_Diesel_Rigid 7.5 - 12 t_Euro V,EGR,,0.06,0.5,5,70,-0.001014648,0.05942711,2.407772613,-1.135601831,-0.014266924,1.325206688,-3.96E-11,0,1,1,1 
HDVD_13,Heavy Duty Trucks_Diesel_Rigid 7.5 - 12 t_Euro V,EGR,,0.06,1,5,60,0.001767754,0.157694462,2.012763989,0.613708225,0.031748664,1.224114369,0.355164024,0,1,1,1 
HDVD_14,Heavy Duty Trucks_Diesel_Rigid 7.5 - 12 t_Euro VI,,,-0.06,0,5,80,-0.001887468,0.164956409,-0.620331421,1.158531456,0.40287546,-1.44835983,3.224179353,0,1,1,1 
HDVD_14,Heavy Duty Trucks_Diesel_Rigid 7.5 - 12 t_Euro VI,,,-0.06,0.5,5,75,-0.00531125,0.422918866,-0.146125706,0.612009905,1.144258332,0.572248806,0.337651251,0,1,1,1 
HDVD_14,Heavy Duty Trucks_Diesel_Rigid 7.5 - 12 t_Euro VI,,,-0.06,1,5,75,-0.005744786,0.448095784,-0.030006278,0.23723818,1.305860762,0.432944602,0.513452002,0,1,1,1 
HDVD_14,Heavy Duty Trucks_Diesel_Rigid 7.5 - 12 t_Euro VI,,,-0.04,0,5,85,-0.003862078,0.490763341,-0.414589655,0.61479891,1.004998072,0.655689778,0.397541158,0,1,1,1 
HDVD_14,Heavy Duty Trucks_Diesel_Rigid 7.5 - 12 t_Euro VI,,,-0.04,0.5,5,85,2.49E-05,-0.004765574,0.240995279,1.038612668,-0.001988906,0.397055706,4.331360238,0,1,1,1 
HDVD_14,Heavy Duty Trucks_Diesel_Rigid 7.5 - 12 t_Euro VI,,,-0.04,1,5,85,-0.004142092,0.385155924,-0.618120674,0.984863627,0.796974929,0.100865475,0.861930915,0,1,1,1 
HDVD_14,Heavy Duty Trucks_Diesel_Rigid 7.5 - 12 t_Euro VI,,,-0.02,0,5,85,0.006823325,0.526671703,0.119649759,0.070915011,1.280373574,0.442176464,0.540526859,0,1,1,1 
HDVD_14,Heavy Duty Trucks_Diesel_Rigid 7.5 - 12 t_Euro VI,,,-0.02,0.5,5,85,-5.89E-05,-0.008843692,1.368755512,-0.613347471,-0.034053378,3.097275899,2.49E-12,0,1,1,1 
HDVD_14,Heavy Duty Trucks_Diesel_Rigid 7.5 - 12 t_Euro VI,,,-0.02,1,5,85,1.01E-05,-0.00210021,0.11229095,0.817691875,-0.001897708,0.148750703,2.693662442,0,1,1,1 
HDVD_14,Heavy Duty Trucks_Diesel_Rigid 7.5 - 12 t_Euro VI,,,0,0,5,85,-5.81E-05,0.030804098,0.83203613,-0.351158982,0.014449416,1.868722659,1.63E-06,0,1,1,1 
HDVD_14,Heavy Duty Trucks_Diesel_Rigid 7.5 - 12 t_Euro VI,,,0,0.5,5,85,-5.19E-05,0.040946337,1.273940841,-0.528788023,0.017506886,2.823560855,1.86E-05,0,1,1,1 
HDVD_14,Heavy Duty Trucks_Diesel_Rigid 7.5 - 12 t_Euro VI,,,0,1,5,85,-1.75E-05,0.04188609,1.26383135,-0.496762854,0.019776198,2.800441374,2.92E-05,0,1,1,1 
HDVD_14,Heavy Duty Trucks_Diesel_Rigid 7.5 - 12 t_Euro VI,,,0.02,0,5,85,0.011037625,0.638214331,-0.139343601,0.117818396,1.188629966,0.466011844,0.551059522,0,1,1,1 
HDVD_14,Heavy Duty Trucks_Diesel_Rigid 7.5 - 12 t_Euro VI,,,0.02,0.5,5,85,0.011030648,0.496040692,-4.304107724,2.548288517,1.048771557,-7.228099159,-8.44E-09,0,1,1,1 
HDVD_14,Heavy Duty Trucks_Diesel_Rigid 7.5 - 12 t_Euro VI,,,0.02,1,5,85,0.001217484,0.111512668,2.470618342,-1.890721484,0.097133924,4.832419643,-1.356594466,0,1,1,1 
HDVD_14,Heavy Duty Trucks_Diesel_Rigid 7.5 - 12 t_Euro VI,,,0.04,0,5,85,0.00450899,0.149314544,-1.247217768,1.128466639,0.346328254,-2.309642879,1.403398692,0,1,1,1 
HDVD_14,Heavy Duty Trucks_Diesel_Rigid 7.5 - 12 t_Euro VI,,,0.04,0.5,5,80,-0.000442826,0.043163342,1.808302344,-0.91526569,-0.023198538,3.414793738,3.02E-07,0,1,1,1 
HDVD_14,Heavy Duty Trucks_Diesel_Rigid 7.5 - 12 t_Euro VI,,,0.04,1,5,75,-0.000436532,0.032554289,1.221352238,-0.548499378,-0.02005161,2.310111887,2.94E-08,0,1,1,1 
HDVD_14,Heavy Duty Trucks_Diesel_Rigid 7.5 - 12 t_Euro VI,,,0.06,0,5,80,0.007008111,0.238879577,-2.14986128,1.255552205,0.498695453,-3.423728303,6.73E-13,0,1,1,1 
HDVD_14,Heavy Duty Trucks_Diesel_Rigid 7.5 - 12 t_Euro VI,,,0.06,0.5,5,70,-0.000408239,0.028275762,1.067184053,-0.501980381,-0.018320392,1.962407037,6.42E-09,0,1,1,1 
HDVD_14,Heavy Duty Trucks_Diesel_Rigid 7.5 - 12 t_Euro VI,,,0.06,1,5,60,0.022726174,0.650448975,-0.015480464,0.208062417,1.149531815,0.446875437,0.564041186,0,1,1,1 
HDVD_15,Heavy Duty Trucks_Diesel_Rigid 12 - 14 t_Conventional,,,-0.06,0,12,86,0.000114311,-0.012413147,1.017514997,4.801914777,0.000507689,0.024228151,0.316138942,0,1,1,1 
HDVD_15,Heavy Duty Trucks_Diesel_Rigid 12 - 14 t_Conventional,,,-0.06,0.5,12,86,-1.60E-05,0.00772676,2.460773893,-1.579769591,0.00277429,0.063456769,0.17044854,0,1,1,1 
HDVD_15,Heavy Duty Trucks_Diesel_Rigid 12 - 14 t_Conventional,,,-0.06,1,12,86,-1.75E-05,0.008655372,2.332874481,-1.884246677,0.002787725,0.063197301,0.1339263,0,1,1,1 
HDVD_15,Heavy Duty Trucks_Diesel_Rigid 12 - 14 t_Conventional,,,-0.04,0,12,86,0.000156682,-0.013208605,1.282037123,5.434710332,0.000514706,0.028217121,0.332970933,0,1,1,1 
HDVD_15,Heavy Duty Trucks_Diesel_Rigid 12 - 14 t_Conventional,,,-0.04,0.5,12,86,0.000104429,-0.011955311,1.115412658,4.207581923,0.000404425,0.026388938,0.280081253,0,1,1,1 
HDVD_15,Heavy Duty Trucks_Diesel_Rigid 12 - 14 t_Conventional,,,-0.04,1,12,86,0.000106267,-0.012660698,1.119844237,4.364623554,0.000431077,0.026344601,0.30500559,0,1,1,1 
HDVD_15,Heavy Duty Trucks_Diesel_Rigid 12 - 14 t_Conventional,,,-0.02,0,12,86,-1.50E-16,-4.75E-15,2.95027818,1.18E-11,-0.000718505,0.130233231,-0.260900409,0,1,1,1 
HDVD_15,Heavy Duty Trucks_Diesel_Rigid 12 - 14 t_Conventional,,,-0.02,0.5,12,86,0.000110751,-0.002593188,0.305962416,2.66651293,0.000216039,0.005216575,0.12359652,0,1,1,1 
HDVD_15,Heavy Duty Trucks_Diesel_Rigid 12 - 14 t_Conventional,,,-0.02,1,12,86,9.57E-05,-0.003682707,0.435541942,2.57080994,0.00022807,0.008911528,0.130602167,0,1,1,1 
HDVD_15,Heavy Duty Trucks_Diesel_Rigid 12 - 14 t_Conventional,,,0,0,12,86,2.93E-05,0.030346878,0.746833999,-3.384499668,0.000615399,0.02934388,-0.132813423,0,1,1,1 
HDVD_15,Heavy Duty Trucks_Diesel_Rigid 12 - 14 t_Conventional,,,0,0.5,12,86,0.000102732,0.098383516,0.785894982,-5.088675776,0.002290553,0.047708667,-0.315896491,0,1,1,1 
HDVD_15,Heavy Duty Trucks_Diesel_Rigid 12 - 14 t_Conventional,,,0,1,12,86,0.000182152,0.157844928,1.678951763,-3.553937414,0.003672705,0.100088405,-0.456248775,0,1,1,1 
HDVD_15,Heavy Duty Trucks_Diesel_Rigid 12 - 14 t_Conventional,,,0.02,0,12,86,-0.000114222,0.056401467,1.647991856,3.454323599,0.001192898,0.048469698,0.165125672,0,1,1,1 
HDVD_15,Heavy Duty Trucks_Diesel_Rigid 12 - 14 t_Conventional,,,0.02,0.5,12,86,3.01E-05,0.06017224,1.446736919,-5.954350532,0.00146074,0.051448258,-0.220644271,0,1,1,1 
HDVD_15,Heavy Duty Trucks_Diesel_Rigid 12 - 14 t_Conventional,,,0.02,1,12,84,3.08E-05,0.051023018,1.559821653,-5.319977996,0.001236778,0.056388092,-0.206511607,0,1,1,1 
HDVD_15,Heavy Duty Trucks_Diesel_Rigid 12 - 14 t_Conventional,,,0.04,0,12,86,6.22E-06,0.035133706,1.157779838,-5.575835038,0.000910459,0.034259819,-0.164484322,0,1,1,1 
HDVD_15,Heavy Duty Trucks_Diesel_Rigid 12 - 14 t_Conventional,,,0.04,0.5,12,75,2.47E-05,0.052111707,1.699463581,-3.633176389,0.001298466,0.056513839,-0.150019228,0,1,1,1 
HDVD_15,Heavy Duty Trucks_Diesel_Rigid 12 - 14 t_Conventional,,,0.04,1,12,65,0.000117048,0.142154608,0.513353665,-4.70075919,0.003660131,0.035527398,-0.289282843,0,1,1,1 
HDVD_15,Heavy Duty Trucks_Diesel_Rigid 12 - 14 t_Conventional,,,0.06,0,12,75,2.06E-05,0.054725433,1.902853559,-2.938871191,0.001383647,0.060152554,-0.13508548,0,1,1,1 
HDVD_15,Heavy Duty Trucks_Diesel_Rigid 12 - 14 t_Conventional,,,0.06,0.5,12,61,6.67E-05,0.114663494,0.877626807,-4.507467176,0.002977384,0.038007399,-0.22230868,0,1,1,1 
HDVD_15,Heavy Duty Trucks_Diesel_Rigid 12 - 14 t_Conventional,,,0.06,1,12,50,0.000157152,0.120304623,1.832343099,2.125971203,0.002814734,0.083137054,-0.160082466,0,1,1,1 
HDVD_16,Heavy Duty Trucks_Diesel_Rigid 12 - 14 t_Euro I,,,-0.06,0,12,86,7.40E-06,-0.003054556,0.397814438,3.092344278,0.000131917,0.040107859,0.356445799,0,1,1,1 
HDVD_16,Heavy Duty Trucks_Diesel_Rigid 12 - 14 t_Euro I,,,-0.06,0.5,12,86,7.55E-06,-0.003291919,0.45576122,3.690525504,0.000169587,0.04962513,0.431405922,0,1,1,1 
HDVD_16,Heavy Duty Trucks_Diesel_Rigid 12 - 14 t_Euro I,,,-0.06,1,12,86,5.08E-06,-0.002392791,0.360940365,3.086131296,0.00014562,0.041896649,0.361416286,0,1,1,1 
HDVD_16,Heavy Duty Trucks_Diesel_Rigid 12 - 14 t_Euro I,,,-0.04,0,12,86,5.08E-06,-0.002771495,0.519675718,4.057775027,8.07E-05,0.048980835,0.397216559,0,1,1,1 
HDVD_16,Heavy Duty Trucks_Diesel_Rigid 12 - 14 t_Euro I,,,-0.04,0.5,12,86,9.58E-06,-0.00381343,0.483346551,3.460257183,7.99E-05,0.042797851,0.399594489,0,1,1,1 
HDVD_16,Heavy Duty Trucks_Diesel_Rigid 12 - 14 t_Euro I,,,-0.04,1,12,86,1.16E-05,-0.004435917,0.534334698,3.751654346,0.000100658,0.047786955,0.458817473,0,1,1,1 
HDVD_16,Heavy Duty Trucks_Diesel_Rigid 12 - 14 t_Euro I,,,-0.02,0,12,86,2.14E-05,0.002181667,0.546696006,5.058927735,-0.000143046,0.062769913,0.321206663,0,1,1,1 
HDVD_16,Heavy Duty Trucks_Diesel_Rigid 12 - 14 t_Euro I,,,-0.02,0.5,12,86,1.43E-05,0.001223553,0.407892,3.930437198,-3.66E-05,0.048102991,0.246818687,0,1,1,1 
HDVD_16,Heavy Duty Trucks_Diesel_Rigid 12 - 14 t_Euro I,,,-0.02,1,12,86,7.98E-06,0.004184595,0.402143076,2.536894114,0.000458425,0.040087497,0.197573427,0,1,1,1 
HDVD_16,Heavy Duty Trucks_Diesel_Rigid 12 - 14 t_Euro I,,,0,0,12,86,0.000204121,0.135370735,1.292788794,-6.522559063,0.006584943,0.207425623,-1.141438442,0,1,1,1 
HDVD_16,Heavy Duty Trucks_Diesel_Rigid 12 - 14 t_Euro I,,,0,0.5,12,86,5.98E-05,0.008378836,-0.364675025,4.594594307,0.000847448,-0.031637611,0.380595461,0,1,1,1 
HDVD_16,Heavy Duty Trucks_Diesel_Rigid 12 - 14 t_Euro I,,,0,1,12,86,0.000161606,0.095874018,1.608410077,-8.061962795,0.004355848,0.215732318,-1.152915511,0,1,1,1 
HDVD_16,Heavy Duty Trucks_Diesel_Rigid 12 - 14 t_Euro I,,,0.02,0,12,86,-1.01E-05,0.000596036,0.408164856,2.587408409,-0.000130501,0.027747108,0.257511669,0,1,1,1 
HDVD_16,Heavy Duty Trucks_Diesel_Rigid 12 - 14 t_Euro I,,,0.02,0.5,12,86,0.000373067,0.002187444,1.334067568,4.821596087,0.001094382,0.064619267,0.725514073,0,1,1,1 
HDVD_16,Heavy Duty Trucks_Diesel_Rigid 12 - 14 t_Euro I,,,0.02,1,12,85,8.16E-06,0.002435187,0.339764683,2.880400465,-7.37E-05,0.025628985,0.256013083,0,1,1,1 
HDVD_16,Heavy Duty Trucks_Diesel_Rigid 12 - 14 t_Euro I,,,0.04,0,12,86,0.00062407,-0.001611555,1.605696175,7.795553756,0.001697144,0.061976797,1.020732669,0,1,1,1 
HDVD_16,Heavy Duty Trucks_Diesel_Rigid 12 - 14 t_Euro I,,,0.04,0.5,12,75,6.54E-05,0.021925441,0.502921993,2.855708226,0.000388416,0.060166953,0.089016445,0,1,1,1 
HDVD_16,Heavy Duty Trucks_Diesel_Rigid 12 - 14 t_Euro I,,,0.04,1,12,65,0.001214586,0.044404529,2.116793366,-2.327051188,0.002572048,0.158868534,-0.076710069,0,1,1,1 
HDVD_16,Heavy Duty Trucks_Diesel_Rigid 12 - 14 t_Euro I,,,0.06,0,12,75,-4.56E-05,0.006106925,0.280593167,2.42667133,-0.000177341,0.02990146,0.125373486,0,1,1,1 
HDVD_16,Heavy Duty Trucks_Diesel_Rigid 12 - 14 t_Euro I,,,0.06,0.5,12,62,2.42E-05,0.004999917,0.474848086,3.122698765,-0.000131274,0.032650781,0.28183728,0,1,1,1 
HDVD_16,Heavy Duty Trucks_Diesel_Rigid 12 - 14 t_Euro I,,,0.06,1,12,51,0.000146629,0.029113988,0.215924315,3.077822714,0.000352892,0.047910794,0.028809107,0,1,1,1 
HDVD_17,Heavy Duty Trucks_Diesel_Rigid 12 - 14 t_Euro II,,,-0.06,0,12,86,6.48E-06,-0.003065916,0.486835041,3.688438442,9.54E-05,0.070427333,0.599138603,0,1,1,1 
HDVD_17,Heavy Duty Trucks_Diesel_Rigid 12 - 14 t_Euro II,,,-0.06,0.5,12,86,4.01E-06,-0.002134057,0.388319535,3.028704049,0.000102622,0.060135353,0.490347312,0,1,1,1 
HDVD_17,Heavy Duty Trucks_Diesel_Rigid 12 - 14 t_Euro II,,,-0.06,1,12,86,-2.17E-14,6.14E-12,2.546363574,5.86E-09,0.003792534,0.359413591,0.360864662,0,1,1,1 
HDVD_17,Heavy Duty Trucks_Diesel_Rigid 12 - 14 t_Euro II,,,-0.04,0,12,86,2.44E-06,-0.001317948,0.251737534,1.929303199,3.78E-06,0.033716856,0.278528639,0,1,1,1 
HDVD_17,Heavy Duty Trucks_Diesel_Rigid 12 - 14 t_Euro II,,,-0.04,0.5,12,86,6.53E-06,-0.002739143,0.376874339,2.719796869,8.69E-06,0.048091058,0.445569535,0,1,1,1 
HDVD_17,Heavy Duty Trucks_Diesel_Rigid 12 - 14 t_Euro II,,,-0.04,1,12,86,7.20E-06,-0.002975789,0.401187667,2.874286878,1.64E-05,0.052250346,0.48841504,0,1,1,1 
HDVD_17,Heavy Duty Trucks_Diesel_Rigid 12 - 14 t_Euro II,,,-0.02,0,12,86,0.000381246,0.000658529,1.100317733,2.570487671,0.00284165,0.087263273,0.675269809,0,1,1,1 
HDVD_17,Heavy Duty Trucks_Diesel_Rigid 12 - 14 t_Euro II,,,-0.02,0.5,12,86,0.000313016,0.001650615,1.403582456,2.016315502,0.003159742,0.125850289,0.641399031,0,1,1,1 
HDVD_17,Heavy Duty Trucks_Diesel_Rigid 12 - 14 t_Euro II,,,-0.02,1,12,86,8.52E-06,0.007128324,0.593106917,3.438673719,0.001075425,0.083319572,0.408166042,0,1,1,1 
HDVD_17,Heavy Duty Trucks_Diesel_Rigid 12 - 14 t_Euro II,,,0,0,12,86,0.000116616,0.084486376,0.788213891,-4.834962905,0.006320028,0.181903546,-1.097010933,0,1,1,1 
HDVD_17,Heavy Duty Trucks_Diesel_Rigid 12 - 14 t_Euro II,,,0,0.5,12,86,0.000230227,0.173503988,2.491482618,-7.604815222,0.012765944,0.487011615,-2.025705152,0,1,1,1 
HDVD_17,Heavy Duty Trucks_Diesel_Rigid 12 - 14 t_Euro II,,,0,1,12,86,0.000142618,0.103222857,1.121590353,-5.10804492,0.007800018,0.249652054,-1.300987989,0,1,1,1 
HDVD_17,Heavy Duty Trucks_Diesel_Rigid 12 - 14 t_Euro II,,,0.02,0,12,86,7.55E-05,0.059309054,0.60286552,-4.877441321,0.004208947,0.121797781,-0.836549815,0,1,1,1 
HDVD_17,Heavy Duty Trucks_Diesel_Rigid 12 - 14 t_Euro II,,,0.02,0.5,12,86,5.68E-06,0.002658014,0.502195193,3.937684383,-0.000128092,0.056915795,0.493408869,0,1,1,1 
HDVD_17,Heavy Duty Trucks_Diesel_Rigid 12 - 14 t_Euro II,,,0.02,1,12,86,3.69E-05,0.001475604,0.423906377,2.455398373,-1.32E-05,0.043657656,0.357054872,0,1,1,1 
HDVD_17,Heavy Duty Trucks_Diesel_Rigid 12 - 14 t_Euro II,,,0.04,0,12,86,1.41E-05,0.003054532,0.544727975,3.690067359,-0.000159355,0.063978503,0.387842976,0,1,1,1 
HDVD_17,Heavy Duty Trucks_Diesel_Rigid 12 - 14 t_Euro II,,,0.04,0.5,12,80,3.75E-05,0.007802142,1.041145678,3.766269164,-0.000383782,0.123394702,0.434662112,0,1,1,1 
HDVD_17,Heavy Duty Trucks_Diesel_Rigid 12 - 14 t_Euro II,,,0.04,1,12,69,9.29E-05,0.029614183,0.618212859,3.556472493,0.00065964,0.111303122,0.188766324,0,1,1,1 
HDVD_17,Heavy Duty Trucks_Diesel_Rigid 12 - 14 t_Euro II,,,0.06,0,12,81,2.78E-05,0.00450203,0.645605202,3.892270079,-0.000246552,0.076638834,0.395843668,0,1,1,1 
HDVD_17,Heavy Duty Trucks_Diesel_Rigid 12 - 14 t_Euro II,,,0.06,0.5,12,64,1.31E-05,0.002295424,0.238448398,2.83194874,-9.61E-05,0.023319413,0.357222187,0,1,1,1 
HDVD_17,Heavy Duty Trucks_Diesel_Rigid 12 - 14 t_Euro II,,,0.06,1,12,53,0.002307911,0.218314623,1.121910941,-2.928875093,0.009003037,0.473481501,-2.43526723,0,1,1,1 
HDVD_18,Heavy Duty Trucks_Diesel_Rigid 12 - 14 t_Euro III,,,-0.06,0,12,86,4.78E-07,-0.001242662,0.485425297,3.669996905,0.000290362,0.08025868,0.533990938,0,1,1,1 
HDVD_18,Heavy Duty Trucks_Diesel_Rigid 12 - 14 t_Euro III,,,-0.06,0.5,12,86,6.73E-16,-2.37E-13,3.273526921,2.54E-10,0.003629069,0.557938013,-0.308754916,0,1,1,1 
HDVD_18,Heavy Duty Trucks_Diesel_Rigid 12 - 14 t_Euro III,,,-0.06,1,12,86,-4.87E-06,0.001313441,0.506251154,3.653730136,0.000748883,0.097495504,0.547819776,0,1,1,1 
HDVD_18,Heavy Duty Trucks_Diesel_Rigid 12 - 14 t_Euro III,,,-0.04,0,12,86,-1.77E-06,0.000315898,0.297941817,2.163143745,0.000232121,0.043852598,0.273624191,0,1,1,1 
HDVD_18,Heavy Duty Trucks_Diesel_Rigid 12 - 14 t_Euro III,,,-0.04,0.5,12,86,1.22E-06,-0.001169471,0.363020465,2.528648947,0.000122584,0.054788436,0.36333298,0,1,1,1 
HDVD_18,Heavy Duty Trucks_Diesel_Rigid 12 - 14 t_Euro III,,,-0.04,1,12,86,9.27E-07,-0.000768553,0.215482882,2.385058441,6.97E-05,0.034732004,0.363394353,0,1,1,1 
HDVD_18,Heavy Duty Trucks_Diesel_Rigid 12 - 14 t_Euro III,,,-0.02,0,12,86,1.55E-05,0.001454468,0.387746809,3.705828421,-0.000142992,0.065683474,0.328309042,0,1,1,1 
HDVD_18,Heavy Duty Trucks_Diesel_Rigid 12 - 14 t_Euro III,,,-0.02,0.5,12,86,2.81E-05,0.002069664,0.681483324,7.081204477,-0.000212128,0.127802696,0.600696074,0,1,1,1 
HDVD_18,Heavy Duty Trucks_Diesel_Rigid 12 - 14 t_Euro III,,,-0.02,1,12,86,1.63E-05,0.001835085,0.490142482,4.359542237,0.000209374,0.084320511,0.438628259,0,1,1,1 
HDVD_18,Heavy Duty Trucks_Diesel_Rigid 12 - 14 t_Euro III,,,0,0,12,86,6.99E-05,0.068257481,0.62980875,-4.840987356,0.00591298,0.134189543,-0.939743176,0,1,1,1 
HDVD_18,Heavy Duty Trucks_Diesel_Rigid 12 - 14 t_Euro III,,,0,0.5,12,86,6.84E-05,0.059601771,1.315421548,-5.065534726,0.004862275,0.226704955,-1.031570544,0,1,1,1 
HDVD_18,Heavy Duty Trucks_Diesel_Rigid 12 - 14 t_Euro III,,,0,1,12,86,7.41E-05,0.060341444,1.27826064,-5.116533523,0.004914224,0.231242803,-1.08266532,0,1,1,1 
HDVD_18,Heavy Duty Trucks_Diesel_Rigid 12 - 14 t_Euro III,,,0.02,0,12,86,-3.99E-06,4.97E-05,0.237757974,1.653396522,-0.000113879,0.026350325,0.228719067,0,1,1,1 
HDVD_18,Heavy Duty Trucks_Diesel_Rigid 12 - 14 t_Euro III,,,0.02,0.5,12,86,3.23E-06,0.001953789,0.431090265,3.230104734,-0.000105106,0.052366463,0.427076254,0,1,1,1 
HDVD_18,Heavy Duty Trucks_Diesel_Rigid 12 - 14 t_Euro III,,,0.02,1,12,86,6.59E-06,0.002498628,0.44418193,4.637982836,-0.000128801,0.053899433,0.627255928,0,1,1,1 
HDVD_18,Heavy Duty Trucks_Diesel_Rigid 12 - 14 t_Euro III,,,0.04,0,12,86,2.50E-05,0.006204319,1.266252346,8.905613407,-0.000327741,0.156824437,1.002483909,0,1,1,1 
HDVD_18,Heavy Duty Trucks_Diesel_Rigid 12 - 14 t_Euro III,,,0.04,0.5,12,81,1.43E-05,0.008091522,0.30720662,1.909515847,0.000178598,0.051452923,0.139369027,0,1,1,1 
HDVD_18,Heavy Duty Trucks_Diesel_Rigid 12 - 14 t_Euro III,,,0.04,1,12,70,0.000135371,0.045583586,1.232434231,4.183207498,0.001552274,0.207668545,0.282462005,0,1,1,1 
HDVD_18,Heavy Duty Trucks_Diesel_Rigid 12 - 14 t_Euro III,,,0.06,0,12,82,1.32E-05,0.003614543,0.57609658,2.715483917,-0.000185644,0.070955188,0.334516001,0,1,1,1 
HDVD_18,Heavy Duty Trucks_Diesel_Rigid 12 - 14 t_Euro III,,,0.06,0.5,12,66,0.000287942,0.087977919,0.713271709,-5.204768986,0.004431085,0.217066713,-1.340901098,0,1,1,1 
HDVD_18,Heavy Duty Trucks_Diesel_Rigid 12 - 14 t_Euro III,,,0.06,1,12,54,0.001084282,0.286257098,0.994218058,-2.007475273,0.014660781,0.500342078,-2.167995665,0,1,1,1 
HDVD_19,Heavy Duty Trucks_Diesel_Rigid 12 - 14 t_Euro IV,,,-0.06,0,12,86,-1.03E-06,0.00042398,1.146553403,-0.099915015,0.04692331,0.924293176,4.169685041,0,1,1,1 
HDVD_19,Heavy Duty Trucks_Diesel_Rigid 12 - 14 t_Euro IV,,,-0.06,0.5,12,86,-5.69E-06,0.002067425,1.106048535,-3.601860438,0.055798576,0.598780823,1.856528452,0,1,1,1 
HDVD_19,Heavy Duty Trucks_Diesel_Rigid 12 - 14 t_Euro IV,,,-0.06,1,12,86,-7.28E-06,0.002775975,1.141737059,-3.658463366,0.060243709,0.679297871,1.561004964,0,1,1,1 
HDVD_19,Heavy Duty Trucks_Diesel_Rigid 12 - 14 t_Euro IV,,,-0.04,0,12,86,-1.28E-05,0.006672247,1.469099697,-1.376910029,0.051079114,1.209464484,2.120679909,0,1,1,1 
HDVD_19,Heavy Duty Trucks_Diesel_Rigid 12 - 14 t_Euro IV,,,-0.04,0.5,12,86,-6.32E-13,1.37E-10,0.80527849,1.33E-07,0.022283954,0.71595633,2.557512618,0,1,1,1 
HDVD_19,Heavy Duty Trucks_Diesel_Rigid 12 - 14 t_Euro IV,,,-0.04,1,12,86,-1.14E-13,2.40E-11,0.55308631,1.72E-08,0.016523615,0.433255585,2.615436124,0,1,1,1 
HDVD_19,Heavy Duty Trucks_Diesel_Rigid 12 - 14 t_Euro IV,,,-0.02,0,12,86,2.82E-05,0.001813202,0.593712301,6.657447452,-0.00237407,1.08068353,4.604198883,0,1,1,1 
HDVD_19,Heavy Duty Trucks_Diesel_Rigid 12 - 14 t_Euro IV,,,-0.02,0.5,12,86,1.06E-05,0.000813429,0.287725346,2.843522079,4.67E-05,0.475440892,2.360070989,0,1,1,1 
HDVD_19,Heavy Duty Trucks_Diesel_Rigid 12 - 14 t_Euro IV,,,-0.02,1,12,86,-1.58E-05,0.021118322,1.260707507,-2.973455545,0.035422155,1.201395111,0.084371784,0,1,1,1 
HDVD_19,Heavy Duty Trucks_Diesel_Rigid 12 - 14 t_Euro IV,,,0,0,12,86,2.53E-09,-1.33E-07,1.389181609,0.488441186,-0.01012419,1.634929199,0.578840741,0,1,1,1 
HDVD_19,Heavy Duty Trucks_Diesel_Rigid 12 - 14 t_Euro IV,,,0,0.5,12,86,-2.56E-16,6.38E-15,0.849374381,-3.92E-11,-0.005460364,0.863761862,1.473699741,0,1,1,1 
HDVD_19,Heavy Duty Trucks_Diesel_Rigid 12 - 14 t_Euro IV,,,0,1,12,86,1.31E-16,-2.62E-15,1.182252425,9.54E-12,-0.00645445,1.038276825,3.388847687,0,1,1,1 
HDVD_19,Heavy Duty Trucks_Diesel_Rigid 12 - 14 t_Euro IV,,,0.02,0,12,86,-6.70E-07,-7.49E-06,0.006507852,1.478681644,5.67E-05,-0.02043383,1.814098386,0,1,1,1 
HDVD_19,Heavy Duty Trucks_Diesel_Rigid 12 - 14 t_Euro IV,,,0.02,0.5,12,86,1.55E-05,0.004173919,0.326584954,1.611748953,-0.000920758,0.260236374,2.838766708,0,1,1,1 
HDVD_19,Heavy Duty Trucks_Diesel_Rigid 12 - 14 t_Euro IV,,,0.02,1,12,86,0.000836867,0.181247596,2.313785113,-4.161721548,0.027286208,3.984220451,-7.162877851,0,1,1,1 
HDVD_19,Heavy Duty Trucks_Diesel_Rigid 12 - 14 t_Euro IV,,,0.04,0,12,86,0.000130639,0.014862585,0.268796991,2.613463165,0.002258308,0.379796142,2.629190366,0,1,1,1 
HDVD_19,Heavy Duty Trucks_Diesel_Rigid 12 - 14 t_Euro IV,,,0.04,0.5,12,83,-0.000553441,0.046842487,0.22337061,-7.232736503,-0.010721952,1.086202541,-10.46310788,0,1,1,1 
HDVD_19,Heavy Duty Trucks_Diesel_Rigid 12 - 14 t_Euro IV,,,0.04,1,12,71,-1.06E-14,1.60E-13,0.802899242,-1.06E-10,-0.001405439,0.227444218,4.638498853,0,1,1,1 
HDVD_19,Heavy Duty Trucks_Diesel_Rigid 12 - 14 t_Euro IV,,,0.06,0,12,83,1.36E-05,-0.002151718,0.071826149,1.260749954,0.000284198,-0.047537926,2.038773247,0,1,1,1 
HDVD_19,Heavy Duty Trucks_Diesel_Rigid 12 - 14 t_Euro IV,,,0.06,0.5,12,68,-0.000309413,0.020330262,0.301539935,-2.833069225,-0.005149392,0.44487977,-2.299083055,0,1,1,1 
HDVD_19,Heavy Duty Trucks_Diesel_Rigid 12 - 14 t_Euro IV,,,0.06,1,12,56,-0.000644574,0.035244893,0.37186255,-5.942881832,-0.0105335,0.759689769,-5.993717871,0,1,1,1 
HDVD_19,Heavy Duty Trucks_Diesel_Rigid 12 - 14 t_Euro IV,,,-0.06,0,12,86,-1.03E-06,0.00042398,1.146553403,-0.099915015,0.04692331,0.924293176,4.169685041,0,1,1,1 
HDVD_19,Heavy Duty Trucks_Diesel_Rigid 12 - 14 t_Euro IV,,,-0.06,0.5,12,86,-5.69E-06,0.002067425,1.106048535,-3.601860438,0.055798576,0.598780823,1.856528452,0,1,1,1 
HDVD_19,Heavy Duty Trucks_Diesel_Rigid 12 - 14 t_Euro IV,,,-0.06,1,12,86,-7.28E-06,0.002775975,1.141737059,-3.658463366,0.060243709,0.679297871,1.561004964,0,1,1,1 
HDVD_19,Heavy Duty Trucks_Diesel_Rigid 12 - 14 t_Euro IV,,,-0.04,0,12,86,-1.28E-05,0.006672247,1.469099697,-1.376910029,0.051079114,1.209464484,2.120679909,0,1,1,1 
HDVD_19,Heavy Duty Trucks_Diesel_Rigid 12 - 14 t_Euro IV,,,-0.04,1,12,86,-1.14E-13,2.40E-11,0.55308631,1.72E-08,0.016523615,0.433255585,2.615436124,0,1,1,1 
HDVD_19,Heavy Duty Trucks_Diesel_Rigid 12 - 14 t_Euro IV,,,-0.02,0,12,86,2.82E-05,0.001813202,0.593712301,6.657447452,-0.00237407,1.08068353,4.604198883,0,1,1,1 
HDVD_19,Heavy Duty Trucks_Diesel_Rigid 12 - 14 t_Euro IV,,,-0.02,1,12,86,-1.58E-05,0.021118322,1.260707507,-2.973455545,0.035422155,1.201395111,0.084371784,0,1,1,1 
HDVD_19,Heavy Duty Trucks_Diesel_Rigid 12 - 14 t_Euro IV,,,0,0,12,86,2.53E-09,-1.33E-07,1.389181609,0.488441186,-0.01012419,1.634929199,0.578840741,0,1,1,1 
HDVD_19,Heavy Duty Trucks_Diesel_Rigid 12 - 14 t_Euro IV,,,0,1,12,86,1.31E-16,-2.62E-15,1.182252425,9.54E-12,-0.00645445,1.038276825,3.388847687,0,1,1,1 
HDVD_19,Heavy Duty Trucks_Diesel_Rigid 12 - 14 t_Euro IV,,,0.02,0,12,86,-6.70E-07,-7.49E-06,0.006507852,1.478681644,5.67E-05,-0.02043383,1.814098386,0,1,1,1 
HDVD_19,Heavy Duty Trucks_Diesel_Rigid 12 - 14 t_Euro IV,,,0.02,1,12,86,0.000836867,0.181247596,2.313785113,-4.161721548,0.027286208,3.984220451,-7.162877851,0,1,1,1 
HDVD_19,Heavy Duty Trucks_Diesel_Rigid 12 - 14 t_Euro IV,,,0.04,0,12,86,0.000130639,0.014862585,0.268796991,2.613463165,0.002258308,0.379796142,2.629190366,0,1,1,1 
HDVD_19,Heavy Duty Trucks_Diesel_Rigid 12 - 14 t_Euro IV,,,0.04,1,12,71,-1.06E-14,1.60E-13,0.802899242,-1.06E-10,-0.001405439,0.227444218,4.638498853,0,1,1,1 
HDVD_19,Heavy Duty Trucks_Diesel_Rigid 12 - 14 t_Euro IV,,,0.06,0,12,83,1.36E-05,-0.002151718,0.071826149,1.260749954,0.000284198,-0.047537926,2.038773247,0,1,1,1 
HDVD_19,Heavy Duty Trucks_Diesel_Rigid 12 - 14 t_Euro IV,,,0.06,0.5,12,68,-0.000309413,0.020330262,0.301539935,-2.833069225,-0.005149392,0.44487977,-2.299083055,0,1,1,1 
HDVD_19,Heavy Duty Trucks_Diesel_Rigid 12 - 14 t_Euro IV,,,0.06,1,12,56,-0.000644574,0.035244893,0.37186255,-5.942881832,-0.0105335,0.759689769,-5.993717871,0,1,1,1 
HDVD_20,Heavy Duty Trucks_Diesel_Rigid 12 - 14 t_Euro V,SCR,,-0.06,0,5,85,-0.004457193,0.433567482,-0.37229915,0.354366376,1.199370056,0.288571979,0.840894905,0,1,1,1 
HDVD_20,Heavy Duty Trucks_Diesel_Rigid 12 - 14 t_Euro V,SCR,,-0.06,0.5,5,85,-0.00051503,0.061325986,-0.321801591,0.802380595,0.210646374,-1.448907781,4.52144788,0,1,1,1 
HDVD_20,Heavy Duty Trucks_Diesel_Rigid 12 - 14 t_Euro V,SCR,,-0.06,1,5,85,-0.000565135,0.069577702,-0.378270536,1.049825833,0.255439781,-1.902589827,6.375350642,0,1,1,1 
HDVD_20,Heavy Duty Trucks_Diesel_Rigid 12 - 14 t_Euro V,SCR,,-0.04,0,5,85,-0.00218811,0.311165324,-0.082184171,-1.67129556,0.875099843,-0.944256992,1.242771915,0,1,1,1 
HDVD_20,Heavy Duty Trucks_Diesel_Rigid 12 - 14 t_Euro V,SCR,,-0.04,0.5,5,85,-0.003870343,0.464801766,-0.374177992,0.201710099,1.203580277,0.406467267,0.781829439,0,1,1,1 
HDVD_20,Heavy Duty Trucks_Diesel_Rigid 12 - 14 t_Euro V,SCR,,-0.04,1,5,85,-0.000596687,0.075830701,-0.342249777,0.66133278,0.208500513,-1.075365285,2.917541602,0,1,1,1 
HDVD_20,Heavy Duty Trucks_Diesel_Rigid 12 - 14 t_Euro V,SCR,,-0.02,0,5,85,0.000123309,-0.012991077,0.866249706,-0.315062954,-0.007833047,1.55092974,3.681560705,0,1,1,1 
HDVD_20,Heavy Duty Trucks_Diesel_Rigid 12 - 14 t_Euro V,SCR,,-0.02,0.5,5,85,7.32E-05,-0.013007299,0.743346305,-0.24387774,-0.013591893,1.360264999,3.313881024,0,1,1,1 
HDVD_20,Heavy Duty Trucks_Diesel_Rigid 12 - 14 t_Euro V,SCR,,-0.02,1,5,85,-0.001019765,0.245442659,-0.905488699,0.249453182,0.506161287,-0.791931533,-3.377147048,0,1,1,1 
HDVD_20,Heavy Duty Trucks_Diesel_Rigid 12 - 14 t_Euro V,SCR,,0,0,5,85,0.000142128,0.000537836,0.866606962,-0.239365602,0.007908477,1.478991489,3.733311065,0,1,1,1 
HDVD_20,Heavy Duty Trucks_Diesel_Rigid 12 - 14 t_Euro V,SCR,,0,0.5,5,85,0.000408984,0.012638872,0.684854421,0.127331995,0.04897361,0.90995306,4.831259338,0,1,1,1 
HDVD_20,Heavy Duty Trucks_Diesel_Rigid 12 - 14 t_Euro V,SCR,,0,1,5,85,0.000656157,0.028194189,0.378719511,0.392885069,0.087625554,0.271204805,4.630218337,0,1,1,1 
HDVD_20,Heavy Duty Trucks_Diesel_Rigid 12 - 14 t_Euro V,SCR,,0.02,0,5,85,-6.87E-06,0.00071092,0.97112083,-0.514541655,-0.012096201,1.760873657,2.546508486,0,1,1,1 
HDVD_20,Heavy Duty Trucks_Diesel_Rigid 12 - 14 t_Euro V,SCR,,0.02,0.5,5,85,0.000421946,0.00427618,1.325346369,-0.280497631,0.013457583,1.925726634,5.976575641,0,1,1,1 
HDVD_20,Heavy Duty Trucks_Diesel_Rigid 12 - 14 t_Euro V,SCR,,0.02,1,5,85,0.000181287,0.004574855,1.093311608,-0.236942737,-0.001950583,1.605163475,4.789890374,0,1,1,1 
HDVD_20,Heavy Duty Trucks_Diesel_Rigid 12 - 14 t_Euro V,SCR,,0.04,0,5,85,0.000397066,0.003648063,1.283700936,-0.379694183,0.006923018,1.918175348,5.076417506,0,1,1,1 
HDVD_20,Heavy Duty Trucks_Diesel_Rigid 12 - 14 t_Euro V,SCR,,0.04,0.5,5,80,0.000104708,0.018906834,1.689338695,-0.79435419,-0.013372742,2.784685306,5.027133462,0,1,1,1 
HDVD_20,Heavy Duty Trucks_Diesel_Rigid 12 - 14 t_Euro V,SCR,,0.04,1,5,75,0.000637562,0.01828761,1.113095897,-0.183860021,0.012901352,1.532337077,4.931951387,0,1,1,1 
HDVD_20,Heavy Duty Trucks_Diesel_Rigid 12 - 14 t_Euro V,SCR,,0.06,0,5,80,8.56E-05,0.017053565,1.535060467,-0.938222451,-0.013803633,2.629828244,3.57147018,0,1,1,1 
HDVD_20,Heavy Duty Trucks_Diesel_Rigid 12 - 14 t_Euro V,SCR,,0.06,0.5,5,65,0.002308907,0.006493422,0.359666794,0.424235825,0.076906594,-0.086998702,4.232221489,0,1,1,1 
HDVD_20,Heavy Duty Trucks_Diesel_Rigid 12 - 14 t_Euro V,SCR,,0.06,1,5,55,0.010624903,0.076402257,0.038943289,1.05949255,0.318100253,-0.980082872,5.951106401,0,1,1,1 
HDVD_20,Heavy Duty Trucks_Diesel_Rigid 12 - 14 t_Euro V,EGR,,-0.06,0,5,70,-0.005649376,0.43773364,-1.609476383,0.708265718,0.273547098,-0.917360579,-6.15E-11,0,1,1,1 
HDVD_20,Heavy Duty Trucks_Diesel_Rigid 12 - 14 t_Euro V,EGR,,-0.06,0.5,5,70,-0.004576562,0.349531403,-1.483988023,1.23567082,0.236169968,-0.990404001,0.667959487,0,1,1,1 
HDVD_20,Heavy Duty Trucks_Diesel_Rigid 12 - 14 t_Euro V,EGR,,-0.06,1,5,70,-0.004090124,0.306390923,-1.332323017,1.200453275,0.216499341,-0.943336592,0.740886897,0,1,1,1 
HDVD_20,Heavy Duty Trucks_Diesel_Rigid 12 - 14 t_Euro V,EGR,,-0.04,0,5,85,-0.002332558,0.249782543,-1.151368072,2.632340474,0.14205734,-0.679485507,1.845830832,0,1,1,1 
HDVD_20,Heavy Duty Trucks_Diesel_Rigid 12 - 14 t_Euro V,EGR,,-0.04,0.5,5,85,-0.005462817,0.507320448,-1.65684779,0.207396662,0.287412916,-0.715520586,-0.72106182,0,1,1,1 
HDVD_20,Heavy Duty Trucks_Diesel_Rigid 12 - 14 t_Euro V,EGR,,-0.04,1,5,85,-0.005174578,0.477965775,-1.786938036,0.949937556,0.285529308,-0.92549613,-5.54E-13,0,1,1,1 
HDVD_20,Heavy Duty Trucks_Diesel_Rigid 12 - 14 t_Euro V,EGR,,-0.02,0,5,85,0.000135722,-0.024596133,2.279338186,2.64436249,-0.009882815,1.15203275,2.622893442,0,1,1,1 
HDVD_20,Heavy Duty Trucks_Diesel_Rigid 12 - 14 t_Euro V,EGR,,-0.02,0.5,5,85,0.000110447,-0.022090817,1.282123538,3.977581028,-0.006500125,0.5899169,3.417792255,0,1,1,1 
HDVD_20,Heavy Duty Trucks_Diesel_Rigid 12 - 14 t_Euro V,EGR,,-0.02,1,5,85,-0.001048929,0.26294728,-0.84076489,1.816074753,0.139523375,-0.375394931,1.035509964,0,1,1,1 
HDVD_20,Heavy Duty Trucks_Diesel_Rigid 12 - 14 t_Euro V,EGR,,0,0,5,85,0.002821821,0.22444857,-1.614809154,0.63199788,0.125914474,-0.787719182,-1.06E-13,0,1,1,1 
HDVD_20,Heavy Duty Trucks_Diesel_Rigid 12 - 14 t_Euro V,EGR,,0,0.5,5,85,0.010699873,0.823142409,-3.368115919,1.230430611,0.45315261,-1.583504642,8.69E-11,0,1,1,1 
HDVD_20,Heavy Duty Trucks_Diesel_Rigid 12 - 14 t_Euro V,EGR,,0,1,5,85,0.012948594,0.948592496,-3.963873326,1.4751369,0.523161245,-1.85874817,2.72E-12,0,1,1,1 
HDVD_20,Heavy Duty Trucks_Diesel_Rigid 12 - 14 t_Euro V,EGR,,0.02,0,5,85,0.008561034,0.556720824,-2.454925787,1.062668485,0.281326022,-1.032363053,-3.24E-08,0,1,1,1 
HDVD_20,Heavy Duty Trucks_Diesel_Rigid 12 - 14 t_Euro V,EGR,,0.02,0.5,5,85,0.012927748,0.624229525,-1.727856555,0.544304102,0.328614509,-0.749626709,2.31E-11,0,1,1,1 
HDVD_20,Heavy Duty Trucks_Diesel_Rigid 12 - 14 t_Euro V,EGR,,0.02,1,5,85,0.02093668,0.84401529,-2.290527145,0.664653833,0.453041059,-1.014843888,-2.00E-08,0,1,1,1 
HDVD_20,Heavy Duty Trucks_Diesel_Rigid 12 - 14 t_Euro V,EGR,,0.04,0,5,85,1.21E-05,0.028706028,2.573377554,0.022873437,-0.004218779,1.136016959,0.835635282,0,1,1,1 
HDVD_20,Heavy Duty Trucks_Diesel_Rigid 12 - 14 t_Euro V,EGR,,0.04,0.5,5,80,-0.001169813,0.072746055,3.924542039,-1.563946894,-0.019118689,1.91589512,3.86E-12,0,1,1,1 
HDVD_20,Heavy Duty Trucks_Diesel_Rigid 12 - 14 t_Euro V,EGR,,0.04,1,5,70,-0.000579064,0.049432689,1.844609116,-0.700778136,-0.006734433,0.904113444,1.67E-09,0,1,1,1 
HDVD_20,Heavy Duty Trucks_Diesel_Rigid 12 - 14 t_Euro V,EGR,,0.06,0,5,80,0.000595969,0.011638211,-0.304725015,2.585210383,0.010778741,-0.18920606,1.316345422,0,1,1,1 
HDVD_20,Heavy Duty Trucks_Diesel_Rigid 12 - 14 t_Euro V,EGR,,0.06,0.5,5,70,-0.000795891,0.055809077,1.960344043,-0.773287815,-0.008318027,0.944428632,3.54E-10,0,1,1,1 
HDVD_20,Heavy Duty Trucks_Diesel_Rigid 12 - 14 t_Euro V,EGR,,0.06,1,5,55,-0.000858634,0.086797194,2.104786095,-0.712072725,-0.004215252,1.025183012,4.32E-11,0,1,1,1 
HDVD_21,Heavy Duty Trucks_Diesel_Rigid 12 - 14 t_Euro VI,,,-0.06,0,5,80,-0.000327851,0.029451144,-0.203867314,1.575364764,0.078255546,-0.751277113,5.100378886,0,1,1,1 
HDVD_21,Heavy Duty Trucks_Diesel_Rigid 12 - 14 t_Euro VI,,,-0.06,0.5,5,70,-0.007482897,0.528962449,-0.081308387,0.324666858,1.218270289,0.488174664,0.46256796,0,1,1,1 
HDVD_21,Heavy Duty Trucks_Diesel_Rigid 12 - 14 t_Euro VI,,,-0.06,1,5,80,-0.000345079,0.032015072,-0.320406653,2.161823281,0.099220778,-1.255080111,7.609989123,0,1,1,1 
HDVD_21,Heavy Duty Trucks_Diesel_Rigid 12 - 14 t_Euro VI,,,-0.04,0,5,85,-0.006012871,0.622362099,-0.119633564,0.076696032,1.215010198,0.456895852,0.556258246,0,1,1,1 
HDVD_21,Heavy Duty Trucks_Diesel_Rigid 12 - 14 t_Euro VI,,,-0.04,0.5,5,85,-0.006541501,0.604587691,-0.141909418,0.095225336,1.222103881,0.46794648,0.545393361,0,1,1,1 
HDVD_21,Heavy Duty Trucks_Diesel_Rigid 12 - 14 t_Euro VI,,,-0.04,1,5,85,-0.001362216,0.127392859,-0.628620035,1.393881205,0.257087823,-1.352706217,3.575917608,0,1,1,1 
HDVD_21,Heavy Duty Trucks_Diesel_Rigid 12 - 14 t_Euro VI,,,-0.02,0,5,85,6.71E-05,-0.012174505,1.128857753,1.293004691,-0.016321855,1.902569494,4.291192274,0,1,1,1 
HDVD_21,Heavy Duty Trucks_Diesel_Rigid 12 - 14 t_Euro VI,,,-0.02,0.5,5,85,5.48E-05,-0.01099906,0.640472453,1.923333546,-0.010846721,0.985468921,5.536877947,0,1,1,1 
HDVD_21,Heavy Duty Trucks_Diesel_Rigid 12 - 14 t_Euro VI,,,-0.02,1,5,85,-0.000820354,0.206043757,-0.667816577,1.439696569,0.36465214,-1.002461265,2.744322988,0,1,1,1 
HDVD_21,Heavy Duty Trucks_Diesel_Rigid 12 - 14 t_Euro VI,,,0,0,5,85,0.000494166,0.076798165,1.174618791,-0.389387209,0.093570766,2.211187271,8.11E-07,0,1,1,1 
HDVD_21,Heavy Duty Trucks_Diesel_Rigid 12 - 14 t_Euro VI,,,0,0.5,5,85,0.007200793,0.569962147,-1.085154536,-0.621410325,1.017500619,-1.437922234,-1.841004087,0,1,1,1 
HDVD_21,Heavy Duty Trucks_Diesel_Rigid 12 - 14 t_Euro VI,,,0,1,5,85,0.006432377,0.466336949,-2.830898634,1.000805334,0.875087154,-4.625040973,-2.47E-07,0,1,1,1 
HDVD_21,Heavy Duty Trucks_Diesel_Rigid 12 - 14 t_Euro VI,,,0.02,0,5,85,0.000323551,0.028855362,0.120185878,-1.475593711,0.037856127,0.333661709,-2.800031506,0,1,1,1 
HDVD_21,Heavy Duty Trucks_Diesel_Rigid 12 - 14 t_Euro VI,,,0.02,0.5,5,85,0.009605011,0.439765816,-2.33095669,1.904747951,0.81331343,-3.741737889,2.367161012,0,1,1,1 
HDVD_21,Heavy Duty Trucks_Diesel_Rigid 12 - 14 t_Euro VI,,,0.02,1,5,85,0.005931684,0.209973601,-1.451398722,1.465893356,0.422373002,-2.4857808,2.185824917,0,1,1,1 
HDVD_21,Heavy Duty Trucks_Diesel_Rigid 12 - 14 t_Euro VI,,,0.04,0,5,85,4.25E-06,0.018126414,1.609011284,-0.119468232,-0.008956262,2.37970462,1.465496579,0,1,1,1 
HDVD_21,Heavy Duty Trucks_Diesel_Rigid 12 - 14 t_Euro VI,,,0.04,0.5,5,80,-0.000641313,0.040817199,2.187390669,-0.876846132,-0.034869403,3.555031004,1.66E-11,0,1,1,1 
HDVD_21,Heavy Duty Trucks_Diesel_Rigid 12 - 14 t_Euro VI,,,0.04,1,5,75,-0.000320911,0.034023733,1.188258975,-0.454354339,-0.011333627,1.941277418,3.82E-08,0,1,1,1 
HDVD_21,Heavy Duty Trucks_Diesel_Rigid 12 - 14 t_Euro VI,,,0.06,0,5,80,0.020042724,0.80234746,-0.104982893,-0.035299149,1.230653493,0.431596619,0.163307083,0,1,1,1 
HDVD_21,Heavy Duty Trucks_Diesel_Rigid 12 - 14 t_Euro VI,,,0.06,0.5,5,70,-0.000389058,0.03385311,1.091212065,-0.430582803,-0.012055557,1.756134966,1.60E-08,0,1,1,1 
HDVD_21,Heavy Duty Trucks_Diesel_Rigid 12 - 14 t_Euro VI,,,0.06,1,5,60,-0.000420565,0.054139355,1.259271807,-0.436120269,-0.004581749,2.037544692,3.40E-10,0,1,1,1 
HDVD_22,Heavy Duty Trucks_Diesel_Rigid 14 - 20 t_Conventional,,,-0.06,0,12,86,5.50E-05,-0.00697661,0.610755094,2.447541037,0.000176884,0.010791831,0.11166053,0,1,1,1 
HDVD_22,Heavy Duty Trucks_Diesel_Rigid 14 - 20 t_Conventional,,,-0.06,0.5,12,86,-1.56E-05,0.007327391,3.038681839,-1.350582257,0.00226463,0.052897208,0.184586523,0,1,1,1 
HDVD_22,Heavy Duty Trucks_Diesel_Rigid 14 - 20 t_Conventional,,,-0.06,1,12,86,-1.56E-05,0.007357049,2.917862976,-1.360201532,0.00225564,0.052788293,0.179624495,0,1,1,1 
HDVD_22,Heavy Duty Trucks_Diesel_Rigid 14 - 20 t_Conventional,,,-0.04,0,12,86,-2.42E-05,0.014673379,2.362730923,-1.981553937,0.001361195,0.03922854,0.084313562,0,1,1,1 
HDVD_22,Heavy Duty Trucks_Diesel_Rigid 14 - 20 t_Conventional,,,-0.04,0.5,12,86,-1.38E-05,0.006694938,2.946307927,-0.843891696,0.001661443,0.045064253,0.210877359,0,1,1,1 
HDVD_22,Heavy Duty Trucks_Diesel_Rigid 14 - 20 t_Conventional,,,-0.04,1,12,86,-2.11E-15,4.68E-13,2.837205979,3.46E-10,0.001425498,0.047485089,0.213238499,0,1,1,1 
HDVD_22,Heavy Duty Trucks_Diesel_Rigid 14 - 20 t_Conventional,,,-0.02,0,12,86,0.000170753,-0.002639231,0.54989346,3.270191874,0.000198517,0.007320498,0.110697607,0,1,1,1 
HDVD_22,Heavy Duty Trucks_Diesel_Rigid 14 - 20 t_Conventional,,,-0.02,0.5,12,86,0.00014775,-0.005148891,0.61304818,3.390894914,0.000209757,0.007513135,0.128124038,0,1,1,1 
HDVD_22,Heavy Duty Trucks_Diesel_Rigid 14 - 20 t_Conventional,,,-0.02,1,12,86,0.000151352,-0.008529621,1.589706791,3.469998829,0.000317646,0.029360891,0.137544479,0,1,1,1 
HDVD_22,Heavy Duty Trucks_Diesel_Rigid 14 - 20 t_Conventional,,,0,0,12,86,6.08E-05,0.051008616,1.162877209,-5.1606942,0.000653519,0.03308389,-0.147347112,0,1,1,1 
HDVD_22,Heavy Duty Trucks_Diesel_Rigid 14 - 20 t_Conventional,,,0,0.5,12,86,0.000204888,0.161893114,0.400731034,-8.444517203,0.002581488,0.034964846,-0.361690746,0,1,1,1 
HDVD_22,Heavy Duty Trucks_Diesel_Rigid 14 - 20 t_Conventional,,,0,1,12,86,0.000141809,0.134302179,2.032418486,-4.554463579,0.002080622,0.069812355,-0.27158728,0,1,1,1 
HDVD_22,Heavy Duty Trucks_Diesel_Rigid 14 - 20 t_Conventional,,,0.02,0,12,86,-9.41E-05,0.043675667,1.269334303,2.622800405,0.000581302,0.025357944,0.09422121,0,1,1,1 
HDVD_22,Heavy Duty Trucks_Diesel_Rigid 14 - 20 t_Conventional,,,0.02,0.5,12,86,-2.51E-05,0.021946114,1.029085095,3.663793198,0.000344413,0.020173737,0.100881584,0,1,1,1 
HDVD_22,Heavy Duty Trucks_Diesel_Rigid 14 - 20 t_Conventional,,,0.02,1,12,86,4.87E-05,0.08190319,2.611748024,-7.447712738,0.001348289,0.063585082,-0.208661799,0,1,1,1 
HDVD_22,Heavy Duty Trucks_Diesel_Rigid 14 - 20 t_Conventional,,,0.04,0,12,86,-0.000354083,0.167814733,2.919878221,-0.789097232,0.002576388,0.060674468,0.008285297,0,1,1,1 
HDVD_22,Heavy Duty Trucks_Diesel_Rigid 14 - 20 t_Conventional,,,0.04,0.5,12,84,1.55E-05,0.052258917,1.8641342,-4.561302661,0.000918498,0.04002601,-0.109840293,0,1,1,1 
HDVD_22,Heavy Duty Trucks_Diesel_Rigid 14 - 20 t_Conventional,,,0.04,1,12,73,1.40E-05,0.039893227,1.239336393,-3.940714002,0.000707201,0.027599954,-0.091458925,0,1,1,1 
HDVD_22,Heavy Duty Trucks_Diesel_Rigid 14 - 20 t_Conventional,,,0.06,0,12,85,-1.18E-06,0.013463095,0.820857867,3.80874443,0.000248968,0.015518088,0.074368694,0,1,1,1 
HDVD_22,Heavy Duty Trucks_Diesel_Rigid 14 - 20 t_Conventional,,,0.06,0.5,12,68,-0.000139033,0.080850799,2.349034547,5.308784601,0.001391808,0.046826447,0.134768121,0,1,1,1 
HDVD_22,Heavy Duty Trucks_Diesel_Rigid 14 - 20 t_Conventional,,,0.06,1,12,54,9.16E-05,0.139311105,3.939754962,-5.604613367,0.002414494,0.093404743,-0.214893269,0,1,1,1 
HDVD_23,Heavy Duty Trucks_Diesel_Rigid 14 - 20 t_Euro I,,,-0.06,0,12,86,1.22E-05,-0.004896729,0.613576954,4.686581769,0.000139843,0.041980005,0.379896423,0,1,1,1 
HDVD_23,Heavy Duty Trucks_Diesel_Rigid 14 - 20 t_Euro I,,,-0.06,0.5,12,86,1.17E-05,-0.005018998,0.685906938,5.487711429,0.000173709,0.051776216,0.451640479,0,1,1,1 
HDVD_23,Heavy Duty Trucks_Diesel_Rigid 14 - 20 t_Euro I,,,-0.06,1,12,86,8.13E-06,-0.003660057,0.527667737,4.291989768,0.000137253,0.04206826,0.361563968,0,1,1,1 
HDVD_23,Heavy Duty Trucks_Diesel_Rigid 14 - 20 t_Euro I,,,-0.04,0,12,86,5.39E-06,-0.002256219,0.307395201,2.230988394,2.19E-05,0.018276273,0.166538243,0,1,1,1 
HDVD_23,Heavy Duty Trucks_Diesel_Rigid 14 - 20 t_Euro I,,,-0.04,0.5,12,86,1.10E-05,-0.004079627,0.474005636,3.246553962,5.74E-05,0.027676939,0.273810064,0,1,1,1 
HDVD_23,Heavy Duty Trucks_Diesel_Rigid 14 - 20 t_Euro I,,,-0.04,1,12,86,1.23E-05,-0.004521903,0.514544951,3.500209007,7.10E-05,0.030883447,0.308740423,0,1,1,1 
HDVD_23,Heavy Duty Trucks_Diesel_Rigid 14 - 20 t_Euro I,,,-0.02,0,12,86,0.000239581,-0.001456051,0.978650319,4.063266501,0.00075011,0.042175117,0.359309931,0,1,1,1 
HDVD_23,Heavy Duty Trucks_Diesel_Rigid 14 - 20 t_Euro I,,,-0.02,0.5,12,86,0.00013278,-0.002288062,1.123692566,2.150964136,0.000570341,0.055950595,0.231667236,0,1,1,1 
HDVD_23,Heavy Duty Trucks_Diesel_Rigid 14 - 20 t_Euro I,,,-0.02,1,12,86,7.98E-18,-5.44E-15,1.8228867,2.17E-14,0.000288522,0.11650475,-0.022526719,0,1,1,1 
HDVD_23,Heavy Duty Trucks_Diesel_Rigid 14 - 20 t_Euro I,,,0,0,12,86,0.000156803,0.091184439,0.108276177,-6.065499799,0.003351032,0.051775514,-0.624608135,0,1,1,1 
HDVD_23,Heavy Duty Trucks_Diesel_Rigid 14 - 20 t_Euro I,,,0,0.5,12,86,0.000312089,0.210500448,1.986673013,-9.633365979,0.007325677,0.225237135,-1.232994546,0,1,1,1 
HDVD_23,Heavy Duty Trucks_Diesel_Rigid 14 - 20 t_Euro I,,,0,1,12,86,0.000195999,0.118590449,0.107960329,-6.58029146,0.004608574,0.065439908,-0.762319011,0,1,1,1 
HDVD_23,Heavy Duty Trucks_Diesel_Rigid 14 - 20 t_Euro I,,,0.02,0,12,86,5.94E-05,0.047229638,0.510098112,-10.37410218,0.001550733,0.048696283,-0.66863736,0,1,1,1 
HDVD_23,Heavy Duty Trucks_Diesel_Rigid 14 - 20 t_Euro I,,,0.02,0.5,12,86,-3.27E-18,1.01E-15,2.813132242,-2.65E-12,-0.000619496,0.137472827,0.222047276,0,1,1,1 
HDVD_23,Heavy Duty Trucks_Diesel_Rigid 14 - 20 t_Euro I,,,0.02,1,12,86,2.55E-18,6.81E-16,2.581365194,-1.33E-12,-0.000768778,0.131735623,0.161761833,0,1,1,1 
HDVD_23,Heavy Duty Trucks_Diesel_Rigid 14 - 20 t_Euro I,,,0.04,0,12,86,6.45E-16,1.92E-14,3.521682702,1.10E-10,-0.00081695,0.171080718,0.170051842,0,1,1,1 
HDVD_23,Heavy Duty Trucks_Diesel_Rigid 14 - 20 t_Euro I,,,0.04,0.5,12,85,6.39E-17,-1.70E-16,3.732822689,4.83E-12,-0.001162127,0.181913949,0.223945557,0,1,1,1 
HDVD_23,Heavy Duty Trucks_Diesel_Rigid 14 - 20 t_Euro I,,,0.04,1,12,74,1.70E-05,0.006868273,0.795161624,4.724669572,-0.000121669,0.038294449,0.312187465,0,1,1,1 
HDVD_23,Heavy Duty Trucks_Diesel_Rigid 14 - 20 t_Euro I,,,0.06,0,12,86,-2.72E-17,1.15E-15,3.952163505,-7.60E-12,-0.001286577,0.200384083,0.081619194,0,1,1,1 
HDVD_23,Heavy Duty Trucks_Diesel_Rigid 14 - 20 t_Euro I,,,0.06,0.5,12,70,0.001265913,0.321527784,4.115516939,-0.2788565,0.005548387,0.428802063,-1.260150959,0,1,1,1 
HDVD_23,Heavy Duty Trucks_Diesel_Rigid 14 - 20 t_Euro I,,,0.06,1,12,56,0.000772793,0.214776051,0.647726517,-5.184588009,0.004538919,0.147156119,-0.800944438,0,1,1,1 
HDVD_24,Heavy Duty Trucks_Diesel_Rigid 14 - 20 t_Euro II,,,-0.06,0,12,86,1.15E-05,-0.004732123,0.635124379,4.560275089,5.12E-05,0.060207168,0.557797385,0,1,1,1 
HDVD_24,Heavy Duty Trucks_Diesel_Rigid 14 - 20 t_Euro II,,,-0.06,0.5,12,86,7.73E-06,-0.003370372,0.485998051,3.571716573,4.03E-05,0.049473269,0.442204405,0,1,1,1 
HDVD_24,Heavy Duty Trucks_Diesel_Rigid 14 - 20 t_Euro II,,,-0.06,1,12,86,6.31E-06,-0.002817284,0.419813115,3.107108024,2.85E-05,0.044492685,0.393389951,0,1,1,1 
HDVD_24,Heavy Duty Trucks_Diesel_Rigid 14 - 20 t_Euro II,,,-0.04,0,12,86,-2.43E-05,0.017250887,2.342038354,-1.381684021,0.004323456,0.151216955,0.482974454,0,1,1,1 
HDVD_24,Heavy Duty Trucks_Diesel_Rigid 14 - 20 t_Euro II,,,-0.04,0.5,12,86,1.17E-05,-0.004415377,0.527158238,3.548483998,4.07E-06,0.043293602,0.442573948,0,1,1,1 
HDVD_24,Heavy Duty Trucks_Diesel_Rigid 14 - 20 t_Euro II,,,-0.04,1,12,86,1.98E-05,-0.007452629,0.887439349,5.965156913,1.98E-05,0.074872544,0.764450218,0,1,1,1 
HDVD_24,Heavy Duty Trucks_Diesel_Rigid 14 - 20 t_Euro II,,,-0.02,0,12,86,0.000418284,-0.002813065,1.482163779,3.118466038,0.002214959,0.07296232,0.695270268,0,1,1,1 
HDVD_24,Heavy Duty Trucks_Diesel_Rigid 14 - 20 t_Euro II,,,-0.02,0.5,12,86,0.000218051,0.003256161,1.885381664,1.883835733,0.00213664,0.123844423,0.54488307,0,1,1,1 
HDVD_24,Heavy Duty Trucks_Diesel_Rigid 14 - 20 t_Euro II,,,-0.02,1,12,86,4.46E-06,-0.00250437,0.273015629,2.373135933,-0.000159502,0.023926579,0.232866758,0,1,1,1 
HDVD_24,Heavy Duty Trucks_Diesel_Rigid 14 - 20 t_Euro II,,,0,0,12,86,5.57E-05,0.042387876,0.784079001,-4.943540199,0.002054849,0.093500202,-0.54481559,0,1,1,1 
HDVD_24,Heavy Duty Trucks_Diesel_Rigid 14 - 20 t_Euro II,,,0,0.5,12,86,6.72E-05,0.048714841,0.227529923,-3.269882,0.002736675,0.052056804,-0.475411819,0,1,1,1 
HDVD_24,Heavy Duty Trucks_Diesel_Rigid 14 - 20 t_Euro II,,,0,1,12,86,6.75E-05,0.048881982,0.146534213,-3.450008048,0.00285704,0.044701671,-0.492041677,0,1,1,1 
HDVD_24,Heavy Duty Trucks_Diesel_Rigid 14 - 20 t_Euro II,,,0.02,0,12,86,7.61E-06,0.016843414,0.835368935,3.044286405,0.000780186,0.060338327,0.369143618,0,1,1,1 
HDVD_24,Heavy Duty Trucks_Diesel_Rigid 14 - 20 t_Euro II,,,0.02,0.5,12,86,-1.95E-05,-0.002064703,0.418357294,3.056625798,-0.000284783,0.027638089,0.313202794,0,1,1,1 
HDVD_24,Heavy Duty Trucks_Diesel_Rigid 14 - 20 t_Euro II,,,0.02,1,12,86,4.57E-06,0.004143956,0.795620322,5.36841206,-0.000141463,0.06139627,0.492033245,0,1,1,1 
HDVD_24,Heavy Duty Trucks_Diesel_Rigid 14 - 20 t_Euro II,,,0.04,0,12,86,8.67E-05,0.000629578,0.927701342,2.793161501,0.000289573,0.04961738,0.417637111,0,1,1,1 
HDVD_24,Heavy Duty Trucks_Diesel_Rigid 14 - 20 t_Euro II,,,0.04,0.5,12,86,2.30E-05,0.00521933,0.828891809,4.850379966,-0.000182477,0.067182617,0.372787985,0,1,1,1 
HDVD_24,Heavy Duty Trucks_Diesel_Rigid 14 - 20 t_Euro II,,,0.04,1,12,77,0.000306264,0.013171769,0.302970606,-4.883864927,0.001131864,0.027452959,-0.405128475,0,1,1,1 
HDVD_24,Heavy Duty Trucks_Diesel_Rigid 14 - 20 t_Euro II,,,0.06,0,12,86,2.62E-05,0.005222559,0.911062186,6.239084121,-0.00019086,0.0733736,0.436286552,0,1,1,1 
HDVD_24,Heavy Duty Trucks_Diesel_Rigid 14 - 20 t_Euro II,,,0.06,0.5,12,74,6.60E-08,9.78E-05,0.025348264,3.132988083,1.12E-06,-0.001123611,0.262640988,0,1,1,1 
HDVD_24,Heavy Duty Trucks_Diesel_Rigid 14 - 20 t_Euro II,,,0.06,1,12,61,1.79E-05,0.005106021,0.462513669,2.4590559,-0.000125209,0.032187695,0.251965332,0,1,1,1 
HDVD_25,Heavy Duty Trucks_Diesel_Rigid 14 - 20 t_Euro III,,,-0.06,0,12,86,4.31E-06,-0.002562185,0.521050899,4.191119831,0.000114756,0.055995309,0.449671704,0,1,1,1 
HDVD_25,Heavy Duty Trucks_Diesel_Rigid 14 - 20 t_Euro III,,,-0.06,0.5,12,86,1.70E-06,-0.001566408,0.459639946,3.250876943,0.000138259,0.055157643,0.367635231,0,1,1,1 
HDVD_25,Heavy Duty Trucks_Diesel_Rigid 14 - 20 t_Euro III,,,-0.06,1,12,86,-8.37E-07,-0.000313393,0.329263349,2.469138324,0.00017979,0.043010374,0.279572787,0,1,1,1 
HDVD_25,Heavy Duty Trucks_Diesel_Rigid 14 - 20 t_Euro III,,,-0.04,0,12,86,4.50E-06,-0.00220468,0.371908363,2.815858979,-3.71E-06,0.03334323,0.285441521,0,1,1,1 
HDVD_25,Heavy Duty Trucks_Diesel_Rigid 14 - 20 t_Euro III,,,-0.04,0.5,12,86,4.99E-06,-0.00230986,0.361008469,2.696593622,1.29E-05,0.034293832,0.29899746,0,1,1,1 
HDVD_25,Heavy Duty Trucks_Diesel_Rigid 14 - 20 t_Euro III,,,-0.04,1,12,86,4.83E-06,-0.002237736,0.350229644,2.61657976,1.19E-05,0.035158125,0.306571731,0,1,1,1 
HDVD_25,Heavy Duty Trucks_Diesel_Rigid 14 - 20 t_Euro III,,,-0.02,0,12,86,1.27E-05,0.000126407,-0.079902067,4.139032918,0.000120379,-0.010545988,0.391405528,0,1,1,1 
HDVD_25,Heavy Duty Trucks_Diesel_Rigid 14 - 20 t_Euro III,,,-0.02,0.5,12,86,0.000339558,-0.004049839,1.487735937,2.939791735,0.002241918,0.078506224,0.669991557,0,1,1,1 
HDVD_25,Heavy Duty Trucks_Diesel_Rigid 14 - 20 t_Euro III,,,-0.02,1,12,86,-6.92E-15,9.90E-12,2.249634114,-4.25E-10,0.000220174,0.223430853,-0.095058724,0,1,1,1 
HDVD_25,Heavy Duty Trucks_Diesel_Rigid 14 - 20 t_Euro III,,,0,0,12,86,8.35E-16,3.02E-13,2.445683462,2.66E-11,-0.000474834,0.186142386,0.261461424,0,1,1,1 
HDVD_25,Heavy Duty Trucks_Diesel_Rigid 14 - 20 t_Euro III,,,0,0.5,12,86,3.27E-17,6.80E-15,3.400688685,4.36E-12,-0.00080034,0.277385909,0.260631881,0,1,1,1 
HDVD_25,Heavy Duty Trucks_Diesel_Rigid 14 - 20 t_Euro III,,,0,1,12,86,4.35E-05,0.044543491,1.024980649,-4.742637146,0.002612845,0.116874647,-0.556768887,0,1,1,1 
HDVD_25,Heavy Duty Trucks_Diesel_Rigid 14 - 20 t_Euro III,,,0.02,0,12,86,6.64E-06,-0.000290752,0.008131733,2.12467428,4.22E-05,-0.002601858,0.202074168,0,1,1,1 
HDVD_25,Heavy Duty Trucks_Diesel_Rigid 14 - 20 t_Euro III,,,0.02,0.5,12,86,2.44E-16,4.18E-14,2.118283197,2.05E-11,-0.000500781,0.160757378,0.248586046,0,1,1,1 
HDVD_25,Heavy Duty Trucks_Diesel_Rigid 14 - 20 t_Euro III,,,0.02,1,12,86,1.55E-15,4.83E-14,2.379045759,2.45E-10,-0.000870212,0.191976178,0.220342806,0,1,1,1 
HDVD_25,Heavy Duty Trucks_Diesel_Rigid 14 - 20 t_Euro III,,,0.04,0,12,86,7.66E-05,-0.000126039,0.835234061,2.854042679,0.000284023,0.047346261,0.416281915,0,1,1,1 
HDVD_25,Heavy Duty Trucks_Diesel_Rigid 14 - 20 t_Euro III,,,0.04,0.5,12,86,2.27E-05,-0.000738158,-0.044932469,4.670445696,0.000122015,-0.010729697,0.437649893,0,1,1,1 
HDVD_25,Heavy Duty Trucks_Diesel_Rigid 14 - 20 t_Euro III,,,0.04,1,12,79,8.89E-05,0.03364401,1.292481982,4.232369058,0.00078383,0.133742055,0.286511548,0,1,1,1 
HDVD_25,Heavy Duty Trucks_Diesel_Rigid 14 - 20 t_Euro III,,,0.06,0,12,86,0.00022804,-0.001019144,0.866710357,3.633858106,0.000741701,0.040055439,0.537167934,0,1,1,1 
HDVD_25,Heavy Duty Trucks_Diesel_Rigid 14 - 20 t_Euro III,,,0.06,0.5,12,73,0.000374366,0.107952338,1.568165711,-5.071931141,0.003791252,0.239810243,-1.035470511,0,1,1,1 
HDVD_25,Heavy Duty Trucks_Diesel_Rigid 14 - 20 t_Euro III,,,0.06,1,12,62,0.000205337,-0.010587946,-0.173271435,18.205316,0.000778498,-0.068948377,1.905444767,0,1,1,1 
HDVD_26,Heavy Duty Trucks_Diesel_Rigid 14 - 20 t_Euro IV,,,-0.06,0,12,86,-3.30E-06,0.00116897,0.747594828,-2.427624191,0.02468964,0.253993393,0.856885738,0,1,1,1 
HDVD_26,Heavy Duty Trucks_Diesel_Rigid 14 - 20 t_Euro IV,,,-0.06,0.5,12,86,-1.55E-06,0.00046367,0.6272666,-2.153212326,0.021291029,0.205013328,1.065778525,0,1,1,1 
HDVD_26,Heavy Duty Trucks_Diesel_Rigid 14 - 20 t_Euro IV,,,-0.06,1,12,86,-9.67E-07,0.00024681,0.566467072,-1.971343154,0.019712769,0.183156465,1.068015771,0,1,1,1 
HDVD_26,Heavy Duty Trucks_Diesel_Rigid 14 - 20 t_Euro IV,,,-0.04,0,12,86,-7.50E-06,0.003217813,0.744601869,-2.459852619,0.020006348,0.289080474,0.505074869,0,1,1,1 
HDVD_26,Heavy Duty Trucks_Diesel_Rigid 14 - 20 t_Euro IV,,,-0.04,0.5,12,86,3.19E-06,-0.001298885,1.284907578,0.173228957,0.026482881,0.643099129,4.594343611,0,1,1,1 
HDVD_26,Heavy Duty Trucks_Diesel_Rigid 14 - 20 t_Euro IV,,,-0.04,1,12,86,5.48E-06,-0.002141803,1.032292909,0.251815215,0.020395361,0.509196259,4.330676323,0,1,1,1 
HDVD_26,Heavy Duty Trucks_Diesel_Rigid 14 - 20 t_Euro IV,,,-0.02,0,12,86,1.43E-05,0.001072398,0.383871956,3.839704949,-0.000132019,0.433839731,2.13736446,0,1,1,1 
HDVD_26,Heavy Duty Trucks_Diesel_Rigid 14 - 20 t_Euro IV,,,-0.02,0.5,12,86,-1.50E-05,0.031980299,1.560946277,-3.686095981,0.035985398,1.208622122,-2.173879238,0,1,1,1 
HDVD_26,Heavy Duty Trucks_Diesel_Rigid 14 - 20 t_Euro IV,,,-0.02,1,12,86,-1.46E-05,0.010984408,1.461192593,-0.654508491,0.022202862,0.853566047,3.441960183,0,1,1,1 
HDVD_26,Heavy Duty Trucks_Diesel_Rigid 14 - 20 t_Euro IV,,,0,0,12,86,2.31E-14,1.75E-13,2.807748428,1.63E-08,-0.010542603,2.220156492,0.53003819,0,1,1,1 
HDVD_26,Heavy Duty Trucks_Diesel_Rigid 14 - 20 t_Euro IV,,,0,0.5,12,86,-2.12E-16,-1.67E-15,2.473210866,-2.76E-11,-0.009248439,1.800143069,2.355132324,0,1,1,1 
HDVD_26,Heavy Duty Trucks_Diesel_Rigid 14 - 20 t_Euro IV,,,0,1,12,86,-2.38E-16,-2.93E-15,1.858500262,-1.47E-11,-0.00548898,1.144765524,3.879711805,0,1,1,1 
HDVD_26,Heavy Duty Trucks_Diesel_Rigid 14 - 20 t_Euro IV,,,0.02,0,12,86,-1.47E-15,9.25E-14,4.014046645,-3.48E-10,-0.020502813,2.781140298,4.02135409,0,1,1,1 
HDVD_26,Heavy Duty Trucks_Diesel_Rigid 14 - 20 t_Euro IV,,,0.02,0.5,12,86,1.46E-05,0.002826736,0.261566812,1.766735213,-0.000600509,0.162689489,1.789093922,0,1,1,1 
HDVD_26,Heavy Duty Trucks_Diesel_Rigid 14 - 20 t_Euro IV,,,0.02,1,12,86,4.80E-06,0.004358198,0.325964667,1.294540399,-0.000521514,0.164765321,1.83000477,0,1,1,1 
HDVD_26,Heavy Duty Trucks_Diesel_Rigid 14 - 20 t_Euro IV,,,0.04,0,12,86,2.27E-05,0.002634265,0.261528802,3.094642392,-0.00061946,0.142295774,2.773686119,0,1,1,1 
HDVD_26,Heavy Duty Trucks_Diesel_Rigid 14 - 20 t_Euro IV,,,0.04,0.5,12,86,0.000377517,0.082287621,0.50769243,1.049963674,0.008923041,0.983547081,-1.308851343,0,1,1,1 
HDVD_26,Heavy Duty Trucks_Diesel_Rigid 14 - 20 t_Euro IV,,,0.04,1,12,81,-0.000429275,0.033208236,0.418195961,-6.077556254,-0.006007704,0.587523001,-4.544446512,0,1,1,1 
HDVD_26,Heavy Duty Trucks_Diesel_Rigid 14 - 20 t_Euro IV,,,0.06,0,12,86,0.000672553,0.098588083,0.583441139,1.008251209,0.010903931,1.341637768,-3.293197313,0,1,1,1 
HDVD_26,Heavy Duty Trucks_Diesel_Rigid 14 - 20 t_Euro IV,,,0.06,0.5,12,77,-0.000366295,0.025538863,0.541856608,-4.160220476,-0.004908091,0.454949987,-1.839830372,0,1,1,1 
HDVD_26,Heavy Duty Trucks_Diesel_Rigid 14 - 20 t_Euro IV,,,0.06,1,12,62,-0.000427308,0.024773261,0.330185989,-4.426718811,-0.005240798,0.400818134,-2.942038834,0,1,1,1 
HDVD_26,Heavy Duty Trucks_Diesel_Rigid 14 - 20 t_Euro IV,,,-0.06,0,12,86,-3.30E-06,0.00116897,0.747594828,-2.427624191,0.02468964,0.253993393,0.856885738,0,1,1,1 
HDVD_26,Heavy Duty Trucks_Diesel_Rigid 14 - 20 t_Euro IV,,,-0.06,0.5,12,86,-1.55E-06,0.00046367,0.6272666,-2.153212326,0.021291029,0.205013328,1.065778525,0,1,1,1 
HDVD_26,Heavy Duty Trucks_Diesel_Rigid 14 - 20 t_Euro IV,,,-0.06,1,12,86,-9.67E-07,0.00024681,0.566467072,-1.971343154,0.019712769,0.183156465,1.068015771,0,1,1,1 
HDVD_26,Heavy Duty Trucks_Diesel_Rigid 14 - 20 t_Euro IV,,,-0.04,0,12,86,-7.50E-06,0.003217813,0.744601869,-2.459852619,0.020006348,0.289080474,0.505074869,0,1,1,1 
HDVD_26,Heavy Duty Trucks_Diesel_Rigid 14 - 20 t_Euro IV,,,-0.04,1,12,86,5.48E-06,-0.002141803,1.032292909,0.251815215,0.020395361,0.509196259,4.330676323,0,1,1,1 
HDVD_26,Heavy Duty Trucks_Diesel_Rigid 14 - 20 t_Euro IV,,,-0.02,0,12,86,1.43E-05,0.001072398,0.383871956,3.839704949,-0.000132019,0.433839731,2.13736446,0,1,1,1 
HDVD_26,Heavy Duty Trucks_Diesel_Rigid 14 - 20 t_Euro IV,,,-0.02,1,12,86,-1.46E-05,0.010984408,1.461192593,-0.654508491,0.022202862,0.853566047,3.441960183,0,1,1,1 
HDVD_26,Heavy Duty Trucks_Diesel_Rigid 14 - 20 t_Euro IV,,,0,0,12,86,2.31E-14,1.75E-13,2.807748428,1.63E-08,-0.010542603,2.220156492,0.53003819,0,1,1,1 
HDVD_26,Heavy Duty Trucks_Diesel_Rigid 14 - 20 t_Euro IV,,,0,1,12,86,-2.38E-16,-2.93E-15,1.858500262,-1.47E-11,-0.00548898,1.144765524,3.879711805,0,1,1,1 
HDVD_26,Heavy Duty Trucks_Diesel_Rigid 14 - 20 t_Euro IV,,,0.02,0,12,86,-1.47E-15,9.25E-14,4.014046645,-3.48E-10,-0.020502813,2.781140298,4.02135409,0,1,1,1 
HDVD_26,Heavy Duty Trucks_Diesel_Rigid 14 - 20 t_Euro IV,,,0.02,1,12,86,4.80E-06,0.004358198,0.325964667,1.294540399,-0.000521514,0.164765321,1.83000477,0,1,1,1 
HDVD_26,Heavy Duty Trucks_Diesel_Rigid 14 - 20 t_Euro IV,,,0.04,0,12,86,2.27E-05,0.002634265,0.261528802,3.094642392,-0.00061946,0.142295774,2.773686119,0,1,1,1 
HDVD_26,Heavy Duty Trucks_Diesel_Rigid 14 - 20 t_Euro IV,,,0.04,1,12,81,-0.000429275,0.033208236,0.418195961,-6.077556254,-0.006007704,0.587523001,-4.544446512,0,1,1,1 
HDVD_26,Heavy Duty Trucks_Diesel_Rigid 14 - 20 t_Euro IV,,,0.06,0,12,86,0.000672553,0.098588083,0.583441139,1.008251209,0.010903931,1.341637768,-3.293197313,0,1,1,1 
HDVD_26,Heavy Duty Trucks_Diesel_Rigid 14 - 20 t_Euro IV,,,0.06,0.5,12,77,-0.000366295,0.025538863,0.541856608,-4.160220476,-0.004908091,0.454949987,-1.839830372,0,1,1,1 
HDVD_26,Heavy Duty Trucks_Diesel_Rigid 14 - 20 t_Euro IV,,,0.06,1,12,62,-0.000427308,0.024773261,0.330185989,-4.426718811,-0.005240798,0.400818134,-2.942038834,0,1,1,1 
HDVD_27,Heavy Duty Trucks_Diesel_Rigid 14 - 20 t_Euro V,SCR,,-0.06,0,5,85,-0.000999893,0.113385061,-0.556780061,1.134708085,0.241892915,-1.408050286,3.708718831,0,1,1,1 
HDVD_27,Heavy Duty Trucks_Diesel_Rigid 14 - 20 t_Euro V,SCR,,-0.06,0.5,5,85,-0.001814891,0.18414581,-1.056433443,0.985505743,0.335621728,-1.63637288,-6.08E-14,0,1,1,1 
HDVD_27,Heavy Duty Trucks_Diesel_Rigid 14 - 20 t_Euro V,SCR,,-0.06,1,5,85,-0.00104146,0.122340502,-0.668882112,1.655676274,0.300560885,-2.124644515,6.536732332,0,1,1,1 
HDVD_27,Heavy Duty Trucks_Diesel_Rigid 14 - 20 t_Euro V,SCR,,-0.04,0,5,85,-0.001356871,0.181880421,-0.831389298,1.416653208,0.326343708,-1.53200626,3.337820326,0,1,1,1 
HDVD_27,Heavy Duty Trucks_Diesel_Rigid 14 - 20 t_Euro V,SCR,,-0.04,0.5,5,85,-0.001800218,0.225484821,-0.984836622,1.71154152,0.405257054,-1.887699463,4.488125803,0,1,1,1 
HDVD_27,Heavy Duty Trucks_Diesel_Rigid 14 - 20 t_Euro V,SCR,,-0.04,1,5,85,-0.001102406,0.133987264,-0.599823909,1.093294953,0.25323091,-1.241631698,3.16119548,0,1,1,1 
HDVD_27,Heavy Duty Trucks_Diesel_Rigid 14 - 20 t_Euro V,SCR,,-0.02,0,5,85,0.00012823,-0.023615556,1.60757314,-0.978130814,-0.020290468,2.204228919,3.124175343,0,1,1,1 
HDVD_27,Heavy Duty Trucks_Diesel_Rigid 14 - 20 t_Euro V,SCR,,-0.02,0.5,5,85,8.84E-05,-0.018700851,1.085967396,-0.625755328,-0.015105873,1.415192705,2.270994317,0,1,1,1 
HDVD_27,Heavy Duty Trucks_Diesel_Rigid 14 - 20 t_Euro V,SCR,,-0.02,1,5,85,-0.001627641,0.2789771,-0.937511003,-0.270200654,0.376818112,-0.136791432,-4.81700728,0,1,1,1 
HDVD_27,Heavy Duty Trucks_Diesel_Rigid 14 - 20 t_Euro V,SCR,,0,0,5,85,7.81E-05,-0.005892473,1.650107825,-0.983115332,-0.008515201,2.12028015,3.186852042,0,1,1,1 
HDVD_27,Heavy Duty Trucks_Diesel_Rigid 14 - 20 t_Euro V,SCR,,0,0.5,5,85,0.00336578,0.350475635,-1.655477544,1.330318918,0.553021968,-1.962770967,-1.67E-10,0,1,1,1 
HDVD_27,Heavy Duty Trucks_Diesel_Rigid 14 - 20 t_Euro V,SCR,,0,1,5,85,0.000779366,0.05371996,0.523523015,0.260494686,0.097763808,0.419147227,3.519459651,0,1,1,1 
HDVD_27,Heavy Duty Trucks_Diesel_Rigid 14 - 20 t_Euro V,SCR,,0.02,0,5,85,-5.69E-05,0.000661294,1.640471231,-1.203445972,-0.015814188,2.153266702,2.04192821,0,1,1,1 
HDVD_27,Heavy Duty Trucks_Diesel_Rigid 14 - 20 t_Euro V,SCR,,0.02,0.5,5,85,0.006855508,0.359989917,-1.728692072,1.359808439,0.568412557,-1.993368493,-1.45E-09,0,1,1,1 
HDVD_27,Heavy Duty Trucks_Diesel_Rigid 14 - 20 t_Euro V,SCR,,0.02,1,5,85,0.000941654,0.017204762,1.229817169,-0.069840464,0.03876329,1.082174728,4.749247818,0,1,1,1 
HDVD_27,Heavy Duty Trucks_Diesel_Rigid 14 - 20 t_Euro V,SCR,,0.04,0,5,85,0.000111036,0.006562506,1.985037199,-1.371056,-0.009725918,2.401257733,2.943235018,0,1,1,1 
HDVD_27,Heavy Duty Trucks_Diesel_Rigid 14 - 20 t_Euro V,SCR,,0.04,0.5,5,85,0.000310101,0.006254518,1.015834139,-0.484236094,0.00356202,1.036800745,2.226330476,0,1,1,1 
HDVD_27,Heavy Duty Trucks_Diesel_Rigid 14 - 20 t_Euro V,SCR,,0.04,1,5,80,0.000738025,0.035805021,2.136000407,-1.008487563,0.008745561,2.325559722,4.727620116,0,1,1,1 
HDVD_27,Heavy Duty Trucks_Diesel_Rigid 14 - 20 t_Euro V,SCR,,0.06,0,5,85,0.000482817,0.005886795,0.945003252,-0.452145925,0.010440045,0.952786841,2.232479413,0,1,1,1 
HDVD_27,Heavy Duty Trucks_Diesel_Rigid 14 - 20 t_Euro V,SCR,,0.06,0.5,5,80,0.001297962,0.01200283,0.723417621,-0.123620397,0.031094988,0.527795126,2.442235366,0,1,1,1 
HDVD_27,Heavy Duty Trucks_Diesel_Rigid 14 - 20 t_Euro V,SCR,,0.06,1,5,60,-0.001275244,0.063398662,1.34776228,-1.230993029,-0.032466477,2.120270061,0.328892411,0,1,1,1 
HDVD_27,Heavy Duty Trucks_Diesel_Rigid 14 - 20 t_Euro V,EGR,,-0.06,0,5,70,-0.005337771,0.417753946,-1.720108064,1.286339411,0.180670365,-0.721423709,0.387336988,0,1,1,1 
HDVD_27,Heavy Duty Trucks_Diesel_Rigid 14 - 20 t_Euro V,EGR,,-0.06,0.5,5,80,-0.000490783,0.044410618,-0.388003595,2.744808613,0.02562262,-0.293140465,1.844128302,0,1,1,1 
HDVD_27,Heavy Duty Trucks_Diesel_Rigid 14 - 20 t_Euro V,EGR,,-0.06,1,5,80,-0.00050151,0.046428954,-0.494536657,3.295296528,0.029650589,-0.392061441,2.373708811,0,1,1,1 
HDVD_27,Heavy Duty Trucks_Diesel_Rigid 14 - 20 t_Euro V,EGR,,-0.04,0,5,85,-0.002361442,0.245079278,-1.245017339,2.275378883,0.093409351,-0.481132138,0.963333065,0,1,1,1 
HDVD_27,Heavy Duty Trucks_Diesel_Rigid 14 - 20 t_Euro V,EGR,,-0.04,0.5,5,85,-0.005376352,0.503729082,-1.876369373,0.945981814,0.194110853,-0.634564404,-6.21E-13,0,1,1,1 
HDVD_27,Heavy Duty Trucks_Diesel_Rigid 14 - 20 t_Euro V,EGR,,-0.04,1,5,85,-0.002180128,0.198423205,-0.958059913,2.04001785,0.082796302,-0.421667194,1.06632785,0,1,1,1 
HDVD_27,Heavy Duty Trucks_Diesel_Rigid 14 - 20 t_Euro V,EGR,,-0.02,0,5,85,5.82E-05,-0.031743929,3.096915409,-1.358903478,-0.011660673,1.152166596,-6.31E-11,0,1,1,1 
HDVD_27,Heavy Duty Trucks_Diesel_Rigid 14 - 20 t_Euro V,EGR,,-0.02,0.5,5,85,9.10E-05,-0.022067134,1.311727408,1.940186408,-0.004799626,0.4248485,1.268553797,0,1,1,1 
HDVD_27,Heavy Duty Trucks_Diesel_Rigid 14 - 20 t_Euro V,EGR,,-0.02,1,5,85,-0.005439417,0.869937115,-0.755165421,1.191344425,0.295919161,0.176595545,3.96E-08,0,1,1,1 
HDVD_27,Heavy Duty Trucks_Diesel_Rigid 14 - 20 t_Euro V,EGR,,0,0,5,85,0.002306332,0.224646238,-1.614373846,0.763023119,0.082342364,-0.514224521,-3.58E-14,0,1,1,1 
HDVD_27,Heavy Duty Trucks_Diesel_Rigid 14 - 20 t_Euro V,EGR,,0,0.5,5,85,0.006474008,0.609669958,-3.364087787,1.630982662,0.218050999,-1.050066923,0.109246241,0,1,1,1 
HDVD_27,Heavy Duty Trucks_Diesel_Rigid 14 - 20 t_Euro V,EGR,,0,1,5,85,0.011241368,1.003663619,-4.12743444,1.65255184,0.371694273,-1.29870316,1.45E-09,0,1,1,1 
HDVD_27,Heavy Duty Trucks_Diesel_Rigid 14 - 20 t_Euro V,EGR,,0.02,0,5,85,0.000195356,0.071400782,2.145925852,-1.025147689,0.010669943,0.729378037,2.09E-09,0,1,1,1 
HDVD_27,Heavy Duty Trucks_Diesel_Rigid 14 - 20 t_Euro V,EGR,,0.02,0.5,5,85,0.021223384,1.493098256,-0.151233835,-0.21919234,0.467871938,0.183662438,0.023316436,0,1,1,1 
HDVD_27,Heavy Duty Trucks_Diesel_Rigid 14 - 20 t_Euro V,EGR,,0.02,1,5,85,0.014388896,0.725599223,-2.230522474,0.833910427,0.257377266,-0.641456099,1.10E-09,0,1,1,1 
HDVD_27,Heavy Duty Trucks_Diesel_Rigid 14 - 20 t_Euro V,EGR,,0.04,0,5,85,0.022476304,1.502087824,-0.413664027,-0.44979181,0.465514615,0.148482215,-0.056379303,0,1,1,1 
HDVD_27,Heavy Duty Trucks_Diesel_Rigid 14 - 20 t_Euro V,EGR,,0.04,0.5,5,85,0.000495426,0.074132969,3.680567762,-2.045002591,0.003774341,1.105209139,-1.04E-12,0,1,1,1 
HDVD_27,Heavy Duty Trucks_Diesel_Rigid 14 - 20 t_Euro V,EGR,,0.04,1,5,80,-0.000599022,0.038247273,2.060373653,-0.974652792,-0.006459625,0.672831514,2.54E-13,0,1,1,1 
HDVD_27,Heavy Duty Trucks_Diesel_Rigid 14 - 20 t_Euro V,EGR,,0.06,0,5,85,0.000345118,0.037715538,2.419854897,-1.003321643,0.001587972,0.70741205,0.225786811,0,1,1,1 
HDVD_27,Heavy Duty Trucks_Diesel_Rigid 14 - 20 t_Euro V,EGR,,0.06,0.5,5,80,-0.000799598,0.047905074,2.555418576,-1.286667836,-0.007931433,0.784357441,1.42E-13,0,1,1,1 
HDVD_27,Heavy Duty Trucks_Diesel_Rigid 14 - 20 t_Euro V,EGR,,0.06,1,5,60,-0.000614466,0.078909817,2.301540335,-0.981032161,-0.002833702,0.75308196,-1.81E-11,0,1,1,1 
HDVD_28,Heavy Duty Trucks_Diesel_Rigid 14 - 20 t_Euro VI,,,-0.06,0,5,70,-0.004808605,0.376334397,-1.549507398,1.158634957,0.542513519,-2.166149967,1.162695903,0,1,1,1 
HDVD_28,Heavy Duty Trucks_Diesel_Rigid 14 - 20 t_Euro VI,,,-0.06,0.5,5,70,-0.004194924,0.311435608,-1.151363366,0.481166109,0.453953652,-1.55457826,1.68E-06,0,1,1,1 
HDVD_28,Heavy Duty Trucks_Diesel_Rigid 14 - 20 t_Euro VI,,,-0.06,1,5,80,-0.000247086,0.022863693,-0.243394954,1.611943257,0.048604657,-0.642065968,3.869773863,0,1,1,1 
HDVD_28,Heavy Duty Trucks_Diesel_Rigid 14 - 20 t_Euro VI,,,-0.04,0,5,85,-0.001751614,0.181784452,-0.923573175,1.688100247,0.230943856,-1.189700532,2.382359779,0,1,1,1 
HDVD_28,Heavy Duty Trucks_Diesel_Rigid 14 - 20 t_Euro VI,,,-0.04,0.5,5,85,-0.008502067,0.764847174,-0.111560282,0.225205367,1.022881968,0.461982247,0.597366037,0,1,1,1 
HDVD_28,Heavy Duty Trucks_Diesel_Rigid 14 - 20 t_Euro VI,,,-0.04,1,5,85,-0.003542536,0.321214229,-1.222761628,0.590300342,0.448942882,-1.535724484,2.27E-07,0,1,1,1 
HDVD_28,Heavy Duty Trucks_Diesel_Rigid 14 - 20 t_Euro VI,,,-0.02,0,5,85,5.71E-05,-0.031127416,3.036254217,-1.33260687,-0.038106231,3.765102544,1.65E-08,0,1,1,1 
HDVD_28,Heavy Duty Trucks_Diesel_Rigid 14 - 20 t_Euro VI,,,-0.02,0.5,5,85,6.24E-05,-0.015141173,0.899974831,1.328289205,-0.010975056,0.971564672,2.896956084,0,1,1,1 
HDVD_28,Heavy Duty Trucks_Diesel_Rigid 14 - 20 t_Euro VI,,,-0.02,1,5,85,-0.004193066,0.672466267,-0.632492718,0.925438275,0.763428161,0.375856952,0.000959886,0,1,1,1 
HDVD_28,Heavy Duty Trucks_Diesel_Rigid 14 - 20 t_Euro VI,,,0,0,5,85,0.000521271,0.091723366,1.684017517,-0.765715413,0.076697016,2.067698997,1.67E-09,0,1,1,1 
HDVD_28,Heavy Duty Trucks_Diesel_Rigid 14 - 20 t_Euro VI,,,0,0.5,5,85,0.008729912,0.827113069,0.034555463,0.302509973,0.948264854,0.409439461,0.583324441,0,1,1,1 
HDVD_28,Heavy Duty Trucks_Diesel_Rigid 14 - 20 t_Euro VI,,,0,1,5,85,0.000579822,0.090722487,1.628016238,-0.587957784,0.077073553,2.061910086,1.58E-08,0,1,1,1 
HDVD_28,Heavy Duty Trucks_Diesel_Rigid 14 - 20 t_Euro VI,,,0.02,0,5,85,0.000153573,0.055988963,1.682380719,-0.804213496,0.027912609,1.905763638,7.94E-08,0,1,1,1 
HDVD_28,Heavy Duty Trucks_Diesel_Rigid 14 - 20 t_Euro VI,,,0.02,0.5,5,85,0.015288774,1.057907715,-0.241325133,-0.260431024,1.114437306,0.247079176,-0.076837255,0,1,1,1 
HDVD_28,Heavy Duty Trucks_Diesel_Rigid 14 - 20 t_Euro VI,,,0.02,1,5,85,0.018069768,0.964522042,-0.073488118,0.020630299,1.07845774,0.385075414,0.201249364,0,1,1,1 
HDVD_28,Heavy Duty Trucks_Diesel_Rigid 14 - 20 t_Euro VI,,,0.04,0,5,85,0.015777058,1.054518723,-0.31912623,-0.299580838,1.08956211,0.318267612,-0.132246048,0,1,1,1 
HDVD_28,Heavy Duty Trucks_Diesel_Rigid 14 - 20 t_Euro VI,,,0.04,0.5,5,85,0.000344524,0.046859151,2.28894177,-1.282624652,0.009256466,2.284136405,5.87E-10,0,1,1,1 
HDVD_28,Heavy Duty Trucks_Diesel_Rigid 14 - 20 t_Euro VI,,,0.04,1,5,80,-0.000513214,0.034380325,1.822304458,-0.867937699,-0.018321238,1.980314102,4.75E-11,0,1,1,1 
HDVD_28,Heavy Duty Trucks_Diesel_Rigid 14 - 20 t_Euro VI,,,0.06,0,5,85,0.00060828,0.065265322,4.187836496,-1.714039191,0.009546036,4.075001176,1.343265739,0,1,1,1 
HDVD_28,Heavy Duty Trucks_Diesel_Rigid 14 - 20 t_Euro VI,,,0.06,0.5,5,80,-0.000475099,0.028341033,1.525339488,-0.772807734,-0.015777438,1.557269214,8.30E-13,0,1,1,1 
HDVD_28,Heavy Duty Trucks_Diesel_Rigid 14 - 20 t_Euro VI,,,0.06,1,5,65,-0.000194217,0.05291816,1.386273196,-0.600517326,0.000177065,1.509681711,4.41E-09,0,1,1,1 
HDVD_29,Heavy Duty Trucks_Diesel_Rigid 20 - 26 t_Conventional,,,-0.06,0,12,86,-0.000139051,0.020818605,0.861881435,-9.673195273,0.001562914,0.028426324,-0.397783636,0,1,1,1 
HDVD_29,Heavy Duty Trucks_Diesel_Rigid 20 - 26 t_Conventional,,,-0.06,0.5,12,86,1.33E-06,-0.001300126,0.321351361,2.501523192,9.16E-05,0.01686816,0.102321798,0,1,1,1 
HDVD_29,Heavy Duty Trucks_Diesel_Rigid 20 - 26 t_Conventional,,,-0.06,1,12,86,-1.77E-05,0.00275465,0.291428682,-3.350812888,0.000337336,0.010807107,-0.151035546,0,1,1,1 
HDVD_29,Heavy Duty Trucks_Diesel_Rigid 20 - 26 t_Conventional,,,-0.04,0,12,86,3.60E-06,-0.001664914,0.250591771,1.976255627,2.68E-05,0.010031413,0.085090603,0,1,1,1 
HDVD_29,Heavy Duty Trucks_Diesel_Rigid 20 - 26 t_Conventional,,,-0.04,0.5,12,86,-0.000218743,0.02499425,1.485999324,-3.582874889,0.00166682,0.056587792,-0.112802328,0,1,1,1 
HDVD_29,Heavy Duty Trucks_Diesel_Rigid 20 - 26 t_Conventional,,,-0.04,1,12,86,-0.000110172,0.010811104,1.202117405,-5.419201272,0.0009969,0.046986589,-0.212912135,0,1,1,1 
HDVD_29,Heavy Duty Trucks_Diesel_Rigid 20 - 26 t_Conventional,,,-0.02,0,12,86,0.000257129,0.000143342,1.869649834,-5.089835576,0.000778678,0.061469259,-0.151982857,0,1,1,1 
HDVD_29,Heavy Duty Trucks_Diesel_Rigid 20 - 26 t_Conventional,,,-0.02,0.5,12,86,-7.74E-06,0.006473271,0.621133058,3.729142035,0.000393558,0.026290406,0.117203756,0,1,1,1 
HDVD_29,Heavy Duty Trucks_Diesel_Rigid 20 - 26 t_Conventional,,,-0.02,1,12,86,-2.38E-06,0.000301374,0.336519124,2.507757648,9.50E-05,0.014723711,0.086367426,0,1,1,1 
HDVD_29,Heavy Duty Trucks_Diesel_Rigid 20 - 26 t_Conventional,,,0,0,12,86,0.000114495,0.106368853,0.166107055,-4.943400321,0.002982855,0.03054105,-0.3529634,0,1,1,1 
HDVD_29,Heavy Duty Trucks_Diesel_Rigid 20 - 26 t_Conventional,,,0,0.5,12,86,0.000171243,0.184073121,2.421134084,-2.344024325,0.005269636,0.14554232,-0.553853711,0,1,1,1 
HDVD_29,Heavy Duty Trucks_Diesel_Rigid 20 - 26 t_Conventional,,,0,1,12,86,0.000328286,0.32161989,2.712834366,-0.822037807,0.009737538,0.208964421,-0.956142749,0,1,1,1 
HDVD_29,Heavy Duty Trucks_Diesel_Rigid 20 - 26 t_Conventional,,,0.02,0,12,86,-0.000260629,0.112147975,1.049222213,-5.167593468,0.003027711,0.044827985,-0.191896737,0,1,1,1 
HDVD_29,Heavy Duty Trucks_Diesel_Rigid 20 - 26 t_Conventional,,,0.02,0.5,12,86,7.02E-05,0.081359739,2.120221098,-5.199366801,0.002299974,0.102381232,-0.444166289,0,1,1,1 
HDVD_29,Heavy Duty Trucks_Diesel_Rigid 20 - 26 t_Conventional,,,0.02,1,12,85,2.34E-05,0.003107803,0.82574952,6.96603485,-5.31E-05,0.036490034,0.210055265,0,1,1,1 
HDVD_29,Heavy Duty Trucks_Diesel_Rigid 20 - 26 t_Conventional,,,0.04,0,12,86,9.83E-06,0.002325451,0.390264768,2.914130428,7.81E-05,0.014186064,0.077919284,0,1,1,1 
HDVD_29,Heavy Duty Trucks_Diesel_Rigid 20 - 26 t_Conventional,,,0.04,0.5,12,78,1.38E-05,0.001322435,0.342164793,3.047306775,-2.99E-05,0.015446304,0.077367361,0,1,1,1 
HDVD_29,Heavy Duty Trucks_Diesel_Rigid 20 - 26 t_Conventional,,,0.04,1,12,63,0.000874652,0.231645413,3.429097089,-6.426942752,0.004733434,0.265311416,-1.371707068,0,1,1,1 
HDVD_29,Heavy Duty Trucks_Diesel_Rigid 20 - 26 t_Conventional,,,0.06,0,12,80,-3.40E-16,-1.99E-14,3.292103369,1.59E-11,-0.000712547,0.147020764,-0.373443712,0,1,1,1 
HDVD_29,Heavy Duty Trucks_Diesel_Rigid 20 - 26 t_Conventional,,,0.06,0.5,12,61,0.000736993,0.215359029,3.395573009,-6.186726504,0.004409824,0.239458849,-1.171382107,0,1,1,1 
HDVD_29,Heavy Duty Trucks_Diesel_Rigid 20 - 26 t_Conventional,,,0.06,1,12,46,0.000285038,0.052721817,-0.068036627,3.881591544,0.001151984,0.026199884,-0.085378989,0,1,1,1 
HDVD_30,Heavy Duty Trucks_Diesel_Rigid 20 - 26 t_Euro I,,,-0.06,0,12,86,-0.000127239,0.015686145,0.625401692,-6.620079337,0.001465059,0.025425834,-0.336168033,0,1,1,1 
HDVD_30,Heavy Duty Trucks_Diesel_Rigid 20 - 26 t_Euro I,,,-0.06,0.5,12,86,8.26E-06,-0.004077269,0.631993834,2.767880799,0.000195864,0.03812164,0.152866932,0,1,1,1 
HDVD_30,Heavy Duty Trucks_Diesel_Rigid 20 - 26 t_Euro I,,,-0.06,1,12,86,-0.000132706,0.016768422,1.002447229,-4.442250818,0.002031753,0.049350571,-0.223480967,0,1,1,1 
HDVD_30,Heavy Duty Trucks_Diesel_Rigid 20 - 26 t_Euro I,,,-0.04,0,12,86,5.75E-06,-0.002333486,0.298123395,2.274276069,4.46E-05,0.014116237,0.126867372,0,1,1,1 
HDVD_30,Heavy Duty Trucks_Diesel_Rigid 20 - 26 t_Euro I,,,-0.04,0.5,12,86,-0.00022441,0.021242128,1.364098241,-2.535880158,0.001764033,0.065470261,-0.087879062,0,1,1,1 
HDVD_30,Heavy Duty Trucks_Diesel_Rigid 20 - 26 t_Euro I,,,-0.04,1,12,86,7.82E-06,-0.002913034,0.333983722,2.460207137,6.01E-05,0.016457498,0.156304245,0,1,1,1 
HDVD_30,Heavy Duty Trucks_Diesel_Rigid 20 - 26 t_Euro I,,,-0.02,0,12,86,1.74E-05,0.00205554,0.57300331,4.98496234,5.84E-05,0.033247783,0.180699793,0,1,1,1 
HDVD_30,Heavy Duty Trucks_Diesel_Rigid 20 - 26 t_Euro I,,,-0.02,0.5,12,86,-8.14E-07,-0.000202673,0.385869042,2.840553984,6.04E-05,0.019367869,0.131928359,0,1,1,1 
HDVD_30,Heavy Duty Trucks_Diesel_Rigid 20 - 26 t_Euro I,,,-0.02,1,12,86,3.49E-06,-0.00166127,0.270061735,2.031372793,3.38E-06,0.012615566,0.108671299,0,1,1,1 
HDVD_30,Heavy Duty Trucks_Diesel_Rigid 20 - 26 t_Euro I,,,0,0,12,86,0.000189151,0.148610713,2.288802506,-4.765182375,0.004160662,0.161469898,-0.594986466,0,1,1,1 
HDVD_30,Heavy Duty Trucks_Diesel_Rigid 20 - 26 t_Euro I,,,0,0.5,12,86,0.000326391,0.249691227,2.456056562,-6.794061143,0.007533775,0.213579695,-1.034968444,0,1,1,1 
HDVD_30,Heavy Duty Trucks_Diesel_Rigid 20 - 26 t_Euro I,,,0,1,12,86,0.000147208,0.10475172,0.193507861,-4.157249999,0.003406723,0.047350252,-0.458833482,0,1,1,1 
HDVD_30,Heavy Duty Trucks_Diesel_Rigid 20 - 26 t_Euro I,,,0.02,0,12,86,6.94E-05,0.066377036,1.413392524,-8.035322697,0.001780445,0.078233153,-0.427036125,0,1,1,1 
HDVD_30,Heavy Duty Trucks_Diesel_Rigid 20 - 26 t_Euro I,,,0.02,0.5,12,86,-1.88E-18,5.87E-17,2.361552695,-7.45E-13,-0.000517023,0.100218142,0.042058921,0,1,1,1 
HDVD_30,Heavy Duty Trucks_Diesel_Rigid 20 - 26 t_Euro I,,,0.02,1,12,85,2.35E-05,0.005250603,0.780209736,3.952296396,-0.000100132,0.03510308,0.17186988,0,1,1,1 
HDVD_30,Heavy Duty Trucks_Diesel_Rigid 20 - 26 t_Euro I,,,0.04,0,12,86,-3.01E-17,2.37E-15,2.12141285,-6.53E-11,-0.000434752,0.087425706,0.016876877,0,1,1,1 
HDVD_30,Heavy Duty Trucks_Diesel_Rigid 20 - 26 t_Euro I,,,0.04,0.5,12,79,8.35E-19,1.79E-16,2.827077166,-2.09E-12,-0.000899899,0.118405792,0.038718575,0,1,1,1 
HDVD_30,Heavy Duty Trucks_Diesel_Rigid 20 - 26 t_Euro I,,,0.04,1,12,64,0.000148301,0.021949225,2.216454936,2.237805883,-0.0004046,0.100032004,0.089462542,0,1,1,1 
HDVD_30,Heavy Duty Trucks_Diesel_Rigid 20 - 26 t_Euro I,,,0.06,0,12,83,4.42E-05,0.005888837,0.923966096,6.506278115,-0.000137963,0.042406771,0.219122768,0,1,1,1 
HDVD_30,Heavy Duty Trucks_Diesel_Rigid 20 - 26 t_Euro I,,,0.06,0.5,12,62,-9.45E-06,0.01028781,0.215542353,8.809082301,-1.67E-05,0.013191692,0.325072365,0,1,1,1 
HDVD_30,Heavy Duty Trucks_Diesel_Rigid 20 - 26 t_Euro I,,,0.06,1,12,46,-8.56E-16,3.73E-14,3.910126572,-6.58E-11,-0.001511392,0.143304817,0.166168902,0,1,1,1 
HDVD_31,Heavy Duty Trucks_Diesel_Rigid 20 - 26 t_Euro II,,,-0.06,0,12,86,3.91E-06,-0.002017024,0.344112601,2.799531371,7.49E-05,0.028573878,0.236311615,0,1,1,1 
HDVD_31,Heavy Duty Trucks_Diesel_Rigid 20 - 26 t_Euro II,,,-0.06,0.5,12,86,3.34E-06,-0.001774242,0.314282282,2.53899502,6.65E-05,0.027376071,0.224509042,0,1,1,1 
HDVD_31,Heavy Duty Trucks_Diesel_Rigid 20 - 26 t_Euro II,,,-0.06,1,12,86,2.96E-06,-0.001648047,0.308351694,2.504460774,6.54E-05,0.027836605,0.226700577,0,1,1,1 
HDVD_31,Heavy Duty Trucks_Diesel_Rigid 20 - 26 t_Euro II,,,-0.04,0,12,86,-8.84E-05,-0.00245624,2.361229294,0.866964169,0.00050916,0.181381422,0.029139369,0,1,1,1 
HDVD_31,Heavy Duty Trucks_Diesel_Rigid 20 - 26 t_Euro II,,,-0.04,0.5,12,86,6.45E-06,-0.002640268,0.348385266,2.515992963,3.77E-05,0.024516385,0.225418738,0,1,1,1 
HDVD_31,Heavy Duty Trucks_Diesel_Rigid 20 - 26 t_Euro II,,,-0.04,1,12,86,6.52E-06,-0.002638927,0.34350024,2.463150301,3.66E-05,0.024724866,0.229520808,0,1,1,1 
HDVD_31,Heavy Duty Trucks_Diesel_Rigid 20 - 26 t_Euro II,,,-0.02,0,12,86,9.08E-06,0.001496416,0.358511086,2.872671781,7.50E-05,0.029213387,0.167710818,0,1,1,1 
HDVD_31,Heavy Duty Trucks_Diesel_Rigid 20 - 26 t_Euro II,,,-0.02,0.5,12,86,2.07E-06,-0.001199812,0.21283868,1.69771536,-3.78E-05,0.014990817,0.127905129,0,1,1,1 
HDVD_31,Heavy Duty Trucks_Diesel_Rigid 20 - 26 t_Euro II,,,-0.02,1,12,86,3.79E-06,-0.001939749,0.343972867,2.632270358,-1.47E-05,0.024032329,0.203967436,0,1,1,1 
HDVD_31,Heavy Duty Trucks_Diesel_Rigid 20 - 26 t_Euro II,,,0,0,12,86,0.000101798,0.076689042,0.216555702,-4.593803043,0.003624833,0.053518527,-0.559693112,0,1,1,1 
HDVD_31,Heavy Duty Trucks_Diesel_Rigid 20 - 26 t_Euro II,,,0,0.5,12,86,0.000168099,0.122892711,-0.105865938,-5.808986014,0.006237203,0.052060548,-0.802739328,0,1,1,1 
HDVD_31,Heavy Duty Trucks_Diesel_Rigid 20 - 26 t_Euro II,,,0,1,12,86,0.000145794,0.129413125,1.550329409,-6.290572734,0.00599083,0.175917327,-0.882433677,0,1,1,1 
HDVD_31,Heavy Duty Trucks_Diesel_Rigid 20 - 26 t_Euro II,,,0.02,0,12,86,2.14E-05,0.024867227,0.428025225,-4.196846911,0.00105994,0.036445023,-0.307364487,0,1,1,1 
HDVD_31,Heavy Duty Trucks_Diesel_Rigid 20 - 26 t_Euro II,,,0.02,0.5,12,86,8.84E-07,0.00197114,0.508008008,3.50229917,-6.40E-05,0.031537514,0.24620119,0,1,1,1 
HDVD_31,Heavy Duty Trucks_Diesel_Rigid 20 - 26 t_Euro II,,,0.02,1,12,86,2.56E-05,0.006797539,1.111463018,5.935687204,-0.000192066,0.07466466,0.393702724,0,1,1,1 
HDVD_31,Heavy Duty Trucks_Diesel_Rigid 20 - 26 t_Euro II,,,0.04,0,12,86,-4.46E-17,2.87E-15,2.607672557,-6.07E-11,-0.000684744,0.15840215,0.05319502,0,1,1,1 
HDVD_31,Heavy Duty Trucks_Diesel_Rigid 20 - 26 t_Euro II,,,0.04,0.5,12,82,1.14E-05,0.004006312,0.15444922,4.717242331,2.41E-05,0.012668964,0.268496102,0,1,1,1 
HDVD_31,Heavy Duty Trucks_Diesel_Rigid 20 - 26 t_Euro II,,,0.04,1,12,68,0.00089691,0.191533441,2.264539134,2.814735418,0.003879152,0.318410021,-0.946341262,0,1,1,1 
HDVD_31,Heavy Duty Trucks_Diesel_Rigid 20 - 26 t_Euro II,,,0.06,0,12,86,1.64E-05,0.002295037,0.398667311,2.996286516,-8.12E-05,0.027455361,0.149141376,0,1,1,1 
HDVD_31,Heavy Duty Trucks_Diesel_Rigid 20 - 26 t_Euro II,,,0.06,0.5,12,65,0.000259664,0.058667272,0.268283383,3.419670395,0.001357998,0.070193254,-0.159550381,0,1,1,1 
HDVD_31,Heavy Duty Trucks_Diesel_Rigid 20 - 26 t_Euro II,,,0.06,1,12,51,-0.000579423,0.029337189,0.602667966,-8.774205406,-0.00121466,0.088864541,-0.800935237,0,1,1,1 
HDVD_32,Heavy Duty Trucks_Diesel_Rigid 20 - 26 t_Euro III,,,-0.06,0,12,86,-9.68E-07,-0.000674746,0.411385856,3.202608107,0.000216439,0.038599703,0.232564312,0,1,1,1 
HDVD_32,Heavy Duty Trucks_Diesel_Rigid 20 - 26 t_Euro III,,,-0.06,0.5,12,86,-1.35E-06,-0.000328764,0.358491975,2.753805954,0.000204709,0.036503015,0.220656495,0,1,1,1 
HDVD_32,Heavy Duty Trucks_Diesel_Rigid 20 - 26 t_Euro III,,,-0.06,1,12,86,-4.30E-06,0.000514916,0.577484094,4.33986323,0.000426938,0.062382198,0.358132347,0,1,1,1 
HDVD_32,Heavy Duty Trucks_Diesel_Rigid 20 - 26 t_Euro III,,,-0.04,0,12,86,1.99E-06,-0.001582093,0.399154611,2.764862271,9.10E-05,0.030687216,0.197813255,0,1,1,1 
HDVD_32,Heavy Duty Trucks_Diesel_Rigid 20 - 26 t_Euro III,,,-0.04,0.5,12,86,3.19E-06,-0.002234498,0.510065959,2.915049285,0.000124583,0.041637289,0.225539914,0,1,1,1 
HDVD_32,Heavy Duty Trucks_Diesel_Rigid 20 - 26 t_Euro III,,,-0.04,1,12,86,2.22E-06,-0.0014051,0.297255742,2.649686785,6.60E-05,0.025911967,0.221740564,0,1,1,1 
HDVD_32,Heavy Duty Trucks_Diesel_Rigid 20 - 26 t_Euro III,,,-0.02,0,12,86,1.36E-05,0.001279269,0.415947705,3.852198149,1.28E-05,0.036633459,0.193517407,0,1,1,1 
HDVD_32,Heavy Duty Trucks_Diesel_Rigid 20 - 26 t_Euro III,,,-0.02,0.5,12,86,-6.40E-06,0.007950201,0.66204355,3.692565327,0.000766217,0.051177143,0.236784885,0,1,1,1 
HDVD_32,Heavy Duty Trucks_Diesel_Rigid 20 - 26 t_Euro III,,,-0.02,1,12,86,4.22E-17,-2.21E-14,2.077271749,4.44E-12,0.000567717,0.165794246,-0.119104031,0,1,1,1 
HDVD_32,Heavy Duty Trucks_Diesel_Rigid 20 - 26 t_Euro III,,,0,0,12,86,8.29E-05,0.083734723,-0.017072269,-4.720538514,0.004526305,0.029524337,-0.528613093,0,1,1,1 
HDVD_32,Heavy Duty Trucks_Diesel_Rigid 20 - 26 t_Euro III,,,0,0.5,12,86,0.000171517,0.170257268,0.912543278,-5.887590116,0.009134629,0.146458519,-1.039687075,0,1,1,1 
HDVD_32,Heavy Duty Trucks_Diesel_Rigid 20 - 26 t_Euro III,,,0,1,12,86,0.000175914,0.170972734,1.82192951,-4.900305966,0.008976908,0.226526657,-1.082903047,0,1,1,1 
HDVD_32,Heavy Duty Trucks_Diesel_Rigid 20 - 26 t_Euro III,,,0.02,0,12,86,8.63E-05,0.100459039,0.873027965,-6.489798978,0.00498634,0.096497923,-0.684564872,0,1,1,1 
HDVD_32,Heavy Duty Trucks_Diesel_Rigid 20 - 26 t_Euro III,,,0.02,0.5,12,86,9.35E-05,0.062573769,1.176628338,-4.777789273,0.002567734,0.123921921,-0.641568724,0,1,1,1 
HDVD_32,Heavy Duty Trucks_Diesel_Rigid 20 - 26 t_Euro III,,,0.02,1,12,86,0.000297935,0.102512229,1.798865772,-4.55394626,0.00344473,0.228808069,-1.089671843,0,1,1,1 
HDVD_32,Heavy Duty Trucks_Diesel_Rigid 20 - 26 t_Euro III,,,0.04,0,12,86,1.07E-05,0.002670137,0.708468957,5.289375189,-5.70E-05,0.048188049,0.318589709,0,1,1,1 
HDVD_32,Heavy Duty Trucks_Diesel_Rigid 20 - 26 t_Euro III,,,0.04,0.5,12,83,0.000107624,0.037020307,0.715696108,5.463485369,0.000872102,0.091756475,0.016343396,0,1,1,1 
HDVD_32,Heavy Duty Trucks_Diesel_Rigid 20 - 26 t_Euro III,,,0.04,1,12,69,0.000291644,0.082182134,0.556712572,-4.938850232,0.002379802,0.121082392,-0.897641915,0,1,1,1 
HDVD_32,Heavy Duty Trucks_Diesel_Rigid 20 - 26 t_Euro III,,,0.06,0,12,86,-8.43E-06,0.003506473,0.196014501,4.744343712,-4.43E-05,0.018575099,0.253695309,0,1,1,1 
HDVD_32,Heavy Duty Trucks_Diesel_Rigid 20 - 26 t_Euro III,,,0.06,0.5,12,67,0.000266653,0.078296016,0.590410838,-4.572529579,0.002268733,0.112060025,-0.769043364,0,1,1,1 
HDVD_32,Heavy Duty Trucks_Diesel_Rigid 20 - 26 t_Euro III,,,0.06,1,12,52,0.000490896,0.091620751,0.144570156,-4.766767617,0.002175048,0.113835692,-1.005199577,0,1,1,1 
HDVD_33,Heavy Duty Trucks_Diesel_Rigid 20 - 26 t_Euro IV,,,-0.06,0,12,86,-3.21E-06,0.001030432,1.776293231,-5.208891915,0.047968461,0.387146855,1.32469379,0,1,1,1 
HDVD_33,Heavy Duty Trucks_Diesel_Rigid 20 - 26 t_Euro IV,,,-0.06,0.5,12,86,-1.59E-05,0.006392771,1.701100862,-1.802798888,0.058845789,0.330629354,3.987417871,0,1,1,1 
HDVD_33,Heavy Duty Trucks_Diesel_Rigid 20 - 26 t_Euro IV,,,-0.06,1,12,86,-2.32E-05,0.009897896,1.970044143,-3.110136612,0.071457302,0.502283561,2.76375219,0,1,1,1 
HDVD_33,Heavy Duty Trucks_Diesel_Rigid 20 - 26 t_Euro IV,,,-0.04,0,12,86,8.87E-06,-0.004014631,0.548556787,3.757975065,0.003040839,0.38271455,1.922092906,0,1,1,1 
HDVD_33,Heavy Duty Trucks_Diesel_Rigid 20 - 26 t_Euro IV,,,-0.04,0.5,12,86,5.96E-06,-0.002077406,0.213185736,2.244357016,0.001015829,0.145888491,1.564067819,0,1,1,1 
HDVD_33,Heavy Duty Trucks_Diesel_Rigid 20 - 26 t_Euro IV,,,-0.04,1,12,86,5.99E-06,-0.002202384,0.784056758,0.348003707,0.012873321,0.27190112,2.342722863,0,1,1,1 
HDVD_33,Heavy Duty Trucks_Diesel_Rigid 20 - 26 t_Euro IV,,,-0.02,0,12,86,1.70E-05,0.001546653,0.361965151,3.810360382,0.001900205,0.314575824,1.228877205,0,1,1,1 
HDVD_33,Heavy Duty Trucks_Diesel_Rigid 20 - 26 t_Euro IV,,,-0.02,0.5,12,86,-1.60E-05,0.011257995,0.991433261,-3.001891322,0.01724944,0.407043111,-0.369905424,0,1,1,1 
HDVD_33,Heavy Duty Trucks_Diesel_Rigid 20 - 26 t_Euro IV,,,-0.02,1,12,86,1.29E-05,-0.004669261,0.52709845,3.399208566,1.14E-05,0.268999421,2.90317659,0,1,1,1 
HDVD_33,Heavy Duty Trucks_Diesel_Rigid 20 - 26 t_Euro IV,,,0,0,12,86,9.49E-06,0.001212725,0.330723958,2.839678714,-0.00031939,0.227202348,1.29990096,0,1,1,1 
HDVD_33,Heavy Duty Trucks_Diesel_Rigid 20 - 26 t_Euro IV,,,0,0.5,12,86,3.54E-06,0.001984525,0.436642935,3.409568249,-0.000504865,0.252971932,2.135308193,0,1,1,1 
HDVD_33,Heavy Duty Trucks_Diesel_Rigid 20 - 26 t_Euro IV,,,0,1,12,86,-5.01E-15,-4.38E-14,1.359432206,-4.30E-10,-0.003049318,0.65602811,1.648996358,0,1,1,1 
HDVD_33,Heavy Duty Trucks_Diesel_Rigid 20 - 26 t_Euro IV,,,0.02,0,12,86,3.52E-05,0.003474949,0.493991637,3.216728666,-0.001275983,0.330375939,1.406245225,0,1,1,1 
HDVD_33,Heavy Duty Trucks_Diesel_Rigid 20 - 26 t_Euro IV,,,0.02,0.5,12,86,1.89E-05,0.003463109,0.335137459,2.512359715,-0.000579862,0.156159072,1.782222865,0,1,1,1 
HDVD_33,Heavy Duty Trucks_Diesel_Rigid 20 - 26 t_Euro IV,,,0.02,1,12,86,0.000147821,0.039450559,0.665135741,1.698189119,0.003191995,0.515990168,0.617646091,0,1,1,1 
HDVD_33,Heavy Duty Trucks_Diesel_Rigid 20 - 26 t_Euro IV,,,0.04,0,12,86,0.000171709,0.013348069,0.259877313,4.170003926,0.001419464,0.260622496,1.358764,0,1,1,1 
HDVD_33,Heavy Duty Trucks_Diesel_Rigid 20 - 26 t_Euro IV,,,0.04,0.5,12,85,0.000192445,0.040520409,0.036532628,-2.365418203,0.004723255,0.305606818,-2.481108918,0,1,1,1 
HDVD_33,Heavy Duty Trucks_Diesel_Rigid 20 - 26 t_Euro IV,,,0.04,1,12,71,-0.000194728,0.011982075,0.270133875,-2.935673392,-0.002270433,0.199373782,-1.383237218,0,1,1,1 
HDVD_33,Heavy Duty Trucks_Diesel_Rigid 20 - 26 t_Euro IV,,,0.06,0,12,86,0.000263378,0.043787357,-0.107274243,-1.89205511,0.004893055,0.358193075,-3.367068595,0,1,1,1 
HDVD_33,Heavy Duty Trucks_Diesel_Rigid 20 - 26 t_Euro IV,,,0.06,0.5,12,69,-0.000408361,0.024790863,0.549233502,-5.229127133,-0.004365862,0.376849032,-2.231258056,0,1,1,1 
HDVD_33,Heavy Duty Trucks_Diesel_Rigid 20 - 26 t_Euro IV,,,0.06,1,12,52,0.000371014,-0.0167486,0.116891015,3.354711578,0.002866327,-0.158351784,2.543729491,0,1,1,1 
HDVD_33,Heavy Duty Trucks_Diesel_Rigid 20 - 26 t_Euro IV,,,-0.06,0,12,86,-3.21E-06,0.001030432,1.776293231,-5.208891915,0.047968461,0.387146855,1.32469379,0,1,1,1 
HDVD_33,Heavy Duty Trucks_Diesel_Rigid 20 - 26 t_Euro IV,,,-0.06,0.5,12,86,-1.59E-05,0.006392771,1.701100862,-1.802798888,0.058845789,0.330629354,3.987417871,0,1,1,1 
HDVD_33,Heavy Duty Trucks_Diesel_Rigid 20 - 26 t_Euro IV,,,-0.06,1,12,86,-2.32E-05,0.009897896,1.970044143,-3.110136612,0.071457302,0.502283561,2.76375219,0,1,1,1 
HDVD_33,Heavy Duty Trucks_Diesel_Rigid 20 - 26 t_Euro IV,,,-0.04,0,12,86,8.87E-06,-0.004014631,0.548556787,3.757975065,0.003040839,0.38271455,1.922092906,0,1,1,1 
HDVD_33,Heavy Duty Trucks_Diesel_Rigid 20 - 26 t_Euro IV,,,-0.04,1,12,86,5.99E-06,-0.002202384,0.784056758,0.348003707,0.012873321,0.27190112,2.342722863,0,1,1,1 
HDVD_33,Heavy Duty Trucks_Diesel_Rigid 20 - 26 t_Euro IV,,,-0.02,0,12,86,1.70E-05,0.001546653,0.361965151,3.810360382,0.001900205,0.314575824,1.228877205,0,1,1,1 
HDVD_33,Heavy Duty Trucks_Diesel_Rigid 20 - 26 t_Euro IV,,,-0.02,1,12,86,1.29E-05,-0.004669261,0.52709845,3.399208566,1.14E-05,0.268999421,2.90317659,0,1,1,1 
HDVD_33,Heavy Duty Trucks_Diesel_Rigid 20 - 26 t_Euro IV,,,0,0,12,86,9.49E-06,0.001212725,0.330723958,2.839678714,-0.00031939,0.227202348,1.29990096,0,1,1,1 
HDVD_33,Heavy Duty Trucks_Diesel_Rigid 20 - 26 t_Euro IV,,,0,1,12,86,-5.01E-15,-4.38E-14,1.359432206,-4.30E-10,-0.003049318,0.65602811,1.648996358,0,1,1,1 
HDVD_33,Heavy Duty Trucks_Diesel_Rigid 20 - 26 t_Euro IV,,,0.02,0,12,86,3.52E-05,0.003474949,0.493991637,3.216728666,-0.001275983,0.330375939,1.406245225,0,1,1,1 
HDVD_33,Heavy Duty Trucks_Diesel_Rigid 20 - 26 t_Euro IV,,,0.02,1,12,86,0.000147821,0.039450559,0.665135741,1.698189119,0.003191995,0.515990168,0.617646091,0,1,1,1 
HDVD_33,Heavy Duty Trucks_Diesel_Rigid 20 - 26 t_Euro IV,,,0.04,0,12,86,0.000171709,0.013348069,0.259877313,4.170003926,0.001419464,0.260622496,1.358764,0,1,1,1 
HDVD_33,Heavy Duty Trucks_Diesel_Rigid 20 - 26 t_Euro IV,,,0.04,1,12,71,-0.000194728,0.011982075,0.270133875,-2.935673392,-0.002270433,0.199373782,-1.383237218,0,1,1,1 
HDVD_33,Heavy Duty Trucks_Diesel_Rigid 20 - 26 t_Euro IV,,,0.06,0,12,86,0.000263378,0.043787357,-0.107274243,-1.89205511,0.004893055,0.358193075,-3.367068595,0,1,1,1 
HDVD_33,Heavy Duty Trucks_Diesel_Rigid 20 - 26 t_Euro IV,,,0.06,0.5,12,69,-0.000408361,0.024790863,0.549233502,-5.229127133,-0.004365862,0.376849032,-2.231258056,0,1,1,1 
HDVD_33,Heavy Duty Trucks_Diesel_Rigid 20 - 26 t_Euro IV,,,0.06,1,12,52,0.000371014,-0.0167486,0.116891015,3.354711578,0.002866327,-0.158351784,2.543729491,0,1,1,1 
HDVD_34,Heavy Duty Trucks_Diesel_Rigid 20 - 26 t_Euro V,SCR,,-0.06,0,5,85,-0.002243683,0.222791308,-1.089522363,1.809030175,0.310563494,-1.75806439,3.76099493,0,1,1,1 
HDVD_34,Heavy Duty Trucks_Diesel_Rigid 20 - 26 t_Euro V,SCR,,-0.06,0.5,5,85,-0.003541631,0.319773633,-1.450514292,1.305766383,0.407230854,-1.521797391,0.177571585,0,1,1,1 
HDVD_34,Heavy Duty Trucks_Diesel_Rigid 20 - 26 t_Euro V,SCR,,-0.06,1,5,80,-0.003368841,0.300590298,-1.350695314,1.197646446,0.383935737,-1.378453436,3.80E-07,0,1,1,1 
HDVD_34,Heavy Duty Trucks_Diesel_Rigid 20 - 26 t_Euro V,SCR,,-0.04,0,5,85,-0.00292659,0.306081656,-1.357590466,1.168102441,0.348605124,-1.222486882,1.90E-07,0,1,1,1 
HDVD_34,Heavy Duty Trucks_Diesel_Rigid 20 - 26 t_Euro V,SCR,,-0.04,0.5,5,85,-0.002775098,0.282455569,-1.262606875,1.113654499,0.327078147,-1.153066734,7.92E-08,0,1,1,1 
HDVD_34,Heavy Duty Trucks_Diesel_Rigid 20 - 26 t_Euro V,SCR,,-0.04,1,5,85,-0.002802914,0.279977316,-1.264887632,1.161325117,0.320639802,-1.125320989,4.21E-08,0,1,1,1 
HDVD_34,Heavy Duty Trucks_Diesel_Rigid 20 - 26 t_Euro V,SCR,,-0.02,0,5,85,-0.000928518,0.276559777,-1.256676336,0.986772,0.319692693,-1.16793543,1.22E-07,0,1,1,1 
HDVD_34,Heavy Duty Trucks_Diesel_Rigid 20 - 26 t_Euro V,SCR,,-0.02,0.5,5,85,-0.001815913,0.327778157,-1.439877252,1.172026223,0.364043149,-1.257427843,2.79E-11,0,1,1,1 
HDVD_34,Heavy Duty Trucks_Diesel_Rigid 20 - 26 t_Euro V,SCR,,-0.02,1,5,85,-0.002698824,0.451141633,-2.014433268,1.79028677,0.483732966,-1.63802,-2.63E-11,0,1,1,1 
HDVD_34,Heavy Duty Trucks_Diesel_Rigid 20 - 26 t_Euro V,SCR,,0,0,5,85,0.000699503,0.054091578,0.384109257,0.858448166,0.090295601,-0.089878453,3.836065827,0,1,1,1 
HDVD_34,Heavy Duty Trucks_Diesel_Rigid 20 - 26 t_Euro V,SCR,,0,0.5,5,85,0.000887124,0.078393123,0.061656232,1.119915715,0.114469341,-0.379798183,3.656263821,0,1,1,1 
HDVD_34,Heavy Duty Trucks_Diesel_Rigid 20 - 26 t_Euro V,SCR,,0,1,5,85,0.002335555,0.257815598,-0.73694205,2.343196661,0.309709258,-1.191562438,5.196096605,0,1,1,1 
HDVD_34,Heavy Duty Trucks_Diesel_Rigid 20 - 26 t_Euro V,SCR,,0.02,0,5,85,0.001099936,0.054072598,0.404661906,0.953702847,0.086975586,-0.072460928,3.75605169,0,1,1,1 
HDVD_34,Heavy Duty Trucks_Diesel_Rigid 20 - 26 t_Euro V,SCR,,0.02,0.5,5,85,0.001232755,0.029108434,0.207202847,0.986092436,0.061353903,-0.241088343,3.179122485,0,1,1,1 
HDVD_34,Heavy Duty Trucks_Diesel_Rigid 20 - 26 t_Euro V,SCR,,0.02,1,5,85,0.001863853,0.02776468,0.307490533,0.989285353,0.067250267,-0.247534234,3.578535887,0,1,1,1 
HDVD_34,Heavy Duty Trucks_Diesel_Rigid 20 - 26 t_Euro V,SCR,,0.04,0,5,85,0.000891466,0.004190178,0.818159251,0.489160351,0.031932875,0.276240926,3.513631364,0,1,1,1 
HDVD_34,Heavy Duty Trucks_Diesel_Rigid 20 - 26 t_Euro V,SCR,,0.04,0.5,5,85,0.001109434,-0.002145294,0.630846481,0.589354985,0.025218289,0.105759589,3.184933349,0,1,1,1 
HDVD_34,Heavy Duty Trucks_Diesel_Rigid 20 - 26 t_Euro V,SCR,,0.04,1,5,70,0.000446724,0.00275807,1.11217127,-0.002447298,0.003032455,0.604543895,2.999883289,0,1,1,1 
HDVD_34,Heavy Duty Trucks_Diesel_Rigid 20 - 26 t_Euro V,SCR,,0.06,0,5,85,0.000876331,-0.001547997,0.72736846,0.389083768,0.020950242,0.254167004,2.905974014,0,1,1,1 
HDVD_34,Heavy Duty Trucks_Diesel_Rigid 20 - 26 t_Euro V,SCR,,0.06,0.5,5,70,0.002374265,0.002959267,0.567597474,0.693080646,0.044709471,-0.067299063,3.387280387,0,1,1,1 
HDVD_34,Heavy Duty Trucks_Diesel_Rigid 20 - 26 t_Euro V,SCR,,0.06,1,5,50,-0.001196113,0.034046865,1.675232994,-0.454222613,-0.023676625,1.231789114,3.080138974,0,1,1,1 
HDVD_34,Heavy Duty Trucks_Diesel_Rigid 20 - 26 t_Euro V,EGR,,-0.06,0,5,70,-0.006281839,0.485282475,-2.14415026,1.914003944,0.16308493,-0.714017014,0.516918219,0,1,1,1 
HDVD_34,Heavy Duty Trucks_Diesel_Rigid 20 - 26 t_Euro V,EGR,,-0.06,0.5,5,65,-0.006392586,0.466845895,-1.813014749,0.904561241,0.163757814,-0.583106834,-2.52E-10,0,1,1,1 
HDVD_34,Heavy Duty Trucks_Diesel_Rigid 20 - 26 t_Euro V,EGR,,-0.06,1,5,75,-0.000409091,0.033133242,0.082973564,2.545791751,0.024438594,-0.158501901,1.932519291,0,1,1,1 
HDVD_34,Heavy Duty Trucks_Diesel_Rigid 20 - 26 t_Euro V,EGR,,-0.04,0,5,80,-0.006623736,0.564467703,-1.643065538,-2.879922889,0.147690265,-0.131127599,-2.197614239,0,1,1,1 
HDVD_34,Heavy Duty Trucks_Diesel_Rigid 20 - 26 t_Euro V,EGR,,-0.04,0.5,5,80,-0.00455139,0.400547101,-1.554676822,0.866879597,0.124001706,-0.421810703,5.71E-11,0,1,1,1 
HDVD_34,Heavy Duty Trucks_Diesel_Rigid 20 - 26 t_Euro V,EGR,,-0.04,1,5,80,-0.002949314,0.256154456,-1.1567003,2.278428498,0.083235298,-0.406080062,0.994417857,0,1,1,1 
HDVD_34,Heavy Duty Trucks_Diesel_Rigid 20 - 26 t_Euro V,EGR,,-0.02,0,5,80,0.00012587,-0.022842969,1.317277661,1.580984206,-0.003295139,0.326893643,0.928686437,0,1,1,1 
HDVD_34,Heavy Duty Trucks_Diesel_Rigid 20 - 26 t_Euro V,EGR,,-0.02,0.5,5,85,-0.002505411,0.391353323,-1.108858311,1.218049549,0.105770252,-0.217981212,0.220153012,0,1,1,1 
HDVD_34,Heavy Duty Trucks_Diesel_Rigid 20 - 26 t_Euro V,EGR,,-0.02,1,5,80,-0.00201839,0.239505222,0.106486118,-3.772500323,0.056942403,0.276418692,-1.917752722,0,1,1,1 
HDVD_34,Heavy Duty Trucks_Diesel_Rigid 20 - 26 t_Euro V,EGR,,0,0,5,85,0.001984431,0.314975246,2.699925213,-1.166952866,0.076226116,0.793783718,-2.76E-08,0,1,1,1 
HDVD_34,Heavy Duty Trucks_Diesel_Rigid 20 - 26 t_Euro V,EGR,,0,0.5,5,85,0.002186173,0.246649078,-2.008807467,0.791309525,0.072514194,-0.525689326,-1.79E-13,0,1,1,1 
HDVD_34,Heavy Duty Trucks_Diesel_Rigid 20 - 26 t_Euro V,EGR,,0,1,5,85,0.001540605,0.232186264,2.110185054,-0.660393277,0.05408118,0.657037558,1.12E-07,0,1,1,1 
HDVD_34,Heavy Duty Trucks_Diesel_Rigid 20 - 26 t_Euro V,EGR,,0.02,0,5,85,0.008045008,0.784621344,-3.2044421,1.401857642,0.203127191,-0.697638934,1.10E-10,0,1,1,1 
HDVD_34,Heavy Duty Trucks_Diesel_Rigid 20 - 26 t_Euro V,EGR,,0.02,0.5,5,80,0.018053708,1.197029289,0.250087028,0.707645201,0.314118342,0.171523743,0.265949094,0,1,1,1 
HDVD_34,Heavy Duty Trucks_Diesel_Rigid 20 - 26 t_Euro V,EGR,,0.02,1,5,85,0.024362574,1.194273769,-2.002513617,0.277408298,0.334494534,-0.46964226,4.81E-08,0,1,1,1 
HDVD_34,Heavy Duty Trucks_Diesel_Rigid 20 - 26 t_Euro V,EGR,,0.04,0,5,85,0.007315978,0.439625408,-3.046142558,1.301124203,0.120870259,-0.705511822,-4.57E-12,0,1,1,1 
HDVD_34,Heavy Duty Trucks_Diesel_Rigid 20 - 26 t_Euro V,EGR,,0.04,0.5,5,85,-0.000468956,0.022304317,1.911403388,-0.80014638,-0.005230071,0.486315061,-2.66E-14,0,1,1,1 
HDVD_34,Heavy Duty Trucks_Diesel_Rigid 20 - 26 t_Euro V,EGR,,0.04,1,5,70,-0.000432468,0.054846439,2.210056732,-0.925327725,-0.00254487,0.569265305,-1.04E-11,0,1,1,1 
HDVD_34,Heavy Duty Trucks_Diesel_Rigid 20 - 26 t_Euro V,EGR,,0.06,0,5,85,0.004027509,0.206141572,1.940781369,-1.112994564,0.046109702,0.466522264,-1.40E-13,0,1,1,1 
HDVD_34,Heavy Duty Trucks_Diesel_Rigid 20 - 26 t_Euro V,EGR,,0.06,0.5,5,70,-0.000726007,0.073147083,2.795969275,-1.22507838,-0.003891683,0.709964138,-5.42E-11,0,1,1,1 
HDVD_34,Heavy Duty Trucks_Diesel_Rigid 20 - 26 t_Euro V,EGR,,0.06,1,5,50,-0.000742033,0.077203536,2.22783093,-0.876879016,-0.002522616,0.572695693,2.26E-10,0,1,1,1 
HDVD_35,Heavy Duty Trucks_Diesel_Rigid 20 - 26 t_Euro VI,,,-0.06,0,5,70,-0.004433429,0.34248098,-1.513206568,1.350787762,0.383632897,-1.679613194,1.215932911,0,1,1,1 
HDVD_35,Heavy Duty Trucks_Diesel_Rigid 20 - 26 t_Euro VI,,,-0.06,0.5,5,70,-0.003358903,0.255902902,-1.213212932,1.302490392,0.314149156,-1.529388327,1.54337417,0,1,1,1 
HDVD_35,Heavy Duty Trucks_Diesel_Rigid 20 - 26 t_Euro VI,,,-0.06,1,5,70,-0.003543331,0.269062219,-1.291409581,1.421932574,0.349546063,-1.735528984,1.828724669,0,1,1,1 
HDVD_35,Heavy Duty Trucks_Diesel_Rigid 20 - 26 t_Euro VI,,,-0.04,0,5,80,-0.003070139,0.261631448,-0.762087941,-1.333514338,0.228169592,-0.203189681,-3.393702112,0,1,1,1 
HDVD_35,Heavy Duty Trucks_Diesel_Rigid 20 - 26 t_Euro VI,,,-0.04,0.5,5,85,-0.003686583,0.335051311,-1.716230422,3.149581704,0.357355843,-1.967073057,4.174896126,0,1,1,1 
HDVD_35,Heavy Duty Trucks_Diesel_Rigid 20 - 26 t_Euro VI,,,-0.04,1,5,80,-0.005623401,0.477871869,-1.881610462,1.175934441,0.495489316,-1.662344988,-5.05E-08,0,1,1,1 
HDVD_35,Heavy Duty Trucks_Diesel_Rigid 20 - 26 t_Euro VI,,,-0.02,0,5,85,9.85E-05,-0.017869693,1.030422861,1.234590986,-0.008589995,0.852306738,2.419020224,0,1,1,1 
HDVD_35,Heavy Duty Trucks_Diesel_Rigid 20 - 26 t_Euro VI,,,-0.02,0.5,5,85,-0.003081432,0.481672016,-1.375043444,1.525489807,0.434086511,-0.908099132,0.937682323,0,1,1,1 
HDVD_35,Heavy Duty Trucks_Diesel_Rigid 20 - 26 t_Euro VI,,,-0.02,1,5,85,-0.002273518,0.32162704,-1.080278083,1.681572793,0.293448191,-0.819271935,1.589169596,0,1,1,1 
HDVD_35,Heavy Duty Trucks_Diesel_Rigid 20 - 26 t_Euro VI,,,0,0,5,85,0.001504913,0.238685099,2.042247189,-0.88400603,0.192617165,2.000940657,-5.55E-07,0,1,1,1 
HDVD_35,Heavy Duty Trucks_Diesel_Rigid 20 - 26 t_Euro VI,,,0,0.5,5,85,0.005210447,0.564833924,-1.988609152,0.672101742,0.545373538,-1.664101471,-1.73E-10,0,1,1,1 
HDVD_35,Heavy Duty Trucks_Diesel_Rigid 20 - 26 t_Euro VI,,,0,1,5,85,0.001145848,0.171581374,1.539489288,-0.48866219,0.133664109,1.595253784,3.80E-07,0,1,1,1 
HDVD_35,Heavy Duty Trucks_Diesel_Rigid 20 - 26 t_Euro VI,,,0.02,0,5,85,-0.001835282,-0.165933536,2.20234134,-0.988576726,-0.155784512,1.770176924,9.52E-12,0,1,1,1 
HDVD_35,Heavy Duty Trucks_Diesel_Rigid 20 - 26 t_Euro VI,,,0.02,0.5,5,85,-0.000270278,0.010159762,2.707549661,-0.00019378,-0.019855013,2.257314187,1.200575979,0,1,1,1 
HDVD_35,Heavy Duty Trucks_Diesel_Rigid 20 - 26 t_Euro VI,,,0.02,1,5,85,0.019278836,0.948556905,-1.463162881,0.155664516,0.882839621,-1.13742644,4.23E-07,0,1,1,1 
HDVD_35,Heavy Duty Trucks_Diesel_Rigid 20 - 26 t_Euro VI,,,0.04,0,5,85,-0.000186972,0.005123469,2.530750177,-0.907417739,-0.017331727,1.974094801,0.474967099,0,1,1,1 
HDVD_35,Heavy Duty Trucks_Diesel_Rigid 20 - 26 t_Euro VI,,,0.04,0.5,5,85,0.014978011,0.661148402,-2.685108914,1.072797785,0.596408255,-1.98065295,1.06E-12,0,1,1,1 
HDVD_35,Heavy Duty Trucks_Diesel_Rigid 20 - 26 t_Euro VI,,,0.04,1,5,75,0.00483444,0.184364504,-1.397509427,0.665016836,0.172966293,-1.04148089,1.93E-10,0,1,1,1 
HDVD_35,Heavy Duty Trucks_Diesel_Rigid 20 - 26 t_Euro VI,,,0.06,0,5,85,0.004467945,0.229338621,2.227483972,-1.277565405,0.170254739,1.7817627,-1.05E-12,0,1,1,1 
HDVD_35,Heavy Duty Trucks_Diesel_Rigid 20 - 26 t_Euro VI,,,0.06,0.5,5,70,-0.000412327,0.050771217,1.848073249,-0.818664021,-0.006463685,1.561348403,1.04E-10,0,1,1,1 
HDVD_35,Heavy Duty Trucks_Diesel_Rigid 20 - 26 t_Euro VI,,,0.06,1,5,55,-0.000413367,0.061437156,1.710574684,-0.697113474,-0.003479166,1.454323954,4.07E-09,0,1,1,1 
HDVD_36,Heavy Duty Trucks_Diesel_Rigid 26 - 28 t_Conventional,,,-0.06,0,12,86,3.17E-06,-0.001837252,0.35960668,2.929655911,3.93E-05,0.017267647,0.139965151,0,1,1,1 
HDVD_36,Heavy Duty Trucks_Diesel_Rigid 26 - 28 t_Conventional,,,-0.06,0.5,12,86,2.34E-06,-0.001423178,0.295329495,2.40182795,3.22E-05,0.015069008,0.12127793,0,1,1,1 
HDVD_36,Heavy Duty Trucks_Diesel_Rigid 26 - 28 t_Conventional,,,-0.06,1,12,86,2.45E-06,-0.001423743,0.285760728,2.25222519,2.58E-05,0.014964553,0.119934832,0,1,1,1 
HDVD_36,Heavy Duty Trucks_Diesel_Rigid 26 - 28 t_Conventional,,,-0.04,0,12,86,-0.000244686,0.03510051,2.117258724,-1.285285298,0.001908189,0.083655072,0.012795368,0,1,1,1 
HDVD_36,Heavy Duty Trucks_Diesel_Rigid 26 - 28 t_Conventional,,,-0.04,0.5,12,86,-0.000263907,0.035611274,2.154540275,-2.239305077,0.002123699,0.088506281,-0.034489112,0,1,1,1 
HDVD_36,Heavy Duty Trucks_Diesel_Rigid 26 - 28 t_Conventional,,,-0.04,1,12,86,-0.000278161,0.039707974,2.335557929,-3.548604314,0.002510209,0.099362677,-0.099254141,0,1,1,1 
HDVD_36,Heavy Duty Trucks_Diesel_Rigid 26 - 28 t_Conventional,,,-0.02,0,12,86,8.91E-18,-1.16E-15,1.992516108,-3.01E-12,-0.000254826,0.088451513,-0.080790233,0,1,1,1 
HDVD_36,Heavy Duty Trucks_Diesel_Rigid 26 - 28 t_Conventional,,,-0.02,0.5,12,86,-4.48E-06,0.00409502,0.440576849,2.604377634,0.000214993,0.018450993,0.095966504,0,1,1,1 
HDVD_36,Heavy Duty Trucks_Diesel_Rigid 26 - 28 t_Conventional,,,-0.02,1,12,86,1.07E-06,-0.001031628,0.366087334,2.888011778,1.84E-05,0.015529722,0.119868474,0,1,1,1 
HDVD_36,Heavy Duty Trucks_Diesel_Rigid 26 - 28 t_Conventional,,,0,0,12,86,5.08E-05,0.044874458,0.96743513,-4.439907733,0.001031209,0.04743943,-0.2282217,0,1,1,1 
HDVD_36,Heavy Duty Trucks_Diesel_Rigid 26 - 28 t_Conventional,,,0,0.5,12,86,5.97E-05,0.053775245,1.22197649,-4.227101454,0.001373242,0.063762137,-0.285384052,0,1,1,1 
HDVD_36,Heavy Duty Trucks_Diesel_Rigid 26 - 28 t_Conventional,,,0,1,12,86,0.000121508,0.084455977,1.64044557,-6.06693677,0.002175915,0.103086208,-0.558816065,0,1,1,1 
HDVD_36,Heavy Duty Trucks_Diesel_Rigid 26 - 28 t_Conventional,,,0.02,0,12,86,-0.00024163,0.085345182,0.620385064,-3.822646235,0.00201176,0.033272833,-0.157934962,0,1,1,1 
HDVD_36,Heavy Duty Trucks_Diesel_Rigid 26 - 28 t_Conventional,,,0.02,0.5,12,86,0.000117639,0.087026272,1.765928046,-6.17090873,0.002142093,0.100384304,-0.533545019,0,1,1,1 
HDVD_36,Heavy Duty Trucks_Diesel_Rigid 26 - 28 t_Conventional,,,0.02,1,12,84,0.000107933,0.054626951,0.810982713,-3.928566875,0.001208987,0.059584029,-0.378567949,0,1,1,1 
HDVD_36,Heavy Duty Trucks_Diesel_Rigid 26 - 28 t_Conventional,,,0.04,0,12,86,0.000549543,0.003270958,5.191247401,0.999383788,0.001285663,0.147340282,0.196028254,0,1,1,1 
HDVD_36,Heavy Duty Trucks_Diesel_Rigid 26 - 28 t_Conventional,,,0.04,0.5,12,75,0.000263324,0.117499436,1.543926307,-8.014657382,0.002548592,0.119915591,-0.826927834,0,1,1,1 
HDVD_36,Heavy Duty Trucks_Diesel_Rigid 26 - 28 t_Conventional,,,0.04,1,12,60,0.000606242,0.182304078,2.865702682,-5.937182351,0.003605591,0.19660015,-0.860688176,0,1,1,1 
HDVD_36,Heavy Duty Trucks_Diesel_Rigid 26 - 28 t_Conventional,,,0.06,0,12,81,-4.26E-15,-8.03E-14,4.017094406,3.43E-10,-0.000860664,0.174203819,-0.390935519,0,1,1,1 
HDVD_36,Heavy Duty Trucks_Diesel_Rigid 26 - 28 t_Conventional,,,0.06,0.5,12,58,0.00052294,0.167798237,2.743561901,-5.43463104,0.003339236,0.175953047,-0.749112296,0,1,1,1 
HDVD_36,Heavy Duty Trucks_Diesel_Rigid 26 - 28 t_Conventional,,,0.06,1,12,45,0.000484192,0.089319927,0.026119627,5.89368831,0.001791456,0.04902546,-0.139774922,0,1,1,1 
HDVD_37,Heavy Duty Trucks_Diesel_Rigid 26 - 28 t_Euro I,,,-0.06,0,12,86,-8.97E-05,0.010691191,0.579096756,-2.923377184,0.001043314,0.029834351,-0.157340404,0,1,1,1 
HDVD_37,Heavy Duty Trucks_Diesel_Rigid 26 - 28 t_Euro I,,,-0.06,0.5,12,86,6.28E-06,-0.002997402,0.455196409,4.144195653,0.000111614,0.029751135,0.265056563,0,1,1,1 
HDVD_37,Heavy Duty Trucks_Diesel_Rigid 26 - 28 t_Euro I,,,-0.06,1,12,86,8.84E-06,-0.004012078,0.584181496,4.748500017,0.00012436,0.038747092,0.332073571,0,1,1,1 
HDVD_37,Heavy Duty Trucks_Diesel_Rigid 26 - 28 t_Euro I,,,-0.04,0,12,86,-0.000291788,0.034047871,2.092476881,-3.245445099,0.002582252,0.102205758,-0.108948201,0,1,1,1 
HDVD_37,Heavy Duty Trucks_Diesel_Rigid 26 - 28 t_Euro I,,,-0.04,0.5,12,86,-0.000300279,0.030555979,1.983512817,-2.415331265,0.002501294,0.102067801,-0.061069997,0,1,1,1 
HDVD_37,Heavy Duty Trucks_Diesel_Rigid 26 - 28 t_Euro I,,,-0.04,1,12,86,-0.000295365,0.029503745,1.941965997,-2.02996883,0.002506225,0.104000265,-0.035121333,0,1,1,1 
HDVD_37,Heavy Duty Trucks_Diesel_Rigid 26 - 28 t_Euro I,,,-0.02,0,12,86,8.84E-18,-1.59E-15,2.142321036,-2.31E-12,-0.000357768,0.121208588,-0.137702414,0,1,1,1 
HDVD_37,Heavy Duty Trucks_Diesel_Rigid 26 - 28 t_Euro I,,,-0.02,0.5,12,86,1.47E-16,-1.22E-13,1.981324979,2.50E-11,0.00023625,0.101860032,-0.033681827,0,1,1,1 
HDVD_37,Heavy Duty Trucks_Diesel_Rigid 26 - 28 t_Euro I,,,-0.02,1,12,86,4.24E-06,-0.001851677,0.261291736,1.944272325,-1.88E-05,0.012313188,0.11436616,0,1,1,1 
HDVD_37,Heavy Duty Trucks_Diesel_Rigid 26 - 28 t_Euro I,,,0,0,12,86,9.92E-05,0.066224226,1.210032133,-5.881129969,0.001716259,0.083067345,-0.427449727,0,1,1,1 
HDVD_37,Heavy Duty Trucks_Diesel_Rigid 26 - 28 t_Euro I,,,0,0.5,12,86,8.65E-05,0.060888258,1.159705555,-5.369228679,0.001653418,0.079384171,-0.398578978,0,1,1,1 
HDVD_37,Heavy Duty Trucks_Diesel_Rigid 26 - 28 t_Euro I,,,0,1,12,86,0.00025539,0.156707423,1.293114235,-3.338228984,0.004447104,0.135412606,-0.67067526,0,1,1,1 
HDVD_37,Heavy Duty Trucks_Diesel_Rigid 26 - 28 t_Euro I,,,0.02,0,12,86,7.47E-05,0.064182821,1.013501183,-7.523348328,0.001648736,0.063699054,-0.412670187,0,1,1,1 
HDVD_37,Heavy Duty Trucks_Diesel_Rigid 26 - 28 t_Euro I,,,0.02,0.5,12,86,1.59E-05,0.003342426,0.529725402,3.237092365,-6.84E-05,0.024643523,0.138655105,0,1,1,1 
HDVD_37,Heavy Duty Trucks_Diesel_Rigid 26 - 28 t_Euro I,,,0.02,1,12,85,1.08E-05,0.00251876,0.327946302,3.943491437,-4.23E-05,0.013280039,0.195582849,0,1,1,1 
HDVD_37,Heavy Duty Trucks_Diesel_Rigid 26 - 28 t_Euro I,,,0.04,0,12,86,1.71E-15,-7.01E-14,3.471847313,2.45E-09,-0.000898807,0.147172087,0.027293347,0,1,1,1 
HDVD_37,Heavy Duty Trucks_Diesel_Rigid 26 - 28 t_Euro I,,,0.04,0.5,12,77,0.000316248,0.077792074,0.496604977,5.683551528,0.00114646,0.07436793,-0.138106376,0,1,1,1 
HDVD_37,Heavy Duty Trucks_Diesel_Rigid 26 - 28 t_Euro I,,,0.04,1,12,62,3.21E-05,0.012446832,1.097572355,5.354607051,-0.000153931,0.0406433,0.322486137,0,1,1,1 
HDVD_37,Heavy Duty Trucks_Diesel_Rigid 26 - 28 t_Euro I,,,0.06,0,12,83,4.63E-05,0.006233578,0.898752336,5.758549713,-0.000139832,0.040938095,0.203301599,0,1,1,1 
HDVD_37,Heavy Duty Trucks_Diesel_Rigid 26 - 28 t_Euro I,,,0.06,0.5,12,60,1.88E-05,0.009965505,0.905440095,4.280761983,-0.000121984,0.032589809,0.251947409,0,1,1,1 
HDVD_37,Heavy Duty Trucks_Diesel_Rigid 26 - 28 t_Euro I,,,0.06,1,12,46,0.002308065,0.278632764,1.979482274,3.964931694,0.002875549,0.228103576,-0.569762488,0,1,1,1 
HDVD_38,Heavy Duty Trucks_Diesel_Rigid 26 - 28 t_Euro II,,,-0.06,0,12,86,4.17E-06,-0.001970729,0.313746682,2.369769431,3.01E-05,0.025731475,0.219518436,0,1,1,1 
HDVD_38,Heavy Duty Trucks_Diesel_Rigid 26 - 28 t_Euro II,,,-0.06,0.5,12,86,6.19E-06,-0.002884014,0.454060332,3.401970958,2.67E-05,0.039057933,0.337717949,0,1,1,1 
HDVD_38,Heavy Duty Trucks_Diesel_Rigid 26 - 28 t_Euro II,,,-0.06,1,12,86,5.01E-06,-0.002349501,0.373378586,2.79780632,1.21E-05,0.03321719,0.287921515,0,1,1,1 
HDVD_38,Heavy Duty Trucks_Diesel_Rigid 26 - 28 t_Euro II,,,-0.04,0,12,86,-1.53E-05,0.003633119,-0.180357931,3.233893531,0.000201662,-0.012254431,0.244503138,0,1,1,1 
HDVD_38,Heavy Duty Trucks_Diesel_Rigid 26 - 28 t_Euro II,,,-0.04,0.5,12,86,6.33E-06,-0.002564165,0.336089076,2.380444161,7.69E-06,0.023823741,0.226433261,0,1,1,1 
HDVD_38,Heavy Duty Trucks_Diesel_Rigid 26 - 28 t_Euro II,,,-0.04,1,12,86,5.88E-06,-0.002398776,0.317683353,2.259897416,7.25E-06,0.023367272,0.220741329,0,1,1,1 
HDVD_38,Heavy Duty Trucks_Diesel_Rigid 26 - 28 t_Euro II,,,-0.02,0,12,86,5.68E-05,0.099221449,1.581967993,-4.191360732,0.006017059,0.153170268,-0.61625158,0,1,1,1 
HDVD_38,Heavy Duty Trucks_Diesel_Rigid 26 - 28 t_Euro II,,,-0.02,0.5,12,86,7.88E-06,-0.004024902,0.355734618,3.18796956,-0.000207777,0.023944552,0.257704421,0,1,1,1 
HDVD_38,Heavy Duty Trucks_Diesel_Rigid 26 - 28 t_Euro II,,,-0.02,1,12,86,6.89E-06,-0.002939921,0.364186207,2.777331551,-8.53E-05,0.02435654,0.239294347,0,1,1,1 
HDVD_38,Heavy Duty Trucks_Diesel_Rigid 26 - 28 t_Euro II,,,0,0,12,86,8.79E-05,0.066098818,1.263630943,-6.881955515,0.002586827,0.12065866,-0.642603865,0,1,1,1 
HDVD_38,Heavy Duty Trucks_Diesel_Rigid 26 - 28 t_Euro II,,,0,0.5,12,86,9.13E-05,0.07210669,1.459353065,-6.919628489,0.002968684,0.139118953,-0.689086637,0,1,1,1 
HDVD_38,Heavy Duty Trucks_Diesel_Rigid 26 - 28 t_Euro II,,,0,1,12,86,0.000115305,0.084455203,1.659610061,-7.356437912,0.003478317,0.166072452,-0.817256869,0,1,1,1 
HDVD_38,Heavy Duty Trucks_Diesel_Rigid 26 - 28 t_Euro II,,,0.02,0,12,86,3.29E-05,0.029678784,0.353029511,-6.801933138,0.001205947,0.036746893,-0.505354382,0,1,1,1 
HDVD_38,Heavy Duty Trucks_Diesel_Rigid 26 - 28 t_Euro II,,,0.02,0.5,12,86,1.03E-05,0.005643721,1.08825262,7.95166934,-0.000152962,0.068677119,0.562582249,0,1,1,1 
HDVD_38,Heavy Duty Trucks_Diesel_Rigid 26 - 28 t_Euro II,,,0.02,1,12,86,4.03E-05,0.008823924,1.247993254,5.006308009,-0.00025269,0.085948146,0.335755984,0,1,1,1 
HDVD_38,Heavy Duty Trucks_Diesel_Rigid 26 - 28 t_Euro II,,,0.04,0,12,86,-1.51E-18,-8.63E-17,3.446435604,1.39E-12,-0.000982051,0.203287214,0.154887479,0,1,1,1 
HDVD_38,Heavy Duty Trucks_Diesel_Rigid 26 - 28 t_Euro II,,,0.04,0.5,12,81,1.33E-05,0.016763742,0.360464547,4.175870385,6.72E-05,0.044626436,0.09483908,0,1,1,1 
HDVD_38,Heavy Duty Trucks_Diesel_Rigid 26 - 28 t_Euro II,,,0.04,1,12,66,3.84E-05,0.006999632,0.644349831,4.557068263,-0.000153488,0.037197497,0.358316115,0,1,1,1 
HDVD_38,Heavy Duty Trucks_Diesel_Rigid 26 - 28 t_Euro II,,,0.06,0,12,86,8.05E-05,0.000538172,0.546352283,5.186520966,-1.16E-05,0.030454788,0.320762789,0,1,1,1 
HDVD_38,Heavy Duty Trucks_Diesel_Rigid 26 - 28 t_Euro II,,,0.06,0.5,12,64,9.68E-05,0.00709792,0.163121699,3.322789063,0.000154625,0.013783961,0.181506235,0,1,1,1 
HDVD_38,Heavy Duty Trucks_Diesel_Rigid 26 - 28 t_Euro II,,,0.06,1,12,49,-0.000263091,0.027097648,0.249193495,-4.589257679,-0.000516429,0.055675231,-0.494888118,0,1,1,1 
HDVD_39,Heavy Duty Trucks_Diesel_Rigid 26 - 28 t_Euro III,,,-0.06,0,12,86,-1.29E-06,-0.00040174,0.376189183,2.893835823,0.000200195,0.036225649,0.219773482,0,1,1,1 
HDVD_39,Heavy Duty Trucks_Diesel_Rigid 26 - 28 t_Euro III,,,-0.06,0.5,12,86,-3.60E-06,0.00029394,0.54975162,4.130038899,0.00036997,0.058543698,0.344529121,0,1,1,1 
HDVD_39,Heavy Duty Trucks_Diesel_Rigid 26 - 28 t_Euro III,,,-0.06,1,12,86,-4.18E-06,0.001047448,0.450523257,3.270346318,0.000381867,0.050978298,0.288198128,0,1,1,1 
HDVD_39,Heavy Duty Trucks_Diesel_Rigid 26 - 28 t_Euro III,,,-0.04,0,12,86,1.40E-06,-0.001905634,0.658581805,4.914202689,0.000157761,0.052178418,0.354812484,0,1,1,1 
HDVD_39,Heavy Duty Trucks_Diesel_Rigid 26 - 28 t_Euro III,,,-0.04,0.5,12,86,3.56E-06,-0.003241707,0.913066184,6.582018315,0.000223304,0.078522284,0.525144671,0,1,1,1 
HDVD_39,Heavy Duty Trucks_Diesel_Rigid 26 - 28 t_Euro III,,,-0.04,1,12,86,3.17E-06,-0.002220559,0.529980576,4.56512428,0.000104334,0.048088915,0.399430462,0,1,1,1 
HDVD_39,Heavy Duty Trucks_Diesel_Rigid 26 - 28 t_Euro III,,,-0.02,0,12,86,7.00E-05,0.059820519,1.330566633,-4.075958755,0.003121043,0.142829639,-0.727972907,0,1,1,1 
HDVD_39,Heavy Duty Trucks_Diesel_Rigid 26 - 28 t_Euro III,,,-0.02,0.5,12,86,-2.38E-06,0.138157627,6.39229591,0.604988091,0.011499251,0.514119513,-0.472183029,0,1,1,1 
HDVD_39,Heavy Duty Trucks_Diesel_Rigid 26 - 28 t_Euro III,,,-0.02,1,12,86,4.71E-17,-3.93E-14,2.419911756,1.43E-12,0.000443929,0.199089586,-0.12738961,0,1,1,1 
HDVD_39,Heavy Duty Trucks_Diesel_Rigid 26 - 28 t_Euro III,,,0,0,12,86,8.16E-05,0.07187343,1.573929581,-6.581475541,0.003065054,0.142166171,-0.65853769,0,1,1,1 
HDVD_39,Heavy Duty Trucks_Diesel_Rigid 26 - 28 t_Euro III,,,0,0.5,12,86,0.000119517,0.096254331,2.045508175,-7.619431854,0.004310845,0.203050888,-0.955028353,0,1,1,1 
HDVD_39,Heavy Duty Trucks_Diesel_Rigid 26 - 28 t_Euro III,,,0,1,12,86,7.78E-05,0.05767191,1.166265329,-4.386179804,0.002631215,0.125006087,-0.618737219,0,1,1,1 
HDVD_39,Heavy Duty Trucks_Diesel_Rigid 26 - 28 t_Euro III,,,0.02,0,12,86,4.44E-05,0.047255411,1.101936284,-5.168992609,0.002037218,0.090336289,-0.432781911,0,1,1,1 
HDVD_39,Heavy Duty Trucks_Diesel_Rigid 26 - 28 t_Euro III,,,0.02,0.5,12,86,0.000212263,0.109451144,2.374296588,-6.710201057,0.003984227,0.242718175,-0.993912663,0,1,1,1 
HDVD_39,Heavy Duty Trucks_Diesel_Rigid 26 - 28 t_Euro III,,,0.02,1,12,86,1.71E-05,0.003204694,0.533813351,3.593623148,-0.000111339,0.040411938,0.233669368,0,1,1,1 
HDVD_39,Heavy Duty Trucks_Diesel_Rigid 26 - 28 t_Euro III,,,0.04,0,12,86,4.59E-05,0.02794616,1.206007696,3.383401671,0.000845811,0.095293877,0.08563933,0,1,1,1 
HDVD_39,Heavy Duty Trucks_Diesel_Rigid 26 - 28 t_Euro III,,,0.04,0.5,12,82,2.76E-05,0.009480282,0.195527559,1.977800046,0.000166733,0.025642866,0.025570594,0,1,1,1 
HDVD_39,Heavy Duty Trucks_Diesel_Rigid 26 - 28 t_Euro III,,,0.04,1,12,67,-3.20E-05,0.00404586,0.097597048,5.204771914,-7.39E-05,0.008939722,0.345069469,0,1,1,1 
HDVD_39,Heavy Duty Trucks_Diesel_Rigid 26 - 28 t_Euro III,,,0.06,0,12,86,4.31E-05,0.005800978,1.023674973,7.850542533,-0.000225813,0.076070295,0.408826467,0,1,1,1 
HDVD_39,Heavy Duty Trucks_Diesel_Rigid 26 - 28 t_Euro III,,,0.06,0.5,12,65,9.95E-05,0.008119394,0.179757498,3.341603296,0.000201393,0.019477628,0.166607517,0,1,1,1 
HDVD_39,Heavy Duty Trucks_Diesel_Rigid 26 - 28 t_Euro III,,,0.06,1,12,50,0.011832973,0.688048904,1.620869434,-3.828653906,0.022309466,0.903043831,-5.89276553,0,1,1,1 
HDVD_40,Heavy Duty Trucks_Diesel_Rigid 26 - 28 t_Euro IV,,,-0.06,0,12,86,1.54E-05,-0.005337982,0.547867708,5.271291977,0.002777203,0.415128917,4.28045491,0,1,1,1 
HDVD_40,Heavy Duty Trucks_Diesel_Rigid 26 - 28 t_Euro IV,,,-0.06,0.5,12,86,2.48E-05,-0.010465378,1.36483203,4.410431255,0.007721636,1.135979052,3.27740897,0,1,1,1 
HDVD_40,Heavy Duty Trucks_Diesel_Rigid 26 - 28 t_Euro IV,,,-0.06,1,12,86,-8.95E-06,0.003883999,0.872544381,-2.780059307,0.025868261,0.355051315,0.235588994,0,1,1,1 
HDVD_40,Heavy Duty Trucks_Diesel_Rigid 26 - 28 t_Euro IV,,,-0.04,0,12,86,8.89E-06,-0.003617764,0.453670851,4.068599682,0.00146814,0.311695961,2.879489713,0,1,1,1 
HDVD_40,Heavy Duty Trucks_Diesel_Rigid 26 - 28 t_Euro IV,,,-0.04,0.5,12,86,1.53E-05,-0.00532149,0.555386571,3.998321131,0.001607112,0.357052823,3.581898626,0,1,1,1 
HDVD_40,Heavy Duty Trucks_Diesel_Rigid 26 - 28 t_Euro IV,,,-0.04,1,12,86,2.24E-05,-0.006824076,0.605593974,3.345535655,0.001558858,0.327267475,4.164524921,0,1,1,1 
HDVD_40,Heavy Duty Trucks_Diesel_Rigid 26 - 28 t_Euro IV,,,-0.02,0,12,86,1.78E-05,0.003326746,0.601093529,4.767121067,0.002410253,0.453247936,2.376811125,0,1,1,1 
HDVD_40,Heavy Duty Trucks_Diesel_Rigid 26 - 28 t_Euro IV,,,-0.02,0.5,12,86,5.37E-06,-0.002025235,0.22771094,1.587824487,-0.000367866,0.124064278,1.341655258,0,1,1,1 
HDVD_40,Heavy Duty Trucks_Diesel_Rigid 26 - 28 t_Euro IV,,,-0.02,1,12,86,7.73E-06,-0.00251378,0.242146054,1.312633269,-0.000231107,0.104784392,1.463582192,0,1,1,1 
HDVD_40,Heavy Duty Trucks_Diesel_Rigid 26 - 28 t_Euro IV,,,0,0,12,86,4.45E-05,0.024677091,0.397459263,-1.883637045,0.008057222,0.402208647,-2.252104518,0,1,1,1 
HDVD_40,Heavy Duty Trucks_Diesel_Rigid 26 - 28 t_Euro IV,,,0,0.5,12,86,0.000108553,0.051400484,0.389089459,-1.484615553,0.015103417,0.568991265,-2.875137525,0,1,1,1 
HDVD_40,Heavy Duty Trucks_Diesel_Rigid 26 - 28 t_Euro IV,,,0,1,12,86,2.49E-05,0.013071201,0.557890844,2.105185955,0.002812485,0.283838657,2.122248206,0,1,1,1 
HDVD_40,Heavy Duty Trucks_Diesel_Rigid 26 - 28 t_Euro IV,,,0.02,0,12,86,5.78E-05,0.009084653,1.072003581,1.468275776,-0.002312587,0.663289983,0.790404519,0,1,1,1 
HDVD_40,Heavy Duty Trucks_Diesel_Rigid 26 - 28 t_Euro IV,,,0.02,0.5,12,86,2.22E-05,0.008623472,0.712214176,3.422078905,-0.001006342,0.30341984,3.150620866,0,1,1,1 
HDVD_40,Heavy Duty Trucks_Diesel_Rigid 26 - 28 t_Euro IV,,,0.02,1,12,86,1.82E-05,0.012067672,0.590323982,2.53759841,0.000957863,0.172910595,3.012112973,0,1,1,1 
HDVD_40,Heavy Duty Trucks_Diesel_Rigid 26 - 28 t_Euro IV,,,0.04,0,12,86,0.000101501,0.009191898,0.234630766,3.105472528,0.000744787,0.172862231,1.448974284,0,1,1,1 
HDVD_40,Heavy Duty Trucks_Diesel_Rigid 26 - 28 t_Euro IV,,,0.04,0.5,12,83,-0.000135483,0.009948362,0.222478234,-2.188312044,-0.001619196,0.164623095,-0.996840012,0,1,1,1 
HDVD_40,Heavy Duty Trucks_Diesel_Rigid 26 - 28 t_Euro IV,,,0.04,1,12,66,0.000371091,-0.032280381,1.447832256,0.10950039,0.000302426,0.019844798,4.920597754,0,1,1,1 
HDVD_40,Heavy Duty Trucks_Diesel_Rigid 26 - 28 t_Euro IV,,,0.06,0,12,86,-0.00075051,0.063282,0.53920559,-11.68904661,-0.009006779,0.930828504,-8.641863249,0,1,1,1 
HDVD_40,Heavy Duty Trucks_Diesel_Rigid 26 - 28 t_Euro IV,,,0.06,0.5,12,64,0.000288134,-0.002369396,0.424618469,1.100483006,0.003395934,-0.034000847,2.331841061,0,1,1,1 
HDVD_40,Heavy Duty Trucks_Diesel_Rigid 26 - 28 t_Euro IV,,,0.06,1,12,49,0.000442736,0.056934849,-0.110693469,-1.788072297,0.005606426,0.301579051,-2.458469229,0,1,1,1 
HDVD_40,Heavy Duty Trucks_Diesel_Rigid 26 - 28 t_Euro IV,,,-0.06,0,12,86,1.54E-05,-0.005337982,0.547867708,5.271291977,0.002777203,0.415128917,4.28045491,0,1,1,1 
HDVD_40,Heavy Duty Trucks_Diesel_Rigid 26 - 28 t_Euro IV,,,-0.06,0.5,12,86,2.48E-05,-0.010465378,1.36483203,4.410431255,0.007721636,1.135979052,3.27740897,0,1,1,1 
HDVD_40,Heavy Duty Trucks_Diesel_Rigid 26 - 28 t_Euro IV,,,-0.06,1,12,86,-8.95E-06,0.003883999,0.872544381,-2.780059307,0.025868261,0.355051315,0.235588994,0,1,1,1 
HDVD_40,Heavy Duty Trucks_Diesel_Rigid 26 - 28 t_Euro IV,,,-0.04,0,12,86,8.89E-06,-0.003617764,0.453670851,4.068599682,0.00146814,0.311695961,2.879489713,0,1,1,1 
HDVD_40,Heavy Duty Trucks_Diesel_Rigid 26 - 28 t_Euro IV,,,-0.04,1,12,86,2.24E-05,-0.006824076,0.605593974,3.345535655,0.001558858,0.327267475,4.164524921,0,1,1,1 
HDVD_40,Heavy Duty Trucks_Diesel_Rigid 26 - 28 t_Euro IV,,,-0.02,0,12,86,1.78E-05,0.003326746,0.601093529,4.767121067,0.002410253,0.453247936,2.376811125,0,1,1,1 
HDVD_40,Heavy Duty Trucks_Diesel_Rigid 26 - 28 t_Euro IV,,,-0.02,1,12,86,7.73E-06,-0.00251378,0.242146054,1.312633269,-0.000231107,0.104784392,1.463582192,0,1,1,1 
HDVD_40,Heavy Duty Trucks_Diesel_Rigid 26 - 28 t_Euro IV,,,0,0,12,86,4.45E-05,0.024677091,0.397459263,-1.883637045,0.008057222,0.402208647,-2.252104518,0,1,1,1 
HDVD_40,Heavy Duty Trucks_Diesel_Rigid 26 - 28 t_Euro IV,,,0,1,12,86,2.49E-05,0.013071201,0.557890844,2.105185955,0.002812485,0.283838657,2.122248206,0,1,1,1 
HDVD_40,Heavy Duty Trucks_Diesel_Rigid 26 - 28 t_Euro IV,,,0.02,0,12,86,5.78E-05,0.009084653,1.072003581,1.468275776,-0.002312587,0.663289983,0.790404519,0,1,1,1 
HDVD_40,Heavy Duty Trucks_Diesel_Rigid 26 - 28 t_Euro IV,,,0.02,1,12,86,1.82E-05,0.012067672,0.590323982,2.53759841,0.000957863,0.172910595,3.012112973,0,1,1,1 
HDVD_40,Heavy Duty Trucks_Diesel_Rigid 26 - 28 t_Euro IV,,,0.04,0,12,86,0.000101501,0.009191898,0.234630766,3.105472528,0.000744787,0.172862231,1.448974284,0,1,1,1 
HDVD_40,Heavy Duty Trucks_Diesel_Rigid 26 - 28 t_Euro IV,,,0.04,1,12,66,0.000371091,-0.032280381,1.447832256,0.10950039,0.000302426,0.019844798,4.920597754,0,1,1,1 
HDVD_40,Heavy Duty Trucks_Diesel_Rigid 26 - 28 t_Euro IV,,,0.06,0,12,86,-0.00075051,0.063282,0.53920559,-11.68904661,-0.009006779,0.930828504,-8.641863249,0,1,1,1 
HDVD_40,Heavy Duty Trucks_Diesel_Rigid 26 - 28 t_Euro IV,,,0.06,0.5,12,64,0.000288134,-0.002369396,0.424618469,1.100483006,0.003395934,-0.034000847,2.331841061,0,1,1,1 
HDVD_40,Heavy Duty Trucks_Diesel_Rigid 26 - 28 t_Euro IV,,,0.06,1,12,49,0.000442736,0.056934849,-0.110693469,-1.788072297,0.005606426,0.301579051,-2.458469229,0,1,1,1 
HDVD_41,Heavy Duty Trucks_Diesel_Rigid 26 - 28 t_Euro V,SCR,,-0.06,0,5,85,-0.001632148,0.189352825,-0.937362668,2.023367927,0.313269287,-1.922628687,5.44379898,0,1,1,1 
HDVD_41,Heavy Duty Trucks_Diesel_Rigid 26 - 28 t_Euro V,SCR,,-0.06,0.5,5,85,-0.003993541,0.398955928,-1.728040234,1.443103201,0.587600124,-2.01150964,-1.27E-08,0,1,1,1 
HDVD_41,Heavy Duty Trucks_Diesel_Rigid 26 - 28 t_Euro V,SCR,,-0.06,1,5,85,-0.003858224,0.384763855,-1.676496302,1.41744021,0.5850934,-2.042891785,0.108778293,0,1,1,1 
HDVD_41,Heavy Duty Trucks_Diesel_Rigid 26 - 28 t_Euro V,SCR,,-0.04,0,5,85,-0.004473326,0.510068371,-2.013155411,1.185064052,0.615857543,-1.475833402,-2.064528563,0,1,1,1 
HDVD_41,Heavy Duty Trucks_Diesel_Rigid 26 - 28 t_Euro V,SCR,,-0.04,0.5,5,85,-0.003299302,0.391165695,-1.70045816,1.470921668,0.518017815,-1.722520554,-2.49E-07,0,1,1,1 
HDVD_41,Heavy Duty Trucks_Diesel_Rigid 26 - 28 t_Euro V,SCR,,-0.04,1,5,85,-0.001701756,0.216594443,-1.014968759,2.066467729,0.324608456,-1.831217274,5.253751633,0,1,1,1 
HDVD_41,Heavy Duty Trucks_Diesel_Rigid 26 - 28 t_Euro V,SCR,,-0.02,0,5,85,0.000115796,0.172697436,-0.642046604,1.393095951,0.242850167,-0.983987511,2.891430354,0,1,1,1 
HDVD_41,Heavy Duty Trucks_Diesel_Rigid 26 - 28 t_Euro V,SCR,,-0.02,0.5,5,85,-0.001012716,0.1784035,-0.520197706,-0.358401102,0.185168822,0.030345477,-2.521515465,0,1,1,1 
HDVD_41,Heavy Duty Trucks_Diesel_Rigid 26 - 28 t_Euro V,SCR,,-0.02,1,5,85,-0.002944311,0.774580808,-0.533863072,0.01895636,0.95477117,0.461108528,0.729510586,0,1,1,1 
HDVD_41,Heavy Duty Trucks_Diesel_Rigid 26 - 28 t_Euro V,SCR,,0,0,5,85,0.0034563,0.379677334,-1.688860934,1.242129759,0.485481127,-1.646035904,-6.23E-08,0,1,1,1 
HDVD_41,Heavy Duty Trucks_Diesel_Rigid 26 - 28 t_Euro V,SCR,,0,0.5,5,85,0.002286604,0.216586435,-0.438819782,1.557214174,0.278121818,-0.654004095,3.594424466,0,1,1,1 
HDVD_41,Heavy Duty Trucks_Diesel_Rigid 26 - 28 t_Euro V,SCR,,0,1,5,85,0.002857385,0.276860329,-0.575461686,1.751916305,0.321575289,-0.586070307,3.612457483,0,1,1,1 
HDVD_41,Heavy Duty Trucks_Diesel_Rigid 26 - 28 t_Euro V,SCR,,0.02,0,5,85,0.004919792,0.357530156,-1.553224254,1.000251285,0.4312702,-1.336587911,-0.388272656,0,1,1,1 
HDVD_41,Heavy Duty Trucks_Diesel_Rigid 26 - 28 t_Euro V,SCR,,0.02,0.5,5,85,0.005245124,0.13005192,0.121017187,2.935105997,0.241901655,-0.934854085,8.29445729,0,1,1,1 
HDVD_41,Heavy Duty Trucks_Diesel_Rigid 26 - 28 t_Euro V,SCR,,0.02,1,5,85,-3.53E-05,0.004806287,0.964456486,-0.016176171,-0.006332442,0.802651624,2.332230592,0,1,1,1 
HDVD_41,Heavy Duty Trucks_Diesel_Rigid 26 - 28 t_Euro V,SCR,,0.04,0,5,85,0.000678205,0.008172625,0.688726067,0.30764562,0.022523362,0.403834508,2.576754055,0,1,1,1 
HDVD_41,Heavy Duty Trucks_Diesel_Rigid 26 - 28 t_Euro V,SCR,,0.04,0.5,5,85,-0.000143268,0.017255243,1.45931585,-0.476187647,-0.011429712,1.337990005,2.375226357,0,1,1,1 
HDVD_41,Heavy Duty Trucks_Diesel_Rigid 26 - 28 t_Euro V,SCR,,0.04,1,5,60,0.023904747,0.312725718,-1.693561164,1.18859962,0.510046085,-1.748960234,3.03E-12,0,1,1,1 
HDVD_41,Heavy Duty Trucks_Diesel_Rigid 26 - 28 t_Euro V,SCR,,0.06,0,5,85,0.000180423,0.003360952,1.067187621,-0.123106136,-0.002761681,0.858360102,2.324575764,0,1,1,1 
HDVD_41,Heavy Duty Trucks_Diesel_Rigid 26 - 28 t_Euro V,SCR,,0.06,0.5,5,65,0.000916414,-0.006234989,0.741111527,0.406467795,0.00846488,0.303098648,2.931926779,0,1,1,1 
HDVD_41,Heavy Duty Trucks_Diesel_Rigid 26 - 28 t_Euro V,SCR,,0.06,1,5,45,-0.002254705,0.100200236,1.263086168,-0.577510065,-0.02906754,1.636574564,1.061940772,0,1,1,1 
HDVD_41,Heavy Duty Trucks_Diesel_Rigid 26 - 28 t_Euro V,EGR,,-0.06,0,5,75,-0.002850266,0.239154317,-1.498112903,3.279914932,0.089578233,-0.631989019,1.544381032,0,1,1,1 
HDVD_41,Heavy Duty Trucks_Diesel_Rigid 26 - 28 t_Euro V,EGR,,-0.06,0.5,5,70,-0.004606719,0.358166863,-1.609799971,1.581427302,0.141026975,-0.635997128,0.559824718,0,1,1,1 
HDVD_41,Heavy Duty Trucks_Diesel_Rigid 26 - 28 t_Euro V,EGR,,-0.06,1,5,65,-0.007590351,0.551397641,-2.04459025,1.033286287,0.215035413,-0.70954634,-5.79E-11,0,1,1,1 
HDVD_41,Heavy Duty Trucks_Diesel_Rigid 26 - 28 t_Euro V,EGR,,-0.04,0,5,85,-0.009789491,0.921053028,-2.481720449,-1.361732896,0.27161537,-0.402958581,-1.58211593,0,1,1,1 
HDVD_41,Heavy Duty Trucks_Diesel_Rigid 26 - 28 t_Euro V,EGR,,-0.04,0.5,5,85,-0.002330551,0.2186943,-1.080418626,2.450507976,0.072671296,-0.384087761,1.062593888,0,1,1,1 
HDVD_41,Heavy Duty Trucks_Diesel_Rigid 26 - 28 t_Euro V,EGR,,-0.04,1,5,85,-0.006466133,0.579419438,-2.203515249,1.343460294,0.194082774,-0.617599053,1.94E-11,0,1,1,1 
HDVD_41,Heavy Duty Trucks_Diesel_Rigid 26 - 28 t_Euro V,EGR,,-0.02,0,5,85,6.73E-05,-0.017952604,1.179839498,2.872499997,-0.003390088,0.303925127,1.418429336,0,1,1,1 
HDVD_41,Heavy Duty Trucks_Diesel_Rigid 26 - 28 t_Euro V,EGR,,-0.02,0.5,5,85,-0.004426399,0.723277484,-0.880116855,1.341861658,0.192258898,0.097918934,8.57E-11,0,1,1,1 
HDVD_41,Heavy Duty Trucks_Diesel_Rigid 26 - 28 t_Euro V,EGR,,-0.02,1,5,85,-0.003180268,0.44516717,-0.535478748,1.635059788,0.117878774,0.057735059,0.469262367,0,1,1,1 
HDVD_41,Heavy Duty Trucks_Diesel_Rigid 26 - 28 t_Euro V,EGR,,0,0,5,85,0.000639786,0.137833663,2.036579933,-0.620389533,0.026866205,0.650244032,8.81E-10,0,1,1,1 
HDVD_41,Heavy Duty Trucks_Diesel_Rigid 26 - 28 t_Euro V,EGR,,0,0.5,5,85,0.000385181,0.101308624,2.319247592,-0.662233037,0.016897134,0.731949878,1.87E-10,0,1,1,1 
HDVD_41,Heavy Duty Trucks_Diesel_Rigid 26 - 28 t_Euro V,EGR,,0,1,5,85,0.00061248,0.155811547,2.739974028,-0.589917659,0.02665862,0.90219144,4.57E-08,0,1,1,1 
HDVD_41,Heavy Duty Trucks_Diesel_Rigid 26 - 28 t_Euro V,EGR,,0.02,0,5,85,0.000292757,0.111254237,3.056205958,-1.13548344,0.013371412,0.860218309,8.89E-08,0,1,1,1 
HDVD_41,Heavy Duty Trucks_Diesel_Rigid 26 - 28 t_Euro V,EGR,,0.02,0.5,5,85,-0.000111772,0.003994156,0.951975285,1.398878177,-0.002173758,0.229875919,0.597981375,0,1,1,1 
HDVD_41,Heavy Duty Trucks_Diesel_Rigid 26 - 28 t_Euro V,EGR,,0.02,1,5,85,0.016366481,0.725718438,-3.222318998,1.16839389,0.214487054,-0.790867055,-3.94E-11,0,1,1,1 
HDVD_41,Heavy Duty Trucks_Diesel_Rigid 26 - 28 t_Euro V,EGR,,0.04,0,5,85,-0.000117279,0.005429309,1.921510686,1.148172174,-0.003502442,0.433697889,0.74478335,0,1,1,1 
HDVD_41,Heavy Duty Trucks_Diesel_Rigid 26 - 28 t_Euro V,EGR,,0.04,0.5,5,85,-0.000356024,0.059220592,2.424110173,-0.957163727,-0.002213347,0.653772051,-9.95E-12,0,1,1,1 
HDVD_41,Heavy Duty Trucks_Diesel_Rigid 26 - 28 t_Euro V,EGR,,0.04,1,5,65,-0.000880259,0.046006634,2.305523112,-0.865367121,-0.007077419,0.617447607,1.04E-12,0,1,1,1 
HDVD_41,Heavy Duty Trucks_Diesel_Rigid 26 - 28 t_Euro V,EGR,,0.06,0,5,85,0.010560752,0.450743696,-2.886698076,1.273368187,0.128546674,-0.672009885,2.12E-13,0,1,1,1 
HDVD_41,Heavy Duty Trucks_Diesel_Rigid 26 - 28 t_Euro V,EGR,,0.06,0.5,5,60,0.000117994,0.082038783,2.082227833,-0.857567952,0.002656425,0.553291113,8.73E-10,0,1,1,1 
HDVD_41,Heavy Duty Trucks_Diesel_Rigid 26 - 28 t_Euro V,EGR,,0.06,1,5,45,-0.001604463,0.108305039,3.282132779,-1.042949595,-0.008631013,0.886394429,2.39E-11,0,1,1,1 
HDVD_42,Heavy Duty Trucks_Diesel_Rigid 26 - 28 t_Euro VI,,,-0.06,0,5,70,-0.003942166,0.310954429,-1.296315582,1.042571121,0.368212037,-1.46867988,0.837833833,0,1,1,1 
HDVD_42,Heavy Duty Trucks_Diesel_Rigid 26 - 28 t_Euro VI,,,-0.06,0.5,5,70,-0.00328682,0.255527076,-1.148380077,1.127926111,0.335337008,-1.512070832,1.330460824,0,1,1,1 
HDVD_42,Heavy Duty Trucks_Diesel_Rigid 26 - 28 t_Euro VI,,,-0.06,1,5,70,-0.009603264,0.688847543,0.173186386,0.292392571,1.028413097,0.416858074,0.659579569,0,1,1,1 
HDVD_42,Heavy Duty Trucks_Diesel_Rigid 26 - 28 t_Euro VI,,,-0.04,0,5,85,-0.007833262,0.716674682,-0.131804606,0.637395388,0.725401234,0.797189104,0.296187042,0,1,1,1 
HDVD_42,Heavy Duty Trucks_Diesel_Rigid 26 - 28 t_Euro VI,,,-0.04,0.5,5,85,-0.009222056,0.792889014,-0.243872196,0.384935448,0.860161221,0.662984982,0.449351255,0,1,1,1 
HDVD_42,Heavy Duty Trucks_Diesel_Rigid 26 - 28 t_Euro VI,,,-0.04,1,5,85,-0.011749384,1.013242769,-0.610210008,-0.571996854,1.174526812,0.185855812,-0.570356364,0,1,1,1 
HDVD_42,Heavy Duty Trucks_Diesel_Rigid 26 - 28 t_Euro VI,,,-0.02,0,5,85,4.99E-05,-0.013317546,0.875244101,2.128278455,-0.008382637,0.75156228,3.504063244,0,1,1,1 
HDVD_42,Heavy Duty Trucks_Diesel_Rigid 26 - 28 t_Euro VI,,,-0.02,0.5,5,85,-0.00378684,0.618973247,-0.761709335,1.148694372,0.548538785,0.267980819,1.02E-05,0,1,1,1 
HDVD_42,Heavy Duty Trucks_Diesel_Rigid 26 - 28 t_Euro VI,,,-0.02,1,5,85,-0.001799688,0.248943539,-0.379881781,-1.329986475,0.212961764,0.233847139,-3.010189318,0,1,1,1 
HDVD_42,Heavy Duty Trucks_Diesel_Rigid 26 - 28 t_Euro VI,,,0,0,5,85,0.00050407,0.108496776,1.603056996,-0.489000218,0.070516166,1.705715927,1.34E-08,0,1,1,1 
HDVD_42,Heavy Duty Trucks_Diesel_Rigid 26 - 28 t_Euro VI,,,0,0.5,5,85,0.000302908,0.079258836,1.814896752,-0.52094504,0.044142828,1.90773438,2.81E-09,0,1,1,1 
HDVD_42,Heavy Duty Trucks_Diesel_Rigid 26 - 28 t_Euro VI,,,0,1,5,85,0.000361609,0.095386715,1.80805652,-0.419388236,0.053153254,1.962560009,4.27E-08,0,1,1,1 
HDVD_42,Heavy Duty Trucks_Diesel_Rigid 26 - 28 t_Euro VI,,,0.02,0,5,85,0.000217825,0.082854568,2.281831853,-0.849372223,0.033162397,2.139882887,6.24E-07,0,1,1,1 
HDVD_42,Heavy Duty Trucks_Diesel_Rigid 26 - 28 t_Euro VI,,,0.02,0.5,5,85,-0.000114905,0.003820877,0.95830966,1.416326869,-0.007422412,0.769883066,2.017414587,0,1,1,1 
HDVD_42,Heavy Duty Trucks_Diesel_Rigid 26 - 28 t_Euro VI,,,0.02,1,5,85,0.013557634,0.599054454,-1.770023853,0.552207545,0.583341678,-1.426082121,-6.28E-11,0,1,1,1 
HDVD_42,Heavy Duty Trucks_Diesel_Rigid 26 - 28 t_Euro VI,,,0.04,0,5,85,-0.000124781,0.005437221,1.910131661,1.063268763,-0.011875377,1.442922802,2.375944543,0,1,1,1 
HDVD_42,Heavy Duty Trucks_Diesel_Rigid 26 - 28 t_Euro VI,,,0.04,0.5,5,85,-0.000261132,0.044203749,1.814528978,-0.721387724,-0.005423847,1.628558555,1.68E-10,0,1,1,1 
HDVD_42,Heavy Duty Trucks_Diesel_Rigid 26 - 28 t_Euro VI,,,0.04,1,5,70,0.011008554,0.347495365,-2.680219468,1.1516602,0.353199615,-2.122394513,8.17E-12,0,1,1,1 
HDVD_42,Heavy Duty Trucks_Diesel_Rigid 26 - 28 t_Euro VI,,,0.06,0,5,85,-0.000490309,0.026606707,2.256242189,-1.045000492,-0.01879192,1.909272921,0.033810511,0,1,1,1 
HDVD_42,Heavy Duty Trucks_Diesel_Rigid 26 - 28 t_Euro VI,,,0.06,0.5,5,65,-0.001536354,0.049895288,3.679760129,-0.916498412,-0.045287651,3.055514708,0.872371987,0,1,1,1 
HDVD_42,Heavy Duty Trucks_Diesel_Rigid 26 - 28 t_Euro VI,,,0.06,1,5,50,-0.000307597,0.067484246,1.700045811,-0.565168218,-0.003713979,1.52156493,8.12E-12,0,1,1,1 
HDVD_43,Heavy Duty Trucks_Diesel_Rigid 28 - 32 t_Conventional,,,-0.06,0,12,86,6.55E-06,-0.002741275,0.375697572,2.707909876,5.26E-07,0.016243367,0.151200765,0,1,1,1 
HDVD_43,Heavy Duty Trucks_Diesel_Rigid 28 - 32 t_Conventional,,,-0.06,0.5,12,86,2.95E-06,-0.001472779,0.253920082,1.928280661,7.30E-06,0.012368963,0.104061551,0,1,1,1 
HDVD_43,Heavy Duty Trucks_Diesel_Rigid 28 - 32 t_Conventional,,,-0.06,1,12,86,2.84E-06,-0.001437986,0.252736632,1.922072101,4.93E-06,0.012763784,0.107176662,0,1,1,1 
HDVD_43,Heavy Duty Trucks_Diesel_Rigid 28 - 32 t_Conventional,,,-0.04,0,12,86,7.10E-06,-0.002681966,0.317980736,2.160090976,-1.32E-05,0.011138454,0.116325032,0,1,1,1 
HDVD_43,Heavy Duty Trucks_Diesel_Rigid 28 - 32 t_Conventional,,,-0.04,0.5,12,86,6.95E-06,-0.002637245,0.316928485,2.143920975,-2.35E-06,0.011748462,0.120065578,0,1,1,1 
HDVD_43,Heavy Duty Trucks_Diesel_Rigid 28 - 32 t_Conventional,,,-0.04,1,12,86,5.32E-06,-0.002309367,0.332219518,2.433572835,6.62E-06,0.013899275,0.125230282,0,1,1,1 
HDVD_43,Heavy Duty Trucks_Diesel_Rigid 28 - 32 t_Conventional,,,-0.02,0,12,86,0.00012825,-0.001345134,0.952149103,2.620118971,0.000272835,0.026862308,0.18757373,0,1,1,1 
HDVD_43,Heavy Duty Trucks_Diesel_Rigid 28 - 32 t_Conventional,,,-0.02,0.5,12,86,-2.39E-17,2.41E-14,2.369844322,-1.06E-12,0.000127768,0.097031018,-0.036809134,0,1,1,1 
HDVD_43,Heavy Duty Trucks_Diesel_Rigid 28 - 32 t_Conventional,,,-0.02,1,12,86,2.17E-06,-0.001412701,0.33886749,2.630275851,-7.00E-06,0.013877176,0.111080275,0,1,1,1 
HDVD_43,Heavy Duty Trucks_Diesel_Rigid 28 - 32 t_Conventional,,,0,0,12,86,-1.15E-05,0.021695598,1.092902826,3.849320158,0.000446401,0.03521856,0.220817733,0,1,1,1 
HDVD_43,Heavy Duty Trucks_Diesel_Rigid 28 - 32 t_Conventional,,,0,0.5,12,86,5.16E-05,0.051180464,1.191426663,-4.811551624,0.001271801,0.058003031,-0.259085882,0,1,1,1 
HDVD_43,Heavy Duty Trucks_Diesel_Rigid 28 - 32 t_Conventional,,,0,1,12,86,0.000149334,0.092277427,1.637765013,-6.735788157,0.0022294,0.107885246,-0.610206064,0,1,1,1 
HDVD_43,Heavy Duty Trucks_Diesel_Rigid 28 - 32 t_Conventional,,,0.02,0,12,86,-0.000290968,0.08926569,0.106462717,-5.411882215,0.001885118,0.02215543,-0.260388036,0,1,1,1 
HDVD_43,Heavy Duty Trucks_Diesel_Rigid 28 - 32 t_Conventional,,,0.02,0.5,12,86,0.000155381,0.096416925,1.716876851,-7.050133296,0.00216565,0.104803791,-0.589251281,0,1,1,1 
HDVD_43,Heavy Duty Trucks_Diesel_Rigid 28 - 32 t_Conventional,,,0.02,1,12,80,0.000278796,0.120353136,1.513281252,-8.357280866,0.002476525,0.123022581,-0.809207134,0,1,1,1 
HDVD_43,Heavy Duty Trucks_Diesel_Rigid 28 - 32 t_Conventional,,,0.04,0,12,86,0.000494091,0.00814652,4.755305116,0.104216968,0.001105375,0.135776444,0.137203637,0,1,1,1 
HDVD_43,Heavy Duty Trucks_Diesel_Rigid 28 - 32 t_Conventional,,,0.04,0.5,12,66,0.000746734,0.378745133,3.478449718,3.1298247,0.008460709,0.271938073,-0.908850066,0,1,1,1 
HDVD_43,Heavy Duty Trucks_Diesel_Rigid 28 - 32 t_Conventional,,,0.04,1,12,54,0.000486197,0.141767947,0.318007401,5.344953425,0.003055881,0.077898775,-0.285407831,0,1,1,1 
HDVD_43,Heavy Duty Trucks_Diesel_Rigid 28 - 32 t_Conventional,,,0.06,0,12,78,0.000200345,0.101269212,2.2547999,-4.147694431,0.002144363,0.121897601,-0.541526633,0,1,1,1 
HDVD_43,Heavy Duty Trucks_Diesel_Rigid 28 - 32 t_Conventional,,,0.06,0.5,12,51,0.000833242,0.21820054,3.158460977,-5.257634643,0.004425376,0.219245232,-1.049485795,0,1,1,1 
HDVD_43,Heavy Duty Trucks_Diesel_Rigid 28 - 32 t_Conventional,,,0.06,1,12,40,0.000967126,0.069491097,0.567066186,3.432866599,0.001561312,0.064721264,-0.221544462,0,1,1,1 
HDVD_44,Heavy Duty Trucks_Diesel_Rigid 28 - 32 t_Euro I,,,-0.06,0,12,86,1.37E-05,-0.005404725,0.675474855,4.911531061,9.11E-05,0.036894756,0.341547448,0,1,1,1 
HDVD_44,Heavy Duty Trucks_Diesel_Rigid 28 - 32 t_Euro I,,,-0.06,0.5,12,86,6.51E-06,-0.002900609,0.418893376,3.238816232,6.65E-05,0.026108144,0.224761904,0,1,1,1 
HDVD_44,Heavy Duty Trucks_Diesel_Rigid 28 - 32 t_Euro I,,,-0.06,1,12,86,5.44E-06,-0.00249107,0.373116456,2.88507939,5.71E-05,0.024394224,0.207942545,0,1,1,1 
HDVD_44,Heavy Duty Trucks_Diesel_Rigid 28 - 32 t_Euro I,,,-0.04,0,12,86,-0.000332072,0.036832087,2.415352809,-0.202400164,0.00247712,0.116287404,0.119604163,0,1,1,1 
HDVD_44,Heavy Duty Trucks_Diesel_Rigid 28 - 32 t_Euro I,,,-0.04,0.5,12,86,1.64E-05,-0.005836399,0.640891221,4.134195268,4.80E-05,0.028896458,0.306332557,0,1,1,1 
HDVD_44,Heavy Duty Trucks_Diesel_Rigid 28 - 32 t_Euro I,,,-0.04,1,12,86,-0.000373684,0.036629085,2.489795581,-0.437899559,0.002854004,0.132291308,0.122154148,0,1,1,1 
HDVD_44,Heavy Duty Trucks_Diesel_Rigid 28 - 32 t_Euro I,,,-0.02,0,12,86,7.79E-17,6.66E-15,2.246514746,-1.37E-10,-0.00036518,0.114293629,-0.011629695,0,1,1,1 
HDVD_44,Heavy Duty Trucks_Diesel_Rigid 28 - 32 t_Euro I,,,-0.02,0.5,12,86,8.99E-06,-0.004651238,0.394895032,3.596896901,-0.000166502,0.018047192,0.197766976,0,1,1,1 
HDVD_44,Heavy Duty Trucks_Diesel_Rigid 28 - 32 t_Euro I,,,-0.02,1,12,86,-0.000200228,0.030103733,1.850199557,1.740279253,0.001579826,0.086542416,0.21667011,0,1,1,1 
HDVD_44,Heavy Duty Trucks_Diesel_Rigid 28 - 32 t_Euro I,,,0,0,12,86,3.16E-05,0.022089534,0.209749089,-4.649582708,0.000576718,0.018581279,-0.257630176,0,1,1,1 
HDVD_44,Heavy Duty Trucks_Diesel_Rigid 28 - 32 t_Euro I,,,0,0.5,12,86,0.000122044,0.086576723,1.532662569,-9.819341582,0.002214265,0.102317937,-0.600822274,0,1,1,1 
HDVD_44,Heavy Duty Trucks_Diesel_Rigid 28 - 32 t_Euro I,,,0,1,12,86,0.000134556,0.071140188,1.087924182,-5.6056765,0.001708878,0.086478876,-0.485489845,0,1,1,1 
HDVD_44,Heavy Duty Trucks_Diesel_Rigid 28 - 32 t_Euro I,,,0.02,0,12,86,3.27E-06,0.007362021,0.666120998,5.897800629,0.000135115,0.021815194,0.338243701,0,1,1,1 
HDVD_44,Heavy Duty Trucks_Diesel_Rigid 28 - 32 t_Euro I,,,0.02,0.5,12,86,2.08E-18,-8.62E-17,2.87115591,4.29E-13,-0.000780897,0.116420751,0.145563996,0,1,1,1 
HDVD_44,Heavy Duty Trucks_Diesel_Rigid 28 - 32 t_Euro I,,,0.02,1,12,81,0.000784277,0.164030211,1.814272423,-6.521910012,0.002513347,0.178463648,-0.838160123,0,1,1,1 
HDVD_44,Heavy Duty Trucks_Diesel_Rigid 28 - 32 t_Euro I,,,0.04,0,12,86,9.65E-18,-3.75E-16,4.922964292,4.92E-12,-0.001289025,0.198783027,0.102689413,0,1,1,1 
HDVD_44,Heavy Duty Trucks_Diesel_Rigid 28 - 32 t_Euro I,,,0.04,0.5,12,68,0.001698961,0.51296299,3.316085654,-4.031924232,0.00805668,0.387212683,-1.402501135,0,1,1,1 
HDVD_44,Heavy Duty Trucks_Diesel_Rigid 28 - 32 t_Euro I,,,0.04,1,12,56,0.001643285,0.24021959,-1.173897043,7.321361864,0.004350916,0.091972629,-0.607953809,0,1,1,1 
HDVD_44,Heavy Duty Trucks_Diesel_Rigid 28 - 32 t_Euro I,,,0.06,0,12,80,-6.02E-05,0.004483696,0.232111501,6.471521225,-0.000116289,0.011263744,0.253345053,0,1,1,1 
HDVD_44,Heavy Duty Trucks_Diesel_Rigid 28 - 32 t_Euro I,,,0.06,0.5,12,54,0.001017831,0.184060908,-0.172860274,4.772998052,0.003020357,0.091016807,-0.410282279,0,1,1,1 
HDVD_44,Heavy Duty Trucks_Diesel_Rigid 28 - 32 t_Euro I,,,0.06,1,12,41,0.000314157,0.020869773,1.51598391,3.171678412,-0.000453688,0.068162427,0.106073283,0,1,1,1 
HDVD_45,Heavy Duty Trucks_Diesel_Rigid 28 - 32 t_Euro II,,,-0.06,0,12,86,6.87E-06,-0.002558251,0.297380267,1.989792944,-2.47E-05,0.02142288,0.22783969,0,1,1,1 
HDVD_45,Heavy Duty Trucks_Diesel_Rigid 28 - 32 t_Euro II,,,-0.06,0.5,12,86,5.27E-06,-0.002071908,0.257309405,1.811451126,-3.02E-05,0.020533009,0.206481204,0,1,1,1 
HDVD_45,Heavy Duty Trucks_Diesel_Rigid 28 - 32 t_Euro II,,,-0.06,1,12,86,4.80E-06,-0.001901467,0.235661368,1.676703033,-3.65E-05,0.019513845,0.196325038,0,1,1,1 
HDVD_45,Heavy Duty Trucks_Diesel_Rigid 28 - 32 t_Euro II,,,-0.04,0,12,86,-6.49E-06,0.0020871,-0.122689919,3.115881682,0.000140848,-0.009474085,0.250042272,0,1,1,1 
HDVD_45,Heavy Duty Trucks_Diesel_Rigid 28 - 32 t_Euro II,,,-0.04,0.5,12,86,9.39E-06,-0.003334101,0.364662541,2.308705983,-2.55E-05,0.022898083,0.260102635,0,1,1,1 
HDVD_45,Heavy Duty Trucks_Diesel_Rigid 28 - 32 t_Euro II,,,-0.04,1,12,86,7.84E-06,-0.002847625,0.320763855,2.093062139,-2.56E-05,0.02145669,0.23568908,0,1,1,1 
HDVD_45,Heavy Duty Trucks_Diesel_Rigid 28 - 32 t_Euro II,,,-0.02,0,12,86,-2.52E-06,3.50E-05,0.26512957,1.918124718,-6.24E-05,0.018539424,0.151647823,0,1,1,1 
HDVD_45,Heavy Duty Trucks_Diesel_Rigid 28 - 32 t_Euro II,,,-0.02,0.5,12,86,-0.000112651,0.042747147,-0.044110026,-3.824903814,0.002550854,0.007665156,-0.339510112,0,1,1,1 
HDVD_45,Heavy Duty Trucks_Diesel_Rigid 28 - 32 t_Euro II,,,-0.02,1,12,86,4.35E-05,-0.015808176,1.463617894,10.41140402,-0.000511318,0.085047074,1.042995632,0,1,1,1 
HDVD_45,Heavy Duty Trucks_Diesel_Rigid 28 - 32 t_Euro II,,,0,0,12,86,6.03E-06,0.009329946,0.603649155,4.023106166,0.000301162,0.033626586,0.38006595,0,1,1,1 
HDVD_45,Heavy Duty Trucks_Diesel_Rigid 28 - 32 t_Euro II,,,0,0.5,12,86,3.45E-05,0.027153578,0.392011786,-4.854797957,0.001088662,0.041310842,-0.399035568,0,1,1,1 
HDVD_45,Heavy Duty Trucks_Diesel_Rigid 28 - 32 t_Euro II,,,0,1,12,86,7.59E-05,0.047922314,0.828166604,-4.418688818,0.001793834,0.087364587,-0.467671784,0,1,1,1 
HDVD_45,Heavy Duty Trucks_Diesel_Rigid 28 - 32 t_Euro II,,,0.02,0,12,86,-6.32E-06,0.018583384,0.899044997,2.974689018,0.000585186,0.049983339,0.33632393,0,1,1,1 
HDVD_45,Heavy Duty Trucks_Diesel_Rigid 28 - 32 t_Euro II,,,0.02,0.5,12,86,9.32E-06,0.004186777,0.649240124,4.569232428,-0.000103432,0.040002413,0.337436726,0,1,1,1 
HDVD_45,Heavy Duty Trucks_Diesel_Rigid 28 - 32 t_Euro II,,,0.02,1,12,83,0.000574334,0.148998122,0.702564534,-9.284223611,0.003478309,0.20608159,-1.641755049,0,1,1,1 
HDVD_45,Heavy Duty Trucks_Diesel_Rigid 28 - 32 t_Euro II,,,0.04,0,12,86,9.70E-06,0.006277698,1.127669863,7.748417676,-0.000155307,0.065769794,0.53262551,0,1,1,1 
HDVD_45,Heavy Duty Trucks_Diesel_Rigid 28 - 32 t_Euro II,,,0.04,0.5,12,75,0.000659991,0.15358183,0.541541665,-8.937020626,0.003356133,0.193345375,-1.590171995,0,1,1,1 
HDVD_45,Heavy Duty Trucks_Diesel_Rigid 28 - 32 t_Euro II,,,0.04,1,12,59,-0.000296334,0.022274836,0.478043906,-8.42144722,-0.000672915,0.067140919,-0.708199392,0,1,1,1 
HDVD_45,Heavy Duty Trucks_Diesel_Rigid 28 - 32 t_Euro II,,,0.06,0,12,83,2.60E-05,0.004417744,0.600697611,3.141467408,-0.000125121,0.038423399,0.181443235,0,1,1,1 
HDVD_45,Heavy Duty Trucks_Diesel_Rigid 28 - 32 t_Euro II,,,0.06,0.5,12,58,0.001125784,-0.002687132,-0.422088546,3.594553427,0.002245316,-0.053926221,0.328634839,0,1,1,1 
HDVD_45,Heavy Duty Trucks_Diesel_Rigid 28 - 32 t_Euro II,,,0.06,1,12,44,0.003304475,-0.036513529,-0.323469273,3.468083555,0.004368683,-0.093042942,0.489442198,0,1,1,1 
HDVD_46,Heavy Duty Trucks_Diesel_Rigid 28 - 32 t_Euro III,,,-0.06,0,12,86,4.38E-06,-0.001956823,0.291923421,2.161303352,-6.47E-06,0.024677989,0.221383944,0,1,1,1 
HDVD_46,Heavy Duty Trucks_Diesel_Rigid 28 - 32 t_Euro III,,,-0.06,0.5,12,86,2.27E-06,-0.001284911,0.261113332,2.008745487,3.44E-06,0.025953199,0.211612098,0,1,1,1 
HDVD_46,Heavy Duty Trucks_Diesel_Rigid 28 - 32 t_Euro III,,,-0.06,1,12,86,-3.25E-05,0.03744769,2.669625105,-4.250517382,0.00677169,0.234195219,-0.084130438,0,1,1,1 
HDVD_46,Heavy Duty Trucks_Diesel_Rigid 28 - 32 t_Euro III,,,-0.04,0,12,86,-5.88E-06,0.001923424,-0.112249006,2.11325232,0.000120265,-0.008232388,0.165261908,0,1,1,1 
HDVD_46,Heavy Duty Trucks_Diesel_Rigid 28 - 32 t_Euro III,,,-0.04,0.5,12,86,5.33E-06,-0.002219884,0.299994271,2.171830382,-2.17E-05,0.022914831,0.217470188,0,1,1,1 
HDVD_46,Heavy Duty Trucks_Diesel_Rigid 28 - 32 t_Euro III,,,-0.04,1,12,86,5.00E-06,-0.002099763,0.284772309,2.077183722,-2.94E-05,0.023347369,0.221444043,0,1,1,1 
HDVD_46,Heavy Duty Trucks_Diesel_Rigid 28 - 32 t_Euro III,,,-0.02,0,12,86,0.0001583,0.004597804,1.772253645,2.218314834,0.000652618,0.107575901,0.354886071,0,1,1,1 
HDVD_46,Heavy Duty Trucks_Diesel_Rigid 28 - 32 t_Euro III,,,-0.02,0.5,12,86,-6.16E-05,0.045657137,1.199159717,1.967011859,0.003214717,0.092933362,0.18131357,0,1,1,1 
HDVD_46,Heavy Duty Trucks_Diesel_Rigid 28 - 32 t_Euro III,,,-0.02,1,12,86,-3.82E-05,0.009380652,-0.282576663,3.599242824,0.000509611,-0.016869622,0.249921605,0,1,1,1 
HDVD_46,Heavy Duty Trucks_Diesel_Rigid 28 - 32 t_Euro III,,,0,0,12,86,-2.33E-05,0.028358118,1.354774025,4.441755684,0.001016457,0.081548221,0.52892919,0,1,1,1 
HDVD_46,Heavy Duty Trucks_Diesel_Rigid 28 - 32 t_Euro III,,,0,0.5,12,86,2.35E-05,0.020512927,0.218454774,-4.825164219,0.000932997,0.027093691,-0.404544673,0,1,1,1 
HDVD_46,Heavy Duty Trucks_Diesel_Rigid 28 - 32 t_Euro III,,,0,1,12,86,0.000118463,0.082979045,1.5648517,-7.518374016,0.003499337,0.167839583,-0.852203832,0,1,1,1 
HDVD_46,Heavy Duty Trucks_Diesel_Rigid 28 - 32 t_Euro III,,,0.02,0,12,86,-1.00E-05,0.024889308,1.238230757,4.273552901,0.000890459,0.072776466,0.46985429,0,1,1,1 
HDVD_46,Heavy Duty Trucks_Diesel_Rigid 28 - 32 t_Euro III,,,0.02,0.5,12,86,0.000177293,0.07611487,0.934296585,-5.651085369,0.002477415,0.130888291,-0.810619891,0,1,1,1 
HDVD_46,Heavy Duty Trucks_Diesel_Rigid 28 - 32 t_Euro III,,,0.02,1,12,84,0.000383048,0.11341611,0.761579709,-7.454540387,0.003162795,0.180785618,-1.359252411,0,1,1,1 
HDVD_46,Heavy Duty Trucks_Diesel_Rigid 28 - 32 t_Euro III,,,0.04,0,12,86,0.000127114,0.065093797,0.967973491,-5.032911684,0.002165295,0.110154991,-0.630013656,0,1,1,1 
HDVD_46,Heavy Duty Trucks_Diesel_Rigid 28 - 32 t_Euro III,,,0.04,0.5,12,77,0.000776085,0.194661378,-0.273031925,4.292918035,0.00615274,0.173413868,-1.039511096,0,1,1,1 
HDVD_46,Heavy Duty Trucks_Diesel_Rigid 28 - 32 t_Euro III,,,0.04,1,12,61,0.000666816,0.128490098,0.199895533,-6.728999024,0.002917376,0.161058573,-1.405651273,0,1,1,1 
HDVD_46,Heavy Duty Trucks_Diesel_Rigid 28 - 32 t_Euro III,,,0.06,0,12,84,0.000500611,0.123638183,1.685346693,-4.564115467,0.003369611,0.233531669,-1.189110557,0,1,1,1 
HDVD_46,Heavy Duty Trucks_Diesel_Rigid 28 - 32 t_Euro III,,,0.06,0.5,12,59,0.000693516,0.129564262,0.139025937,-6.799135287,0.002893272,0.161662337,-1.449401758,0,1,1,1 
HDVD_46,Heavy Duty Trucks_Diesel_Rigid 28 - 32 t_Euro III,,,0.06,1,12,45,0.001179857,0.074793822,-0.764912958,4.74635971,0.002813452,0.028537625,-0.247599728,0,1,1,1 
HDVD_47,Heavy Duty Trucks_Diesel_Rigid 28 - 32 t_Euro IV,,,-0.06,0,12,86,1.39E-05,-0.004371679,0.405577278,2.340275596,0.001075131,0.266224544,3.222317457,0,1,1,1 
HDVD_47,Heavy Duty Trucks_Diesel_Rigid 28 - 32 t_Euro IV,,,-0.06,0.5,12,86,8.03E-06,-0.002759286,0.287594311,1.87151433,0.0007232,0.233306306,2.476466683,0,1,1,1 
HDVD_47,Heavy Duty Trucks_Diesel_Rigid 28 - 32 t_Euro IV,,,-0.06,1,12,86,-1.28E-05,0.005272286,1.257922338,-4.566576602,0.034144292,0.521587131,1.949266677,0,1,1,1 
HDVD_47,Heavy Duty Trucks_Diesel_Rigid 28 - 32 t_Euro IV,,,-0.04,0,12,86,2.20E-05,-0.006953087,0.653269831,3.433929084,0.000788521,0.339663306,4.449606803,0,1,1,1 
HDVD_47,Heavy Duty Trucks_Diesel_Rigid 28 - 32 t_Euro IV,,,-0.04,0.5,12,86,1.81E-05,-0.005275224,0.445901357,1.781165056,0.000746888,0.202635547,3.365150965,0,1,1,1 
HDVD_47,Heavy Duty Trucks_Diesel_Rigid 28 - 32 t_Euro IV,,,-0.04,1,12,86,1.41E-05,-0.004929409,0.795561102,0.212655264,0.007036948,0.264926207,4.529518442,0,1,1,1 
HDVD_47,Heavy Duty Trucks_Diesel_Rigid 28 - 32 t_Euro IV,,,-0.02,0,12,86,2.08E-13,2.61E-11,2.204135662,1.61E-07,-0.004767278,1.581197042,0.256504308,0,1,1,1 
HDVD_47,Heavy Duty Trucks_Diesel_Rigid 28 - 32 t_Euro IV,,,-0.02,0.5,12,86,1.51E-05,-0.004643746,0.381593943,1.837631621,-0.000868168,0.145357965,2.69069266,0,1,1,1 
HDVD_47,Heavy Duty Trucks_Diesel_Rigid 28 - 32 t_Euro IV,,,-0.02,1,12,86,1.91E-05,-0.00569502,0.491354543,1.629113866,-0.000346694,0.146015789,3.259176778,0,1,1,1 
HDVD_47,Heavy Duty Trucks_Diesel_Rigid 28 - 32 t_Euro IV,,,0,0,12,86,6.10E-05,0.0255242,0.29997436,-1.959161854,0.007145793,0.38169047,-2.339672833,0,1,1,1 
HDVD_47,Heavy Duty Trucks_Diesel_Rigid 28 - 32 t_Euro IV,,,0,0.5,12,86,0.000127677,0.048467909,0.284581155,-6.223180443,0.011849256,0.546369294,-5.666303443,0,1,1,1 
HDVD_47,Heavy Duty Trucks_Diesel_Rigid 28 - 32 t_Euro IV,,,0,1,12,86,4.38E-05,0.033775918,1.185369337,1.720314357,0.006152325,0.554158533,4.104493662,0,1,1,1 
HDVD_47,Heavy Duty Trucks_Diesel_Rigid 28 - 32 t_Euro IV,,,0.02,0,12,86,1.40E-05,0.005544791,0.493861678,2.526406847,-0.000789453,0.241961625,2.416081087,0,1,1,1 
HDVD_47,Heavy Duty Trucks_Diesel_Rigid 28 - 32 t_Euro IV,,,0.02,0.5,12,86,0.000332767,0.062008129,-0.014358958,-2.849929961,0.00767034,0.532163226,-4.260570029,0,1,1,1 
HDVD_47,Heavy Duty Trucks_Diesel_Rigid 28 - 32 t_Euro IV,,,0.02,1,12,84,-3.18E-05,0.025726574,0.759440565,0.919026052,0.001502592,0.247028055,2.896923959,0,1,1,1 
HDVD_47,Heavy Duty Trucks_Diesel_Rigid 28 - 32 t_Euro IV,,,0.04,0,12,86,0.001958363,0.115303968,0.151747077,-0.504265869,0.024363256,1.169030648,-7.089946832,0,1,1,1 
HDVD_47,Heavy Duty Trucks_Diesel_Rigid 28 - 32 t_Euro IV,,,0.04,0.5,12,79,-0.000582042,0.045135616,0.52594177,-6.645692717,-0.00542032,0.547227692,-3.619033228,0,1,1,1 
HDVD_47,Heavy Duty Trucks_Diesel_Rigid 28 - 32 t_Euro IV,,,0.04,1,12,62,-0.001070315,0.25813521,1.255254259,-1.032795518,0.017469874,1.154337391,1.541967232,0,1,1,1 
HDVD_47,Heavy Duty Trucks_Diesel_Rigid 28 - 32 t_Euro IV,,,0.06,0,12,84,-0.000437193,0.038970141,0.129943212,-4.307746412,-0.004098559,0.432115016,-3.607280472,0,1,1,1 
HDVD_47,Heavy Duty Trucks_Diesel_Rigid 28 - 32 t_Euro IV,,,0.06,0.5,12,61,3.07E-05,-0.008322555,0.618440904,0.211843563,-0.000190418,0.016822781,2.18917418,0,1,1,1 
HDVD_47,Heavy Duty Trucks_Diesel_Rigid 28 - 32 t_Euro IV,,,0.06,1,12,46,0.000328011,-0.024270117,1.298946939,0.166340605,0.000848939,0.028623772,3.566642656,0,1,1,1 
HDVD_47,Heavy Duty Trucks_Diesel_Rigid 28 - 32 t_Euro IV,,,-0.06,0,12,86,1.39E-05,-0.004371679,0.405577278,2.340275596,0.001075131,0.266224544,3.222317457,0,1,1,1 
HDVD_47,Heavy Duty Trucks_Diesel_Rigid 28 - 32 t_Euro IV,,,-0.06,0.5,12,86,8.03E-06,-0.002759286,0.287594311,1.87151433,0.0007232,0.233306306,2.476466683,0,1,1,1 
HDVD_47,Heavy Duty Trucks_Diesel_Rigid 28 - 32 t_Euro IV,,,-0.06,1,12,86,-1.28E-05,0.005272286,1.257922338,-4.566576602,0.034144292,0.521587131,1.949266677,0,1,1,1 
HDVD_47,Heavy Duty Trucks_Diesel_Rigid 28 - 32 t_Euro IV,,,-0.04,0,12,86,2.20E-05,-0.006953087,0.653269831,3.433929084,0.000788521,0.339663306,4.449606803,0,1,1,1 
HDVD_47,Heavy Duty Trucks_Diesel_Rigid 28 - 32 t_Euro IV,,,-0.04,1,12,86,1.41E-05,-0.004929409,0.795561102,0.212655264,0.007036948,0.264926207,4.529518442,0,1,1,1 
HDVD_47,Heavy Duty Trucks_Diesel_Rigid 28 - 32 t_Euro IV,,,-0.02,0,12,86,2.08E-13,2.61E-11,2.204135662,1.61E-07,-0.004767278,1.581197042,0.256504308,0,1,1,1 
HDVD_47,Heavy Duty Trucks_Diesel_Rigid 28 - 32 t_Euro IV,,,-0.02,1,12,86,1.91E-05,-0.00569502,0.491354543,1.629113866,-0.000346694,0.146015789,3.259176778,0,1,1,1 
HDVD_47,Heavy Duty Trucks_Diesel_Rigid 28 - 32 t_Euro IV,,,0,0,12,86,6.10E-05,0.0255242,0.29997436,-1.959161854,0.007145793,0.38169047,-2.339672833,0,1,1,1 
HDVD_47,Heavy Duty Trucks_Diesel_Rigid 28 - 32 t_Euro IV,,,0,1,12,86,4.38E-05,0.033775918,1.185369337,1.720314357,0.006152325,0.554158533,4.104493662,0,1,1,1 
HDVD_47,Heavy Duty Trucks_Diesel_Rigid 28 - 32 t_Euro IV,,,0.02,0,12,86,1.40E-05,0.005544791,0.493861678,2.526406847,-0.000789453,0.241961625,2.416081087,0,1,1,1 
HDVD_47,Heavy Duty Trucks_Diesel_Rigid 28 - 32 t_Euro IV,,,0.02,1,12,84,-3.18E-05,0.025726574,0.759440565,0.919026052,0.001502592,0.247028055,2.896923959,0,1,1,1 
HDVD_47,Heavy Duty Trucks_Diesel_Rigid 28 - 32 t_Euro IV,,,0.04,0,12,86,0.001958363,0.115303968,0.151747077,-0.504265869,0.024363256,1.169030648,-7.089946832,0,1,1,1 
HDVD_47,Heavy Duty Trucks_Diesel_Rigid 28 - 32 t_Euro IV,,,0.04,1,12,62,-0.001070315,0.25813521,1.255254259,-1.032795518,0.017469874,1.154337391,1.541967232,0,1,1,1 
HDVD_47,Heavy Duty Trucks_Diesel_Rigid 28 - 32 t_Euro IV,,,0.06,0,12,84,-0.000437193,0.038970141,0.129943212,-4.307746412,-0.004098559,0.432115016,-3.607280472,0,1,1,1 
HDVD_47,Heavy Duty Trucks_Diesel_Rigid 28 - 32 t_Euro IV,,,0.06,0.5,12,61,3.07E-05,-0.008322555,0.618440904,0.211843563,-0.000190418,0.016822781,2.18917418,0,1,1,1 
HDVD_47,Heavy Duty Trucks_Diesel_Rigid 28 - 32 t_Euro IV,,,0.06,1,12,46,0.000328011,-0.024270117,1.298946939,0.166340605,0.000848939,0.028623772,3.566642656,0,1,1,1 
HDVD_48,Heavy Duty Trucks_Diesel_Rigid 28 - 32 t_Euro V,SCR,,-0.06,0,5,85,-0.002137963,0.264970491,-1.105351335,2.004265689,0.450717807,-1.777584136,4.617268104,0,1,1,1 
HDVD_48,Heavy Duty Trucks_Diesel_Rigid 28 - 32 t_Euro V,SCR,,-0.06,0.5,5,85,-0.000943525,0.126999607,-0.66855962,1.447542261,0.249418603,-1.471727269,4.08271395,0,1,1,1 
HDVD_48,Heavy Duty Trucks_Diesel_Rigid 28 - 32 t_Euro V,SCR,,-0.06,1,5,85,-0.000885544,0.127943808,-0.742694169,1.864206852,0.273451317,-1.906432283,5.879071912,0,1,1,1 
HDVD_48,Heavy Duty Trucks_Diesel_Rigid 28 - 32 t_Euro V,SCR,,-0.04,0,5,85,-0.002622354,0.3447306,-0.988503671,1.252410806,0.445727857,-0.353697699,1.002982447,0,1,1,1 
HDVD_48,Heavy Duty Trucks_Diesel_Rigid 28 - 32 t_Euro V,SCR,,-0.04,0.5,5,85,-0.001274642,0.146840085,-0.415652711,-0.245813423,0.179411925,0.24084488,-2.982752892,0,1,1,1 
HDVD_48,Heavy Duty Trucks_Diesel_Rigid 28 - 32 t_Euro V,SCR,,-0.04,1,5,85,-0.002142252,0.28052242,-1.098563426,1.900715743,0.4083781,-1.347942439,3.824189322,0,1,1,1 
HDVD_48,Heavy Duty Trucks_Diesel_Rigid 28 - 32 t_Euro V,SCR,,-0.02,0,5,85,1.12E-05,-0.00619716,0.487148157,0.14506924,-0.005967324,0.514323104,2.26903582,0,1,1,1 
HDVD_48,Heavy Duty Trucks_Diesel_Rigid 28 - 32 t_Euro V,SCR,,-0.02,0.5,5,85,-0.00173194,0.461944764,-1.257813469,1.389718289,0.516044292,-0.01816583,-1.78E-06,0,1,1,1 
HDVD_48,Heavy Duty Trucks_Diesel_Rigid 28 - 32 t_Euro V,SCR,,-0.02,1,5,85,-0.002308209,0.466246885,-1.263799267,1.393840175,0.478874422,0.170544363,-2.98E-07,0,1,1,1 
HDVD_48,Heavy Duty Trucks_Diesel_Rigid 28 - 32 t_Euro V,SCR,,0,0,5,85,0.0001222,0.027866838,0.868959922,-0.064225328,0.020089619,1.029263401,2.891438481,0,1,1,1 
HDVD_48,Heavy Duty Trucks_Diesel_Rigid 28 - 32 t_Euro V,SCR,,0,0.5,5,85,-2.92E-05,0.006838744,0.79197844,-0.03717387,-0.001632818,0.82489508,2.71023589,0,1,1,1 
HDVD_48,Heavy Duty Trucks_Diesel_Rigid 28 - 32 t_Euro V,SCR,,0,1,5,85,-7.61E-05,0.006165547,1.0856192,0.059778164,-0.005253085,0.99793854,4.14783558,0,1,1,1 
HDVD_48,Heavy Duty Trucks_Diesel_Rigid 28 - 32 t_Euro V,SCR,,0.02,0,5,85,-0.000117241,0.001758399,0.767170185,-0.15300027,-0.009014713,0.771562659,2.151322471,0,1,1,1 
HDVD_48,Heavy Duty Trucks_Diesel_Rigid 28 - 32 t_Euro V,SCR,,0.02,0.5,5,85,0.009564188,0.294131663,-1.264947562,0.583617533,0.393719045,-0.815253048,-1.695580289,0,1,1,1 
HDVD_48,Heavy Duty Trucks_Diesel_Rigid 28 - 32 t_Euro V,SCR,,0.02,1,5,85,-0.000387143,0.024691546,1.563904647,-0.10281765,-0.014745883,1.390303396,4.832888872,0,1,1,1 
HDVD_48,Heavy Duty Trucks_Diesel_Rigid 28 - 32 t_Euro V,SCR,,0.04,0,5,85,-2.56E-05,0.022944517,1.878614724,-0.480552897,-0.008213533,1.830619096,4.94567371,0,1,1,1 
HDVD_48,Heavy Duty Trucks_Diesel_Rigid 28 - 32 t_Euro V,SCR,,0.04,0.5,5,75,-0.000713254,0.047101619,1.313088091,-0.657097348,-0.018383845,1.550156355,2.044951253,0,1,1,1 
HDVD_48,Heavy Duty Trucks_Diesel_Rigid 28 - 32 t_Euro V,SCR,,0.04,1,5,60,0.000105592,0.009707821,0.671962771,0.358246726,-0.001868434,0.406509904,2.834552399,0,1,1,1 
HDVD_48,Heavy Duty Trucks_Diesel_Rigid 28 - 32 t_Euro V,SCR,,0.06,0,5,80,-0.00015536,0.017470269,0.903962508,-0.276281105,-0.007789109,0.9148878,2.09581266,0,1,1,1 
HDVD_48,Heavy Duty Trucks_Diesel_Rigid 28 - 32 t_Euro V,SCR,,0.06,0.5,5,60,0.000241961,0.008287804,0.59169826,0.372281756,0.000102309,0.358155985,2.576988066,0,1,1,1 
HDVD_48,Heavy Duty Trucks_Diesel_Rigid 28 - 32 t_Euro V,SCR,,0.06,1,5,45,0.002468142,-0.046271377,0.599066485,1.446396353,0.020573497,-0.338002682,5.066552478,0,1,1,1 
HDVD_48,Heavy Duty Trucks_Diesel_Rigid 28 - 32 t_Euro V,EGR,,-0.06,0,5,75,-0.003737036,0.321056723,-1.834775025,3.751370865,0.123763978,-0.752088133,1.699662667,0,1,1,1 
HDVD_48,Heavy Duty Trucks_Diesel_Rigid 28 - 32 t_Euro V,EGR,,-0.06,0.5,5,75,-0.005060067,0.400241715,-1.539054152,0.943014213,0.170035326,-0.632173723,0.253086637,0,1,1,1 
HDVD_48,Heavy Duty Trucks_Diesel_Rigid 28 - 32 t_Euro V,EGR,,-0.06,1,5,70,-0.003290262,0.25701068,-1.173736005,1.21096396,0.114429341,-0.534169773,0.524886012,0,1,1,1 
HDVD_48,Heavy Duty Trucks_Diesel_Rigid 28 - 32 t_Euro V,EGR,,-0.04,0,5,85,-0.004203604,0.412991966,-0.730314731,1.708811437,0.121769258,-0.016497577,0.464077324,0,1,1,1 
HDVD_48,Heavy Duty Trucks_Diesel_Rigid 28 - 32 t_Euro V,EGR,,-0.04,0.5,5,85,-0.002533167,0.220125944,0.039957671,-2.541674104,0.067106472,0.237946507,-1.579609533,0,1,1,1 
HDVD_48,Heavy Duty Trucks_Diesel_Rigid 28 - 32 t_Euro V,EGR,,-0.04,1,5,85,-0.00241547,0.227104004,-1.063716544,2.267771711,0.078542483,-0.366864087,0.96258136,0,1,1,1 
HDVD_48,Heavy Duty Trucks_Diesel_Rigid 28 - 32 t_Euro V,EGR,,-0.02,0,5,85,2.19E-05,-0.012943562,1.053266444,2.975594882,-0.003089628,0.267337509,1.616898633,0,1,1,1 
HDVD_48,Heavy Duty Trucks_Diesel_Rigid 28 - 32 t_Euro V,EGR,,-0.02,0.5,5,85,-0.003968633,0.696623804,0.332561802,1.189276117,0.17392992,0.665896168,-5.91E-08,0,1,1,1 
HDVD_48,Heavy Duty Trucks_Diesel_Rigid 28 - 32 t_Euro V,EGR,,-0.02,1,5,85,8.62E-05,-0.020891319,1.136741829,3.16512706,-0.003112051,0.259939574,2.099320407,0,1,1,1 
HDVD_48,Heavy Duty Trucks_Diesel_Rigid 28 - 32 t_Euro V,EGR,,0,0,5,85,5.59E-06,0.083890997,2.057496159,-1.098310422,0.008682329,0.669864465,-6.97E-10,0,1,1,1 
HDVD_48,Heavy Duty Trucks_Diesel_Rigid 28 - 32 t_Euro V,EGR,,0,0.5,5,85,1.27E-06,0.063403032,1.9260073,-1.026123281,0.00546555,0.614731681,-1.03E-10,0,1,1,1 
HDVD_48,Heavy Duty Trucks_Diesel_Rigid 28 - 32 t_Euro V,EGR,,0,1,5,85,7.78E-05,0.082749414,2.000283165,-0.981784023,0.008506204,0.651113979,-5.86E-10,0,1,1,1 
HDVD_48,Heavy Duty Trucks_Diesel_Rigid 28 - 32 t_Euro V,EGR,,0.02,0,5,85,0.002737082,0.423510138,1.014683691,-4.011778025,0.075481955,0.666652731,-1.723221219,0,1,1,1 
HDVD_48,Heavy Duty Trucks_Diesel_Rigid 28 - 32 t_Euro V,EGR,,0.02,0.5,5,85,0.013167778,0.569068668,-2.035537648,1.037652371,0.165933067,-0.453674675,-5.65E-11,0,1,1,1 
HDVD_48,Heavy Duty Trucks_Diesel_Rigid 28 - 32 t_Euro V,EGR,,0.02,1,5,85,4.41E-05,0.077808613,2.030979178,-0.981278449,0.002846495,0.58891983,-2.05E-07,0,1,1,1 
HDVD_48,Heavy Duty Trucks_Diesel_Rigid 28 - 32 t_Euro V,EGR,,0.04,0,5,85,0.011237767,0.463981622,-1.969522855,1.494192054,0.134668514,-0.460967136,0.193711419,0,1,1,1 
HDVD_48,Heavy Duty Trucks_Diesel_Rigid 28 - 32 t_Euro V,EGR,,0.04,0.5,5,75,-0.000754535,0.075525,2.656034961,-1.396521453,-0.004575872,0.728017313,1.55E-12,0,1,1,1 
HDVD_48,Heavy Duty Trucks_Diesel_Rigid 28 - 32 t_Euro V,EGR,,0.04,1,5,60,0.024139997,0.635605622,-2.947131407,1.321105013,0.187720823,-0.668260655,-3.74E-09,0,1,1,1 
HDVD_48,Heavy Duty Trucks_Diesel_Rigid 28 - 32 t_Euro V,EGR,,0.06,0,5,80,-0.000557302,0.043783416,2.053588919,-1.252243227,-0.004493962,0.543079621,-5.05E-14,0,1,1,1 
HDVD_48,Heavy Duty Trucks_Diesel_Rigid 28 - 32 t_Euro V,EGR,,0.06,0.5,5,60,0.002393724,0.179285571,1.982210284,-0.811009423,0.021595145,0.563473413,6.35E-11,0,1,1,1 
HDVD_48,Heavy Duty Trucks_Diesel_Rigid 28 - 32 t_Euro V,EGR,,0.06,1,5,45,0.038131718,0.459658225,-4.050494841,3.44382243,0.198233518,-1.19452945,0.889059256,0,1,1,1 
HDVD_49,Heavy Duty Trucks_Diesel_Rigid 28 - 32 t_Euro VI,,,-0.06,0,5,75,-0.002207441,0.189651223,-1.084139484,2.217017246,0.243694474,-1.481410397,3.348442036,0,1,1,1 
HDVD_49,Heavy Duty Trucks_Diesel_Rigid 28 - 32 t_Euro VI,,,-0.06,0.5,5,75,-0.009659906,0.724369806,0.055214343,0.211453574,1.081491647,0.413393691,0.594249987,0,1,1,1 
HDVD_49,Heavy Duty Trucks_Diesel_Rigid 28 - 32 t_Euro VI,,,-0.06,1,5,85,-0.000181998,0.018340779,-0.226146539,1.256378436,0.033324778,-0.481910241,2.585990249,0,1,1,1 
HDVD_49,Heavy Duty Trucks_Diesel_Rigid 28 - 32 t_Euro VI,,,-0.04,0,5,85,-0.003197391,0.314308743,-0.562314286,1.306977257,0.309038047,-0.052287948,1.186755171,0,1,1,1 
HDVD_49,Heavy Duty Trucks_Diesel_Rigid 28 - 32 t_Euro VI,,,-0.04,0.5,5,85,-0.002501078,0.234572411,-0.785679978,1.522958554,0.254859965,-0.674563814,1.81294447,0,1,1,1 
HDVD_49,Heavy Duty Trucks_Diesel_Rigid 28 - 32 t_Euro VI,,,-0.04,1,5,85,-0.001880786,0.17689698,-0.831928295,1.775638446,0.203960374,-0.958252583,2.51483707,0,1,1,1 
HDVD_49,Heavy Duty Trucks_Diesel_Rigid 28 - 32 t_Euro VI,,,-0.02,0,5,85,1.24E-05,-0.007403329,0.60342084,1.688941394,-0.005905954,0.51122449,3.064497722,0,1,1,1 
HDVD_49,Heavy Duty Trucks_Diesel_Rigid 28 - 32 t_Euro VI,,,-0.02,0.5,5,85,-0.002489233,0.437796251,0.189661934,0.751863114,0.364721541,1.368813083,5.08E-06,0,1,1,1 
HDVD_49,Heavy Duty Trucks_Diesel_Rigid 28 - 32 t_Euro VI,,,-0.02,1,5,85,3.94E-05,-0.009542377,0.519002218,1.434217214,-0.004738746,0.395722923,3.177869446,0,1,1,1 
HDVD_49,Heavy Duty Trucks_Diesel_Rigid 28 - 32 t_Euro VI,,,0,0,5,85,5.31E-06,0.076507149,1.876529335,-1.002081266,0.026403823,2.036251836,3.10E-08,0,1,1,1 
HDVD_49,Heavy Duty Trucks_Diesel_Rigid 28 - 32 t_Euro VI,,,0,0.5,5,85,1.31E-06,0.064762721,1.974136108,-1.05445437,0.018582181,2.098376417,1.26E-08,0,1,1,1 
HDVD_49,Heavy Duty Trucks_Diesel_Rigid 28 - 32 t_Euro VI,,,0,1,5,85,7.14E-05,0.076037015,1.85213393,-0.915037408,0.025984766,2.005274626,4.00E-11,0,1,1,1 
HDVD_49,Heavy Duty Trucks_Diesel_Rigid 28 - 32 t_Euro VI,,,0.02,0,5,85,4.75E-05,0.050273028,1.438435783,-1.022673186,0.013684642,1.361499176,1.36E-11,0,1,1,1 
HDVD_49,Heavy Duty Trucks_Diesel_Rigid 28 - 32 t_Euro VI,,,0.02,0.5,5,85,0.010509251,0.455261653,-1.630190749,0.832982892,0.441916546,-1.209185882,2.22E-10,0,1,1,1 
HDVD_49,Heavy Duty Trucks_Diesel_Rigid 28 - 32 t_Euro VI,,,0.02,1,5,85,2.60E-05,0.08438922,2.267317044,-1.111640398,0.009290292,2.180155357,6.77E-09,0,1,1,1 
HDVD_49,Heavy Duty Trucks_Diesel_Rigid 28 - 32 t_Euro VI,,,0.04,0,5,85,0.009045193,0.373388,-1.587466179,1.207492561,0.361313978,-1.239414241,0.525131905,0,1,1,1 
HDVD_49,Heavy Duty Trucks_Diesel_Rigid 28 - 32 t_Euro VI,,,0.04,0.5,5,80,-0.00068607,0.076053175,2.602604608,-1.375018247,-0.013201734,2.376128985,2.38E-10,0,1,1,1 
HDVD_49,Heavy Duty Trucks_Diesel_Rigid 28 - 32 t_Euro VI,,,0.04,1,5,60,0.029402475,0.761233586,-3.437257883,1.509453935,0.752526415,-2.611377229,1.22E-11,0,1,1,1 
HDVD_49,Heavy Duty Trucks_Diesel_Rigid 28 - 32 t_Euro VI,,,0.06,0,5,85,-0.000523243,0.043322547,1.990590813,-1.214656175,-0.013872013,1.755159723,1.45E-13,0,1,1,1 
HDVD_49,Heavy Duty Trucks_Diesel_Rigid 28 - 32 t_Euro VI,,,0.06,0.5,5,60,0.001933504,0.128128247,1.356601605,-0.574211204,0.055360342,1.277136349,3.50E-10,0,1,1,1 
HDVD_49,Heavy Duty Trucks_Diesel_Rigid 28 - 32 t_Euro VI,,,0.06,1,5,45,-0.000680603,0.023838322,1.063477226,1.415786309,-0.013907833,0.796636649,1.858264265,0,1,1,1 
HDVD_50,Heavy Duty Trucks_Diesel_Rigid >32 t_Conventional,,,-0.06,0,12,86,3.75E-06,-0.002306111,0.438557335,3.056397403,8.85E-05,0.019173713,0.115824347,0,1,1,1 
HDVD_50,Heavy Duty Trucks_Diesel_Rigid >32 t_Conventional,,,-0.06,0.5,12,86,1.99E-06,-0.001483922,0.321643029,2.41241308,7.38E-05,0.015138766,0.093852692,0,1,1,1 
HDVD_50,Heavy Duty Trucks_Diesel_Rigid >32 t_Conventional,,,-0.06,1,12,86,-8.61E-18,1.99E-15,3.257547877,1.92E-14,0.002117072,0.122730794,0.140583296,0,1,1,1 
HDVD_50,Heavy Duty Trucks_Diesel_Rigid >32 t_Conventional,,,-0.04,0,12,86,4.43E-06,-0.001945885,0.275016726,2.1398559,2.73E-05,0.009797334,0.084750881,0,1,1,1 
HDVD_50,Heavy Duty Trucks_Diesel_Rigid >32 t_Conventional,,,-0.04,0.5,12,86,-0.000192757,0.022177389,1.332560313,-3.941235405,0.001392586,0.045555494,-0.121132846,0,1,1,1 
HDVD_50,Heavy Duty Trucks_Diesel_Rigid >32 t_Conventional,,,-0.04,1,12,86,-0.000136406,0.016944289,0.932356748,-4.09166308,0.001119017,0.032075524,-0.142962177,0,1,1,1 
HDVD_50,Heavy Duty Trucks_Diesel_Rigid >32 t_Conventional,,,-0.02,0,12,86,1.63E-05,0.003003438,0.530795703,4.236742374,0.000122967,0.02178768,0.112203258,0,1,1,1 
HDVD_50,Heavy Duty Trucks_Diesel_Rigid >32 t_Conventional,,,-0.02,0.5,12,86,-5.77E-06,0.002171653,0.443512014,3.1029072,0.000179793,0.017258488,0.0869535,0,1,1,1 
HDVD_50,Heavy Duty Trucks_Diesel_Rigid >32 t_Conventional,,,-0.02,1,12,86,5.87E-08,-0.001400611,0.605471798,4.614029173,9.80E-05,0.023736504,0.154287779,0,1,1,1 
HDVD_50,Heavy Duty Trucks_Diesel_Rigid >32 t_Conventional,,,0,0,12,86,8.48E-05,0.08995899,0.293522764,-4.074369854,0.00230761,0.027237221,-0.261321227,0,1,1,1 
HDVD_50,Heavy Duty Trucks_Diesel_Rigid >32 t_Conventional,,,0,0.5,12,86,0.000180181,0.207818049,2.359771186,-2.894916803,0.005614182,0.133372142,-0.560432869,0,1,1,1 
HDVD_50,Heavy Duty Trucks_Diesel_Rigid >32 t_Conventional,,,0,1,12,86,0.000110015,0.086833651,1.838872991,-6.020035858,0.002196665,0.101585928,-0.536543173,0,1,1,1 
HDVD_50,Heavy Duty Trucks_Diesel_Rigid >32 t_Conventional,,,0.02,0,12,86,-0.000227833,0.104609495,0.993158781,-5.025857718,0.002632303,0.036920386,-0.16569633,0,1,1,1 
HDVD_50,Heavy Duty Trucks_Diesel_Rigid >32 t_Conventional,,,0.02,0.5,12,86,1.30E-05,0.001446323,0.434042685,3.855667061,-1.56E-05,0.017157764,0.09558173,0,1,1,1 
HDVD_50,Heavy Duty Trucks_Diesel_Rigid >32 t_Conventional,,,0.02,1,12,78,-2.25E-14,-1.78E-13,4.378136932,5.02E-09,-0.00087554,0.168446847,-0.113171143,0,1,1,1 
HDVD_50,Heavy Duty Trucks_Diesel_Rigid >32 t_Conventional,,,0.04,0,12,86,9.85E-06,0.001140505,0.324576019,2.835940214,1.80E-05,0.011537679,0.062786218,0,1,1,1 
HDVD_50,Heavy Duty Trucks_Diesel_Rigid >32 t_Conventional,,,0.04,0.5,12,69,0.000420753,0.182610436,3.669767335,-6.845335135,0.003644095,0.199190631,-0.865229016,0,1,1,1 
HDVD_50,Heavy Duty Trucks_Diesel_Rigid >32 t_Conventional,,,0.04,1,12,53,0.001186759,0.243835888,2.963578914,-5.412502189,0.004338791,0.227089575,-1.182992616,0,1,1,1 
HDVD_50,Heavy Duty Trucks_Diesel_Rigid >32 t_Conventional,,,0.06,0,12,79,2.28E-05,0.001541538,0.469920334,4.844089608,-4.05E-05,0.019831994,0.086450374,0,1,1,1 
HDVD_50,Heavy Duty Trucks_Diesel_Rigid >32 t_Conventional,,,0.06,0.5,12,53,0.00023012,0.057243578,0.144917584,4.362306457,0.00108933,0.032438042,-0.086844508,0,1,1,1 
HDVD_50,Heavy Duty Trucks_Diesel_Rigid >32 t_Conventional,,,0.06,1,12,39,0.000749008,0.081533018,0.733543719,3.166215568,0.001238052,0.069171194,-0.211494236,0,1,1,1 
HDVD_51,Heavy Duty Trucks_Diesel_Rigid >32 t_Euro I,,,-0.06,0,12,86,-0.000140326,0.017066575,0.728717624,-7.928638159,0.001446376,0.027900463,-0.37281875,0,1,1,1 
HDVD_51,Heavy Duty Trucks_Diesel_Rigid >32 t_Euro I,,,-0.06,0.5,12,86,-7.59E-05,0.009339637,0.461943669,-3.622235199,0.000882801,0.020242684,-0.181484851,0,1,1,1 
HDVD_51,Heavy Duty Trucks_Diesel_Rigid >32 t_Euro I,,,-0.06,1,12,86,5.18E-06,-0.002346454,0.334033057,3.140935645,8.22E-05,0.019706865,0.180967422,0,1,1,1 
HDVD_51,Heavy Duty Trucks_Diesel_Rigid >32 t_Euro I,,,-0.04,0,12,86,-0.000182946,0.019454241,1.151764393,-2.826214993,0.001356798,0.04795861,-0.103774944,0,1,1,1 
HDVD_51,Heavy Duty Trucks_Diesel_Rigid >32 t_Euro I,,,-0.04,0.5,12,86,-0.000413749,0.038750723,2.48895699,-4.360923489,0.002899106,0.110810406,-0.143051298,0,1,1,1 
HDVD_51,Heavy Duty Trucks_Diesel_Rigid >32 t_Euro I,,,-0.04,1,12,86,-0.000389265,0.036152376,2.350948861,-3.748577692,0.002800994,0.108640418,-0.116783254,0,1,1,1 
HDVD_51,Heavy Duty Trucks_Diesel_Rigid >32 t_Euro I,,,-0.02,0,12,86,1.13E-05,0.002199957,0.410984491,3.210678219,9.79E-05,0.020411002,0.110658855,0,1,1,1 
HDVD_51,Heavy Duty Trucks_Diesel_Rigid >32 t_Euro I,,,-0.02,0.5,12,86,1.97E-06,-0.001226329,0.276626602,2.144754734,1.10E-05,0.012019271,0.095276013,0,1,1,1 
HDVD_51,Heavy Duty Trucks_Diesel_Rigid >32 t_Euro I,,,-0.02,1,12,86,-0.000351962,0.045525433,2.857162806,-0.18570903,0.002521956,0.118431196,0.116640889,0,1,1,1 
HDVD_51,Heavy Duty Trucks_Diesel_Rigid >32 t_Euro I,,,0,0,12,86,0.000156037,0.126215673,1.961280517,-4.144518474,0.003215617,0.123011116,-0.454741182,0,1,1,1 
HDVD_51,Heavy Duty Trucks_Diesel_Rigid >32 t_Euro I,,,0,0.5,12,86,0.0001234,0.100231019,0.835170234,-4.333631414,0.002792401,0.067658366,-0.403432546,0,1,1,1 
HDVD_51,Heavy Duty Trucks_Diesel_Rigid >32 t_Euro I,,,0,1,12,86,0.000213788,0.146547465,1.426548869,-3.277198774,0.003812082,0.117216841,-0.54487175,0,1,1,1 
HDVD_51,Heavy Duty Trucks_Diesel_Rigid >32 t_Euro I,,,0.02,0,12,86,7.89E-05,0.068253009,0.59759005,-5.043357657,0.001736627,0.04159227,-0.301193175,0,1,1,1 
HDVD_51,Heavy Duty Trucks_Diesel_Rigid >32 t_Euro I,,,0.02,0.5,12,86,1.40E-05,0.002994476,0.497232745,3.184461033,-5.40E-05,0.020283,0.118462547,0,1,1,1 
HDVD_51,Heavy Duty Trucks_Diesel_Rigid >32 t_Euro I,,,0.02,1,12,79,5.82E-05,0.009964279,1.246061604,4.928487964,-0.000174118,0.051090731,0.189431501,0,1,1,1 
HDVD_51,Heavy Duty Trucks_Diesel_Rigid >32 t_Euro I,,,0.04,0,12,86,8.54E-06,0.001845613,0.352941991,2.493261692,-3.21E-05,0.013832745,0.085578776,0,1,1,1 
HDVD_51,Heavy Duty Trucks_Diesel_Rigid >32 t_Euro I,,,0.04,0.5,12,70,0.001570267,0.386395367,5.037331988,3.262140936,0.004949753,0.387916239,-1.148599916,0,1,1,1 
HDVD_51,Heavy Duty Trucks_Diesel_Rigid >32 t_Euro I,,,0.04,1,12,54,0.001047723,0.13844162,1.201446336,3.562734139,0.001486662,0.119568646,-0.347094788,0,1,1,1 
HDVD_51,Heavy Duty Trucks_Diesel_Rigid >32 t_Euro I,,,0.06,0,12,80,-7.08E-18,2.79E-16,3.357996251,3.62E-12,-0.000998384,0.130554069,-0.039401379,0,1,1,1 
HDVD_51,Heavy Duty Trucks_Diesel_Rigid >32 t_Euro I,,,0.06,0.5,12,54,0.000857434,0.083251529,0.682043018,2.97766353,0.001056043,0.072262112,-0.226808535,0,1,1,1 
HDVD_51,Heavy Duty Trucks_Diesel_Rigid >32 t_Euro I,,,0.06,1,12,39,0.000586639,0.26469963,1.657314092,7.220253928,0.000409013,0.208517861,-0.544919711,0,1,1,1 
HDVD_52,Heavy Duty Trucks_Diesel_Rigid >32 t_Euro II,,,-0.06,0,12,86,-3.36E-05,0.006872126,-0.231137086,2.356752795,0.000413461,-0.016114805,0.175424606,0,1,1,1 
HDVD_52,Heavy Duty Trucks_Diesel_Rigid >32 t_Euro II,,,-0.06,0.5,12,86,3.29E-06,-0.001800663,0.331966185,2.662427445,5.95E-05,0.026715111,0.21730006,0,1,1,1 
HDVD_52,Heavy Duty Trucks_Diesel_Rigid >32 t_Euro II,,,-0.06,1,12,86,3.35E-06,-0.001696454,0.29128248,2.250796066,3.90E-05,0.023740587,0.196358116,0,1,1,1 
HDVD_52,Heavy Duty Trucks_Diesel_Rigid >32 t_Euro II,,,-0.04,0,12,86,6.04E-06,-0.002531219,0.344947665,2.503918727,2.57E-05,0.021383528,0.194809376,0,1,1,1 
HDVD_52,Heavy Duty Trucks_Diesel_Rigid >32 t_Euro II,,,-0.04,0.5,12,86,-0.00026235,0.032593196,1.983028614,-2.323768343,0.003208716,0.12998441,-0.069847323,0,1,1,1 
HDVD_52,Heavy Duty Trucks_Diesel_Rigid >32 t_Euro II,,,-0.04,1,12,86,7.93E-06,-0.003372244,0.466923821,3.429331595,4.75E-05,0.031644728,0.283830149,0,1,1,1 
HDVD_52,Heavy Duty Trucks_Diesel_Rigid >32 t_Euro II,,,-0.02,0,12,86,6.66E-06,0.001833344,0.298158376,2.154674922,0.000117036,0.021077333,0.118943224,0,1,1,1 
HDVD_52,Heavy Duty Trucks_Diesel_Rigid >32 t_Euro II,,,-0.02,0.5,12,86,3.36E-06,-0.001804997,0.334133335,2.585371313,-2.25E-05,0.021027811,0.177170566,0,1,1,1 
HDVD_52,Heavy Duty Trucks_Diesel_Rigid >32 t_Euro II,,,-0.02,1,12,86,-0.000247183,0.040999978,2.415988154,-0.455848213,0.003241992,0.149498679,0.111903828,0,1,1,1 
HDVD_52,Heavy Duty Trucks_Diesel_Rigid >32 t_Euro II,,,0,0,12,86,0.000108476,0.088878339,1.878853455,-7.796436182,0.00335585,0.157583988,-0.741122503,0,1,1,1 
HDVD_52,Heavy Duty Trucks_Diesel_Rigid >32 t_Euro II,,,0,0.5,12,86,0.000182259,0.160430084,1.347018989,-8.125289525,0.00687009,0.157327184,-0.994596304,0,1,1,1 
HDVD_52,Heavy Duty Trucks_Diesel_Rigid >32 t_Euro II,,,0,1,12,86,0.000211813,0.167750698,1.821132919,-6.660388283,0.006821936,0.202263817,-1.004945601,0,1,1,1 
HDVD_52,Heavy Duty Trucks_Diesel_Rigid >32 t_Euro II,,,0.02,0,12,86,7.43E-05,0.077700494,1.10756937,-7.052444378,0.00298493,0.091318502,-0.548332528,0,1,1,1 
HDVD_52,Heavy Duty Trucks_Diesel_Rigid >32 t_Euro II,,,0.02,0.5,12,86,1.15E-05,0.003382133,0.638539019,4.052412982,-8.56E-05,0.038174793,0.236237156,0,1,1,1 
HDVD_52,Heavy Duty Trucks_Diesel_Rigid >32 t_Euro II,,,0.02,1,12,81,0.000105167,0.034679166,0.712443459,4.632193229,0.000543994,0.072513188,0.064615013,0,1,1,1 
HDVD_52,Heavy Duty Trucks_Diesel_Rigid >32 t_Euro II,,,0.04,0,12,86,1.14E-16,-8.01E-16,4.001115875,2.21E-10,-0.001111426,0.224534707,0.029687566,0,1,1,1 
HDVD_52,Heavy Duty Trucks_Diesel_Rigid >32 t_Euro II,,,0.04,0.5,12,75,7.30E-05,0.011082864,1.356984967,6.258074645,-0.00029689,0.082119983,0.341082797,0,1,1,1 
HDVD_52,Heavy Duty Trucks_Diesel_Rigid >32 t_Euro II,,,0.04,1,12,57,0.001629871,0.302521189,3.096572184,2.991989828,0.005102761,0.394582115,-1.088242686,0,1,1,1 
HDVD_52,Heavy Duty Trucks_Diesel_Rigid >32 t_Euro II,,,0.06,0,12,83,0.000149725,0.011847674,0.457823113,4.170732341,0.000366972,0.033991449,0.138421368,0,1,1,1 
HDVD_52,Heavy Duty Trucks_Diesel_Rigid >32 t_Euro II,,,0.06,0.5,12,56,0.000294297,0.052789125,0.131049537,2.942392872,0.001044396,0.049867336,-0.115607491,0,1,1,1 
HDVD_52,Heavy Duty Trucks_Diesel_Rigid >32 t_Euro II,,,0.06,1,12,42,0.000832178,0.133094383,-0.258436906,-6.138520621,0.001782957,0.114943961,-1.11036594,0,1,1,1 
HDVD_53,Heavy Duty Trucks_Diesel_Rigid >32 t_Euro III,,,-0.06,0,12,86,-9.86E-07,-0.000661633,0.41892186,3.244999238,0.00019493,0.035981682,0.219107045,0,1,1,1 
HDVD_53,Heavy Duty Trucks_Diesel_Rigid >32 t_Euro III,,,-0.06,0.5,12,86,2.20E-15,-6.85E-13,2.332090054,-6.49E-10,0.001551439,0.201802735,-0.089175743,0,1,1,1 
HDVD_53,Heavy Duty Trucks_Diesel_Rigid >32 t_Euro III,,,-0.06,1,12,86,-1.98E-05,0.019093472,1.38373968,-3.82354842,0.00351408,0.101551818,-0.225222148,0,1,1,1 
HDVD_53,Heavy Duty Trucks_Diesel_Rigid >32 t_Euro III,,,-0.04,0,12,86,2.06E-06,-0.001523619,0.366066228,2.267570487,7.28E-05,0.025430242,0.148912009,0,1,1,1 
HDVD_53,Heavy Duty Trucks_Diesel_Rigid >32 t_Euro III,,,-0.04,0.5,12,86,2.13E-06,-0.001826407,0.475998049,3.453416729,0.000120324,0.036849905,0.243329837,0,1,1,1 
HDVD_53,Heavy Duty Trucks_Diesel_Rigid >32 t_Euro III,,,-0.04,1,12,86,1.74E-06,-0.00161687,0.448927627,3.289232266,0.000116942,0.03687649,0.246164863,0,1,1,1 
HDVD_53,Heavy Duty Trucks_Diesel_Rigid >32 t_Euro III,,,-0.02,0,12,86,1.99E-05,0.001970633,0.604308769,5.521135833,5.80E-05,0.04775671,0.250920357,0,1,1,1 
HDVD_53,Heavy Duty Trucks_Diesel_Rigid >32 t_Euro III,,,-0.02,0.5,12,86,-2.79E-06,0.001026582,0.359265098,2.502262362,0.000160037,0.025347471,0.153650576,0,1,1,1 
HDVD_53,Heavy Duty Trucks_Diesel_Rigid >32 t_Euro III,,,-0.02,1,12,86,2.29E-07,-0.000623439,0.318408267,2.365873745,4.99E-05,0.023101752,0.162614454,0,1,1,1 
HDVD_53,Heavy Duty Trucks_Diesel_Rigid >32 t_Euro III,,,0,0,12,86,0.000117656,0.132003659,1.095044036,-7.056429082,0.006105249,0.117269283,-0.783135933,0,1,1,1 
HDVD_53,Heavy Duty Trucks_Diesel_Rigid >32 t_Euro III,,,0,0.5,12,86,0.000178917,0.178147589,2.079927696,-4.602842412,0.008325418,0.220980351,-0.982054791,0,1,1,1 
HDVD_53,Heavy Duty Trucks_Diesel_Rigid >32 t_Euro III,,,0,1,12,86,8.10E-05,0.061835126,1.279568323,-4.530647687,0.002673347,0.125846025,-0.629193455,0,1,1,1 
HDVD_53,Heavy Duty Trucks_Diesel_Rigid >32 t_Euro III,,,0.02,0,12,86,0.000124452,0.133084277,1.083853613,-7.764509298,0.005887229,0.115047249,-0.801745989,0,1,1,1 
HDVD_53,Heavy Duty Trucks_Diesel_Rigid >32 t_Euro III,,,0.02,0.5,12,86,0.000413972,0.17431774,3.471113906,-8.541308127,0.005626428,0.358277964,-1.604340382,0,1,1,1 
HDVD_53,Heavy Duty Trucks_Diesel_Rigid >32 t_Euro III,,,0.02,1,12,82,0.000434173,0.11672708,1.703086435,-4.501567581,0.003250266,0.219591488,-1.084829942,0,1,1,1 
HDVD_53,Heavy Duty Trucks_Diesel_Rigid >32 t_Euro III,,,0.04,0,12,86,1.44E-05,0.003533944,0.874709012,6.486523659,-7.98E-05,0.054033907,0.354438499,0,1,1,1 
HDVD_53,Heavy Duty Trucks_Diesel_Rigid >32 t_Euro III,,,0.04,0.5,12,76,6.45E-05,0.01221811,0.378829726,6.637828865,0.000185116,0.034454116,0.311631619,0,1,1,1 
HDVD_53,Heavy Duty Trucks_Diesel_Rigid >32 t_Euro III,,,0.04,1,12,58,0.000404036,0.092012715,0.409409215,-4.854086649,0.002237777,0.109293878,-0.842156651,0,1,1,1 
HDVD_53,Heavy Duty Trucks_Diesel_Rigid >32 t_Euro III,,,0.06,0,12,84,3.09E-05,0.012380526,0.33889613,2.540845425,0.000219754,0.033401886,0.041280447,0,1,1,1 
HDVD_53,Heavy Duty Trucks_Diesel_Rigid >32 t_Euro III,,,0.06,0.5,12,57,0.000958268,0.021682525,-1.047052925,8.70490188,0.003236926,-0.084121233,0.595161175,0,1,1,1 
HDVD_53,Heavy Duty Trucks_Diesel_Rigid >32 t_Euro III,,,0.06,1,12,43,0.000821006,0.000447809,-0.350940784,2.947800579,0.001633084,-0.038294572,0.236198633,0,1,1,1 
HDVD_54,Heavy Duty Trucks_Diesel_Rigid >32 t_Euro IV,,,-0.06,0,12,86,-8.15E-06,0.002915351,2.181026154,-6.29305875,0.054958284,0.471449398,0.919748474,0,1,1,1 
HDVD_54,Heavy Duty Trucks_Diesel_Rigid >32 t_Euro IV,,,-0.06,0.5,12,86,-3.65E-06,0.001465485,2.304660018,-0.56603384,0.054795887,0.875024091,2.788660403,0,1,1,1 
HDVD_54,Heavy Duty Trucks_Diesel_Rigid >32 t_Euro IV,,,-0.06,1,12,86,-9.47E-06,0.003985125,2.343329276,-1.604357855,0.059061674,0.963957025,1.930575672,0,1,1,1 
HDVD_54,Heavy Duty Trucks_Diesel_Rigid >32 t_Euro IV,,,-0.04,0,12,86,1.02E-05,-0.004272362,0.547503624,2.787221028,0.002473345,0.331835378,1.398588463,0,1,1,1 
HDVD_54,Heavy Duty Trucks_Diesel_Rigid >32 t_Euro IV,,,-0.04,0.5,12,86,8.66E-06,-0.002942668,0.294554875,2.694277299,0.001185668,0.175289248,1.803263302,0,1,1,1 
HDVD_54,Heavy Duty Trucks_Diesel_Rigid >32 t_Euro IV,,,-0.04,1,12,86,7.88E-06,-0.002578363,0.247592556,1.981172999,0.000915232,0.140028413,1.456490925,0,1,1,1 
HDVD_54,Heavy Duty Trucks_Diesel_Rigid >32 t_Euro IV,,,-0.02,0,12,86,1.32E-05,0.002921122,0.356918194,2.987905956,0.003150016,0.250678926,0.949691382,0,1,1,1 
HDVD_54,Heavy Duty Trucks_Diesel_Rigid >32 t_Euro IV,,,-0.02,0.5,12,86,6.84E-06,-0.002761904,0.360504435,2.549294328,6.96E-05,0.181813099,1.730474278,0,1,1,1 
HDVD_54,Heavy Duty Trucks_Diesel_Rigid >32 t_Euro IV,,,-0.02,1,12,86,8.83E-06,-0.002921865,0.292459875,1.625670259,-2.97E-05,0.115623958,1.483212496,0,1,1,1 
HDVD_54,Heavy Duty Trucks_Diesel_Rigid >32 t_Euro IV,,,0,0,12,86,1.46E-05,0.002100683,0.546580894,4.544397898,-0.000499749,0.33092855,1.947271712,0,1,1,1 
HDVD_54,Heavy Duty Trucks_Diesel_Rigid >32 t_Euro IV,,,0,0.5,12,86,-2.14E-06,0.00168805,0.367688518,2.296580425,-0.000469482,0.175409487,1.472512331,0,1,1,1 
HDVD_54,Heavy Duty Trucks_Diesel_Rigid >32 t_Euro IV,,,0,1,12,86,4.21E-16,9.91E-15,1.323068153,2.32E-11,-0.002319259,0.508953204,1.902734443,0,1,1,1 
HDVD_54,Heavy Duty Trucks_Diesel_Rigid >32 t_Euro IV,,,0.02,0,12,86,6.59E-05,0.006476113,0.850763276,4.626447118,-0.001987728,0.499020671,1.90278628,0,1,1,1 
HDVD_54,Heavy Duty Trucks_Diesel_Rigid >32 t_Euro IV,,,0.02,0.5,12,86,6.32E-05,0.025452258,0.443992167,2.789571627,0.001155519,0.340200849,0.910046038,0,1,1,1 
HDVD_54,Heavy Duty Trucks_Diesel_Rigid >32 t_Euro IV,,,0.02,1,12,83,0.000274174,0.067600508,0.124190296,-2.223453398,0.007929138,0.434268359,-2.641907502,0,1,1,1 
HDVD_54,Heavy Duty Trucks_Diesel_Rigid >32 t_Euro IV,,,0.04,0,12,86,0.001934171,-0.007459004,0.158299623,-3.712795985,0.023773752,-0.21663365,-0.62531452,0,1,1,1 
HDVD_54,Heavy Duty Trucks_Diesel_Rigid >32 t_Euro IV,,,0.04,0.5,12,75,-5.86E-05,0.006337439,0.582998961,1.627485749,-0.000930216,0.139004732,1.97172267,0,1,1,1 
HDVD_54,Heavy Duty Trucks_Diesel_Rigid >32 t_Euro IV,,,0.04,1,12,60,-0.000466816,0.022198741,0.694335485,-5.891704021,-0.004805027,0.365270229,-2.050651514,0,1,1,1 
HDVD_54,Heavy Duty Trucks_Diesel_Rigid >32 t_Euro IV,,,0.06,0,12,86,1.80E-05,-0.002775354,0.07948607,2.516950988,0.000230942,-0.038712353,1.664188314,0,1,1,1 
HDVD_54,Heavy Duty Trucks_Diesel_Rigid >32 t_Euro IV,,,0.06,0.5,12,59,-0.000398583,0.012239038,1.076828466,-5.183242118,-0.004634129,0.337146007,-0.473352033,0,1,1,1 
HDVD_54,Heavy Duty Trucks_Diesel_Rigid >32 t_Euro IV,,,0.06,1,12,43,1.56E-05,-0.000877666,-0.026569523,2.121795559,0.000456524,-0.038593214,0.909868726,0,1,1,1 
HDVD_54,Heavy Duty Trucks_Diesel_Rigid >32 t_Euro IV,,,-0.06,0,12,86,-8.15E-06,0.002915351,2.181026154,-6.29305875,0.054958284,0.471449398,0.919748474,0,1,1,1 
HDVD_54,Heavy Duty Trucks_Diesel_Rigid >32 t_Euro IV,,,-0.06,0.5,12,86,-3.65E-06,0.001465485,2.304660018,-0.56603384,0.054795887,0.875024091,2.788660403,0,1,1,1 
HDVD_54,Heavy Duty Trucks_Diesel_Rigid >32 t_Euro IV,,,-0.06,1,12,86,-9.47E-06,0.003985125,2.343329276,-1.604357855,0.059061674,0.963957025,1.930575672,0,1,1,1 
HDVD_54,Heavy Duty Trucks_Diesel_Rigid >32 t_Euro IV,,,-0.04,0,12,86,1.02E-05,-0.004272362,0.547503624,2.787221028,0.002473345,0.331835378,1.398588463,0,1,1,1 
HDVD_54,Heavy Duty Trucks_Diesel_Rigid >32 t_Euro IV,,,-0.04,1,12,86,7.88E-06,-0.002578363,0.247592556,1.981172999,0.000915232,0.140028413,1.456490925,0,1,1,1 
HDVD_54,Heavy Duty Trucks_Diesel_Rigid >32 t_Euro IV,,,-0.02,0,12,86,1.32E-05,0.002921122,0.356918194,2.987905956,0.003150016,0.250678926,0.949691382,0,1,1,1 
HDVD_54,Heavy Duty Trucks_Diesel_Rigid >32 t_Euro IV,,,-0.02,1,12,86,8.83E-06,-0.002921865,0.292459875,1.625670259,-2.97E-05,0.115623958,1.483212496,0,1,1,1 
HDVD_54,Heavy Duty Trucks_Diesel_Rigid >32 t_Euro IV,,,0,0,12,86,1.46E-05,0.002100683,0.546580894,4.544397898,-0.000499749,0.33092855,1.947271712,0,1,1,1 
HDVD_54,Heavy Duty Trucks_Diesel_Rigid >32 t_Euro IV,,,0,1,12,86,4.21E-16,9.91E-15,1.323068153,2.32E-11,-0.002319259,0.508953204,1.902734443,0,1,1,1 
HDVD_54,Heavy Duty Trucks_Diesel_Rigid >32 t_Euro IV,,,0.02,0,12,86,6.59E-05,0.006476113,0.850763276,4.626447118,-0.001987728,0.499020671,1.90278628,0,1,1,1 
HDVD_54,Heavy Duty Trucks_Diesel_Rigid >32 t_Euro IV,,,0.02,1,12,83,0.000274174,0.067600508,0.124190296,-2.223453398,0.007929138,0.434268359,-2.641907502,0,1,1,1 
HDVD_54,Heavy Duty Trucks_Diesel_Rigid >32 t_Euro IV,,,0.04,0,12,86,0.001934171,-0.007459004,0.158299623,-3.712795985,0.023773752,-0.21663365,-0.62531452,0,1,1,1 
HDVD_54,Heavy Duty Trucks_Diesel_Rigid >32 t_Euro IV,,,0.04,1,12,60,-0.000466816,0.022198741,0.694335485,-5.891704021,-0.004805027,0.365270229,-2.050651514,0,1,1,1 
HDVD_54,Heavy Duty Trucks_Diesel_Rigid >32 t_Euro IV,,,0.06,0,12,86,1.80E-05,-0.002775354,0.07948607,2.516950988,0.000230942,-0.038712353,1.664188314,0,1,1,1 
HDVD_54,Heavy Duty Trucks_Diesel_Rigid >32 t_Euro IV,,,0.06,0.5,12,59,-0.000398583,0.012239038,1.076828466,-5.183242118,-0.004634129,0.337146007,-0.473352033,0,1,1,1 
HDVD_54,Heavy Duty Trucks_Diesel_Rigid >32 t_Euro IV,,,0.06,1,12,43,1.56E-05,-0.000877666,-0.026569523,2.121795559,0.000456524,-0.038593214,0.909868726,0,1,1,1 
HDVD_55,Heavy Duty Trucks_Diesel_Rigid >32 t_Euro V,SCR,,-0.06,0,5,80,-0.003617256,0.323380019,-1.399108531,1.008119534,0.348144169,-1.101175832,-0.742443208,0,1,1,1 
HDVD_55,Heavy Duty Trucks_Diesel_Rigid >32 t_Euro V,SCR,,-0.06,0.5,5,85,-0.00441591,0.400481647,-1.80062647,1.572754454,0.465330574,-1.702937568,0.053436771,0,1,1,1 
HDVD_55,Heavy Duty Trucks_Diesel_Rigid >32 t_Euro V,SCR,,-0.06,1,5,80,-0.003164311,0.283141192,-1.275371745,1.158121798,0.331253209,-1.207168501,0.112570317,0,1,1,1 
HDVD_55,Heavy Duty Trucks_Diesel_Rigid >32 t_Euro V,SCR,,-0.04,0,5,85,-0.00251293,0.279479141,-1.33676811,2.220507201,0.31603819,-1.68156913,3.654027427,0,1,1,1 
HDVD_55,Heavy Duty Trucks_Diesel_Rigid >32 t_Euro V,SCR,,-0.04,0.5,5,85,-0.003031179,0.304942964,-1.367333422,1.234133063,0.315572413,-1.1039011,2.85E-08,0,1,1,1 
HDVD_55,Heavy Duty Trucks_Diesel_Rigid >32 t_Euro V,SCR,,-0.04,1,5,85,-0.003110985,0.315540101,-1.427319123,1.3142463,0.328058271,-1.152855978,2.92E-08,0,1,1,1 
HDVD_55,Heavy Duty Trucks_Diesel_Rigid >32 t_Euro V,SCR,,-0.02,0,5,85,-0.001145357,0.359498747,-1.664042376,2.723799443,0.39979444,-1.943055793,3.921709621,0,1,1,1 
HDVD_55,Heavy Duty Trucks_Diesel_Rigid >32 t_Euro V,SCR,,-0.02,0.5,5,85,-0.001635359,0.271560251,-1.303343799,2.060314526,0.270240736,-1.292664374,2.556898863,0,1,1,1 
HDVD_55,Heavy Duty Trucks_Diesel_Rigid >32 t_Euro V,SCR,,-0.02,1,5,85,-0.002149564,0.374990875,-1.694476135,1.557518657,0.355132439,-1.200544333,-9.48E-12,0,1,1,1 
HDVD_55,Heavy Duty Trucks_Diesel_Rigid >32 t_Euro V,SCR,,0,0,5,85,0.000954424,0.111681059,-0.279675868,1.328516818,0.138259506,-0.606281813,2.957400201,0,1,1,1 
HDVD_55,Heavy Duty Trucks_Diesel_Rigid >32 t_Euro V,SCR,,0,0.5,5,85,0.002246566,0.269922421,-1.019421858,2.367017035,0.29381954,-1.259879484,3.971570673,0,1,1,1 
HDVD_55,Heavy Duty Trucks_Diesel_Rigid >32 t_Euro V,SCR,,0,1,5,85,0.003258648,0.404949006,-1.55955921,2.434109737,0.381006909,-1.297269112,2.800965842,0,1,1,1 
HDVD_55,Heavy Duty Trucks_Diesel_Rigid >32 t_Euro V,SCR,,0.02,0,5,85,0.001498021,0.07293932,0.155139267,1.375032279,0.102850036,-0.326493888,3.692163143,0,1,1,1 
HDVD_55,Heavy Duty Trucks_Diesel_Rigid >32 t_Euro V,SCR,,0.02,0.5,5,85,0.002713057,0.051358074,0.196539909,1.748023355,0.102000535,-0.519225336,4.682997543,0,1,1,1 
HDVD_55,Heavy Duty Trucks_Diesel_Rigid >32 t_Euro V,SCR,,0.02,1,5,80,0.002317121,0.018278326,0.315498502,1.291134815,0.05880986,-0.321391084,3.810564158,0,1,1,1 
HDVD_55,Heavy Duty Trucks_Diesel_Rigid >32 t_Euro V,SCR,,0.04,0,5,85,0.001286247,0.010336007,0.537384069,0.973291603,0.042833353,-0.04345872,3.466769104,0,1,1,1 
HDVD_55,Heavy Duty Trucks_Diesel_Rigid >32 t_Euro V,SCR,,0.04,0.5,5,75,0.002210255,0.000370274,0.470629299,1.096302028,0.043147377,-0.192352047,3.588025042,0,1,1,1 
HDVD_55,Heavy Duty Trucks_Diesel_Rigid >32 t_Euro V,SCR,,0.04,1,5,60,0.002205315,-0.015254485,0.902306542,1.092726435,0.027463559,-0.033011734,4.556179442,0,1,1,1 
HDVD_55,Heavy Duty Trucks_Diesel_Rigid >32 t_Euro V,SCR,,0.06,0,5,85,0.001634914,-0.002388782,0.615457143,1.01324337,0.03637035,-0.054226266,3.688054311,0,1,1,1 
HDVD_55,Heavy Duty Trucks_Diesel_Rigid >32 t_Euro V,SCR,,0.06,0.5,5,60,0.001683987,-0.012448375,0.85622798,0.778701102,0.01908501,0.087233297,3.704305587,0,1,1,1 
HDVD_55,Heavy Duty Trucks_Diesel_Rigid >32 t_Euro V,SCR,,0.06,1,5,45,0.003555868,-0.031387862,0.298679364,1.016556468,0.03366342,-0.368782366,2.83886249,0,1,1,1 
HDVD_55,Heavy Duty Trucks_Diesel_Rigid >32 t_Euro V,EGR,,-0.06,0,5,80,-0.000605692,0.048330835,0.094676546,3.173232072,0.02507589,-0.146453886,1.920973208,0,1,1,1 
HDVD_55,Heavy Duty Trucks_Diesel_Rigid >32 t_Euro V,EGR,,-0.06,0.5,5,80,-0.000517745,0.042236418,0.030106854,3.16400829,0.025487489,-0.178947578,2.047907469,0,1,1,1 
HDVD_55,Heavy Duty Trucks_Diesel_Rigid >32 t_Euro V,EGR,,-0.06,1,5,85,-0.00047091,0.039671658,0.023203817,3.239371225,0.027414922,-0.206108062,2.227741102,0,1,1,1 
HDVD_55,Heavy Duty Trucks_Diesel_Rigid >32 t_Euro V,EGR,,-0.04,0,5,85,-0.003025793,0.281732923,-1.33782619,2.361778251,0.076465854,-0.378503715,0.775199785,0,1,1,1 
HDVD_55,Heavy Duty Trucks_Diesel_Rigid >32 t_Euro V,EGR,,-0.04,0.5,5,80,-0.0053075,0.458679275,-1.794884475,1.081981863,0.128447097,-0.431926834,1.51E-13,0,1,1,1 
HDVD_55,Heavy Duty Trucks_Diesel_Rigid >32 t_Euro V,EGR,,-0.04,1,5,80,-0.005370446,0.457962575,-1.80309708,1.122059597,0.132061629,-0.443843665,2.36E-13,0,1,1,1 
HDVD_55,Heavy Duty Trucks_Diesel_Rigid >32 t_Euro V,EGR,,-0.02,0,5,85,-0.000730799,0.362258067,-1.709394138,0.648420628,0.097651029,-0.424951519,5.70E-12,0,1,1,1 
HDVD_55,Heavy Duty Trucks_Diesel_Rigid >32 t_Euro V,EGR,,-0.02,0.5,5,85,-0.002232195,0.325909584,-1.187192339,1.514643794,0.079097961,-0.236733522,0.301046717,0,1,1,1 
HDVD_55,Heavy Duty Trucks_Diesel_Rigid >32 t_Euro V,EGR,,-0.02,1,5,85,-0.002868935,0.385539707,-1.201494802,1.746671858,0.093766188,-0.222281531,0.418386122,0,1,1,1 
HDVD_55,Heavy Duty Trucks_Diesel_Rigid >32 t_Euro V,EGR,,0,0,5,85,-0.000127091,-0.006571966,1.863165449,-0.056771868,-0.004547659,0.439141145,0.253671798,0,1,1,1 
HDVD_55,Heavy Duty Trucks_Diesel_Rigid >32 t_Euro V,EGR,,0,0.5,5,85,0.002674003,0.369368442,3.0148962,-1.077751369,0.081744112,0.818647945,-4.91E-08,0,1,1,1 
HDVD_55,Heavy Duty Trucks_Diesel_Rigid >32 t_Euro V,EGR,,0,1,5,85,0.001390846,0.213710132,1.765777942,-0.455594374,0.043417516,0.509032191,9.22E-08,0,1,1,1 
HDVD_55,Heavy Duty Trucks_Diesel_Rigid >32 t_Euro V,EGR,,0.02,0,5,85,0.001469895,0.130265984,-1.098785978,1.590411288,0.032056421,-0.242923025,0.304606806,0,1,1,1 
HDVD_55,Heavy Duty Trucks_Diesel_Rigid >32 t_Euro V,EGR,,0.02,0.5,5,85,0.009589064,0.49852641,-2.069030323,1.237872428,0.129144699,-0.46909837,0.187185,0,1,1,1 
HDVD_55,Heavy Duty Trucks_Diesel_Rigid >32 t_Euro V,EGR,,0.02,1,5,80,0.006444412,0.279770929,-2.062117898,0.797757712,0.074540317,-0.451361498,-6.67E-11,0,1,1,1 
HDVD_55,Heavy Duty Trucks_Diesel_Rigid >32 t_Euro V,EGR,,0.04,0,5,85,-0.000224866,0.011165705,4.313995857,-0.518699267,-0.007091313,0.890210038,0.504427627,0,1,1,1 
HDVD_55,Heavy Duty Trucks_Diesel_Rigid >32 t_Euro V,EGR,,0.04,0.5,5,75,0.014090152,0.563379908,-3.614285264,1.527341795,0.142387347,-0.743226427,3.24E-12,0,1,1,1 
HDVD_55,Heavy Duty Trucks_Diesel_Rigid >32 t_Euro V,EGR,,0.04,1,5,60,0.002092237,0.178182233,2.09866423,-0.730112118,0.021073655,0.516712381,2.24E-10,0,1,1,1 
HDVD_55,Heavy Duty Trucks_Diesel_Rigid >32 t_Euro V,EGR,,0.06,0,5,85,0.006136143,0.255700546,-1.87358057,0.818968109,0.065062426,-0.385357898,-2.40E-09,0,1,1,1 
HDVD_55,Heavy Duty Trucks_Diesel_Rigid >32 t_Euro V,EGR,,0.06,0.5,5,60,0.000572746,0.165549089,3.307365641,-1.320884546,0.00923356,0.773877057,7.75E-08,0,1,1,1 
HDVD_55,Heavy Duty Trucks_Diesel_Rigid >32 t_Euro V,EGR,,0.06,1,5,45,0.030392446,0.730938147,-2.371689549,0.698219555,0.182877914,-0.474474503,5.37E-10,0,1,1,1 
HDVD_56,Heavy Duty Trucks_Diesel_Rigid >32 t_Euro VI,,,-0.06,0,5,70,-0.005640679,0.427382441,-1.678468319,0.826503297,0.429016868,-1.552285658,-2.09E-06,0,1,1,1 
HDVD_56,Heavy Duty Trucks_Diesel_Rigid >32 t_Euro VI,,,-0.06,0.5,5,70,-0.002951977,0.224587984,-1.055092245,1.117349255,0.25561031,-1.228890661,1.214967071,0,1,1,1 
HDVD_56,Heavy Duty Trucks_Diesel_Rigid >32 t_Euro VI,,,-0.06,1,5,85,-0.000241539,0.020389422,0.007353343,1.651619157,0.04667761,-0.354909872,3.779283755,0,1,1,1 
HDVD_56,Heavy Duty Trucks_Diesel_Rigid >32 t_Euro VI,,,-0.04,0,5,80,-0.003016253,0.257336375,-0.457308498,-1.719124552,0.213700217,0.034250288,-3.206924723,0,1,1,1 
HDVD_56,Heavy Duty Trucks_Diesel_Rigid >32 t_Euro VI,,,-0.04,0.5,5,80,-0.005764564,0.497987704,-1.948909034,1.17573925,0.46462099,-1.562251484,8.60E-10,0,1,1,1 
HDVD_56,Heavy Duty Trucks_Diesel_Rigid >32 t_Euro VI,,,-0.04,1,5,80,-0.002391696,0.208053172,-0.986863446,1.918143789,0.207260979,-1.063681312,2.537106541,0,1,1,1 
HDVD_56,Heavy Duty Trucks_Diesel_Rigid >32 t_Euro VI,,,-0.02,0,5,85,-0.001204858,0.427111453,-1.541657897,-1.251858777,0.365388711,-1.036694426,-2.396623539,0,1,1,1 
HDVD_56,Heavy Duty Trucks_Diesel_Rigid >32 t_Euro VI,,,-0.02,0.5,5,85,-0.002022828,0.295569213,-1.082715351,1.388636304,0.239211847,-0.723217156,0.928243656,0,1,1,1 
HDVD_56,Heavy Duty Trucks_Diesel_Rigid >32 t_Euro VI,,,-0.02,1,5,85,-0.002777695,0.37389857,-1.179621585,1.731527529,0.303423765,-0.738351987,1.402572196,0,1,1,1 
HDVD_56,Heavy Duty Trucks_Diesel_Rigid >32 t_Euro VI,,,0,0,5,85,-9.68E-05,-0.004999597,1.430049342,-0.045818996,-0.011578956,1.123190371,0.647501819,0,1,1,1 
HDVD_56,Heavy Duty Trucks_Diesel_Rigid >32 t_Euro VI,,,0,0.5,5,85,0.001193568,0.163897429,1.288089795,-0.464426209,0.121424338,1.166713924,1.42E-08,0,1,1,1 
HDVD_56,Heavy Duty Trucks_Diesel_Rigid >32 t_Euro VI,,,0,1,5,85,0.00107258,0.162223999,1.278033871,-0.337199426,0.110816699,1.228365092,3.96E-07,0,1,1,1 
HDVD_56,Heavy Duty Trucks_Diesel_Rigid >32 t_Euro VI,,,0.02,0,5,85,1.571889818,107.2856107,-1818.29175,7039.80812,104.2366349,-1529.804368,5685.592173,0,1,1,1 
HDVD_56,Heavy Duty Trucks_Diesel_Rigid >32 t_Euro VI,,,0.02,0.5,5,85,-0.000393837,0.015411205,2.512275521,-2.046056539,-0.020130019,1.998132352,-1.048420895,0,1,1,1 
HDVD_56,Heavy Duty Trucks_Diesel_Rigid >32 t_Euro VI,,,0.02,1,5,85,0.000557343,0.016633212,-0.33039066,1.336146394,0.020469787,-0.299271107,1.113930525,0,1,1,1 
HDVD_56,Heavy Duty Trucks_Diesel_Rigid >32 t_Euro VI,,,0.04,0,5,85,-0.000121101,0.006063433,2.355056942,-0.301054113,-0.012864425,1.619188926,0.903365437,0,1,1,1 
HDVD_56,Heavy Duty Trucks_Diesel_Rigid >32 t_Euro VI,,,0.04,0.5,5,80,-0.000401849,0.033044458,1.780499385,-0.738371331,-0.010301757,1.365406395,2.13E-12,0,1,1,1 
HDVD_56,Heavy Duty Trucks_Diesel_Rigid >32 t_Euro VI,,,0.04,1,5,60,0.001058136,0.125660078,1.965818263,-0.730080369,0.038514312,1.573341104,2.22E-10,0,1,1,1 
HDVD_56,Heavy Duty Trucks_Diesel_Rigid >32 t_Euro VI,,,0.06,0,5,85,-0.000343358,0.014712553,1.435607878,-0.65286372,-0.011786891,1.060547875,1.76E-11,0,1,1,1 
HDVD_56,Heavy Duty Trucks_Diesel_Rigid >32 t_Euro VI,,,0.06,0.5,5,60,-0.00014007,0.068576954,1.792781154,-0.736996052,0.003251688,1.37789711,2.13E-09,0,1,1,1 
HDVD_56,Heavy Duty Trucks_Diesel_Rigid >32 t_Euro VI,,,0.06,1,5,45,0.022498709,0.543444243,-1.779335408,0.549397251,0.448467454,-1.167514511,6.61E-09,0,1,1,1 
HDVD_57,Heavy Duty Trucks_Diesel_Articulated 14 - 20 t_Conventional,,,-0.06,0,12,86,-5.94E-18,1.22E-15,2.518087955,6.33E-13,0.001562875,0.053120635,0.146902276,0,1,1,1 
HDVD_57,Heavy Duty Trucks_Diesel_Articulated 14 - 20 t_Conventional,,,-0.06,0.5,12,86,-1.71E-05,0.008286741,2.558377648,-1.677467011,0.00219453,0.050540245,0.133804209,0,1,1,1 
HDVD_57,Heavy Duty Trucks_Diesel_Articulated 14 - 20 t_Conventional,,,-0.06,1,12,86,-2.01E-05,0.010103317,2.501908549,-2.21029436,0.002285075,0.052179152,0.098658111,0,1,1,1 
HDVD_57,Heavy Duty Trucks_Diesel_Articulated 14 - 20 t_Conventional,,,-0.04,0,12,86,4.36E-06,-0.00197591,0.287325868,2.331656311,2.45E-05,0.007661236,0.065667245,0,1,1,1 
HDVD_57,Heavy Duty Trucks_Diesel_Articulated 14 - 20 t_Conventional,,,-0.04,0.5,12,86,7.81E-06,-0.003054423,0.371141073,2.850960104,3.59E-05,0.00979378,0.089602224,0,1,1,1 
HDVD_57,Heavy Duty Trucks_Diesel_Articulated 14 - 20 t_Conventional,,,-0.04,1,12,86,-1.00E-05,0.004636809,2.994883671,-0.622818358,0.001971245,0.051186218,0.256342159,0,1,1,1 
HDVD_57,Heavy Duty Trucks_Diesel_Articulated 14 - 20 t_Conventional,,,-0.02,0,12,86,0.000130888,-0.002218458,0.530449656,2.636817878,0.000187243,0.008917546,0.095468503,0,1,1,1 
HDVD_57,Heavy Duty Trucks_Diesel_Articulated 14 - 20 t_Conventional,,,-0.02,0.5,12,86,0.000249618,-0.008457874,2.392102041,2.655781828,0.000549297,0.050314991,0.134295077,0,1,1,1 
HDVD_57,Heavy Duty Trucks_Diesel_Articulated 14 - 20 t_Conventional,,,-0.02,1,12,86,-1.98E-16,6.88E-14,3.05491005,-1.52E-10,0.000452622,0.080550533,-0.02041966,0,1,1,1 
HDVD_57,Heavy Duty Trucks_Diesel_Articulated 14 - 20 t_Conventional,,,0,0,12,86,0.00015454,0.123097175,2.135071127,-4.287457125,0.001795759,0.07601457,-0.258458702,0,1,1,1 
HDVD_57,Heavy Duty Trucks_Diesel_Articulated 14 - 20 t_Conventional,,,0,0.5,12,86,0.000158927,0.138853471,1.402310618,-5.017933295,0.002349677,0.061449092,-0.315772404,0,1,1,1 
HDVD_57,Heavy Duty Trucks_Diesel_Articulated 14 - 20 t_Conventional,,,0,1,12,86,0.000167103,0.15208036,1.406885924,-4.543371598,0.002734521,0.065369955,-0.34020428,0,1,1,1 
HDVD_57,Heavy Duty Trucks_Diesel_Articulated 14 - 20 t_Conventional,,,0.02,0,12,86,-0.000169514,0.084421699,2.59556629,5.853161822,0.001308039,0.056784763,0.212555882,0,1,1,1 
HDVD_57,Heavy Duty Trucks_Diesel_Articulated 14 - 20 t_Conventional,,,0.02,0.5,12,86,5.38E-05,0.102113462,2.260279999,-8.414396035,0.001863863,0.061862457,-0.253392023,0,1,1,1 
HDVD_57,Heavy Duty Trucks_Diesel_Articulated 14 - 20 t_Conventional,,,0.02,1,12,86,4.41E-05,0.053859659,1.641765926,-3.877387979,0.000939215,0.047538717,-0.153358757,0,1,1,1 
HDVD_57,Heavy Duty Trucks_Diesel_Articulated 14 - 20 t_Conventional,,,0.04,0,12,86,3.60E-07,0.004180082,0.353847626,3.085148412,7.99E-05,0.007317537,0.068601532,0,1,1,1 
HDVD_57,Heavy Duty Trucks_Diesel_Articulated 14 - 20 t_Conventional,,,0.04,0.5,12,79,2.79E-05,0.065357287,2.222857065,-4.536990394,0.001241143,0.055138406,-0.142491817,0,1,1,1 
HDVD_57,Heavy Duty Trucks_Diesel_Articulated 14 - 20 t_Conventional,,,0.04,1,12,66,-4.01E-05,0.037659301,1.643959533,5.661937158,0.000733981,0.036693716,0.157752579,0,1,1,1 
HDVD_57,Heavy Duty Trucks_Diesel_Articulated 14 - 20 t_Conventional,,,0.06,0,12,81,1.43E-05,0.056649554,2.120633034,-3.263860717,0.001107431,0.048655534,-0.100650058,0,1,1,1 
HDVD_57,Heavy Duty Trucks_Diesel_Articulated 14 - 20 t_Conventional,,,0.06,0.5,12,62,6.36E-05,0.121002031,3.626325849,-7.163792805,0.002277078,0.090823452,-0.225210432,0,1,1,1 
HDVD_57,Heavy Duty Trucks_Diesel_Articulated 14 - 20 t_Conventional,,,0.06,1,12,50,0.000435575,0.349140347,3.382502171,0.481837514,0.006376181,0.131081142,-0.407081184,0,1,1,1 
HDVD_58,Heavy Duty Trucks_Diesel_Articulated 14 - 20 t_Euro I,,,-0.06,0,12,86,1.09E-05,-0.004416835,0.563309509,4.368501332,0.000147096,0.043180888,0.386873243,0,1,1,1 
HDVD_58,Heavy Duty Trucks_Diesel_Articulated 14 - 20 t_Euro I,,,-0.06,0.5,12,86,9.43E-06,-0.004122403,0.57322744,4.632544862,0.000162065,0.048039936,0.416985966,0,1,1,1 
HDVD_58,Heavy Duty Trucks_Diesel_Articulated 14 - 20 t_Euro I,,,-0.06,1,12,86,5.37E-06,-0.002559821,0.392088779,3.344355287,0.000119228,0.035097897,0.301498933,0,1,1,1 
HDVD_58,Heavy Duty Trucks_Diesel_Articulated 14 - 20 t_Euro I,,,-0.04,0,12,86,6.65E-06,-0.002690544,0.348383253,2.521688493,4.30E-05,0.022590852,0.207947577,0,1,1,1 
HDVD_58,Heavy Duty Trucks_Diesel_Articulated 14 - 20 t_Euro I,,,-0.04,0.5,12,86,1.02E-05,-0.003869137,0.457375483,3.20223366,7.01E-05,0.029956505,0.289594441,0,1,1,1 
HDVD_58,Heavy Duty Trucks_Diesel_Articulated 14 - 20 t_Euro I,,,-0.04,1,12,86,1.19E-05,-0.004336243,0.491067798,3.340581532,7.75E-05,0.032421195,0.324461127,0,1,1,1 
HDVD_58,Heavy Duty Trucks_Diesel_Articulated 14 - 20 t_Euro I,,,-0.02,0,12,86,0.000529696,0.000269803,3.247565804,3.386642139,0.002201269,0.178866024,0.4399886,0,1,1,1 
HDVD_58,Heavy Duty Trucks_Diesel_Articulated 14 - 20 t_Euro I,,,-0.02,0.5,12,86,-3.11E-06,0.032967528,1.678912555,2.012909071,0.002544056,0.119464373,0.073095387,0,1,1,1 
HDVD_58,Heavy Duty Trucks_Diesel_Articulated 14 - 20 t_Euro I,,,-0.02,1,12,86,3.98E-06,-0.001912668,0.29298878,2.264275128,-4.09E-05,0.019162106,0.171380083,0,1,1,1 
HDVD_58,Heavy Duty Trucks_Diesel_Articulated 14 - 20 t_Euro I,,,0,0,12,86,0.000169866,0.109907856,1.962303193,-9.673929899,0.00382853,0.186387419,-0.969599797,0,1,1,1 
HDVD_58,Heavy Duty Trucks_Diesel_Articulated 14 - 20 t_Euro I,,,0,0.5,12,86,0.00025535,0.176652859,1.603708714,-8.283521825,0.006859762,0.200958609,-1.139556267,0,1,1,1 
HDVD_58,Heavy Duty Trucks_Diesel_Articulated 14 - 20 t_Euro I,,,0,1,12,86,0.00021789,0.15404016,1.369847324,-8.965335263,0.006041088,0.171913477,-1.068334569,0,1,1,1 
HDVD_58,Heavy Duty Trucks_Diesel_Articulated 14 - 20 t_Euro I,,,0.02,0,12,86,8.29E-05,0.068250993,0.731623149,-7.676910908,0.002458047,0.073043798,-0.594888608,0,1,1,1 
HDVD_58,Heavy Duty Trucks_Diesel_Articulated 14 - 20 t_Euro I,,,0.02,0.5,12,86,0.000415595,0.007646339,2.277823069,6.241611611,0.000995336,0.096515465,0.743407418,0,1,1,1 
HDVD_58,Heavy Duty Trucks_Diesel_Articulated 14 - 20 t_Euro I,,,0.02,1,12,86,-3.25E-18,2.92E-16,2.328283846,-5.80E-13,-0.000822278,0.128701168,0.183009996,0,1,1,1 
HDVD_58,Heavy Duty Trucks_Diesel_Articulated 14 - 20 t_Euro I,,,0.04,0,12,86,4.46E-18,-1.58E-16,2.456721382,3.36E-12,-0.00080117,0.138338268,0.056797839,0,1,1,1 
HDVD_58,Heavy Duty Trucks_Diesel_Articulated 14 - 20 t_Euro I,,,0.04,0.5,12,80,-3.55E-05,0.012023524,0.497608974,3.827965739,-0.000100481,0.039551569,0.160096108,0,1,1,1 
HDVD_58,Heavy Duty Trucks_Diesel_Articulated 14 - 20 t_Euro I,,,0.04,1,12,67,0.000255612,0.076387816,1.6802424,4.022832855,0.001156684,0.135652972,0.102721355,0,1,1,1 
HDVD_58,Heavy Duty Trucks_Diesel_Articulated 14 - 20 t_Euro I,,,0.06,0,12,82,5.91E-05,0.012657418,1.789219589,8.291429603,-0.000312436,0.10468627,0.469969899,0,1,1,1 
HDVD_58,Heavy Duty Trucks_Diesel_Articulated 14 - 20 t_Euro I,,,0.06,0.5,12,62,3.42E-05,0.009047629,0.904901149,5.347588796,-0.00017764,0.0473602,0.371333648,0,1,1,1 
HDVD_58,Heavy Duty Trucks_Diesel_Articulated 14 - 20 t_Euro I,,,0.06,1,12,51,0.00174668,0.201153686,1.52252203,4.45468205,0.003060384,0.245563736,-0.673921897,0,1,1,1 
HDVD_59,Heavy Duty Trucks_Diesel_Articulated 14 - 20 t_Euro II,,,-0.06,0,12,86,7.29E-06,-0.003585089,0.594945743,4.563670413,0.000103598,0.066394154,0.554980134,0,1,1,1 
HDVD_59,Heavy Duty Trucks_Diesel_Articulated 14 - 20 t_Euro II,,,-0.06,0.5,12,86,4.78E-06,-0.00251056,0.451312334,3.498959002,8.33E-05,0.053279281,0.436317032,0,1,1,1 
HDVD_59,Heavy Duty Trucks_Diesel_Articulated 14 - 20 t_Euro II,,,-0.06,1,12,86,3.18E-06,-0.001832877,0.365423815,2.870713682,7.48E-05,0.045048434,0.361441828,0,1,1,1 
HDVD_59,Heavy Duty Trucks_Diesel_Articulated 14 - 20 t_Euro II,,,-0.04,0,12,86,6.60E-06,-0.002901966,0.424681637,3.124421003,1.53E-05,0.040412462,0.361934375,0,1,1,1 
HDVD_59,Heavy Duty Trucks_Diesel_Articulated 14 - 20 t_Euro II,,,-0.04,0.5,12,86,8.73E-06,-0.003735109,0.525686297,3.831779825,3.65E-05,0.051366149,0.465489043,0,1,1,1 
HDVD_59,Heavy Duty Trucks_Diesel_Articulated 14 - 20 t_Euro II,,,-0.04,1,12,86,8.24E-06,-0.00348379,0.483367645,3.504653721,3.05E-05,0.048452351,0.443039141,0,1,1,1 
HDVD_59,Heavy Duty Trucks_Diesel_Articulated 14 - 20 t_Euro II,,,-0.02,0,12,86,1.80E-05,0.002420417,0.715674651,5.994199372,2.49E-05,0.080851705,0.473328809,0,1,1,1 
HDVD_59,Heavy Duty Trucks_Diesel_Articulated 14 - 20 t_Euro II,,,-0.02,0.5,12,86,-2.15E-06,0.006771775,0.478459338,2.430367045,0.000731219,0.048355408,0.232450876,0,1,1,1 
HDVD_59,Heavy Duty Trucks_Diesel_Articulated 14 - 20 t_Euro II,,,-0.02,1,12,86,2.20E-06,-0.001291515,0.239271909,1.899802115,-5.21E-05,0.023365834,0.197434824,0,1,1,1 
HDVD_59,Heavy Duty Trucks_Diesel_Articulated 14 - 20 t_Euro II,,,0,0,12,86,0.000139836,0.100346757,1.380677466,-4.316429418,0.005434867,0.208586497,-0.882545856,0,1,1,1 
HDVD_59,Heavy Duty Trucks_Diesel_Articulated 14 - 20 t_Euro II,,,0,0.5,12,86,0.000167386,0.122121408,1.152682658,-5.405079133,0.007166457,0.205879488,-1.132650274,0,1,1,1 
HDVD_59,Heavy Duty Trucks_Diesel_Articulated 14 - 20 t_Euro II,,,0,1,12,86,0.000170592,0.125109006,1.007928464,-6.076478595,0.007536184,0.194103266,-1.202941015,0,1,1,1 
HDVD_59,Heavy Duty Trucks_Diesel_Articulated 14 - 20 t_Euro II,,,0.02,0,12,86,3.73E-05,0.032865896,0.632369176,-4.464173323,0.001732928,0.074349907,-0.47402055,0,1,1,1 
HDVD_59,Heavy Duty Trucks_Diesel_Articulated 14 - 20 t_Euro II,,,0.02,0.5,12,86,-9.70E-07,0.001375845,0.338558264,2.218122631,-6.70E-05,0.027832925,0.225206484,0,1,1,1 
HDVD_59,Heavy Duty Trucks_Diesel_Articulated 14 - 20 t_Euro II,,,0.02,1,12,86,1.04E-15,-1.38E-14,2.639415784,2.33E-10,-0.001307321,0.22125757,0.234033268,0,1,1,1 
HDVD_59,Heavy Duty Trucks_Diesel_Articulated 14 - 20 t_Euro II,,,0.04,0,12,86,2.15E-05,-0.000520375,-0.05307943,3.386211596,0.000130106,-0.010287793,0.324792127,0,1,1,1 
HDVD_59,Heavy Duty Trucks_Diesel_Articulated 14 - 20 t_Euro II,,,0.04,0.5,12,84,1.80E-05,-0.000891917,-0.033350198,3.793373634,8.82E-05,-0.009420482,0.368865236,0,1,1,1 
HDVD_59,Heavy Duty Trucks_Diesel_Articulated 14 - 20 t_Euro II,,,0.04,1,12,72,2.04E-05,-0.001202043,-0.013274609,3.279863654,8.12E-05,-0.008626635,0.330584319,0,1,1,1 
HDVD_59,Heavy Duty Trucks_Diesel_Articulated 14 - 20 t_Euro II,,,0.06,0,12,85,2.60E-05,0.003693295,0.58245391,4.050996542,-0.000170172,0.053825266,0.284657555,0,1,1,1 
HDVD_59,Heavy Duty Trucks_Diesel_Articulated 14 - 20 t_Euro II,,,0.06,0.5,12,68,1.66E-05,0.004157795,0.447439856,2.990166072,-0.000125174,0.035087321,0.298563801,0,1,1,1 
HDVD_59,Heavy Duty Trucks_Diesel_Articulated 14 - 20 t_Euro II,,,0.06,1,12,52,0.00120135,0.210716858,0.297874154,-9.405611908,0.005859064,0.294127509,-2.379161977,0,1,1,1 
HDVD_60,Heavy Duty Trucks_Diesel_Articulated 14 - 20 t_Euro III,,,-0.06,0,12,86,-2.30E-06,-0.0007693,0.730731051,5.574060013,0.000479791,0.093877699,0.582324997,0,1,1,1 
HDVD_60,Heavy Duty Trucks_Diesel_Articulated 14 - 20 t_Euro III,,,-0.06,0.5,12,86,-5.15E-06,0.000795784,0.6871748,5.095130851,0.000636954,0.096390988,0.562471144,0,1,1,1 
HDVD_60,Heavy Duty Trucks_Diesel_Articulated 14 - 20 t_Euro III,,,-0.06,1,12,86,-1.67E-05,0.018483474,1.10034382,-4.842199789,0.004481177,0.120463145,-0.539015346,0,1,1,1 
HDVD_60,Heavy Duty Trucks_Diesel_Articulated 14 - 20 t_Euro III,,,-0.04,0,12,86,4.31E-07,-0.001071513,0.443294333,3.327555818,0.00015045,0.047931525,0.325506792,0,1,1,1 
HDVD_60,Heavy Duty Trucks_Diesel_Articulated 14 - 20 t_Euro III,,,-0.04,0.5,12,86,4.65E-07,-0.001196639,0.481209606,3.62493213,0.000189746,0.056051121,0.376752606,0,1,1,1 
HDVD_60,Heavy Duty Trucks_Diesel_Articulated 14 - 20 t_Euro III,,,-0.04,1,12,86,1.55E-06,-0.001485045,0.448991056,3.19842471,0.000133494,0.054325321,0.364919503,0,1,1,1 
HDVD_60,Heavy Duty Trucks_Diesel_Articulated 14 - 20 t_Euro III,,,-0.02,0,12,86,-1.36E-17,-9.52E-16,2.165483117,7.28E-13,-0.001181814,0.264573901,-0.527606729,0,1,1,1 
HDVD_60,Heavy Duty Trucks_Diesel_Articulated 14 - 20 t_Euro III,,,-0.02,0.5,12,86,7.56E-05,0.230934031,2.97209938,-0.404640237,0.023468572,0.4100483,-1.300483075,0,1,1,1 
HDVD_60,Heavy Duty Trucks_Diesel_Articulated 14 - 20 t_Euro III,,,-0.02,1,12,86,-4.54E-06,0.03552525,1.775636098,1.308793757,0.00448858,0.199416719,-0.082440108,0,1,1,1 
HDVD_60,Heavy Duty Trucks_Diesel_Articulated 14 - 20 t_Euro III,,,0,0,12,86,0.00011614,0.103023517,1.045041195,-5.095857486,0.006575769,0.170827805,-0.95929188,0,1,1,1 
HDVD_60,Heavy Duty Trucks_Diesel_Articulated 14 - 20 t_Euro III,,,0,0.5,12,86,8.67E-05,0.070661979,1.512134777,-5.623061828,0.004352128,0.204699357,-0.956791282,0,1,1,1 
HDVD_60,Heavy Duty Trucks_Diesel_Articulated 14 - 20 t_Euro III,,,0,1,12,86,0.000157134,0.127291062,0.964952348,-4.922107198,0.008649614,0.197707459,-1.200205669,0,1,1,1 
HDVD_60,Heavy Duty Trucks_Diesel_Articulated 14 - 20 t_Euro III,,,0.02,0,12,86,5.50E-05,0.052925185,1.199641726,-5.227636744,0.003105854,0.141399009,-0.656326082,0,1,1,1 
HDVD_60,Heavy Duty Trucks_Diesel_Articulated 14 - 20 t_Euro III,,,0.02,0.5,12,86,0.00013621,0.087035252,1.563770552,-7.101987375,0.004622297,0.225867202,-1.169216748,0,1,1,1 
HDVD_60,Heavy Duty Trucks_Diesel_Articulated 14 - 20 t_Euro III,,,0.02,1,12,86,2.76E-18,-3.34E-17,2.195877846,1.11E-12,-0.001137116,0.205136838,0.131760742,0,1,1,1 
HDVD_60,Heavy Duty Trucks_Diesel_Articulated 14 - 20 t_Euro III,,,0.04,0,12,86,5.53E-17,5.54E-15,2.465055224,-5.28E-11,-0.001012691,0.220981873,0.027607929,0,1,1,1 
HDVD_60,Heavy Duty Trucks_Diesel_Articulated 14 - 20 t_Euro III,,,0.04,0.5,12,85,1.83E-05,0.004115721,0.66937197,4.092971032,-0.000171533,0.064134437,0.367355712,0,1,1,1 
HDVD_60,Heavy Duty Trucks_Diesel_Articulated 14 - 20 t_Euro III,,,0.04,1,12,72,9.55E-06,0.004039668,0.516902671,3.175864507,-0.000138186,0.045413112,0.355719923,0,1,1,1 
HDVD_60,Heavy Duty Trucks_Diesel_Articulated 14 - 20 t_Euro III,,,0.06,0,12,86,1.93E-16,-2.68E-15,2.696926059,2.41E-10,-0.001518872,0.247310496,0.025995035,0,1,1,1 
HDVD_60,Heavy Duty Trucks_Diesel_Articulated 14 - 20 t_Euro III,,,0.06,0.5,12,69,0.001062804,0.275618819,3.651598594,0.4350751,0.008951567,0.676533106,-1.978182996,0,1,1,1 
HDVD_60,Heavy Duty Trucks_Diesel_Articulated 14 - 20 t_Euro III,,,0.06,1,12,55,0.000497308,0.118985957,0.662282349,-5.775314714,0.004259667,0.198043478,-1.265378813,0,1,1,1 
HDVD_61,Heavy Duty Trucks_Diesel_Articulated 14 - 20 t_Euro IV,,,-0.06,0,12,86,2.42E-13,-4.94E-11,0.961199932,-7.38E-08,0.028919437,0.643576696,2.102364316,0,1,1,1 
HDVD_61,Heavy Duty Trucks_Diesel_Articulated 14 - 20 t_Euro IV,,,-0.06,0.5,12,86,-5.88E-06,0.002285352,0.854641109,-2.689252937,0.034271092,0.386827928,0.668132504,0,1,1,1 
HDVD_61,Heavy Duty Trucks_Diesel_Articulated 14 - 20 t_Euro IV,,,-0.06,1,12,86,-3.39E-06,0.001227381,0.660829004,-2.164699031,0.026369263,0.284270894,0.911678952,0,1,1,1 
HDVD_61,Heavy Duty Trucks_Diesel_Articulated 14 - 20 t_Euro IV,,,-0.04,0,12,86,8.94E-06,-0.004143214,0.593532538,3.126276773,0.003551304,0.58345137,2.669672973,0,1,1,1 
HDVD_61,Heavy Duty Trucks_Diesel_Articulated 14 - 20 t_Euro IV,,,-0.04,0.5,12,86,5.35E-06,-0.002089422,0.248111658,2.370465069,0.001357594,0.253661971,2.45481172,0,1,1,1 
HDVD_61,Heavy Duty Trucks_Diesel_Articulated 14 - 20 t_Euro IV,,,-0.04,1,12,86,9.25E-06,-0.003236313,0.340223802,2.571117783,0.001575837,0.319953998,3.153696225,0,1,1,1 
HDVD_61,Heavy Duty Trucks_Diesel_Articulated 14 - 20 t_Euro IV,,,-0.02,0,12,86,1.85E-05,0.001393918,0.467215143,4.702550291,0.000941785,0.574617284,2.707851336,0,1,1,1 
HDVD_61,Heavy Duty Trucks_Diesel_Articulated 14 - 20 t_Euro IV,,,-0.02,0.5,12,86,-2.00E-05,0.023705304,1.63439908,-2.86524526,0.036318768,1.24281934,-0.851071507,0,1,1,1 
HDVD_61,Heavy Duty Trucks_Diesel_Articulated 14 - 20 t_Euro IV,,,-0.02,1,12,86,6.29E-06,-0.002177725,0.225973948,1.405234152,-0.000375296,0.157316754,1.905752022,0,1,1,1 
HDVD_61,Heavy Duty Trucks_Diesel_Articulated 14 - 20 t_Euro IV,,,0,0,12,86,8.86E-15,-1.48E-13,2.929772346,5.40E-08,-0.012891721,2.570321819,0.110402308,0,1,1,1 
HDVD_61,Heavy Duty Trucks_Diesel_Articulated 14 - 20 t_Euro IV,,,0,0.5,12,86,-2.65E-06,0.002196782,0.432570751,2.630869572,-0.000912102,0.33233658,2.836437827,0,1,1,1 
HDVD_61,Heavy Duty Trucks_Diesel_Articulated 14 - 20 t_Euro IV,,,0,1,12,86,2.85E-14,8.19E-14,1.535540387,1.60E-09,-0.00449373,0.958996732,3.915755818,0,1,1,1 
HDVD_61,Heavy Duty Trucks_Diesel_Articulated 14 - 20 t_Euro IV,,,0.02,0,12,86,-2.06E-17,1.24E-15,3.421016085,-3.76E-12,-0.018376124,2.423693846,5.325792088,0,1,1,1 
HDVD_61,Heavy Duty Trucks_Diesel_Articulated 14 - 20 t_Euro IV,,,0.02,0.5,12,86,1.90E-05,0.00546311,0.463071529,2.438035557,-0.000997975,0.289123196,3.00115853,0,1,1,1 
HDVD_61,Heavy Duty Trucks_Diesel_Articulated 14 - 20 t_Euro IV,,,0.02,1,12,86,0.000361337,0.036276195,0.727279542,1.922235607,0.009187627,0.549036817,2.976463201,0,1,1,1 
HDVD_61,Heavy Duty Trucks_Diesel_Articulated 14 - 20 t_Euro IV,,,0.04,0,12,86,4.71E-05,0.005303239,0.156197996,2.257986954,0.000430393,0.128689591,1.879586575,0,1,1,1 
HDVD_61,Heavy Duty Trucks_Diesel_Articulated 14 - 20 t_Euro IV,,,0.04,0.5,12,85,-0.000297313,0.025117948,0.180455939,-4.375624074,-0.004658165,0.478227783,-4.499994511,0,1,1,1 
HDVD_61,Heavy Duty Trucks_Diesel_Articulated 14 - 20 t_Euro IV,,,0.04,1,12,73,-2.11E-15,4.60E-14,0.916090422,-2.52E-11,-0.00137535,0.206951358,3.863349802,0,1,1,1 
HDVD_61,Heavy Duty Trucks_Diesel_Articulated 14 - 20 t_Euro IV,,,0.06,0,12,86,-0.000231852,0.020557228,0.055669924,-3.000550001,-0.003511533,0.362571258,-3.695635264,0,1,1,1 
HDVD_61,Heavy Duty Trucks_Diesel_Articulated 14 - 20 t_Euro IV,,,0.06,0.5,12,69,-0.000206394,0.007726273,0.752013671,-2.236105277,-0.003506037,0.283901969,1.255781819,0,1,1,1 
HDVD_61,Heavy Duty Trucks_Diesel_Articulated 14 - 20 t_Euro IV,,,0.06,1,12,57,-0.000280821,0.014966926,0.224253773,-2.850543147,-0.003603978,0.266444157,-1.942973066,0,1,1,1 
HDVD_61,Heavy Duty Trucks_Diesel_Articulated 14 - 20 t_Euro IV,,,-0.06,0,12,86,2.42E-13,-4.94E-11,0.961199932,-7.38E-08,0.028919437,0.643576696,2.102364316,0,1,1,1 
HDVD_61,Heavy Duty Trucks_Diesel_Articulated 14 - 20 t_Euro IV,,,-0.06,0.5,12,86,-5.88E-06,0.002285352,0.854641109,-2.689252937,0.034271092,0.386827928,0.668132504,0,1,1,1 
HDVD_61,Heavy Duty Trucks_Diesel_Articulated 14 - 20 t_Euro IV,,,-0.06,1,12,86,-3.39E-06,0.001227381,0.660829004,-2.164699031,0.026369263,0.284270894,0.911678952,0,1,1,1 
HDVD_61,Heavy Duty Trucks_Diesel_Articulated 14 - 20 t_Euro IV,,,-0.04,0,12,86,8.94E-06,-0.004143214,0.593532538,3.126276773,0.003551304,0.58345137,2.669672973,0,1,1,1 
HDVD_61,Heavy Duty Trucks_Diesel_Articulated 14 - 20 t_Euro IV,,,-0.04,1,12,86,9.25E-06,-0.003236313,0.340223802,2.571117783,0.001575837,0.319953998,3.153696225,0,1,1,1 
HDVD_61,Heavy Duty Trucks_Diesel_Articulated 14 - 20 t_Euro IV,,,-0.02,0,12,86,1.85E-05,0.001393918,0.467215143,4.702550291,0.000941785,0.574617284,2.707851336,0,1,1,1 
HDVD_61,Heavy Duty Trucks_Diesel_Articulated 14 - 20 t_Euro IV,,,-0.02,1,12,86,6.29E-06,-0.002177725,0.225973948,1.405234152,-0.000375296,0.157316754,1.905752022,0,1,1,1 
HDVD_61,Heavy Duty Trucks_Diesel_Articulated 14 - 20 t_Euro IV,,,0,0,12,86,8.86E-15,-1.48E-13,2.929772346,5.40E-08,-0.012891721,2.570321819,0.110402308,0,1,1,1 
HDVD_61,Heavy Duty Trucks_Diesel_Articulated 14 - 20 t_Euro IV,,,0,1,12,86,2.85E-14,8.19E-14,1.535540387,1.60E-09,-0.00449373,0.958996732,3.915755818,0,1,1,1 
HDVD_61,Heavy Duty Trucks_Diesel_Articulated 14 - 20 t_Euro IV,,,0.02,0,12,86,-2.06E-17,1.24E-15,3.421016085,-3.76E-12,-0.018376124,2.423693846,5.325792088,0,1,1,1 
HDVD_61,Heavy Duty Trucks_Diesel_Articulated 14 - 20 t_Euro IV,,,0.02,1,12,86,0.000361337,0.036276195,0.727279542,1.922235607,0.009187627,0.549036817,2.976463201,0,1,1,1 
HDVD_61,Heavy Duty Trucks_Diesel_Articulated 14 - 20 t_Euro IV,,,0.04,0,12,86,4.71E-05,0.005303239,0.156197996,2.257986954,0.000430393,0.128689591,1.879586575,0,1,1,1 
HDVD_61,Heavy Duty Trucks_Diesel_Articulated 14 - 20 t_Euro IV,,,0.04,1,12,73,-2.11E-15,4.60E-14,0.916090422,-2.52E-11,-0.00137535,0.206951358,3.863349802,0,1,1,1 
HDVD_61,Heavy Duty Trucks_Diesel_Articulated 14 - 20 t_Euro IV,,,0.06,0,12,86,-0.000231852,0.020557228,0.055669924,-3.000550001,-0.003511533,0.362571258,-3.695635264,0,1,1,1 
HDVD_61,Heavy Duty Trucks_Diesel_Articulated 14 - 20 t_Euro IV,,,0.06,0.5,12,69,-0.000206394,0.007726273,0.752013671,-2.236105277,-0.003506037,0.283901969,1.255781819,0,1,1,1 
HDVD_61,Heavy Duty Trucks_Diesel_Articulated 14 - 20 t_Euro IV,,,0.06,1,12,57,-0.000280821,0.014966926,0.224253773,-2.850543147,-0.003603978,0.266444157,-1.942973066,0,1,1,1 
HDVD_62,Heavy Duty Trucks_Diesel_Articulated 14 - 20 t_Euro V,SCR,,-0.06,0,5,85,-0.002797539,0.285585259,-1.220733357,0.976412376,0.588664267,-2.008287665,-4.96E-08,0,1,1,1 
HDVD_62,Heavy Duty Trucks_Diesel_Articulated 14 - 20 t_Euro V,SCR,,-0.06,0.5,5,85,-0.000866722,0.100986827,-0.531436155,1.123210119,0.256245247,-1.641423881,4.379689359,0,1,1,1 
HDVD_62,Heavy Duty Trucks_Diesel_Articulated 14 - 20 t_Euro V,SCR,,-0.06,1,5,85,-0.000885365,0.108091164,-0.578231498,1.524178633,0.298689215,-2.140331626,6.911959317,0,1,1,1 
HDVD_62,Heavy Duty Trucks_Diesel_Articulated 14 - 20 t_Euro V,SCR,,-0.04,0,5,85,-0.003672988,0.458918071,-0.424846771,-1.502053083,0.927697292,-1.046590559,1.151829583,0,1,1,1 
HDVD_62,Heavy Duty Trucks_Diesel_Articulated 14 - 20 t_Euro V,SCR,,-0.04,0.5,5,85,-0.001574895,0.196097579,-0.841677791,1.507303072,0.401206396,-1.863743337,4.679721582,0,1,1,1 
HDVD_62,Heavy Duty Trucks_Diesel_Articulated 14 - 20 t_Euro V,SCR,,-0.04,1,5,85,-0.001008833,0.122416004,-0.529343821,0.991003013,0.251851177,-1.212291864,3.263912787,0,1,1,1 
HDVD_62,Heavy Duty Trucks_Diesel_Articulated 14 - 20 t_Euro V,SCR,,-0.02,0,5,85,0.000117856,-0.02251808,1.405439204,-0.750005524,-0.020176738,2.074422334,3.298483569,0,1,1,1 
HDVD_62,Heavy Duty Trucks_Diesel_Articulated 14 - 20 t_Euro V,SCR,,-0.02,0.5,5,85,-0.001237871,0.317771162,-1.010395524,1.251950313,0.544941519,-1.321412763,2.231077059,0,1,1,1 
HDVD_62,Heavy Duty Trucks_Diesel_Articulated 14 - 20 t_Euro V,SCR,,-0.02,1,5,85,-0.00098658,0.164539126,-0.562819313,0.012024422,0.239322706,-0.165047848,-2.370356198,0,1,1,1 
HDVD_62,Heavy Duty Trucks_Diesel_Articulated 14 - 20 t_Euro V,SCR,,0,0,5,85,0.000187217,0.005972259,1.174132289,-0.590194118,0.014285376,1.614094528,2.816305372,0,1,1,1 
HDVD_62,Heavy Duty Trucks_Diesel_Articulated 14 - 20 t_Euro V,SCR,,0,0.5,5,85,0.000528383,0.033309531,0.673536328,0.055268781,0.069641664,0.728292765,3.418022631,0,1,1,1 
HDVD_62,Heavy Duty Trucks_Diesel_Articulated 14 - 20 t_Euro V,SCR,,0,1,5,85,0.000746422,0.054467782,0.38650961,0.333937291,0.100855343,0.322605258,3.341357914,0,1,1,1 
HDVD_62,Heavy Duty Trucks_Diesel_Articulated 14 - 20 t_Euro V,SCR,,0.02,0,5,85,0.004920201,0.32349582,-1.538820865,1.185165033,0.562819651,-1.952789327,-0.144451595,0,1,1,1 
HDVD_62,Heavy Duty Trucks_Diesel_Articulated 14 - 20 t_Euro V,SCR,,0.02,0.5,5,85,0.000456173,0.011579186,1.078132733,-0.258504863,0.020776553,1.209321033,3.589378621,0,1,1,1 
HDVD_62,Heavy Duty Trucks_Diesel_Articulated 14 - 20 t_Euro V,SCR,,0.02,1,5,85,-0.000166468,0.011527321,1.59885383,-0.831243363,-0.018513716,2.097677617,3.338783474,0,1,1,1 
HDVD_62,Heavy Duty Trucks_Diesel_Articulated 14 - 20 t_Euro V,SCR,,0.04,0,5,85,0.000312691,0.008634283,1.725701559,-0.893617159,0.001604867,2.133891509,3.782708272,0,1,1,1 
HDVD_62,Heavy Duty Trucks_Diesel_Articulated 14 - 20 t_Euro V,SCR,,0.04,0.5,5,85,-5.77E-05,0.011151413,0.918145335,-0.562732286,-0.008866793,1.213109882,1.59200022,0,1,1,1 
HDVD_62,Heavy Duty Trucks_Diesel_Articulated 14 - 20 t_Euro V,SCR,,0.04,1,5,70,0.0052841,0.051171327,0.524319596,0.645461011,0.158705575,-0.105484932,5.090203436,0,1,1,1 
HDVD_62,Heavy Duty Trucks_Diesel_Articulated 14 - 20 t_Euro V,SCR,,0.06,0,5,85,3.46E-05,0.009124759,1.007500239,-0.657198399,-0.007306939,1.299922149,1.678789236,0,1,1,1 
HDVD_62,Heavy Duty Trucks_Diesel_Articulated 14 - 20 t_Euro V,SCR,,0.06,0.5,5,70,0.000823288,0.033635743,2.189232814,-0.683126088,0.003424881,2.398329686,6.100691835,0,1,1,1 
HDVD_62,Heavy Duty Trucks_Diesel_Articulated 14 - 20 t_Euro V,SCR,,0.06,1,5,55,0.000183058,0.030215939,1.105910802,-0.007925633,-0.002046086,1.154878062,3.862845629,0,1,1,1 
HDVD_62,Heavy Duty Trucks_Diesel_Articulated 14 - 20 t_Euro V,EGR,,-0.06,0,5,70,-0.005961198,0.463858626,-1.882570527,1.362657984,0.224613946,-0.883302585,0.451903807,0,1,1,1 
HDVD_62,Heavy Duty Trucks_Diesel_Articulated 14 - 20 t_Euro V,EGR,,-0.06,0.5,5,80,-0.000385137,0.035004811,-0.310763593,2.333784289,0.023840561,-0.277918563,1.8209566,0,1,1,1 
HDVD_62,Heavy Duty Trucks_Diesel_Articulated 14 - 20 t_Euro V,EGR,,-0.06,1,5,80,-0.000397175,0.03695931,-0.370558255,2.674712522,0.027053981,-0.344032247,2.169942338,0,1,1,1 
HDVD_62,Heavy Duty Trucks_Diesel_Articulated 14 - 20 t_Euro V,EGR,,-0.04,0,5,85,-0.002353051,0.231187143,-1.131151997,1.979878145,0.096329875,-0.468983645,0.902083801,0,1,1,1 
HDVD_62,Heavy Duty Trucks_Diesel_Articulated 14 - 20 t_Euro V,EGR,,-0.04,0.5,5,85,-0.006435309,0.596140298,-2.212191792,1.125761389,0.265248233,-0.860696547,1.39E-10,0,1,1,1 
HDVD_62,Heavy Duty Trucks_Diesel_Articulated 14 - 20 t_Euro V,EGR,,-0.04,1,5,85,-0.004699053,0.422177736,-1.576872497,0.825774015,0.192421204,-0.626577609,-1.44E-10,0,1,1,1 
HDVD_62,Heavy Duty Trucks_Diesel_Articulated 14 - 20 t_Euro V,EGR,,-0.02,0,5,85,0.00011128,-0.028911137,2.001905881,2.400898816,-0.007967087,0.744829351,1.801519899,0,1,1,1 
HDVD_62,Heavy Duty Trucks_Diesel_Articulated 14 - 20 t_Euro V,EGR,,-0.02,0.5,5,85,2.68E-05,-0.007777868,0.755658094,1.652061326,-0.001013978,0.274952165,1.139884157,0,1,1,1 
HDVD_62,Heavy Duty Trucks_Diesel_Articulated 14 - 20 t_Euro V,EGR,,-0.02,1,5,85,-0.002984935,0.437360642,-0.555396366,1.475476092,0.158469316,0.044103857,0.415825443,0,1,1,1 
HDVD_62,Heavy Duty Trucks_Diesel_Articulated 14 - 20 t_Euro V,EGR,,0,0,5,85,0.00604585,0.591683472,-2.479032342,1.060480993,0.234327066,-0.830597398,-8.56E-09,0,1,1,1 
HDVD_62,Heavy Duty Trucks_Diesel_Articulated 14 - 20 t_Euro V,EGR,,0,0.5,5,85,0.011100541,1.021001988,-4.211909695,1.656248083,0.412207728,-1.450250127,2.91E-10,0,1,1,1 
HDVD_62,Heavy Duty Trucks_Diesel_Articulated 14 - 20 t_Euro V,EGR,,0,1,5,85,0.00801504,0.678861004,-2.845093789,1.097577423,0.276769602,-0.988782376,-3.93E-12,0,1,1,1 
HDVD_62,Heavy Duty Trucks_Diesel_Articulated 14 - 20 t_Euro V,EGR,,0.02,0,5,85,0.005510212,0.422130943,-2.439375932,1.218368487,0.158775335,-0.78532818,0.054866788,0,1,1,1 
HDVD_62,Heavy Duty Trucks_Diesel_Articulated 14 - 20 t_Euro V,EGR,,0.02,0.5,5,85,0.023555344,1.4182666,-0.040685287,0.011269166,0.515608042,0.213785368,0.104905847,0,1,1,1 
HDVD_62,Heavy Duty Trucks_Diesel_Articulated 14 - 20 t_Euro V,EGR,,0.02,1,5,85,0.015594776,0.692399609,-2.016365809,0.668121811,0.274272786,-0.653415003,1.35E-12,0,1,1,1 
HDVD_62,Heavy Duty Trucks_Diesel_Articulated 14 - 20 t_Euro V,EGR,,0.04,0,5,85,-0.000424903,0.023745448,4.620979172,0.096700021,-0.012459813,1.49281349,1.266475574,0,1,1,1 
HDVD_62,Heavy Duty Trucks_Diesel_Articulated 14 - 20 t_Euro V,EGR,,0.04,0.5,5,85,-0.000592953,0.036737344,2.270525154,-1.009546042,-0.007887895,0.816160532,2.07E-12,0,1,1,1 
HDVD_62,Heavy Duty Trucks_Diesel_Articulated 14 - 20 t_Euro V,EGR,,0.04,1,5,75,-0.000728279,0.050078974,2.175793986,-0.900752843,-0.007153352,0.789306333,-3.72E-11,0,1,1,1 
HDVD_62,Heavy Duty Trucks_Diesel_Articulated 14 - 20 t_Euro V,EGR,,0.06,0,5,85,-0.000681093,0.034773486,2.667146555,-1.35274759,-0.009819352,0.923457744,2.42E-13,0,1,1,1 
HDVD_62,Heavy Duty Trucks_Diesel_Articulated 14 - 20 t_Euro V,EGR,,0.06,0.5,5,70,-0.00075903,0.074454547,2.547532606,-1.079119039,-0.005587504,0.914869223,-3.70E-10,0,1,1,1 
HDVD_62,Heavy Duty Trucks_Diesel_Articulated 14 - 20 t_Euro V,EGR,,0.06,1,5,55,0.00030984,0.175267051,2.893964328,-0.982879321,0.013097985,1.078261652,1.11E-05,0,1,1,1 
HDVD_63,Heavy Duty Trucks_Diesel_Articulated 14 - 20 t_Euro VI,,,-0.06,0,5,70,-0.005940305,0.453961712,-1.657478576,0.705673848,0.720113504,-2.409721265,-1.30E-05,0,1,1,1 
HDVD_63,Heavy Duty Trucks_Diesel_Articulated 14 - 20 t_Euro VI,,,-0.06,0.5,5,80,-0.000572857,0.052065755,-0.462228317,3.469871074,0.118192347,-1.377766931,9.024641573,0,1,1,1 
HDVD_63,Heavy Duty Trucks_Diesel_Articulated 14 - 20 t_Euro VI,,,-0.06,1,5,65,-0.008583536,0.597890165,0.09840842,0.24123248,1.155960347,0.431575606,0.608592822,0,1,1,1 
HDVD_63,Heavy Duty Trucks_Diesel_Articulated 14 - 20 t_Euro VI,,,-0.04,0,5,85,-0.001640279,0.161157551,-0.788537049,1.380183171,0.223834209,-1.089792552,2.096176342,0,1,1,1 
HDVD_63,Heavy Duty Trucks_Diesel_Articulated 14 - 20 t_Euro VI,,,-0.04,0.5,5,85,-0.008035003,0.714696642,-0.131617845,0.152426182,1.103592926,0.460092116,0.585176584,0,1,1,1 
HDVD_63,Heavy Duty Trucks_Diesel_Articulated 14 - 20 t_Euro VI,,,-0.04,1,5,85,-0.00814702,0.701748846,-0.143784782,0.159851141,1.111214112,0.466838751,0.579923589,0,1,1,1 
HDVD_63,Heavy Duty Trucks_Diesel_Articulated 14 - 20 t_Euro VI,,,-0.02,0,5,85,8.64E-05,-0.022451402,1.554630244,1.862664424,-0.020623274,1.928074354,4.66028354,0,1,1,1 
HDVD_63,Heavy Duty Trucks_Diesel_Articulated 14 - 20 t_Euro VI,,,-0.02,0.5,5,85,-0.001225934,0.223727068,0.868460665,-0.196747956,0.282553819,1.620805042,7.89E-06,0,1,1,1 
HDVD_63,Heavy Duty Trucks_Diesel_Articulated 14 - 20 t_Euro VI,,,-0.02,1,5,85,-0.002476863,0.363405617,-0.479587985,1.269190372,0.439236793,0.088559812,1.230209327,0,1,1,1 
HDVD_63,Heavy Duty Trucks_Diesel_Articulated 14 - 20 t_Euro VI,,,0,0,5,85,0.00043671,0.078910159,1.589462533,-0.627835779,0.070628213,2.159630997,8.21E-09,0,1,1,1 
HDVD_63,Heavy Duty Trucks_Diesel_Articulated 14 - 20 t_Euro VI,,,0,0.5,5,85,0.000458635,0.074626449,1.427932686,-0.502945231,0.068652712,1.965628529,1.33E-08,0,1,1,1 
HDVD_63,Heavy Duty Trucks_Diesel_Articulated 14 - 20 t_Euro VI,,,0,1,5,85,0.000317318,0.059980841,1.122676061,-0.326734261,0.050488584,1.594889805,9.57E-09,0,1,1,1 
HDVD_63,Heavy Duty Trucks_Diesel_Articulated 14 - 20 t_Euro VI,,,0.02,0,5,85,0.000156744,0.044926775,1.316692922,-0.567722794,0.025087545,1.644336793,1.01E-07,0,1,1,1 
HDVD_63,Heavy Duty Trucks_Diesel_Articulated 14 - 20 t_Euro VI,,,0.02,0.5,5,85,0.013399934,0.809097875,-0.000486759,0.266809906,0.97927509,0.420783824,0.58985146,0,1,1,1 
HDVD_63,Heavy Duty Trucks_Diesel_Articulated 14 - 20 t_Euro VI,,,0.02,1,5,85,0.012050306,0.536859246,-1.559555368,0.519032582,0.70747061,-1.679721435,-4.96E-08,0,1,1,1 
HDVD_63,Heavy Duty Trucks_Diesel_Articulated 14 - 20 t_Euro VI,,,0.04,0,5,85,-0.000182398,0.009912999,1.9568927,0.049381772,-0.017728201,2.105914373,1.802270887,0,1,1,1 
HDVD_63,Heavy Duty Trucks_Diesel_Articulated 14 - 20 t_Euro VI,,,0.04,0.5,5,85,-0.000341712,0.021149177,1.312886441,-0.586544657,-0.015184497,1.571087081,5.84E-12,0,1,1,1 
HDVD_63,Heavy Duty Trucks_Diesel_Articulated 14 - 20 t_Euro VI,,,0.04,1,5,75,-0.000426133,0.033639813,1.388870395,-0.580344651,-0.01337211,1.677413128,2.97E-10,0,1,1,1 
HDVD_63,Heavy Duty Trucks_Diesel_Articulated 14 - 20 t_Euro VI,,,0.06,0,5,85,0.009607649,0.389384114,-2.365081533,1.164248678,0.494553773,-2.409827962,2.65E-10,0,1,1,1 
HDVD_63,Heavy Duty Trucks_Diesel_Articulated 14 - 20 t_Euro VI,,,0.06,0.5,5,70,-0.000348787,0.048785821,1.513773328,-0.642484335,-0.006508024,1.815677936,6.73E-09,0,1,1,1 
HDVD_63,Heavy Duty Trucks_Diesel_Articulated 14 - 20 t_Euro VI,,,0.06,1,5,55,0.000234023,0.071284124,1.164982161,-0.413889478,0.0200627,1.433845478,3.78E-10,0,1,1,1 
HDVD_64,Heavy Duty Trucks_Diesel_Articulated 20 - 28 t_Conventional,,,-0.06,0,12,86,6.66E-05,-0.008286446,0.993347067,2.50819115,0.000394666,0.038765145,0.230986134,0,1,1,1 
HDVD_64,Heavy Duty Trucks_Diesel_Articulated 20 - 28 t_Conventional,,,-0.06,0.5,12,86,0.00011571,-0.01174502,1.298864653,3.008559139,0.000664565,0.048273688,0.339512712,0,1,1,1 
HDVD_64,Heavy Duty Trucks_Diesel_Articulated 20 - 28 t_Conventional,,,-0.06,1,12,86,0.000131851,-0.011960868,1.272583695,2.40851396,0.000757968,0.045260019,0.342217894,0,1,1,1 
HDVD_64,Heavy Duty Trucks_Diesel_Articulated 20 - 28 t_Conventional,,,-0.04,0,12,86,5.95E-06,-0.002847225,0.451493051,3.505186744,4.34E-05,0.020347534,0.170836001,0,1,1,1 
HDVD_64,Heavy Duty Trucks_Diesel_Articulated 20 - 28 t_Conventional,,,-0.04,0.5,12,86,8.11E-05,-0.014131273,1.921595594,3.403493559,0.000515987,0.074618558,0.310637482,0,1,1,1 
HDVD_64,Heavy Duty Trucks_Diesel_Articulated 20 - 28 t_Conventional,,,-0.04,1,12,86,5.56E-05,-0.00856496,1.158938399,2.076017847,0.00036112,0.046320612,0.190628094,0,1,1,1 
HDVD_64,Heavy Duty Trucks_Diesel_Articulated 20 - 28 t_Conventional,,,-0.02,0,12,86,1.42E-05,0.002324869,0.46984965,3.832920534,0.000105019,0.02380496,0.125834015,0,1,1,1 
HDVD_64,Heavy Duty Trucks_Diesel_Articulated 20 - 28 t_Conventional,,,-0.02,0.5,12,86,1.59E-18,-8.42E-16,2.966974852,4.23E-14,0.000491509,0.137924052,-0.115249709,0,1,1,1 
HDVD_64,Heavy Duty Trucks_Diesel_Articulated 20 - 28 t_Conventional,,,-0.02,1,12,86,-6.61E-18,2.88E-15,2.079473717,-3.91E-12,0.000512043,0.097463623,-0.059447932,0,1,1,1 
HDVD_64,Heavy Duty Trucks_Diesel_Articulated 20 - 28 t_Conventional,,,0,0,12,86,0.000255737,0.207997404,2.442193234,-4.289370199,0.005661955,0.173324234,-0.729501307,0,1,1,1 
HDVD_64,Heavy Duty Trucks_Diesel_Articulated 20 - 28 t_Conventional,,,0,0.5,12,86,0.00030487,0.244767278,-0.702951964,-5.61466781,0.008260528,0.036807757,-0.745067657,0,1,1,1 
HDVD_64,Heavy Duty Trucks_Diesel_Articulated 20 - 28 t_Conventional,,,0,1,12,86,0.000128675,0.091682631,1.812363366,-6.589724049,0.002644504,0.124960604,-0.665618685,0,1,1,1 
HDVD_64,Heavy Duty Trucks_Diesel_Articulated 20 - 28 t_Conventional,,,0.02,0,12,86,-2.73E-05,0.019690675,0.760299907,2.332522045,0.000613547,0.027914999,0.111876768,0,1,1,1 
HDVD_64,Heavy Duty Trucks_Diesel_Articulated 20 - 28 t_Conventional,,,0.02,0.5,12,86,-5.27E-18,-9.69E-16,2.606255941,6.93E-13,-0.000504076,0.119670414,-0.127561777,0,1,1,1 
HDVD_64,Heavy Duty Trucks_Diesel_Articulated 20 - 28 t_Conventional,,,0.02,1,12,81,5.38E-06,0.001394357,0.33506461,2.389188699,-2.26E-05,0.01490816,0.096484976,0,1,1,1 
HDVD_64,Heavy Duty Trucks_Diesel_Articulated 20 - 28 t_Conventional,,,0.04,0,12,86,0.000266913,-0.001840806,1.420682725,3.881149278,0.000581589,0.040469684,0.202896079,0,1,1,1 
HDVD_64,Heavy Duty Trucks_Diesel_Articulated 20 - 28 t_Conventional,,,0.04,0.5,12,71,-1.23E-17,-8.34E-16,2.715754177,5.87E-12,-0.000613842,0.117809531,-0.051503104,0,1,1,1 
HDVD_64,Heavy Duty Trucks_Diesel_Articulated 20 - 28 t_Conventional,,,0.04,1,12,55,0.000436951,0.161056794,1.783741637,-8.563615478,0.00367313,0.15060896,-0.894770435,0,1,1,1 
HDVD_64,Heavy Duty Trucks_Diesel_Articulated 20 - 28 t_Conventional,,,0.06,0,12,74,0.000152168,0.086869421,1.442643114,-5.625487493,0.002198076,0.097409021,-0.59105518,0,1,1,1 
HDVD_64,Heavy Duty Trucks_Diesel_Articulated 20 - 28 t_Conventional,,,0.06,0.5,12,53,0.000419316,0.14693978,1.473142093,5.685972523,0.003162263,0.128215591,-0.247874427,0,1,1,1 
HDVD_64,Heavy Duty Trucks_Diesel_Articulated 20 - 28 t_Conventional,,,0.06,1,12,42,0.000369668,0.068206794,0.351034478,4.768249419,0.001234319,0.054300421,-0.074924283,0,1,1,1 
HDVD_65,Heavy Duty Trucks_Diesel_Articulated 20 - 28 t_Euro I,,,-0.06,0,12,86,1.42E-05,-0.006038565,0.813804401,6.514926292,0.000180074,0.052327236,0.458555295,0,1,1,1 
HDVD_65,Heavy Duty Trucks_Diesel_Articulated 20 - 28 t_Euro I,,,-0.06,0.5,12,86,4.11E-05,-0.014233437,2.368518386,-0.542863449,0.000835055,0.148095031,0.094233263,0,1,1,1 
HDVD_65,Heavy Duty Trucks_Diesel_Articulated 20 - 28 t_Euro I,,,-0.06,1,12,86,-7.74E-15,1.89E-12,2.678848636,1.78E-09,0.00289494,0.150145544,0.369506237,0,1,1,1 
HDVD_65,Heavy Duty Trucks_Diesel_Articulated 20 - 28 t_Euro I,,,-0.04,0,12,86,-0.000257245,0.026867024,1.979996744,-2.83371843,0.002347795,0.10707565,-0.105166777,0,1,1,1 
HDVD_65,Heavy Duty Trucks_Diesel_Articulated 20 - 28 t_Euro I,,,-0.04,0.5,12,86,1.86E-05,-0.007034206,0.830044018,5.8394398,0.00011102,0.044764697,0.43132832,0,1,1,1 
HDVD_65,Heavy Duty Trucks_Diesel_Articulated 20 - 28 t_Euro I,,,-0.04,1,12,86,1.57E-05,-0.005994353,0.719184731,5.103296061,9.90E-05,0.040648336,0.387331135,0,1,1,1 
HDVD_65,Heavy Duty Trucks_Diesel_Articulated 20 - 28 t_Euro I,,,-0.02,0,12,86,1.19E-17,1.38E-15,2.037811628,-1.28E-12,-0.000266902,0.127153155,-0.169977418,0,1,1,1 
HDVD_65,Heavy Duty Trucks_Diesel_Articulated 20 - 28 t_Euro I,,,-0.02,0.5,12,86,2.12E-06,-0.001265519,0.270250185,2.098423109,-1.09E-05,0.014596319,0.119170492,0,1,1,1 
HDVD_65,Heavy Duty Trucks_Diesel_Articulated 20 - 28 t_Euro I,,,-0.02,1,12,86,-0.000369335,0.058097627,3.489832956,0.498258555,0.003791971,0.182751295,0.215919158,0,1,1,1 
HDVD_65,Heavy Duty Trucks_Diesel_Articulated 20 - 28 t_Euro I,,,0,0,12,86,0.000173535,0.102449367,0.330667547,-3.852379923,0.003284389,0.065392697,-0.518453583,0,1,1,1 
HDVD_65,Heavy Duty Trucks_Diesel_Articulated 20 - 28 t_Euro I,,,0,0.5,12,86,0.000303017,0.209707806,2.27800967,-7.898502012,0.006474648,0.214155059,-1.025407598,0,1,1,1 
HDVD_65,Heavy Duty Trucks_Diesel_Articulated 20 - 28 t_Euro I,,,0,1,12,86,0.000109343,0.067840673,1.182961207,-5.698582273,0.001935665,0.095090201,-0.498685906,0,1,1,1 
HDVD_65,Heavy Duty Trucks_Diesel_Articulated 20 - 28 t_Euro I,,,0.02,0,12,86,8.85E-05,0.063245879,0.514971632,-4.482645457,0.00183111,0.048917787,-0.348974586,0,1,1,1 
HDVD_65,Heavy Duty Trucks_Diesel_Articulated 20 - 28 t_Euro I,,,0.02,0.5,12,86,5.50E-17,1.74E-15,3.592067248,2.02E-11,-0.001024114,0.165093759,0.148056981,0,1,1,1 
HDVD_65,Heavy Duty Trucks_Diesel_Articulated 20 - 28 t_Euro I,,,0.02,1,12,82,1.20E-05,0.006603623,0.851938,5.189723737,-0.000106507,0.037040868,0.311756562,0,1,1,1 
HDVD_65,Heavy Duty Trucks_Diesel_Articulated 20 - 28 t_Euro I,,,0.04,0,12,86,2.01E-05,0.003599689,0.589590051,3.965634065,-8.22E-05,0.029053673,0.165500978,0,1,1,1 
HDVD_65,Heavy Duty Trucks_Diesel_Articulated 20 - 28 t_Euro I,,,0.04,0.5,12,73,8.40E-06,0.001638876,0.196504673,3.497890463,-2.76E-05,0.007334773,0.177964113,0,1,1,1 
HDVD_65,Heavy Duty Trucks_Diesel_Articulated 20 - 28 t_Euro I,,,0.04,1,12,57,0.001659965,0.335138069,-0.211474642,2.768533823,0.006190035,0.183458143,-0.97907668,0,1,1,1 
HDVD_65,Heavy Duty Trucks_Diesel_Articulated 20 - 28 t_Euro I,,,0.06,0,12,78,6.61E-05,0.023967964,0.584271052,3.790942202,0.000241923,0.041879158,0.06890386,0,1,1,1 
HDVD_65,Heavy Duty Trucks_Diesel_Articulated 20 - 28 t_Euro I,,,0.06,0.5,12,53,0.000412244,0.118919397,1.006589933,-8.350286532,0.001982982,0.096462002,-0.561784209,0,1,1,1 
HDVD_65,Heavy Duty Trucks_Diesel_Articulated 20 - 28 t_Euro I,,,0.06,1,12,43,0.000336633,0.031469184,0.023442217,2.298877325,0.00036286,0.0217474,-0.020393834,0,1,1,1 
HDVD_66,Heavy Duty Trucks_Diesel_Articulated 20 - 28 t_Euro II,,,-0.06,0,12,86,8.42E-06,-0.004631701,0.869243875,6.85509239,0.000154095,0.081509672,0.660022093,0,1,1,1 
HDVD_66,Heavy Duty Trucks_Diesel_Articulated 20 - 28 t_Euro II,,,-0.06,0.5,12,86,5.01E-06,-0.002976661,0.611145664,4.839695737,0.000108166,0.060680129,0.484953349,0,1,1,1 
HDVD_66,Heavy Duty Trucks_Diesel_Articulated 20 - 28 t_Euro II,,,-0.06,1,12,86,3.28E-06,-0.001892163,0.381869407,2.97386436,5.32E-05,0.038883057,0.311993105,0,1,1,1 
HDVD_66,Heavy Duty Trucks_Diesel_Articulated 20 - 28 t_Euro II,,,-0.04,0,12,86,5.22E-06,-0.00221128,0.307174103,2.228359563,1.52E-05,0.023437734,0.214097886,0,1,1,1 
HDVD_66,Heavy Duty Trucks_Diesel_Articulated 20 - 28 t_Euro II,,,-0.04,0.5,12,86,4.48E-06,-0.001937348,0.276163306,2.025901534,2.09E-05,0.022225431,0.199174723,0,1,1,1 
HDVD_66,Heavy Duty Trucks_Diesel_Articulated 20 - 28 t_Euro II,,,-0.04,1,12,86,7.61E-06,-0.0035583,0.558584271,4.207937838,5.57E-05,0.047694701,0.408881711,0,1,1,1 
HDVD_66,Heavy Duty Trucks_Diesel_Articulated 20 - 28 t_Euro II,,,-0.02,0,12,86,7.51E-06,0.002832329,0.389164969,2.645089864,0.000225614,0.032673289,0.183828406,0,1,1,1 
HDVD_66,Heavy Duty Trucks_Diesel_Articulated 20 - 28 t_Euro II,,,-0.02,0.5,12,86,-1.44E-05,0.004944079,-0.215025804,3.015240982,0.000321436,-0.0156461,0.232845021,0,1,1,1 
HDVD_66,Heavy Duty Trucks_Diesel_Articulated 20 - 28 t_Euro II,,,-0.02,1,12,86,4.65E-06,-0.002091446,0.298316961,2.264304712,-4.71E-05,0.022348724,0.206161901,0,1,1,1 
HDVD_66,Heavy Duty Trucks_Diesel_Articulated 20 - 28 t_Euro II,,,0,0,12,86,0.000126526,0.089058183,1.707375372,-7.612408141,0.003858615,0.185499516,-0.924739685,0,1,1,1 
HDVD_66,Heavy Duty Trucks_Diesel_Articulated 20 - 28 t_Euro II,,,0,0.5,12,86,0.000192728,0.14824442,1.894549322,-5.32010719,0.006980361,0.238588922,-1.032630987,0,1,1,1 
HDVD_66,Heavy Duty Trucks_Diesel_Articulated 20 - 28 t_Euro II,,,0,1,12,86,0.000194403,0.142792053,1.592587467,-5.655824322,0.006726776,0.215929532,-1.040792149,0,1,1,1 
HDVD_66,Heavy Duty Trucks_Diesel_Articulated 20 - 28 t_Euro II,,,0.02,0,12,86,0.000108216,0.092239152,0.882981863,-7.894162767,0.004158528,0.107924753,-0.79900611,0,1,1,1 
HDVD_66,Heavy Duty Trucks_Diesel_Articulated 20 - 28 t_Euro II,,,0.02,0.5,12,86,1.43E-17,-3.62E-16,2.982233818,5.74E-12,-0.001149553,0.206058673,0.121088734,0,1,1,1 
HDVD_66,Heavy Duty Trucks_Diesel_Articulated 20 - 28 t_Euro II,,,0.02,1,12,84,3.94E-14,-2.09E-12,7.358111028,7.76E-09,-0.003014182,0.470835499,0.772169624,0,1,1,1 
HDVD_66,Heavy Duty Trucks_Diesel_Articulated 20 - 28 t_Euro II,,,0.04,0,12,86,-5.59E-16,2.34E-14,4.04521099,-8.59E-10,-0.001547859,0.275990458,0.034145485,0,1,1,1 
HDVD_66,Heavy Duty Trucks_Diesel_Articulated 20 - 28 t_Euro II,,,0.04,0.5,12,76,-1.63E-05,0.001893388,0.106909463,3.202761746,-5.38E-05,0.00735086,0.22219234,0,1,1,1 
HDVD_66,Heavy Duty Trucks_Diesel_Articulated 20 - 28 t_Euro II,,,0.04,1,12,60,0.002589095,0.482696521,4.845280746,3.990679766,0.009533252,0.768833874,-2.136647751,0,1,1,1 
HDVD_66,Heavy Duty Trucks_Diesel_Articulated 20 - 28 t_Euro II,,,0.06,0,12,82,2.93E-05,0.004533563,0.663036136,4.158151288,-0.000154521,0.047962867,0.249580091,0,1,1,1 
HDVD_66,Heavy Duty Trucks_Diesel_Articulated 20 - 28 t_Euro II,,,0.06,0.5,12,59,-4.31E-05,0.001933496,0.052259829,3.00955632,-8.07E-05,0.003170168,0.207809314,0,1,1,1 
HDVD_66,Heavy Duty Trucks_Diesel_Articulated 20 - 28 t_Euro II,,,0.06,1,12,45,0.000649843,0.116755886,0.336526717,-4.459377,0.002539508,0.113449546,-0.717520171,0,1,1,1 
HDVD_67,Heavy Duty Trucks_Diesel_Articulated 20 - 28 t_Euro III,,,-0.06,0,12,86,-3.62E-06,-0.000657558,0.921019141,7.010320684,0.000525375,0.097946062,0.600568121,0,1,1,1 
HDVD_67,Heavy Duty Trucks_Diesel_Articulated 20 - 28 t_Euro III,,,-0.06,0.5,12,86,-2.41E-05,0.025024833,1.613001554,-6.0071164,0.005035843,0.138774627,-0.497560402,0,1,1,1 
HDVD_67,Heavy Duty Trucks_Diesel_Articulated 20 - 28 t_Euro III,,,-0.06,1,12,86,-1.87E-05,0.022120397,1.277746117,-5.540930322,0.004310006,0.118963523,-0.521073789,0,1,1,1 
HDVD_67,Heavy Duty Trucks_Diesel_Articulated 20 - 28 t_Euro III,,,-0.04,0,12,86,1.76E-06,-0.001316096,0.32626752,4.377072491,6.81E-05,0.029249288,0.363105407,0,1,1,1 
HDVD_67,Heavy Duty Trucks_Diesel_Articulated 20 - 28 t_Euro III,,,-0.04,0.5,12,86,2.62E-06,-0.002332352,0.655919057,4.64013207,0.000165448,0.062120063,0.411910092,0,1,1,1 
HDVD_67,Heavy Duty Trucks_Diesel_Articulated 20 - 28 t_Euro III,,,-0.04,1,12,86,-5.75E-07,-0.001151312,0.648937114,4.906848376,0.00026091,0.066668796,0.438075341,0,1,1,1 
HDVD_67,Heavy Duty Trucks_Diesel_Articulated 20 - 28 t_Euro III,,,-0.02,0,12,86,0.000523506,-0.003996352,3.118594759,2.942618081,0.002723344,0.196489139,0.424713952,0,1,1,1 
HDVD_67,Heavy Duty Trucks_Diesel_Articulated 20 - 28 t_Euro III,,,-0.02,0.5,12,86,-1.04E-17,8.18E-15,2.026518373,1.39E-12,0.000298753,0.178981962,-0.151573054,0,1,1,1 
HDVD_67,Heavy Duty Trucks_Diesel_Articulated 20 - 28 t_Euro III,,,-0.02,1,12,86,4.67E-16,-3.05E-13,3.025453674,-6.06E-11,0.000725957,0.272343903,-0.16935321,0,1,1,1 
HDVD_67,Heavy Duty Trucks_Diesel_Articulated 20 - 28 t_Euro III,,,0,0,12,86,9.62E-05,0.086911504,1.962464342,-7.278491379,0.004248407,0.197254051,-0.882065657,0,1,1,1 
HDVD_67,Heavy Duty Trucks_Diesel_Articulated 20 - 28 t_Euro III,,,0,0.5,12,86,0.000108748,0.093939784,2.08332798,-7.411053442,0.004769299,0.222597006,-1.014954105,0,1,1,1 
HDVD_67,Heavy Duty Trucks_Diesel_Articulated 20 - 28 t_Euro III,,,0,1,12,86,0.000164535,0.140709841,1.871139124,-4.432769341,0.007477426,0.242972997,-1.011371402,0,1,1,1 
HDVD_67,Heavy Duty Trucks_Diesel_Articulated 20 - 28 t_Euro III,,,0.02,0,12,86,6.08E-05,0.065827623,0.977191952,-5.354509936,0.003266225,0.100720566,-0.552331314,0,1,1,1 
HDVD_67,Heavy Duty Trucks_Diesel_Articulated 20 - 28 t_Euro III,,,0.02,0.5,12,86,7.31E-06,0.002731765,0.577920028,3.616824079,-8.72E-05,0.044040045,0.276882997,0,1,1,1 
HDVD_67,Heavy Duty Trucks_Diesel_Articulated 20 - 28 t_Euro III,,,0.02,1,12,85,6.04E-06,0.002279568,0.369480498,2.976108198,-6.98E-05,0.02743414,0.250756003,0,1,1,1 
HDVD_67,Heavy Duty Trucks_Diesel_Articulated 20 - 28 t_Euro III,,,0.04,0,12,86,-3.27E-15,-2.73E-13,3.434408227,-6.67E-09,-0.001311268,0.254254699,-0.054012229,0,1,1,1 
HDVD_67,Heavy Duty Trucks_Diesel_Articulated 20 - 28 t_Euro III,,,0.04,0.5,12,78,6.90E-05,0.026622956,0.803764546,3.17155225,0.000588135,0.080782554,0.110046843,0,1,1,1 
HDVD_67,Heavy Duty Trucks_Diesel_Articulated 20 - 28 t_Euro III,,,0.04,1,12,61,0.001486266,0.413886948,0.74157363,-1.884440556,0.014159658,0.414866367,-2.203089246,0,1,1,1 
HDVD_67,Heavy Duty Trucks_Diesel_Articulated 20 - 28 t_Euro III,,,0.06,0,12,83,2.30E-05,0.005037513,0.824091942,5.146177659,-0.000166412,0.06210516,0.358799599,0,1,1,1 
HDVD_67,Heavy Duty Trucks_Diesel_Articulated 20 - 28 t_Euro III,,,0.06,0.5,12,59,0.00028874,0.067844549,0.337330017,-3.463020021,0.001934837,0.094121832,-0.670346772,0,1,1,1 
HDVD_67,Heavy Duty Trucks_Diesel_Articulated 20 - 28 t_Euro III,,,0.06,1,12,46,0.000630951,0.119803163,0.402554782,-4.880660194,0.003215937,0.142237375,-0.959009233,0,1,1,1 
HDVD_68,Heavy Duty Trucks_Diesel_Articulated 20 - 28 t_Euro IV,,,-0.06,0,12,86,-7.44E-06,0.002886502,1.102025402,-3.421655802,0.034833188,0.382114142,0.573019276,0,1,1,1 
HDVD_68,Heavy Duty Trucks_Diesel_Articulated 20 - 28 t_Euro IV,,,-0.06,0.5,12,86,-6.33E-06,0.00248799,0.871426689,-2.755781803,0.028833418,0.334356597,0.556638014,0,1,1,1 
HDVD_68,Heavy Duty Trucks_Diesel_Articulated 20 - 28 t_Euro IV,,,-0.06,1,12,86,-4.77E-06,0.001843797,0.687386895,-2.238812688,0.022746289,0.269414745,0.642937738,0,1,1,1 
HDVD_68,Heavy Duty Trucks_Diesel_Articulated 20 - 28 t_Euro IV,,,-0.04,0,12,86,1.20E-05,-0.005528336,0.786866311,4.043707638,0.003920035,0.640796678,2.8687202,0,1,1,1 
HDVD_68,Heavy Duty Trucks_Diesel_Articulated 20 - 28 t_Euro IV,,,-0.04,0.5,12,86,8.65E-06,-0.00313929,0.344292446,2.773693579,0.001368132,0.270965944,2.592628344,0,1,1,1 
HDVD_68,Heavy Duty Trucks_Diesel_Articulated 20 - 28 t_Euro IV,,,-0.04,1,12,86,1.38E-05,-0.00473589,0.485876475,3.429619274,0.001629084,0.361032547,3.684043149,0,1,1,1 
HDVD_68,Heavy Duty Trucks_Diesel_Articulated 20 - 28 t_Euro IV,,,-0.02,0,12,86,2.09E-05,0.004155758,0.579418309,4.757971059,0.004939162,0.525052326,2.283942961,0,1,1,1 
HDVD_68,Heavy Duty Trucks_Diesel_Articulated 20 - 28 t_Euro IV,,,-0.02,0.5,12,86,3.96E-06,-0.001548655,0.190101951,1.338084102,-0.000207395,0.12203347,1.237818652,0,1,1,1 
HDVD_68,Heavy Duty Trucks_Diesel_Articulated 20 - 28 t_Euro IV,,,-0.02,1,12,86,7.09E-06,-0.002320787,0.226764209,1.241960865,-0.000198715,0.112299798,1.528482334,0,1,1,1 
HDVD_68,Heavy Duty Trucks_Diesel_Articulated 20 - 28 t_Euro IV,,,0,0,12,86,-3.17E-17,3.09E-16,1.753892839,6.72E-11,-0.00650686,1.250317157,-0.114183778,0,1,1,1 
HDVD_68,Heavy Duty Trucks_Diesel_Articulated 20 - 28 t_Euro IV,,,0,0.5,12,86,-2.61E-15,-2.82E-14,2.53231596,-1.81E-10,-0.006410961,1.375258563,4.206864895,0,1,1,1 
HDVD_68,Heavy Duty Trucks_Diesel_Articulated 20 - 28 t_Euro IV,,,0,1,12,86,-2.10E-15,-5.57E-14,3.400540205,-8.86E-11,-0.006692775,1.545736279,7.306928557,0,1,1,1 
HDVD_68,Heavy Duty Trucks_Diesel_Articulated 20 - 28 t_Euro IV,,,0.02,0,12,86,5.10E-06,0.000868323,0.104137427,1.940363837,-0.000197937,0.052356944,1.414844802,0,1,1,1 
HDVD_68,Heavy Duty Trucks_Diesel_Articulated 20 - 28 t_Euro IV,,,0.02,0.5,12,86,5.27E-07,0.004654924,0.360985647,1.391683507,-0.0004785,0.153811488,1.722415527,0,1,1,1 
HDVD_68,Heavy Duty Trucks_Diesel_Articulated 20 - 28 t_Euro IV,,,0.02,1,12,85,0.000175099,0.043739383,0.031229358,-2.684463009,0.00604229,0.348848086,-2.942361257,0,1,1,1 
HDVD_68,Heavy Duty Trucks_Diesel_Articulated 20 - 28 t_Euro IV,,,0.04,0,12,86,0.000240381,0.024232609,0.415864751,3.24449091,0.003219672,0.364725761,1.78513246,0,1,1,1 
HDVD_68,Heavy Duty Trucks_Diesel_Articulated 20 - 28 t_Euro IV,,,0.04,0.5,12,80,-0.000160897,0.012210574,0.159997603,-2.396948726,-0.001974028,0.192564105,-1.553582258,0,1,1,1 
HDVD_68,Heavy Duty Trucks_Diesel_Articulated 20 - 28 t_Euro IV,,,0.04,1,12,63,-0.000434931,0.02688149,0.194522731,-5.168119414,-0.004752648,0.371222785,-3.652489752,0,1,1,1 
HDVD_68,Heavy Duty Trucks_Diesel_Articulated 20 - 28 t_Euro IV,,,0.06,0,12,84,-0.00022692,0.019936585,0.043827352,-2.687874525,-0.002489867,0.258739592,-2.586086095,0,1,1,1 
HDVD_68,Heavy Duty Trucks_Diesel_Articulated 20 - 28 t_Euro IV,,,0.06,0.5,12,60,0.001671556,-0.015985942,-0.358543931,3.989017243,0.017877333,-0.442176153,2.842884282,0,1,1,1 
HDVD_68,Heavy Duty Trucks_Diesel_Articulated 20 - 28 t_Euro IV,,,0.06,1,12,47,-0.000594727,0.021086379,0.76594534,-4.42686308,-0.006182506,0.383975106,-1.220371438,0,1,1,1 
HDVD_68,Heavy Duty Trucks_Diesel_Articulated 20 - 28 t_Euro IV,,,-0.06,0,12,86,-7.44E-06,0.002886502,1.102025402,-3.421655802,0.034833188,0.382114142,0.573019276,0,1,1,1 
HDVD_68,Heavy Duty Trucks_Diesel_Articulated 20 - 28 t_Euro IV,,,-0.06,0.5,12,86,-6.33E-06,0.00248799,0.871426689,-2.755781803,0.028833418,0.334356597,0.556638014,0,1,1,1 
HDVD_68,Heavy Duty Trucks_Diesel_Articulated 20 - 28 t_Euro IV,,,-0.06,1,12,86,-4.77E-06,0.001843797,0.687386895,-2.238812688,0.022746289,0.269414745,0.642937738,0,1,1,1 
HDVD_68,Heavy Duty Trucks_Diesel_Articulated 20 - 28 t_Euro IV,,,-0.04,0,12,86,1.20E-05,-0.005528336,0.786866311,4.043707638,0.003920035,0.640796678,2.8687202,0,1,1,1 
HDVD_68,Heavy Duty Trucks_Diesel_Articulated 20 - 28 t_Euro IV,,,-0.04,1,12,86,1.38E-05,-0.00473589,0.485876475,3.429619274,0.001629084,0.361032547,3.684043149,0,1,1,1 
HDVD_68,Heavy Duty Trucks_Diesel_Articulated 20 - 28 t_Euro IV,,,-0.02,0,12,86,2.09E-05,0.004155758,0.579418309,4.757971059,0.004939162,0.525052326,2.283942961,0,1,1,1 
HDVD_68,Heavy Duty Trucks_Diesel_Articulated 20 - 28 t_Euro IV,,,-0.02,1,12,86,7.09E-06,-0.002320787,0.226764209,1.241960865,-0.000198715,0.112299798,1.528482334,0,1,1,1 
HDVD_68,Heavy Duty Trucks_Diesel_Articulated 20 - 28 t_Euro IV,,,0,0,12,86,-3.17E-17,3.09E-16,1.753892839,6.72E-11,-0.00650686,1.250317157,-0.114183778,0,1,1,1 
HDVD_68,Heavy Duty Trucks_Diesel_Articulated 20 - 28 t_Euro IV,,,0,1,12,86,-2.10E-15,-5.57E-14,3.400540205,-8.86E-11,-0.006692775,1.545736279,7.306928557,0,1,1,1 
HDVD_68,Heavy Duty Trucks_Diesel_Articulated 20 - 28 t_Euro IV,,,0.02,0,12,86,5.10E-06,0.000868323,0.104137427,1.940363837,-0.000197937,0.052356944,1.414844802,0,1,1,1 
HDVD_68,Heavy Duty Trucks_Diesel_Articulated 20 - 28 t_Euro IV,,,0.02,1,12,85,0.000175099,0.043739383,0.031229358,-2.684463009,0.00604229,0.348848086,-2.942361257,0,1,1,1 
HDVD_68,Heavy Duty Trucks_Diesel_Articulated 20 - 28 t_Euro IV,,,0.04,0,12,86,0.000240381,0.024232609,0.415864751,3.24449091,0.003219672,0.364725761,1.78513246,0,1,1,1 
HDVD_68,Heavy Duty Trucks_Diesel_Articulated 20 - 28 t_Euro IV,,,0.04,1,12,63,-0.000434931,0.02688149,0.194522731,-5.168119414,-0.004752648,0.371222785,-3.652489752,0,1,1,1 
HDVD_68,Heavy Duty Trucks_Diesel_Articulated 20 - 28 t_Euro IV,,,0.06,0,12,84,-0.00022692,0.019936585,0.043827352,-2.687874525,-0.002489867,0.258739592,-2.586086095,0,1,1,1 
HDVD_68,Heavy Duty Trucks_Diesel_Articulated 20 - 28 t_Euro IV,,,0.06,0.5,12,60,0.001671556,-0.015985942,-0.358543931,3.989017243,0.017877333,-0.442176153,2.842884282,0,1,1,1 
HDVD_68,Heavy Duty Trucks_Diesel_Articulated 20 - 28 t_Euro IV,,,0.06,1,12,47,-0.000594727,0.021086379,0.76594534,-4.42686308,-0.006182506,0.383975106,-1.220371438,0,1,1,1 
HDVD_69,Heavy Duty Trucks_Diesel_Articulated 20 - 28 t_Euro V,SCR,,-0.06,0,5,85,-0.001033029,0.119053192,-0.585162967,1.200597199,0.233235988,-1.378243941,3.675327072,0,1,1,1 
HDVD_69,Heavy Duty Trucks_Diesel_Articulated 20 - 28 t_Euro V,SCR,,-0.06,0.5,5,85,-0.001251102,0.153072771,-0.83258884,2.026820325,0.335903311,-2.3666424,7.133084407,0,1,1,1 
HDVD_69,Heavy Duty Trucks_Diesel_Articulated 20 - 28 t_Euro V,SCR,,-0.06,1,5,85,-0.000695738,0.090893105,-0.460817674,1.573470757,0.220294318,-1.693335003,6.565812554,0,1,1,1 
HDVD_69,Heavy Duty Trucks_Diesel_Articulated 20 - 28 t_Euro V,SCR,,-0.04,0,5,85,-0.001335905,0.16634488,-0.654235899,1.209420797,0.269798574,-1.14521661,3.153498841,0,1,1,1 
HDVD_69,Heavy Duty Trucks_Diesel_Articulated 20 - 28 t_Euro V,SCR,,-0.04,0.5,5,85,-0.001349559,0.164092507,-0.699483802,1.218225723,0.27208363,-1.25023186,3.103257707,0,1,1,1 
HDVD_69,Heavy Duty Trucks_Diesel_Articulated 20 - 28 t_Euro V,SCR,,-0.04,1,5,85,-0.003039151,0.352637792,-1.548795393,1.372893327,0.541729487,-1.808135183,-4.13E-07,0,1,1,1 
HDVD_69,Heavy Duty Trucks_Diesel_Articulated 20 - 28 t_Euro V,SCR,,-0.02,0,5,85,0.000127727,-0.02590294,1.506799775,-0.746080459,-0.018285594,1.775649201,3.213590055,0,1,1,1 
HDVD_69,Heavy Duty Trucks_Diesel_Articulated 20 - 28 t_Euro V,SCR,,-0.02,0.5,5,85,-0.001453397,0.301117815,-1.210455668,1.85324887,0.40825546,-1.431176039,3.042597206,0,1,1,1 
HDVD_69,Heavy Duty Trucks_Diesel_Articulated 20 - 28 t_Euro V,SCR,,-0.02,1,5,85,-0.0028158,0.738141569,-0.582350778,-0.04054678,1.031932935,0.454419367,0.662614744,0,1,1,1 
HDVD_69,Heavy Duty Trucks_Diesel_Articulated 20 - 28 t_Euro V,SCR,,0,0,5,85,0.002407833,0.341361903,-1.778989644,1.158253173,0.45692044,-1.623673667,-1.461344949,0,1,1,1 
HDVD_69,Heavy Duty Trucks_Diesel_Articulated 20 - 28 t_Euro V,SCR,,0,0.5,5,85,0.000908028,0.065561301,0.774581583,0.242336621,0.102120796,0.602989377,4.03017544,0,1,1,1 
HDVD_69,Heavy Duty Trucks_Diesel_Articulated 20 - 28 t_Euro V,SCR,,0,1,5,85,0.001035296,0.092210306,0.247639819,0.367799325,0.118166113,0.207975018,2.462566417,0,1,1,1 
HDVD_69,Heavy Duty Trucks_Diesel_Articulated 20 - 28 t_Euro V,SCR,,0.02,0,5,85,6.42E-05,0.006881657,1.513824594,-1.089423876,-0.003820606,1.698833404,1.746225509,0,1,1,1 
HDVD_69,Heavy Duty Trucks_Diesel_Articulated 20 - 28 t_Euro V,SCR,,0.02,0.5,5,85,0.000806913,0.019571905,1.532959147,-0.369674988,0.026901647,1.3161736,4.274701731,0,1,1,1 
HDVD_69,Heavy Duty Trucks_Diesel_Articulated 20 - 28 t_Euro V,SCR,,0.02,1,5,85,-0.000168394,0.011745792,1.076902545,-0.52839097,-0.010252975,1.085067603,2.010181678,0,1,1,1 
HDVD_69,Heavy Duty Trucks_Diesel_Articulated 20 - 28 t_Euro V,SCR,,0.04,0,5,85,0.000317695,0.008399147,1.112429224,-0.659056124,0.005110051,1.08779006,1.842305317,0,1,1,1 
HDVD_69,Heavy Duty Trucks_Diesel_Articulated 20 - 28 t_Euro V,SCR,,0.04,0.5,5,80,0.000249618,0.017547351,1.17575924,-0.570868568,-0.00033193,1.104944278,2.26560717,0,1,1,1 
HDVD_69,Heavy Duty Trucks_Diesel_Articulated 20 - 28 t_Euro V,SCR,,0.04,1,5,60,0.007032304,0.081443756,0.605823022,0.652943169,0.145987575,0.065314939,4.307137349,0,1,1,1 
HDVD_69,Heavy Duty Trucks_Diesel_Articulated 20 - 28 t_Euro V,SCR,,0.06,0,5,85,-3.74E-05,0.015944147,1.294928121,-0.951782383,-0.009351297,1.373594805,1.492472334,0,1,1,1 
HDVD_69,Heavy Duty Trucks_Diesel_Articulated 20 - 28 t_Euro V,SCR,,0.06,0.5,5,60,0.017831548,0.175657939,-0.402208601,1.198510456,0.370013262,-1.084569547,3.424133937,0,1,1,1 
HDVD_69,Heavy Duty Trucks_Diesel_Articulated 20 - 28 t_Euro V,SCR,,0.06,1,5,45,0.003170345,0.00048727,1.034428066,0.977331172,0.035809372,0.189746532,5.691177347,0,1,1,1 
HDVD_69,Heavy Duty Trucks_Diesel_Articulated 20 - 28 t_Euro V,EGR,,-0.06,0,5,80,-0.000514874,0.045509929,-0.321549998,2.324756451,0.023692784,-0.232218187,1.484638565,0,1,1,1 
HDVD_69,Heavy Duty Trucks_Diesel_Articulated 20 - 28 t_Euro V,EGR,,-0.06,0.5,5,70,-0.004221137,0.31717513,-1.41263922,1.359372735,0.141006476,-0.632068943,0.545659716,0,1,1,1 
HDVD_69,Heavy Duty Trucks_Diesel_Articulated 20 - 28 t_Euro V,EGR,,-0.06,1,5,80,-0.000394312,0.03652808,-0.294316533,2.778540605,0.025230819,-0.289691629,2.048012066,0,1,1,1 
HDVD_69,Heavy Duty Trucks_Diesel_Articulated 20 - 28 t_Euro V,EGR,,-0.04,0,5,85,-0.002390483,0.224226804,-0.882714569,2.59929248,0.079902624,-0.332869821,1.272062683,0,1,1,1 
HDVD_69,Heavy Duty Trucks_Diesel_Articulated 20 - 28 t_Euro V,EGR,,-0.04,0.5,5,80,-0.008690801,0.756575376,-2.382221232,-0.074659884,0.270932411,-0.600755429,-0.988579464,0,1,1,1 
HDVD_69,Heavy Duty Trucks_Diesel_Articulated 20 - 28 t_Euro V,EGR,,-0.04,1,5,85,-0.002557797,0.230891302,-1.159319165,3.055013012,0.090298598,-0.509594956,1.636926892,0,1,1,1 
HDVD_69,Heavy Duty Trucks_Diesel_Articulated 20 - 28 t_Euro V,EGR,,-0.02,0,5,85,8.89E-05,-0.021880248,1.313486678,1.870280105,-0.004382911,0.388739853,1.208899482,0,1,1,1 
HDVD_69,Heavy Duty Trucks_Diesel_Articulated 20 - 28 t_Euro V,EGR,,-0.02,0.5,5,85,-0.002855384,0.439782388,-1.329839424,2.021942284,0.132653726,-0.26851129,0.500002251,0,1,1,1 
HDVD_69,Heavy Duty Trucks_Diesel_Articulated 20 - 28 t_Euro V,EGR,,-0.02,1,5,85,-0.005487273,0.744972001,-1.471384992,-2.952047615,0.215181472,0.07075447,-2.536114549,0,1,1,1 
HDVD_69,Heavy Duty Trucks_Diesel_Articulated 20 - 28 t_Euro V,EGR,,0,0,5,85,0.000392377,0.025415552,-0.634310141,3.551841337,0.01125858,-0.229960383,1.216833201,0,1,1,1 
HDVD_69,Heavy Duty Trucks_Diesel_Articulated 20 - 28 t_Euro V,EGR,,0,0.5,5,85,0.00073122,0.121259984,1.795578248,-0.635003483,0.027667095,0.626335909,2.89E-10,0,1,1,1 
HDVD_69,Heavy Duty Trucks_Diesel_Articulated 20 - 28 t_Euro V,EGR,,0,1,5,85,0.000744298,0.145703473,2.08515198,-0.600613342,0.030282755,0.751307037,5.63E-09,0,1,1,1 
HDVD_69,Heavy Duty Trucks_Diesel_Articulated 20 - 28 t_Euro V,EGR,,0.02,0,5,85,0.010381803,0.796801041,-3.549517454,1.727893755,0.237032231,-0.871528409,-3.08E-12,0,1,1,1 
HDVD_69,Heavy Duty Trucks_Diesel_Articulated 20 - 28 t_Euro V,EGR,,0.02,0.5,5,85,0.008895981,0.432564649,-3.231522305,1.468838255,0.143059098,-0.878453912,2.56E-11,0,1,1,1 
HDVD_69,Heavy Duty Trucks_Diesel_Articulated 20 - 28 t_Euro V,EGR,,0.02,1,5,85,-0.000170167,0.094232329,3.453267905,-1.395936411,0.000397487,1.062785643,7.57E-09,0,1,1,1 
HDVD_69,Heavy Duty Trucks_Diesel_Articulated 20 - 28 t_Euro V,EGR,,0.04,0,5,85,0.014715626,0.651544467,-4.747850035,2.249420008,0.212781993,-1.25495716,4.38E-10,0,1,1,1 
HDVD_69,Heavy Duty Trucks_Diesel_Articulated 20 - 28 t_Euro V,EGR,,0.04,0.5,5,80,-0.000687382,0.056937375,2.519608736,-1.170907102,-0.005642795,0.736813779,1.57E-12,0,1,1,1 
HDVD_69,Heavy Duty Trucks_Diesel_Articulated 20 - 28 t_Euro V,EGR,,0.04,1,5,65,-0.000864538,0.069702557,2.480335773,-1.067509446,-0.005406415,0.722059874,-1.00E-10,0,1,1,1 
HDVD_69,Heavy Duty Trucks_Diesel_Articulated 20 - 28 t_Euro V,EGR,,0.06,0,5,85,0.01443371,0.581936387,-3.42294312,1.200691501,0.173559734,-0.790032606,-0.267723636,0,1,1,1 
HDVD_69,Heavy Duty Trucks_Diesel_Articulated 20 - 28 t_Euro V,EGR,,0.06,0.5,5,60,-0.001090416,0.067349324,2.551443517,-1.185508495,-0.007084472,0.724897362,-4.40E-11,0,1,1,1 
HDVD_69,Heavy Duty Trucks_Diesel_Articulated 20 - 28 t_Euro V,EGR,,0.06,1,5,45,-0.000574462,0.007597984,1.068669786,1.714046589,-0.004780049,0.227812779,0.781966982,0,1,1,1 
HDVD_70,Heavy Duty Trucks_Diesel_Articulated 20 - 28 t_Euro VI,,,-0.06,0,5,70,-0.004584665,0.347263031,-1.290588274,0.590006214,0.465098632,-1.572858093,-1.29E-08,0,1,1,1 
HDVD_70,Heavy Duty Trucks_Diesel_Articulated 20 - 28 t_Euro VI,,,-0.06,0.5,5,70,-0.009541664,0.670231628,0.127191682,0.234502647,1.061470391,0.431154354,0.681431001,0,1,1,1 
HDVD_70,Heavy Duty Trucks_Diesel_Articulated 20 - 28 t_Euro VI,,,-0.06,1,5,65,-0.009433124,0.657585883,0.155163662,0.232299988,1.095687124,0.42452773,0.630910649,0,1,1,1 
HDVD_70,Heavy Duty Trucks_Diesel_Articulated 20 - 28 t_Euro VI,,,-0.04,0,5,85,-0.008650315,0.805795908,-0.138653404,0.171598341,0.99983727,0.448760585,0.617573816,0,1,1,1 
HDVD_70,Heavy Duty Trucks_Diesel_Articulated 20 - 28 t_Euro VI,,,-0.04,0.5,5,85,-0.008882264,0.772905443,-0.143424007,0.23209276,1.00184155,0.470646605,0.607826889,0,1,1,1 
HDVD_70,Heavy Duty Trucks_Diesel_Articulated 20 - 28 t_Euro VI,,,-0.04,1,5,85,-0.001701127,0.15363073,-0.775008083,2.051284552,0.200350519,-1.138148039,3.668681852,0,1,1,1 
HDVD_70,Heavy Duty Trucks_Diesel_Articulated 20 - 28 t_Euro VI,,,-0.02,0,5,85,8.91E-05,-0.02192707,1.316377839,1.871206271,-0.014642204,1.298727702,4.033751775,0,1,1,1 
HDVD_70,Heavy Duty Trucks_Diesel_Articulated 20 - 28 t_Euro VI,,,-0.02,0.5,5,85,-0.001940901,0.300217753,-0.9292417,1.421717127,0.302547707,-0.646981399,1.204867479,0,1,1,1 
HDVD_70,Heavy Duty Trucks_Diesel_Articulated 20 - 28 t_Euro VI,,,-0.02,1,5,85,-0.002356737,0.324682241,-0.575948125,1.181799776,0.322691248,-0.119470084,1.193416473,0,1,1,1 
HDVD_70,Heavy Duty Trucks_Diesel_Articulated 20 - 28 t_Euro VI,,,0,0,5,85,0.000736245,0.1169614,1.745604698,-0.728397672,0.093400853,1.977530858,5.79E-09,0,1,1,1 
HDVD_70,Heavy Duty Trucks_Diesel_Articulated 20 - 28 t_Euro VI,,,0,0.5,5,85,0.000498969,0.082832499,1.270350591,-0.458918391,0.062733157,1.468612186,1.84E-09,0,1,1,1 
HDVD_70,Heavy Duty Trucks_Diesel_Articulated 20 - 28 t_Euro VI,,,0,1,5,85,0.000549855,0.106295124,1.520968351,-0.4481489,0.073999734,1.820479491,4.94E-08,0,1,1,1 
HDVD_70,Heavy Duty Trucks_Diesel_Articulated 20 - 28 t_Euro VI,,,0.02,0,5,85,0.000249657,0.05410238,1.531910379,-0.724816216,0.026250635,1.537330957,1.32E-08,0,1,1,1 
HDVD_70,Heavy Duty Trucks_Diesel_Articulated 20 - 28 t_Euro VI,,,0.02,0.5,5,85,0.014162192,0.716166001,-2.201824998,0.860881155,0.745916646,-1.842808208,-1.83E-09,0,1,1,1 
HDVD_70,Heavy Duty Trucks_Diesel_Articulated 20 - 28 t_Euro VI,,,0.02,1,5,85,-0.000167894,0.067121698,2.58672337,-1.06510773,-0.001334601,2.639641106,4.75E-08,0,1,1,1 
HDVD_70,Heavy Duty Trucks_Diesel_Articulated 20 - 28 t_Euro VI,,,0.04,0,5,85,-0.000247968,0.023083958,2.596599801,-1.453337135,-0.017485741,2.387658489,8.26E-12,0,1,1,1 
HDVD_70,Heavy Duty Trucks_Diesel_Articulated 20 - 28 t_Euro VI,,,0.04,0.5,5,80,-0.000395443,0.034816793,1.509827095,-0.704451304,-0.010624648,1.470772722,6.24E-12,0,1,1,1 
HDVD_70,Heavy Duty Trucks_Diesel_Articulated 20 - 28 t_Euro VI,,,0.04,1,5,65,-0.000469866,0.04287339,1.488532421,-0.652312056,-0.009476021,1.438578559,9.53E-11,0,1,1,1 
HDVD_70,Heavy Duty Trucks_Diesel_Articulated 20 - 28 t_Euro VI,,,0.06,0,5,85,-0.000389056,0.025452523,1.470169643,-0.771032395,-0.0128924,1.382219507,2.33E-13,0,1,1,1 
HDVD_70,Heavy Duty Trucks_Diesel_Articulated 20 - 28 t_Euro VI,,,0.06,0.5,5,65,-0.000601525,0.046398185,1.632547307,-0.765785469,-0.012155543,1.544543013,4.67E-11,0,1,1,1 
HDVD_70,Heavy Duty Trucks_Diesel_Articulated 20 - 28 t_Euro VI,,,0.06,1,5,50,0.004999326,0.18114064,-0.095471871,-1.513446494,0.135521203,0.262206835,-2.048278828,0,1,1,1 
HDVD_71,Heavy Duty Trucks_Diesel_Articulated 28 - 34 t_Conventional,,,-0.06,0,12,86,6.32E-05,-0.0078152,0.955138552,2.45602802,0.000380945,0.038103603,0.219140949,0,1,1,1 
HDVD_71,Heavy Duty Trucks_Diesel_Articulated 28 - 34 t_Conventional,,,-0.06,0.5,12,86,0.000111899,-0.010860534,1.15777379,2.534275731,0.000634662,0.041435035,0.315561791,0,1,1,1 
HDVD_71,Heavy Duty Trucks_Diesel_Articulated 28 - 34 t_Conventional,,,-0.06,1,12,86,0.000152605,-0.013358859,1.463555166,2.344898361,0.000900817,0.053221769,0.366928798,0,1,1,1 
HDVD_71,Heavy Duty Trucks_Diesel_Articulated 28 - 34 t_Conventional,,,-0.04,0,12,86,-7.82E-16,2.05E-13,2.64547382,1.96E-10,0.001492445,0.099304664,0.176639093,0,1,1,1 
HDVD_71,Heavy Duty Trucks_Diesel_Articulated 28 - 34 t_Conventional,,,-0.04,0.5,12,86,5.12E-05,-0.008454834,1.141577867,1.936099363,0.000328841,0.044490282,0.18286977,0,1,1,1 
HDVD_71,Heavy Duty Trucks_Diesel_Articulated 28 - 34 t_Conventional,,,-0.04,1,12,86,5.15E-05,-0.007886749,1.100882997,1.975523971,0.000345863,0.045505082,0.176072382,0,1,1,1 
HDVD_71,Heavy Duty Trucks_Diesel_Articulated 28 - 34 t_Conventional,,,-0.02,0,12,86,9.84E-06,0.002609498,0.356286122,2.61641947,0.000137911,0.017469684,0.088568144,0,1,1,1 
HDVD_71,Heavy Duty Trucks_Diesel_Articulated 28 - 34 t_Conventional,,,-0.02,0.5,12,86,1.02E-17,-4.27E-15,1.833331104,2.66E-12,0.000386088,0.084188247,-0.054904066,0,1,1,1 
HDVD_71,Heavy Duty Trucks_Diesel_Articulated 28 - 34 t_Conventional,,,-0.02,1,12,86,7.98E-16,-3.39E-13,1.987264378,1.13E-10,0.000490408,0.096782638,-0.087779354,0,1,1,1 
HDVD_71,Heavy Duty Trucks_Diesel_Articulated 28 - 34 t_Conventional,,,0,0,12,86,0.000276918,0.2273343,2.592120633,-4.367448678,0.006291148,0.187199663,-0.79681328,0,1,1,1 
HDVD_71,Heavy Duty Trucks_Diesel_Articulated 28 - 34 t_Conventional,,,0,0.5,12,86,0.000114191,0.089370111,1.881667012,-6.372221473,0.00257424,0.120168384,-0.609348699,0,1,1,1 
HDVD_71,Heavy Duty Trucks_Diesel_Articulated 28 - 34 t_Conventional,,,0,1,12,86,0.000121607,0.085907244,1.686765229,-6.273929472,0.002479149,0.117773616,-0.61665439,0,1,1,1 
HDVD_71,Heavy Duty Trucks_Diesel_Articulated 28 - 34 t_Conventional,,,0.02,0,12,86,-1.05E-05,0.012126431,0.606163947,2.344678107,0.000389867,0.022219366,0.106248009,0,1,1,1 
HDVD_71,Heavy Duty Trucks_Diesel_Articulated 28 - 34 t_Conventional,,,0.02,0.5,12,86,1.82E-17,-5.23E-15,3.208479309,-1.13E-11,-0.000673152,0.147832806,-0.132876172,0,1,1,1 
HDVD_71,Heavy Duty Trucks_Diesel_Articulated 28 - 34 t_Conventional,,,0.02,1,12,74,0.00013473,0.074312919,1.189381499,-5.229316053,0.001830242,0.084057852,-0.433281803,0,1,1,1 
HDVD_71,Heavy Duty Trucks_Diesel_Articulated 28 - 34 t_Conventional,,,0.04,0,12,86,0.000316355,-6.74E-05,1.64117455,2.712740376,0.000694832,0.049318426,0.155362146,0,1,1,1 
HDVD_71,Heavy Duty Trucks_Diesel_Articulated 28 - 34 t_Conventional,,,0.04,0.5,12,65,0.00025925,0.139514418,2.189862357,-8.782564783,0.0033652,0.143876246,-0.707503163,0,1,1,1 
HDVD_71,Heavy Duty Trucks_Diesel_Articulated 28 - 34 t_Conventional,,,0.04,1,12,51,0.000734053,0.16570117,2.103294356,-4.338617407,0.003356769,0.174890931,-0.769012001,0,1,1,1 
HDVD_71,Heavy Duty Trucks_Diesel_Articulated 28 - 34 t_Conventional,,,0.06,0,12,73,3.09E-05,0.003082733,0.760597422,6.402029275,-6.56E-05,0.035612524,0.179025253,0,1,1,1 
HDVD_71,Heavy Duty Trucks_Diesel_Articulated 28 - 34 t_Conventional,,,0.06,0.5,12,49,0.000790422,0.167660295,2.043458786,-3.994211098,0.003411385,0.173992903,-0.790072373,0,1,1,1 
HDVD_71,Heavy Duty Trucks_Diesel_Articulated 28 - 34 t_Conventional,,,0.06,1,11,36,0.001046819,0.143623329,1.362224504,3.666674814,0.002566113,0.136009554,-0.351946838,0,1,1,1 
HDVD_72,Heavy Duty Trucks_Diesel_Articulated 28 - 34 t_Euro I,,,-0.06,0,12,86,1.36E-05,-0.005805522,0.787869071,6.313036908,0.000174745,0.051219359,0.447820529,0,1,1,1 
HDVD_72,Heavy Duty Trucks_Diesel_Articulated 28 - 34 t_Euro I,,,-0.06,0.5,12,86,5.32E-05,-0.015502613,2.606756396,-1.166967593,0.001047656,0.160523935,0.108154687,0,1,1,1 
HDVD_72,Heavy Duty Trucks_Diesel_Articulated 28 - 34 t_Euro I,,,-0.06,1,12,86,1.54E-05,-0.005524342,2.268596215,-5.047354486,0.001660702,0.139528403,-0.167398085,0,1,1,1 
HDVD_72,Heavy Duty Trucks_Diesel_Articulated 28 - 34 t_Euro I,,,-0.04,0,12,86,1.45E-05,-0.005733819,0.715264908,5.169001149,8.84E-05,0.037652871,0.350215683,0,1,1,1 
HDVD_72,Heavy Duty Trucks_Diesel_Articulated 28 - 34 t_Euro I,,,-0.04,0.5,12,86,-0.000300301,0.030458506,2.017959498,-2.133516857,0.002777625,0.11484379,-0.02967921,0,1,1,1 
HDVD_72,Heavy Duty Trucks_Diesel_Articulated 28 - 34 t_Euro I,,,-0.04,1,12,86,1.14E-05,-0.004293397,0.504173446,3.510109969,6.57E-05,0.028461639,0.276874492,0,1,1,1 
HDVD_72,Heavy Duty Trucks_Diesel_Articulated 28 - 34 t_Euro I,,,-0.02,0,12,86,5.71E-05,0.292139588,0.911567032,-3.813405974,0.015860914,0.080425507,-0.575764267,0,1,1,1 
HDVD_72,Heavy Duty Trucks_Diesel_Articulated 28 - 34 t_Euro I,,,-0.02,0.5,12,86,4.00E-06,-0.001873218,0.288490475,2.194527417,-2.26E-05,0.014980289,0.133819588,0,1,1,1 
HDVD_72,Heavy Duty Trucks_Diesel_Articulated 28 - 34 t_Euro I,,,-0.02,1,12,86,-0.000274025,0.039587402,2.437384498,0.820221133,0.002591898,0.128442171,0.189206591,0,1,1,1 
HDVD_72,Heavy Duty Trucks_Diesel_Articulated 28 - 34 t_Euro I,,,0,0,12,86,0.000202936,0.12265544,0.521798635,-4.379470941,0.003910666,0.085042151,-0.6132386,0,1,1,1 
HDVD_72,Heavy Duty Trucks_Diesel_Articulated 28 - 34 t_Euro I,,,0,0.5,12,86,0.000282843,0.197676404,2.163990906,-8.466306011,0.00610357,0.201747975,-0.99531482,0,1,1,1 
HDVD_72,Heavy Duty Trucks_Diesel_Articulated 28 - 34 t_Euro I,,,0,1,12,86,0.000379414,0.234360052,2.511484615,-7.723604809,0.006868323,0.248354306,-1.135000409,0,1,1,1 
HDVD_72,Heavy Duty Trucks_Diesel_Articulated 28 - 34 t_Euro I,,,0.02,0,12,86,0.00011728,0.077987597,0.550996607,-4.92280494,0.002237572,0.058093577,-0.41771716,0,1,1,1 
HDVD_72,Heavy Duty Trucks_Diesel_Articulated 28 - 34 t_Euro I,,,0.02,0.5,12,86,5.74E-18,5.86E-17,2.717090204,3.72E-13,-0.000791706,0.122253819,0.142931227,0,1,1,1 
HDVD_72,Heavy Duty Trucks_Diesel_Articulated 28 - 34 t_Euro I,,,0.02,1,12,76,0.00075898,0.190749198,2.374591397,-9.637175351,0.003328638,0.222240029,-0.99878866,0,1,1,1 
HDVD_72,Heavy Duty Trucks_Diesel_Articulated 28 - 34 t_Euro I,,,0.04,0,12,86,2.45E-05,0.004140858,0.650481209,4.280967186,-9.59E-05,0.03223725,0.177825993,0,1,1,1 
HDVD_72,Heavy Duty Trucks_Diesel_Articulated 28 - 34 t_Euro I,,,0.04,0.5,12,67,-9.62E-06,0.010210416,1.160673487,5.454589352,-0.000156016,0.044694461,0.372095975,0,1,1,1 
HDVD_72,Heavy Duty Trucks_Diesel_Articulated 28 - 34 t_Euro I,,,0.04,1,12,52,0.002029674,0.046320695,2.036810608,3.939332029,0.001932526,0.078519634,0.323314644,0,1,1,1 
HDVD_72,Heavy Duty Trucks_Diesel_Articulated 28 - 34 t_Euro I,,,0.06,0,12,73,5.09E-05,0.007985165,0.966931185,4.301241691,-0.000168277,0.04657235,0.18987489,0,1,1,1 
HDVD_72,Heavy Duty Trucks_Diesel_Articulated 28 - 34 t_Euro I,,,0.06,0.5,12,51,0.002523074,0.308139789,2.339582362,5.975688864,0.003627031,0.297541476,-0.79870707,0,1,1,1 
HDVD_72,Heavy Duty Trucks_Diesel_Articulated 28 - 34 t_Euro I,,,0.06,1,11,37,0.000950869,0.19266152,1.528812519,-5.001113598,0.002829567,0.130738387,-0.407283964,0,1,1,1 
HDVD_73,Heavy Duty Trucks_Diesel_Articulated 28 - 34 t_Euro II,,,-0.06,0,12,86,5.33E-06,-0.003123637,0.62484462,5.022994609,0.000123551,0.059562609,0.479185236,0,1,1,1 
HDVD_73,Heavy Duty Trucks_Diesel_Articulated 28 - 34 t_Euro II,,,-0.06,0.5,12,86,3.23E-06,-0.002042849,0.446485482,3.580665107,8.49E-05,0.045133114,0.359283561,0,1,1,1 
HDVD_73,Heavy Duty Trucks_Diesel_Articulated 28 - 34 t_Euro II,,,-0.06,1,12,86,-2.48E-05,0.019822887,2.019456406,-2.270883349,0.004782368,0.155176404,0.163950584,0,1,1,1 
HDVD_73,Heavy Duty Trucks_Diesel_Articulated 28 - 34 t_Euro II,,,-0.04,0,12,86,4.98E-06,-0.002091816,0.287350119,2.076810049,1.45E-05,0.021972903,0.201850423,0,1,1,1 
HDVD_73,Heavy Duty Trucks_Diesel_Articulated 28 - 34 t_Euro II,,,-0.04,0.5,12,86,4.26E-06,-0.001866388,0.270349244,1.992929372,2.13E-05,0.022117455,0.196647338,0,1,1,1 
HDVD_73,Heavy Duty Trucks_Diesel_Articulated 28 - 34 t_Euro II,,,-0.04,1,12,86,7.34E-06,-0.003414882,0.533403508,4.007748252,4.90E-05,0.045984813,0.395748296,0,1,1,1 
HDVD_73,Heavy Duty Trucks_Diesel_Articulated 28 - 34 t_Euro II,,,-0.02,0,12,86,6.98E-06,0.005672741,0.501447417,2.937172347,0.000483031,0.041102717,0.210180397,0,1,1,1 
HDVD_73,Heavy Duty Trucks_Diesel_Articulated 28 - 34 t_Euro II,,,-0.02,0.5,12,86,3.17E-06,-0.001631719,0.274041923,2.134596152,-3.92E-05,0.020953266,0.181688799,0,1,1,1 
HDVD_73,Heavy Duty Trucks_Diesel_Articulated 28 - 34 t_Euro II,,,-0.02,1,12,86,5.43E-06,-0.00228377,0.298631373,2.21502205,-5.09E-05,0.021950862,0.212074836,0,1,1,1 
HDVD_73,Heavy Duty Trucks_Diesel_Articulated 28 - 34 t_Euro II,,,0,0,12,86,0.000138789,0.096785955,1.849976455,-8.11173239,0.00421126,0.202825365,-1.012574921,0,1,1,1 
HDVD_73,Heavy Duty Trucks_Diesel_Articulated 28 - 34 t_Euro II,,,0,0.5,12,86,0.000114383,0.08520248,1.700505627,-7.276855388,0.003854654,0.183696163,-0.894003359,0,1,1,1 
HDVD_73,Heavy Duty Trucks_Diesel_Articulated 28 - 34 t_Euro II,,,0,1,12,86,0.000115897,0.081710563,1.553772237,-7.295534805,0.003605016,0.172911723,-0.870933556,0,1,1,1 
HDVD_73,Heavy Duty Trucks_Diesel_Articulated 28 - 34 t_Euro II,,,0.02,0,12,86,0.000113688,0.095067656,0.888887656,-8.034626907,0.00426838,0.110525452,-0.821573375,0,1,1,1 
HDVD_73,Heavy Duty Trucks_Diesel_Articulated 28 - 34 t_Euro II,,,0.02,0.5,12,86,3.30E-17,5.15E-16,5.515713655,-2.41E-12,-0.002249607,0.377038284,0.302750144,0,1,1,1 
HDVD_73,Heavy Duty Trucks_Diesel_Articulated 28 - 34 t_Euro II,,,0.02,1,12,80,7.78E-06,0.004743906,0.607348301,3.612337428,-0.000113708,0.039121475,0.325535103,0,1,1,1 
HDVD_73,Heavy Duty Trucks_Diesel_Articulated 28 - 34 t_Euro II,,,0.04,0,12,86,-6.83E-09,3.25E-07,6.820354961,0.961077081,-0.002843874,0.472251885,0.065600293,0,1,1,1 
HDVD_73,Heavy Duty Trucks_Diesel_Articulated 28 - 34 t_Euro II,,,0.04,0.5,12,71,6.24E-06,0.001210917,0.151042083,3.917194704,-2.85E-05,0.007126589,0.29394347,0,1,1,1 
HDVD_73,Heavy Duty Trucks_Diesel_Articulated 28 - 34 t_Euro II,,,0.04,1,12,54,0.000764834,0.179361716,1.442608981,2.600961388,0.003706555,0.226721672,-0.385706503,0,1,1,1 
HDVD_73,Heavy Duty Trucks_Diesel_Articulated 28 - 34 t_Euro II,,,0.06,0,12,79,2.98E-05,0.005470256,0.749610444,3.917943452,-0.000168119,0.052732022,0.255454128,0,1,1,1 
HDVD_73,Heavy Duty Trucks_Diesel_Articulated 28 - 34 t_Euro II,,,0.06,0.5,12,52,0.000628928,0.133766883,1.066171595,5.078110361,0.002663652,0.174467166,-0.186795978,0,1,1,1 
HDVD_73,Heavy Duty Trucks_Diesel_Articulated 28 - 34 t_Euro II,,,0.06,1,12,41,0.012369511,0.666941384,1.436655093,-3.472055404,0.018293212,0.70115278,-3.734102653,0,1,1,1 
HDVD_74,Heavy Duty Trucks_Diesel_Articulated 28 - 34 t_Euro III,,,-0.06,0,12,86,-3.30E-06,0.000110044,0.553586875,4.184405596,0.000369054,0.059978091,0.354977043,0,1,1,1 
HDVD_74,Heavy Duty Trucks_Diesel_Articulated 28 - 34 t_Euro III,,,-0.06,0.5,12,86,-2.18E-05,0.023816859,1.449532663,-6.084130747,0.004716399,0.127793187,-0.538198989,0,1,1,1 
HDVD_74,Heavy Duty Trucks_Diesel_Articulated 28 - 34 t_Euro III,,,-0.06,1,12,86,-2.13E-05,0.02685097,1.36002879,-6.072632222,0.005114226,0.127538686,-0.572764528,0,1,1,1 
HDVD_74,Heavy Duty Trucks_Diesel_Articulated 28 - 34 t_Euro III,,,-0.04,0,12,86,2.74E-06,-0.00195463,0.469498211,4.302471021,9.41E-05,0.041356786,0.362103592,0,1,1,1 
HDVD_74,Heavy Duty Trucks_Diesel_Articulated 28 - 34 t_Euro III,,,-0.04,0.5,12,86,1.03E-06,-0.001452525,0.503246184,3.765033192,0.00015489,0.049245872,0.33349388,0,1,1,1 
HDVD_74,Heavy Duty Trucks_Diesel_Articulated 28 - 34 t_Euro III,,,-0.04,1,12,86,-7.55E-07,-0.000991017,0.620640198,4.682623553,0.00025422,0.065118677,0.428186629,0,1,1,1 
HDVD_74,Heavy Duty Trucks_Diesel_Articulated 28 - 34 t_Euro III,,,-0.02,0,12,86,0.000445216,-0.002426367,3.257042598,-2.924000811,0.00260845,0.212941129,-0.048187153,0,1,1,1 
HDVD_74,Heavy Duty Trucks_Diesel_Articulated 28 - 34 t_Euro III,,,-0.02,0.5,12,86,-3.21E-06,0.001899242,0.320142336,2.071600933,0.000246726,0.027987314,0.157443945,0,1,1,1 
HDVD_74,Heavy Duty Trucks_Diesel_Articulated 28 - 34 t_Euro III,,,-0.02,1,12,86,2.96E-07,-0.000823235,0.494942475,3.665071643,7.15E-05,0.044450996,0.317844988,0,1,1,1 
HDVD_74,Heavy Duty Trucks_Diesel_Articulated 28 - 34 t_Euro III,,,0,0,12,86,8.17E-05,0.072506492,1.625357826,-5.953902653,0.003559338,0.165659937,-0.745096527,0,1,1,1 
HDVD_74,Heavy Duty Trucks_Diesel_Articulated 28 - 34 t_Euro III,,,0,0.5,12,86,0.000101534,0.084142239,1.822561077,-6.575708162,0.004275283,0.200505396,-0.933182548,0,1,1,1 
HDVD_74,Heavy Duty Trucks_Diesel_Articulated 28 - 34 t_Euro III,,,0,1,12,86,0.00016429,0.133994615,1.506052729,-4.879497791,0.00715232,0.2124764,-1.015237056,0,1,1,1 
HDVD_74,Heavy Duty Trucks_Diesel_Articulated 28 - 34 t_Euro III,,,0.02,0,12,86,5.57E-05,0.055405579,1.252130536,-5.957835195,0.002617894,0.117286739,-0.569197275,0,1,1,1 
HDVD_74,Heavy Duty Trucks_Diesel_Articulated 28 - 34 t_Euro III,,,0.02,0.5,12,86,7.91E-06,0.002524195,0.474828318,2.838522004,-8.24E-05,0.036853272,0.219540194,0,1,1,1 
HDVD_74,Heavy Duty Trucks_Diesel_Articulated 28 - 34 t_Euro III,,,0.02,1,12,81,4.06E-06,0.00281642,0.423973477,2.667357835,-8.18E-05,0.030586818,0.246942922,0,1,1,1 
HDVD_74,Heavy Duty Trucks_Diesel_Articulated 28 - 34 t_Euro III,,,0.04,0,12,86,-5.62E-17,-4.52E-13,4.303733986,-7.61E-09,-0.00175252,0.321785478,-0.08728815,0,1,1,1 
HDVD_74,Heavy Duty Trucks_Diesel_Articulated 28 - 34 t_Euro III,,,0.04,0.5,12,71,9.79E-05,0.034230591,0.903776335,3.141323397,0.000754603,0.093111263,0.100858705,0,1,1,1 
HDVD_74,Heavy Duty Trucks_Diesel_Articulated 28 - 34 t_Euro III,,,0.04,1,12,56,0.000639871,0.151035408,0.799985097,-7.414982758,0.004347242,0.204396503,-1.376197031,0,1,1,1 
HDVD_74,Heavy Duty Trucks_Diesel_Articulated 28 - 34 t_Euro III,,,0.06,0,12,81,7.27E-06,0.006382981,0.275017153,1.74458883,5.82E-05,0.026414983,0.084109757,0,1,1,1 
HDVD_74,Heavy Duty Trucks_Diesel_Articulated 28 - 34 t_Euro III,,,0.06,0.5,12,54,0.000420895,0.104479573,0.636909695,-5.103497411,0.003029322,0.13794728,-0.851608178,0,1,1,1 
HDVD_74,Heavy Duty Trucks_Diesel_Articulated 28 - 34 t_Euro III,,,0.06,1,12,41,0.000700723,0.098431752,-0.195745862,-3.950598512,0.001971039,0.111352689,-1.030414813,0,1,1,1 
HDVD_75,Heavy Duty Trucks_Diesel_Articulated 28 - 34 t_Euro IV,,,-0.06,0,12,86,-7.54E-06,0.002944106,1.081421597,-3.360408837,0.03450772,0.382841856,0.538595793,0,1,1,1 
HDVD_75,Heavy Duty Trucks_Diesel_Articulated 28 - 34 t_Euro IV,,,-0.06,0.5,12,86,-5.64E-06,0.002177919,0.834766151,-2.65936656,0.027627602,0.315428029,0.640834743,0,1,1,1 
HDVD_75,Heavy Duty Trucks_Diesel_Articulated 28 - 34 t_Euro IV,,,-0.06,1,12,86,-4.65E-06,0.001765639,0.712240674,-2.353906706,0.023470627,0.275780051,0.774803618,0,1,1,1 
HDVD_75,Heavy Duty Trucks_Diesel_Articulated 28 - 34 t_Euro IV,,,-0.04,0,12,86,2.55E-06,-0.001045906,0.118175748,5.25315991,0.000749301,0.139692423,4.007073862,0,1,1,1 
HDVD_75,Heavy Duty Trucks_Diesel_Articulated 28 - 34 t_Euro IV,,,-0.04,0.5,12,86,1.00E-05,-0.003519494,0.37209257,2.836550395,0.001407811,0.284776491,2.793348216,0,1,1,1 
HDVD_75,Heavy Duty Trucks_Diesel_Articulated 28 - 34 t_Euro IV,,,-0.04,1,12,86,7.76E-06,-0.003044024,1.331481188,0.306599607,0.021819276,0.582880411,5.330626604,0,1,1,1 
HDVD_75,Heavy Duty Trucks_Diesel_Articulated 28 - 34 t_Euro IV,,,-0.02,0,12,86,2.82E-06,0.00699002,0.50606434,2.90338249,0.007622491,0.408731592,1.584941497,0,1,1,1 
HDVD_75,Heavy Duty Trucks_Diesel_Articulated 28 - 34 t_Euro IV,,,-0.02,0.5,12,86,4.89E-06,-0.001770349,0.196752236,1.289987353,-0.000208961,0.116317203,1.296059571,0,1,1,1 
HDVD_75,Heavy Duty Trucks_Diesel_Articulated 28 - 34 t_Euro IV,,,-0.02,1,12,86,9.09E-06,-0.002854485,0.265671312,1.259618455,-0.000130611,0.115153398,1.77592085,0,1,1,1 
HDVD_75,Heavy Duty Trucks_Diesel_Articulated 28 - 34 t_Euro IV,,,0,0,12,86,1.22E-14,-1.77E-13,1.893704992,1.75E-08,-0.006847028,1.320297079,0.209962761,0,1,1,1 
HDVD_75,Heavy Duty Trucks_Diesel_Articulated 28 - 34 t_Euro IV,,,0,0.5,12,86,-2.04E-16,-3.82E-15,2.189744494,-1.30E-11,-0.005029636,1.11221855,4.215835566,0,1,1,1 
HDVD_75,Heavy Duty Trucks_Diesel_Articulated 28 - 34 t_Euro IV,,,0,1,12,86,-1.89E-14,-8.21E-13,1.920660554,-6.37E-10,-0.003191828,0.798358968,4.514145176,0,1,1,1 
HDVD_75,Heavy Duty Trucks_Diesel_Articulated 28 - 34 t_Euro IV,,,0.02,0,12,86,1.07E-05,0.001906403,0.206850986,2.083216426,-0.000425086,0.116205462,1.582871233,0,1,1,1 
HDVD_75,Heavy Duty Trucks_Diesel_Articulated 28 - 34 t_Euro IV,,,0.02,0.5,12,86,-4.60E-05,0.016426879,1.309100199,4.305915488,-0.001773413,0.489775559,6.192466462,0,1,1,1 
HDVD_75,Heavy Duty Trucks_Diesel_Articulated 28 - 34 t_Euro IV,,,0.02,1,12,82,-0.000125582,0.008792702,0.204655972,-2.579203594,-0.001919155,0.186067348,-1.508980242,0,1,1,1 
HDVD_75,Heavy Duty Trucks_Diesel_Articulated 28 - 34 t_Euro IV,,,0.04,0,12,86,0.000351576,0.07978008,0.660087934,4.308127703,0.006912441,0.972460082,0.391202737,0,1,1,1 
HDVD_75,Heavy Duty Trucks_Diesel_Articulated 28 - 34 t_Euro IV,,,0.04,0.5,12,73,-1.96E-05,0.003488237,0.683730882,3.598429153,-0.000321707,0.094587373,4.376490308,0,1,1,1 
HDVD_75,Heavy Duty Trucks_Diesel_Articulated 28 - 34 t_Euro IV,,,0.04,1,12,57,-0.000504691,0.02399708,0.585183952,-5.626120811,-0.005859255,0.419427339,-2.612705637,0,1,1,1 
HDVD_75,Heavy Duty Trucks_Diesel_Articulated 28 - 34 t_Euro IV,,,0.06,0,12,82,-0.000370634,0.031721617,0.10366208,-4.247455531,-0.00394323,0.403879455,-3.822798707,0,1,1,1 
HDVD_75,Heavy Duty Trucks_Diesel_Articulated 28 - 34 t_Euro IV,,,0.06,0.5,12,56,-0.000335344,0.017001819,0.296270483,-3.518716553,-0.003593849,0.259835273,-1.856658043,0,1,1,1 
HDVD_75,Heavy Duty Trucks_Diesel_Articulated 28 - 34 t_Euro IV,,,0.06,1,12,41,-1.43E-05,0.001158291,-0.06506879,2.512107648,0.000579185,-0.047888557,1.140531494,0,1,1,1 
HDVD_75,Heavy Duty Trucks_Diesel_Articulated 28 - 34 t_Euro IV,,,-0.06,0,12,86,-7.54E-06,0.002944106,1.081421597,-3.360408837,0.03450772,0.382841856,0.538595793,0,1,1,1 
HDVD_75,Heavy Duty Trucks_Diesel_Articulated 28 - 34 t_Euro IV,,,-0.06,0.5,12,86,-5.64E-06,0.002177919,0.834766151,-2.65936656,0.027627602,0.315428029,0.640834743,0,1,1,1 
HDVD_75,Heavy Duty Trucks_Diesel_Articulated 28 - 34 t_Euro IV,,,-0.06,1,12,86,-4.65E-06,0.001765639,0.712240674,-2.353906706,0.023470627,0.275780051,0.774803618,0,1,1,1 
HDVD_75,Heavy Duty Trucks_Diesel_Articulated 28 - 34 t_Euro IV,,,-0.04,0,12,86,2.55E-06,-0.001045906,0.118175748,5.25315991,0.000749301,0.139692423,4.007073862,0,1,1,1 
HDVD_75,Heavy Duty Trucks_Diesel_Articulated 28 - 34 t_Euro IV,,,-0.04,1,12,86,7.76E-06,-0.003044024,1.331481188,0.306599607,0.021819276,0.582880411,5.330626604,0,1,1,1 
HDVD_75,Heavy Duty Trucks_Diesel_Articulated 28 - 34 t_Euro IV,,,-0.02,0,12,86,2.82E-06,0.00699002,0.50606434,2.90338249,0.007622491,0.408731592,1.584941497,0,1,1,1 
HDVD_75,Heavy Duty Trucks_Diesel_Articulated 28 - 34 t_Euro IV,,,-0.02,1,12,86,9.09E-06,-0.002854485,0.265671312,1.259618455,-0.000130611,0.115153398,1.77592085,0,1,1,1 
HDVD_75,Heavy Duty Trucks_Diesel_Articulated 28 - 34 t_Euro IV,,,0,0,12,86,1.22E-14,-1.77E-13,1.893704992,1.75E-08,-0.006847028,1.320297079,0.209962761,0,1,1,1 
HDVD_75,Heavy Duty Trucks_Diesel_Articulated 28 - 34 t_Euro IV,,,0,1,12,86,-1.89E-14,-8.21E-13,1.920660554,-6.37E-10,-0.003191828,0.798358968,4.514145176,0,1,1,1 
HDVD_75,Heavy Duty Trucks_Diesel_Articulated 28 - 34 t_Euro IV,,,0.02,0,12,86,1.07E-05,0.001906403,0.206850986,2.083216426,-0.000425086,0.116205462,1.582871233,0,1,1,1 
HDVD_75,Heavy Duty Trucks_Diesel_Articulated 28 - 34 t_Euro IV,,,0.02,1,12,82,-0.000125582,0.008792702,0.204655972,-2.579203594,-0.001919155,0.186067348,-1.508980242,0,1,1,1 
HDVD_75,Heavy Duty Trucks_Diesel_Articulated 28 - 34 t_Euro IV,,,0.04,0,12,86,0.000351576,0.07978008,0.660087934,4.308127703,0.006912441,0.972460082,0.391202737,0,1,1,1 
HDVD_75,Heavy Duty Trucks_Diesel_Articulated 28 - 34 t_Euro IV,,,0.04,1,12,57,-0.000504691,0.02399708,0.585183952,-5.626120811,-0.005859255,0.419427339,-2.612705637,0,1,1,1 
HDVD_75,Heavy Duty Trucks_Diesel_Articulated 28 - 34 t_Euro IV,,,0.06,0,12,82,-0.000370634,0.031721617,0.10366208,-4.247455531,-0.00394323,0.403879455,-3.822798707,0,1,1,1 
HDVD_75,Heavy Duty Trucks_Diesel_Articulated 28 - 34 t_Euro IV,,,0.06,0.5,12,56,-0.000335344,0.017001819,0.296270483,-3.518716553,-0.003593849,0.259835273,-1.856658043,0,1,1,1 
HDVD_75,Heavy Duty Trucks_Diesel_Articulated 28 - 34 t_Euro IV,,,0.06,1,12,41,-1.43E-05,0.001158291,-0.06506879,2.512107648,0.000579185,-0.047888557,1.140531494,0,1,1,1 
HDVD_76,Heavy Duty Trucks_Diesel_Articulated 28 - 34 t_Euro V,SCR,,-0.06,0,5,85,-0.003164262,0.321099663,-1.385902497,1.135998106,0.544323293,-1.864517774,-3.25E-08,0,1,1,1 
HDVD_76,Heavy Duty Trucks_Diesel_Articulated 28 - 34 t_Euro V,SCR,,-0.06,0.5,5,85,-0.001209255,0.146671393,-0.806510278,1.89916811,0.321071618,-2.249376669,6.574276797,0,1,1,1 
HDVD_76,Heavy Duty Trucks_Diesel_Articulated 28 - 34 t_Euro V,SCR,,-0.06,1,5,85,-0.000668776,0.089265904,-0.442470684,1.602268174,0.222759515,-1.741625117,6.948447131,0,1,1,1 
HDVD_76,Heavy Duty Trucks_Diesel_Articulated 28 - 34 t_Euro V,SCR,,-0.04,0,5,85,-0.004147951,0.459282013,-1.834598082,1.10701236,0.65555067,-1.57212817,-2.303816854,0,1,1,1 
HDVD_76,Heavy Duty Trucks_Diesel_Articulated 28 - 34 t_Euro V,SCR,,-0.04,0.5,5,85,-0.001350092,0.164104338,-0.717013901,1.337747441,0.274717565,-1.350425532,3.622693451,0,1,1,1 
HDVD_76,Heavy Duty Trucks_Diesel_Articulated 28 - 34 t_Euro V,SCR,,-0.04,1,5,85,-0.003111895,0.361926859,-1.592222603,1.423211419,0.553260761,-1.84145435,-2.29E-09,0,1,1,1 
HDVD_76,Heavy Duty Trucks_Diesel_Articulated 28 - 34 t_Euro V,SCR,,-0.02,0,5,85,-0.000693011,0.242957347,-0.804825829,1.101657694,0.355183761,-1.02021611,1.958503701,0,1,1,1 
HDVD_76,Heavy Duty Trucks_Diesel_Articulated 28 - 34 t_Euro V,SCR,,-0.02,0.5,5,85,-0.002712482,0.69157902,-0.744610259,0.374594915,0.982935163,0.086521948,0.823154111,0,1,1,1 
HDVD_76,Heavy Duty Trucks_Diesel_Articulated 28 - 34 t_Euro V,SCR,,-0.02,1,5,85,-0.001732508,0.341295259,-1.236642306,1.893938942,0.436228296,-1.312740958,3.471305812,0,1,1,1 
HDVD_76,Heavy Duty Trucks_Diesel_Articulated 28 - 34 t_Euro V,SCR,,0,0,5,85,0.000340486,0.012274618,1.718124648,-0.802719842,0.02490577,1.834219464,3.775518532,0,1,1,1 
HDVD_76,Heavy Duty Trucks_Diesel_Articulated 28 - 34 t_Euro V,SCR,,0,0.5,5,85,0.000894987,0.071460419,0.550383797,0.272951824,0.103292564,0.423169131,3.295395574,0,1,1,1 
HDVD_76,Heavy Duty Trucks_Diesel_Articulated 28 - 34 t_Euro V,SCR,,0,1,5,85,0.00306655,0.329269462,-0.389267993,0.70762752,0.371372203,0.122297388,1.697751753,0,1,1,1 
HDVD_76,Heavy Duty Trucks_Diesel_Articulated 28 - 34 t_Euro V,SCR,,0.02,0,5,85,0.000160256,0.009232121,1.497240531,-0.953868902,0.002153931,1.616598375,2.139361968,0,1,1,1 
HDVD_76,Heavy Duty Trucks_Diesel_Articulated 28 - 34 t_Euro V,SCR,,0.02,0.5,5,85,-0.000279477,0.015582446,2.334752294,-1.284729532,-0.022991156,2.442794075,3.889059628,0,1,1,1 
HDVD_76,Heavy Duty Trucks_Diesel_Articulated 28 - 34 t_Euro V,SCR,,0.02,1,5,80,-0.000360957,0.022320688,1.637489145,-0.72262334,-0.016598868,1.596049737,3.329700027,0,1,1,1 
HDVD_76,Heavy Duty Trucks_Diesel_Articulated 28 - 34 t_Euro V,SCR,,0.04,0,5,85,0.000269057,0.007429036,1.174779499,-0.68969812,0.001729426,1.1415599,1.9571758,0,1,1,1 
HDVD_76,Heavy Duty Trucks_Diesel_Articulated 28 - 34 t_Euro V,SCR,,0.04,0.5,5,75,0.007615056,0.074951008,0.905486675,0.674454618,0.182146098,0.013031068,5.914410034,0,1,1,1 
HDVD_76,Heavy Duty Trucks_Diesel_Articulated 28 - 34 t_Euro V,SCR,,0.04,1,5,55,-0.000414422,0.03897394,1.363706998,-0.250395366,-0.012171625,1.19662451,3.431028637,0,1,1,1 
HDVD_76,Heavy Duty Trucks_Diesel_Articulated 28 - 34 t_Euro V,SCR,,0.06,0,5,80,-4.04E-05,0.017357085,1.153464688,-0.858526406,-0.008055495,1.235502817,1.287814348,0,1,1,1 
HDVD_76,Heavy Duty Trucks_Diesel_Articulated 28 - 34 t_Euro V,SCR,,0.06,0.5,5,55,0.001331825,0.035965879,1.535066605,0.019364173,0.014087837,1.110209417,4.792533369,0,1,1,1 
HDVD_76,Heavy Duty Trucks_Diesel_Articulated 28 - 34 t_Euro V,SCR,,0.06,1,5,40,0.003450725,-0.049814298,0.448204509,0.986112525,0.032063772,-0.444675198,4.06015161,0,1,1,1 
HDVD_76,Heavy Duty Trucks_Diesel_Articulated 28 - 34 t_Euro V,EGR,,-0.06,0,5,80,-0.000493355,0.043983922,-0.320984263,2.459009355,0.023651784,-0.240607801,1.588376802,0,1,1,1 
HDVD_76,Heavy Duty Trucks_Diesel_Articulated 28 - 34 t_Euro V,EGR,,-0.06,0.5,5,65,-0.007509351,0.539032852,-1.983300405,0.934537261,0.231600992,-0.769668659,-2.71E-11,0,1,1,1 
HDVD_76,Heavy Duty Trucks_Diesel_Articulated 28 - 34 t_Euro V,EGR,,-0.06,1,5,85,-0.000371258,0.034135959,-0.241911393,2.561909475,0.024962774,-0.269108419,1.956830057,0,1,1,1 
HDVD_76,Heavy Duty Trucks_Diesel_Articulated 28 - 34 t_Euro V,EGR,,-0.04,0,5,85,-0.005652172,0.537921153,-2.010548286,1.067191115,0.193453985,-0.626007365,-1.66E-11,0,1,1,1 
HDVD_76,Heavy Duty Trucks_Diesel_Articulated 28 - 34 t_Euro V,EGR,,-0.04,0.5,5,85,-0.00242087,0.218727119,-1.051325283,2.351349865,0.083064577,-0.426947765,1.160614128,0,1,1,1 
HDVD_76,Heavy Duty Trucks_Diesel_Articulated 28 - 34 t_Euro V,EGR,,-0.04,1,5,85,-0.001372064,0.123707428,-0.608598647,1.788018724,0.049254134,-0.280044673,1.00715924,0,1,1,1 
HDVD_76,Heavy Duty Trucks_Diesel_Articulated 28 - 34 t_Euro V,EGR,,-0.02,0,5,85,-0.001960962,0.482046962,-1.340797229,-3.222908985,0.148932543,-0.202309405,-1.977904824,0,1,1,1 
HDVD_76,Heavy Duty Trucks_Diesel_Articulated 28 - 34 t_Euro V,EGR,,-0.02,0.5,5,85,-0.003335878,0.455440994,-0.559820125,-3.019357104,0.129300358,0.191143526,-2.061948073,0,1,1,1 
HDVD_76,Heavy Duty Trucks_Diesel_Articulated 28 - 34 t_Euro V,EGR,,-0.02,1,5,85,-0.003860968,0.513749542,-0.913594792,1.611887928,0.151134885,-0.030330918,0.403212549,0,1,1,1 
HDVD_76,Heavy Duty Trucks_Diesel_Articulated 28 - 34 t_Euro V,EGR,,0,0,5,85,0.008566406,0.825363442,-3.452201216,1.502068125,0.269863928,-0.952213087,2.74E-10,0,1,1,1 
HDVD_76,Heavy Duty Trucks_Diesel_Articulated 28 - 34 t_Euro V,EGR,,0,0.5,5,85,0.008315965,0.717487711,-3.028085899,1.28018255,0.237377034,-0.844807072,-6.19E-09,0,1,1,1 
HDVD_76,Heavy Duty Trucks_Diesel_Articulated 28 - 34 t_Euro V,EGR,,0,1,5,85,0.000659679,0.162688058,2.590362643,-0.705036894,0.030426813,0.935768348,3.20E-05,0,1,1,1 
HDVD_76,Heavy Duty Trucks_Diesel_Articulated 28 - 34 t_Euro V,EGR,,0.02,0,5,85,0.000380592,0.066712836,1.695864183,-0.791537372,0.010549689,0.511972504,5.20E-10,0,1,1,1 
HDVD_76,Heavy Duty Trucks_Diesel_Articulated 28 - 34 t_Euro V,EGR,,0.02,0.5,5,85,0.030497108,1.464353096,-0.40940515,0.164415835,0.440520121,0.065645363,0.081663728,0,1,1,1 
HDVD_76,Heavy Duty Trucks_Diesel_Articulated 28 - 34 t_Euro V,EGR,,0.02,1,5,80,-0.000515692,0.056871275,2.504427394,-1.005213523,-0.004333787,0.765577653,-5.02E-11,0,1,1,1 
HDVD_76,Heavy Duty Trucks_Diesel_Articulated 28 - 34 t_Euro V,EGR,,0.04,0,5,85,-0.000194733,0.028560595,2.602066781,-1.431514926,-0.004373654,0.720544243,-7.21E-13,0,1,1,1 
HDVD_76,Heavy Duty Trucks_Diesel_Articulated 28 - 34 t_Euro V,EGR,,0.04,0.5,5,75,-0.001093923,0.073523904,3.293281795,-1.545407731,-0.008797829,0.956618114,-2.98E-11,0,1,1,1 
HDVD_76,Heavy Duty Trucks_Diesel_Articulated 28 - 34 t_Euro V,EGR,,0.04,1,5,55,0.000634935,0.118007282,2.119454746,-0.845563973,0.008966013,0.629087631,6.04E-08,0,1,1,1 
HDVD_76,Heavy Duty Trucks_Diesel_Articulated 28 - 34 t_Euro V,EGR,,0.06,0,5,85,0.009326673,0.326867756,-2.484123789,1.30882042,0.10550887,-0.622933765,-4.70E-12,0,1,1,1 
HDVD_76,Heavy Duty Trucks_Diesel_Articulated 28 - 34 t_Euro V,EGR,,0.06,0.5,5,55,0.000232422,0.159684812,3.107124517,-1.35164614,0.007834512,0.903452059,1.09E-07,0,1,1,1 
HDVD_76,Heavy Duty Trucks_Diesel_Articulated 28 - 34 t_Euro V,EGR,,0.06,1,5,40,0.023649365,0.353666731,-2.391830158,0.901385859,0.140058189,-0.688792548,0.120358192,0,1,1,1 
HDVD_77,Heavy Duty Trucks_Diesel_Articulated 28 - 34 t_Euro VI,,,-0.06,0,5,70,-0.004660592,0.350839959,-1.30072664,0.592339239,0.4738862,-1.599185243,-1.81E-08,0,1,1,1 
HDVD_77,Heavy Duty Trucks_Diesel_Articulated 28 - 34 t_Euro VI,,,-0.06,0.5,5,65,-0.004909914,0.364049351,-1.857178156,0.978003598,0.515173414,-2.51039777,-5.32E-11,0,1,1,1 
HDVD_77,Heavy Duty Trucks_Diesel_Articulated 28 - 34 t_Euro VI,,,-0.06,1,5,65,-0.009437411,0.655421419,0.149464412,0.324073172,1.116581123,0.409875527,0.515569469,0,1,1,1 
HDVD_77,Heavy Duty Trucks_Diesel_Articulated 28 - 34 t_Euro VI,,,-0.04,0,5,85,-0.001783418,0.167431174,-0.75163485,1.703000314,0.199531558,-0.928264692,2.592104975,0,1,1,1 
HDVD_77,Heavy Duty Trucks_Diesel_Articulated 28 - 34 t_Euro VI,,,-0.04,0.5,5,85,-0.001594355,0.144305994,-0.703858429,1.56981092,0.182819358,-0.956828249,2.582975326,0,1,1,1 
HDVD_77,Heavy Duty Trucks_Diesel_Articulated 28 - 34 t_Euro VI,,,-0.04,1,5,80,-0.010981547,0.922260544,-0.479447673,-0.444923011,1.204924467,0.269341621,-0.441371942,0,1,1,1 
HDVD_77,Heavy Duty Trucks_Diesel_Articulated 28 - 34 t_Euro VI,,,-0.02,0,5,85,-0.001011602,0.248684695,-0.692143252,-1.660492373,0.256116998,-0.348604327,-3.397974895,0,1,1,1 
HDVD_77,Heavy Duty Trucks_Diesel_Articulated 28 - 34 t_Euro VI,,,-0.02,0.5,5,85,-0.001610912,0.220493095,-0.286259868,-1.407596781,0.209045758,0.282237041,-3.23826522,0,1,1,1 
HDVD_77,Heavy Duty Trucks_Diesel_Articulated 28 - 34 t_Euro VI,,,-0.02,1,5,85,-0.002705047,0.360975395,-0.668471931,1.197797379,0.35467654,-0.117051641,1.054083627,0,1,1,1 
HDVD_77,Heavy Duty Trucks_Diesel_Articulated 28 - 34 t_Euro VI,,,0,0,5,85,0.000734464,0.114491255,1.67793562,-0.688051191,0.092346182,1.904346835,7.05E-09,0,1,1,1 
HDVD_77,Heavy Duty Trucks_Diesel_Articulated 28 - 34 t_Euro VI,,,0,0.5,5,85,0.00042436,0.079623958,1.412428987,-0.492770967,0.055817506,1.634245797,1.41E-09,0,1,1,1 
HDVD_77,Heavy Duty Trucks_Diesel_Articulated 28 - 34 t_Euro VI,,,0,1,5,85,0.000414732,0.101472948,1.637265561,-0.459410146,0.063313899,1.961872874,4.20E-08,0,1,1,1 
HDVD_77,Heavy Duty Trucks_Diesel_Articulated 28 - 34 t_Euro VI,,,0.02,0,5,85,0.008339866,0.615118036,-2.743513958,1.317973512,0.612567621,-2.255756142,4.36E-09,0,1,1,1 
HDVD_77,Heavy Duty Trucks_Diesel_Articulated 28 - 34 t_Euro VI,,,0.02,0.5,5,85,0.02144012,1.067003175,-0.129740061,-0.1527019,1.049685717,0.355975794,0.016100536,0,1,1,1 
HDVD_77,Heavy Duty Trucks_Diesel_Articulated 28 - 34 t_Euro VI,,,0.02,1,5,80,-0.000348152,0.038131281,1.701823881,-0.69376007,-0.009899045,1.727500534,2.68E-10,0,1,1,1 
HDVD_77,Heavy Duty Trucks_Diesel_Articulated 28 - 34 t_Euro VI,,,0.04,0,5,85,-0.000177161,0.026391197,2.407456393,-1.327529592,-0.013396217,2.220362069,2.39E-08,0,1,1,1 
HDVD_77,Heavy Duty Trucks_Diesel_Articulated 28 - 34 t_Euro VI,,,0.04,0.5,5,75,-0.000502032,0.038218727,1.635882079,-0.774761197,-0.01299685,1.58133208,1.11E-11,0,1,1,1 
HDVD_77,Heavy Duty Trucks_Diesel_Articulated 28 - 34 t_Euro VI,,,0.04,1,5,55,0.000431489,0.089800519,1.703157229,-0.694503167,0.020485996,1.673232575,5.47E-11,0,1,1,1 
HDVD_77,Heavy Duty Trucks_Diesel_Articulated 28 - 34 t_Euro VI,,,0.06,0,5,85,-0.000447066,0.031220326,1.627166578,-0.845032215,-0.013731278,1.534504599,3.51E-13,0,1,1,1 
HDVD_77,Heavy Duty Trucks_Diesel_Articulated 28 - 34 t_Euro VI,,,0.06,0.5,5,55,0.000325231,0.108794398,2.080706872,-0.928471961,0.020848576,2.003728322,6.52E-11,0,1,1,1 
HDVD_77,Heavy Duty Trucks_Diesel_Articulated 28 - 34 t_Euro VI,,,0.06,1,5,40,0.02474928,0.409001682,-1.483558619,0.291987941,0.47919778,-1.384154511,4.84E-10,0,1,1,1 
HDVD_78,Heavy Duty Trucks_Diesel_Articulated 34 - 40 t_Conventional,,,-0.06,0,12,86,7.03E-06,-0.00378456,0.652093497,2.059283187,0.000116179,0.027202735,0.081687592,0,1,1,1 
HDVD_78,Heavy Duty Trucks_Diesel_Articulated 34 - 40 t_Conventional,,,-0.06,0.5,12,86,1.49E-05,-0.003723255,1.223503587,-4.528150761,0.000528684,0.045611262,-0.161535847,0,1,1,1 
HDVD_78,Heavy Duty Trucks_Diesel_Articulated 34 - 40 t_Conventional,,,-0.06,1,12,86,-2.70E-05,0.015719034,1.73224807,-5.542251166,0.002443315,0.047695349,-0.056057204,0,1,1,1 
HDVD_78,Heavy Duty Trucks_Diesel_Articulated 34 - 40 t_Conventional,,,-0.04,0,12,86,-0.000302331,0.035380586,2.364003393,-5.098494685,0.002256544,0.074195295,-0.09359831,0,1,1,1 
HDVD_78,Heavy Duty Trucks_Diesel_Articulated 34 - 40 t_Conventional,,,-0.04,0.5,12,86,5.12E-06,-0.002166752,0.289733945,2.324568892,3.84E-05,0.010931585,0.096054564,0,1,1,1 
HDVD_78,Heavy Duty Trucks_Diesel_Articulated 34 - 40 t_Conventional,,,-0.04,1,12,86,4.12E-06,-0.001874042,0.270877597,2.328153669,4.06E-05,0.010992884,0.095944507,0,1,1,1 
HDVD_78,Heavy Duty Trucks_Diesel_Articulated 34 - 40 t_Conventional,,,-0.02,0,12,86,-7.71E-06,0.017352676,0.705074211,-4.021559928,0.000789051,0.022014927,-0.129857593,0,1,1,1 
HDVD_78,Heavy Duty Trucks_Diesel_Articulated 34 - 40 t_Conventional,,,-0.02,0.5,12,86,-8.11E-07,-0.000579977,0.393080604,2.999097173,7.08E-05,0.015011117,0.094875326,0,1,1,1 
HDVD_78,Heavy Duty Trucks_Diesel_Articulated 34 - 40 t_Conventional,,,-0.02,1,12,86,7.32E-07,-0.001673986,0.602986136,4.596020974,9.75E-05,0.023854865,0.155275899,0,1,1,1 
HDVD_78,Heavy Duty Trucks_Diesel_Articulated 34 - 40 t_Conventional,,,0,0,12,86,0.000111755,0.117364118,2.476400409,-1.519620378,0.002718622,0.111718725,-0.290362836,0,1,1,1 
HDVD_78,Heavy Duty Trucks_Diesel_Articulated 34 - 40 t_Conventional,,,0,0.5,12,86,7.26E-05,0.070345703,1.678739977,-4.791478718,0.001791952,0.081411439,-0.376822529,0,1,1,1 
HDVD_78,Heavy Duty Trucks_Diesel_Articulated 34 - 40 t_Conventional,,,0,1,12,86,0.000341773,0.29559397,2.840613635,-0.281824594,0.00798425,0.202941504,-0.858179174,0,1,1,1 
HDVD_78,Heavy Duty Trucks_Diesel_Articulated 34 - 40 t_Conventional,,,0.02,0,12,86,-0.000229089,0.116841205,1.866359823,-1.730493331,0.003000212,0.061737487,-0.040046575,0,1,1,1 
HDVD_78,Heavy Duty Trucks_Diesel_Articulated 34 - 40 t_Conventional,,,0.02,0.5,12,86,1.66E-05,0.001856787,0.537087639,4.78934382,-2.72E-05,0.021492374,0.118811261,0,1,1,1 
HDVD_78,Heavy Duty Trucks_Diesel_Articulated 34 - 40 t_Conventional,,,0.02,1,12,74,0.000430232,0.161279808,3.005973703,-6.09386317,0.003145962,0.184987959,-0.864132917,0,1,1,1 
HDVD_78,Heavy Duty Trucks_Diesel_Articulated 34 - 40 t_Conventional,,,0.04,0,12,86,9.74E-06,0.000983846,0.30504945,2.763184635,9.86E-06,0.011108416,0.059341194,0,1,1,1 
HDVD_78,Heavy Duty Trucks_Diesel_Articulated 34 - 40 t_Conventional,,,0.04,0.5,12,64,0.000567551,0.201791544,3.584414676,-6.809669259,0.003838589,0.208871039,-0.934635273,0,1,1,1 
HDVD_78,Heavy Duty Trucks_Diesel_Articulated 34 - 40 t_Conventional,,,0.04,1,12,47,0.000755884,0.18249644,2.468780947,-4.186739174,0.003415503,0.164540919,-0.754436901,0,1,1,1 
HDVD_78,Heavy Duty Trucks_Diesel_Articulated 34 - 40 t_Conventional,,,0.06,0,12,78,3.15E-05,0.002270018,0.678292524,6.709502603,-5.17E-05,0.027831211,0.125940847,0,1,1,1 
HDVD_78,Heavy Duty Trucks_Diesel_Articulated 34 - 40 t_Conventional,,,0.06,0.5,12,48,0.000956285,0.215755521,2.823904786,-4.499789831,0.004052259,0.1958405,-1.004469548,0,1,1,1 
HDVD_78,Heavy Duty Trucks_Diesel_Articulated 34 - 40 t_Conventional,,,0.06,1,11,35,0.000709951,0.051931917,0.401012401,2.230452019,0.001030419,0.040154968,-0.12529991,0,1,1,1 
HDVD_79,Heavy Duty Trucks_Diesel_Articulated 34 - 40 t_Euro I,,,-0.06,0,12,86,3.72E-06,-0.001658947,0.228228697,2.768999175,6.04E-05,0.012690496,0.140742736,0,1,1,1 
HDVD_79,Heavy Duty Trucks_Diesel_Articulated 34 - 40 t_Euro I,,,-0.06,0.5,12,86,-2.88E-05,0.001722207,0.698672474,-3.153675006,0.00060376,0.032990647,-0.149635324,0,1,1,1 
HDVD_79,Heavy Duty Trucks_Diesel_Articulated 34 - 40 t_Euro I,,,-0.06,1,12,86,-2.64E-15,5.84E-13,3.103637465,4.30E-10,0.003212191,0.129818278,0.3733307,0,1,1,1 
HDVD_79,Heavy Duty Trucks_Diesel_Articulated 34 - 40 t_Euro I,,,-0.04,0,12,86,-0.000242475,0.023280624,1.499576045,-2.66789799,0.001677146,0.062555041,-0.075935482,0,1,1,1 
HDVD_79,Heavy Duty Trucks_Diesel_Articulated 34 - 40 t_Euro I,,,-0.04,0.5,12,86,-0.000239717,0.02232612,1.445809623,-2.57836514,0.001728419,0.064144073,-0.07790879,0,1,1,1 
HDVD_79,Heavy Duty Trucks_Diesel_Articulated 34 - 40 t_Euro I,,,-0.04,1,12,86,-0.000292441,0.02750139,1.845472991,-2.859898509,0.002283778,0.081992004,-0.044244384,0,1,1,1 
HDVD_79,Heavy Duty Trucks_Diesel_Articulated 34 - 40 t_Euro I,,,-0.02,0,12,86,-4.83E-06,0.014107209,0.466687611,-4.58558955,0.000739773,0.018145526,-0.190226197,0,1,1,1 
HDVD_79,Heavy Duty Trucks_Diesel_Articulated 34 - 40 t_Euro I,,,-0.02,0.5,12,86,-0.000235343,0.036732178,2.144378071,-2.208861049,0.002099495,0.087181116,-0.031677893,0,1,1,1 
HDVD_79,Heavy Duty Trucks_Diesel_Articulated 34 - 40 t_Euro I,,,-0.02,1,12,86,-0.000336437,0.038365765,2.511960078,0.548213073,0.002120169,0.10425245,0.157174136,0,1,1,1 
HDVD_79,Heavy Duty Trucks_Diesel_Articulated 34 - 40 t_Euro I,,,0,0,12,86,6.73E-05,0.052670872,1.092463387,-4.360187314,0.001328994,0.062900349,-0.2987642,0,1,1,1 
HDVD_79,Heavy Duty Trucks_Diesel_Articulated 34 - 40 t_Euro I,,,0,0.5,12,86,7.83E-05,0.063779352,1.349294967,-5.454748458,0.001650027,0.077623728,-0.36391184,0,1,1,1 
HDVD_79,Heavy Duty Trucks_Diesel_Articulated 34 - 40 t_Euro I,,,0,1,12,86,0.000145926,0.105982401,1.04504206,-4.290062628,0.002769041,0.082218042,-0.429604783,0,1,1,1 
HDVD_79,Heavy Duty Trucks_Diesel_Articulated 34 - 40 t_Euro I,,,0.02,0,12,86,0.00018876,0.144037699,0.115673439,-13.17165046,0.00394248,0.042209502,-0.728837989,0,1,1,1 
HDVD_79,Heavy Duty Trucks_Diesel_Articulated 34 - 40 t_Euro I,,,0.02,0.5,12,86,2.09E-05,0.004989713,0.781361172,4.23605727,-8.51E-05,0.031397728,0.165092913,0,1,1,1 
HDVD_79,Heavy Duty Trucks_Diesel_Articulated 34 - 40 t_Euro I,,,0.02,1,12,76,4.58E-18,-3.00E-16,2.891667111,8.30E-13,-0.000743153,0.100451304,0.151714973,0,1,1,1 
HDVD_79,Heavy Duty Trucks_Diesel_Articulated 34 - 40 t_Euro I,,,0.04,0,12,86,1.91E-16,-2.00E-15,3.19826929,-6.47E-10,-0.000710766,0.122025811,-0.009313907,0,1,1,1 
HDVD_79,Heavy Duty Trucks_Diesel_Articulated 34 - 40 t_Euro I,,,0.04,0.5,12,64,0.001007256,0.297906576,3.972135323,-6.353969169,0.00403578,0.265214239,-0.801970433,0,1,1,1 
HDVD_79,Heavy Duty Trucks_Diesel_Articulated 34 - 40 t_Euro I,,,0.04,1,12,49,0.000653804,0.129780009,0.610660575,5.516762945,0.001677368,0.07950461,-0.153895562,0,1,1,1 
HDVD_79,Heavy Duty Trucks_Diesel_Articulated 34 - 40 t_Euro I,,,0.06,0,12,79,1.70E-17,1.16E-15,3.232854685,-5.05E-11,-0.00094232,0.122894486,-0.008156355,0,1,1,1 
HDVD_79,Heavy Duty Trucks_Diesel_Articulated 34 - 40 t_Euro I,,,0.06,0.5,12,49,0.000498945,0.093164491,0.538830314,5.548066678,0.001109088,0.063015361,-0.077989229,0,1,1,1 
HDVD_79,Heavy Duty Trucks_Diesel_Articulated 34 - 40 t_Euro I,,,0.06,1,11,36,0.000947544,0.163143322,0.935686572,4.488220524,0.000609313,0.120487454,-0.309978067,0,1,1,1 
HDVD_80,Heavy Duty Trucks_Diesel_Articulated 34 - 40 t_Euro II,,,-0.06,0,12,86,-0.000240577,0.034483026,1.992237247,-4.954476099,0.003935195,0.137544402,-0.288810775,0,1,1,1 
HDVD_80,Heavy Duty Trucks_Diesel_Articulated 34 - 40 t_Euro II,,,-0.06,0.5,12,86,4.10E-06,-0.002007643,0.329511433,2.541048925,4.68E-05,0.026083681,0.217881262,0,1,1,1 
HDVD_80,Heavy Duty Trucks_Diesel_Articulated 34 - 40 t_Euro II,,,-0.06,1,12,86,-7.83E-17,2.19E-14,3.658420836,1.81E-11,0.003202473,0.254902337,0.416629114,0,1,1,1 
HDVD_80,Heavy Duty Trucks_Diesel_Articulated 34 - 40 t_Euro II,,,-0.04,0,12,86,-0.00028394,0.034279649,2.135547907,-2.186962331,0.003265623,0.131099018,-0.006950266,0,1,1,1 
HDVD_80,Heavy Duty Trucks_Diesel_Articulated 34 - 40 t_Euro II,,,-0.04,0.5,12,86,6.33E-06,-0.002554242,0.330792138,2.370508182,3.30E-05,0.02132023,0.198174515,0,1,1,1 
HDVD_80,Heavy Duty Trucks_Diesel_Articulated 34 - 40 t_Euro II,,,-0.04,1,12,86,-0.00028076,0.036155305,2.191718553,-2.960894808,0.003806802,0.145892174,-0.077536222,0,1,1,1 
HDVD_80,Heavy Duty Trucks_Diesel_Articulated 34 - 40 t_Euro II,,,-0.02,0,12,86,-1.20E-05,0.041038416,1.940836906,-4.477844951,0.003088772,0.117178619,-0.234748321,0,1,1,1 
HDVD_80,Heavy Duty Trucks_Diesel_Articulated 34 - 40 t_Euro II,,,-0.02,0.5,12,86,4.45E-06,-0.002006601,0.299805267,2.240346771,-1.77E-05,0.018058821,0.163022357,0,1,1,1 
HDVD_80,Heavy Duty Trucks_Diesel_Articulated 34 - 40 t_Euro II,,,-0.02,1,12,86,-0.000393215,0.056226567,3.455676759,0.413553137,0.004415577,0.213576516,0.284323128,0,1,1,1 
HDVD_80,Heavy Duty Trucks_Diesel_Articulated 34 - 40 t_Euro II,,,0,0,12,86,0.000137538,0.126757397,1.397143796,-7.966083376,0.005229396,0.140852801,-0.825902622,0,1,1,1 
HDVD_80,Heavy Duty Trucks_Diesel_Articulated 34 - 40 t_Euro II,,,0,0.5,12,86,0.000128841,0.104183343,0.043223288,-6.486913532,0.004817142,0.045418508,-0.681626595,0,1,1,1 
HDVD_80,Heavy Duty Trucks_Diesel_Articulated 34 - 40 t_Euro II,,,0,1,12,86,0.00012435,0.109464883,1.110554291,-8.230947773,0.004544737,0.119454878,-0.798921116,0,1,1,1 
HDVD_80,Heavy Duty Trucks_Diesel_Articulated 34 - 40 t_Euro II,,,0.02,0,12,86,1.72E-05,0.018940845,0.319854722,-3.912274879,0.000728289,0.025067468,-0.255426619,0,1,1,1 
HDVD_80,Heavy Duty Trucks_Diesel_Articulated 34 - 40 t_Euro II,,,0.02,0.5,12,86,1.79E-05,0.005437366,0.957553285,5.233475338,-0.000136329,0.057268762,0.313127199,0,1,1,1 
HDVD_80,Heavy Duty Trucks_Diesel_Articulated 34 - 40 t_Euro II,,,0.02,1,12,78,-1.92E-06,0.008800231,0.304385041,2.223426498,5.38E-06,0.025315653,0.085835927,0,1,1,1 
HDVD_80,Heavy Duty Trucks_Diesel_Articulated 34 - 40 t_Euro II,,,0.04,0,12,86,3.33E-17,1.35E-15,4.057511025,7.03E-12,-0.001120439,0.226220731,0.040947948,0,1,1,1 
HDVD_80,Heavy Duty Trucks_Diesel_Articulated 34 - 40 t_Euro II,,,0.04,0.5,12,70,0.003124309,0.116609666,2.440620171,0.709610264,0.00766879,0.134159307,0.038708746,0,1,1,1 
HDVD_80,Heavy Duty Trucks_Diesel_Articulated 34 - 40 t_Euro II,,,0.04,1,12,52,0.000718602,0.103816995,0.284715394,8.034628865,0.001755328,0.103967995,-0.139299635,0,1,1,1 
HDVD_80,Heavy Duty Trucks_Diesel_Articulated 34 - 40 t_Euro II,,,0.06,0,12,82,9.25E-06,0.003784175,0.125112213,5.154723929,1.61E-05,0.010179592,0.247585755,0,1,1,1 
HDVD_80,Heavy Duty Trucks_Diesel_Articulated 34 - 40 t_Euro II,,,0.06,0.5,12,52,0.001015892,0.111326815,0.909773923,3.388583819,0.001926568,0.143502925,-0.428047504,0,1,1,1 
HDVD_80,Heavy Duty Trucks_Diesel_Articulated 34 - 40 t_Euro II,,,0.06,1,12,38,-0.00145402,0.058359432,0.288049444,-6.97754301,-0.001732752,0.090126544,-0.723658067,0,1,1,1 
HDVD_81,Heavy Duty Trucks_Diesel_Articulated 34 - 40 t_Euro III,,,-0.06,0,12,86,2.88E-08,-0.000895741,0.367195634,2.825696115,0.000146176,0.031654197,0.200759426,0,1,1,1 
HDVD_81,Heavy Duty Trucks_Diesel_Articulated 34 - 40 t_Euro III,,,-0.06,0.5,12,86,-2.44E-05,0.021409487,1.715464627,-4.119441744,0.004123252,0.118390627,-0.192081621,0,1,1,1 
HDVD_81,Heavy Duty Trucks_Diesel_Articulated 34 - 40 t_Euro III,,,-0.06,1,12,86,-2.40E-05,0.021818979,1.490789793,-4.832479575,0.004050763,0.105397221,-0.246361649,0,1,1,1 
HDVD_81,Heavy Duty Trucks_Diesel_Articulated 34 - 40 t_Euro III,,,-0.04,0,12,86,3.24E-06,-0.001825095,0.34429767,2.818545503,5.76E-05,0.023895104,0.194963785,0,1,1,1 
HDVD_81,Heavy Duty Trucks_Diesel_Articulated 34 - 40 t_Euro III,,,-0.04,0.5,12,86,-0.000741652,0.154903691,-1.841167446,1.271922088,0.011596532,-0.153947321,0.193721005,0,1,1,1 
HDVD_81,Heavy Duty Trucks_Diesel_Articulated 34 - 40 t_Euro III,,,-0.04,1,12,86,1.10E-05,-0.007685406,1.81512713,0.799643182,0.000370677,0.142914568,0.062734071,0,1,1,1 
HDVD_81,Heavy Duty Trucks_Diesel_Articulated 34 - 40 t_Euro III,,,-0.02,0,12,86,8.41E-06,0.002564746,0.316468549,2.252376264,0.00020354,0.022684747,0.11299344,0,1,1,1 
HDVD_81,Heavy Duty Trucks_Diesel_Articulated 34 - 40 t_Euro III,,,-0.02,0.5,12,86,-4.95E-07,-0.000361466,0.337708638,2.509189285,7.49E-05,0.02370968,0.16116107,0,1,1,1 
HDVD_81,Heavy Duty Trucks_Diesel_Articulated 34 - 40 t_Euro III,,,-0.02,1,12,86,1.86E-06,-0.001145764,0.259521675,2.003884854,6.21E-06,0.018491125,0.147631831,0,1,1,1 
HDVD_81,Heavy Duty Trucks_Diesel_Articulated 34 - 40 t_Euro III,,,0,0,12,86,8.11E-05,0.101497563,0.768572967,-6.568329031,0.004838031,0.081167757,-0.631526343,0,1,1,1 
HDVD_81,Heavy Duty Trucks_Diesel_Articulated 34 - 40 t_Euro III,,,0,0.5,12,86,0.000212385,0.209721406,0.377796519,-8.187099197,0.010629551,0.108297565,-1.148620061,0,1,1,1 
HDVD_81,Heavy Duty Trucks_Diesel_Articulated 34 - 40 t_Euro III,,,0,1,12,86,0.000157296,0.147779007,1.577477577,-6.054376823,0.006955195,0.179906418,-0.930028763,0,1,1,1 
HDVD_81,Heavy Duty Trucks_Diesel_Articulated 34 - 40 t_Euro III,,,0.02,0,12,86,6.98E-05,0.088215786,1.028670755,-6.874601111,0.003916927,0.090329966,-0.586461242,0,1,1,1 
HDVD_81,Heavy Duty Trucks_Diesel_Articulated 34 - 40 t_Euro III,,,0.02,0.5,12,86,3.63E-05,0.017280168,0.622702494,3.161484145,0.000389769,0.054789994,0.07413917,0,1,1,1 
HDVD_81,Heavy Duty Trucks_Diesel_Articulated 34 - 40 t_Euro III,,,0.02,1,12,79,8.61E-05,0.030854044,0.61354088,2.828484046,0.000686406,0.065944207,-0.001538944,0,1,1,1 
HDVD_81,Heavy Duty Trucks_Diesel_Articulated 34 - 40 t_Euro III,,,0.04,0,12,86,9.93E-18,-6.36E-16,2.89104333,-8.36E-12,-0.000832064,0.178914992,-0.073385629,0,1,1,1 
HDVD_81,Heavy Duty Trucks_Diesel_Articulated 34 - 40 t_Euro III,,,0.04,0.5,12,72,5.44E-05,0.021762604,0.635715674,3.701858301,0.000299665,0.056936314,0.113949873,0,1,1,1 
HDVD_81,Heavy Duty Trucks_Diesel_Articulated 34 - 40 t_Euro III,,,0.04,1,12,52,0.000112524,0.009540421,-0.224724579,3.064568606,0.000549945,-0.010320612,0.152100424,0,1,1,1 
HDVD_81,Heavy Duty Trucks_Diesel_Articulated 34 - 40 t_Euro III,,,0.06,0,12,83,6.72E-05,0.024882684,0.579981031,4.247006123,0.000497202,0.059968019,0.038690741,0,1,1,1 
HDVD_81,Heavy Duty Trucks_Diesel_Articulated 34 - 40 t_Euro III,,,0.06,0.5,12,52,0.000551187,0.012131149,-0.57830256,4.547945053,0.001815654,-0.046285434,0.311061791,0,1,1,1 
HDVD_81,Heavy Duty Trucks_Diesel_Articulated 34 - 40 t_Euro III,,,0.06,1,12,38,0.001189571,0.004544457,-0.640493576,5.149993364,0.002583255,-0.062997738,0.393223843,0,1,1,1 
HDVD_82,Heavy Duty Trucks_Diesel_Articulated 34 - 40 t_Euro IV,,,-0.06,0,12,86,6.56E-06,-0.002335835,1.446263724,-4.632332243,0.033721467,0.201642152,1.882879394,0,1,1,1 
HDVD_82,Heavy Duty Trucks_Diesel_Articulated 34 - 40 t_Euro IV,,,-0.06,0.5,12,86,3.40E-06,-0.001304854,1.391526207,-4.355983617,0.035170063,0.236915248,1.696148298,0,1,1,1 
HDVD_82,Heavy Duty Trucks_Diesel_Articulated 34 - 40 t_Euro IV,,,-0.06,1,12,86,1.35E-07,-0.000173494,1.075400922,-3.426385981,0.027942917,0.219347808,1.234691857,0,1,1,1 
HDVD_82,Heavy Duty Trucks_Diesel_Articulated 34 - 40 t_Euro IV,,,-0.04,0,12,86,-7.28E-06,0.002682278,1.392252067,-4.394900118,0.028422665,0.296380897,0.752466817,0,1,1,1 
HDVD_82,Heavy Duty Trucks_Diesel_Articulated 34 - 40 t_Euro IV,,,-0.04,0.5,12,86,-1.11E-06,0.000244027,0.858510381,-2.986861464,0.016972213,0.153970062,0.931586568,0,1,1,1 
HDVD_82,Heavy Duty Trucks_Diesel_Articulated 34 - 40 t_Euro IV,,,-0.04,1,12,86,8.18E-07,-0.000471581,0.699054504,-2.648749709,0.013085191,0.106310816,0.991317222,0,1,1,1 
HDVD_82,Heavy Duty Trucks_Diesel_Articulated 34 - 40 t_Euro IV,,,-0.02,0,12,86,-2.88E-05,0.022858011,1.658854338,-4.006737499,0.029034223,0.625552037,-0.534901076,0,1,1,1 
HDVD_82,Heavy Duty Trucks_Diesel_Articulated 34 - 40 t_Euro IV,,,-0.02,0.5,12,86,-1.33E-05,0.007044215,0.927537619,-3.104077987,0.01308506,0.263348499,0.478321752,0,1,1,1 
HDVD_82,Heavy Duty Trucks_Diesel_Articulated 34 - 40 t_Euro IV,,,-0.02,1,12,86,2.16E-06,-0.000978049,1.070568982,0.048896202,0.007856605,0.295874393,3.050814294,0,1,1,1 
HDVD_82,Heavy Duty Trucks_Diesel_Articulated 34 - 40 t_Euro IV,,,0,0,12,86,8.84E-06,0.001505061,0.410697715,3.280673137,-0.000245329,0.239204356,1.48159577,0,1,1,1 
HDVD_82,Heavy Duty Trucks_Diesel_Articulated 34 - 40 t_Euro IV,,,0,0.5,12,86,-1.34E-17,-5.40E-16,1.969547767,-1.27E-12,-0.003580867,0.86332332,1.985785727,0,1,1,1 
HDVD_82,Heavy Duty Trucks_Diesel_Articulated 34 - 40 t_Euro IV,,,0,1,12,86,1.84E-15,1.01E-13,1.448813797,7.52E-11,-0.002087085,0.522783228,2.282909803,0,1,1,1 
HDVD_82,Heavy Duty Trucks_Diesel_Articulated 34 - 40 t_Euro IV,,,0.02,0,12,86,3.98E-05,0.004993945,0.642413146,3.206828227,-0.001319289,0.359184495,1.455785336,0,1,1,1 
HDVD_82,Heavy Duty Trucks_Diesel_Articulated 34 - 40 t_Euro IV,,,0.02,0.5,12,86,0.000134103,0.037229,0.673109148,2.08456681,0.002709038,0.462559209,0.727466364,0,1,1,1 
HDVD_82,Heavy Duty Trucks_Diesel_Articulated 34 - 40 t_Euro IV,,,0.02,1,12,81,0.000237616,0.053194529,0.126147605,-3.10857306,0.005887681,0.36397535,-2.748047126,0,1,1,1 
HDVD_82,Heavy Duty Trucks_Diesel_Articulated 34 - 40 t_Euro IV,,,0.04,0,12,86,0.00032765,0.029662172,0.515335498,5.282538239,0.003522391,0.403661314,1.713341309,0,1,1,1 
HDVD_82,Heavy Duty Trucks_Diesel_Articulated 34 - 40 t_Euro IV,,,0.04,0.5,12,73,-0.000248738,0.015208353,0.402874666,-4.047682827,-0.002750691,0.246187927,-1.619823837,0,1,1,1 
HDVD_82,Heavy Duty Trucks_Diesel_Articulated 34 - 40 t_Euro IV,,,0.04,1,12,54,5.69E-05,-0.005428149,0.089696016,2.199423065,0.000471767,-0.050766148,1.389346253,0,1,1,1 
HDVD_82,Heavy Duty Trucks_Diesel_Articulated 34 - 40 t_Euro IV,,,0.06,0,12,85,-0.000593244,0.049368394,0.368155598,-9.768046682,-0.006375302,0.645765747,-6.532754538,0,1,1,1 
HDVD_82,Heavy Duty Trucks_Diesel_Articulated 34 - 40 t_Euro IV,,,0.06,0.5,12,55,-0.000438977,0.024069301,0.178082614,-4.187836097,-0.003633529,0.256640084,-2.342989285,0,1,1,1 
HDVD_82,Heavy Duty Trucks_Diesel_Articulated 34 - 40 t_Euro IV,,,0.06,1,12,40,-0.001916942,0.082233722,1.046734508,-6.093339537,-0.010893454,0.642772414,-1.736623911,0,1,1,1 
HDVD_82,Heavy Duty Trucks_Diesel_Articulated 34 - 40 t_Euro IV,,,-0.06,0,12,86,6.56E-06,-0.002335835,1.446263724,-4.632332243,0.033721467,0.201642152,1.882879394,0,1,1,1 
HDVD_82,Heavy Duty Trucks_Diesel_Articulated 34 - 40 t_Euro IV,,,-0.06,0.5,12,86,3.40E-06,-0.001304854,1.391526207,-4.355983617,0.035170063,0.236915248,1.696148298,0,1,1,1 
HDVD_82,Heavy Duty Trucks_Diesel_Articulated 34 - 40 t_Euro IV,,,-0.06,1,12,86,1.35E-07,-0.000173494,1.075400922,-3.426385981,0.027942917,0.219347808,1.234691857,0,1,1,1 
HDVD_82,Heavy Duty Trucks_Diesel_Articulated 34 - 40 t_Euro IV,,,-0.04,0,12,86,-7.28E-06,0.002682278,1.392252067,-4.394900118,0.028422665,0.296380897,0.752466817,0,1,1,1 
HDVD_82,Heavy Duty Trucks_Diesel_Articulated 34 - 40 t_Euro IV,,,-0.04,1,12,86,8.18E-07,-0.000471581,0.699054504,-2.648749709,0.013085191,0.106310816,0.991317222,0,1,1,1 
HDVD_82,Heavy Duty Trucks_Diesel_Articulated 34 - 40 t_Euro IV,,,-0.02,0,12,86,-2.88E-05,0.022858011,1.658854338,-4.006737499,0.029034223,0.625552037,-0.534901076,0,1,1,1 
HDVD_82,Heavy Duty Trucks_Diesel_Articulated 34 - 40 t_Euro IV,,,-0.02,1,12,86,2.16E-06,-0.000978049,1.070568982,0.048896202,0.007856605,0.295874393,3.050814294,0,1,1,1 
HDVD_82,Heavy Duty Trucks_Diesel_Articulated 34 - 40 t_Euro IV,,,0,0,12,86,8.84E-06,0.001505061,0.410697715,3.280673137,-0.000245329,0.239204356,1.48159577,0,1,1,1 
HDVD_82,Heavy Duty Trucks_Diesel_Articulated 34 - 40 t_Euro IV,,,0,1,12,86,1.84E-15,1.01E-13,1.448813797,7.52E-11,-0.002087085,0.522783228,2.282909803,0,1,1,1 
HDVD_82,Heavy Duty Trucks_Diesel_Articulated 34 - 40 t_Euro IV,,,0.02,0,12,86,3.98E-05,0.004993945,0.642413146,3.206828227,-0.001319289,0.359184495,1.455785336,0,1,1,1 
HDVD_82,Heavy Duty Trucks_Diesel_Articulated 34 - 40 t_Euro IV,,,0.02,1,12,81,0.000237616,0.053194529,0.126147605,-3.10857306,0.005887681,0.36397535,-2.748047126,0,1,1,1 
HDVD_82,Heavy Duty Trucks_Diesel_Articulated 34 - 40 t_Euro IV,,,0.04,0,12,86,0.00032765,0.029662172,0.515335498,5.282538239,0.003522391,0.403661314,1.713341309,0,1,1,1 
HDVD_82,Heavy Duty Trucks_Diesel_Articulated 34 - 40 t_Euro IV,,,0.04,1,12,54,5.69E-05,-0.005428149,0.089696016,2.199423065,0.000471767,-0.050766148,1.389346253,0,1,1,1 
HDVD_82,Heavy Duty Trucks_Diesel_Articulated 34 - 40 t_Euro IV,,,0.06,0,12,85,-0.000593244,0.049368394,0.368155598,-9.768046682,-0.006375302,0.645765747,-6.532754538,0,1,1,1 
HDVD_82,Heavy Duty Trucks_Diesel_Articulated 34 - 40 t_Euro IV,,,0.06,0.5,12,55,-0.000438977,0.024069301,0.178082614,-4.187836097,-0.003633529,0.256640084,-2.342989285,0,1,1,1 
HDVD_82,Heavy Duty Trucks_Diesel_Articulated 34 - 40 t_Euro IV,,,0.06,1,12,40,-0.001916942,0.082233722,1.046734508,-6.093339537,-0.010893454,0.642772414,-1.736623911,0,1,1,1 
HDVD_83,Heavy Duty Trucks_Diesel_Articulated 34 - 40 t_Euro V,SCR,,-0.06,0,5,85,-0.002549745,0.250967158,-1.160725776,1.833694674,0.318702704,-1.698704246,3.532284912,0,1,1,1 
HDVD_83,Heavy Duty Trucks_Diesel_Articulated 34 - 40 t_Euro V,SCR,,-0.06,0.5,5,85,-0.002558534,0.25158759,-1.187985084,1.960760918,0.336127619,-1.871617219,4.108848384,0,1,1,1 
HDVD_83,Heavy Duty Trucks_Diesel_Articulated 34 - 40 t_Euro V,SCR,,-0.06,1,5,80,-0.003491516,0.308296619,-1.375962057,1.214135242,0.354390983,-1.219467854,-0.140999236,0,1,1,1 
HDVD_83,Heavy Duty Trucks_Diesel_Articulated 34 - 40 t_Euro V,SCR,,-0.04,0,5,85,-0.002629802,0.284346379,-1.28289827,2.114707429,0.322178747,-1.631539664,3.679176703,0,1,1,1 
HDVD_83,Heavy Duty Trucks_Diesel_Articulated 34 - 40 t_Euro V,SCR,,-0.04,0.5,5,85,-0.003623826,0.342362577,-1.452938742,0.961137779,0.330520995,-0.81731734,-1.536748703,0,1,1,1 
HDVD_83,Heavy Duty Trucks_Diesel_Articulated 34 - 40 t_Euro V,SCR,,-0.04,1,5,85,-0.003122612,0.316972107,-1.440359527,1.339911912,0.329765982,-1.160685705,5.96E-05,0,1,1,1 
HDVD_83,Heavy Duty Trucks_Diesel_Articulated 34 - 40 t_Euro V,SCR,,-0.02,0,5,85,-0.001855635,0.358855663,-1.583031836,2.456999225,0.373941359,-1.66238751,3.259536784,0,1,1,1 
HDVD_83,Heavy Duty Trucks_Diesel_Articulated 34 - 40 t_Euro V,SCR,,-0.02,0.5,5,85,-0.002333669,0.376782209,-1.692637387,1.519801488,0.363145173,-1.237320932,-4.03E-10,0,1,1,1 
HDVD_83,Heavy Duty Trucks_Diesel_Articulated 34 - 40 t_Euro V,SCR,,-0.02,1,5,85,-0.002226218,0.383325692,-1.753709783,1.658974376,0.35737536,-1.212782494,5.41E-11,0,1,1,1 
HDVD_83,Heavy Duty Trucks_Diesel_Articulated 34 - 40 t_Euro V,SCR,,0,0,5,85,0.00071134,0.065972025,0.348326884,0.913871051,0.092216397,-0.106083019,3.513037399,0,1,1,1 
HDVD_83,Heavy Duty Trucks_Diesel_Articulated 34 - 40 t_Euro V,SCR,,0,0.5,5,85,0.001123343,0.12698678,-0.265109318,1.357711749,0.14142525,-0.537717521,3.076416945,0,1,1,1 
HDVD_83,Heavy Duty Trucks_Diesel_Articulated 34 - 40 t_Euro V,SCR,,0,1,5,85,0.002767367,0.402632319,-1.40622957,1.961428335,0.350386061,-0.927130729,1.890796234,0,1,1,1 
HDVD_83,Heavy Duty Trucks_Diesel_Articulated 34 - 40 t_Euro V,SCR,,0.02,0,5,85,0.001519927,0.083042284,0.395717596,0.977838978,0.108518481,-0.081106966,3.496010869,0,1,1,1 
HDVD_83,Heavy Duty Trucks_Diesel_Articulated 34 - 40 t_Euro V,SCR,,0.02,0.5,5,85,0.002379227,0.043369776,0.522498554,1.245060352,0.083141645,-0.185345679,4.379276658,0,1,1,1 
HDVD_83,Heavy Duty Trucks_Diesel_Articulated 34 - 40 t_Euro V,SCR,,0.02,1,5,80,0.002150139,0.01636938,0.483582015,1.012685263,0.049763813,-0.156837393,3.646454648,0,1,1,1 
HDVD_83,Heavy Duty Trucks_Diesel_Articulated 34 - 40 t_Euro V,SCR,,0.04,0,5,85,0.001008768,0.006558824,0.899120687,0.382025584,0.030050504,0.321049603,3.101859019,0,1,1,1 
HDVD_83,Heavy Duty Trucks_Diesel_Articulated 34 - 40 t_Euro V,SCR,,0.04,0.5,5,75,0.000191386,0.004198636,1.272621227,-0.147426098,-0.002898683,0.722422889,2.675692963,0,1,1,1 
HDVD_83,Heavy Duty Trucks_Diesel_Articulated 34 - 40 t_Euro V,SCR,,0.04,1,5,55,0.019454158,0.388711136,-1.156675297,1.574142406,0.349413659,-0.579739001,1.275597691,0,1,1,1 
HDVD_83,Heavy Duty Trucks_Diesel_Articulated 34 - 40 t_Euro V,SCR,,0.06,0,5,85,0.001190174,-0.001286311,0.903676816,0.37917327,0.022825596,0.296672153,3.04384503,0,1,1,1 
HDVD_83,Heavy Duty Trucks_Diesel_Articulated 34 - 40 t_Euro V,SCR,,0.06,0.5,5,55,0.021478067,0.364780547,-1.79200958,0.59861673,0.374470994,-0.856111638,-1.965113811,0,1,1,1 
HDVD_83,Heavy Duty Trucks_Diesel_Articulated 34 - 40 t_Euro V,SCR,,0.06,1,5,40,0.029450781,0.488491749,-1.494031854,1.510937696,0.377424454,-0.261558045,-4.38E-08,0,1,1,1 
HDVD_83,Heavy Duty Trucks_Diesel_Articulated 34 - 40 t_Euro V,EGR,,-0.06,0,5,80,-0.000608017,0.044331325,0.495311736,3.224994402,0.029024495,-0.080334587,2.259950981,0,1,1,1 
HDVD_83,Heavy Duty Trucks_Diesel_Articulated 34 - 40 t_Euro V,EGR,,-0.06,0.5,5,65,-0.008980935,0.663808645,-2.625290424,1.235690015,0.225242157,-0.833093832,-9.97E-13,0,1,1,1 
HDVD_83,Heavy Duty Trucks_Diesel_Articulated 34 - 40 t_Euro V,EGR,,-0.06,1,5,85,-0.000367371,0.029487178,0.146553778,3.071759716,0.023568605,-0.150750829,2.189282737,0,1,1,1 
HDVD_83,Heavy Duty Trucks_Diesel_Articulated 34 - 40 t_Euro V,EGR,,-0.04,0,5,75,-0.006356244,0.524325684,-1.498565664,-2.705994923,0.124651592,-0.075601328,-1.986650251,0,1,1,1 
HDVD_83,Heavy Duty Trucks_Diesel_Articulated 34 - 40 t_Euro V,EGR,,-0.04,0.5,5,80,-0.003107986,0.269016024,-1.181986229,2.32389037,0.078745474,-0.372386856,0.919387565,0,1,1,1 
HDVD_83,Heavy Duty Trucks_Diesel_Articulated 34 - 40 t_Euro V,EGR,,-0.04,1,5,80,-0.003141177,0.275390832,-1.30951869,2.531132756,0.084769864,-0.439115074,1.034122964,0,1,1,1 
HDVD_83,Heavy Duty Trucks_Diesel_Articulated 34 - 40 t_Euro V,EGR,,-0.02,0,5,85,-0.001585867,0.393073702,-1.882484046,0.817966866,0.103183725,-0.453469444,-1.20E-11,0,1,1,1 
HDVD_83,Heavy Duty Trucks_Diesel_Articulated 34 - 40 t_Euro V,EGR,,-0.02,0.5,5,85,-0.002777786,0.375693365,-1.139911505,1.688866383,0.091720747,-0.214916777,0.41320137,0,1,1,1 
HDVD_83,Heavy Duty Trucks_Diesel_Articulated 34 - 40 t_Euro V,EGR,,-0.02,1,5,85,-0.003327676,0.422230076,-1.230267334,1.785511618,0.10150931,-0.207619193,0.429081532,0,1,1,1 
HDVD_83,Heavy Duty Trucks_Diesel_Articulated 34 - 40 t_Euro V,EGR,,0,0,5,85,-0.000109226,-0.008034784,1.664090902,0.52304589,-0.004279897,0.387149208,0.418379705,0,1,1,1 
HDVD_83,Heavy Duty Trucks_Diesel_Articulated 34 - 40 t_Euro V,EGR,,0,0.5,5,85,0.001665047,0.265847163,2.058368504,-0.664514379,0.056869007,0.58115916,1.75E-11,0,1,1,1 
HDVD_83,Heavy Duty Trucks_Diesel_Articulated 34 - 40 t_Euro V,EGR,,0,1,5,85,0.001021445,0.192482047,2.082467519,-0.54998443,0.036095503,0.597444668,1.80E-08,0,1,1,1 
HDVD_83,Heavy Duty Trucks_Diesel_Articulated 34 - 40 t_Euro V,EGR,,0.02,0,5,85,0.009506209,0.882557986,-3.49499634,1.447993881,0.207230452,-0.692933052,3.17E-13,0,1,1,1 
HDVD_83,Heavy Duty Trucks_Diesel_Articulated 34 - 40 t_Euro V,EGR,,0.02,0.5,5,85,-0.000344859,0.013890163,2.2076636,-0.893401241,-0.005132927,0.513745771,-1.19E-13,0,1,1,1 
HDVD_83,Heavy Duty Trucks_Diesel_Articulated 34 - 40 t_Euro V,EGR,,0.02,1,5,80,0.005257667,0.221559242,-1.946940456,0.360029531,0.059645847,-0.417865489,-0.132847555,0,1,1,1 
HDVD_83,Heavy Duty Trucks_Diesel_Articulated 34 - 40 t_Euro V,EGR,,0.04,0,5,85,-0.000232739,0.013317643,3.164903958,-1.598798741,-0.005494085,0.680040647,-6.24E-13,0,1,1,1 
HDVD_83,Heavy Duty Trucks_Diesel_Articulated 34 - 40 t_Euro V,EGR,,0.04,0.5,5,75,-8.76E-05,0.058139769,1.957396957,-0.813216941,0.000576776,0.454796058,4.62E-14,0,1,1,1 
HDVD_83,Heavy Duty Trucks_Diesel_Articulated 34 - 40 t_Euro V,EGR,,0.04,1,5,55,-0.000613338,0.080049209,2.246216317,-0.819044748,-0.0013434,0.531536144,1.81E-10,0,1,1,1 
HDVD_83,Heavy Duty Trucks_Diesel_Articulated 34 - 40 t_Euro V,EGR,,0.06,0,5,85,0.004783878,0.187744235,-1.802940324,1.514511852,0.050370298,-0.392510979,0.220520306,0,1,1,1 
HDVD_83,Heavy Duty Trucks_Diesel_Articulated 34 - 40 t_Euro V,EGR,,0.06,0.5,5,55,-0.000571757,0.086850786,2.304146284,-0.929974449,-0.000480844,0.533521445,-1.82E-10,0,1,1,1 
HDVD_83,Heavy Duty Trucks_Diesel_Articulated 34 - 40 t_Euro V,EGR,,0.06,1,5,40,0.018806091,0.92939447,0.094041043,1.229951207,0.148978672,0.346044989,3.98E-10,0,1,1,1 
HDVD_84,Heavy Duty Trucks_Diesel_Articulated 34 - 40 t_Euro VI,,,-0.06,0,5,70,-0.003837043,0.294435686,-1.361880483,0.792909585,0.298847735,-1.2717099,1.27E-06,0,1,1,1 
HDVD_84,Heavy Duty Trucks_Diesel_Articulated 34 - 40 t_Euro VI,,,-0.06,0.5,5,70,-0.006095656,0.46637946,-2.240424617,2.438707125,0.546812876,-2.717332095,2.813771834,0,1,1,1 
HDVD_84,Heavy Duty Trucks_Diesel_Articulated 34 - 40 t_Euro VI,,,-0.06,1,5,65,-0.006129283,0.436370324,-1.666958323,0.863524342,0.504452946,-1.735823353,3.62E-07,0,1,1,1 
HDVD_84,Heavy Duty Trucks_Diesel_Articulated 34 - 40 t_Euro VI,,,-0.04,0,5,85,-0.003876003,0.35012568,-1.373391874,0.764535251,0.316912324,-1.092562479,1.29E-06,0,1,1,1 
HDVD_84,Heavy Duty Trucks_Diesel_Articulated 34 - 40 t_Euro VI,,,-0.04,0.5,5,80,-0.004148054,0.354497967,-1.402382158,0.868942063,0.333772048,-1.131716729,-3.70E-09,0,1,1,1 
HDVD_84,Heavy Duty Trucks_Diesel_Articulated 34 - 40 t_Euro VI,,,-0.04,1,5,80,-0.005650178,0.481895188,-1.928348372,1.284542546,0.472382841,-1.640407881,0.177594291,0,1,1,1 
HDVD_84,Heavy Duty Trucks_Diesel_Articulated 34 - 40 t_Euro VI,,,-0.02,0,5,85,-0.001923082,0.476516662,-2.281981601,0.991677842,0.416931551,-1.832204455,8.04E-08,0,1,1,1 
HDVD_84,Heavy Duty Trucks_Diesel_Articulated 34 - 40 t_Euro VI,,,-0.02,0.5,5,85,-0.001978459,0.230077072,-0.365659227,-2.477651017,0.16159845,0.343830331,-4.446315173,0,1,1,1 
HDVD_84,Heavy Duty Trucks_Diesel_Articulated 34 - 40 t_Euro VI,,,-0.02,1,5,85,-0.003102018,0.39427022,-1.16424931,1.707496606,0.316316299,-0.668227795,1.391067513,0,1,1,1 
HDVD_84,Heavy Duty Trucks_Diesel_Articulated 34 - 40 t_Euro VI,,,0,0,5,85,-8.19E-05,-0.00600866,1.246050888,0.378867221,-0.010686532,0.966697189,1.030702688,0,1,1,1 
HDVD_84,Heavy Duty Trucks_Diesel_Articulated 34 - 40 t_Euro VI,,,0,0.5,5,85,0.001280516,0.203363878,1.546568468,-0.504509115,0.145427403,1.454797725,3.61E-07,0,1,1,1 
HDVD_84,Heavy Duty Trucks_Diesel_Articulated 34 - 40 t_Euro VI,,,0,1,5,85,0.000806061,0.149141228,1.576464607,-0.428323682,0.093982893,1.503758508,8.63E-08,0,1,1,1 
HDVD_84,Heavy Duty Trucks_Diesel_Articulated 34 - 40 t_Euro VI,,,0.02,0,5,85,0.002174569,0.203223874,-1.455207264,0.633587803,0.162149792,-1.013087264,1.98E-13,0,1,1,1 
HDVD_84,Heavy Duty Trucks_Diesel_Articulated 34 - 40 t_Euro VI,,,0.02,0.5,5,85,-0.000622439,0.025347486,4.048836727,-1.653460269,-0.031085972,3.133818444,2.16E-10,0,1,1,1 
HDVD_84,Heavy Duty Trucks_Diesel_Articulated 34 - 40 t_Euro VI,,,0.02,1,5,80,0.000645566,0.018685253,-0.375343448,1.525288241,0.023085551,-0.338377196,1.263267168,0,1,1,1 
HDVD_84,Heavy Duty Trucks_Diesel_Articulated 34 - 40 t_Euro VI,,,0.04,0,5,85,-0.000153079,0.008810115,2.10348389,-1.064947205,-0.012132828,1.5054825,6.36E-10,0,1,1,1 
HDVD_84,Heavy Duty Trucks_Diesel_Articulated 34 - 40 t_Euro VI,,,0.04,0.5,5,75,-5.67E-05,0.048129215,1.632252665,-0.691375428,0.001829463,1.257943495,6.44E-11,0,1,1,1 
HDVD_84,Heavy Duty Trucks_Diesel_Articulated 34 - 40 t_Euro VI,,,0.04,1,5,55,-0.000435065,0.060606984,1.817378991,-0.721850079,-0.003898448,1.403878427,1.92E-09,0,1,1,1 
HDVD_84,Heavy Duty Trucks_Diesel_Articulated 34 - 40 t_Euro VI,,,0.06,0,5,85,0.010345631,0.438922313,-3.26321662,1.507019379,0.367272369,-2.201927148,-2.45E-08,0,1,1,1 
HDVD_84,Heavy Duty Trucks_Diesel_Articulated 34 - 40 t_Euro VI,,,0.06,0.5,5,55,-0.000302872,0.075188009,1.896932417,-0.786485289,0.00212493,1.456348646,5.80E-09,0,1,1,1 
HDVD_84,Heavy Duty Trucks_Diesel_Articulated 34 - 40 t_Euro VI,,,0.06,1,5,40,0.018613546,0.754877836,-0.778458242,1.091353127,0.447081085,0.199010388,7.15E-08,0,1,1,1 
HDVD_85,Heavy Duty Trucks_Diesel_Articulated 40 - 50 t_Conventional,,,-0.06,0,12,86,1.17E-05,-0.00574434,1.370758869,-3.674842117,0.000414188,0.048455489,-0.112935672,0,1,1,1 
HDVD_85,Heavy Duty Trucks_Diesel_Articulated 40 - 50 t_Conventional,,,-0.06,0.5,12,86,-1.51E-05,0.00828436,1.014612491,-3.211155268,0.001317896,0.0249274,-0.012924198,0,1,1,1 
HDVD_85,Heavy Duty Trucks_Diesel_Articulated 40 - 50 t_Conventional,,,-0.06,1,12,86,-3.03E-05,0.016971022,2.011867318,-6.363838111,0.002702247,0.051891162,-0.033434294,0,1,1,1 
HDVD_85,Heavy Duty Trucks_Diesel_Articulated 40 - 50 t_Conventional,,,-0.04,0,12,86,8.50E-06,-0.003281211,0.396546195,2.876200989,3.60E-05,0.012800482,0.119953693,0,1,1,1 
HDVD_85,Heavy Duty Trucks_Diesel_Articulated 40 - 50 t_Conventional,,,-0.04,0.5,12,86,-2.87E-05,0.014532218,4.487500231,-2.040873294,0.003939887,0.104801802,0.389684674,0,1,1,1 
HDVD_85,Heavy Duty Trucks_Diesel_Articulated 40 - 50 t_Conventional,,,-0.04,1,12,86,-9.41E-05,0.01306888,0.989087603,-3.466247379,0.001085255,0.030762844,-0.093244854,0,1,1,1 
HDVD_85,Heavy Duty Trucks_Diesel_Articulated 40 - 50 t_Conventional,,,-0.02,0,12,86,8.46E-05,-0.004663866,1.111481092,2.36130193,0.000242621,0.029870585,0.130767644,0,1,1,1 
HDVD_85,Heavy Duty Trucks_Diesel_Articulated 40 - 50 t_Conventional,,,-0.02,0.5,12,86,7.13E-07,-0.001529155,0.562794856,4.264016899,7.71E-05,0.020522607,0.135648657,0,1,1,1 
HDVD_85,Heavy Duty Trucks_Diesel_Articulated 40 - 50 t_Conventional,,,-0.02,1,12,86,1.33E-06,-0.001704656,0.532628091,4.017389301,7.57E-05,0.020306699,0.134137617,0,1,1,1 
HDVD_85,Heavy Duty Trucks_Diesel_Articulated 40 - 50 t_Conventional,,,0,0,12,86,5.08E-05,0.05459927,1.84075548,0.869173416,0.001174443,0.071363169,-0.077143378,0,1,1,1 
HDVD_85,Heavy Duty Trucks_Diesel_Articulated 40 - 50 t_Conventional,,,0,0.5,12,86,7.53E-05,0.072736929,1.733233594,-4.939153442,0.001804564,0.081948596,-0.381319898,0,1,1,1 
HDVD_85,Heavy Duty Trucks_Diesel_Articulated 40 - 50 t_Conventional,,,0,1,12,86,0.000106352,0.082893887,1.740978497,-5.882080161,0.002005729,0.093552997,-0.478726619,0,1,1,1 
HDVD_85,Heavy Duty Trucks_Diesel_Articulated 40 - 50 t_Conventional,,,0.02,0,12,86,-0.000209758,0.115531426,2.006851442,-0.956818781,0.002920738,0.062282135,-0.013503153,0,1,1,1 
HDVD_85,Heavy Duty Trucks_Diesel_Articulated 40 - 50 t_Conventional,,,0.02,0.5,12,83,1.18E-05,0.001666403,0.438526204,3.584784248,-2.16E-05,0.016400938,0.095779483,0,1,1,1 
HDVD_85,Heavy Duty Trucks_Diesel_Articulated 40 - 50 t_Conventional,,,0.02,1,12,66,0.000408264,0.169553647,3.249254425,-6.850634461,0.003245998,0.17598704,-0.713280034,0,1,1,1 
HDVD_85,Heavy Duty Trucks_Diesel_Articulated 40 - 50 t_Conventional,,,0.04,0,12,86,1.23E-05,0.001100453,0.364488656,3.422845984,3.22E-06,0.013121262,0.06846567,0,1,1,1 
HDVD_85,Heavy Duty Trucks_Diesel_Articulated 40 - 50 t_Conventional,,,0.04,0.5,12,60,0.000577932,0.193184579,3.292045018,-5.990169775,0.003533495,0.186630472,-0.841835745,0,1,1,1 
HDVD_85,Heavy Duty Trucks_Diesel_Articulated 40 - 50 t_Conventional,,,0.04,1,12,43,0.002141636,0.377469905,3.985389403,-7.307057241,0.006249893,0.300126576,-1.400627079,0,1,1,1 
HDVD_85,Heavy Duty Trucks_Diesel_Articulated 40 - 50 t_Conventional,,,0.06,0,12,77,3.14E-05,0.002378665,0.700698834,6.713621413,-4.58E-05,0.027101454,0.125831829,0,1,1,1 
HDVD_85,Heavy Duty Trucks_Diesel_Articulated 40 - 50 t_Conventional,,,0.06,0.5,12,45,0.000259824,0.042928452,0.009776846,3.979585937,0.000755739,0.022376974,-0.052910934,0,1,1,1 
HDVD_85,Heavy Duty Trucks_Diesel_Articulated 40 - 50 t_Conventional,,,0.06,1,11,31,0.00130617,0.133103485,1.022039725,2.975787341,0.00178031,0.092818909,-0.229914014,0,1,1,1 
HDVD_86,Heavy Duty Trucks_Diesel_Articulated 40 - 50 t_Euro I,,,-0.06,0,12,86,-2.14E-05,-0.002207434,0.9791781,-5.702241053,0.000417322,0.044101213,-0.272251529,0,1,1,1 
HDVD_86,Heavy Duty Trucks_Diesel_Articulated 40 - 50 t_Euro I,,,-0.06,0.5,12,86,-1.26E-05,0.006132768,2.260057215,-0.902358321,0.002955149,0.07619,0.299043022,0,1,1,1 
HDVD_86,Heavy Duty Trucks_Diesel_Articulated 40 - 50 t_Euro I,,,-0.06,1,12,86,-1.30E-05,0.006312249,1.008835273,-3.258844349,0.001708668,0.029100609,0.021274157,0,1,1,1 
HDVD_86,Heavy Duty Trucks_Diesel_Articulated 40 - 50 t_Euro I,,,-0.04,0,12,86,-0.000287566,0.02800495,1.865811344,-3.200904982,0.002068687,0.07150433,-0.051543361,0,1,1,1 
HDVD_86,Heavy Duty Trucks_Diesel_Articulated 40 - 50 t_Euro I,,,-0.04,0.5,12,86,-0.000280457,0.02638075,1.788661132,-2.994427405,0.002110143,0.0736594,-0.050397376,0,1,1,1 
HDVD_86,Heavy Duty Trucks_Diesel_Articulated 40 - 50 t_Euro I,,,-0.04,1,12,86,-0.000272108,0.023746087,1.996267947,-2.902176407,0.002088954,0.086011521,-0.025886974,0,1,1,1 
HDVD_86,Heavy Duty Trucks_Diesel_Articulated 40 - 50 t_Euro I,,,-0.02,0,12,86,-5.85E-06,0.016076054,0.667639173,-3.061302719,0.000832627,0.025678579,-0.118083269,0,1,1,1 
HDVD_86,Heavy Duty Trucks_Diesel_Articulated 40 - 50 t_Euro I,,,-0.02,0.5,12,86,-0.000248074,0.034591919,2.112712551,-0.856613795,0.001863513,0.08350492,0.043789355,0,1,1,1 
HDVD_86,Heavy Duty Trucks_Diesel_Articulated 40 - 50 t_Euro I,,,-0.02,1,12,86,-0.000259407,0.027975251,1.874454267,0.947052741,0.001440167,0.074879326,0.156808526,0,1,1,1 
HDVD_86,Heavy Duty Trucks_Diesel_Articulated 40 - 50 t_Euro I,,,0,0,12,86,9.22E-05,0.081425988,1.460566125,-3.22625224,0.002035856,0.082442615,-0.286364608,0,1,1,1 
HDVD_86,Heavy Duty Trucks_Diesel_Articulated 40 - 50 t_Euro I,,,0,0.5,12,86,0.0001028,0.07878025,0.264162783,-4.148837541,0.002208688,0.034453741,-0.323597579,0,1,1,1 
HDVD_86,Heavy Duty Trucks_Diesel_Articulated 40 - 50 t_Euro I,,,0,1,12,86,0.000170726,0.105795162,0.261672956,-5.585717457,0.002744608,0.047206783,-0.456662186,0,1,1,1 
HDVD_86,Heavy Duty Trucks_Diesel_Articulated 40 - 50 t_Euro I,,,0.02,0,12,86,5.75E-05,0.055024007,0.771816809,-4.902204013,0.001314073,0.042122757,-0.25035993,0,1,1,1 
HDVD_86,Heavy Duty Trucks_Diesel_Articulated 40 - 50 t_Euro I,,,0.02,0.5,12,84,0.000435353,0.009945101,1.391752561,5.6722505,0.000574193,0.039191257,0.323676853,0,1,1,1 
HDVD_86,Heavy Duty Trucks_Diesel_Articulated 40 - 50 t_Euro I,,,0.02,1,12,68,0.001092899,0.316850313,4.264005175,-5.111999205,0.004093071,0.286440117,-0.859645786,0,1,1,1 
HDVD_86,Heavy Duty Trucks_Diesel_Articulated 40 - 50 t_Euro I,,,0.04,0,12,86,-1.10E-07,5.03E-06,3.224770645,0.847393693,-0.000706127,0.118490968,0.026533881,0,1,1,1 
HDVD_86,Heavy Duty Trucks_Diesel_Articulated 40 - 50 t_Euro I,,,0.04,0.5,12,61,4.52E-05,0.009087097,0.969259452,8.908260081,-0.000122543,0.031462859,0.351645365,0,1,1,1 
HDVD_86,Heavy Duty Trucks_Diesel_Articulated 40 - 50 t_Euro I,,,0.04,1,12,44,0.001816499,0.202734959,1.517604163,4.186518283,0.001983544,0.146011911,-0.386938915,0,1,1,1 
HDVD_86,Heavy Duty Trucks_Diesel_Articulated 40 - 50 t_Euro I,,,0.06,0,12,78,3.95E-05,0.004381725,0.59970797,3.823860962,-9.23E-05,0.024223654,0.109625483,0,1,1,1 
HDVD_86,Heavy Duty Trucks_Diesel_Articulated 40 - 50 t_Euro I,,,0.06,0.5,12,45,0.001052244,0.079741824,-0.346265212,7.044940311,0.001161148,0.034663055,-0.100231261,0,1,1,1 
HDVD_86,Heavy Duty Trucks_Diesel_Articulated 40 - 50 t_Euro I,,,0.06,1,11,32,0.004235554,0.574531864,2.697314587,8.114985689,0.002360147,0.329779436,-0.662435587,0,1,1,1 
HDVD_87,Heavy Duty Trucks_Diesel_Articulated 40 - 50 t_Euro II,,,-0.06,0,12,86,-0.000259029,0.037013294,2.131529995,-5.241098676,0.00406,0.141993423,-0.293844587,0,1,1,1 
HDVD_87,Heavy Duty Trucks_Diesel_Articulated 40 - 50 t_Euro II,,,-0.06,0.5,12,86,4.17E-06,-0.002046666,0.336814337,2.595375303,4.54E-05,0.02584065,0.215810444,0,1,1,1 
HDVD_87,Heavy Duty Trucks_Diesel_Articulated 40 - 50 t_Euro II,,,-0.06,1,12,86,-2.63E-05,0.01745451,2.458464463,-1.874651319,0.00436722,0.138338185,0.33501765,0,1,1,1 
HDVD_87,Heavy Duty Trucks_Diesel_Articulated 40 - 50 t_Euro II,,,-0.04,0,12,86,-0.000275053,0.033040876,2.060793412,-2.001306142,0.003018704,0.122541202,-0.001535915,0,1,1,1 
HDVD_87,Heavy Duty Trucks_Diesel_Articulated 40 - 50 t_Euro II,,,-0.04,0.5,12,86,-0.000267731,0.03317139,2.033719127,-2.547144283,0.003255156,0.128603884,-0.062921337,0,1,1,1 
HDVD_87,Heavy Duty Trucks_Diesel_Articulated 40 - 50 t_Euro II,,,-0.04,1,12,86,5.83E-06,-0.002441489,0.332667382,2.420740366,2.93E-05,0.021985021,0.199658611,0,1,1,1 
HDVD_87,Heavy Duty Trucks_Diesel_Articulated 40 - 50 t_Euro II,,,-0.02,0,12,86,-1.34E-05,0.043424692,2.106330021,-4.349221317,0.00317346,0.121986657,-0.204706294,0,1,1,1 
HDVD_87,Heavy Duty Trucks_Diesel_Articulated 40 - 50 t_Euro II,,,-0.02,0.5,12,86,4.59E-06,-0.00205185,0.302854174,2.25917214,-1.86E-05,0.017685487,0.160574506,0,1,1,1 
HDVD_87,Heavy Duty Trucks_Diesel_Articulated 40 - 50 t_Euro II,,,-0.02,1,12,86,-0.000284884,0.039596679,2.466246832,1.081577763,0.00292513,0.148607841,0.266227786,0,1,1,1 
HDVD_87,Heavy Duty Trucks_Diesel_Articulated 40 - 50 t_Euro II,,,0,0,12,86,0.000130808,0.122577198,1.504937349,-7.655431465,0.004850254,0.140232042,-0.764068875,0,1,1,1 
HDVD_87,Heavy Duty Trucks_Diesel_Articulated 40 - 50 t_Euro II,,,0,0.5,12,86,0.000109902,0.087345732,0.117572123,-5.24012226,0.003831161,0.043352878,-0.551699234,0,1,1,1 
HDVD_87,Heavy Duty Trucks_Diesel_Articulated 40 - 50 t_Euro II,,,0,1,12,86,0.000103281,0.080212226,1.59735651,-7.846705307,0.002871148,0.1345548,-0.678384517,0,1,1,1 
HDVD_87,Heavy Duty Trucks_Diesel_Articulated 40 - 50 t_Euro II,,,0.02,0,12,86,8.75E-05,0.088459583,0.682964826,-9.623937321,0.00343878,0.067929394,-0.691380277,0,1,1,1 
HDVD_87,Heavy Duty Trucks_Diesel_Articulated 40 - 50 t_Euro II,,,0.02,0.5,12,86,2.13E-05,0.006318567,0.938155527,-7.586996445,-0.000156345,0.060722519,-0.457147958,0,1,1,1 
HDVD_87,Heavy Duty Trucks_Diesel_Articulated 40 - 50 t_Euro II,,,0.02,1,12,72,-3.45E-05,0.001318638,0.108543839,3.224609539,-8.66E-05,0.00531119,0.192095657,0,1,1,1 
HDVD_87,Heavy Duty Trucks_Diesel_Articulated 40 - 50 t_Euro II,,,0.04,0,12,86,1.79E-16,2.99E-14,2.093740984,-2.63E-10,-0.000580049,0.113206859,0.017086456,0,1,1,1 
HDVD_87,Heavy Duty Trucks_Diesel_Articulated 40 - 50 t_Euro II,,,0.04,0.5,12,63,0.000298559,0.065541568,0.265554904,3.196688424,0.001308761,0.06535799,-0.160605495,0,1,1,1 
HDVD_87,Heavy Duty Trucks_Diesel_Articulated 40 - 50 t_Euro II,,,0.04,1,12,46,0.000600138,0.088764594,0.290614853,5.282924284,0.001429448,0.0788771,-0.106870822,0,1,1,1 
HDVD_87,Heavy Duty Trucks_Diesel_Articulated 40 - 50 t_Euro II,,,0.06,0,12,81,3.28E-05,0.006595146,0.225882884,6.139293218,6.59E-05,0.017432182,0.2716618,0,1,1,1 
HDVD_87,Heavy Duty Trucks_Diesel_Articulated 40 - 50 t_Euro II,,,0.06,0.5,12,48,0.002363305,0.378871293,3.489778323,4.347618756,0.005904922,0.428659877,-1.121026577,0,1,1,1 
HDVD_87,Heavy Duty Trucks_Diesel_Articulated 40 - 50 t_Euro II,,,0.06,1,11,34,0.000379224,0.018076097,-0.322131796,2.945144923,0.000771245,-0.008388495,0.090128478,0,1,1,1 
HDVD_88,Heavy Duty Trucks_Diesel_Articulated 40 - 50 t_Euro III,,,-0.06,0,12,86,2.07E-05,-0.005606045,0.383986986,-3.002632927,-0.000271495,0.028783666,-0.238438219,0,1,1,1 
HDVD_88,Heavy Duty Trucks_Diesel_Articulated 40 - 50 t_Euro III,,,-0.06,0.5,12,86,-2.43E-05,0.021602857,1.709907508,-4.169291387,0.004005594,0.115177748,-0.194256095,0,1,1,1 
HDVD_88,Heavy Duty Trucks_Diesel_Articulated 40 - 50 t_Euro III,,,-0.06,1,12,86,-2.91E-05,0.025422654,1.818473521,-5.562657866,0.004687894,0.122483416,-0.221157449,0,1,1,1 
HDVD_88,Heavy Duty Trucks_Diesel_Articulated 40 - 50 t_Euro III,,,-0.04,0,12,86,3.25E-06,-0.001838004,0.348449956,2.860008656,5.66E-05,0.023378076,0.19083712,0,1,1,1 
HDVD_88,Heavy Duty Trucks_Diesel_Articulated 40 - 50 t_Euro III,,,-0.04,0.5,12,86,1.90E-06,-0.001488008,0.367867508,2.557847749,8.66E-05,0.028144303,0.181258516,0,1,1,1 
HDVD_88,Heavy Duty Trucks_Diesel_Articulated 40 - 50 t_Euro III,,,-0.04,1,12,86,1.47E-06,-0.001437341,0.41658386,3.055237751,0.000103246,0.034165876,0.229718723,0,1,1,1 
HDVD_88,Heavy Duty Trucks_Diesel_Articulated 40 - 50 t_Euro III,,,-0.02,0,12,86,1.23E-05,0.004144395,0.484606068,3.369130798,0.000316863,0.033398671,0.165976293,0,1,1,1 
HDVD_88,Heavy Duty Trucks_Diesel_Articulated 40 - 50 t_Euro III,,,-0.02,0.5,12,86,-1.34E-06,-5.92E-05,0.402347354,2.959210584,0.000109179,0.027891372,0.184020707,0,1,1,1 
HDVD_88,Heavy Duty Trucks_Diesel_Articulated 40 - 50 t_Euro III,,,-0.02,1,12,86,2.95E-06,-0.001588096,0.300302646,2.312593432,-1.31E-05,0.020658068,0.172579794,0,1,1,1 
HDVD_88,Heavy Duty Trucks_Diesel_Articulated 40 - 50 t_Euro III,,,0,0,12,86,9.16E-05,0.110856043,0.730045087,-6.743425838,0.00512513,0.080041172,-0.651264076,0,1,1,1 
HDVD_88,Heavy Duty Trucks_Diesel_Articulated 40 - 50 t_Euro III,,,0,0.5,12,86,0.000216324,0.206632301,0.515185395,-8.513076939,0.01004261,0.116543747,-1.148629341,0,1,1,1 
HDVD_88,Heavy Duty Trucks_Diesel_Articulated 40 - 50 t_Euro III,,,0,1,12,86,0.000226264,0.184748368,2.358670347,-4.659431576,0.007920082,0.257520871,-1.054458133,0,1,1,1 
HDVD_88,Heavy Duty Trucks_Diesel_Articulated 40 - 50 t_Euro III,,,0.02,0,12,86,7.89E-05,0.095713062,1.273640232,-6.895920711,0.004032623,0.105803337,-0.597089684,0,1,1,1 
HDVD_88,Heavy Duty Trucks_Diesel_Articulated 40 - 50 t_Euro III,,,0.02,0.5,12,86,0.000232516,0.012065667,0.245778509,-4.617068423,0.001016427,0.012434849,-0.268169872,0,1,1,1 
HDVD_88,Heavy Duty Trucks_Diesel_Articulated 40 - 50 t_Euro III,,,0.02,1,12,74,4.42E-05,0.010266808,1.263649942,-8.275328051,-0.000279073,0.090464909,-0.552557761,0,1,1,1 
HDVD_88,Heavy Duty Trucks_Diesel_Articulated 40 - 50 t_Euro III,,,0.04,0,12,86,-3.33E-18,-3.42E-16,2.951857239,1.15E-12,-0.000851728,0.177285557,-0.076558371,0,1,1,1 
HDVD_88,Heavy Duty Trucks_Diesel_Articulated 40 - 50 t_Euro III,,,0.04,0.5,12,65,0.000247786,0.074183473,0.588211842,-4.264261573,0.001903505,0.091826543,-0.608688237,0,1,1,1 
HDVD_88,Heavy Duty Trucks_Diesel_Articulated 40 - 50 t_Euro III,,,0.04,1,12,47,0.000481348,0.019882438,-0.624739596,4.816189123,0.001662491,-0.035919163,0.245330793,0,1,1,1 
HDVD_88,Heavy Duty Trucks_Diesel_Articulated 40 - 50 t_Euro III,,,0.06,0,12,82,8.55E-05,0.030573905,0.669801498,4.937700547,0.000590418,0.068641616,0.036549096,0,1,1,1 
HDVD_88,Heavy Duty Trucks_Diesel_Articulated 40 - 50 t_Euro III,,,0.06,0.5,12,48,0.000639413,0.012317005,-0.564112822,4.861147579,0.001812992,-0.043187921,0.308465418,0,1,1,1 
HDVD_88,Heavy Duty Trucks_Diesel_Articulated 40 - 50 t_Euro III,,,0.06,1,11,34,0.000695949,0.079233229,0.103926859,3.388743746,0.001603024,0.061710129,-0.097755348,0,1,1,1 
HDVD_89,Heavy Duty Trucks_Diesel_Articulated 40 - 50 t_Euro IV,,,-0.06,0,12,86,6.90E-06,-0.002444389,1.409175787,-4.584691381,0.031409982,0.185254123,1.832293522,0,1,1,1 
HDVD_89,Heavy Duty Trucks_Diesel_Articulated 40 - 50 t_Euro IV,,,-0.06,0.5,12,86,3.35E-06,-0.00129957,1.476131634,-4.613469478,0.036115277,0.245593207,1.719183688,0,1,1,1 
HDVD_89,Heavy Duty Trucks_Diesel_Articulated 40 - 50 t_Euro IV,,,-0.06,1,12,86,9.31E-07,-0.000461509,0.898652212,-3.028090925,0.021931107,0.169836313,1.18959949,0,1,1,1 
HDVD_89,Heavy Duty Trucks_Diesel_Articulated 40 - 50 t_Euro IV,,,-0.04,0,12,86,4.92E-06,-0.001882677,1.326759372,0.397232715,0.020411548,0.395229137,2.577001678,0,1,1,1 
HDVD_89,Heavy Duty Trucks_Diesel_Articulated 40 - 50 t_Euro IV,,,-0.04,0.5,12,86,-6.28E-07,5.01E-05,0.874682831,-3.094902708,0.016390882,0.145089671,0.969158224,0,1,1,1 
HDVD_89,Heavy Duty Trucks_Diesel_Articulated 40 - 50 t_Euro IV,,,-0.04,1,12,86,-2.78E-07,-9.64E-05,0.715247583,-2.697515752,0.01275087,0.113519084,0.93014623,0,1,1,1 
HDVD_89,Heavy Duty Trucks_Diesel_Articulated 40 - 50 t_Euro IV,,,-0.02,0,12,86,-2.53E-05,0.020103803,1.466227289,-3.399706653,0.024466914,0.53207239,-0.33454164,0,1,1,1 
HDVD_89,Heavy Duty Trucks_Diesel_Articulated 40 - 50 t_Euro IV,,,-0.02,0.5,12,86,-1.55E-05,0.008100415,1.070332155,-3.667129044,0.013968661,0.283524105,0.651957408,0,1,1,1 
HDVD_89,Heavy Duty Trucks_Diesel_Articulated 40 - 50 t_Euro IV,,,-0.02,1,12,86,7.23E-06,-0.003183011,1.856011984,0.139373516,0.011665742,0.46149988,5.366956934,0,1,1,1 
HDVD_89,Heavy Duty Trucks_Diesel_Articulated 40 - 50 t_Euro IV,,,0,0,12,86,8.33E-06,0.001530711,0.409994496,3.223617085,-0.000254434,0.228096284,1.433319461,0,1,1,1 
HDVD_89,Heavy Duty Trucks_Diesel_Articulated 40 - 50 t_Euro IV,,,0,0.5,12,86,-1.03E-17,-6.18E-16,2.135953812,-4.06E-13,-0.003599264,0.848494603,2.511974379,0,1,1,1 
HDVD_89,Heavy Duty Trucks_Diesel_Articulated 40 - 50 t_Euro IV,,,0,1,12,86,-4.86E-16,-1.24E-14,1.908928907,-2.11E-11,-0.002774373,0.63188212,2.925226945,0,1,1,1 
HDVD_89,Heavy Duty Trucks_Diesel_Articulated 40 - 50 t_Euro IV,,,0.02,0,12,86,4.82E-05,0.006028629,0.751986945,3.334487435,-0.001500877,0.403595102,1.478479143,0,1,1,1 
HDVD_89,Heavy Duty Trucks_Diesel_Articulated 40 - 50 t_Euro IV,,,0.02,0.5,12,86,0.000465675,0.12496724,1.447215125,-1.40616214,0.011136081,1.195845689,-2.186098802,0,1,1,1 
HDVD_89,Heavy Duty Trucks_Diesel_Articulated 40 - 50 t_Euro IV,,,0.02,1,12,74,-7.79E-06,0.001878873,0.339266653,2.112039126,-0.000111156,0.046607971,1.785862325,0,1,1,1 
HDVD_89,Heavy Duty Trucks_Diesel_Articulated 40 - 50 t_Euro IV,,,0.04,0,12,86,0.000572372,0.030204578,0.441421917,3.528483205,0.006677307,0.335853403,0.890129789,0,1,1,1 
HDVD_89,Heavy Duty Trucks_Diesel_Articulated 40 - 50 t_Euro IV,,,0.04,0.5,12,67,-0.000466527,0.028758637,0.37807408,-6.688203767,-0.004586831,0.374386704,-3.428632946,0,1,1,1 
HDVD_89,Heavy Duty Trucks_Diesel_Articulated 40 - 50 t_Euro IV,,,0.04,1,12,49,-0.000641276,0.034401169,0.089070656,-4.578790904,-0.00444396,0.296188806,-2.810617551,0,1,1,1 
HDVD_89,Heavy Duty Trucks_Diesel_Articulated 40 - 50 t_Euro IV,,,0.06,0,12,84,-0.000537001,0.043273239,0.431916821,-9.006592408,-0.005656009,0.565442723,-5.394118873,0,1,1,1 
HDVD_89,Heavy Duty Trucks_Diesel_Articulated 40 - 50 t_Euro IV,,,0.06,0.5,12,50,8.33E-05,-0.007236433,0.087997536,3.601138462,0.000724094,-0.073295267,1.903670335,0,1,1,1 
HDVD_89,Heavy Duty Trucks_Diesel_Articulated 40 - 50 t_Euro IV,,,0.06,1,11,36,9.34E-05,0.130709176,-1.375950337,2.978484016,0.016722096,-0.008718625,-0.858433914,0,1,1,1 
HDVD_89,Heavy Duty Trucks_Diesel_Articulated 40 - 50 t_Euro IV,,,-0.06,0,12,86,6.90E-06,-0.002444389,1.409175787,-4.584691381,0.031409982,0.185254123,1.832293522,0,1,1,1 
HDVD_89,Heavy Duty Trucks_Diesel_Articulated 40 - 50 t_Euro IV,,,-0.06,0.5,12,86,3.35E-06,-0.00129957,1.476131634,-4.613469478,0.036115277,0.245593207,1.719183688,0,1,1,1 
HDVD_89,Heavy Duty Trucks_Diesel_Articulated 40 - 50 t_Euro IV,,,-0.06,1,12,86,9.31E-07,-0.000461509,0.898652212,-3.028090925,0.021931107,0.169836313,1.18959949,0,1,1,1 
HDVD_89,Heavy Duty Trucks_Diesel_Articulated 40 - 50 t_Euro IV,,,-0.04,0,12,86,4.92E-06,-0.001882677,1.326759372,0.397232715,0.020411548,0.395229137,2.577001678,0,1,1,1 
HDVD_89,Heavy Duty Trucks_Diesel_Articulated 40 - 50 t_Euro IV,,,-0.04,1,12,86,-2.78E-07,-9.64E-05,0.715247583,-2.697515752,0.01275087,0.113519084,0.93014623,0,1,1,1 
HDVD_89,Heavy Duty Trucks_Diesel_Articulated 40 - 50 t_Euro IV,,,-0.02,0,12,86,-2.53E-05,0.020103803,1.466227289,-3.399706653,0.024466914,0.53207239,-0.33454164,0,1,1,1 
HDVD_89,Heavy Duty Trucks_Diesel_Articulated 40 - 50 t_Euro IV,,,-0.02,1,12,86,7.23E-06,-0.003183011,1.856011984,0.139373516,0.011665742,0.46149988,5.366956934,0,1,1,1 
HDVD_89,Heavy Duty Trucks_Diesel_Articulated 40 - 50 t_Euro IV,,,0,0,12,86,8.33E-06,0.001530711,0.409994496,3.223617085,-0.000254434,0.228096284,1.433319461,0,1,1,1 
HDVD_89,Heavy Duty Trucks_Diesel_Articulated 40 - 50 t_Euro IV,,,0,1,12,86,-4.86E-16,-1.24E-14,1.908928907,-2.11E-11,-0.002774373,0.63188212,2.925226945,0,1,1,1 
HDVD_89,Heavy Duty Trucks_Diesel_Articulated 40 - 50 t_Euro IV,,,0.02,0,12,86,4.82E-05,0.006028629,0.751986945,3.334487435,-0.001500877,0.403595102,1.478479143,0,1,1,1 
HDVD_89,Heavy Duty Trucks_Diesel_Articulated 40 - 50 t_Euro IV,,,0.02,1,12,74,-7.79E-06,0.001878873,0.339266653,2.112039126,-0.000111156,0.046607971,1.785862325,0,1,1,1 
HDVD_89,Heavy Duty Trucks_Diesel_Articulated 40 - 50 t_Euro IV,,,0.04,0,12,86,0.000572372,0.030204578,0.441421917,3.528483205,0.006677307,0.335853403,0.890129789,0,1,1,1 
HDVD_89,Heavy Duty Trucks_Diesel_Articulated 40 - 50 t_Euro IV,,,0.04,1,12,49,-0.000641276,0.034401169,0.089070656,-4.578790904,-0.00444396,0.296188806,-2.810617551,0,1,1,1 
HDVD_89,Heavy Duty Trucks_Diesel_Articulated 40 - 50 t_Euro IV,,,0.06,0,12,84,-0.000537001,0.043273239,0.431916821,-9.006592408,-0.005656009,0.565442723,-5.394118873,0,1,1,1 
HDVD_89,Heavy Duty Trucks_Diesel_Articulated 40 - 50 t_Euro IV,,,0.06,0.5,12,50,8.33E-05,-0.007236433,0.087997536,3.601138462,0.000724094,-0.073295267,1.903670335,0,1,1,1 
HDVD_89,Heavy Duty Trucks_Diesel_Articulated 40 - 50 t_Euro IV,,,0.06,1,11,36,9.34E-05,0.130709176,-1.375950337,2.978484016,0.016722096,-0.008718625,-0.858433914,0,1,1,1 
HDVD_90,Heavy Duty Trucks_Diesel_Articulated 40 - 50 t_Euro V,SCR,,-0.06,0,5,85,-0.002903199,0.269461068,-1.240886151,1.092187893,0.29315534,-1.100477466,2.64E-06,0,1,1,1 
HDVD_90,Heavy Duty Trucks_Diesel_Articulated 40 - 50 t_Euro V,SCR,,-0.06,0.5,5,80,-0.002935571,0.261253662,-1.166317508,0.980303436,0.286107696,-0.979349673,-0.252330575,0,1,1,1 
HDVD_90,Heavy Duty Trucks_Diesel_Articulated 40 - 50 t_Euro V,SCR,,-0.06,1,5,85,-0.001226054,0.122804775,-0.569283342,1.116182297,0.16748234,-1.018492722,2.783182734,0,1,1,1 
HDVD_90,Heavy Duty Trucks_Diesel_Articulated 40 - 50 t_Euro V,SCR,,-0.04,0,5,85,-0.001875237,0.20283943,-0.911010891,1.507735389,0.220967374,-1.116376877,2.540475206,0,1,1,1 
HDVD_90,Heavy Duty Trucks_Diesel_Articulated 40 - 50 t_Euro V,SCR,,-0.04,0.5,5,85,-0.001938873,0.205577649,-0.933322247,1.464463881,0.225200175,-1.139481379,2.476631962,0,1,1,1 
HDVD_90,Heavy Duty Trucks_Diesel_Articulated 40 - 50 t_Euro V,SCR,,-0.04,1,5,85,-0.001954779,0.215333593,-1.030413586,1.63029591,0.237985694,-1.286771908,2.763205357,0,1,1,1 
HDVD_90,Heavy Duty Trucks_Diesel_Articulated 40 - 50 t_Euro V,SCR,,-0.02,0,5,85,-0.002047029,0.397810942,-1.772866356,2.793041171,0.39831062,-1.797610241,3.595502261,0,1,1,1 
HDVD_90,Heavy Duty Trucks_Diesel_Articulated 40 - 50 t_Euro V,SCR,,-0.02,0.5,5,85,-0.002299816,0.383942975,-1.732626717,1.580475458,0.352604557,-1.196815375,-1.43E-12,0,1,1,1 
HDVD_90,Heavy Duty Trucks_Diesel_Articulated 40 - 50 t_Euro V,SCR,,-0.02,1,5,85,-0.002071233,0.389087434,-1.787894592,1.715725478,0.342859608,-1.156260292,-8.57E-09,0,1,1,1 
HDVD_90,Heavy Duty Trucks_Diesel_Articulated 40 - 50 t_Euro V,SCR,,0,0,5,85,0.000809336,0.0817815,0.220092207,1.049686739,0.105353223,-0.223990595,3.464608883,0,1,1,1 
HDVD_90,Heavy Duty Trucks_Diesel_Articulated 40 - 50 t_Euro V,SCR,,0,0.5,5,85,0.002395379,0.302292836,-0.995614838,2.286340604,0.294986583,-1.074474267,3.738736357,0,1,1,1 
HDVD_90,Heavy Duty Trucks_Diesel_Articulated 40 - 50 t_Euro V,SCR,,0,1,5,85,0.003074147,0.429869773,-1.406262143,1.838424148,0.335671466,-0.692701513,1.405185846,0,1,1,1 
HDVD_90,Heavy Duty Trucks_Diesel_Articulated 40 - 50 t_Euro V,SCR,,0.02,0,5,85,0.001506577,0.078611525,0.344259261,0.964939227,0.100421268,-0.114129656,3.240629321,0,1,1,1 
HDVD_90,Heavy Duty Trucks_Diesel_Articulated 40 - 50 t_Euro V,SCR,,0.02,0.5,5,85,0.002155571,0.02978568,0.607072904,1.058299082,0.062683555,-0.08265129,3.972495515,0,1,1,1 
HDVD_90,Heavy Duty Trucks_Diesel_Articulated 40 - 50 t_Euro V,SCR,,0.02,1,5,75,0.002678459,0.019175909,0.66023934,1.072333298,0.052499949,-0.114404237,4.112418573,0,1,1,1 
HDVD_90,Heavy Duty Trucks_Diesel_Articulated 40 - 50 t_Euro V,SCR,,0.04,0,5,85,0.00104372,0.005429664,1.036767197,0.353530362,0.028260723,0.390900144,3.255003052,0,1,1,1 
HDVD_90,Heavy Duty Trucks_Diesel_Articulated 40 - 50 t_Euro V,SCR,,0.04,0.5,5,65,0.002762139,0.009849584,0.676336947,0.833789468,0.045350112,-0.039867519,3.492931134,0,1,1,1 
HDVD_90,Heavy Duty Trucks_Diesel_Articulated 40 - 50 t_Euro V,SCR,,0.04,1,5,45,0.00255427,0.004968155,2.914291056,1.431322878,0.020331005,0.745484816,9.507609759,0,1,1,1 
HDVD_90,Heavy Duty Trucks_Diesel_Articulated 40 - 50 t_Euro V,SCR,,0.06,0,5,85,0.001211009,-0.001997112,1.031825657,0.354758094,0.02087096,0.360265659,3.16886646,0,1,1,1 
HDVD_90,Heavy Duty Trucks_Diesel_Articulated 40 - 50 t_Euro V,SCR,,0.06,0.5,5,50,0.001740371,-0.009821461,0.830920051,0.681628743,0.016014652,0.085656481,3.286916186,0,1,1,1 
HDVD_90,Heavy Duty Trucks_Diesel_Articulated 40 - 50 t_Euro V,SCR,,0.06,1,5,35,0.006886586,-0.04074356,0.279734532,0.959669059,0.052361738,-0.460203816,2.643174359,0,1,1,1 
HDVD_90,Heavy Duty Trucks_Diesel_Articulated 40 - 50 t_Euro V,EGR,,-0.06,0,5,80,-0.000552735,0.04060568,0.415012185,2.84150886,0.024806749,-0.072979369,1.913969434,0,1,1,1 
HDVD_90,Heavy Duty Trucks_Diesel_Articulated 40 - 50 t_Euro V,EGR,,-0.06,0.5,5,85,-0.000402418,0.030353456,0.308533803,3.160087695,0.023902533,-0.118382681,2.216319202,0,1,1,1 
HDVD_90,Heavy Duty Trucks_Diesel_Articulated 40 - 50 t_Euro V,EGR,,-0.06,1,5,70,-0.003473886,0.262633671,-1.273607768,1.455126664,0.09539874,-0.479881044,0.533816676,0,1,1,1 
HDVD_90,Heavy Duty Trucks_Diesel_Articulated 40 - 50 t_Euro V,EGR,,-0.04,0,5,85,-0.002834913,0.256409993,-1.15303227,2.172744598,0.067786962,-0.320316468,0.730320384,0,1,1,1 
HDVD_90,Heavy Duty Trucks_Diesel_Articulated 40 - 50 t_Euro V,EGR,,-0.04,0.5,5,80,-0.003128456,0.271013747,-1.194607019,2.303453698,0.076420416,-0.358852357,0.868310274,0,1,1,1 
HDVD_90,Heavy Duty Trucks_Diesel_Articulated 40 - 50 t_Euro V,EGR,,-0.04,1,5,80,-0.002809099,0.24743831,-1.175440128,2.330115811,0.073411242,-0.378848705,0.924768301,0,1,1,1 
HDVD_90,Heavy Duty Trucks_Diesel_Articulated 40 - 50 t_Euro V,EGR,,-0.02,0,5,85,-0.001706577,0.434341912,-2.081251271,0.906777574,0.110320441,-0.484722451,-1.34E-11,0,1,1,1 
HDVD_90,Heavy Duty Trucks_Diesel_Articulated 40 - 50 t_Euro V,EGR,,-0.02,0.5,5,85,-0.003240717,0.378676705,-0.740322646,-3.580387522,0.076268075,0.130687378,-1.989911126,0,1,1,1 
HDVD_90,Heavy Duty Trucks_Diesel_Articulated 40 - 50 t_Euro V,EGR,,-0.02,1,5,85,-0.00385164,0.486623298,-1.305049636,1.837923534,0.10960014,-0.168210037,0.370445255,0,1,1,1 
HDVD_90,Heavy Duty Trucks_Diesel_Articulated 40 - 50 t_Euro V,EGR,,0,0,5,85,-0.00010995,-0.007760598,1.656416172,0.535889584,-0.004095815,0.372087487,0.411173952,0,1,1,1 
HDVD_90,Heavy Duty Trucks_Diesel_Articulated 40 - 50 t_Euro V,EGR,,0,0.5,5,85,0.005632638,0.57576134,-3.513276177,1.333180253,0.146555549,-0.790680932,-2.39E-13,0,1,1,1 
HDVD_90,Heavy Duty Trucks_Diesel_Articulated 40 - 50 t_Euro V,EGR,,0,1,5,85,0.001522419,0.255826643,2.015578769,-0.431734413,0.046945681,0.583623618,5.78E-07,0,1,1,1 
HDVD_90,Heavy Duty Trucks_Diesel_Articulated 40 - 50 t_Euro V,EGR,,0.02,0,5,85,0.017926168,1.59312465,-0.315886793,-0.374282428,0.355287233,0.070538036,-0.027839046,0,1,1,1 
HDVD_90,Heavy Duty Trucks_Diesel_Articulated 40 - 50 t_Euro V,EGR,,0.02,0.5,5,85,0.023819512,1.163470471,-2.468293128,0.594170725,0.281380279,-0.492472949,-6.50E-08,0,1,1,1 
HDVD_90,Heavy Duty Trucks_Diesel_Articulated 40 - 50 t_Euro V,EGR,,0.02,1,5,75,0.000401216,0.133043166,3.427388103,-1.29740509,0.007428196,0.808357994,2.89E-08,0,1,1,1 
HDVD_90,Heavy Duty Trucks_Diesel_Articulated 40 - 50 t_Euro V,EGR,,0.04,0,5,85,0.011957914,0.644634275,-4.684845895,2.004444783,0.155612607,-0.94304903,-3.56E-14,0,1,1,1 
HDVD_90,Heavy Duty Trucks_Diesel_Articulated 40 - 50 t_Euro V,EGR,,0.04,0.5,5,70,-0.000534484,0.061325102,2.412440388,-0.982393057,-0.00265082,0.54067701,-1.32E-12,0,1,1,1 
HDVD_90,Heavy Duty Trucks_Diesel_Articulated 40 - 50 t_Euro V,EGR,,0.04,1,5,45,-0.000345148,0.000859835,0.923257834,2.272251738,-0.002863992,0.14056101,0.75517964,0,1,1,1 
HDVD_90,Heavy Duty Trucks_Diesel_Articulated 40 - 50 t_Euro V,EGR,,0.06,0,5,85,0.009211091,0.38374498,-2.861535152,1.322207434,0.093352275,-0.560160506,-7.90E-11,0,1,1,1 
HDVD_90,Heavy Duty Trucks_Diesel_Articulated 40 - 50 t_Euro V,EGR,,0.06,0.5,5,50,0.004118329,0.249168894,2.420453579,-0.501466669,0.03140236,0.551730053,0.119787705,0,1,1,1 
HDVD_90,Heavy Duty Trucks_Diesel_Articulated 40 - 50 t_Euro V,EGR,,0.06,1,5,35,0.056504036,1.253764743,0.253230356,0.715505031,0.267754831,0.130732287,0.227334231,0,1,1,1 
HDVD_91,Heavy Duty Trucks_Diesel_Articulated 40 - 50 t_Euro VI,,,-0.06,0,5,65,-0.005159994,0.378718436,-1.43831037,-0.312448157,0.345700314,-0.939118343,-2.297752016,0,1,1,1 
HDVD_91,Heavy Duty Trucks_Diesel_Articulated 40 - 50 t_Euro VI,,,-0.06,0.5,5,70,-0.004413183,0.335742487,-1.603437439,1.7424173,0.380017228,-1.869040876,1.920279539,0,1,1,1 
HDVD_91,Heavy Duty Trucks_Diesel_Articulated 40 - 50 t_Euro VI,,,-0.06,1,5,65,-0.015111731,0.993929013,-0.419135853,-0.288287228,1.120420669,0.33743485,-0.024342181,0,1,1,1 
HDVD_91,Heavy Duty Trucks_Diesel_Articulated 40 - 50 t_Euro VI,,,-0.04,0,5,85,-0.003980289,0.36059799,-1.413738842,0.789332234,0.314531298,-1.08214554,1.07E-06,0,1,1,1 
HDVD_91,Heavy Duty Trucks_Diesel_Articulated 40 - 50 t_Euro VI,,,-0.04,0.5,5,80,-0.002670473,0.231366759,-1.022115307,1.973802642,0.217475864,-1.024505322,2.481838433,0,1,1,1 
HDVD_91,Heavy Duty Trucks_Diesel_Articulated 40 - 50 t_Euro VI,,,-0.04,1,5,80,-0.002466258,0.217316067,-1.037744444,2.063497459,0.214930751,-1.117152315,2.733256809,0,1,1,1 
HDVD_91,Heavy Duty Trucks_Diesel_Articulated 40 - 50 t_Euro VI,,,-0.02,0,5,85,-0.002039256,0.518785366,-2.485746498,1.083241294,0.439184775,-1.929537018,-2.52E-12,0,1,1,1 
HDVD_91,Heavy Duty Trucks_Diesel_Articulated 40 - 50 t_Euro VI,,,-0.02,0.5,5,85,-0.001826404,0.21342109,-0.420145178,-2.004014826,0.143300153,0.241446485,-3.719833551,0,1,1,1 
HDVD_91,Heavy Duty Trucks_Diesel_Articulated 40 - 50 t_Euro VI,,,-0.02,1,5,85,-0.001124636,0.122424204,-0.204113667,-1.273118739,0.076756589,0.259613657,-2.529308645,0,1,1,1 
HDVD_91,Heavy Duty Trucks_Diesel_Articulated 40 - 50 t_Euro VI,,,0,0,5,85,-8.41E-05,-0.005917355,1.264724625,0.39503422,-0.010428584,0.947408953,1.031972808,0,1,1,1 
HDVD_91,Heavy Duty Trucks_Diesel_Articulated 40 - 50 t_Euro VI,,,0,0.5,5,85,0.0008809,0.141972901,1.300298232,-0.404567302,0.093974641,1.17614566,2.05E-08,0,1,1,1 
HDVD_91,Heavy Duty Trucks_Diesel_Articulated 40 - 50 t_Euro VI,,,0,1,5,85,0.001121706,0.185268482,1.517784775,-0.372805011,0.113774171,1.43809666,6.44E-07,0,1,1,1 
HDVD_91,Heavy Duty Trucks_Diesel_Articulated 40 - 50 t_Euro VI,,,0.02,0,5,85,0.006738982,0.600960098,-2.349008806,0.960773118,0.457574544,-1.509364375,4.66E-10,0,1,1,1 
HDVD_91,Heavy Duty Trucks_Diesel_Articulated 40 - 50 t_Euro VI,,,0.02,0.5,5,85,0.000131577,0.002931813,-0.112484837,2.138614413,0.005146783,-0.132867564,1.777061298,0,1,1,1 
HDVD_91,Heavy Duty Trucks_Diesel_Articulated 40 - 50 t_Euro VI,,,0.02,1,5,75,0.000288398,0.09649001,2.639109295,-1.060229523,0.016982117,2.043954148,6.16E-08,0,1,1,1 
HDVD_91,Heavy Duty Trucks_Diesel_Articulated 40 - 50 t_Euro VI,,,0.04,0,5,85,-0.000159003,0.010612479,2.098014061,-1.048231285,-0.01151698,1.46179129,1.13E-11,0,1,1,1 
HDVD_91,Heavy Duty Trucks_Diesel_Articulated 40 - 50 t_Euro VI,,,0.04,0.5,5,70,-0.000316492,0.046250494,1.72464261,-0.712508269,-0.00449149,1.285404819,2.74E-11,0,1,1,1 
HDVD_91,Heavy Duty Trucks_Diesel_Articulated 40 - 50 t_Euro VI,,,0.04,1,5,50,-0.000359095,0.001145747,0.856976202,1.784294454,-0.009490023,0.448159074,2.047290088,0,1,1,1 
HDVD_91,Heavy Duty Trucks_Diesel_Articulated 40 - 50 t_Euro VI,,,0.06,0,5,85,0.000233078,0.005648968,-0.162689613,1.360371778,0.007646837,-0.149190865,1.055169415,0,1,1,1 
HDVD_91,Heavy Duty Trucks_Diesel_Articulated 40 - 50 t_Euro VI,,,0.06,0.5,5,50,0.002763607,0.178427922,2.023476429,-0.343443373,0.069532597,1.498864025,0.444054262,0,1,1,1 
HDVD_91,Heavy Duty Trucks_Diesel_Articulated 40 - 50 t_Euro VI,,,0.06,1,5,35,0.026354274,0.601879907,-1.896617431,0.738943459,0.454676353,-1.081059543,9.34E-11,0,1,1,1 
HDVD_92,Heavy Duty Trucks_Diesel_Articulated 50 - 60 t_Conventional,,,-0.06,0,12,86,7.85E-06,-0.004982849,1.534254118,-4.613436103,0.000498438,0.047419465,-0.124362371,0,1,1,1 
HDVD_92,Heavy Duty Trucks_Diesel_Articulated 50 - 60 t_Conventional,,,-0.06,0.5,12,86,-3.68E-05,0.020016791,2.507456454,-7.93267605,0.002900999,0.054605843,-0.018971073,0,1,1,1 
HDVD_92,Heavy Duty Trucks_Diesel_Articulated 50 - 60 t_Conventional,,,-0.06,1,12,86,-3.21E-05,0.01840668,2.088695899,-6.627340802,0.002539457,0.049456157,-0.044755144,0,1,1,1 
HDVD_92,Heavy Duty Trucks_Diesel_Articulated 50 - 60 t_Conventional,,,-0.04,0,12,86,8.26E-06,-0.003215704,0.391846184,2.875301856,3.35E-05,0.011399905,0.10585532,0,1,1,1 
HDVD_92,Heavy Duty Trucks_Diesel_Articulated 50 - 60 t_Conventional,,,-0.04,0.5,12,86,-1.75E-05,0.009028016,2.446931288,-1.340131587,0.00197958,0.052106915,0.170348437,0,1,1,1 
HDVD_92,Heavy Duty Trucks_Diesel_Articulated 50 - 60 t_Conventional,,,-0.04,1,12,86,-4.40E-16,1.08E-13,3.993701704,1.78E-10,0.002253825,0.10803855,0.230929863,0,1,1,1 
HDVD_92,Heavy Duty Trucks_Diesel_Articulated 50 - 60 t_Conventional,,,-0.02,0,12,86,4.73E-05,-0.003685417,0.766619606,2.562327125,0.000124354,0.018671326,0.107561931,0,1,1,1 
HDVD_92,Heavy Duty Trucks_Diesel_Articulated 50 - 60 t_Conventional,,,-0.02,0.5,12,86,1.90E-06,-0.001920762,0.555930914,4.11779835,5.92E-05,0.018070728,0.120881549,0,1,1,1 
HDVD_92,Heavy Duty Trucks_Diesel_Articulated 50 - 60 t_Conventional,,,-0.02,1,12,86,3.00E-06,-0.00234438,0.586671389,3.973980691,5.74E-05,0.019832665,0.125722556,0,1,1,1 
HDVD_92,Heavy Duty Trucks_Diesel_Articulated 50 - 60 t_Conventional,,,0,0,12,86,0.000119456,0.133723269,2.338916978,-2.383533267,0.002790109,0.094535234,-0.301603989,0,1,1,1 
HDVD_92,Heavy Duty Trucks_Diesel_Articulated 50 - 60 t_Conventional,,,0,0.5,12,86,0.000133478,0.141384836,0.394078884,-3.226790844,0.003497138,0.039886003,-0.32663839,0,1,1,1 
HDVD_92,Heavy Duty Trucks_Diesel_Articulated 50 - 60 t_Conventional,,,0,1,12,85,0.000128448,0.087147626,2.224593998,-4.587634155,0.001804482,0.102308247,-0.400211127,0,1,1,1 
HDVD_92,Heavy Duty Trucks_Diesel_Articulated 50 - 60 t_Conventional,,,0.02,0,12,86,-8.31E-05,0.062673844,1.881792851,4.174215458,0.001490429,0.049379827,0.129880767,0,1,1,1 
HDVD_92,Heavy Duty Trucks_Diesel_Articulated 50 - 60 t_Conventional,,,0.02,0.5,12,79,1.29E-05,0.001889047,0.454205675,3.575079109,-2.49E-05,0.015177573,0.087393194,0,1,1,1 
HDVD_92,Heavy Duty Trucks_Diesel_Articulated 50 - 60 t_Conventional,,,0.02,1,12,62,0.000466107,0.164151997,0.892355159,5.939716906,0.002808327,0.090100278,-0.289090412,0,1,1,1 
HDVD_92,Heavy Duty Trucks_Diesel_Articulated 50 - 60 t_Conventional,,,0.04,0,12,86,2.20E-05,0.00179126,0.60603542,5.93755442,-1.72E-05,0.020386354,0.102835402,0,1,1,1 
HDVD_92,Heavy Duty Trucks_Diesel_Articulated 50 - 60 t_Conventional,,,0.04,0.5,12,53,0.000481174,0.137965662,0.495345326,8.374612929,0.002340279,0.06740542,-0.188748725,0,1,1,1 
HDVD_92,Heavy Duty Trucks_Diesel_Articulated 50 - 60 t_Conventional,,,0.04,1,11,39,0.000570892,0.097943895,0.507003925,5.998506087,0.001280007,0.053978595,-0.062669261,0,1,1,1 
HDVD_92,Heavy Duty Trucks_Diesel_Articulated 50 - 60 t_Conventional,,,0.06,0,12,72,1.90E-05,0.001661787,0.454036509,3.931742547,-1.93E-05,0.014943196,0.073008713,0,1,1,1 
HDVD_92,Heavy Duty Trucks_Diesel_Articulated 50 - 60 t_Conventional,,,0.06,0.5,12,39,0.000617643,0.079862829,0.813352764,3.663002884,0.001157236,0.06010447,-0.189030291,0,1,1,1 
HDVD_92,Heavy Duty Trucks_Diesel_Articulated 50 - 60 t_Conventional,,,0.06,1,10,27,0.001657711,0.063783854,-1.501053074,8.202423726,0.002377311,-0.036754518,0.161061745,0,1,1,1 
HDVD_93,Heavy Duty Trucks_Diesel_Articulated 50 - 60 t_Euro I,,,-0.06,0,12,86,-1.94E-05,-0.002052726,0.915857064,-5.586828007,0.000352575,0.036804225,-0.239380855,0,1,1,1 
HDVD_93,Heavy Duty Trucks_Diesel_Articulated 50 - 60 t_Euro I,,,-0.06,0.5,12,86,1.59E-18,-1.58E-16,2.233890902,6.94E-13,0.002048246,0.074460075,0.272422518,0,1,1,1 
HDVD_93,Heavy Duty Trucks_Diesel_Articulated 50 - 60 t_Euro I,,,-0.06,1,12,86,-1.42E-05,0.006950936,1.087324794,-3.508158438,0.001651025,0.028444274,0.019613145,0,1,1,1 
HDVD_93,Heavy Duty Trucks_Diesel_Articulated 50 - 60 t_Euro I,,,-0.04,0,12,86,-0.000266871,0.025254042,1.642052705,-2.816173333,0.001590187,0.058818986,-0.062634796,0,1,1,1 
HDVD_93,Heavy Duty Trucks_Diesel_Articulated 50 - 60 t_Euro I,,,-0.04,0.5,12,86,-0.000286097,0.026228604,1.923610301,-3.189997743,0.001934492,0.071312126,-0.046864877,0,1,1,1 
HDVD_93,Heavy Duty Trucks_Diesel_Articulated 50 - 60 t_Euro I,,,-0.04,1,12,86,1.08E-05,-0.003690348,0.381281521,2.471118003,4.45E-05,0.013882909,0.148244392,0,1,1,1 
HDVD_93,Heavy Duty Trucks_Diesel_Articulated 50 - 60 t_Euro I,,,-0.02,0,12,86,-2.39E-05,0.039199805,2.282176975,-4.510810839,0.00206201,0.073943325,-0.09311509,0,1,1,1 
HDVD_93,Heavy Duty Trucks_Diesel_Articulated 50 - 60 t_Euro I,,,-0.02,0.5,12,86,-0.000526959,0.065815111,4.182924997,0.16622148,0.003089603,0.147761175,0.183567517,0,1,1,1 
HDVD_93,Heavy Duty Trucks_Diesel_Articulated 50 - 60 t_Euro I,,,-0.02,1,12,86,-0.00041439,0.041350236,2.85331128,2.28307426,0.001817473,0.100936978,0.2766112,0,1,1,1 
HDVD_93,Heavy Duty Trucks_Diesel_Articulated 50 - 60 t_Euro I,,,0,0,12,86,6.85E-05,0.056216795,1.197147797,-4.748146241,0.001237536,0.058179028,-0.271390062,0,1,1,1 
HDVD_93,Heavy Duty Trucks_Diesel_Articulated 50 - 60 t_Euro I,,,0,0.5,12,86,9.78E-05,0.074375024,0.294709088,-4.415613705,0.001821553,0.030678898,-0.285634378,0,1,1,1 
HDVD_93,Heavy Duty Trucks_Diesel_Articulated 50 - 60 t_Euro I,,,0,1,12,85,0.000234794,0.145475725,1.630243028,-4.378458965,0.002906865,0.107257553,-0.466206916,0,1,1,1 
HDVD_93,Heavy Duty Trucks_Diesel_Articulated 50 - 60 t_Euro I,,,0.02,0,12,86,-8.15E-06,-0.000376574,0.311792709,2.175500903,-5.51E-05,0.009142302,0.085650901,0,1,1,1 
HDVD_93,Heavy Duty Trucks_Diesel_Articulated 50 - 60 t_Euro I,,,0.02,0.5,12,79,0.000579014,0.011763299,1.724461039,4.871511413,0.000637231,0.041102578,0.301289974,0,1,1,1 
HDVD_93,Heavy Duty Trucks_Diesel_Articulated 50 - 60 t_Euro I,,,0.02,1,12,63,4.68E-18,-4.26E-16,4.32715835,1.48E-12,-0.000979231,0.116905965,0.271233394,0,1,1,1 
HDVD_93,Heavy Duty Trucks_Diesel_Articulated 50 - 60 t_Euro I,,,0.04,0,12,86,1.86E-05,0.003165031,0.523447666,3.60392793,-5.20E-05,0.018199156,0.103058173,0,1,1,1 
HDVD_93,Heavy Duty Trucks_Diesel_Articulated 50 - 60 t_Euro I,,,0.04,0.5,12,53,0.00162498,0.397024566,2.0459203,6.509430959,0.00481486,0.205080311,-0.573135222,0,1,1,1 
HDVD_93,Heavy Duty Trucks_Diesel_Articulated 50 - 60 t_Euro I,,,0.04,1,11,39,0.003257176,0.175704124,1.035967138,3.537100042,0.002294001,0.095261237,-0.239301506,0,1,1,1 
HDVD_93,Heavy Duty Trucks_Diesel_Articulated 50 - 60 t_Euro I,,,0.06,0,12,74,3.99E-05,0.0063384,0.817758001,4.285064456,-9.55E-05,0.027447615,0.128417327,0,1,1,1 
HDVD_93,Heavy Duty Trucks_Diesel_Articulated 50 - 60 t_Euro I,,,0.06,0.5,12,40,0.002293432,0.457361671,4.54949339,-3.1669533,0.004666509,0.263153786,-0.646807698,0,1,1,1 
HDVD_93,Heavy Duty Trucks_Diesel_Articulated 50 - 60 t_Euro I,,,0.06,1,11,27,0.003754773,0.308429099,1.966343678,5.322324115,0.002945222,0.149697405,-0.340117134,0,1,1,1 
HDVD_94,Heavy Duty Trucks_Diesel_Articulated 50 - 60 t_Euro II,,,-0.06,0,12,86,-0.000128403,0.018743743,1.070657974,-2.80372332,0.001846886,0.063577845,-0.144045014,0,1,1,1 
HDVD_94,Heavy Duty Trucks_Diesel_Articulated 50 - 60 t_Euro II,,,-0.06,0.5,12,86,-4.72E-05,0.004651758,2.002448976,-4.897588434,0.001565091,0.123880122,-0.222492184,0,1,1,1 
HDVD_94,Heavy Duty Trucks_Diesel_Articulated 50 - 60 t_Euro II,,,-0.06,1,12,86,-3.21E-16,8.66E-14,4.411485011,5.67E-11,0.003310342,0.267086859,0.454825114,0,1,1,1 
HDVD_94,Heavy Duty Trucks_Diesel_Articulated 50 - 60 t_Euro II,,,-0.04,0,12,86,-0.000286875,0.034095545,2.131653288,-2.070750244,0.002787862,0.113434132,-0.003813121,0,1,1,1 
HDVD_94,Heavy Duty Trucks_Diesel_Articulated 50 - 60 t_Euro II,,,-0.04,0.5,12,86,-0.000296637,0.036852929,2.257609079,-2.713738516,0.003239247,0.127875833,-0.049491832,0,1,1,1 
HDVD_94,Heavy Duty Trucks_Diesel_Articulated 50 - 60 t_Euro II,,,-0.04,1,12,86,5.89E-06,-0.002415061,0.320440533,2.29680023,1.98E-05,0.018816138,0.174633264,0,1,1,1 
HDVD_94,Heavy Duty Trucks_Diesel_Articulated 50 - 60 t_Euro II,,,-0.02,0,12,86,5.07E-06,-0.003163216,0.443979988,3.731988872,-0.000114417,0.023969841,0.21503678,0,1,1,1 
HDVD_94,Heavy Duty Trucks_Diesel_Articulated 50 - 60 t_Euro II,,,-0.02,0.5,12,86,-0.000397417,0.063051551,3.765134903,-0.267490233,0.004218395,0.197963121,0.195450448,0,1,1,1 
HDVD_94,Heavy Duty Trucks_Diesel_Articulated 50 - 60 t_Euro II,,,-0.02,1,12,86,-0.000234441,0.029660465,1.903535668,1.433873072,0.001877846,0.101615897,0.247123486,0,1,1,1 
HDVD_94,Heavy Duty Trucks_Diesel_Articulated 50 - 60 t_Euro II,,,0,0,12,86,0.000143787,0.137363458,1.694517423,-8.251714721,0.004887675,0.139862486,-0.749184913,0,1,1,1 
HDVD_94,Heavy Duty Trucks_Diesel_Articulated 50 - 60 t_Euro II,,,0,0.5,12,86,0.000204431,0.172723131,1.781828277,-8.505937509,0.006166593,0.168086453,-0.926795701,0,1,1,1 
HDVD_94,Heavy Duty Trucks_Diesel_Articulated 50 - 60 t_Euro II,,,0,1,12,86,7.51E-05,0.057581055,1.040775871,-7.177690415,0.001786802,0.079811996,-0.494873076,0,1,1,1 
HDVD_94,Heavy Duty Trucks_Diesel_Articulated 50 - 60 t_Euro II,,,0.02,0,12,86,6.20E-05,0.065470978,1.102468935,-6.743217033,0.002115944,0.074301334,-0.426822187,0,1,1,1 
HDVD_94,Heavy Duty Trucks_Diesel_Articulated 50 - 60 t_Euro II,,,0.02,0.5,12,83,0.000317966,0.012655038,0.193951455,-4.302393239,0.000886617,0.008900676,-0.215516823,0,1,1,1 
HDVD_94,Heavy Duty Trucks_Diesel_Articulated 50 - 60 t_Euro II,,,0.02,1,12,66,0.001601082,0.455881832,2.951069879,2.394321502,0.008272284,0.410056518,-1.278389297,0,1,1,1 
HDVD_94,Heavy Duty Trucks_Diesel_Articulated 50 - 60 t_Euro II,,,0.04,0,12,86,3.76E-17,-3.44E-17,2.597022632,-1.11E-10,-0.000744724,0.128479967,-0.010346475,0,1,1,1 
HDVD_94,Heavy Duty Trucks_Diesel_Articulated 50 - 60 t_Euro II,,,0.04,0.5,12,59,3.60E-05,0.014163265,0.261290858,1.92465656,8.89E-05,0.021497929,0.040729777,0,1,1,1 
HDVD_94,Heavy Duty Trucks_Diesel_Articulated 50 - 60 t_Euro II,,,0.04,1,12,42,0.001515673,0.217811538,0.355114726,7.332274545,0.003235267,0.140386414,-0.317445593,0,1,1,1 
HDVD_94,Heavy Duty Trucks_Diesel_Articulated 50 - 60 t_Euro II,,,0.06,0,12,77,2.69E-05,0.003114204,0.427413315,2.722433942,-8.63E-05,0.023031006,0.106573223,0,1,1,1 
HDVD_94,Heavy Duty Trucks_Diesel_Articulated 50 - 60 t_Euro II,,,0.06,0.5,12,44,0.000984706,0.077540941,-0.492150475,5.040187101,0.001616575,0.033803896,-0.156553091,0,1,1,1 
HDVD_94,Heavy Duty Trucks_Diesel_Articulated 50 - 60 t_Euro II,,,0.06,1,11,30,0.002264824,0.001584455,-0.574193961,4.238872866,0.002164139,-0.036870609,0.186076058,0,1,1,1 
HDVD_95,Heavy Duty Trucks_Diesel_Articulated 50 - 60 t_Euro III,,,-0.06,0,12,86,-2.05E-07,-0.000918223,0.413824301,3.185546219,0.000146357,0.031050289,0.19600941,0,1,1,1 
HDVD_95,Heavy Duty Trucks_Diesel_Articulated 50 - 60 t_Euro III,,,-0.06,0.5,12,86,4.79E-05,-0.001016664,1.663167492,-5.799014158,0.001396064,0.10834342,-0.34216713,0,1,1,1 
HDVD_95,Heavy Duty Trucks_Diesel_Articulated 50 - 60 t_Euro III,,,-0.06,1,12,86,0.000163114,-0.004856041,2.286973072,2.426222729,0.002588057,0.134162958,0.590003181,0,1,1,1 
HDVD_95,Heavy Duty Trucks_Diesel_Articulated 50 - 60 t_Euro III,,,-0.04,0,12,86,2.82E-06,-0.001594822,0.301723807,2.490303294,4.51E-05,0.018217474,0.149125031,0,1,1,1 
HDVD_95,Heavy Duty Trucks_Diesel_Articulated 50 - 60 t_Euro III,,,-0.04,0.5,12,86,1.98E-06,-0.001493094,0.363538573,2.38311641,7.28E-05,0.025028617,0.154077663,0,1,1,1 
HDVD_95,Heavy Duty Trucks_Diesel_Articulated 50 - 60 t_Euro III,,,-0.04,1,12,86,1.39E-06,-0.001210284,0.335209702,2.342038281,6.52E-05,0.02471995,0.162325099,0,1,1,1 
HDVD_95,Heavy Duty Trucks_Diesel_Articulated 50 - 60 t_Euro III,,,-0.02,0,12,86,-7.01E-06,0.060869058,3.058863741,2.692441979,0.003938457,0.178498045,-0.003619915,0,1,1,1 
HDVD_95,Heavy Duty Trucks_Diesel_Articulated 50 - 60 t_Euro III,,,-0.02,0.5,12,86,7.42E-08,-0.000800179,0.455824553,3.393990688,6.92E-05,0.028165168,0.196514342,0,1,1,1 
HDVD_95,Heavy Duty Trucks_Diesel_Articulated 50 - 60 t_Euro III,,,-0.02,1,12,86,3.75E-06,-0.001727853,0.25880275,1.964814072,-2.59E-05,0.015433179,0.139442436,0,1,1,1 
HDVD_95,Heavy Duty Trucks_Diesel_Articulated 50 - 60 t_Euro III,,,0,0,12,86,6.14E-05,0.073458085,1.906198598,-6.12578232,0.002801973,0.126247273,-0.501482579,0,1,1,1 
HDVD_95,Heavy Duty Trucks_Diesel_Articulated 50 - 60 t_Euro III,,,0,0.5,12,86,0.000160305,0.148752418,1.78608794,-3.590086369,0.005955632,0.169001306,-0.726298869,0,1,1,1 
HDVD_95,Heavy Duty Trucks_Diesel_Articulated 50 - 60 t_Euro III,,,0,1,12,86,0.000200632,0.148874686,1.848869863,-3.868014185,0.005471574,0.187562096,-0.774246552,0,1,1,1 
HDVD_95,Heavy Duty Trucks_Diesel_Articulated 50 - 60 t_Euro III,,,0.02,0,12,86,9.84E-05,0.109160867,1.855132845,-6.083460373,0.003940693,0.132796733,-0.551790466,0,1,1,1 
HDVD_95,Heavy Duty Trucks_Diesel_Articulated 50 - 60 t_Euro III,,,0.02,0.5,12,84,6.90E-05,0.027451325,0.777426575,3.990454502,0.000464816,0.063559514,0.074070452,0,1,1,1 
HDVD_95,Heavy Duty Trucks_Diesel_Articulated 50 - 60 t_Euro III,,,0.02,1,12,67,0.000328756,0.091798905,0.628326184,-5.266595929,0.002064584,0.10361213,-0.716937055,0,1,1,1 
HDVD_95,Heavy Duty Trucks_Diesel_Articulated 50 - 60 t_Euro III,,,0.04,0,12,86,-3.35E-16,-3.26E-15,2.183109237,1.21E-10,-0.000641096,0.119462794,-0.069557501,0,1,1,1 
HDVD_95,Heavy Duty Trucks_Diesel_Articulated 50 - 60 t_Euro III,,,0.04,0.5,12,60,8.03E-05,0.022033468,0.370545194,2.75144946,0.000288431,0.036321,0.033022539,0,1,1,1 
HDVD_95,Heavy Duty Trucks_Diesel_Articulated 50 - 60 t_Euro III,,,0.04,1,12,43,0.000702439,0.005495412,-0.409368483,3.42388119,0.001366753,-0.031541008,0.205667944,0,1,1,1 
HDVD_95,Heavy Duty Trucks_Diesel_Articulated 50 - 60 t_Euro III,,,0.06,0,12,77,0.000422282,0.122166498,1.906119873,2.52049929,0.002548735,0.195712671,-0.609511172,0,1,1,1 
HDVD_95,Heavy Duty Trucks_Diesel_Articulated 50 - 60 t_Euro III,,,0.06,0.5,12,44,0.001361778,0.12756397,-0.879348112,7.763297607,0.003343544,0.05458838,-0.30288797,0,1,1,1 
HDVD_95,Heavy Duty Trucks_Diesel_Articulated 50 - 60 t_Euro III,,,0.06,1,11,31,0.004506496,0.232120612,1.14152106,2.970085961,0.004507435,0.187935939,-0.393825331,0,1,1,1 
HDVD_96,Heavy Duty Trucks_Diesel_Articulated 50 - 60 t_Euro IV,,,-0.06,0,12,86,9.39E-06,-0.003262213,1.629541497,-5.356852799,0.032297285,0.180514437,1.982016513,0,1,1,1 
HDVD_96,Heavy Duty Trucks_Diesel_Articulated 50 - 60 t_Euro IV,,,-0.06,0.5,12,86,9.56E-07,-0.000509209,1.667141142,-5.191334011,0.036806972,0.276300871,1.5662594,0,1,1,1 
HDVD_96,Heavy Duty Trucks_Diesel_Articulated 50 - 60 t_Euro IV,,,-0.06,1,12,86,1.68E-06,-0.000733101,0.952513842,-3.263537404,0.020533739,0.153729118,1.196523054,0,1,1,1 
HDVD_96,Heavy Duty Trucks_Diesel_Articulated 50 - 60 t_Euro IV,,,-0.04,0,12,86,6.05E-06,-0.002314952,1.575428412,0.482780741,0.021598545,0.419683811,2.768396162,0,1,1,1 
HDVD_96,Heavy Duty Trucks_Diesel_Articulated 50 - 60 t_Euro IV,,,-0.04,0.5,12,86,-1.78E-06,0.000445096,1.008328899,-3.569221134,0.016763932,0.157776048,0.962813574,0,1,1,1 
HDVD_96,Heavy Duty Trucks_Diesel_Articulated 50 - 60 t_Euro IV,,,-0.04,1,12,86,-4.61E-07,-0.000102661,0.875644981,-3.374486013,0.013564324,0.122257508,1.056690995,0,1,1,1 
HDVD_96,Heavy Duty Trucks_Diesel_Articulated 50 - 60 t_Euro IV,,,-0.02,0,12,86,-2.05E-05,0.014073238,1.250806325,-3.92874594,0.017181327,0.387600453,-0.563928725,0,1,1,1 
HDVD_96,Heavy Duty Trucks_Diesel_Articulated 50 - 60 t_Euro IV,,,-0.02,0.5,12,86,1.14E-05,-0.00370054,0.361269532,1.919728453,2.67E-05,0.11717268,1.558037626,0,1,1,1 
HDVD_96,Heavy Duty Trucks_Diesel_Articulated 50 - 60 t_Euro IV,,,-0.02,1,12,86,1.48E-05,-0.00445481,0.392596418,1.528129696,0.000109768,0.095248728,1.662991629,0,1,1,1 
HDVD_96,Heavy Duty Trucks_Diesel_Articulated 50 - 60 t_Euro IV,,,0,0,12,86,-9.32E-18,-5.42E-16,2.032335446,1.54E-12,-0.004086337,0.965844577,-0.267168683,0,1,1,1 
HDVD_96,Heavy Duty Trucks_Diesel_Articulated 50 - 60 t_Euro IV,,,0,0.5,12,86,-1.84E-05,-0.000556786,0.310927888,1.884964198,-0.000927606,0.100196311,1.196911095,0,1,1,1 
HDVD_96,Heavy Duty Trucks_Diesel_Articulated 50 - 60 t_Euro IV,,,0,1,12,86,6.67E-16,1.11E-14,2.446758476,2.87E-11,-0.003042712,0.676983847,3.494419128,0,1,1,1 
HDVD_96,Heavy Duty Trucks_Diesel_Articulated 50 - 60 t_Euro IV,,,0.02,0,12,86,8.41E-05,0.011049862,1.277944859,2.774203762,-0.002245429,0.602338274,1.10648188,0,1,1,1 
HDVD_96,Heavy Duty Trucks_Diesel_Articulated 50 - 60 t_Euro IV,,,0.02,0.5,12,85,0.000433298,0.112341332,0.496592354,-2.590281645,0.010567979,0.70692628,-3.134257419,0,1,1,1 
HDVD_96,Heavy Duty Trucks_Diesel_Articulated 50 - 60 t_Euro IV,,,0.02,1,12,69,-0.000650403,0.043153163,0.429068794,-8.734946516,-0.00555025,0.470763031,-4.372848708,0,1,1,1 
HDVD_96,Heavy Duty Trucks_Diesel_Articulated 50 - 60 t_Euro IV,,,0.04,0,12,86,4.39E-05,0.021051547,0.256252737,2.289329427,0.000563642,0.210102603,0.473388702,0,1,1,1 
HDVD_96,Heavy Duty Trucks_Diesel_Articulated 50 - 60 t_Euro IV,,,0.04,0.5,12,60,0.000539928,0.105976541,-0.012609673,-3.515661337,0.009849597,0.434720687,-2.983546732,0,1,1,1 
HDVD_96,Heavy Duty Trucks_Diesel_Articulated 50 - 60 t_Euro IV,,,0.04,1,12,43,-0.000964397,0.034909005,0.932403807,-5.317139313,-0.006418245,0.372915982,-1.134378521,0,1,1,1 
HDVD_96,Heavy Duty Trucks_Diesel_Articulated 50 - 60 t_Euro IV,,,0.06,0,12,80,1.37E-05,0.009618025,0.491499149,1.974106722,0.000406161,0.092298712,1.899741845,0,1,1,1 
HDVD_96,Heavy Duty Trucks_Diesel_Articulated 50 - 60 t_Euro IV,,,0.06,0.5,12,44,0.000762329,0.051300819,0.017876424,4.205043806,0.002231474,0.24158761,0.239463315,0,1,1,1 
HDVD_96,Heavy Duty Trucks_Diesel_Articulated 50 - 60 t_Euro IV,,,0.06,1,11,29,0.001370838,0.140892431,1.21460854,0.087196087,0.004085766,0.390210893,3.108118678,0,1,1,1 
HDVD_96,Heavy Duty Trucks_Diesel_Articulated 50 - 60 t_Euro IV,,,-0.06,0,12,86,9.39E-06,-0.003262213,1.629541497,-5.356852799,0.032297285,0.180514437,1.982016513,0,1,1,1 
HDVD_96,Heavy Duty Trucks_Diesel_Articulated 50 - 60 t_Euro IV,,,-0.06,0.5,12,86,9.56E-07,-0.000509209,1.667141142,-5.191334011,0.036806972,0.276300871,1.5662594,0,1,1,1 
HDVD_96,Heavy Duty Trucks_Diesel_Articulated 50 - 60 t_Euro IV,,,-0.06,1,12,86,1.68E-06,-0.000733101,0.952513842,-3.263537404,0.020533739,0.153729118,1.196523054,0,1,1,1 
HDVD_96,Heavy Duty Trucks_Diesel_Articulated 50 - 60 t_Euro IV,,,-0.04,0,12,86,6.05E-06,-0.002314952,1.575428412,0.482780741,0.021598545,0.419683811,2.768396162,0,1,1,1 
HDVD_96,Heavy Duty Trucks_Diesel_Articulated 50 - 60 t_Euro IV,,,-0.04,1,12,86,-4.61E-07,-0.000102661,0.875644981,-3.374486013,0.013564324,0.122257508,1.056690995,0,1,1,1 
HDVD_96,Heavy Duty Trucks_Diesel_Articulated 50 - 60 t_Euro IV,,,-0.02,0,12,86,-2.05E-05,0.014073238,1.250806325,-3.92874594,0.017181327,0.387600453,-0.563928725,0,1,1,1 
HDVD_96,Heavy Duty Trucks_Diesel_Articulated 50 - 60 t_Euro IV,,,-0.02,1,12,86,1.48E-05,-0.00445481,0.392596418,1.528129696,0.000109768,0.095248728,1.662991629,0,1,1,1 
HDVD_96,Heavy Duty Trucks_Diesel_Articulated 50 - 60 t_Euro IV,,,0,0,12,86,-9.32E-18,-5.42E-16,2.032335446,1.54E-12,-0.004086337,0.965844577,-0.267168683,0,1,1,1 
HDVD_96,Heavy Duty Trucks_Diesel_Articulated 50 - 60 t_Euro IV,,,0,1,12,86,6.67E-16,1.11E-14,2.446758476,2.87E-11,-0.003042712,0.676983847,3.494419128,0,1,1,1 
HDVD_96,Heavy Duty Trucks_Diesel_Articulated 50 - 60 t_Euro IV,,,0.02,0,12,86,8.41E-05,0.011049862,1.277944859,2.774203762,-0.002245429,0.602338274,1.10648188,0,1,1,1 
HDVD_96,Heavy Duty Trucks_Diesel_Articulated 50 - 60 t_Euro IV,,,0.02,1,12,69,-0.000650403,0.043153163,0.429068794,-8.734946516,-0.00555025,0.470763031,-4.372848708,0,1,1,1 
HDVD_96,Heavy Duty Trucks_Diesel_Articulated 50 - 60 t_Euro IV,,,0.04,0,12,86,4.39E-05,0.021051547,0.256252737,2.289329427,0.000563642,0.210102603,0.473388702,0,1,1,1 
HDVD_96,Heavy Duty Trucks_Diesel_Articulated 50 - 60 t_Euro IV,,,0.04,1,12,43,-0.000964397,0.034909005,0.932403807,-5.317139313,-0.006418245,0.372915982,-1.134378521,0,1,1,1 
HDVD_96,Heavy Duty Trucks_Diesel_Articulated 50 - 60 t_Euro IV,,,0.06,0,12,80,1.37E-05,0.009618025,0.491499149,1.974106722,0.000406161,0.092298712,1.899741845,0,1,1,1 
HDVD_96,Heavy Duty Trucks_Diesel_Articulated 50 - 60 t_Euro IV,,,0.06,0.5,12,44,0.000762329,0.051300819,0.017876424,4.205043806,0.002231474,0.24158761,0.239463315,0,1,1,1 
HDVD_96,Heavy Duty Trucks_Diesel_Articulated 50 - 60 t_Euro IV,,,0.06,1,11,29,0.001370838,0.140892431,1.21460854,0.087196087,0.004085766,0.390210893,3.108118678,0,1,1,1 
HDVD_97,Heavy Duty Trucks_Diesel_Articulated 50 - 60 t_Euro V,SCR,,-0.06,0,5,85,-0.003451791,0.321130641,-1.474278449,1.290263046,0.314234433,-1.178867273,-1.95E-06,0,1,1,1 
HDVD_97,Heavy Duty Trucks_Diesel_Articulated 50 - 60 t_Euro V,SCR,,-0.06,0.5,5,80,-0.004661235,0.417071267,-1.888848469,1.701614776,0.411150807,-1.482249155,8.92E-08,0,1,1,1 
HDVD_97,Heavy Duty Trucks_Diesel_Articulated 50 - 60 t_Euro V,SCR,,-0.06,1,5,80,-0.003685136,0.327153953,-1.472521324,1.348343266,0.322666023,-1.137257567,2.44E-08,0,1,1,1 
HDVD_97,Heavy Duty Trucks_Diesel_Articulated 50 - 60 t_Euro V,SCR,,-0.04,0,5,85,-0.003485554,0.335826374,-1.40819868,0.920434961,0.277272774,-0.720449464,-1.061204572,0,1,1,1 
HDVD_97,Heavy Duty Trucks_Diesel_Articulated 50 - 60 t_Euro V,SCR,,-0.04,0.5,5,85,-0.002318587,0.246722557,-1.134729875,1.792011965,0.239941252,-1.232004903,2.693063196,0,1,1,1 
HDVD_97,Heavy Duty Trucks_Diesel_Articulated 50 - 60 t_Euro V,SCR,,-0.04,1,5,85,-0.003290821,0.340376068,-1.551299352,1.473670997,0.296400619,-1.030592788,-1.26E-08,0,1,1,1 
HDVD_97,Heavy Duty Trucks_Diesel_Articulated 50 - 60 t_Euro V,SCR,,-0.02,0,5,85,-0.002438753,0.428728599,-1.872683547,2.829163577,0.372454144,-1.59680654,3.044689264,0,1,1,1 
HDVD_97,Heavy Duty Trucks_Diesel_Articulated 50 - 60 t_Euro V,SCR,,-0.02,0.5,5,85,-0.001710754,0.29335829,-1.333299095,1.237579244,0.236308355,-0.802622775,5.41E-08,0,1,1,1 
HDVD_97,Heavy Duty Trucks_Diesel_Articulated 50 - 60 t_Euro V,SCR,,-0.02,1,5,85,-0.002203352,0.356649487,-1.414094132,1.95657396,0.260951562,-0.883835862,1.888712363,0,1,1,1 
HDVD_97,Heavy Duty Trucks_Diesel_Articulated 50 - 60 t_Euro V,SCR,,0,0,5,85,0.001046217,0.112473059,0.152918108,1.338824155,0.124208347,-0.316389448,3.665576457,0,1,1,1 
HDVD_97,Heavy Duty Trucks_Diesel_Articulated 50 - 60 t_Euro V,SCR,,0,0.5,5,85,0.002231564,0.306007515,-1.096932247,1.713498417,0.244108118,-0.761189691,1.756573757,0,1,1,1 
HDVD_97,Heavy Duty Trucks_Diesel_Articulated 50 - 60 t_Euro V,SCR,,0,1,5,85,0.003166528,0.46758541,-1.49628952,1.668268197,0.29550205,-0.420527438,0.541857157,0,1,1,1 
HDVD_97,Heavy Duty Trucks_Diesel_Articulated 50 - 60 t_Euro V,SCR,,0.02,0,5,85,0.001879881,0.082217502,0.569682654,1.236391958,0.099884357,-0.06627158,3.882814008,0,1,1,1 
HDVD_97,Heavy Duty Trucks_Diesel_Articulated 50 - 60 t_Euro V,SCR,,0.02,0.5,5,80,0.002217659,0.020512829,0.734883548,1.068733268,0.049090167,-0.036372519,3.802301802,0,1,1,1 
HDVD_97,Heavy Duty Trucks_Diesel_Articulated 50 - 60 t_Euro V,SCR,,0.02,1,5,70,0.003583738,0.042120721,0.823628088,1.232271835,0.059737683,-0.057397648,4.33452321,0,1,1,1 
HDVD_97,Heavy Duty Trucks_Diesel_Articulated 50 - 60 t_Euro V,SCR,,0.04,0,5,85,0.001445787,0.00452327,1.375683905,0.52451617,0.031596298,0.442088418,3.936198689,0,1,1,1 
HDVD_97,Heavy Duty Trucks_Diesel_Articulated 50 - 60 t_Euro V,SCR,,0.04,0.5,5,60,0.005679098,0.021401797,0.462884405,1.384210462,0.077794793,-0.366732539,3.835730227,0,1,1,1 
HDVD_97,Heavy Duty Trucks_Diesel_Articulated 50 - 60 t_Euro V,SCR,,0.04,1,5,40,-0.001358243,0.034814113,1.257157921,-0.099351399,-0.014055923,0.61754128,2.180656665,0,1,1,1 
HDVD_97,Heavy Duty Trucks_Diesel_Articulated 50 - 60 t_Euro V,SCR,,0.06,0,5,80,0.002000941,-1.63E-05,1.010875216,0.661162596,0.032126654,0.182273479,3.418512739,0,1,1,1 
HDVD_97,Heavy Duty Trucks_Diesel_Articulated 50 - 60 t_Euro V,SCR,,0.06,0.5,5,40,0.021336287,0.537538087,-1.365236838,1.42253037,0.310144239,0.01702234,-3.43E-10,0,1,1,1 
HDVD_97,Heavy Duty Trucks_Diesel_Articulated 50 - 60 t_Euro V,SCR,,0.06,1,5,30,-0.004350875,0.34294415,-0.751331464,-1.834847597,0.00750481,1.249555349,-4.874897017,0,1,1,1 
HDVD_97,Heavy Duty Trucks_Diesel_Articulated 50 - 60 t_Euro V,EGR,,-0.06,0,5,80,-0.001001476,0.073746853,0.707071056,5.087917739,0.039885624,-0.119581838,3.04727349,0,1,1,1 
HDVD_97,Heavy Duty Trucks_Diesel_Articulated 50 - 60 t_Euro V,EGR,,-0.06,0.5,5,65,-0.006141862,0.444244928,-1.735996871,0.895053468,0.129076398,-0.459924783,-5.58E-12,0,1,1,1 
HDVD_97,Heavy Duty Trucks_Diesel_Articulated 50 - 60 t_Euro V,EGR,,-0.06,1,5,65,-0.005746455,0.405721789,-1.550881918,0.845427484,0.121372195,-0.412289064,1.61E-10,0,1,1,1 
HDVD_97,Heavy Duty Trucks_Diesel_Articulated 50 - 60 t_Euro V,EGR,,-0.04,0,5,85,-0.004702035,0.426314337,-1.672705672,0.931213329,0.100478206,-0.34652978,2.71E-12,0,1,1,1 
HDVD_97,Heavy Duty Trucks_Diesel_Articulated 50 - 60 t_Euro V,EGR,,-0.04,0.5,5,80,-0.00514916,0.443072391,-1.749619614,1.080603776,0.109374682,-0.370216673,-1.97E-10,0,1,1,1 
HDVD_97,Heavy Duty Trucks_Diesel_Articulated 50 - 60 t_Euro V,EGR,,-0.04,1,5,80,-0.002915549,0.258381586,-1.201046884,2.399347657,0.069075104,-0.348055327,0.863912026,0,1,1,1 
HDVD_97,Heavy Duty Trucks_Diesel_Articulated 50 - 60 t_Euro V,EGR,,-0.02,0,5,85,-0.00163215,0.374831076,-1.794894113,0.784091115,0.084914603,-0.37346113,2.34E-13,0,1,1,1 
HDVD_97,Heavy Duty Trucks_Diesel_Articulated 50 - 60 t_Euro V,EGR,,-0.02,0.5,5,85,-0.003588309,0.47507623,-1.318127462,1.932169571,0.097479531,-0.184106068,0.388904758,0,1,1,1 
HDVD_97,Heavy Duty Trucks_Diesel_Articulated 50 - 60 t_Euro V,EGR,,-0.02,1,5,85,-0.002189325,0.231028843,-0.08832502,-3.339542562,0.036717259,0.239880637,-1.618085464,0,1,1,1 
HDVD_97,Heavy Duty Trucks_Diesel_Articulated 50 - 60 t_Euro V,EGR,,0,0,5,85,-0.000114119,-0.008114202,1.736353976,0.616512671,-0.003802627,0.346763003,0.399447177,0,1,1,1 
HDVD_97,Heavy Duty Trucks_Diesel_Articulated 50 - 60 t_Euro V,EGR,,0,0.5,5,85,0.001102621,0.191626004,1.951964656,-0.56174878,0.03209659,0.474861503,2.47E-09,0,1,1,1 
HDVD_97,Heavy Duty Trucks_Diesel_Articulated 50 - 60 t_Euro V,EGR,,0,1,5,85,0.002209068,0.347035026,1.979562463,-0.27691515,0.056944923,0.543678175,1.69E-08,0,1,1,1 
HDVD_97,Heavy Duty Trucks_Diesel_Articulated 50 - 60 t_Euro V,EGR,,0.02,0,5,85,0.000834013,0.062558606,-0.67004904,1.683230173,0.014163694,-0.136985015,0.331076375,0,1,1,1 
HDVD_97,Heavy Duty Trucks_Diesel_Articulated 50 - 60 t_Euro V,EGR,,0.02,0.5,5,80,0.015083539,0.711184369,-2.922627891,1.120609792,0.153514605,-0.521112123,2.36E-10,0,1,1,1 
HDVD_97,Heavy Duty Trucks_Diesel_Articulated 50 - 60 t_Euro V,EGR,,0.02,1,5,70,-0.000164268,0.083645596,2.427900243,-0.872380829,0.001085776,0.511735528,2.53E-11,0,1,1,1 
HDVD_97,Heavy Duty Trucks_Diesel_Articulated 50 - 60 t_Euro V,EGR,,0.04,0,5,85,-2.17E-05,0.024510988,2.335231981,-1.141234933,-0.001543115,0.438740695,-3.67E-13,0,1,1,1 
HDVD_97,Heavy Duty Trucks_Diesel_Articulated 50 - 60 t_Euro V,EGR,,0.04,0.5,5,60,-0.000375342,0.052957445,1.947261818,-0.77390291,-0.001634394,0.388107977,1.51E-12,0,1,1,1 
HDVD_97,Heavy Duty Trucks_Diesel_Articulated 50 - 60 t_Euro V,EGR,,0.04,1,5,40,-0.000152394,-0.001789796,0.457169156,1.979235293,-0.001137269,0.047305337,0.534869789,0,1,1,1 
HDVD_97,Heavy Duty Trucks_Diesel_Articulated 50 - 60 t_Euro V,EGR,,0.06,0,5,80,0.013344949,0.610144564,-3.482550204,0.965361523,0.121811671,-0.550761746,-0.203117627,0,1,1,1 
HDVD_97,Heavy Duty Trucks_Diesel_Articulated 50 - 60 t_Euro V,EGR,,0.06,0.5,5,45,-0.000575481,0.042996527,1.641010448,2.064107443,-0.001866672,0.272294167,0.661076925,0,1,1,1 
HDVD_97,Heavy Duty Trucks_Diesel_Articulated 50 - 60 t_Euro V,EGR,,0.06,1,5,30,0.003242225,0.236125626,0.775933332,-3.681443787,0.019634779,0.295631832,-0.902935966,0,1,1,1 
HDVD_98,Heavy Duty Trucks_Diesel_Articulated 50 - 60 t_Euro VI,,,-0.06,0,5,80,-0.000323708,0.023838542,0.228403974,1.643970559,0.042969171,-0.128878226,3.282061438,0,1,1,1 
HDVD_98,Heavy Duty Trucks_Diesel_Articulated 50 - 60 t_Euro VI,,,-0.06,0.5,5,70,-0.003620473,0.274396869,-1.317813149,1.460072023,0.281196482,-1.392764414,1.472504119,0,1,1,1 
HDVD_98,Heavy Duty Trucks_Diesel_Articulated 50 - 60 t_Euro VI,,,-0.06,1,5,85,-0.000252742,0.021255,0.024193373,1.726818451,0.044657368,-0.327178659,3.592881161,0,1,1,1 
HDVD_98,Heavy Duty Trucks_Diesel_Articulated 50 - 60 t_Euro VI,,,-0.04,0,5,75,-0.004279699,0.35151611,-0.990531787,-1.898237803,0.23904536,-0.10672776,-3.998022991,0,1,1,1 
HDVD_98,Heavy Duty Trucks_Diesel_Articulated 50 - 60 t_Euro VI,,,-0.04,0.5,5,80,-0.002777074,0.241222153,-1.103425364,2.087685434,0.203561187,-0.993470036,2.323126062,0,1,1,1 
HDVD_98,Heavy Duty Trucks_Diesel_Articulated 50 - 60 t_Euro VI,,,-0.04,1,5,80,-0.002822482,0.250366269,-1.175775822,2.360779986,0.223197272,-1.140291438,2.839103814,0,1,1,1 
HDVD_98,Heavy Duty Trucks_Diesel_Articulated 50 - 60 t_Euro VI,,,-0.02,0,5,85,-0.006633311,1.120960453,-0.329342559,0.073418563,0.793436181,0.38893928,0.361392475,0,1,1,1 
HDVD_98,Heavy Duty Trucks_Diesel_Articulated 50 - 60 t_Euro VI,,,-0.02,0.5,5,85,-0.003207691,0.425169566,-1.192421908,1.762884879,0.291014874,-0.564282098,1.198846279,0,1,1,1 
HDVD_98,Heavy Duty Trucks_Diesel_Articulated 50 - 60 t_Euro VI,,,-0.02,1,5,85,-0.001134035,0.120909352,0.017920174,-1.764190324,0.065653917,0.443462643,-2.714702033,0,1,1,1 
HDVD_98,Heavy Duty Trucks_Diesel_Articulated 50 - 60 t_Euro VI,,,0,0,5,85,-7.94E-05,-0.005629952,1.206522164,0.411373472,-0.008812909,0.803597719,0.909665111,0,1,1,1 
HDVD_98,Heavy Duty Trucks_Diesel_Articulated 50 - 60 t_Euro VI,,,0,0.5,5,85,0.000931693,0.159244787,1.560096255,-0.456315942,0.089690115,1.264943798,1.71E-08,0,1,1,1 
HDVD_98,Heavy Duty Trucks_Diesel_Articulated 50 - 60 t_Euro VI,,,0,1,5,85,-3.38E-05,-0.002195742,0.432478225,1.414173142,-0.002944113,0.239131497,1.48394218,0,1,1,1 
HDVD_98,Heavy Duty Trucks_Diesel_Articulated 50 - 60 t_Euro VI,,,0.02,0,5,85,0.006032415,0.499808754,-1.929961663,0.752596912,0.34272132,-1.120575617,-2.97E-11,0,1,1,1 
HDVD_98,Heavy Duty Trucks_Diesel_Articulated 50 - 60 t_Euro VI,,,0.02,0.5,5,85,0.004308186,0.195011833,-1.44748863,0.576373834,0.147420584,-0.901439487,1.05E-13,0,1,1,1 
HDVD_98,Heavy Duty Trucks_Diesel_Articulated 50 - 60 t_Euro VI,,,0.02,1,5,70,-0.000132534,0.069732547,2.057807157,-0.768259077,0.002853347,1.434424771,1.10E-09,0,1,1,1 
HDVD_98,Heavy Duty Trucks_Diesel_Articulated 50 - 60 t_Euro VI,,,0.04,0,5,85,-1.62E-05,0.025419494,2.417015454,-1.18584201,-0.005162462,1.511883761,2.58E-08,0,1,1,1 
HDVD_98,Heavy Duty Trucks_Diesel_Articulated 50 - 60 t_Euro VI,,,0.04,0.5,5,65,-0.000136121,0.048329195,1.584707102,-0.647572043,-0.000680352,1.047906756,1.69E-11,0,1,1,1 
HDVD_98,Heavy Duty Trucks_Diesel_Articulated 50 - 60 t_Euro VI,,,0.04,1,5,45,0.020027145,0.45098793,-1.566793225,0.442120413,0.336276349,-0.936074891,4.47E-09,0,1,1,1 
HDVD_98,Heavy Duty Trucks_Diesel_Articulated 50 - 60 t_Euro VI,,,0.06,0,5,85,-0.001041402,0.056814991,4.029237446,-1.850194846,-0.026111669,2.577796676,1.33E-11,0,1,1,1 
HDVD_98,Heavy Duty Trucks_Diesel_Articulated 50 - 60 t_Euro VI,,,0.06,0.5,5,45,-0.000476944,0.035088795,1.363835234,1.149154431,-0.005991205,0.770746918,1.39616513,0,1,1,1 
HDVD_98,Heavy Duty Trucks_Diesel_Articulated 50 - 60 t_Euro VI,,,0.06,1,5,30,0.055269192,1.290428347,-0.270609203,-0.175053936,0.7442251,0.313892101,0.106334452,0,1,1,1 
BD_1,Buses_Diesel_Urban Buses Midi <=15 t_Conventional,,,-0.06,0,11,86,0.000748944,0.016109173,3.605961988,-0.571550363,0.00277443,0.000959521,0.401775656,0,1,1,1 
BD_1,Buses_Diesel_Urban Buses Midi <=15 t_Conventional,,,-0.06,0.5,11,86,-3.92E-05,0.026551956,2.083909761,-3.936343205,0.001177484,0.022174042,0.010340071,0,1,1,1 
BD_1,Buses_Diesel_Urban Buses Midi <=15 t_Conventional,,,-0.06,1,11,86,-3.56E-05,0.024348114,1.86030778,-3.926842371,0.001102031,0.020577854,-0.004318871,0,1,1,1 
BD_1,Buses_Diesel_Urban Buses Midi <=15 t_Conventional,,,-0.04,0,11,86,0.002420749,-0.015445366,4.342976603,4.02965024,0.003768998,-0.02641197,0.695312486,0,1,1,1 
BD_1,Buses_Diesel_Urban Buses Midi <=15 t_Conventional,,,-0.04,0.5,11,86,0.001409777,0.010437502,4.139245823,0.460720287,0.003270187,-0.006047452,0.49089229,0,1,1,1 
BD_1,Buses_Diesel_Urban Buses Midi <=15 t_Conventional,,,-0.04,1,11,86,0.000410406,-0.022770501,2.34287897,3.577220061,0.000530992,0.019891368,0.174280197,0,1,1,1 
BD_1,Buses_Diesel_Urban Buses Midi <=15 t_Conventional,,,-0.02,0,11,86,0.000788209,-0.025943337,1.017708699,6.339419794,0.000447846,-0.005240247,0.232867296,0,1,1,1 
BD_1,Buses_Diesel_Urban Buses Midi <=15 t_Conventional,,,-0.02,0.5,11,86,0.000386932,-0.012910942,0.488125491,3.766543497,0.000245185,-0.002895729,0.124520992,0,1,1,1 
BD_1,Buses_Diesel_Urban Buses Midi <=15 t_Conventional,,,-0.02,1,11,86,0.000711891,-0.024551305,1.059225058,8.762423045,0.000512368,-0.003886006,0.263759283,0,1,1,1 
BD_1,Buses_Diesel_Urban Buses Midi <=15 t_Conventional,,,0,0,11,86,0.000515135,-0.014459624,1.340622813,5.57477018,0.00027769,0.004457401,0.183802436,0,1,1,1 
BD_1,Buses_Diesel_Urban Buses Midi <=15 t_Conventional,,,0,0.5,11,86,0.00044688,-0.012389844,1.20566441,5.287822833,0.000255633,0.004686755,0.16701078,0,1,1,1 
BD_1,Buses_Diesel_Urban Buses Midi <=15 t_Conventional,,,0,1,11,86,0.000385293,-0.00983945,1.103361701,4.565414868,0.000232509,0.0053789,0.144044267,0,1,1,1 
BD_1,Buses_Diesel_Urban Buses Midi <=15 t_Conventional,,,0.02,0,11,86,0.000219854,-0.006241485,0.945742922,3.77969183,0.000129959,0.005793259,0.103150669,0,1,1,1 
BD_1,Buses_Diesel_Urban Buses Midi <=15 t_Conventional,,,0.02,0.5,11,86,7.82E-06,0.003514119,1.226449183,8.391841333,-8.77E-06,0.016960774,0.113910689,0,1,1,1 
BD_1,Buses_Diesel_Urban Buses Midi <=15 t_Conventional,,,0.02,1,11,86,0.00014433,-0.004295464,0.829331221,3.215672752,9.83E-05,0.006521713,0.084630918,0,1,1,1 
BD_1,Buses_Diesel_Urban Buses Midi <=15 t_Conventional,,,0.04,0,11,86,0.000119837,-0.004000287,0.868624715,3.155586876,8.27E-05,0.007086358,0.072926182,0,1,1,1 
BD_1,Buses_Diesel_Urban Buses Midi <=15 t_Conventional,,,0.04,0.5,11,82,7.18E-05,0.001120821,2.946019565,0.075098967,0.000109817,0.034673761,0.038938884,0,1,1,1 
BD_1,Buses_Diesel_Urban Buses Midi <=15 t_Conventional,,,0.04,1,11,71,-4.96E-05,0.054441989,2.219820256,7.395302534,0.000687156,0.029650604,0.110519746,0,1,1,1 
BD_1,Buses_Diesel_Urban Buses Midi <=15 t_Conventional,,,0.06,0,11,80,-3.56E-05,0.032636867,1.263757421,3.988215097,0.000385014,0.016134816,0.058951108,0,1,1,1 
BD_1,Buses_Diesel_Urban Buses Midi <=15 t_Conventional,,,0.06,0.5,11,66,-0.000202529,0.124161065,3.195319887,6.179645127,0.001498571,0.042735778,0.098781245,0,1,1,1 
BD_1,Buses_Diesel_Urban Buses Midi <=15 t_Conventional,,,0.06,1,11,55,6.61E-05,-0.018302662,0.917488075,5.828689838,-0.000148003,0.009595525,0.103295845,0,1,1,1 
BD_2,Buses_Diesel_Urban Buses Midi <=15 t_Euro I,,,-0.06,0,11,86,-3.09E-05,0.019681056,1.781076595,-5.059893792,0.004591929,0.101694983,-0.012348159,0,1,1,1 
BD_2,Buses_Diesel_Urban Buses Midi <=15 t_Euro I,,,-0.06,0.5,11,86,-2.73E-05,0.016751839,1.572105345,-4.548716708,0.004417413,0.091894712,-0.062299159,0,1,1,1 
BD_2,Buses_Diesel_Urban Buses Midi <=15 t_Euro I,,,-0.06,1,11,86,-2.36E-05,0.015225315,1.320260377,-3.912250838,0.003933819,0.08261228,-0.113689589,0,1,1,1 
BD_2,Buses_Diesel_Urban Buses Midi <=15 t_Euro I,,,-0.04,0,11,86,0.000244587,-0.010901952,0.752810608,2.386770866,0.001231541,0.012430443,0.587369214,0,1,1,1 
BD_2,Buses_Diesel_Urban Buses Midi <=15 t_Euro I,,,-0.04,0.5,11,86,0.000187728,-0.00822119,1.262072214,2.057991042,0.001602293,0.059660143,0.554717722,0,1,1,1 
BD_2,Buses_Diesel_Urban Buses Midi <=15 t_Euro I,,,-0.04,1,11,86,0.000358315,-0.014739708,3.053431652,4.268476812,0.003884456,0.16634004,1.14231461,0,1,1,1 
BD_2,Buses_Diesel_Urban Buses Midi <=15 t_Euro I,,,-0.02,0,11,86,0.000672917,-0.022515556,0.780348046,4.387328844,0.002002069,-0.031390671,1.046324247,0,1,1,1 
BD_2,Buses_Diesel_Urban Buses Midi <=15 t_Euro I,,,-0.02,0.5,11,86,0.000316482,-0.010656691,0.386858168,2.473438357,0.001037713,-0.014398185,0.535699921,0,1,1,1 
BD_2,Buses_Diesel_Urban Buses Midi <=15 t_Euro I,,,-0.02,1,11,86,1.62E-05,0.001569073,0.422272057,3.720533915,-8.49E-05,0.045277041,0.225727832,0,1,1,1 
BD_2,Buses_Diesel_Urban Buses Midi <=15 t_Euro I,,,0,0,11,86,0.000365765,-0.009623782,0.755115252,2.792199898,0.00098465,0.006960836,0.626527075,0,1,1,1 
BD_2,Buses_Diesel_Urban Buses Midi <=15 t_Euro I,,,0,0.5,11,86,2.89E-05,0.008598512,1.383117196,4.477839173,-0.000294599,0.115623904,0.376241124,0,1,1,1 
BD_2,Buses_Diesel_Urban Buses Midi <=15 t_Euro I,,,0,1,11,86,0.000325495,-0.006845733,0.756127877,2.722624632,0.00092086,0.01512792,0.583426394,0,1,1,1 
BD_2,Buses_Diesel_Urban Buses Midi <=15 t_Euro I,,,0.02,0,11,86,0.000350872,-0.00785371,0.689297658,2.743556296,0.000906522,0.008168016,0.545644062,0,1,1,1 
BD_2,Buses_Diesel_Urban Buses Midi <=15 t_Euro I,,,0.02,0.5,11,86,0.000299963,-0.005275571,0.637610892,2.394086016,0.000777544,0.012543113,0.470873026,0,1,1,1 
BD_2,Buses_Diesel_Urban Buses Midi <=15 t_Euro I,,,0.02,1,11,86,1.46E-15,-5.11E-14,2.168035253,1.93E-10,-0.001000951,0.151745958,0.278424468,0,1,1,1 
BD_2,Buses_Diesel_Urban Buses Midi <=15 t_Euro I,,,0.04,0,11,86,0.000342242,-0.006876448,0.594517647,2.910986903,0.000842779,0.006249986,0.49340921,0,1,1,1 
BD_2,Buses_Diesel_Urban Buses Midi <=15 t_Euro I,,,0.04,0.5,11,83,1.61E-05,0.004573678,0.587212341,4.426795133,-0.000128706,0.042019632,0.38033145,0,1,1,1 
BD_2,Buses_Diesel_Urban Buses Midi <=15 t_Euro I,,,0.04,1,11,70,4.68E-05,0.018546615,0.512232669,2.425650064,0.000219321,0.053013671,0.138549255,0,1,1,1 
BD_2,Buses_Diesel_Urban Buses Midi <=15 t_Euro I,,,0.06,0,11,82,1.57E-05,0.004496903,0.5780632,4.302552585,-0.000125626,0.04100139,0.365687879,0,1,1,1 
BD_2,Buses_Diesel_Urban Buses Midi <=15 t_Euro I,,,0.06,0.5,11,68,2.42E-05,0.005639182,0.537046604,3.200183652,-0.000144708,0.037665637,0.306256811,0,1,1,1 
BD_2,Buses_Diesel_Urban Buses Midi <=15 t_Euro I,,,0.06,1,11,57,0.000381458,0.017997968,1.756615852,5.647403558,-0.001027641,0.161662347,0.273205388,0,1,1,1 
BD_3,Buses_Diesel_Urban Buses Midi <=15 t_Euro II,,,-0.06,0,11,86,-2.27E-05,0.019650191,1.360482565,-3.505917757,0.004643061,0.126385477,-0.01779197,0,1,1,1 
BD_3,Buses_Diesel_Urban Buses Midi <=15 t_Euro II,,,-0.06,0.5,11,86,-2.23E-05,0.018441552,1.315599532,-3.457476265,0.004745358,0.124502974,-0.047629866,0,1,1,1 
BD_3,Buses_Diesel_Urban Buses Midi <=15 t_Euro II,,,-0.06,1,11,86,-2.93E-05,0.026974714,1.767013206,-4.612799258,0.006726277,0.181730944,-0.183346653,0,1,1,1 
BD_3,Buses_Diesel_Urban Buses Midi <=15 t_Euro II,,,-0.04,0,11,86,0.000408876,-0.015979612,1.350281542,3.494344261,0.002860912,0.046181537,1.331779919,0,1,1,1 
BD_3,Buses_Diesel_Urban Buses Midi <=15 t_Euro II,,,-0.04,0.5,11,86,0.000293002,-0.01056667,1.860507441,2.802644392,0.003182074,0.125934072,1.182840958,0,1,1,1 
BD_3,Buses_Diesel_Urban Buses Midi <=15 t_Euro II,,,-0.04,1,11,86,0.000162341,-0.004275821,1.340046752,1.677107301,0.002292525,0.108477029,0.690406559,0,1,1,1 
BD_3,Buses_Diesel_Urban Buses Midi <=15 t_Euro II,,,-0.02,0,11,86,-4.42E-15,2.33E-13,2.993615275,1.17E-09,-0.00274713,0.409199066,-0.393345779,0,1,1,1 
BD_3,Buses_Diesel_Urban Buses Midi <=15 t_Euro II,,,-0.02,0.5,11,86,-2.23E-16,6.29E-15,2.754560371,3.31E-11,-0.002434417,0.396119767,-0.52649466,0,1,1,1 
BD_3,Buses_Diesel_Urban Buses Midi <=15 t_Euro II,,,-0.02,1,11,86,1.56E-05,0.001674521,0.449444252,3.821490986,-0.000110279,0.066821496,0.347531806,0,1,1,1 
BD_3,Buses_Diesel_Urban Buses Midi <=15 t_Euro II,,,0,0,11,86,-1.35E-17,2.10E-15,2.409550424,6.38E-12,-0.001616812,0.2704354,0.091784792,0,1,1,1 
BD_3,Buses_Diesel_Urban Buses Midi <=15 t_Euro II,,,0,0.5,11,86,3.70E-17,-5.90E-16,2.468772604,1.46E-11,-0.001593724,0.278762392,0.12442501,0,1,1,1 
BD_3,Buses_Diesel_Urban Buses Midi <=15 t_Euro II,,,0,1,11,86,2.21E-16,-3.64E-15,3.635572006,7.25E-11,-0.002329148,0.413709804,0.215540287,0,1,1,1 
BD_3,Buses_Diesel_Urban Buses Midi <=15 t_Euro II,,,0.02,0,11,86,1.28E-16,7.67E-17,2.365453165,5.33E-11,-0.001493662,0.256233538,0.076266609,0,1,1,1 
BD_3,Buses_Diesel_Urban Buses Midi <=15 t_Euro II,,,0.02,0.5,11,86,5.23E-18,-2.17E-16,2.439982311,1.83E-12,-0.001554084,0.261955928,0.169694144,0,1,1,1 
BD_3,Buses_Diesel_Urban Buses Midi <=15 t_Euro II,,,0.02,1,11,86,5.24E-16,-1.33E-14,2.558760705,1.07E-10,-0.00167819,0.270590446,0.270673725,0,1,1,1 
BD_3,Buses_Diesel_Urban Buses Midi <=15 t_Euro II,,,0.04,0,11,86,8.23E-17,1.05E-14,2.868325365,2.74E-10,-0.001935709,0.311682408,-0.001869347,0,1,1,1 
BD_3,Buses_Diesel_Urban Buses Midi <=15 t_Euro II,,,0.04,0.5,11,86,1.34E-14,-7.20E-13,3.305205971,4.50E-09,-0.002322966,0.342488286,0.260031817,0,1,1,1 
BD_3,Buses_Diesel_Urban Buses Midi <=15 t_Euro II,,,0.04,1,11,77,-2.79E-05,0.008355529,0.309172502,2.300714716,-0.00013731,0.04747419,0.176623527,0,1,1,1 
BD_3,Buses_Diesel_Urban Buses Midi <=15 t_Euro II,,,0.06,0,11,85,2.57E-17,-8.63E-16,3.370690666,1.90E-11,-0.002414373,0.351825362,0.169362527,0,1,1,1 
BD_3,Buses_Diesel_Urban Buses Midi <=15 t_Euro II,,,0.06,0.5,11,66,0.000487065,0.144912714,2.059086213,6.427802426,0.0053142,0.395371049,-0.239574216,0,1,1,1 
BD_3,Buses_Diesel_Urban Buses Midi <=15 t_Euro II,,,0.06,1,11,60,0.000497953,0.097599981,0.269682608,-4.357380017,0.003700383,0.1837653,-1.360707408,0,1,1,1 
BD_4,Buses_Diesel_Urban Buses Midi <=15 t_Euro III,,,-0.06,0,11,86,-2.40E-05,0.019388343,1.413156133,-3.778099844,0.005014271,0.13485796,0.075544311,0,1,1,1 
BD_4,Buses_Diesel_Urban Buses Midi <=15 t_Euro III,,,-0.06,0.5,11,86,0.000146585,-0.009825941,1.368994342,1.769134173,0.002347308,0.107759685,1.077721476,0,1,1,1 
BD_4,Buses_Diesel_Urban Buses Midi <=15 t_Euro III,,,-0.06,1,11,86,0.000118196,-0.006982888,1.235038392,1.555344791,0.00228383,0.111556816,0.879980647,0,1,1,1 
BD_4,Buses_Diesel_Urban Buses Midi <=15 t_Euro III,,,-0.04,0,11,86,5.18E-06,0.001674804,0.31871365,2.136393953,0.000175688,0.045235988,0.266809001,0,1,1,1 
BD_4,Buses_Diesel_Urban Buses Midi <=15 t_Euro III,,,-0.04,0.5,11,86,-2.80E-05,0.043655855,2.318999549,-4.819971224,0.007918554,0.263913338,-0.135826942,0,1,1,1 
BD_4,Buses_Diesel_Urban Buses Midi <=15 t_Euro III,,,-0.04,1,11,86,-2.89E-05,0.04127459,2.234218509,-4.94425517,0.008137996,0.261065272,-0.221872859,0,1,1,1 
BD_4,Buses_Diesel_Urban Buses Midi <=15 t_Euro III,,,-0.02,0,11,86,0.000662041,-0.024834939,0.740059274,4.279633183,0.002778527,-0.05898201,1.672409304,0,1,1,1 
BD_4,Buses_Diesel_Urban Buses Midi <=15 t_Euro III,,,-0.02,0.5,11,86,0.000572008,-0.021841558,0.72810268,3.973558645,0.002632487,-0.047343281,1.566892461,0,1,1,1 
BD_4,Buses_Diesel_Urban Buses Midi <=15 t_Euro III,,,-0.02,1,11,86,0.000447649,-0.016644078,0.70260503,3.390604498,0.002325753,-0.023214731,1.302504343,0,1,1,1 
BD_4,Buses_Diesel_Urban Buses Midi <=15 t_Euro III,,,0,0,11,86,4.96E-18,-1.40E-17,2.41704037,1.20E-12,-0.001893181,0.296424666,0.160321187,0,1,1,1 
BD_4,Buses_Diesel_Urban Buses Midi <=15 t_Euro III,,,0,0.5,11,86,0.00067028,-0.022823053,1.185905238,3.718635923,0.002845657,-0.013476969,1.704756956,0,1,1,1 
BD_4,Buses_Diesel_Urban Buses Midi <=15 t_Euro III,,,0,1,11,86,0.000557143,-0.016278069,1.11999649,2.963696056,0.002487596,0.009817247,1.408062702,0,1,1,1 
BD_4,Buses_Diesel_Urban Buses Midi <=15 t_Euro III,,,0.02,0,11,86,6.62E-18,3.63E-16,3.106373029,-3.61E-13,-0.00195491,0.35990232,0.239347583,0,1,1,1 
BD_4,Buses_Diesel_Urban Buses Midi <=15 t_Euro III,,,0.02,0.5,11,86,1.66E-15,-3.21E-14,2.243518986,3.79E-10,-0.001483885,0.261531142,0.240569093,0,1,1,1 
BD_4,Buses_Diesel_Urban Buses Midi <=15 t_Euro III,,,0.02,1,11,86,4.99E-06,0.001831247,0.298044961,2.415683491,-9.15E-05,0.035904609,0.32622296,0,1,1,1 
BD_4,Buses_Diesel_Urban Buses Midi <=15 t_Euro III,,,0.04,0,11,86,-4.05E-17,2.97E-15,2.643494673,-2.85E-11,-0.001816448,0.308747589,0.135594291,0,1,1,1 
BD_4,Buses_Diesel_Urban Buses Midi <=15 t_Euro III,,,0.04,0.5,11,86,1.99E-15,-7.96E-14,2.368017681,5.75E-10,-0.001686927,0.27004592,0.233042722,0,1,1,1 
BD_4,Buses_Diesel_Urban Buses Midi <=15 t_Euro III,,,0.04,1,11,78,1.07E-05,0.007523843,1.061198859,6.189144401,-0.000337409,0.118739088,0.899820638,0,1,1,1 
BD_4,Buses_Diesel_Urban Buses Midi <=15 t_Euro III,,,0.06,0,11,86,2.96E-16,-4.00E-15,2.335345496,5.65E-11,-0.001612249,0.260278076,0.265714869,0,1,1,1 
BD_4,Buses_Diesel_Urban Buses Midi <=15 t_Euro III,,,0.06,0.5,11,70,0.000103978,0.035134619,0.999884923,2.570820668,0.001267147,0.155131716,0.179248112,0,1,1,1 
BD_4,Buses_Diesel_Urban Buses Midi <=15 t_Euro III,,,0.06,1,11,61,0.000759211,0.179458955,0.944638537,-8.416112876,0.008497623,0.398738452,-2.619628469,0,1,1,1 
BD_5,Buses_Diesel_Urban Buses Midi <=15 t_Euro IV,,,-0.06,0,11,86,7.56E-06,0.002965668,0.327646038,2.067377305,0.005945893,0.628655437,3.119287902,0,1,1,1 
BD_5,Buses_Diesel_Urban Buses Midi <=15 t_Euro IV,,,-0.06,0.5,11,86,-4.70E-05,0.045776455,2.502632987,-5.448427612,0.121163842,3.346606161,3.095751605,0,1,1,1 
BD_5,Buses_Diesel_Urban Buses Midi <=15 t_Euro IV,,,-0.06,1,11,86,-3.09E-05,0.037890865,2.195155881,-5.067958615,0.098493521,3.179858674,2.008913524,0,1,1,1 
BD_5,Buses_Diesel_Urban Buses Midi <=15 t_Euro IV,,,-0.04,0,11,86,2.37E-05,0.001802692,0.504589762,4.905652372,-0.002367705,1.02359249,4.542126522,0,1,1,1 
BD_5,Buses_Diesel_Urban Buses Midi <=15 t_Euro IV,,,-0.04,0.5,11,86,9.60E-13,3.14E-10,1.355066423,2.97E-07,-0.004090662,2.151484401,0.421563142,0,1,1,1 
BD_5,Buses_Diesel_Urban Buses Midi <=15 t_Euro IV,,,-0.04,1,11,86,-5.51E-06,0.029957539,1.320925081,-1.772309975,0.045264111,1.837926417,1.459009956,0,1,1,1 
BD_5,Buses_Diesel_Urban Buses Midi <=15 t_Euro IV,,,-0.02,0,11,86,0.000142209,-0.011164876,0.323588123,0.935791398,0.001936849,-0.078175183,5.095701717,0,1,1,1 
BD_5,Buses_Diesel_Urban Buses Midi <=15 t_Euro IV,,,-0.02,0.5,11,86,1.15E-15,-7.35E-14,1.599261643,-5.32E-10,-0.020971574,2.374266807,-1.337287174,0,1,1,1 
BD_5,Buses_Diesel_Urban Buses Midi <=15 t_Euro IV,,,-0.02,1,11,86,6.15E-17,-3.06E-15,1.366531882,-1.12E-11,-0.018621401,2.125029463,-2.136764534,0,1,1,1 
BD_5,Buses_Diesel_Urban Buses Midi <=15 t_Euro IV,,,0,0,11,86,9.35E-16,-5.54E-14,1.848834791,8.76E-11,-0.014629729,1.804033824,5.478727229,0,1,1,1 
BD_5,Buses_Diesel_Urban Buses Midi <=15 t_Euro IV,,,0,0.5,11,86,2.16E-18,-9.38E-17,0.621871765,1.08E-13,-0.003954311,0.515216612,2.576740939,0,1,1,1 
BD_5,Buses_Diesel_Urban Buses Midi <=15 t_Euro IV,,,0,1,11,86,3.22E-05,0.002475585,0.549317049,2.235733173,-0.000944987,0.370174931,5.345442155,0,1,1,1 
BD_5,Buses_Diesel_Urban Buses Midi <=15 t_Euro IV,,,0.02,0,11,86,0.000506016,0.063506061,2.185225782,1.332185624,0.009091217,2.781281323,3.104503291,0,1,1,1 
BD_5,Buses_Diesel_Urban Buses Midi <=15 t_Euro IV,,,0.02,0.5,11,86,-0.000121645,0.009500292,0.135046787,-2.190736918,-0.003511271,0.348902927,-3.125676602,0,1,1,1 
BD_5,Buses_Diesel_Urban Buses Midi <=15 t_Euro IV,,,0.02,1,11,86,-0.000202056,0.01470184,0.35700608,-3.673041506,-0.00549066,0.54572493,-3.682482654,0,1,1,1 
BD_5,Buses_Diesel_Urban Buses Midi <=15 t_Euro IV,,,0.04,0,11,86,0.000193965,0.036669802,0.022631589,-1.587363962,0.008625561,0.56054888,-4.1647342,0,1,1,1 
BD_5,Buses_Diesel_Urban Buses Midi <=15 t_Euro IV,,,0.04,0.5,11,86,-0.000254685,0.019290182,0.446563036,-3.362958734,-0.005253576,0.540349124,-2.263442894,0,1,1,1 
BD_5,Buses_Diesel_Urban Buses Midi <=15 t_Euro IV,,,0.04,1,11,80,-0.00016749,0.005891731,0.851186216,-2.529043328,-0.004226758,0.382036977,1.853610812,0,1,1,1 
BD_5,Buses_Diesel_Urban Buses Midi <=15 t_Euro IV,,,0.06,0,11,86,-0.000216774,0.017889005,0.251771616,-2.234868655,-0.003852446,0.408176967,-1.923518175,0,1,1,1 
BD_5,Buses_Diesel_Urban Buses Midi <=15 t_Euro IV,,,0.06,0.5,11,74,-0.000386593,0.01217082,1.830525717,-4.258174215,-0.008713711,0.722787231,5.364812609,0,1,1,1 
BD_5,Buses_Diesel_Urban Buses Midi <=15 t_Euro IV,,,0.06,1,11,63,-0.000109704,-0.009941385,1.336324513,-2.416650138,-0.005008629,0.327401981,3.802857253,0,1,1,1 
BD_6,Buses_Diesel_Urban Buses Midi <=15 t_Euro V,SCR,,-0.06,0,5,85,-0.000148162,0.053132776,-0.348326103,1.02002163,0.188624114,-1.274385678,4.38918359,0,1,1,1 
BD_6,Buses_Diesel_Urban Buses Midi <=15 t_Euro V,SCR,,-0.06,0.5,5,85,1.07E-05,-0.001843427,0.080547103,0.438843382,-0.002256285,0.173715655,2.96635398,0,1,1,1 
BD_6,Buses_Diesel_Urban Buses Midi <=15 t_Euro V,SCR,,-0.06,1,5,85,1.10E-05,-0.001972637,0.090800142,0.330969195,-0.002797742,0.226427875,2.485575935,0,1,1,1 
BD_6,Buses_Diesel_Urban Buses Midi <=15 t_Euro V,SCR,,-0.04,0,5,85,1.32E-05,-0.000456236,0.006938259,0.380248186,0.002548327,-0.090124568,2.079729125,0,1,1,1 
BD_6,Buses_Diesel_Urban Buses Midi <=15 t_Euro V,SCR,,-0.04,0.5,5,85,-5.23E-05,0.043786982,-0.208990947,0.662870022,0.134294644,-0.604959554,2.68975084,0,1,1,1 
BD_6,Buses_Diesel_Urban Buses Midi <=15 t_Euro V,SCR,,-0.04,1,5,85,-0.000117766,0.049150462,-0.215068226,0.558093687,0.145169837,-0.531792062,2.04642317,0,1,1,1 
BD_6,Buses_Diesel_Urban Buses Midi <=15 t_Euro V,SCR,,-0.02,0,5,85,1.89E-05,-0.002110614,0.074157083,0.654160832,0.00022017,-0.035573019,3.826751767,0,1,1,1 
BD_6,Buses_Diesel_Urban Buses Midi <=15 t_Euro V,SCR,,-0.02,0.5,5,85,1.75E-05,-0.002164571,0.085296476,0.632032983,-0.000214151,-0.000316881,3.78204981,0,1,1,1 
BD_6,Buses_Diesel_Urban Buses Midi <=15 t_Euro V,SCR,,-0.02,1,5,85,1.68E-05,-0.002610434,0.120372639,0.682603263,-0.001125806,0.066378929,4.240234805,0,1,1,1 
BD_6,Buses_Diesel_Urban Buses Midi <=15 t_Euro V,SCR,,0,0,5,85,2.51E-05,-0.002813034,0.137311765,0.876165658,-7.00E-05,0.009457013,5.046757779,0,1,1,1 
BD_6,Buses_Diesel_Urban Buses Midi <=15 t_Euro V,SCR,,0,0.5,5,85,1.78E-05,-0.002571287,0.159244151,0.848593397,-0.000828619,0.065232394,4.919502224,0,1,1,1 
BD_6,Buses_Diesel_Urban Buses Midi <=15 t_Euro V,SCR,,0,1,5,85,1.10E-05,-0.002160756,0.165347091,0.734919766,-0.001290363,0.10262871,4.338604286,0,1,1,1 
BD_6,Buses_Diesel_Urban Buses Midi <=15 t_Euro V,SCR,,0.02,0,5,85,2.12E-05,-0.003022998,0.193309678,1.27155115,-0.000852839,0.050568525,6.387652536,0,1,1,1 
BD_6,Buses_Diesel_Urban Buses Midi <=15 t_Euro V,SCR,,0.02,0.5,5,85,1.42E-05,-0.002679705,0.248943488,1.45389049,-0.001591158,0.118104772,7.068054228,0,1,1,1 
BD_6,Buses_Diesel_Urban Buses Midi <=15 t_Euro V,SCR,,0.02,1,5,85,-1.78E-06,-0.001017279,0.218889149,1.05486567,-0.001865747,0.157877971,5.066883667,0,1,1,1 
BD_6,Buses_Diesel_Urban Buses Midi <=15 t_Euro V,SCR,,0.04,0,5,85,1.31E-05,-0.001730454,0.157287917,1.084854757,-0.000662037,0.05165149,4.850183781,0,1,1,1 
BD_6,Buses_Diesel_Urban Buses Midi <=15 t_Euro V,SCR,,0.04,0.5,5,85,-1.45E-05,0.000601451,0.200639548,0.981716432,-0.00191386,0.17494931,4.301976176,0,1,1,1 
BD_6,Buses_Diesel_Urban Buses Midi <=15 t_Euro V,SCR,,0.04,1,5,80,-0.000102649,0.005894051,0.254436056,0.74843091,-0.004905254,0.382177917,3.335963166,0,1,1,1 
BD_6,Buses_Diesel_Urban Buses Midi <=15 t_Euro V,SCR,,0.06,0,5,85,-1.47E-05,0.000779767,0.216938889,1.182359245,-0.001965714,0.182261234,4.985064951,0,1,1,1 
BD_6,Buses_Diesel_Urban Buses Midi <=15 t_Euro V,SCR,,0.06,0.5,5,70,0.034036268,0.477982148,-0.058621007,0.021986128,1.344784087,0.46692829,0.481464656,0,1,1,1 
BD_6,Buses_Diesel_Urban Buses Midi <=15 t_Euro V,SCR,,0.06,1,5,60,0.041816191,0.476775108,0.020764087,0.080100451,1.322569248,0.472768032,0.491867752,0,1,1,1 
BD_6,Buses_Diesel_Urban Buses Midi <=15 t_Euro V,EGR,,-0.06,0,5,85,-0.001395885,0.151464697,-0.935709296,2.41540592,0.095178225,-0.592968303,1.678636396,0,1,1,1 
BD_6,Buses_Diesel_Urban Buses Midi <=15 t_Euro V,EGR,,-0.06,0.5,5,85,-0.002533937,0.222650847,0.343881582,-2.947401831,0.148758159,0.511331364,-2.841220573,0,1,1,1 
BD_6,Buses_Diesel_Urban Buses Midi <=15 t_Euro V,EGR,,-0.06,1,5,85,-0.001253949,0.124335656,-0.812023447,2.416117542,0.089642422,-0.624824362,2.054235966,0,1,1,1 
BD_6,Buses_Diesel_Urban Buses Midi <=15 t_Euro V,EGR,,-0.04,0,5,85,-0.000712126,0.144105276,-0.658424114,1.969032485,0.079778891,-0.32868606,1.232273565,0,1,1,1 
BD_6,Buses_Diesel_Urban Buses Midi <=15 t_Euro V,EGR,,-0.04,0.5,5,85,-0.001662322,0.22491666,-0.522946791,1.506651257,0.125191759,-0.128338335,0.758643684,0,1,1,1 
BD_6,Buses_Diesel_Urban Buses Midi <=15 t_Euro V,EGR,,-0.04,1,5,85,-0.002797599,0.334930961,-0.622818339,1.473255956,0.187780951,-0.040437143,0.506056072,0,1,1,1 
BD_6,Buses_Diesel_Urban Buses Midi <=15 t_Euro V,EGR,,-0.02,0,5,85,3.54E-05,-0.002658968,0.044997001,1.783884912,0.000508197,-0.040520282,1.455254668,0,1,1,1 
BD_6,Buses_Diesel_Urban Buses Midi <=15 t_Euro V,EGR,,-0.02,0.5,5,85,4.67E-05,-0.003881337,0.077018994,2.857471328,0.000584065,-0.050507822,2.317280472,0,1,1,1 
BD_6,Buses_Diesel_Urban Buses Midi <=15 t_Euro V,EGR,,-0.02,1,5,85,2.62E-05,-0.003584713,0.133465055,2.397308294,-0.0002141,0.005590382,1.956831096,0,1,1,1 
BD_6,Buses_Diesel_Urban Buses Midi <=15 t_Euro V,EGR,,0,0,5,85,4.54E-05,-0.003549272,0.111976221,2.474725494,0.00044872,-0.029144088,1.851322403,0,1,1,1 
BD_6,Buses_Diesel_Urban Buses Midi <=15 t_Euro V,EGR,,0,0.5,5,85,2.64E-05,-0.002528605,0.110494254,2.033421648,0.000134089,-0.008671695,1.491330569,0,1,1,1 
BD_6,Buses_Diesel_Urban Buses Midi <=15 t_Euro V,EGR,,0,1,5,85,1.22E-05,-0.001609061,0.098159978,1.524763142,-5.65E-05,0.004355244,1.101371474,0,1,1,1 
BD_6,Buses_Diesel_Urban Buses Midi <=15 t_Euro V,EGR,,0.02,0,5,85,3.04E-05,-0.001517487,0.061425372,1.620570455,0.000422278,-0.016893706,1.06913086,0,1,1,1 
BD_6,Buses_Diesel_Urban Buses Midi <=15 t_Euro V,EGR,,0.02,0.5,5,85,2.62E-05,-0.00018736,0.107900758,1.91428447,0.000408876,0.006167718,1.209238386,0,1,1,1 
BD_6,Buses_Diesel_Urban Buses Midi <=15 t_Euro V,EGR,,0.02,1,5,85,0.000532209,0.088261708,1.130797443,-4.189758293,0.017397301,0.786228464,-2.518058763,0,1,1,1 
BD_6,Buses_Diesel_Urban Buses Midi <=15 t_Euro V,EGR,,0.04,0,5,85,0.000248601,0.006364151,-0.070294645,1.882676732,0.005427373,-0.079060496,1.099590349,0,1,1,1 
BD_6,Buses_Diesel_Urban Buses Midi <=15 t_Euro V,EGR,,0.04,0.5,5,85,-8.88E-05,0.005795411,0.407860613,2.194518201,-0.001437087,0.155403666,1.288810043,0,1,1,1 
BD_6,Buses_Diesel_Urban Buses Midi <=15 t_Euro V,EGR,,0.04,1,5,80,-0.000216087,0.017623162,0.841731935,3.20755095,-0.002681313,0.343268465,1.842333914,0,1,1,1 
BD_6,Buses_Diesel_Urban Buses Midi <=15 t_Euro V,EGR,,0.06,0,5,85,0.031474381,1.076602997,0.271835803,0.674079931,0.540803418,0.198604189,0.337689852,0,1,1,1 
BD_6,Buses_Diesel_Urban Buses Midi <=15 t_Euro V,EGR,,0.06,0.5,5,70,-0.000649744,0.043952702,1.544829611,0.936171136,-0.007258696,0.74972883,0.606176013,0,1,1,1 
BD_6,Buses_Diesel_Urban Buses Midi <=15 t_Euro V,EGR,,0.06,1,5,60,-0.000575833,0.099712891,2.042276363,0.180396444,0.000435093,1.009629254,0.180492829,0,1,1,1 
BD_7,Buses_Diesel_Urban Buses Midi <=15 t_Euro VI,,,-0.06,0,5,85,-0.000727363,0.078924249,-0.487603586,1.258847132,0.1653141,-1.029985779,2.916225829,0,1,1,1 
BD_7,Buses_Diesel_Urban Buses Midi <=15 t_Euro VI,,,-0.06,0.5,5,85,-0.000575757,0.058490679,-0.405363481,1.428669159,0.133554287,-0.991013965,3.88891583,0,1,1,1 
BD_7,Buses_Diesel_Urban Buses Midi <=15 t_Euro VI,,,-0.06,1,5,85,-0.000523118,0.051876836,-0.338848353,1.003888565,0.124679203,-0.869122566,2.844102802,0,1,1,1 
BD_7,Buses_Diesel_Urban Buses Midi <=15 t_Euro VI,,,-0.04,0,5,85,-0.000296354,0.05996947,-0.274055852,0.819775369,0.110666215,-0.456057946,1.710234144,0,1,1,1 
BD_7,Buses_Diesel_Urban Buses Midi <=15 t_Euro VI,,,-0.04,0.5,5,85,-0.001616955,0.21882774,-0.50939066,1.462815082,0.40607565,-0.41854795,2.454139504,0,1,1,1 
BD_7,Buses_Diesel_Urban Buses Midi <=15 t_Euro VI,,,-0.04,1,5,85,-0.00233717,0.279914528,-0.523326441,1.233515396,0.523257403,-0.121475219,1.418294583,0,1,1,1 
BD_7,Buses_Diesel_Urban Buses Midi <=15 t_Euro VI,,,-0.02,0,5,85,1.91E-05,-0.001435303,0.024278294,0.963004013,0.000914726,-0.072933549,2.618638116,0,1,1,1 
BD_7,Buses_Diesel_Urban Buses Midi <=15 t_Euro VI,,,-0.02,0.5,5,85,1.87E-05,-0.001554019,0.030946763,1.143135917,0.000776037,-0.06713202,3.090248906,0,1,1,1 
BD_7,Buses_Diesel_Urban Buses Midi <=15 t_Euro VI,,,-0.02,1,5,85,1.54E-05,-0.00210572,0.07852949,1.404884453,-0.00042267,0.011345157,3.823186194,0,1,1,1 
BD_7,Buses_Diesel_Urban Buses Midi <=15 t_Euro VI,,,0,0,5,85,1.57E-05,-0.001231341,0.038888696,0.85857939,0.000518006,-0.033636506,2.141010794,0,1,1,1 
BD_7,Buses_Diesel_Urban Buses Midi <=15 t_Euro VI,,,0,0.5,5,85,1.60E-05,-0.001533762,0.067480233,1.233279838,0.000262345,-0.016805082,3.015610942,0,1,1,1 
BD_7,Buses_Diesel_Urban Buses Midi <=15 t_Euro VI,,,0,1,5,85,5.72E-06,-0.000761972,0.047052382,0.722046218,-9.90E-05,0.007735052,1.739362733,0,1,1,1 
BD_7,Buses_Diesel_Urban Buses Midi <=15 t_Euro VI,,,0.02,0,5,85,0.001566906,0.127240289,0.111464913,-1.983413878,0.166927894,0.809237563,-4.792690624,0,1,1,1 
BD_7,Buses_Diesel_Urban Buses Midi <=15 t_Euro VI,,,0.02,0.5,5,85,1.63E-05,-0.000116137,0.071861561,1.239496382,0.00082534,0.016535439,2.611576693,0,1,1,1 
BD_7,Buses_Diesel_Urban Buses Midi <=15 t_Euro VI,,,0.02,1,5,85,0.000260782,0.042853242,0.547096792,-2.022663762,0.028314338,1.266945955,-4.050025767,0,1,1,1 
BD_7,Buses_Diesel_Urban Buses Midi <=15 t_Euro VI,,,0.04,0,5,85,0.0001508,0.00387355,-0.041476517,1.15010659,0.01097368,-0.158618379,2.239911343,0,1,1,1 
BD_7,Buses_Diesel_Urban Buses Midi <=15 t_Euro VI,,,0.04,0.5,5,85,-5.39E-05,0.003557179,0.244687385,1.260977996,-0.002896717,0.314870391,2.4727666,0,1,1,1 
BD_7,Buses_Diesel_Urban Buses Midi <=15 t_Euro VI,,,0.04,1,5,80,-0.000130279,0.012619189,0.5108962,1.367146893,-0.004922988,0.747141039,2.653948181,0,1,1,1 
BD_7,Buses_Diesel_Urban Buses Midi <=15 t_Euro VI,,,0.06,0,5,85,0.019343813,0.662075535,0.160801639,0.320667776,1.108155651,0.402753979,0.526261287,0,1,1,1 
BD_7,Buses_Diesel_Urban Buses Midi <=15 t_Euro VI,,,0.06,0.5,5,75,-0.000361469,0.029128618,0.928013514,0.287062323,-0.012463831,1.533036466,0.706741331,0,1,1,1 
BD_7,Buses_Diesel_Urban Buses Midi <=15 t_Euro VI,,,0.06,1,5,65,-0.000293446,0.057473586,1.195706472,0.099147847,0.001457685,1.952030836,0.374159755,0,1,1,1 
BD_8,Buses_Diesel_Urban Buses Standard 15 - 18 t_Conventional,,,-0.06,0,11,86,0.000192339,-0.01498137,1.035954366,4.120540698,0.000403099,0.009453055,0.223451009,0,1,1,1 
BD_8,Buses_Diesel_Urban Buses Standard 15 - 18 t_Conventional,,,-0.06,0.5,11,86,0.000161491,-0.0123295,0.832234537,4.242902861,0.000349567,0.007965098,0.205679077,0,1,1,1 
BD_8,Buses_Diesel_Urban Buses Standard 15 - 18 t_Conventional,,,-0.06,1,11,86,0.000154474,-0.011439318,0.77860959,4.394326909,0.000342187,0.007975903,0.202983138,0,1,1,1 
BD_8,Buses_Diesel_Urban Buses Standard 15 - 18 t_Conventional,,,-0.04,0,11,86,0.000995917,-0.002610557,2.916046888,1.715069325,0.003568457,-0.020050002,0.665283077,0,1,1,1 
BD_8,Buses_Diesel_Urban Buses Standard 15 - 18 t_Conventional,,,-0.04,0.5,11,86,0.000838833,0.000288952,2.831519442,1.402142795,0.003541469,-0.0169527,0.631610177,0,1,1,1 
BD_8,Buses_Diesel_Urban Buses Standard 15 - 18 t_Conventional,,,-0.04,1,11,86,0.00113857,0.006710699,4.284821932,1.591455537,0.005448291,-0.018001945,0.886727251,0,1,1,1 
BD_8,Buses_Diesel_Urban Buses Standard 15 - 18 t_Conventional,,,-0.02,0,11,86,0.000388353,-0.015366343,0.86030534,4.541660626,0.000412383,0.000245424,0.234846397,0,1,1,1 
BD_8,Buses_Diesel_Urban Buses Standard 15 - 18 t_Conventional,,,-0.02,0.5,11,86,0.000275223,-0.011722321,0.675228683,4.311161125,0.000337003,0.001285028,0.193314504,0,1,1,1 
BD_8,Buses_Diesel_Urban Buses Standard 15 - 18 t_Conventional,,,-0.02,1,11,86,0.000468495,-0.02216782,1.438194985,6.125410098,0.000679811,0.006462212,0.320865513,0,1,1,1 
BD_8,Buses_Diesel_Urban Buses Standard 15 - 18 t_Conventional,,,0,0,11,86,0.000273023,-0.010116295,1.69300507,6.041648808,0.000281883,0.019100451,0.263090184,0,1,1,1 
BD_8,Buses_Diesel_Urban Buses Standard 15 - 18 t_Conventional,,,0,0.5,11,86,0.000254994,-0.009199254,1.557400034,6.037286058,0.000281971,0.01890484,0.248246598,0,1,1,1 
BD_8,Buses_Diesel_Urban Buses Standard 15 - 18 t_Conventional,,,0,1,11,86,0.000327252,-0.009824514,2.104873674,6.329951476,0.000393837,0.029303514,0.274241251,0,1,1,1 
BD_8,Buses_Diesel_Urban Buses Standard 15 - 18 t_Conventional,,,0.02,0,11,86,-2.60E-05,0.074753679,3.605877563,-2.718558253,0.001629698,0.062527332,0.063586024,0,1,1,1 
BD_8,Buses_Diesel_Urban Buses Standard 15 - 18 t_Conventional,,,0.02,0.5,11,86,9.86E-05,-0.003113605,1.013092261,2.969530724,0.00013079,0.016159091,0.101711507,0,1,1,1 
BD_8,Buses_Diesel_Urban Buses Standard 15 - 18 t_Conventional,,,0.02,1,11,85,6.84E-06,0.003105767,0.424039487,2.651120627,6.42E-05,0.009703803,0.054084408,0,1,1,1 
BD_8,Buses_Diesel_Urban Buses Standard 15 - 18 t_Conventional,,,0.04,0,11,85,0.000125405,-0.004801941,1.577877416,3.061401346,0.000181313,0.02511099,0.10802173,0,1,1,1 
BD_8,Buses_Diesel_Urban Buses Standard 15 - 18 t_Conventional,,,0.04,0.5,11,75,0.000203895,-0.000841296,2.312132839,-1.915913934,0.00036434,0.04161944,-0.002459397,0,1,1,1 
BD_8,Buses_Diesel_Urban Buses Standard 15 - 18 t_Conventional,,,0.04,1,11,62,2.56E-05,0.001566814,0.426136388,3.528393815,1.15E-05,0.012175651,0.048698899,0,1,1,1 
BD_8,Buses_Diesel_Urban Buses Standard 15 - 18 t_Conventional,,,0.06,0,11,72,0.000204539,-0.001155411,2.252399713,-3.058295228,0.000415732,0.037262831,-0.012348899,0,1,1,1 
BD_8,Buses_Diesel_Urban Buses Standard 15 - 18 t_Conventional,,,0.06,0.5,11,58,0.000678967,-0.002616718,2.631601867,0.601711496,0.000752032,0.045918109,0.064218612,0,1,1,1 
BD_8,Buses_Diesel_Urban Buses Standard 15 - 18 t_Conventional,,,0.06,1,11,40,6.52E-05,0.00547181,0.625533283,4.036278587,0.000190184,0.017069888,0.04959111,0,1,1,1 
BD_9,Buses_Diesel_Urban Buses Standard 15 - 18 t_Euro I,,,-0.06,0,11,86,-1.69E-05,0.008049677,1.17060122,-3.634044987,0.00237236,0.040767536,0.055886264,0,1,1,1 
BD_9,Buses_Diesel_Urban Buses Standard 15 - 18 t_Euro I,,,-0.06,0.5,11,86,-1.78E-05,0.008932633,1.159503138,-3.492388851,0.002509991,0.044789812,0.027983969,0,1,1,1 
BD_9,Buses_Diesel_Urban Buses Standard 15 - 18 t_Euro I,,,-0.06,1,11,86,-2.44E-05,0.012880924,2.789351083,-1.433490597,0.004932379,0.134029846,0.428769781,0,1,1,1 
BD_9,Buses_Diesel_Urban Buses Standard 15 - 18 t_Euro I,,,-0.04,0,11,86,-2.33E-05,0.014897763,1.350996904,-3.875569309,0.00232709,0.053148915,0.028820997,0,1,1,1 
BD_9,Buses_Diesel_Urban Buses Standard 15 - 18 t_Euro I,,,-0.04,0.5,11,86,-2.09E-05,0.012271165,1.231941616,-3.615797073,0.002237377,0.047703129,0.030675822,0,1,1,1 
BD_9,Buses_Diesel_Urban Buses Standard 15 - 18 t_Euro I,,,-0.04,1,11,86,-3.67E-05,0.021558406,2.17223098,-6.346094868,0.004117341,0.08681123,0.039183466,0,1,1,1 
BD_9,Buses_Diesel_Urban Buses Standard 15 - 18 t_Euro I,,,-0.02,0,11,86,0.000471699,-0.018445445,0.961768716,4.186454217,0.001262798,-0.004593489,0.741261517,0,1,1,1 
BD_9,Buses_Diesel_Urban Buses Standard 15 - 18 t_Euro I,,,-0.02,0.5,11,86,6.48E-06,0.001536244,0.325590859,2.287416795,6.84E-05,0.022246073,0.129264913,0,1,1,1 
BD_9,Buses_Diesel_Urban Buses Standard 15 - 18 t_Euro I,,,-0.02,1,11,86,0.000748444,0.01650871,2.513805428,-0.992206681,0.006490412,0.020521733,0.975320428,0,1,1,1 
BD_9,Buses_Diesel_Urban Buses Standard 15 - 18 t_Euro I,,,0,0,11,86,0.000225381,-0.007004664,1.08352065,3.071501935,0.000522824,0.025502618,0.516284796,0,1,1,1 
BD_9,Buses_Diesel_Urban Buses Standard 15 - 18 t_Euro I,,,0,0.5,11,86,0.000189083,-0.005206899,0.982257923,2.869053916,0.000451373,0.026332639,0.460045009,0,1,1,1 
BD_9,Buses_Diesel_Urban Buses Standard 15 - 18 t_Euro I,,,0,1,11,86,0.000161861,-0.003702618,0.957570645,2.80570837,0.00039022,0.028960152,0.437058183,0,1,1,1 
BD_9,Buses_Diesel_Urban Buses Standard 15 - 18 t_Euro I,,,0.02,0,11,86,0.000184361,-0.003744987,0.955290558,2.791566544,0.000401724,0.025753606,0.417419729,0,1,1,1 
BD_9,Buses_Diesel_Urban Buses Standard 15 - 18 t_Euro I,,,0.02,0.5,11,86,0.000508245,-0.0036468,1.627733432,3.139469868,0.001070102,0.045218017,0.601528725,0,1,1,1 
BD_9,Buses_Diesel_Urban Buses Standard 15 - 18 t_Euro I,,,0.02,1,11,86,0.000607378,0.006084851,1.9347779,1.752744649,0.001260846,0.069323001,0.514987203,0,1,1,1 
BD_9,Buses_Diesel_Urban Buses Standard 15 - 18 t_Euro I,,,0.04,0,11,86,1.36E-05,0.0047781,0.735044888,5.721530719,-0.000105379,0.039690047,0.352037367,0,1,1,1 
BD_9,Buses_Diesel_Urban Buses Standard 15 - 18 t_Euro I,,,0.04,0.5,11,76,2.88E-15,-7.58E-14,3.131720032,2.29E-10,-0.001063789,0.152264143,0.345559755,0,1,1,1 
BD_9,Buses_Diesel_Urban Buses Standard 15 - 18 t_Euro I,,,0.04,1,11,61,0.000512564,0.115077774,0.525533296,-5.344351462,0.002549131,0.121558026,-0.829783243,0,1,1,1 
BD_9,Buses_Diesel_Urban Buses Standard 15 - 18 t_Euro I,,,0.06,0,11,74,2.93E-15,-4.87E-14,2.865653084,2.37E-10,-0.000959899,0.138066444,0.287826249,0,1,1,1 
BD_9,Buses_Diesel_Urban Buses Standard 15 - 18 t_Euro I,,,0.06,0.5,11,59,0.000402268,0.033276042,2.636388572,-4.052256842,-0.000985062,0.183866305,-0.295820695,0,1,1,1 
BD_9,Buses_Diesel_Urban Buses Standard 15 - 18 t_Euro I,,,0.06,1,11,45,8.26E-17,-4.37E-16,3.121840351,8.79E-13,-0.001514306,0.159456824,0.263466463,0,1,1,1 
BD_10,Buses_Diesel_Urban Buses Standard 15 - 18 t_Euro II,,,-0.06,0,11,86,-3.03E-05,0.01903704,1.759187684,-5.123715655,0.004648114,0.105968805,0.091120538,0,1,1,1 
BD_10,Buses_Diesel_Urban Buses Standard 15 - 18 t_Euro II,,,-0.06,0.5,11,86,-2.71E-05,0.018001754,1.563912448,-4.427016308,0.004335509,0.101768862,0.04511483,0,1,1,1 
BD_10,Buses_Diesel_Urban Buses Standard 15 - 18 t_Euro II,,,-0.06,1,11,86,-2.68E-05,0.01904827,1.543758421,-4.253668587,0.004421203,0.107597981,0.009131025,0,1,1,1 
BD_10,Buses_Diesel_Urban Buses Standard 15 - 18 t_Euro II,,,-0.04,0,11,86,-2.69E-05,0.026496938,1.698215546,-4.177752265,0.004060721,0.117435919,-0.02104168,0,1,1,1 
BD_10,Buses_Diesel_Urban Buses Standard 15 - 18 t_Euro II,,,-0.04,0.5,11,86,-2.88E-05,0.025523499,1.737485064,-4.443266823,0.004378331,0.120123627,-0.030292953,0,1,1,1 
BD_10,Buses_Diesel_Urban Buses Standard 15 - 18 t_Euro II,,,-0.04,1,11,86,-2.63E-05,0.021765721,1.556216245,-4.074658115,0.003995649,0.106685638,-0.001139054,0,1,1,1 
BD_10,Buses_Diesel_Urban Buses Standard 15 - 18 t_Euro II,,,-0.02,0,11,86,0.000437521,-0.017321404,0.787422974,3.305359492,0.001598546,-0.012246588,0.914237156,0,1,1,1 
BD_10,Buses_Diesel_Urban Buses Standard 15 - 18 t_Euro II,,,-0.02,0.5,11,86,0.000307279,-0.011868262,0.849569661,2.400451659,0.001367489,0.013107308,0.69854589,0,1,1,1 
BD_10,Buses_Diesel_Urban Buses Standard 15 - 18 t_Euro II,,,-0.02,1,11,86,0.000303152,-0.011339727,1.352460688,2.442522595,0.001751737,0.050311408,0.798715975,0,1,1,1 
BD_10,Buses_Diesel_Urban Buses Standard 15 - 18 t_Euro II,,,0,0,11,86,0.000249615,-0.008330534,0.755402038,2.392352134,0.000812259,0.014370856,0.598452336,0,1,1,1 
BD_10,Buses_Diesel_Urban Buses Standard 15 - 18 t_Euro II,,,0,0.5,11,86,0.000338442,-0.009582985,1.20976291,3.495903939,0.001158588,0.035932403,0.861340401,0,1,1,1 
BD_10,Buses_Diesel_Urban Buses Standard 15 - 18 t_Euro II,,,0,1,11,86,-4.64E-06,0.001548613,0.506114737,3.172888764,-0.00011966,0.041482115,0.326294821,0,1,1,1 
BD_10,Buses_Diesel_Urban Buses Standard 15 - 18 t_Euro II,,,0.02,0,11,86,0.000242675,-0.006125975,0.846850637,2.858799657,0.00076354,0.024991638,0.594640048,0,1,1,1 
BD_10,Buses_Diesel_Urban Buses Standard 15 - 18 t_Euro II,,,0.02,0.5,11,86,0.000234304,-0.002427711,0.912977447,3.249691127,0.000736053,0.038465307,0.58778935,0,1,1,1 
BD_10,Buses_Diesel_Urban Buses Standard 15 - 18 t_Euro II,,,0.02,1,11,86,0.00078798,-0.001751792,2.533784768,8.805166583,0.002333484,0.112188992,1.625102959,0,1,1,1 
BD_10,Buses_Diesel_Urban Buses Standard 15 - 18 t_Euro II,,,0.04,0,11,86,0.000404302,-0.006168711,0.993569828,4.378458931,0.001174749,0.029099667,0.722941061,0,1,1,1 
BD_10,Buses_Diesel_Urban Buses Standard 15 - 18 t_Euro II,,,0.04,0.5,11,80,0.000419248,0.007693647,1.321405664,3.731649293,0.001134664,0.075924731,0.585810127,0,1,1,1 
BD_10,Buses_Diesel_Urban Buses Standard 15 - 18 t_Euro II,,,0.04,1,11,69,1.50E-05,0.006733961,0.704619256,3.682234001,-0.000185642,0.054128323,0.409499518,0,1,1,1 
BD_10,Buses_Diesel_Urban Buses Standard 15 - 18 t_Euro II,,,0.06,0,11,75,1.06E-05,0.003195926,0.433768075,3.288327327,-0.0001013,0.033643477,0.29323797,0,1,1,1 
BD_10,Buses_Diesel_Urban Buses Standard 15 - 18 t_Euro II,,,0.06,0.5,11,54,9.96E-06,4.26E-06,-0.06580972,2.15608733,8.20E-05,-0.007677361,0.184855539,0,1,1,1 
BD_10,Buses_Diesel_Urban Buses Standard 15 - 18 t_Euro II,,,0.06,1,10,52,0.000872968,-0.005055776,0.456274803,2.805660543,0.001444179,0.004565816,0.430676195,0,1,1,1 
BD_11,Buses_Diesel_Urban Buses Standard 15 - 18 t_Euro III,,,-0.06,0,11,86,-3.09E-05,0.018073015,1.811026307,-5.512361069,0.005137529,0.112727986,0.169331428,0,1,1,1 
BD_11,Buses_Diesel_Urban Buses Standard 15 - 18 t_Euro III,,,-0.06,0.5,11,86,-2.84E-05,0.016940479,1.660125628,-4.955224328,0.005040334,0.111364124,0.130788563,0,1,1,1 
BD_11,Buses_Diesel_Urban Buses Standard 15 - 18 t_Euro III,,,-0.06,1,11,86,0.000162041,-0.012133861,1.532104147,2.035528617,0.002159672,0.095268734,1.007752072,0,1,1,1 
BD_11,Buses_Diesel_Urban Buses Standard 15 - 18 t_Euro III,,,-0.04,0,11,86,-2.61E-05,0.026115551,1.664131633,-4.07419107,0.004193335,0.123341465,0.011508151,0,1,1,1 
BD_11,Buses_Diesel_Urban Buses Standard 15 - 18 t_Euro III,,,-0.04,0.5,11,86,-2.60E-05,0.02403255,1.596886985,-4.017248104,0.00433526,0.122432138,-0.007584832,0,1,1,1 
BD_11,Buses_Diesel_Urban Buses Standard 15 - 18 t_Euro III,,,-0.04,1,11,86,-2.71E-05,0.023632168,1.63190853,-4.201358659,0.004579901,0.126493705,0.016705618,0,1,1,1 
BD_11,Buses_Diesel_Urban Buses Standard 15 - 18 t_Euro III,,,-0.02,0,11,86,-8.51E-09,1.92E-07,3.249175236,0.861846959,-0.001805372,0.333535549,0.08788378,0,1,1,1 
BD_11,Buses_Diesel_Urban Buses Standard 15 - 18 t_Euro III,,,-0.02,0.5,11,86,-9.79E-15,-6.96E-13,2.848403624,5.30E-09,-0.001120587,0.302512564,-0.078735538,0,1,1,1 
BD_11,Buses_Diesel_Urban Buses Standard 15 - 18 t_Euro III,,,-0.02,1,11,86,1.32E-17,1.90E-14,2.152032873,-9.73E-13,-0.000150425,0.218186409,0.055448824,0,1,1,1 
BD_11,Buses_Diesel_Urban Buses Standard 15 - 18 t_Euro III,,,0,0,11,86,0.00044708,-0.020343823,1.047451363,2.308307704,0.001455908,-0.007627591,1.059551331,0,1,1,1 
BD_11,Buses_Diesel_Urban Buses Standard 15 - 18 t_Euro III,,,0,0.5,11,86,0.000394363,-0.016811697,1.022039481,1.987183478,0.001355563,0.002584277,0.962570056,0,1,1,1 
BD_11,Buses_Diesel_Urban Buses Standard 15 - 18 t_Euro III,,,0,1,11,86,4.24E-16,3.44E-14,3.498823762,3.29E-11,-0.001207987,0.304450576,0.523707766,0,1,1,1 
BD_11,Buses_Diesel_Urban Buses Standard 15 - 18 t_Euro III,,,0.02,0,11,86,0.000404866,-0.008708007,1.521231811,2.007979926,0.001557437,0.051138955,0.912222918,0,1,1,1 
BD_11,Buses_Diesel_Urban Buses Standard 15 - 18 t_Euro III,,,0.02,0.5,11,86,0.000428174,-0.008029563,1.440771228,2.037788514,0.001610594,0.048552072,0.905934361,0,1,1,1 
BD_11,Buses_Diesel_Urban Buses Standard 15 - 18 t_Euro III,,,0.02,1,11,86,0.001178387,-0.013464014,3.558064155,5.196670383,0.00430225,0.132226766,2.23683611,0,1,1,1 
BD_11,Buses_Diesel_Urban Buses Standard 15 - 18 t_Euro III,,,0.04,0,11,86,3.43E-06,0.001626576,0.313384755,2.368155272,-6.07E-05,0.027287006,0.225433945,0,1,1,1 
BD_11,Buses_Diesel_Urban Buses Standard 15 - 18 t_Euro III,,,0.04,0.5,11,81,-1.11E-07,0.003613988,0.61605997,3.570743978,-0.000139982,0.051373397,0.395495192,0,1,1,1 
BD_11,Buses_Diesel_Urban Buses Standard 15 - 18 t_Euro III,,,0.04,1,11,70,4.02E-06,0.004103262,0.509436475,2.675397217,-0.000137449,0.043402198,0.321321398,0,1,1,1 
BD_11,Buses_Diesel_Urban Buses Standard 15 - 18 t_Euro III,,,0.06,0,11,79,-2.82E-06,0.003524965,0.603101976,3.36922156,-0.000142998,0.049078128,0.381578093,0,1,1,1 
BD_11,Buses_Diesel_Urban Buses Standard 15 - 18 t_Euro III,,,0.06,0.5,11,62,0.000443286,0.133743784,1.105100703,-6.96200019,0.005211347,0.233329168,-1.291553397,0,1,1,1 
BD_11,Buses_Diesel_Urban Buses Standard 15 - 18 t_Euro III,,,0.06,1,11,54,0.000119677,0.014154861,1.128652001,-3.753431513,-0.000622463,0.128465782,-0.406545688,0,1,1,1 
BD_12,Buses_Diesel_Urban Buses Standard 15 - 18 t_Euro IV,,,-0.06,0,11,86,-1.61E-05,0.007788179,1.117036191,-0.787007508,0.038848832,0.488172813,6.297217195,0,1,1,1 
BD_12,Buses_Diesel_Urban Buses Standard 15 - 18 t_Euro IV,,,-0.06,0.5,11,86,-1.41E-05,0.006672889,1.036268861,-0.609371722,0.036192666,0.438180444,7.303183927,0,1,1,1 
BD_12,Buses_Diesel_Urban Buses Standard 15 - 18 t_Euro IV,,,-0.06,1,11,86,-1.32E-05,0.006329676,0.967779763,-0.536526997,0.033390164,0.420835097,7.416766826,0,1,1,1 
BD_12,Buses_Diesel_Urban Buses Standard 15 - 18 t_Euro IV,,,-0.04,0,11,86,-2.95E-05,0.021808265,1.704902239,-4.751864479,0.042752423,1.100875992,0.977417993,0,1,1,1 
BD_12,Buses_Diesel_Urban Buses Standard 15 - 18 t_Euro IV,,,-0.04,0.5,11,86,-3.14E-05,0.020487812,1.777692503,-5.378296579,0.044651421,1.083658323,1.983826373,0,1,1,1 
BD_12,Buses_Diesel_Urban Buses Standard 15 - 18 t_Euro IV,,,-0.04,1,11,86,-1.11E-05,0.006667851,1.564470392,-0.261905934,0.02540487,1.004573384,6.705242364,0,1,1,1 
BD_12,Buses_Diesel_Urban Buses Standard 15 - 18 t_Euro IV,,,-0.02,0,11,86,0.000231802,-0.019055396,0.574345095,1.828057688,0.003036258,-0.109484545,6.658841149,0,1,1,1 
BD_12,Buses_Diesel_Urban Buses Standard 15 - 18 t_Euro IV,,,-0.02,0.5,11,86,6.74E-17,-1.98E-15,2.162993295,-1.71E-11,-0.01469358,2.261393887,-1.86007109,0,1,1,1 
BD_12,Buses_Diesel_Urban Buses Standard 15 - 18 t_Euro IV,,,-0.02,1,11,86,0.000121861,0.009915255,-0.345865237,4.486032063,0.016230735,-0.504300153,5.577421281,0,1,1,1 
BD_12,Buses_Diesel_Urban Buses Standard 15 - 18 t_Euro IV,,,0,0,11,86,-2.02E-16,6.47E-15,0.973109956,-1.50E-11,-0.004342724,0.650110701,2.017357057,0,1,1,1 
BD_12,Buses_Diesel_Urban Buses Standard 15 - 18 t_Euro IV,,,0,0.5,11,86,2.38E-16,-4.05E-16,0.97419393,8.10E-12,-0.00321463,0.52987003,3.057754484,0,1,1,1 
BD_12,Buses_Diesel_Urban Buses Standard 15 - 18 t_Euro IV,,,0,1,11,86,1.32E-14,-2.22E-13,0.956248593,3.82E-10,-0.002350212,0.439292123,3.570012755,0,1,1,1 
BD_12,Buses_Diesel_Urban Buses Standard 15 - 18 t_Euro IV,,,0.02,0,11,86,0.000205104,0.045796819,0.133517669,-2.309882266,0.009947334,0.606850605,-4.309986366,0,1,1,1 
BD_12,Buses_Diesel_Urban Buses Standard 15 - 18 t_Euro IV,,,0.02,0.5,11,86,0.000117542,0.026436862,-0.010756366,-2.132152653,0.005307323,0.273138437,-2.893728046,0,1,1,1 
BD_12,Buses_Diesel_Urban Buses Standard 15 - 18 t_Euro IV,,,0.02,1,11,86,-9.90E-05,0.005437921,0.339409451,-2.285020517,-0.002357684,0.225111165,-0.890357626,0,1,1,1 
BD_12,Buses_Diesel_Urban Buses Standard 15 - 18 t_Euro IV,,,0.04,0,11,86,0.000178358,0.036635587,0.041335102,-1.915447447,0.006033533,0.375765958,-2.831472987,0,1,1,1 
BD_12,Buses_Diesel_Urban Buses Standard 15 - 18 t_Euro IV,,,0.04,0.5,11,83,-0.000212405,0.013413636,0.535455648,-3.527956928,-0.003678834,0.35503315,-1.27409546,0,1,1,1 
BD_12,Buses_Diesel_Urban Buses Standard 15 - 18 t_Euro IV,,,0.04,1,11,68,0.000715684,-0.036869759,1.490786459,2.173462014,0.005304369,-0.105387439,8.269238933,0,1,1,1 
BD_12,Buses_Diesel_Urban Buses Standard 15 - 18 t_Euro IV,,,0.06,0,11,81,-0.00023976,0.017033609,0.397127041,-2.930824086,-0.003434989,0.33485713,-1.37754352,0,1,1,1 
BD_12,Buses_Diesel_Urban Buses Standard 15 - 18 t_Euro IV,,,0.06,0.5,11,65,-0.000209968,0.010556341,0.326548927,-2.886542223,-0.003161468,0.246654627,-1.490554941,0,1,1,1 
BD_12,Buses_Diesel_Urban Buses Standard 15 - 18 t_Euro IV,,,0.06,1,11,55,0.000240878,-0.023596855,0.980263624,0.046188825,0.000266093,0.019446003,3.421112909,0,1,1,1 
BD_13,Buses_Diesel_Urban Buses Standard 15 - 18 t_Euro V,SCR,,-0.06,0,5,85,-0.00052033,0.074530514,-0.248576972,0.911640619,0.167098436,-0.329666787,2.988572009,0,1,1,1 
BD_13,Buses_Diesel_Urban Buses Standard 15 - 18 t_Euro V,SCR,,-0.06,0.5,5,85,-0.000320623,0.048242888,-0.182699453,0.58652332,0.116982376,-0.347097342,2.02121379,0,1,1,1 
BD_13,Buses_Diesel_Urban Buses Standard 15 - 18 t_Euro V,SCR,,-0.06,1,5,85,-0.000324603,0.051436161,-0.219316877,0.637807637,0.130928518,-0.499909985,2.255519351,0,1,1,1 
BD_13,Buses_Diesel_Urban Buses Standard 15 - 18 t_Euro V,SCR,,-0.04,0,5,85,3.21E-05,-0.001022627,0.150460381,1.828864002,0.011112069,-0.127161446,8.93753897,0,1,1,1 
BD_13,Buses_Diesel_Urban Buses Standard 15 - 18 t_Euro V,SCR,,-0.04,0.5,5,85,-0.001474194,0.22484638,-0.376631729,1.037170333,0.387204441,0.965443371,1.192598013,0,1,1,1 
BD_13,Buses_Diesel_Urban Buses Standard 15 - 18 t_Euro V,SCR,,-0.04,1,5,85,-0.000955325,0.144676148,-0.324127177,1.024689236,0.259443249,0.184446281,2.588057315,0,1,1,1 
BD_13,Buses_Diesel_Urban Buses Standard 15 - 18 t_Euro V,SCR,,-0.02,0,5,85,2.12E-05,-0.002641503,0.101162756,0.596869462,-4.66E-05,-0.007131818,3.12069612,0,1,1,1 
BD_13,Buses_Diesel_Urban Buses Standard 15 - 18 t_Euro V,SCR,,-0.02,0.5,5,85,2.06E-05,-0.003301592,0.148396661,0.650689914,-0.0010088,0.060789611,3.598611479,0,1,1,1 
BD_13,Buses_Diesel_Urban Buses Standard 15 - 18 t_Euro V,SCR,,-0.02,1,5,85,-0.00038771,0.200705897,-0.293310482,0.946315421,0.288713546,0.845042388,1.612308593,0,1,1,1 
BD_13,Buses_Diesel_Urban Buses Standard 15 - 18 t_Euro V,SCR,,0,0,5,85,1.50E-05,-0.00186271,0.093132186,0.519824396,-3.38E-05,0.005010827,2.441052593,0,1,1,1 
BD_13,Buses_Diesel_Urban Buses Standard 15 - 18 t_Euro V,SCR,,0,0.5,5,85,9.24E-06,-0.001702029,0.107009695,0.483766217,-0.000467609,0.032904599,2.31933382,0,1,1,1 
BD_13,Buses_Diesel_Urban Buses Standard 15 - 18 t_Euro V,SCR,,0,1,5,85,6.70E-06,-0.001683677,0.120524793,0.457778709,-0.000692657,0.049810501,2.255046019,0,1,1,1 
BD_13,Buses_Diesel_Urban Buses Standard 15 - 18 t_Euro V,SCR,,0.02,0,5,85,5.08E-06,-0.001258712,0.09365622,0.557645244,-0.000423487,0.022619389,2.20973159,0,1,1,1 
BD_13,Buses_Diesel_Urban Buses Standard 15 - 18 t_Euro V,SCR,,0.02,0.5,5,85,2.69E-06,-0.001019317,0.102050718,0.557354408,-0.000477134,0.031886936,2.13032025,0,1,1,1 
BD_13,Buses_Diesel_Urban Buses Standard 15 - 18 t_Euro V,SCR,,0.02,1,5,85,-9.08E-06,-0.000244022,0.120180542,0.497866673,-0.000886198,0.067096669,1.92220204,0,1,1,1 
BD_13,Buses_Diesel_Urban Buses Standard 15 - 18 t_Euro V,SCR,,0.04,0,5,85,4.52E-06,-0.001361545,0.158035779,1.014602228,-0.000563764,0.037120865,3.539964412,0,1,1,1 
BD_13,Buses_Diesel_Urban Buses Standard 15 - 18 t_Euro V,SCR,,0.04,0.5,5,80,-3.07E-05,0.000978215,0.150688732,0.671144171,-0.001408118,0.098246678,2.305787344,0,1,1,1 
BD_13,Buses_Diesel_Urban Buses Standard 15 - 18 t_Euro V,SCR,,0.04,1,5,70,-2.38E-05,0.000253732,0.12612205,0.564766527,-0.000990473,0.053991129,1.867677219,0,1,1,1 
BD_13,Buses_Diesel_Urban Buses Standard 15 - 18 t_Euro V,SCR,,0.06,0,5,75,0.028160184,0.476036228,-0.888774687,0.96293172,0.986717569,-0.390573619,0.005098604,0,1,1,1 
BD_13,Buses_Diesel_Urban Buses Standard 15 - 18 t_Euro V,SCR,,0.06,0.5,5,60,0.011012436,0.290000135,0.222993064,0.495606153,0.333842029,1.814546042,3.49E-07,0,1,1,1 
BD_13,Buses_Diesel_Urban Buses Standard 15 - 18 t_Euro V,SCR,,0.06,1,5,55,0.000352527,-0.009409534,0.185062798,1.118366769,0.004978801,-0.129720067,3.351098066,0,1,1,1 
BD_13,Buses_Diesel_Urban Buses Standard 15 - 18 t_Euro V,EGR,,-0.06,0,5,85,-0.002152418,0.201994416,-0.905368071,2.248957479,0.100274016,-0.410088554,1.241891815,0,1,1,1 
BD_13,Buses_Diesel_Urban Buses Standard 15 - 18 t_Euro V,EGR,,-0.06,0.5,5,85,-0.001786445,0.166277182,-0.833988572,1.861301069,0.089474979,-0.43859224,1.114413491,0,1,1,1 
BD_13,Buses_Diesel_Urban Buses Standard 15 - 18 t_Euro V,EGR,,-0.06,1,5,85,-0.001884787,0.176831476,-0.960847472,1.949867749,0.100616967,-0.554193128,1.227144636,0,1,1,1 
BD_13,Buses_Diesel_Urban Buses Standard 15 - 18 t_Euro V,EGR,,-0.04,0,5,85,-9.34E-05,0.015696278,-0.18612,6.676518318,0.009226628,-0.174494645,4.268479514,0,1,1,1 
BD_13,Buses_Diesel_Urban Buses Standard 15 - 18 t_Euro V,EGR,,-0.04,0.5,5,85,-0.005055354,0.540060541,-0.260974394,1.52711561,0.220142045,0.531211951,-4.92E-08,0,1,1,1 
BD_13,Buses_Diesel_Urban Buses Standard 15 - 18 t_Euro V,EGR,,-0.04,1,5,85,-0.004578817,0.463763533,-0.35696604,1.628112171,0.192729333,0.378501672,0.310700104,0,1,1,1 
BD_13,Buses_Diesel_Urban Buses Standard 15 - 18 t_Euro V,EGR,,-0.02,0,5,85,3.00E-05,-0.00285379,0.080313184,1.647253823,0.00020399,-0.016831412,1.112697963,0,1,1,1 
BD_13,Buses_Diesel_Urban Buses Standard 15 - 18 t_Euro V,EGR,,-0.02,0.5,5,85,2.40E-05,-0.003347091,0.128355474,1.758559264,-0.000163254,0.00765196,1.193175561,0,1,1,1 
BD_13,Buses_Diesel_Urban Buses Standard 15 - 18 t_Euro V,EGR,,-0.02,1,5,85,2.50E-05,0.002578034,0.156832187,3.720235203,0.003302343,-0.016842924,2.458726743,0,1,1,1 
BD_13,Buses_Diesel_Urban Buses Standard 15 - 18 t_Euro V,EGR,,0,0,5,85,1.99E-05,-0.002248265,0.104835297,1.589964369,4.44E-05,-0.003071051,0.954496864,0,1,1,1 
BD_13,Buses_Diesel_Urban Buses Standard 15 - 18 t_Euro V,EGR,,0,0.5,5,85,2.54E-05,-0.004589695,0.278948107,3.796777426,-0.000247943,0.01308193,2.230201121,0,1,1,1 
BD_13,Buses_Diesel_Urban Buses Standard 15 - 18 t_Euro V,EGR,,0,1,5,85,2.29E-05,-0.004531001,0.285013433,4.030382511,-0.000280087,0.014071669,2.322052561,0,1,1,1 
BD_13,Buses_Diesel_Urban Buses Standard 15 - 18 t_Euro V,EGR,,0.02,0,5,85,2.19E-05,-0.001557025,0.141670134,2.553748966,0.000161826,0.000471812,1.306522548,0,1,1,1 
BD_13,Buses_Diesel_Urban Buses Standard 15 - 18 t_Euro V,EGR,,0.02,0.5,5,85,2.15E-05,0.000815867,0.117038498,1.948293519,0.00035895,0.010683739,0.945476713,0,1,1,1 
BD_13,Buses_Diesel_Urban Buses Standard 15 - 18 t_Euro V,EGR,,0.02,1,5,85,0.000237516,0.105984761,2.023369385,0.264736369,0.010011275,0.911473442,0.181362262,0,1,1,1 
BD_13,Buses_Diesel_Urban Buses Standard 15 - 18 t_Euro V,EGR,,0.04,0,5,85,0.000161386,0.035452856,0.355458874,-2.843213938,0.004490117,0.228151742,-1.313291595,0,1,1,1 
BD_13,Buses_Diesel_Urban Buses Standard 15 - 18 t_Euro V,EGR,,0.04,0.5,5,80,-0.0001521,0.009592235,0.537272063,2.41276594,-0.001673214,0.168554271,1.096751743,0,1,1,1 
BD_13,Buses_Diesel_Urban Buses Standard 15 - 18 t_Euro V,EGR,,0.04,1,5,70,-0.000177813,0.04994709,0.957385265,-3.113042454,0.000170763,0.456140077,-1.300171042,0,1,1,1 
BD_13,Buses_Diesel_Urban Buses Standard 15 - 18 t_Euro V,EGR,,0.06,0,5,80,-0.000489919,0.03122029,1.267781573,1.96114654,-0.004883639,0.471313739,0.92231631,0,1,1,1 
BD_13,Buses_Diesel_Urban Buses Standard 15 - 18 t_Euro V,EGR,,0.06,0.5,5,60,-0.000655042,0.047337977,1.477853166,1.394582256,-0.004671309,0.544705375,0.643246323,0,1,1,1 
BD_13,Buses_Diesel_Urban Buses Standard 15 - 18 t_Euro V,EGR,,0.06,1,5,55,0.019790249,0.400052941,-2.34456324,0.185546425,0.182854113,-0.857504856,-7.56E-12,0,1,1,1 
BD_14,Buses_Diesel_Urban Buses Standard 15 - 18 t_Euro VI,,,-0.06,0,5,85,-0.00108116,0.10145304,-0.454409421,1.128984855,0.167869126,-0.685788066,2.077788333,0,1,1,1 
BD_14,Buses_Diesel_Urban Buses Standard 15 - 18 t_Euro VI,,,-0.06,0.5,5,85,-0.00112581,0.104818628,-0.526845613,1.175225222,0.188041717,-0.924461406,2.346492253,0,1,1,1 
BD_14,Buses_Diesel_Urban Buses Standard 15 - 18 t_Euro VI,,,-0.06,1,5,85,-0.001178559,0.110643239,-0.603968301,1.226178616,0.209903609,-1.162973454,2.574936742,0,1,1,1 
BD_14,Buses_Diesel_Urban Buses Standard 15 - 18 t_Euro VI,,,-0.04,0,5,85,-1.49E-05,0.002501137,-0.029660417,1.064042264,0.004900925,-0.092694352,2.267563284,0,1,1,1 
BD_14,Buses_Diesel_Urban Buses Standard 15 - 18 t_Euro VI,,,-0.04,0.5,5,85,-0.00331426,0.354106547,-0.162462684,1.060400329,0.481578045,1.166488172,0.172212811,0,1,1,1 
BD_14,Buses_Diesel_Urban Buses Standard 15 - 18 t_Euro VI,,,-0.04,1,5,85,-0.003766192,0.382426098,-0.370973856,1.157212761,0.529034713,0.924681243,0.225429485,0,1,1,1 
BD_14,Buses_Diesel_Urban Buses Standard 15 - 18 t_Euro VI,,,-0.02,0,5,85,2.28E-05,-0.002167295,0.060999031,1.250982732,0.00051624,-0.042598071,2.816740208,0,1,1,1 
BD_14,Buses_Diesel_Urban Buses Standard 15 - 18 t_Euro VI,,,-0.02,0.5,5,85,1.44E-05,-0.002012587,0.077318467,1.054914713,-0.000330503,0.01566362,2.386394784,0,1,1,1 
BD_14,Buses_Diesel_Urban Buses Standard 15 - 18 t_Euro VI,,,-0.02,1,5,85,2.15E-05,0.002216393,0.136923216,3.206769149,0.009487979,-0.046259955,7.067810802,0,1,1,1 
BD_14,Buses_Diesel_Urban Buses Standard 15 - 18 t_Euro VI,,,0,0,5,85,1.19E-05,-0.00134953,0.063055686,0.954296096,8.64E-05,-0.005975792,1.909771143,0,1,1,1 
BD_14,Buses_Diesel_Urban Buses Standard 15 - 18 t_Euro VI,,,0,0.5,5,85,2.93E-05,-0.005381589,0.330190478,4.450101509,-0.001018608,0.055014222,8.716900517,0,1,1,1 
BD_14,Buses_Diesel_Urban Buses Standard 15 - 18 t_Euro VI,,,0,1,5,85,2.11E-05,-0.004298715,0.274416422,3.818923857,-0.000947532,0.049463947,7.339707061,0,1,1,1 
BD_14,Buses_Diesel_Urban Buses Standard 15 - 18 t_Euro VI,,,0.02,0,5,85,9.65E-06,-0.000710505,0.065562056,1.163545204,0.000221377,0.001970062,1.985023528,0,1,1,1 
BD_14,Buses_Diesel_Urban Buses Standard 15 - 18 t_Euro VI,,,0.02,0.5,5,85,1.23E-05,0.00051344,0.073363317,1.181093208,0.000684532,0.0245951,1.912230102,0,1,1,1 
BD_14,Buses_Diesel_Urban Buses Standard 15 - 18 t_Euro VI,,,0.02,1,5,85,0.000114862,0.059726936,1.179044582,0.190554691,0.017726126,1.757715699,0.426281681,0,1,1,1 
BD_14,Buses_Diesel_Urban Buses Standard 15 - 18 t_Euro VI,,,0.04,0,5,85,-2.94E-05,0.000837306,0.165071655,1.404765154,-0.001579088,0.12693689,2.202709997,0,1,1,1 
BD_14,Buses_Diesel_Urban Buses Standard 15 - 18 t_Euro VI,,,0.04,0.5,5,85,-0.000120569,0.008795997,0.41115847,1.328687795,-0.00417597,0.467302001,2.032888779,0,1,1,1 
BD_14,Buses_Diesel_Urban Buses Standard 15 - 18 t_Euro VI,,,0.04,1,5,70,1.67E-06,-0.001248591,0.060767286,1.367082736,-0.000172275,-0.01537895,1.949901355,0,1,1,1 
BD_14,Buses_Diesel_Urban Buses Standard 15 - 18 t_Euro VI,,,0.06,0,5,80,-0.000336204,0.0238103,0.886420587,0.988516769,-0.010719986,1.130305785,1.584286554,0,1,1,1 
BD_14,Buses_Diesel_Urban Buses Standard 15 - 18 t_Euro VI,,,0.06,0.5,5,65,-0.000477178,0.040242092,1.203936316,0.963545423,-0.010870889,1.4863832,1.518175812,0,1,1,1 
BD_14,Buses_Diesel_Urban Buses Standard 15 - 18 t_Euro VI,,,0.06,1,5,55,-5.42E-05,0.000375717,0.258866965,1.814830275,-0.002684517,0.157494893,2.490370047,0,1,1,1 
BD_15,Buses_Diesel_Urban Buses Articulated >18 t_Conventional,,,-0.06,0,11,86,0.00014758,-0.011763351,0.860945427,4.391419525,0.000297481,0.009117506,0.180269987,0,1,1,1 
BD_15,Buses_Diesel_Urban Buses Articulated >18 t_Conventional,,,-0.06,0.5,11,86,0.000125596,-0.009505622,0.706131274,4.088000652,0.000262573,0.008125706,0.158036824,0,1,1,1 
BD_15,Buses_Diesel_Urban Buses Articulated >18 t_Conventional,,,-0.06,1,11,86,0.000107259,-0.007734292,0.608494928,3.812049595,0.000233661,0.008006532,0.136948294,0,1,1,1 
BD_15,Buses_Diesel_Urban Buses Articulated >18 t_Conventional,,,-0.04,0,11,86,0.000876173,0.006078334,3.312121687,0.74432494,0.003606032,-0.010260351,0.591913987,0,1,1,1 
BD_15,Buses_Diesel_Urban Buses Articulated >18 t_Conventional,,,-0.04,0.5,11,86,-2.90E-05,0.020664466,1.530159636,-3.12814049,0.001137893,0.022323367,-0.002666025,0,1,1,1 
BD_15,Buses_Diesel_Urban Buses Articulated >18 t_Conventional,,,-0.04,1,11,86,-2.44E-05,0.017495084,1.24809165,-3.140451467,0.000997953,0.018881366,-0.024115134,0,1,1,1 
BD_15,Buses_Diesel_Urban Buses Articulated >18 t_Conventional,,,-0.02,0,11,86,0.000546748,-0.022448593,1.405140216,8.158247094,0.000603019,0.004033599,0.338924365,0,1,1,1 
BD_15,Buses_Diesel_Urban Buses Articulated >18 t_Conventional,,,-0.02,0.5,11,86,0.000425249,-0.020478277,1.457718062,5.454891358,0.000584751,0.00843387,0.265096333,0,1,1,1 
BD_15,Buses_Diesel_Urban Buses Articulated >18 t_Conventional,,,-0.02,1,11,86,0.000345945,-0.018112489,1.567755127,3.529082614,0.000559824,0.014385784,0.204918089,0,1,1,1 
BD_15,Buses_Diesel_Urban Buses Articulated >18 t_Conventional,,,0,0,11,86,0.000247569,-0.009209537,1.6005234,5.989468097,0.000249241,0.017869704,0.227813384,0,1,1,1 
BD_15,Buses_Diesel_Urban Buses Articulated >18 t_Conventional,,,0,0.5,11,86,0.00030985,-0.009213316,2.066153651,6.155398143,0.000346382,0.026995838,0.242935664,0,1,1,1 
BD_15,Buses_Diesel_Urban Buses Articulated >18 t_Conventional,,,0,1,11,86,0.000261531,-0.002732161,1.827641865,3.885387929,0.000329357,0.029815979,0.137770408,0,1,1,1 
BD_15,Buses_Diesel_Urban Buses Articulated >18 t_Conventional,,,0.02,0,11,86,0.000160259,-0.005706426,1.628240721,5.01120673,0.000190177,0.023026018,0.15850125,0,1,1,1 
BD_15,Buses_Diesel_Urban Buses Articulated >18 t_Conventional,,,0.02,0.5,11,83,7.81E-06,0.003593342,0.485345251,2.997614704,6.83E-05,0.010243016,0.056742111,0,1,1,1 
BD_15,Buses_Diesel_Urban Buses Articulated >18 t_Conventional,,,0.02,1,11,75,0.00010028,0.140526263,4.258757019,-5.6979145,0.002513931,0.11143052,-0.296695949,0,1,1,1 
BD_15,Buses_Diesel_Urban Buses Articulated >18 t_Conventional,,,0.04,0,11,76,0.000202234,-0.000613642,2.416909279,-2.079229455,0.000336993,0.039798492,-0.004484639,0,1,1,1 
BD_15,Buses_Diesel_Urban Buses Articulated >18 t_Conventional,,,0.04,0.5,11,60,3.16E-05,0.001947623,0.517168613,4.208265411,-1.06E-05,0.013811731,0.055534013,0,1,1,1 
BD_15,Buses_Diesel_Urban Buses Articulated >18 t_Conventional,,,0.04,1,10,45,0.000124863,0.004769774,1.104652595,8.60004974,8.82E-05,0.031658773,0.089130619,0,1,1,1 
BD_15,Buses_Diesel_Urban Buses Articulated >18 t_Conventional,,,0.06,0,11,59,0.001074238,0.003577411,4.576558558,-5.369784853,0.001175045,0.076455885,-0.045512045,0,1,1,1 
BD_15,Buses_Diesel_Urban Buses Articulated >18 t_Conventional,,,0.06,0.5,10,44,0.000196256,0.03390413,0.303101081,6.161428913,0.000420405,0.021848032,-0.007254796,0,1,1,1 
BD_15,Buses_Diesel_Urban Buses Articulated >18 t_Conventional,,,0.06,1,9,34,0.000384201,0.045424811,0.186957738,5.409962387,0.000703531,0.024102652,-0.015023616,0,1,1,1 
BD_16,Buses_Diesel_Urban Buses Articulated >18 t_Euro I,,,-0.06,0,11,86,-1.59E-05,0.008050458,2.151928871,-0.851169605,0.003272318,0.089050249,0.340275379,0,1,1,1 
BD_16,Buses_Diesel_Urban Buses Articulated >18 t_Euro I,,,-0.06,0.5,11,86,7.26E-05,-0.015636601,2.838283553,-2.871693055,0.001403523,0.160909862,0.025434834,0,1,1,1 
BD_16,Buses_Diesel_Urban Buses Articulated >18 t_Euro I,,,-0.06,1,11,86,1.88E-05,-0.007183996,1.970369882,-4.77548837,0.001009704,0.122212605,-0.255214157,0,1,1,1 
BD_16,Buses_Diesel_Urban Buses Articulated >18 t_Euro I,,,-0.04,0,11,86,-2.20E-05,0.01346773,1.285328251,-3.715893755,0.002129655,0.046627666,0.019694678,0,1,1,1 
BD_16,Buses_Diesel_Urban Buses Articulated >18 t_Euro I,,,-0.04,0.5,11,86,-3.68E-05,0.022534385,2.142892472,-6.158404774,0.00377631,0.081593584,0.008248501,0,1,1,1 
BD_16,Buses_Diesel_Urban Buses Articulated >18 t_Euro I,,,-0.04,1,11,86,-3.28E-05,0.020977426,1.883184588,-5.355112965,0.003493698,0.076623162,-0.029713747,0,1,1,1 
BD_16,Buses_Diesel_Urban Buses Articulated >18 t_Euro I,,,-0.02,0,11,86,0.000427709,-0.016513285,1.309670991,3.457555922,0.001238962,0.017344207,0.636127977,0,1,1,1 
BD_16,Buses_Diesel_Urban Buses Articulated >18 t_Euro I,,,-0.02,0.5,11,86,0.000574268,0.023407416,2.503702145,-1.654024725,0.005479272,0.038746588,0.722738958,0,1,1,1 
BD_16,Buses_Diesel_Urban Buses Articulated >18 t_Euro I,,,-0.02,1,11,86,7.46E-05,0.036139469,2.301261774,-2.56050135,0.003947773,0.084834664,0.303258887,0,1,1,1 
BD_16,Buses_Diesel_Urban Buses Articulated >18 t_Euro I,,,0,0,11,86,0.00017541,-0.004688899,0.990657517,2.881440079,0.000382525,0.025430997,0.416356327,0,1,1,1 
BD_16,Buses_Diesel_Urban Buses Articulated >18 t_Euro I,,,0,0.5,11,86,0.000123946,-0.002139139,0.836352742,2.517757498,0.000271992,0.025324471,0.340166848,0,1,1,1 
BD_16,Buses_Diesel_Urban Buses Articulated >18 t_Euro I,,,0,1,11,86,2.34E-15,1.10E-13,2.512638192,2.16E-10,-0.000570676,0.125975073,0.225936817,0,1,1,1 
BD_16,Buses_Diesel_Urban Buses Articulated >18 t_Euro I,,,0.02,0,11,86,0.000463374,-0.006263063,1.547066323,4.715417368,0.000874947,0.034827494,0.653297936,0,1,1,1 
BD_16,Buses_Diesel_Urban Buses Articulated >18 t_Euro I,,,0.02,0.5,11,84,7.45E-06,0.007576258,0.999188478,5.621583519,-0.000140416,0.049108892,0.398516275,0,1,1,1 
BD_16,Buses_Diesel_Urban Buses Articulated >18 t_Euro I,,,0.02,1,11,76,0.000722334,0.193342266,0.991264707,2.222167095,0.003874096,0.194876933,-0.615950455,0,1,1,1 
BD_16,Buses_Diesel_Urban Buses Articulated >18 t_Euro I,,,0.04,0,11,77,3.24E-15,-1.09E-13,3.468466219,2.85E-10,-0.001078149,0.154737635,0.354550903,0,1,1,1 
BD_16,Buses_Diesel_Urban Buses Articulated >18 t_Euro I,,,0.04,0.5,11,61,0.000211106,0.009312936,0.371426685,4.68155634,7.45E-05,0.025098359,0.221453977,0,1,1,1 
BD_16,Buses_Diesel_Urban Buses Articulated >18 t_Euro I,,,0.04,1,10,48,4.18E-05,0.009006745,0.776352768,3.902220422,-0.000182725,0.040315721,0.253767845,0,1,1,1 
BD_16,Buses_Diesel_Urban Buses Articulated >18 t_Euro I,,,0.06,0,11,60,0.001606864,-0.047830862,0.480234397,3.769365343,0.001755672,-0.052171336,0.636995792,0,1,1,1 
BD_16,Buses_Diesel_Urban Buses Articulated >18 t_Euro I,,,0.06,0.5,10,44,0.001457917,0.041077936,3.610296071,8.006554592,-0.002085896,0.246973869,0.190206437,0,1,1,1 
BD_16,Buses_Diesel_Urban Buses Articulated >18 t_Euro I,,,0.06,1,9,36,0.062652868,-1.349207057,6.217700678,26.09540723,0.053181431,-1.218234541,7.682913303,0,1,1,1 
BD_17,Buses_Diesel_Urban Buses Articulated >18 t_Euro II,,,-0.06,0,11,86,-3.03E-05,0.019802865,1.747157143,-4.983938315,0.004378936,0.102162154,0.058636643,0,1,1,1 
BD_17,Buses_Diesel_Urban Buses Articulated >18 t_Euro II,,,-0.06,0.5,11,86,-2.87E-05,0.020709248,1.653394242,-4.532378219,0.004338847,0.106772827,0.008274191,0,1,1,1 
BD_17,Buses_Diesel_Urban Buses Articulated >18 t_Euro II,,,-0.06,1,11,86,-2.51E-05,0.019925565,1.461518854,-3.88855197,0.003983754,0.102316488,-0.037717882,0,1,1,1 
BD_17,Buses_Diesel_Urban Buses Articulated >18 t_Euro II,,,-0.04,0,11,86,-2.64E-05,0.023536262,1.60043928,-4.084469953,0.003644146,0.100536511,-0.016196659,0,1,1,1 
BD_17,Buses_Diesel_Urban Buses Articulated >18 t_Euro II,,,-0.04,0.5,11,86,-2.74E-05,0.023097985,1.630428668,-4.242164137,0.003849594,0.103536541,-0.007367307,0,1,1,1 
BD_17,Buses_Diesel_Urban Buses Articulated >18 t_Euro II,,,-0.04,1,11,86,-2.46E-05,0.021448841,1.4722211,-3.793468218,0.003626318,0.098176241,-0.036814274,0,1,1,1 
BD_17,Buses_Diesel_Urban Buses Articulated >18 t_Euro II,,,-0.02,0,11,86,0.000254549,-0.01031808,0.65220691,2.849553946,0.000974175,0.005384043,0.605069727,0,1,1,1 
BD_17,Buses_Diesel_Urban Buses Articulated >18 t_Euro II,,,-0.02,0.5,11,86,-1.22E-05,0.056653979,2.545799575,-3.4385737,0.005134523,0.200758674,-0.108994824,0,1,1,1 
BD_17,Buses_Diesel_Urban Buses Articulated >18 t_Euro II,,,-0.02,1,11,86,0.000238781,-0.004253646,2.626429022,2.794030227,0.002380959,0.14855125,0.924538393,0,1,1,1 
BD_17,Buses_Diesel_Urban Buses Articulated >18 t_Euro II,,,0,0,11,86,-4.08E-06,0.001971504,0.6045766,3.819484397,-0.000119366,0.044912519,0.347788716,0,1,1,1 
BD_17,Buses_Diesel_Urban Buses Articulated >18 t_Euro II,,,0,0.5,11,86,-1.06E-05,0.000564968,0.449364803,2.783014022,-0.000151958,0.032509716,0.281043295,0,1,1,1 
BD_17,Buses_Diesel_Urban Buses Articulated >18 t_Euro II,,,0,1,11,86,-2.27E-05,0.000336784,0.673717795,4.081688832,-0.00028125,0.047641884,0.442077111,0,1,1,1 
BD_17,Buses_Diesel_Urban Buses Articulated >18 t_Euro II,,,0.02,0,11,86,2.36E-16,3.00E-15,3.29036113,4.26E-11,-0.001196851,0.234711199,0.266881779,0,1,1,1 
BD_17,Buses_Diesel_Urban Buses Articulated >18 t_Euro II,,,0.02,0.5,11,86,4.70E-06,0.004555273,0.646549931,3.783517996,-0.000128029,0.046668449,0.376064348,0,1,1,1 
BD_17,Buses_Diesel_Urban Buses Articulated >18 t_Euro II,,,0.02,1,11,79,0.000398597,0.112228552,0.740016422,-6.292663447,0.003395954,0.17995335,-1.180290135,0,1,1,1 
BD_17,Buses_Diesel_Urban Buses Articulated >18 t_Euro II,,,0.04,0,11,81,0.000414557,0.008676041,1.411451765,5.272140158,0.001030925,0.075017664,0.66845346,0,1,1,1 
BD_17,Buses_Diesel_Urban Buses Articulated >18 t_Euro II,,,0.04,0.5,11,60,0.00078101,0.235232975,1.548623988,-3.371630932,0.007305891,0.30022769,-1.05258826,0,1,1,1 
BD_17,Buses_Diesel_Urban Buses Articulated >18 t_Euro II,,,0.04,1,10,54,0.000690214,0.003728978,0.378371477,3.359924898,0.001087876,0.015904704,0.325822909,0,1,1,1 
BD_17,Buses_Diesel_Urban Buses Articulated >18 t_Euro II,,,0.06,0,11,55,0.000243145,0.083589952,0.509878209,-7.842880575,0.002896172,0.098134958,-0.840326946,0,1,1,1 
BD_17,Buses_Diesel_Urban Buses Articulated >18 t_Euro II,,,0.06,0.5,10,48,0.000332524,0.034291417,2.556379073,0.222372707,-0.001223551,0.223202597,-0.001517414,0,1,1,1 
BD_17,Buses_Diesel_Urban Buses Articulated >18 t_Euro II,,,0.06,1,9,39,0.010766103,0.065198468,-0.806871539,11.39468335,0.013286712,0.029331395,-0.130127202,0,1,1,1 
BD_18,Buses_Diesel_Urban Buses Articulated >18 t_Euro III,,,-0.06,0,11,86,-3.12E-05,0.018452361,1.8268757,-5.486372642,0.005001331,0.110017785,0.139645074,0,1,1,1 
BD_18,Buses_Diesel_Urban Buses Articulated >18 t_Euro III,,,-0.06,0.5,11,86,-2.61E-05,0.017267906,1.504577941,-4.278561845,0.004396818,0.103527641,0.05958148,0,1,1,1 
BD_18,Buses_Diesel_Urban Buses Articulated >18 t_Euro III,,,-0.06,1,11,86,-2.54E-05,0.018618878,1.465353236,-3.996752055,0.004485469,0.111633331,0.009337456,0,1,1,1 
BD_18,Buses_Diesel_Urban Buses Articulated >18 t_Euro III,,,-0.04,0,11,86,-2.82E-05,0.026262074,1.738399082,-4.362651473,0.004258896,0.120818438,-0.003723789,0,1,1,1 
BD_18,Buses_Diesel_Urban Buses Articulated >18 t_Euro III,,,-0.04,0.5,11,86,-2.88E-05,0.025414389,1.743940187,-4.473135065,0.00449957,0.12478014,0.013642961,0,1,1,1 
BD_18,Buses_Diesel_Urban Buses Articulated >18 t_Euro III,,,-0.04,1,11,86,-4.13E-05,0.039118855,2.553962953,-6.407267295,0.007050291,0.198043387,-0.087576764,0,1,1,1 
BD_18,Buses_Diesel_Urban Buses Articulated >18 t_Euro III,,,-0.02,0,11,86,0.000495708,-0.02218248,1.016888533,3.484416882,0.001820641,-0.014630503,1.141656671,0,1,1,1 
BD_18,Buses_Diesel_Urban Buses Articulated >18 t_Euro III,,,-0.02,0.5,11,86,0.000258436,-0.011000718,1.059441308,1.956000665,0.001361542,0.031900391,0.71327123,0,1,1,1 
BD_18,Buses_Diesel_Urban Buses Articulated >18 t_Euro III,,,-0.02,1,11,86,-2.24E-05,0.041674182,2.13029289,-4.052054752,0.004853997,0.170937166,-0.021982971,0,1,1,1 
BD_18,Buses_Diesel_Urban Buses Articulated >18 t_Euro III,,,0,0,11,86,-1.64E-05,0.000210176,0.538606426,3.331523338,-0.000232112,0.041040943,0.371898984,0,1,1,1 
BD_18,Buses_Diesel_Urban Buses Articulated >18 t_Euro III,,,0,0.5,11,86,0.000446592,-0.013207048,1.706865647,2.127011164,0.001637553,0.047588225,1.101772559,0,1,1,1 
BD_18,Buses_Diesel_Urban Buses Articulated >18 t_Euro III,,,0,1,11,86,0.000748196,-0.009209364,3.565566599,3.740177383,0.003135251,0.149954882,1.955073042,0,1,1,1 
BD_18,Buses_Diesel_Urban Buses Articulated >18 t_Euro III,,,0.02,0,11,86,0.000260779,-0.006182679,1.017233392,3.105886392,0.000827117,0.03332338,0.711312351,0,1,1,1 
BD_18,Buses_Diesel_Urban Buses Articulated >18 t_Euro III,,,0.02,0.5,11,86,0.000370688,-0.00087286,1.584734206,4.554532156,0.001140323,0.073555568,0.995107577,0,1,1,1 
BD_18,Buses_Diesel_Urban Buses Articulated >18 t_Euro III,,,0.02,1,11,81,0.000219168,0.078080063,0.753893325,-5.016444727,0.00291585,0.148049374,-0.864737811,0,1,1,1 
BD_18,Buses_Diesel_Urban Buses Articulated >18 t_Euro III,,,0.04,0,11,82,0.000406533,0.005009014,1.922322845,5.060948829,0.001212798,0.10451483,0.914183683,0,1,1,1 
BD_18,Buses_Diesel_Urban Buses Articulated >18 t_Euro III,,,0.04,0.5,11,66,0.000250495,0.073041624,0.563428822,-3.810346032,0.002587802,0.121118101,-0.714276873,0,1,1,1 
BD_18,Buses_Diesel_Urban Buses Articulated >18 t_Euro III,,,0.04,1,10,55,0.000608549,0.004126802,0.373959682,3.076079314,0.001171517,0.021152678,0.309855586,0,1,1,1 
BD_18,Buses_Diesel_Urban Buses Articulated >18 t_Euro III,,,0.06,0,11,64,0.000210777,0.065545813,0.561343475,-3.500612771,0.002340252,0.106034246,-0.589163121,0,1,1,1 
BD_18,Buses_Diesel_Urban Buses Articulated >18 t_Euro III,,,0.06,0.5,11,49,0.000199307,0.014903547,1.251269041,-14.53474616,-0.000676512,0.149058883,-1.456854162,0,1,1,1 
BD_18,Buses_Diesel_Urban Buses Articulated >18 t_Euro III,,,0.06,1,9,40,0.005842758,0.002459694,0.134341588,6.177379652,0.008077457,0.007481875,0.220519396,0,1,1,1 
BD_19,Buses_Diesel_Urban Buses Articulated >18 t_Euro IV,,,-0.06,0,11,86,-6.04E-06,0.002896616,0.433578974,-0.263500983,0.013625656,0.17076021,2.683614566,0,1,1,1 
BD_19,Buses_Diesel_Urban Buses Articulated >18 t_Euro IV,,,-0.06,0.5,11,86,-5.84E-06,0.002817433,0.424539353,-0.233438739,0.013122771,0.16892379,2.977732684,0,1,1,1 
BD_19,Buses_Diesel_Urban Buses Articulated >18 t_Euro IV,,,-0.06,1,11,86,-4.13E-11,9.11E-09,1.122811785,2.65E-06,0.020153597,0.597376976,8.161417683,0,1,1,1 
BD_19,Buses_Diesel_Urban Buses Articulated >18 t_Euro IV,,,-0.04,0,11,86,-2.62E-05,0.019660272,1.552569107,-1.330003782,0.036592169,0.869917973,4.811849983,0,1,1,1 
BD_19,Buses_Diesel_Urban Buses Articulated >18 t_Euro IV,,,-0.04,0.5,11,86,2.04E-13,-5.13E-11,1.247336073,-1.15E-08,0.011772418,0.734828385,5.185314503,0,1,1,1 
BD_19,Buses_Diesel_Urban Buses Articulated >18 t_Euro IV,,,-0.04,1,11,86,1.33E-05,-0.003892405,0.332212348,1.138749072,-0.000186125,0.161077594,3.043284173,0,1,1,1 
BD_19,Buses_Diesel_Urban Buses Articulated >18 t_Euro IV,,,-0.02,0,11,86,0.00018752,-0.015419007,0.472213735,1.532986056,0.002456281,-0.086635594,5.155519603,0,1,1,1 
BD_19,Buses_Diesel_Urban Buses Articulated >18 t_Euro IV,,,-0.02,0.5,11,86,0.000258808,0.058698267,-1.445855549,11.93408354,0.054648988,-1.358995196,11.40434895,0,1,1,1 
BD_19,Buses_Diesel_Urban Buses Articulated >18 t_Euro IV,,,-0.02,1,11,86,-1.43E-05,-0.001651305,0.277176402,-2.200896249,-0.002092102,0.20488492,-1.44187548,0,1,1,1 
BD_19,Buses_Diesel_Urban Buses Articulated >18 t_Euro IV,,,0,0,11,86,1.13E-17,5.63E-17,0.988046945,3.13E-13,-0.002897424,0.48337208,2.900122127,0,1,1,1 
BD_19,Buses_Diesel_Urban Buses Articulated >18 t_Euro IV,,,0,0.5,11,86,2.67E-16,3.92E-15,0.817166077,5.69E-12,-0.001548659,0.315181016,2.908343449,0,1,1,1 
BD_19,Buses_Diesel_Urban Buses Articulated >18 t_Euro IV,,,0,1,11,86,0.000767894,0.027289987,-0.708184813,6.323583512,0.028678889,-0.609970358,5.098481479,0,1,1,1 
BD_19,Buses_Diesel_Urban Buses Articulated >18 t_Euro IV,,,0.02,0,11,86,0.000104846,0.0231738,-0.026370617,-1.938483157,0.004306481,0.214442682,-2.432570293,0,1,1,1 
BD_19,Buses_Diesel_Urban Buses Articulated >18 t_Euro IV,,,0.02,0.5,11,86,-5.91E-05,0.002900346,0.242382511,-1.357732295,-0.001272419,0.121113765,-0.263421353,0,1,1,1 
BD_19,Buses_Diesel_Urban Buses Articulated >18 t_Euro IV,,,0.02,1,11,82,-0.000127661,0.006176265,0.461842429,-2.862345622,-0.002403922,0.222117405,-0.740708889,0,1,1,1 
BD_19,Buses_Diesel_Urban Buses Articulated >18 t_Euro IV,,,0.04,0,11,84,-0.00019487,0.012951571,0.450181009,-3.226979496,-0.003027925,0.297093624,-1.252813869,0,1,1,1 
BD_19,Buses_Diesel_Urban Buses Articulated >18 t_Euro IV,,,0.04,0.5,11,68,-0.000534421,0.02665169,0.998023786,-8.872783749,-0.007862629,0.640562217,-4.035504845,0,1,1,1 
BD_19,Buses_Diesel_Urban Buses Articulated >18 t_Euro IV,,,0.04,1,10,56,0.000394937,-0.016368109,0.863146485,1.161518217,0.003830934,-0.02839255,3.459094223,0,1,1,1 
BD_19,Buses_Diesel_Urban Buses Articulated >18 t_Euro IV,,,0.06,0,11,67,-0.000528306,0.02320094,1.253126424,-7.40069729,-0.007736407,0.618530118,-1.976926874,0,1,1,1 
BD_19,Buses_Diesel_Urban Buses Articulated >18 t_Euro IV,,,0.06,0.5,10,51,0.0002225,0.172056045,-1.720943527,5.824480797,0.038539773,-0.198692469,0.570356564,0,1,1,1 
BD_19,Buses_Diesel_Urban Buses Articulated >18 t_Euro IV,,,0.06,1,6,41,-0.003105875,0.435688175,1.130321811,-0.674354281,0.0366482,1.265261869,0.603899358,0,1,1,1 
BD_20,Buses_Diesel_Urban Buses Articulated >18 t_Euro V,SCR,,-0.06,0,5,85,-0.000427803,0.063215596,-0.225475651,0.781635607,0.136449593,-0.352579034,2.459989168,0,1,1,1 
BD_20,Buses_Diesel_Urban Buses Articulated >18 t_Euro V,SCR,,-0.06,0.5,5,85,-0.000371688,0.059165647,-0.25022867,0.751747295,0.136561988,-0.522252883,2.459140979,0,1,1,1 
BD_20,Buses_Diesel_Urban Buses Articulated >18 t_Euro V,SCR,,-0.06,1,5,85,-0.000611088,0.107107432,-0.532673766,1.488313992,0.259666514,-1.319836679,5.040065847,0,1,1,1 
BD_20,Buses_Diesel_Urban Buses Articulated >18 t_Euro V,SCR,,-0.04,0,5,85,-0.001470037,0.224803038,-0.325904926,1.040202012,0.345128496,1.047502037,1.191551854,0,1,1,1 
BD_20,Buses_Diesel_Urban Buses Articulated >18 t_Euro V,SCR,,-0.04,0.5,5,85,-0.001123718,0.168582329,-0.376198687,1.101881439,0.269013838,0.249435786,2.31511654,0,1,1,1 
BD_20,Buses_Diesel_Urban Buses Articulated >18 t_Euro V,SCR,,-0.04,1,5,85,-0.001602674,0.23220254,-0.491422073,1.067141209,0.362887159,0.442769602,1.5858576,0,1,1,1 
BD_20,Buses_Diesel_Urban Buses Articulated >18 t_Euro V,SCR,,-0.02,0,5,85,1.31E-05,-0.002069011,0.092263253,0.422044266,-0.00050753,0.028331024,2.114152291,0,1,1,1 
BD_20,Buses_Diesel_Urban Buses Articulated >18 t_Euro V,SCR,,-0.02,0.5,5,85,-0.000797314,0.299718328,-0.347145156,0.8410246,0.362797487,1.624527104,0.001751466,0,1,1,1 
BD_20,Buses_Diesel_Urban Buses Articulated >18 t_Euro V,SCR,,-0.02,1,5,85,-0.001251704,0.300099544,-0.30277137,0.756638371,0.330205605,1.726090878,0.001881573,0,1,1,1 
BD_20,Buses_Diesel_Urban Buses Articulated >18 t_Euro V,SCR,,0,0,5,85,1.04E-05,-0.001940305,0.12044447,0.558453348,-0.000469322,0.031274945,2.425873648,0,1,1,1 
BD_20,Buses_Diesel_Urban Buses Articulated >18 t_Euro V,SCR,,0,0.5,5,85,6.22E-06,-0.00198959,0.15077609,0.539599305,-0.000849409,0.059758847,2.431390852,0,1,1,1 
BD_20,Buses_Diesel_Urban Buses Articulated >18 t_Euro V,SCR,,0,1,5,85,4.23E-06,-0.003718176,0.324923988,0.941002406,-0.002006912,0.141827945,4.438265045,0,1,1,1 
BD_20,Buses_Diesel_Urban Buses Articulated >18 t_Euro V,SCR,,0.02,0,5,85,2.71E-06,-0.001138317,0.112324503,0.628351538,-0.000481165,0.030675834,2.181055886,0,1,1,1 
BD_20,Buses_Diesel_Urban Buses Articulated >18 t_Euro V,SCR,,0.02,0.5,5,85,-1.66E-05,-0.000167825,0.174442194,0.715406447,-0.001167509,0.085594105,2.475938605,0,1,1,1 
BD_20,Buses_Diesel_Urban Buses Articulated >18 t_Euro V,SCR,,0.02,1,5,80,-3.46E-05,0.000358242,0.215340648,0.739946269,-0.001575692,0.104525258,2.555200938,0,1,1,1 
BD_20,Buses_Diesel_Urban Buses Articulated >18 t_Euro V,SCR,,0.04,0,5,80,-3.30E-05,0.001023038,0.168435977,0.771862579,-0.001410442,0.098629014,2.409981336,0,1,1,1 
BD_20,Buses_Diesel_Urban Buses Articulated >18 t_Euro V,SCR,,0.04,0.5,5,65,0.022922712,0.459432967,-0.421344548,0.958515559,0.618188189,0.992797476,3.56E-07,0,1,1,1 
BD_20,Buses_Diesel_Urban Buses Articulated >18 t_Euro V,SCR,,0.04,1,5,55,0.000406613,-0.007899261,0.249165213,1.108830339,0.004976579,-0.063892228,3.233064667,0,1,1,1 
BD_20,Buses_Diesel_Urban Buses Articulated >18 t_Euro V,SCR,,0.06,0,5,65,0.0220478,0.42207187,-0.219646287,0.879629961,0.585924645,1.108637343,0.227956247,0,1,1,1 
BD_20,Buses_Diesel_Urban Buses Articulated >18 t_Euro V,SCR,,0.06,0.5,5,50,0.000483262,-0.00608304,0.624784112,2.526926559,0.004749969,0.058158362,6.977831563,0,1,1,1 
BD_20,Buses_Diesel_Urban Buses Articulated >18 t_Euro V,SCR,,0.06,1,5,40,0.004978444,-0.051139012,0.262727805,1.355735043,0.050758813,-0.594520328,3.936672547,0,1,1,1 
BD_20,Buses_Diesel_Urban Buses Articulated >18 t_Euro V,EGR,,-0.06,0,5,85,-0.002206023,0.204140327,-0.940865148,2.346058241,0.097957492,-0.423719563,1.266371962,0,1,1,1 
BD_20,Buses_Diesel_Urban Buses Articulated >18 t_Euro V,EGR,,-0.06,0.5,5,85,-0.002166399,0.205806084,-1.174088205,2.44137879,0.107392629,-0.629408772,1.426832281,0,1,1,1 
BD_20,Buses_Diesel_Urban Buses Articulated >18 t_Euro V,EGR,,-0.06,1,5,85,-0.00265447,0.261517573,-1.66965458,3.160036099,0.144271837,-0.973862269,1.944940288,0,1,1,1 
BD_20,Buses_Diesel_Urban Buses Articulated >18 t_Euro V,EGR,,-0.04,0,5,85,-0.004924806,0.539168785,-0.382523643,1.613692721,0.197907145,0.428971491,-4.51E-09,0,1,1,1 
BD_20,Buses_Diesel_Urban Buses Articulated >18 t_Euro V,EGR,,-0.04,0.5,5,85,-0.004394294,0.443591618,-0.28961236,1.694517553,0.166247182,0.366816413,0.368692664,0,1,1,1 
BD_20,Buses_Diesel_Urban Buses Articulated >18 t_Euro V,EGR,,-0.04,1,5,85,-0.006029881,0.598875537,-0.573999799,1.463636666,0.231152086,0.362414191,0.048428957,0,1,1,1 
BD_20,Buses_Diesel_Urban Buses Articulated >18 t_Euro V,EGR,,-0.02,0,5,85,2.10E-05,-0.002772043,0.098407066,1.637348934,-5.71E-05,-0.000761739,0.993534277,0,1,1,1 
BD_20,Buses_Diesel_Urban Buses Articulated >18 t_Euro V,EGR,,-0.02,0.5,5,85,-0.002380593,0.521073116,0.829214731,1.133924259,0.15275226,0.991169236,-2.11E-07,0,1,1,1 
BD_20,Buses_Diesel_Urban Buses Articulated >18 t_Euro V,EGR,,-0.02,1,5,85,-0.003128071,0.535096071,0.694891766,1.204501772,0.154808592,0.955980722,-1.11E-07,0,1,1,1 
BD_20,Buses_Diesel_Urban Buses Articulated >18 t_Euro V,EGR,,0,0,5,85,3.26E-05,-0.005592433,0.329066764,4.593989556,-0.000228076,0.010905849,2.45388614,0,1,1,1 
BD_20,Buses_Diesel_Urban Buses Articulated >18 t_Euro V,EGR,,0,0.5,5,85,5.37E-05,-0.010464767,0.656848333,9.425695824,-0.000553816,0.027603561,4.876046654,0,1,1,1 
BD_20,Buses_Diesel_Urban Buses Articulated >18 t_Euro V,EGR,,0,1,5,85,5.03E-05,-0.011233214,0.712783957,9.664318291,-0.000711625,0.035710904,4.925919604,0,1,1,1 
BD_20,Buses_Diesel_Urban Buses Articulated >18 t_Euro V,EGR,,0.02,0,5,85,2.57E-05,0.000765847,0.133200893,2.283409901,0.000382152,0.009507984,1.011243284,0,1,1,1 
BD_20,Buses_Diesel_Urban Buses Articulated >18 t_Euro V,EGR,,0.02,0.5,5,85,-0.000176073,0.050790893,1.099181917,-3.60979278,0.000231469,0.510912259,-1.488962045,0,1,1,1 
BD_20,Buses_Diesel_Urban Buses Articulated >18 t_Euro V,EGR,,0.02,1,5,80,-0.000246583,0.021839657,0.936894137,2.320836026,-0.002220235,0.30587124,0.997083801,0,1,1,1 
BD_20,Buses_Diesel_Urban Buses Articulated >18 t_Euro V,EGR,,0.04,0,5,80,-0.000187026,0.012790568,0.639141267,2.223539918,-0.001845521,0.195777398,0.929851738,0,1,1,1 
BD_20,Buses_Diesel_Urban Buses Articulated >18 t_Euro V,EGR,,0.04,0.5,5,65,-0.000414051,0.027747738,1.064612826,2.225883122,-0.003121522,0.335176838,0.899220395,0,1,1,1 
BD_20,Buses_Diesel_Urban Buses Articulated >18 t_Euro V,EGR,,0.04,1,5,55,0.035820048,0.736227294,-4.271659934,0.352075905,0.308577565,-1.436886489,5.55E-10,0,1,1,1 
BD_20,Buses_Diesel_Urban Buses Articulated >18 t_Euro V,EGR,,0.06,0,5,65,-0.000889722,0.062855774,1.971288561,1.29973745,-0.005941515,0.673199013,0.576221661,0,1,1,1 
BD_20,Buses_Diesel_Urban Buses Articulated >18 t_Euro V,EGR,,0.06,0.5,5,50,0.039898622,1.166613257,0.268528362,0.720623029,0.361613784,0.130653701,0.224403291,0,1,1,1 
BD_20,Buses_Diesel_Urban Buses Articulated >18 t_Euro V,EGR,,0.06,1,5,40,0.009452269,0.111318153,-1.246454771,2.805346191,0.059819238,-0.458956882,0.931068062,0,1,1,1 
BD_21,Buses_Diesel_Urban Buses Articulated >18 t_Euro VI,,,-0.06,0,5,85,-0.001289099,0.119317493,-0.550916853,1.372464324,0.190873906,-0.827848005,2.470147269,0,1,1,1 
BD_21,Buses_Diesel_Urban Buses Articulated >18 t_Euro VI,,,-0.06,0.5,5,85,-0.001144716,0.108836584,-0.623981589,1.297468863,0.189374195,-1.116846884,2.530071272,0,1,1,1 
BD_21,Buses_Diesel_Urban Buses Articulated >18 t_Euro VI,,,-0.06,1,5,85,-0.002513153,0.247526031,-1.580629649,2.992905624,0.455040136,-3.072386126,6.13954638,0,1,1,1 
BD_21,Buses_Diesel_Urban Buses Articulated >18 t_Euro VI,,,-0.04,0,5,85,-0.003580114,0.392115914,-0.282105727,1.172133999,0.479955984,1.030593584,0.000594656,0,1,1,1 
BD_21,Buses_Diesel_Urban Buses Articulated >18 t_Euro VI,,,-0.04,0.5,5,85,-0.003035094,0.306634886,-0.20917146,1.179137864,0.38332736,0.825419625,0.866872182,0,1,1,1 
BD_21,Buses_Diesel_Urban Buses Articulated >18 t_Euro VI,,,-0.04,1,5,85,-0.004356043,0.433261738,-0.437881589,1.118914976,0.558088741,0.821832649,0.252623134,0,1,1,1 
BD_21,Buses_Diesel_Urban Buses Articulated >18 t_Euro VI,,,-0.02,0,5,85,1.71E-05,-0.002253744,0.080157645,1.328719295,-0.00015803,-0.001753272,2.6879474,0,1,1,1 
BD_21,Buses_Diesel_Urban Buses Articulated >18 t_Euro VI,,,-0.02,0.5,5,85,-0.001241818,0.272637635,0.4226037,0.593277365,0.266778178,1.707821981,6.10E-06,0,1,1,1 
BD_21,Buses_Diesel_Urban Buses Articulated >18 t_Euro VI,,,-0.02,1,5,85,-0.001681531,0.289862101,0.33894192,0.654269888,0.280729613,1.657768829,4.06E-06,0,1,1,1 
BD_21,Buses_Diesel_Urban Buses Articulated >18 t_Euro VI,,,0,0,5,85,7.43E-06,-0.001295345,0.076954525,1.063668799,-0.000186917,0.009256398,1.894650914,0,1,1,1 
BD_21,Buses_Diesel_Urban Buses Articulated >18 t_Euro VI,,,0,0.5,5,85,2.56E-05,-0.005207468,0.33372194,4.683758358,-0.001016366,0.05341214,8.084706584,0,1,1,1 
BD_21,Buses_Diesel_Urban Buses Articulated >18 t_Euro VI,,,0,1,5,85,2.26E-05,-0.005541942,0.365551258,4.74512222,-0.001360013,0.073884825,8.080066204,0,1,1,1 
BD_21,Buses_Diesel_Urban Buses Articulated >18 t_Euro VI,,,0.02,0,5,85,1.41E-05,0.000453039,0.078404161,1.308166207,0.000696212,0.020520611,1.932487101,0,1,1,1 
BD_21,Buses_Diesel_Urban Buses Articulated >18 t_Euro VI,,,0.02,0.5,5,85,-1.86E-05,0.000234252,0.133861964,1.537469911,-0.000984872,0.073873651,2.180327342,0,1,1,1 
BD_21,Buses_Diesel_Urban Buses Articulated >18 t_Euro VI,,,0.02,1,5,80,-0.000164821,0.01563376,0.634516256,1.266300343,-0.004786564,0.706211436,1.844272337,0,1,1,1 
BD_21,Buses_Diesel_Urban Buses Articulated >18 t_Euro VI,,,0.04,0,5,85,-0.000142168,0.010701548,0.481025348,1.322874006,-0.004499228,0.514326178,1.859558969,0,1,1,1 
BD_21,Buses_Diesel_Urban Buses Articulated >18 t_Euro VI,,,0.04,0.5,5,70,-0.00028883,0.021919772,0.785253345,1.292046225,-0.007022615,0.843159532,1.771814672,0,1,1,1 
BD_21,Buses_Diesel_Urban Buses Articulated >18 t_Euro VI,,,0.04,1,5,55,0.019245391,0.374771517,-2.050354811,-0.275651344,0.539065485,-2.398997077,-0.324489155,0,1,1,1 
BD_21,Buses_Diesel_Urban Buses Articulated >18 t_Euro VI,,,0.06,0,5,65,-0.000476701,0.039180048,1.165885701,0.599855849,-0.010061578,1.336663084,0.926303243,0,1,1,1 
BD_21,Buses_Diesel_Urban Buses Articulated >18 t_Euro VI,,,0.06,0.5,5,50,0.021671761,0.561506527,-1.782583221,0.277449441,0.645134743,-1.751304217,-4.25E-08,0,1,1,1 
BD_21,Buses_Diesel_Urban Buses Articulated >18 t_Euro VI,,,0.06,1,5,40,0.012691938,0.214524751,-1.525884298,2.321562471,0.291724338,-1.664585603,2.384402255,0,1,1,1 
BD_22,Buses_Diesel_Coaches Standard <=18 t_Conventional,,,-0.06,0,12,105,2.60E-05,-0.006064209,0.673009748,2.752989878,0.000156613,0.020690887,0.184121311,0,1,1,1 
BD_22,Buses_Diesel_Coaches Standard <=18 t_Conventional,,,-0.06,0.5,12,105,-4.47E-06,0.002248454,2.892044334,-0.334923579,0.002505015,0.070586903,0.432548212,0,1,1,1 
BD_22,Buses_Diesel_Coaches Standard <=18 t_Conventional,,,-0.06,1,12,105,-4.52E-15,1.13E-12,2.609098286,1.10E-09,0.002028436,0.074242912,0.326835189,0,1,1,1 
BD_22,Buses_Diesel_Coaches Standard <=18 t_Conventional,,,-0.04,0,12,105,1.31E-05,-0.004936025,0.553538243,3.698519622,4.86E-05,0.016002859,0.195756348,0,1,1,1 
BD_22,Buses_Diesel_Coaches Standard <=18 t_Conventional,,,-0.04,0.5,12,105,2.30E-05,-0.00663415,0.743556968,2.398720291,0.000117432,0.020619389,0.177857253,0,1,1,1 
BD_22,Buses_Diesel_Coaches Standard <=18 t_Conventional,,,-0.04,1,12,105,2.65E-05,-0.006553178,0.687492455,3.007295955,0.00013122,0.018653153,0.210762028,0,1,1,1 
BD_22,Buses_Diesel_Coaches Standard <=18 t_Conventional,,,-0.02,0,12,105,4.16E-05,-0.002619377,0.919358148,2.205397395,0.000114933,0.025380171,0.156174594,0,1,1,1 
BD_22,Buses_Diesel_Coaches Standard <=18 t_Conventional,,,-0.02,0.5,12,105,6.67E-06,-0.003167248,0.435640922,3.565280475,-4.31E-05,0.014013321,0.153176901,0,1,1,1 
BD_22,Buses_Diesel_Coaches Standard <=18 t_Conventional,,,-0.02,1,12,105,4.23E-06,-0.001988211,0.302205168,2.348793082,-3.69E-06,0.009893115,0.102265283,0,1,1,1 
BD_22,Buses_Diesel_Coaches Standard <=18 t_Conventional,,,0,0,12,105,-0.00025245,0.111197958,2.046003026,0.000971652,0.002521069,0.077823899,0.064216828,0,1,1,1 
BD_22,Buses_Diesel_Coaches Standard <=18 t_Conventional,,,0,0.5,12,105,-0.000203091,0.103931225,2.496629802,2.805477308,0.002644211,0.090174872,0.181533072,0,1,1,1 
BD_22,Buses_Diesel_Coaches Standard <=18 t_Conventional,,,0,1,12,105,-5.69E-05,0.035738753,1.199096467,2.954784574,0.000992113,0.042399294,0.150501508,0,1,1,1 
BD_22,Buses_Diesel_Coaches Standard <=18 t_Conventional,,,0.02,0,12,105,1.54E-05,-0.005787499,0.57183516,3.686128745,-6.01E-05,0.01162367,0.191126856,0,1,1,1 
BD_22,Buses_Diesel_Coaches Standard <=18 t_Conventional,,,0.02,0.5,12,104,-0.000101435,0.039788476,-0.064883602,-3.820110643,0.001052343,0.003431407,-0.16005295,0,1,1,1 
BD_22,Buses_Diesel_Coaches Standard <=18 t_Conventional,,,0.02,1,12,101,1.46E-05,0.035450556,1.212073789,-3.299004216,0.001055397,0.049092587,-0.161506752,0,1,1,1 
BD_22,Buses_Diesel_Coaches Standard <=18 t_Conventional,,,0.04,0,12,101,4.82E-05,-0.002755089,1.65131818,2.192036098,0.000145187,0.045046776,0.1442406,0,1,1,1 
BD_22,Buses_Diesel_Coaches Standard <=18 t_Conventional,,,0.04,0.5,12,89,0.000353538,0.350648118,1.934274523,1.162835109,0.009950148,0.1694686,-0.902917102,0,1,1,1 
BD_22,Buses_Diesel_Coaches Standard <=18 t_Conventional,,,0.04,1,12,79,9.70E-05,0.051861251,0.812655983,-3.618995012,0.001235674,0.05748332,-0.383423948,0,1,1,1 
BD_22,Buses_Diesel_Coaches Standard <=18 t_Conventional,,,0.06,0,12,82,0.000202227,0.195378191,0.890152996,2.615673229,0.005519082,0.083642818,-0.427511516,0,1,1,1 
BD_22,Buses_Diesel_Coaches Standard <=18 t_Conventional,,,0.06,0.5,12,72,0.000172814,0.095572537,1.545431754,-6.114476293,0.002331123,0.102087284,-0.632768658,0,1,1,1 
BD_22,Buses_Diesel_Coaches Standard <=18 t_Conventional,,,0.06,1,12,57,0.000348151,0.063198841,-0.100545852,6.478833571,0.001361233,0.038202914,-0.119545798,0,1,1,1 
BD_23,Buses_Diesel_Coaches Standard <=18 t_Euro I,,,-0.06,0,12,105,1.09E-05,-0.00470735,2.798529274,0.822376313,0.002882056,0.069562133,0.578632147,0,1,1,1 
BD_23,Buses_Diesel_Coaches Standard <=18 t_Euro I,,,-0.06,0.5,12,105,-8.68E-06,0.003716456,1.522913314,-5.352784817,0.002237734,0.02898586,0.087700909,0,1,1,1 
BD_23,Buses_Diesel_Coaches Standard <=18 t_Euro I,,,-0.06,1,12,105,-8.80E-06,0.003858195,1.414641636,-4.921783455,0.002153493,0.028662406,0.074230272,0,1,1,1 
BD_23,Buses_Diesel_Coaches Standard <=18 t_Euro I,,,-0.04,0,12,105,2.53E-05,-0.009172874,0.977941679,6.65077666,0.000139401,0.032846827,0.405696591,0,1,1,1 
BD_23,Buses_Diesel_Coaches Standard <=18 t_Euro I,,,-0.04,0.5,12,105,2.03E-05,-0.005734584,0.586272818,2.786611982,0.000127341,0.018815449,0.204691864,0,1,1,1 
BD_23,Buses_Diesel_Coaches Standard <=18 t_Euro I,,,-0.04,1,12,105,4.79E-05,-0.013440414,1.458879603,2.826304802,0.000380668,0.047081453,0.323522452,0,1,1,1 
BD_23,Buses_Diesel_Coaches Standard <=18 t_Euro I,,,-0.02,0,12,105,2.55E-05,-0.002207266,1.125032164,2.09614799,7.31E-05,0.039386552,0.179649412,0,1,1,1 
BD_23,Buses_Diesel_Coaches Standard <=18 t_Euro I,,,-0.02,0.5,12,105,7.63E-06,-0.003466523,0.395117832,3.28474386,-7.15E-05,0.014188079,0.172431387,0,1,1,1 
BD_23,Buses_Diesel_Coaches Standard <=18 t_Euro I,,,-0.02,1,12,105,4.01E-06,-0.001736023,0.233201754,1.735372748,-1.20E-05,0.00828118,0.094663535,0,1,1,1 
BD_23,Buses_Diesel_Coaches Standard <=18 t_Euro I,,,0,0,12,105,-1.41E-05,0.015319284,0.807135646,2.97157269,0.000369557,0.029208724,0.187676055,0,1,1,1 
BD_23,Buses_Diesel_Coaches Standard <=18 t_Euro I,,,0,0.5,12,105,-1.21E-05,0.020383369,1.147228618,4.512559539,0.000514978,0.042165588,0.272061189,0,1,1,1 
BD_23,Buses_Diesel_Coaches Standard <=18 t_Euro I,,,0,1,12,105,-7.78E-06,0.017261265,0.994083325,4.016220903,0.000450962,0.037094459,0.237854934,0,1,1,1 
BD_23,Buses_Diesel_Coaches Standard <=18 t_Euro I,,,0.02,0,12,105,-2.52E-05,0.019559162,0.925238279,3.100581416,0.000444298,0.032169951,0.19758881,0,1,1,1 
BD_23,Buses_Diesel_Coaches Standard <=18 t_Euro I,,,0.02,0.5,12,105,-6.33E-07,-2.92E-05,0.134098355,2.398962601,-6.83E-06,0.003536354,0.112540514,0,1,1,1 
BD_23,Buses_Diesel_Coaches Standard <=18 t_Euro I,,,0.02,1,12,104,7.81E-05,0.05622831,1.058152875,-6.414643727,0.001198863,0.062947036,-0.365420404,0,1,1,1 
BD_23,Buses_Diesel_Coaches Standard <=18 t_Euro I,,,0.04,0,12,102,8.79E-05,0.064230893,1.246065314,-6.81374847,0.001326554,0.069304043,-0.382029506,0,1,1,1 
BD_23,Buses_Diesel_Coaches Standard <=18 t_Euro I,,,0.04,0.5,12,95,0.000173068,0.06551814,0.657830424,-4.94126771,0.00111811,0.064244041,-0.467500846,0,1,1,1 
BD_23,Buses_Diesel_Coaches Standard <=18 t_Euro I,,,0.04,1,12,83,0.001153955,0.238717549,2.801057488,-7.598567249,0.003790135,0.263960195,-1.412552149,0,1,1,1 
BD_23,Buses_Diesel_Coaches Standard <=18 t_Euro I,,,0.06,0,12,86,0.000517027,0.142094918,2.096553261,-5.8389384,0.002298402,0.159835696,-0.786682599,0,1,1,1 
BD_23,Buses_Diesel_Coaches Standard <=18 t_Euro I,,,0.06,0.5,12,77,4.82E-05,0.007002661,0.895156674,4.691570226,-0.000135035,0.037728322,0.170666734,0,1,1,1 
BD_23,Buses_Diesel_Coaches Standard <=18 t_Euro I,,,0.06,1,12,65,0.000277521,0.115321271,1.783117893,-6.114026129,0.001993511,0.109104405,-0.404161013,0,1,1,1 
BD_24,Buses_Diesel_Coaches Standard <=18 t_Euro II,,,-0.06,0,12,105,4.46E-05,-0.01125853,1.440824786,1.594802496,0.000524399,0.070930991,0.361565297,0,1,1,1 
BD_24,Buses_Diesel_Coaches Standard <=18 t_Euro II,,,-0.06,0.5,12,105,-4.89E-06,0.002552998,2.284144426,-0.325771567,0.002983976,0.090696334,0.573320035,0,1,1,1 
BD_24,Buses_Diesel_Coaches Standard <=18 t_Euro II,,,-0.06,1,12,105,-1.22E-05,0.00663006,1.148558949,-3.974030558,0.002113758,0.039954529,0.051708461,0,1,1,1 
BD_24,Buses_Diesel_Coaches Standard <=18 t_Euro II,,,-0.04,0,12,105,1.05E-05,-0.003887996,0.429117971,2.699658637,4.96E-05,0.019446457,0.251558424,0,1,1,1 
BD_24,Buses_Diesel_Coaches Standard <=18 t_Euro II,,,-0.04,0.5,12,105,1.06E-05,-0.003936107,0.433537556,2.779397406,5.84E-05,0.020324081,0.258578281,0,1,1,1 
BD_24,Buses_Diesel_Coaches Standard <=18 t_Euro II,,,-0.04,1,12,105,2.65E-05,-0.008546986,0.974286408,4.195674401,0.00018355,0.045865371,0.451688379,0,1,1,1 
BD_24,Buses_Diesel_Coaches Standard <=18 t_Euro II,,,-0.02,0,12,105,-0.000213951,0.088615234,0.082707848,-7.975047729,0.004197115,0.026205741,-0.588364058,0,1,1,1 
BD_24,Buses_Diesel_Coaches Standard <=18 t_Euro II,,,-0.02,0.5,12,105,8.01E-06,-0.003347838,0.350284983,2.724838416,-8.87E-05,0.016239058,0.220367412,0,1,1,1 
BD_24,Buses_Diesel_Coaches Standard <=18 t_Euro II,,,-0.02,1,12,105,1.24E-05,-0.005040482,0.596405935,4.257917131,-8.13E-05,0.027619425,0.357032886,0,1,1,1 
BD_24,Buses_Diesel_Coaches Standard <=18 t_Euro II,,,0,0,12,105,-6.94E-05,0.042382433,1.704664517,4.978028776,0.001466529,0.089998265,0.484435087,0,1,1,1 
BD_24,Buses_Diesel_Coaches Standard <=18 t_Euro II,,,0,0.5,12,105,-2.65E-05,0.020328242,0.954176982,3.239208881,0.000735517,0.050061675,0.291199953,0,1,1,1 
BD_24,Buses_Diesel_Coaches Standard <=18 t_Euro II,,,0,1,12,105,-2.14E-05,0.017840183,0.871707238,3.075387607,0.000662884,0.046146913,0.271495425,0,1,1,1 
BD_24,Buses_Diesel_Coaches Standard <=18 t_Euro II,,,0.02,0,12,105,-7.95E-05,0.045808844,1.727161719,4.736730936,0.001533602,0.088241223,0.445584376,0,1,1,1 
BD_24,Buses_Diesel_Coaches Standard <=18 t_Euro II,,,0.02,0.5,12,105,-9.19E-06,0.015420973,0.863521046,3.368819719,0.000520585,0.042996298,0.279836374,0,1,1,1 
BD_24,Buses_Diesel_Coaches Standard <=18 t_Euro II,,,0.02,1,12,105,2.52E-05,0.027127256,0.47407468,-6.065360088,0.000964365,0.037467251,-0.39245259,0,1,1,1 
BD_24,Buses_Diesel_Coaches Standard <=18 t_Euro II,,,0.04,0,12,103,-2.05E-18,8.00E-17,2.137825587,-8.70E-13,-0.000361326,0.105318568,0.130167694,0,1,1,1 
BD_24,Buses_Diesel_Coaches Standard <=18 t_Euro II,,,0.04,0.5,12,99,9.27E-17,4.32E-16,2.608437313,3.90E-11,-0.000710736,0.138461122,0.094392573,0,1,1,1 
BD_24,Buses_Diesel_Coaches Standard <=18 t_Euro II,,,0.04,1,12,91,3.54E-05,0.014574257,0.418496848,2.786357749,0.000215242,0.036493425,0.056334126,0,1,1,1 
BD_24,Buses_Diesel_Coaches Standard <=18 t_Euro II,,,0.06,0,12,90,2.49E-05,0.006398074,1.078556511,6.31586236,-0.000151964,0.060259391,0.342121419,0,1,1,1 
BD_24,Buses_Diesel_Coaches Standard <=18 t_Euro II,,,0.06,0.5,12,81,-4.13E-18,2.43E-16,2.396262302,-3.49E-12,-0.000965449,0.132060568,0.058354956,0,1,1,1 
BD_24,Buses_Diesel_Coaches Standard <=18 t_Euro II,,,0.06,1,12,72,9.17E-05,0.0187245,2.335083084,6.208772237,-0.000453604,0.137842543,0.358268608,0,1,1,1 
BD_25,Buses_Diesel_Coaches Standard <=18 t_Euro III,,,-0.06,0,12,105,-1.07E-05,0.006010066,0.956596108,-3.219152358,0.001835903,0.034638043,0.005855545,0,1,1,1 
BD_25,Buses_Diesel_Coaches Standard <=18 t_Euro III,,,-0.06,0.5,12,105,-1.08E-05,0.006307267,0.932210197,-3.122937265,0.001864416,0.036299627,-0.006142759,0,1,1,1 
BD_25,Buses_Diesel_Coaches Standard <=18 t_Euro III,,,-0.06,1,12,105,-4.43E-05,0.016633781,0.679428354,-3.254118187,0.002751449,0.014949277,0.002503747,0,1,1,1 
BD_25,Buses_Diesel_Coaches Standard <=18 t_Euro III,,,-0.04,0,12,105,-1.32E-15,3.44E-13,2.214222679,2.40E-10,0.001930901,0.088163214,0.421976201,0,1,1,1 
BD_25,Buses_Diesel_Coaches Standard <=18 t_Euro III,,,-0.04,0.5,12,105,-1.03E-05,0.005898315,2.253998123,-0.754484363,0.002716651,0.085571642,0.433339421,0,1,1,1 
BD_25,Buses_Diesel_Coaches Standard <=18 t_Euro III,,,-0.04,1,12,105,-1.16E-05,0.006703645,2.300271946,-0.912002257,0.002936054,0.090892514,0.420762305,0,1,1,1 
BD_25,Buses_Diesel_Coaches Standard <=18 t_Euro III,,,-0.02,0,12,105,4.59E-05,-0.002731258,1.028551439,4.077302758,0.000160816,0.044056098,0.416262169,0,1,1,1 
BD_25,Buses_Diesel_Coaches Standard <=18 t_Euro III,,,-0.02,0.5,12,105,5.93E-05,-0.004562111,1.592352343,2.812930834,0.000276515,0.072324046,0.398671444,0,1,1,1 
BD_25,Buses_Diesel_Coaches Standard <=18 t_Euro III,,,-0.02,1,12,105,5.19E-05,-0.006048776,2.058293063,1.268650239,0.000359119,0.098261593,0.335625062,0,1,1,1 
BD_25,Buses_Diesel_Coaches Standard <=18 t_Euro III,,,0,0,12,105,-2.22E-07,0.007423305,2.831602729,-4.007142399,0.000320135,0.12617524,0.242670484,0,1,1,1 
BD_25,Buses_Diesel_Coaches Standard <=18 t_Euro III,,,0,0.5,12,105,3.65E-05,-0.002720291,2.180283981,1.996855643,5.85E-05,0.091222338,0.526850739,0,1,1,1 
BD_25,Buses_Diesel_Coaches Standard <=18 t_Euro III,,,0,1,12,105,2.09E-05,-0.002228808,1.357697906,2.205548869,-6.15E-06,0.058512141,0.37299637,0,1,1,1 
BD_25,Buses_Diesel_Coaches Standard <=18 t_Euro III,,,0.02,0,12,105,3.88E-05,-0.002744802,0.834242093,3.351022847,9.66E-05,0.028106458,0.385032123,0,1,1,1 
BD_25,Buses_Diesel_Coaches Standard <=18 t_Euro III,,,0.02,0.5,12,105,7.81E-05,-0.003100684,1.531574321,4.532047784,0.000216376,0.056161122,0.586013211,0,1,1,1 
BD_25,Buses_Diesel_Coaches Standard <=18 t_Euro III,,,0.02,1,12,105,8.79E-05,-0.001505282,1.560228643,4.574971656,0.000252651,0.060648945,0.578100703,0,1,1,1 
BD_25,Buses_Diesel_Coaches Standard <=18 t_Euro III,,,0.04,0,12,104,0.000173405,-0.004437609,0.972306192,3.754220161,0.000463025,0.025105802,0.469578051,0,1,1,1 
BD_25,Buses_Diesel_Coaches Standard <=18 t_Euro III,,,0.04,0.5,12,101,0.000235245,-0.003529616,1.147554273,4.861947877,0.000596983,0.032513768,0.560121961,0,1,1,1 
BD_25,Buses_Diesel_Coaches Standard <=18 t_Euro III,,,0.04,1,12,97,0.000208429,-0.000329498,0.96486713,3.849322469,0.000505579,0.032289289,0.421046618,0,1,1,1 
BD_25,Buses_Diesel_Coaches Standard <=18 t_Euro III,,,0.06,0,12,92,0.000525465,0.027605123,3.253194819,-4.224688431,0.001623417,0.158137353,0.072841551,0,1,1,1 
BD_25,Buses_Diesel_Coaches Standard <=18 t_Euro III,,,0.06,0.5,12,84,0.000847765,0.081718112,2.292199796,-4.352902624,0.003833904,0.137661421,-0.177347776,0,1,1,1 
BD_25,Buses_Diesel_Coaches Standard <=18 t_Euro III,,,0.06,1,12,78,2.89E-18,2.93E-16,2.208167129,-6.09E-14,-0.000830033,0.119871458,0.160992964,0,1,1,1 
BD_26,Buses_Diesel_Coaches Standard <=18 t_Euro IV,,,-0.06,0,12,105,-3.71E-07,-7.59E-06,0.810397616,-3.053082663,0.016059139,0.149508836,1.123916561,0,1,1,1 
BD_26,Buses_Diesel_Coaches Standard <=18 t_Euro IV,,,-0.06,0.5,12,105,-8.81E-07,0.00021174,0.781620147,-2.913576946,0.016018614,0.155843432,1.058363101,0,1,1,1 
BD_26,Buses_Diesel_Coaches Standard <=18 t_Euro IV,,,-0.06,1,12,105,6.36E-07,-0.000392946,0.665969264,-2.599848348,0.013622256,0.115622004,1.103198121,0,1,1,1 
BD_26,Buses_Diesel_Coaches Standard <=18 t_Euro IV,,,-0.04,0,12,105,6.98E-06,-0.002845484,0.82883052,0.359901243,0.008397887,0.224134483,2.589673144,0,1,1,1 
BD_26,Buses_Diesel_Coaches Standard <=18 t_Euro IV,,,-0.04,0.5,12,105,8.81E-06,-0.003440329,0.784133377,0.407371726,0.007762841,0.207676313,2.744594677,0,1,1,1 
BD_26,Buses_Diesel_Coaches Standard <=18 t_Euro IV,,,-0.04,1,12,105,-2.09E-06,0.000643732,0.849840136,-3.372244194,0.013606927,0.148898973,1.087640932,0,1,1,1 
BD_26,Buses_Diesel_Coaches Standard <=18 t_Euro IV,,,-0.02,0,12,105,-1.84E-05,0.022557555,1.598081986,-4.496632773,0.016397256,0.579346193,0.657384421,0,1,1,1 
BD_26,Buses_Diesel_Coaches Standard <=18 t_Euro IV,,,-0.02,0.5,12,105,-1.63E-05,0.015574681,1.286591028,-3.935166542,0.013998859,0.439660744,0.49650376,0,1,1,1 
BD_26,Buses_Diesel_Coaches Standard <=18 t_Euro IV,,,-0.02,1,12,105,-1.73E-05,0.013911217,1.361371803,-1.314288098,0.01584833,0.398115969,2.786752317,0,1,1,1 
BD_26,Buses_Diesel_Coaches Standard <=18 t_Euro IV,,,0,0,12,105,7.79E-18,1.22E-15,1.560173415,3.11E-13,-0.001591559,0.616404238,2.306657426,0,1,1,1 
BD_26,Buses_Diesel_Coaches Standard <=18 t_Euro IV,,,0,0.5,12,105,-1.37E-14,-1.83E-12,1.950408072,-7.12E-10,-0.002101965,0.759196669,3.028318631,0,1,1,1 
BD_26,Buses_Diesel_Coaches Standard <=18 t_Euro IV,,,0,1,12,105,8.22E-15,8.03E-13,2.920817549,4.67E-10,-0.003315556,1.121729669,4.644366879,0,1,1,1 
BD_26,Buses_Diesel_Coaches Standard <=18 t_Euro IV,,,0.02,0,12,105,-8.65E-16,4.32E-14,0.979329067,-8.11E-11,-0.00215492,0.350374252,1.698362324,0,1,1,1 
BD_26,Buses_Diesel_Coaches Standard <=18 t_Euro IV,,,0.02,0.5,12,105,-5.66E-17,1.52E-15,0.838601016,-3.15E-12,-0.001682507,0.270956093,1.700582145,0,1,1,1 
BD_26,Buses_Diesel_Coaches Standard <=18 t_Euro IV,,,0.02,1,12,105,-3.36E-18,5.03E-17,0.711270246,-1.59E-13,-0.001290609,0.207968681,1.606135228,0,1,1,1 
BD_26,Buses_Diesel_Coaches Standard <=18 t_Euro IV,,,0.04,0,12,104,0.000149983,0.043712685,1.20068602,3.46801281,0.002011635,0.632860849,2.494412926,0,1,1,1 
BD_26,Buses_Diesel_Coaches Standard <=18 t_Euro IV,,,0.04,0.5,12,102,0.000349365,0.094158206,0.844708675,-1.492574934,0.00756576,0.866127201,-2.157317891,0,1,1,1 
BD_26,Buses_Diesel_Coaches Standard <=18 t_Euro IV,,,0.04,1,12,99,-0.000543736,0.050704646,0.605147854,-11.81362588,-0.006054465,0.713388097,-6.955382371,0,1,1,1 
BD_26,Buses_Diesel_Coaches Standard <=18 t_Euro IV,,,0.06,0,12,94,-0.000214042,0.020065703,0.108019695,-3.514653886,-0.002044089,0.232867319,-2.380253878,0,1,1,1 
BD_26,Buses_Diesel_Coaches Standard <=18 t_Euro IV,,,0.06,0.5,12,86,-0.000252637,0.018254914,0.527625563,-4.654568015,-0.002774464,0.285423693,-1.563846815,0,1,1,1 
BD_26,Buses_Diesel_Coaches Standard <=18 t_Euro IV,,,0.06,1,12,78,-0.000171799,0.069558393,1.589099811,1.49846098,0.003961902,0.471116576,4.449176353,0,1,1,1 
BD_27,Buses_Diesel_Coaches Standard <=18 t_Euro V,SCR,,-0.06,0,5,100,-0.000708908,0.098793197,-1.02133288,3.902301351,0.149157155,-1.738761558,7.054845184,0,1,1,1 
BD_27,Buses_Diesel_Coaches Standard <=18 t_Euro V,SCR,,-0.06,0.5,5,100,-0.000964544,0.118996009,-0.812339088,1.821577338,0.174675701,-1.26470448,3.056105651,0,1,1,1 
BD_27,Buses_Diesel_Coaches Standard <=18 t_Euro V,SCR,,-0.06,1,5,100,-0.001560116,0.191610166,-1.296487846,2.714986523,0.286821026,-2.048061243,4.566783967,0,1,1,1 
BD_27,Buses_Diesel_Coaches Standard <=18 t_Euro V,SCR,,-0.04,0,5,100,-0.002465359,0.303476225,-0.323515314,-1.670499479,0.328417756,0.486419209,-4.348720253,0,1,1,1 
BD_27,Buses_Diesel_Coaches Standard <=18 t_Euro V,SCR,,-0.04,0.5,5,100,-0.00030346,0.038097575,-0.008259925,0.933311859,0.046210182,0.002592376,1.74376454,0,1,1,1 
BD_27,Buses_Diesel_Coaches Standard <=18 t_Euro V,SCR,,-0.04,1,5,100,-0.000454116,0.05972812,-0.223011426,1.155839157,0.074289681,-0.283876739,1.980233594,0,1,1,1 
BD_27,Buses_Diesel_Coaches Standard <=18 t_Euro V,SCR,,-0.02,0,5,100,5.29E-06,-0.003729654,0.328406543,0.947260385,-0.002848849,0.283785274,2.235531222,0,1,1,1 
BD_27,Buses_Diesel_Coaches Standard <=18 t_Euro V,SCR,,-0.02,0.5,5,100,1.06E-05,-0.004006727,0.299753325,0.973805002,-0.002521497,0.250321284,2.232012784,0,1,1,1 
BD_27,Buses_Diesel_Coaches Standard <=18 t_Euro V,SCR,,-0.02,1,5,100,-0.000265176,0.057786185,-0.160532069,-0.989884033,0.049791437,0.098931325,-2.29488872,0,1,1,1 
BD_27,Buses_Diesel_Coaches Standard <=18 t_Euro V,SCR,,0,0,5,100,0.002036982,0.366747857,0.387762439,0.551852126,0.322314643,1.55156617,1.57E-05,0,1,1,1 
BD_27,Buses_Diesel_Coaches Standard <=18 t_Euro V,SCR,,0,0.5,5,100,0.002563708,0.419023415,0.21721016,0.67690876,0.377868385,1.428252799,1.00E-05,0,1,1,1 
BD_27,Buses_Diesel_Coaches Standard <=18 t_Euro V,SCR,,0,1,5,100,0.002933033,0.450203322,0.117234709,0.739488481,0.410734511,1.34871236,9.64E-06,0,1,1,1 
BD_27,Buses_Diesel_Coaches Standard <=18 t_Euro V,SCR,,0.02,0,5,100,0.007396604,0.565632942,-0.41417327,1.050026424,0.544955681,0.779362661,9.99E-06,0,1,1,1 
BD_27,Buses_Diesel_Coaches Standard <=18 t_Euro V,SCR,,0.02,0.5,5,100,0.008431856,0.534710174,-0.640978489,1.201798989,0.539115244,0.28854498,0.362339838,0,1,1,1 
BD_27,Buses_Diesel_Coaches Standard <=18 t_Euro V,SCR,,0.02,1,5,100,0.004051899,0.204351847,-0.479571275,1.192762184,0.225110513,-0.315014638,1.297131649,0,1,1,1 
BD_27,Buses_Diesel_Coaches Standard <=18 t_Euro V,SCR,,0.04,0,5,100,-4.71E-05,0.002728543,0.371284359,1.570608132,-0.002569239,0.276788385,2.79418016,0,1,1,1 
BD_27,Buses_Diesel_Coaches Standard <=18 t_Euro V,SCR,,0.04,0.5,5,100,-9.40E-05,0.006322208,0.537063264,1.947375766,-0.004047612,0.428542749,3.4743763,0,1,1,1 
BD_27,Buses_Diesel_Coaches Standard <=18 t_Euro V,SCR,,0.04,1,5,100,2.31E-05,0.006364884,0.661813625,3.08340145,-0.001168085,0.411597333,5.365587623,0,1,1,1 
BD_27,Buses_Diesel_Coaches Standard <=18 t_Euro V,SCR,,0.06,0,5,90,0.003547339,0.010716232,-0.522488172,4.545947941,0.09172181,-1.27428556,7.038391232,0,1,1,1 
BD_27,Buses_Diesel_Coaches Standard <=18 t_Euro V,SCR,,0.06,0.5,5,80,-8.09E-05,0.0053565,0.402043603,1.869336273,-0.002911587,0.263548818,3.092080519,0,1,1,1 
BD_27,Buses_Diesel_Coaches Standard <=18 t_Euro V,SCR,,0.06,1,5,80,-0.000122879,0.007284122,0.408858533,1.792090433,-0.003382894,0.276560575,2.918614905,0,1,1,1 
BD_27,Buses_Diesel_Coaches Standard <=18 t_Euro V,EGR,,-0.06,0,5,100,0.000314398,-0.055712698,2.514609991,0.181997505,-0.00434676,0.694990775,1.86E-09,0,1,1,1 
BD_27,Buses_Diesel_Coaches Standard <=18 t_Euro V,EGR,,-0.06,0.5,5,70,-0.005722311,0.447938878,-1.947213397,-0.453138031,0.125723299,-0.610728947,-6.24E-14,0,1,1,1 
BD_27,Buses_Diesel_Coaches Standard <=18 t_Euro V,EGR,,-0.06,1,5,70,-0.017097567,1.252329737,-1.987284253,-0.101030965,0.36524184,-0.623038073,-2.76E-08,0,1,1,1 
BD_27,Buses_Diesel_Coaches Standard <=18 t_Euro V,EGR,,-0.04,0,5,90,-0.011585504,1.116479338,-3.399969897,0.965967555,0.259352001,-0.764683461,0.098014883,0,1,1,1 
BD_27,Buses_Diesel_Coaches Standard <=18 t_Euro V,EGR,,-0.04,0.5,5,90,-0.012919124,1.209516354,-3.48022449,0.440927676,0.290573032,-0.821624818,1.30E-08,0,1,1,1 
BD_27,Buses_Diesel_Coaches Standard <=18 t_Euro V,EGR,,-0.04,1,5,90,-0.000528317,0.055141112,-0.676145759,2.28444104,0.012596015,-0.170956558,0.59986369,0,1,1,1 
BD_27,Buses_Diesel_Coaches Standard <=18 t_Euro V,EGR,,-0.02,0,5,100,-0.0003393,0.161264035,1.883252026,-0.260388467,0.032964228,0.466583947,1.26E-10,0,1,1,1 
BD_27,Buses_Diesel_Coaches Standard <=18 t_Euro V,EGR,,-0.02,0.5,5,100,-0.000679619,0.141872879,2.140772581,-0.277499142,0.02885038,0.529662506,3.28E-07,0,1,1,1 
BD_27,Buses_Diesel_Coaches Standard <=18 t_Euro V,EGR,,-0.02,1,5,100,1.77E-05,-0.004587148,0.263687837,2.186887616,-0.000560196,0.051870902,0.587629978,0,1,1,1 
BD_27,Buses_Diesel_Coaches Standard <=18 t_Euro V,EGR,,0,0,5,100,6.31E-05,0.014290903,0.076809932,2.850443539,0.002712964,0.012146512,0.667979347,0,1,1,1 
BD_27,Buses_Diesel_Coaches Standard <=18 t_Euro V,EGR,,0,0.5,5,100,7.30E-05,0.013753444,0.010140981,1.978316788,0.002795947,-0.000433768,0.460458346,0,1,1,1 
BD_27,Buses_Diesel_Coaches Standard <=18 t_Euro V,EGR,,0,1,5,100,9.03E-05,0.017236629,0.047738914,2.064605025,0.003451926,0.008846405,0.479000884,0,1,1,1 
BD_27,Buses_Diesel_Coaches Standard <=18 t_Euro V,EGR,,0.02,0,5,100,5.72E-07,-0.000556226,0.048664781,1.885756556,-4.60E-05,0.002076409,0.435339176,0,1,1,1 
BD_27,Buses_Diesel_Coaches Standard <=18 t_Euro V,EGR,,0.02,0.5,5,100,3.81E-07,-0.000528305,0.055331072,2.086207926,-4.93E-05,0.002805621,0.479251744,0,1,1,1 
BD_27,Buses_Diesel_Coaches Standard <=18 t_Euro V,EGR,,0.02,1,5,100,2.75E-06,-0.000372299,0.057970623,2.2448689,-1.09E-05,0.002655705,0.513601877,0,1,1,1 
BD_27,Buses_Diesel_Coaches Standard <=18 t_Euro V,EGR,,0.04,0,5,100,5.51E-05,0.000281813,-0.074637647,2.286254157,0.000657319,-0.028072744,0.514865983,0,1,1,1 
BD_27,Buses_Diesel_Coaches Standard <=18 t_Euro V,EGR,,0.04,0.5,5,100,6.21E-05,0.000308897,-0.077676084,2.191949588,0.00068997,-0.028329474,0.49024479,0,1,1,1 
BD_27,Buses_Diesel_Coaches Standard <=18 t_Euro V,EGR,,0.04,1,5,100,-0.000353211,0.015443769,1.993549246,1.004343863,-0.004204975,0.418723148,0.264216888,0,1,1,1 
BD_27,Buses_Diesel_Coaches Standard <=18 t_Euro V,EGR,,0.06,0,5,95,-0.000317867,0.019534176,1.409140816,-5.686580134,-0.003046016,0.334533773,-1.242574855,0,1,1,1 
BD_27,Buses_Diesel_Coaches Standard <=18 t_Euro V,EGR,,0.06,0.5,5,80,2.04E-05,-0.002284775,-0.002216855,5.077149831,0.000178387,-0.027274599,1.103469734,0,1,1,1 
BD_27,Buses_Diesel_Coaches Standard <=18 t_Euro V,EGR,,0.06,1,5,80,3.10E-05,-0.003361559,-0.000604878,6.711534516,0.000252742,-0.03725859,1.446327268,0,1,1,1 
BD_28,Buses_Diesel_Coaches Standard <=18 t_Euro VI,,,-0.06,0,5,70,-0.012047355,0.87553347,0.318798301,0.478410626,0.820063635,0.231564329,0.537908186,0,1,1,1 
BD_28,Buses_Diesel_Coaches Standard <=18 t_Euro VI,,,-0.06,0.5,5,100,0.000306564,-0.053794382,2.390720782,0.376696282,-0.015535439,2.319912619,4.62E-07,0,1,1,1 
BD_28,Buses_Diesel_Coaches Standard <=18 t_Euro VI,,,-0.06,1,5,70,-0.01146387,0.826573225,0.412015782,0.555467587,0.850356754,0.196475607,0.435672652,0,1,1,1 
BD_28,Buses_Diesel_Coaches Standard <=18 t_Euro VI,,,-0.04,0,5,90,-0.009478337,0.913067322,-2.762289835,0.741755727,0.70699943,-2.068314198,0.224220109,0,1,1,1 
BD_28,Buses_Diesel_Coaches Standard <=18 t_Euro VI,,,-0.04,0.5,5,90,-0.010330578,0.9672653,-2.782815979,0.352146912,0.77466036,-2.190249789,-3.24E-09,0,1,1,1 
BD_28,Buses_Diesel_Coaches Standard <=18 t_Euro VI,,,-0.04,1,5,85,-0.001325852,0.13297699,-1.325865049,3.468581956,0.102541345,-1.115694844,3.013028886,0,1,1,1 
BD_28,Buses_Diesel_Coaches Standard <=18 t_Euro VI,,,-0.02,0,5,100,-0.000275353,0.130798307,1.527544155,-0.210837299,0.089112808,1.261673511,2.15E-06,0,1,1,1 
BD_28,Buses_Diesel_Coaches Standard <=18 t_Euro VI,,,-0.02,0.5,5,100,-0.000568195,0.11861367,1.7869492,-0.231081865,0.080393549,1.474030831,2.15E-06,0,1,1,1 
BD_28,Buses_Diesel_Coaches Standard <=18 t_Euro VI,,,-0.02,1,5,100,1.39E-05,-0.003192406,0.176556773,1.98489074,-0.001074899,0.107965729,1.773160652,0,1,1,1 
BD_28,Buses_Diesel_Coaches Standard <=18 t_Euro VI,,,0,0,5,100,4.05E-05,0.00914719,0.048051508,1.81666034,0.005795171,0.025166746,1.418943871,0,1,1,1 
BD_28,Buses_Diesel_Coaches Standard <=18 t_Euro VI,,,0,0.5,5,100,5.93E-05,0.011114821,0.005359002,1.59201199,0.007553776,-0.003276777,1.235005516,0,1,1,1 
BD_28,Buses_Diesel_Coaches Standard <=18 t_Euro VI,,,0,1,5,100,7.31E-05,0.013809491,0.031854581,1.649520667,0.009269969,0.018727084,1.27551549,0,1,1,1 
BD_28,Buses_Diesel_Coaches Standard <=18 t_Euro VI,,,0.02,0,5,100,4.45E-07,-0.000429085,0.03750458,1.455057969,-0.000117861,0.005309828,1.119702016,0,1,1,1 
BD_28,Buses_Diesel_Coaches Standard <=18 t_Euro VI,,,0.02,0.5,5,100,3.18E-07,-0.000437407,0.045857446,1.72747587,-0.000136128,0.007765393,1.322842569,0,1,1,1 
BD_28,Buses_Diesel_Coaches Standard <=18 t_Euro VI,,,0.02,1,5,100,2.05E-06,-0.000281674,0.044164877,1.697661518,-2.97E-05,0.006908732,1.294768273,0,1,1,1 
BD_28,Buses_Diesel_Coaches Standard <=18 t_Euro VI,,,0.04,0,5,100,5.51E-05,0.000280775,-0.074669198,2.286704348,0.002190889,-0.093606303,1.71657086,0,1,1,1 
BD_28,Buses_Diesel_Coaches Standard <=18 t_Euro VI,,,0.04,0.5,5,100,0.000102601,0.000511306,-0.127997029,3.613901518,0.003795708,-0.155687111,2.694369597,0,1,1,1 
BD_28,Buses_Diesel_Coaches Standard <=18 t_Euro VI,,,0.04,1,5,100,-0.000140386,0.005973287,0.808979332,1.31206802,-0.005593294,0.552498753,1.018839213,0,1,1,1 
BD_28,Buses_Diesel_Coaches Standard <=18 t_Euro VI,,,0.06,0,5,95,-0.000188721,0.012569541,0.867728871,-3.515612553,-0.005945265,0.687420932,-2.561613318,0,1,1,1 
BD_28,Buses_Diesel_Coaches Standard <=18 t_Euro VI,,,0.06,0.5,5,85,-0.000386218,0.058839971,2.583433412,0.015599494,-0.00628402,1.88538396,-1.72E-07,0,1,1,1 
BD_28,Buses_Diesel_Coaches Standard <=18 t_Euro VI,,,0.06,1,5,80,1.09E-05,-0.001183045,-0.000160912,2.37176393,0.000297066,-0.043804746,1.703391487,0,1,1,1 
BD_29,Buses_Diesel_Coaches Articulated >18 t_Conventional,,,-0.06,0,12,105,-1.77E-05,0.010388574,1.51010399,-5.061796561,0.001559211,0.030221346,-0.012902716,0,1,1,1 
BD_29,Buses_Diesel_Coaches Articulated >18 t_Conventional,,,-0.06,0.5,12,105,-1.60E-05,0.009816927,1.311414269,-4.404818534,0.001422436,0.028514705,-0.024254459,0,1,1,1 
BD_29,Buses_Diesel_Coaches Articulated >18 t_Conventional,,,-0.06,1,12,105,-1.46E-05,0.009325143,1.142994944,-3.88021622,0.001288696,0.026643735,-0.035627527,0,1,1,1 
BD_29,Buses_Diesel_Coaches Articulated >18 t_Conventional,,,-0.04,0,12,105,2.05E-05,-0.004799466,0.640663059,2.403409224,9.76E-05,0.016925048,0.115600137,0,1,1,1 
BD_29,Buses_Diesel_Coaches Articulated >18 t_Conventional,,,-0.04,0.5,12,105,4.63E-05,-0.010530496,1.486531456,2.238106212,0.000276012,0.040416008,0.160633753,0,1,1,1 
BD_29,Buses_Diesel_Coaches Articulated >18 t_Conventional,,,-0.04,1,12,105,-1.75E-05,0.010170815,2.945070141,-1.690676891,0.002229986,0.064691546,0.230884718,0,1,1,1 
BD_29,Buses_Diesel_Coaches Articulated >18 t_Conventional,,,-0.02,0,12,105,8.64E-05,-0.003505695,1.1957284,3.846216492,0.000217754,0.02904733,0.182741233,0,1,1,1 
BD_29,Buses_Diesel_Coaches Articulated >18 t_Conventional,,,-0.02,0.5,12,105,-1.44E-05,0.021246959,1.450044856,-3.525867787,0.001061363,0.038539796,-0.066960873,0,1,1,1 
BD_29,Buses_Diesel_Coaches Articulated >18 t_Conventional,,,-0.02,1,12,105,-5.46E-17,1.74E-14,2.07441679,9.09E-12,0.000422504,0.063795515,0.004096402,0,1,1,1 
BD_29,Buses_Diesel_Coaches Articulated >18 t_Conventional,,,0,0,12,105,1.21E-05,0.025115066,0.618994513,-6.33717919,0.000569029,0.021297043,-0.200426574,0,1,1,1 
BD_29,Buses_Diesel_Coaches Articulated >18 t_Conventional,,,0,0.5,12,105,2.05E-05,0.04207316,0.991024587,-3.742321556,0.001010802,0.036195899,-0.153941115,0,1,1,1 
BD_29,Buses_Diesel_Coaches Articulated >18 t_Conventional,,,0,1,12,105,4.18E-05,0.078348156,1.004200985,-5.760290135,0.002015493,0.044005165,-0.273922152,0,1,1,1 
BD_29,Buses_Diesel_Coaches Articulated >18 t_Conventional,,,0.02,0,12,105,-9.19E-05,0.037978639,-0.040255834,-3.709961803,0.000853972,0.002893841,-0.126003599,0,1,1,1 
BD_29,Buses_Diesel_Coaches Articulated >18 t_Conventional,,,0.02,0.5,12,103,1.80E-06,0.001759157,0.323878838,2.263991318,4.60E-05,0.009666971,0.065814342,0,1,1,1 
BD_29,Buses_Diesel_Coaches Articulated >18 t_Conventional,,,0.02,1,12,99,5.15E-06,0.000985334,0.312474802,2.617384433,1.79E-06,0.010647838,0.0706058,0,1,1,1 
BD_29,Buses_Diesel_Coaches Articulated >18 t_Conventional,,,0.04,0,12,100,5.77E-06,0.00130744,0.273037972,2.224849649,3.46E-05,0.008543488,0.050948867,0,1,1,1 
BD_29,Buses_Diesel_Coaches Articulated >18 t_Conventional,,,0.04,0.5,12,86,0.000114644,0.010596817,0.280357667,-4.043775187,0.000482119,0.005691287,-0.107013814,0,1,1,1 
BD_29,Buses_Diesel_Coaches Articulated >18 t_Conventional,,,0.04,1,12,75,9.06E-06,0.001758514,0.442190665,3.200578403,-1.50E-05,0.014850187,0.090368191,0,1,1,1 
BD_29,Buses_Diesel_Coaches Articulated >18 t_Conventional,,,0.06,0,12,81,0.000285565,0.02593089,0.919471599,-6.646832935,0.001178446,0.020171845,-0.164598441,0,1,1,1 
BD_29,Buses_Diesel_Coaches Articulated >18 t_Conventional,,,0.06,0.5,12,67,8.15E-06,0.002219206,0.571148437,3.750620922,-1.54E-05,0.018304813,0.112376067,0,1,1,1 
BD_29,Buses_Diesel_Coaches Articulated >18 t_Conventional,,,0.06,1,12,57,0.000472954,0.139427858,2.240742423,3.696141142,0.00223795,0.133646942,-0.381759494,0,1,1,1 
BD_30,Buses_Diesel_Coaches Articulated >18 t_Euro I,,,-0.06,0,12,105,4.68E-05,-0.009943497,1.105479742,3.361466557,0.000394222,0.038309046,0.220229861,0,1,1,1 
BD_30,Buses_Diesel_Coaches Articulated >18 t_Euro I,,,-0.06,0.5,12,105,0.000106403,-0.021276642,2.643217093,0.855747729,0.001095628,0.094590072,0.207240527,0,1,1,1 
BD_30,Buses_Diesel_Coaches Articulated >18 t_Euro I,,,-0.06,1,12,105,-3.99E-17,9.84E-15,2.672565424,1.73E-11,0.002700202,0.086133393,0.248615095,0,1,1,1 
BD_30,Buses_Diesel_Coaches Articulated >18 t_Euro I,,,-0.04,0,12,105,1.28E-05,-0.005114507,0.612748266,4.998395607,9.22E-05,0.021231499,0.226533071,0,1,1,1 
BD_30,Buses_Diesel_Coaches Articulated >18 t_Euro I,,,-0.04,0.5,12,105,1.42E-05,-0.005581448,0.651032048,5.433184158,0.000113796,0.023598645,0.25485436,0,1,1,1 
BD_30,Buses_Diesel_Coaches Articulated >18 t_Euro I,,,-0.04,1,12,105,2.25E-05,-0.006243223,0.708436367,3.279094572,0.000166712,0.024186927,0.189205172,0,1,1,1 
BD_30,Buses_Diesel_Coaches Articulated >18 t_Euro I,,,-0.02,0,12,105,-3.41E-06,0.0411773,2.003724386,-3.263134112,0.001614083,0.073549536,-0.104006786,0,1,1,1 
BD_30,Buses_Diesel_Coaches Articulated >18 t_Euro I,,,-0.02,0.5,12,105,2.46E-06,-0.001502003,0.312465415,2.633291773,-1.26E-05,0.01141302,0.105012099,0,1,1,1 
BD_30,Buses_Diesel_Coaches Articulated >18 t_Euro I,,,-0.02,1,12,105,2.91E-06,-0.00169985,0.342169532,2.835851561,1.01E-05,0.012598548,0.113651627,0,1,1,1 
BD_30,Buses_Diesel_Coaches Articulated >18 t_Euro I,,,0,0,12,105,1.31E-05,0.017126625,0.311539659,-3.374262232,0.000410361,0.014908745,-0.138090454,0,1,1,1 
BD_30,Buses_Diesel_Coaches Articulated >18 t_Euro I,,,0,0.5,12,105,1.38E-05,0.0176586,0.395068563,-3.383725035,0.00042771,0.018193869,-0.140335528,0,1,1,1 
BD_30,Buses_Diesel_Coaches Articulated >18 t_Euro I,,,0,1,12,105,2.43E-05,0.029355149,0.709891092,-4.481787145,0.000708648,0.032938912,-0.197603587,0,1,1,1 
BD_30,Buses_Diesel_Coaches Articulated >18 t_Euro I,,,0.02,0,12,105,-5.42E-07,-0.000110328,0.120307094,2.380026274,-6.88E-06,0.002842467,0.0948155,0,1,1,1 
BD_30,Buses_Diesel_Coaches Articulated >18 t_Euro I,,,0.02,0.5,12,104,-2.01E-18,3.74E-16,3.98213875,-8.43E-13,-0.000499914,0.128769402,0.154137129,0,1,1,1 
BD_30,Buses_Diesel_Coaches Articulated >18 t_Euro I,,,0.02,1,12,100,4.86E-06,0.002978633,0.576800655,4.332394345,-4.21E-05,0.01958961,0.171100223,0,1,1,1 
BD_30,Buses_Diesel_Coaches Articulated >18 t_Euro I,,,0.04,0,12,101,1.57E-05,0.005139116,1.091856752,7.506192882,-7.41E-05,0.03736606,0.250001595,0,1,1,1 
BD_30,Buses_Diesel_Coaches Articulated >18 t_Euro I,,,0.04,0.5,12,90,2.39E-05,0.011564091,0.397680111,2.486264311,7.90E-05,0.01925248,0.047859614,0,1,1,1 
BD_30,Buses_Diesel_Coaches Articulated >18 t_Euro I,,,0.04,1,12,78,0.000590815,-0.009473588,0.69415073,4.59183854,0.000577866,0.000542816,0.319124205,0,1,1,1 
BD_30,Buses_Diesel_Coaches Articulated >18 t_Euro I,,,0.06,0,12,86,0.000615694,0.197755305,3.128819833,0.144351897,0.002498112,0.201097088,-0.627936172,0,1,1,1 
BD_30,Buses_Diesel_Coaches Articulated >18 t_Euro I,,,0.06,0.5,12,71,4.14E-05,0.01607232,1.828209186,10.7352619,-0.000185932,0.057093578,0.456229542,0,1,1,1 
BD_30,Buses_Diesel_Coaches Articulated >18 t_Euro I,,,0.06,1,12,59,1.83E-05,0.039359485,0.451055543,5.349080523,3.39E-05,0.036505773,0.062941817,0,1,1,1 
BD_31,Buses_Diesel_Coaches Articulated >18 t_Euro II,,,-0.06,0,12,105,-1.27E-05,0.007032277,1.176089568,-3.998495184,0.001962327,0.03689787,0.026128175,0,1,1,1 
BD_31,Buses_Diesel_Coaches Articulated >18 t_Euro II,,,-0.06,0.5,12,105,-1.19E-05,0.006836254,1.051815087,-3.541648333,0.001827695,0.035600374,0.011261801,0,1,1,1 
BD_31,Buses_Diesel_Coaches Articulated >18 t_Euro II,,,-0.06,1,12,105,-1.19E-05,0.007207905,0.987599311,-3.293072409,0.001782847,0.036392728,-0.010401492,0,1,1,1 
BD_31,Buses_Diesel_Coaches Articulated >18 t_Euro II,,,-0.04,0,12,105,-8.92E-06,0.004966072,2.366054849,-0.605636664,0.002466593,0.07824607,0.441119537,0,1,1,1 
BD_31,Buses_Diesel_Coaches Articulated >18 t_Euro II,,,-0.04,0.5,12,105,-4.76E-15,1.22E-12,2.336532622,9.34E-10,0.002071026,0.087663205,0.412665636,0,1,1,1 
BD_31,Buses_Diesel_Coaches Articulated >18 t_Euro II,,,-0.04,1,12,105,-1.04E-05,0.005819846,2.420257784,-0.777086566,0.002805681,0.086430461,0.439615128,0,1,1,1 
BD_31,Buses_Diesel_Coaches Articulated >18 t_Euro II,,,-0.02,0,12,105,2.73E-05,-0.00184031,0.505042184,2.180059491,0.000108186,0.0201147,0.182659941,0,1,1,1 
BD_31,Buses_Diesel_Coaches Articulated >18 t_Euro II,,,-0.02,0.5,12,105,5.69E-05,-0.00631371,2.500291157,-0.500144389,0.000529202,0.110715886,0.205856528,0,1,1,1 
BD_31,Buses_Diesel_Coaches Articulated >18 t_Euro II,,,-0.02,1,12,105,1.49E-05,-0.004056219,0.818180076,2.07615675,7.79E-05,0.037801842,0.182408328,0,1,1,1 
BD_31,Buses_Diesel_Coaches Articulated >18 t_Euro II,,,0,0,12,105,0.000210586,0.148524432,4.136833929,0.710012818,0.006124974,0.201330178,0.36360936,0,1,1,1 
BD_31,Buses_Diesel_Coaches Articulated >18 t_Euro II,,,0,0.5,12,105,5.36E-06,0.010532055,0.596477771,2.550320265,0.000381231,0.029079548,0.173620708,0,1,1,1 
BD_31,Buses_Diesel_Coaches Articulated >18 t_Euro II,,,0,1,12,105,9.21E-06,0.010120056,0.513435264,2.105150436,0.000387113,0.025804791,0.141961708,0,1,1,1 
BD_31,Buses_Diesel_Coaches Articulated >18 t_Euro II,,,0.02,0,12,105,3.23E-05,-0.00079246,0.839015464,2.46025347,7.48E-05,0.029605257,0.244453789,0,1,1,1 
BD_31,Buses_Diesel_Coaches Articulated >18 t_Euro II,,,0.02,0.5,12,105,8.69E-05,-0.00069598,0.806986828,2.867744973,0.000222015,0.026048749,0.281062556,0,1,1,1 
BD_31,Buses_Diesel_Coaches Articulated >18 t_Euro II,,,0.02,1,12,103,0.000195959,-0.001126002,1.112886994,4.443486186,0.000456164,0.032969409,0.437573931,0,1,1,1 
BD_31,Buses_Diesel_Coaches Articulated >18 t_Euro II,,,0.04,0,12,102,0.000336113,-0.006456399,1.425819406,6.818290224,0.000742776,0.031107266,0.638008572,0,1,1,1 
BD_31,Buses_Diesel_Coaches Articulated >18 t_Euro II,,,0.04,0.5,12,94,1.51E-05,0.003968673,0.674349441,3.863931163,-8.59E-05,0.034524486,0.192705506,0,1,1,1 
BD_31,Buses_Diesel_Coaches Articulated >18 t_Euro II,,,0.04,1,12,81,1.67E-05,0.005262203,0.734934924,5.784397866,-0.000100689,0.03498159,0.323181418,0,1,1,1 
BD_31,Buses_Diesel_Coaches Articulated >18 t_Euro II,,,0.06,0,12,88,1.59E-05,0.003958253,0.630971836,3.359610811,-8.49E-05,0.032064322,0.166874297,0,1,1,1 
BD_31,Buses_Diesel_Coaches Articulated >18 t_Euro II,,,0.06,0.5,12,75,4.27E-18,-2.16E-16,2.502822158,1.20E-12,-0.000833368,0.112266879,0.173534921,0,1,1,1 
BD_31,Buses_Diesel_Coaches Articulated >18 t_Euro II,,,0.06,1,12,62,-3.09E-06,0.014723814,1.488010699,6.722799665,-0.00023096,0.063805449,0.511724145,0,1,1,1 
BD_32,Buses_Diesel_Coaches Articulated >18 t_Euro III,,,-0.06,0,12,105,7.38E-17,-2.08E-14,3.107189085,6.78E-11,0.002713953,0.168605953,-0.117115872,0,1,1,1 
BD_32,Buses_Diesel_Coaches Articulated >18 t_Euro III,,,-0.06,0.5,12,105,1.76E-06,-0.000378028,0.082206968,3.761968174,2.68E-05,0.009315085,0.192043884,0,1,1,1 
BD_32,Buses_Diesel_Coaches Articulated >18 t_Euro III,,,-0.06,1,12,105,-6.21E-06,0.003160635,0.341263295,-4.196623357,0.000670693,0.012675761,-0.225176803,0,1,1,1 
BD_32,Buses_Diesel_Coaches Articulated >18 t_Euro III,,,-0.04,0,12,105,-1.44E-05,0.000990162,0.720631368,-4.858044271,0.000518426,0.029866009,-0.219692965,0,1,1,1 
BD_32,Buses_Diesel_Coaches Articulated >18 t_Euro III,,,-0.04,0.5,12,105,2.00E-06,-0.001751024,0.420923797,3.544271027,0.000135206,0.025096835,0.159462122,0,1,1,1 
BD_32,Buses_Diesel_Coaches Articulated >18 t_Euro III,,,-0.04,1,12,105,-8.50E-05,0.015422537,0.862496089,-5.860565017,0.001739722,0.035008296,-0.275276179,0,1,1,1 
BD_32,Buses_Diesel_Coaches Articulated >18 t_Euro III,,,-0.02,0,12,105,2.64E-06,0.00692449,0.524939222,3.046741029,0.000424994,0.027215941,0.125362863,0,1,1,1 
BD_32,Buses_Diesel_Coaches Articulated >18 t_Euro III,,,-0.02,0.5,12,105,7.63E-18,-3.96E-15,2.341838311,5.01E-12,0.000514223,0.118707209,-0.050534316,0,1,1,1 
BD_32,Buses_Diesel_Coaches Articulated >18 t_Euro III,,,-0.02,1,12,105,-6.27E-19,1.80E-16,2.838390935,-1.74E-12,0.000876463,0.147216031,-0.091064225,0,1,1,1 
BD_32,Buses_Diesel_Coaches Articulated >18 t_Euro III,,,0,0,12,105,9.68E-06,0.028107774,0.939627002,-4.133592513,0.001125408,0.049680282,-0.222570061,0,1,1,1 
BD_32,Buses_Diesel_Coaches Articulated >18 t_Euro III,,,0,0.5,12,105,1.57E-05,0.034339339,1.163812927,-3.107068358,0.00138038,0.066008376,-0.224085378,0,1,1,1 
BD_32,Buses_Diesel_Coaches Articulated >18 t_Euro III,,,0,1,12,105,2.31E-05,0.043419129,1.417267388,-3.636486216,0.001758471,0.084959102,-0.301967536,0,1,1,1 
BD_32,Buses_Diesel_Coaches Articulated >18 t_Euro III,,,0.02,0,12,105,1.72E-05,0.040698142,0.515807559,-3.481409588,0.001646199,0.032318984,-0.22216281,0,1,1,1 
BD_32,Buses_Diesel_Coaches Articulated >18 t_Euro III,,,0.02,0.5,12,105,-1.38E-17,-2.21E-15,2.53037492,8.84E-12,-0.000343223,0.128820903,-0.041189497,0,1,1,1 
BD_32,Buses_Diesel_Coaches Articulated >18 t_Euro III,,,0.02,1,12,104,-1.02E-16,-9.17E-15,2.74268114,2.74E-11,-0.000557209,0.147802402,-0.098188563,0,1,1,1 
BD_32,Buses_Diesel_Coaches Articulated >18 t_Euro III,,,0.04,0,12,104,-1.23E-17,-9.96E-16,2.941063264,3.62E-12,-0.000585109,0.154533067,-0.143671473,0,1,1,1 
BD_32,Buses_Diesel_Coaches Articulated >18 t_Euro III,,,0.04,0.5,12,97,1.19E-05,0.001602963,0.377184766,3.357949541,-4.94E-05,0.021738268,0.124866213,0,1,1,1 
BD_32,Buses_Diesel_Coaches Articulated >18 t_Euro III,,,0.04,1,12,86,3.47E-05,0.014679807,0.423004619,2.987900173,0.000253027,0.034160314,0.034068427,0,1,1,1 
BD_32,Buses_Diesel_Coaches Articulated >18 t_Euro III,,,0.06,0,12,90,-5.95E-07,0.002538975,0.145635716,3.500611832,-4.83E-06,0.010309378,0.135846613,0,1,1,1 
BD_32,Buses_Diesel_Coaches Articulated >18 t_Euro III,,,0.06,0.5,12,78,4.22E-05,0.015299396,0.36377047,2.735706213,0.000242605,0.031304287,0.02732128,0,1,1,1 
BD_32,Buses_Diesel_Coaches Articulated >18 t_Euro III,,,0.06,1,12,66,0.001120789,0.227606045,2.655854643,-6.472939378,0.00487782,0.299227312,-1.484117966,0,1,1,1 
BD_33,Buses_Diesel_Coaches Articulated >18 t_Euro IV,,,-0.06,0,12,105,-2.68E-06,0.001024116,1.367589307,-3.940400192,0.027971077,0.224575009,0.538424539,0,1,1,1 
BD_33,Buses_Diesel_Coaches Articulated >18 t_Euro IV,,,-0.06,0.5,12,105,-1.19E-06,0.000399976,1.330213857,-3.923372091,0.027516873,0.216072338,0.794338674,0,1,1,1 
BD_33,Buses_Diesel_Coaches Articulated >18 t_Euro IV,,,-0.06,1,12,105,-1.47E-06,0.000517257,1.203310968,-3.615906518,0.02546145,0.20807076,0.743409818,0,1,1,1 
BD_33,Buses_Diesel_Coaches Articulated >18 t_Euro IV,,,-0.04,0,12,105,5.55E-06,-0.002002415,0.199698349,4.085839944,0.000880269,0.104676319,1.808833568,0,1,1,1 
BD_33,Buses_Diesel_Coaches Articulated >18 t_Euro IV,,,-0.04,0.5,12,105,-5.71E-06,0.002387043,1.268775954,-4.018071298,0.021319731,0.223139715,0.366399054,0,1,1,1 
BD_33,Buses_Diesel_Coaches Articulated >18 t_Euro IV,,,-0.04,1,12,105,1.27E-07,5.06E-07,-0.019303413,3.720853746,8.53E-05,0.017939401,1.67684887,0,1,1,1 
BD_33,Buses_Diesel_Coaches Articulated >18 t_Euro IV,,,-0.02,0,12,105,-1.07E-05,0.011022022,0.666356223,-3.868299127,0.009617976,0.202847489,-1.300624636,0,1,1,1 
BD_33,Buses_Diesel_Coaches Articulated >18 t_Euro IV,,,-0.02,0.5,12,105,1.11E-12,-3.52E-10,2.647258174,1.54E-06,0.011216188,1.101433454,-0.355366934,0,1,1,1 
BD_33,Buses_Diesel_Coaches Articulated >18 t_Euro IV,,,-0.02,1,12,105,-5.28E-17,1.54E-14,2.255695135,3.28E-11,0.011769476,0.833481908,1.029083324,0,1,1,1 
BD_33,Buses_Diesel_Coaches Articulated >18 t_Euro IV,,,0,0,12,105,8.52E-06,0.001418189,0.444745097,3.990596688,-0.000208591,0.209927406,1.371996951,0,1,1,1 
BD_33,Buses_Diesel_Coaches Articulated >18 t_Euro IV,,,0,0.5,12,105,4.67E-06,0.001124821,0.321873789,2.668136164,-0.000180388,0.14442161,1.012194318,0,1,1,1 
BD_33,Buses_Diesel_Coaches Articulated >18 t_Euro IV,,,0,1,12,105,3.23E-06,0.001656483,0.452294326,3.128685441,-0.000290304,0.190326572,1.334405219,0,1,1,1 
BD_33,Buses_Diesel_Coaches Articulated >18 t_Euro IV,,,0.02,0,12,105,4.09E-05,0.006187614,0.908091914,4.785346047,-0.001252847,0.401502148,1.781416398,0,1,1,1 
BD_33,Buses_Diesel_Coaches Articulated >18 t_Euro IV,,,0.02,0.5,12,105,1.09E-05,0.002389042,0.299761258,3.06264681,-0.000324357,0.105559171,1.425998974,0,1,1,1 
BD_33,Buses_Diesel_Coaches Articulated >18 t_Euro IV,,,0.02,1,12,104,2.74E-05,0.00526651,0.235572533,3.041114954,0.000333918,0.086467044,1.339505425,0,1,1,1 
BD_33,Buses_Diesel_Coaches Articulated >18 t_Euro IV,,,0.04,0,12,104,0.000162398,0.040876248,0.362006035,3.799954467,0.002940648,0.388266404,-0.064485825,0,1,1,1 
BD_33,Buses_Diesel_Coaches Articulated >18 t_Euro IV,,,0.04,0.5,12,98,0.00032311,0.082615438,0.280408418,-5.443650455,0.007984874,0.539689263,-4.151153036,0,1,1,1 
BD_33,Buses_Diesel_Coaches Articulated >18 t_Euro IV,,,0.04,1,12,89,9.82E-06,0.008267661,0.481997944,2.445615556,0.000457326,0.094399671,1.826844861,0,1,1,1 
BD_33,Buses_Diesel_Coaches Articulated >18 t_Euro IV,,,0.06,0,12,91,-0.000183894,0.014864446,0.292681387,-4.122276934,-0.001894704,0.204997281,-1.773074475,0,1,1,1 
BD_33,Buses_Diesel_Coaches Articulated >18 t_Euro IV,,,0.06,0.5,12,79,-0.000168461,0.007924596,0.617041645,-3.450228091,-0.001852878,0.176414697,-0.351449385,0,1,1,1 
BD_33,Buses_Diesel_Coaches Articulated >18 t_Euro IV,,,0.06,1,12,69,-0.000328284,0.019417647,0.379015272,-6.19050875,-0.003092119,0.25841435,-2.489716989,0,1,1,1 
BD_34,Buses_Diesel_Coaches Articulated >18 t_Euro V,SCR,,-0.06,0,5,100,-0.000319078,0.04318874,-0.423462563,1.476444454,0.05938208,-0.651894305,2.430377109,0,1,1,1 
BD_34,Buses_Diesel_Coaches Articulated >18 t_Euro V,SCR,,-0.06,0.5,5,100,-0.00191677,0.234977886,-1.595302068,3.347390116,0.321162344,-2.302733043,5.14797376,0,1,1,1 
BD_34,Buses_Diesel_Coaches Articulated >18 t_Euro V,SCR,,-0.06,1,5,100,-0.001644129,0.201010852,-1.391675897,2.825621634,0.282049671,-2.06516444,4.422918238,0,1,1,1 
BD_34,Buses_Diesel_Coaches Articulated >18 t_Euro V,SCR,,-0.04,0,5,100,-0.001508721,0.184131321,-0.184455839,-1.071387046,0.184641921,0.278944391,-2.498120335,0,1,1,1 
BD_34,Buses_Diesel_Coaches Articulated >18 t_Euro V,SCR,,-0.04,0.5,5,100,-0.000561905,0.074128966,-0.291689607,1.404550709,0.084142285,-0.339004758,2.180428726,0,1,1,1 
BD_34,Buses_Diesel_Coaches Articulated >18 t_Euro V,SCR,,-0.04,1,5,100,-0.000894889,0.119810374,-0.628420858,1.928640166,0.139290773,-0.757944043,2.844776286,0,1,1,1 
BD_34,Buses_Diesel_Coaches Articulated >18 t_Euro V,SCR,,-0.02,0,5,100,-0.000457278,0.160398477,-0.144090966,-1.518947128,0.128092155,0.494838143,-3.425037619,0,1,1,1 
BD_34,Buses_Diesel_Coaches Articulated >18 t_Euro V,SCR,,-0.02,0.5,5,100,-0.000741998,0.158082828,-0.068754939,-1.15142032,0.126366873,0.514753836,-2.603580795,0,1,1,1 
BD_34,Buses_Diesel_Coaches Articulated >18 t_Euro V,SCR,,-0.02,1,5,100,-0.00077931,0.148769344,0.375684517,0.870000839,0.124649307,0.776037242,1.487108163,0,1,1,1 
BD_34,Buses_Diesel_Coaches Articulated >18 t_Euro V,SCR,,0,0,5,100,0.002292066,0.40019504,0.372200501,0.614883137,0.322781797,1.47613922,6.15E-06,0,1,1,1 
BD_34,Buses_Diesel_Coaches Articulated >18 t_Euro V,SCR,,0,0.5,5,100,0.003173308,0.477286211,0.041841789,0.886911818,0.398716105,1.186199663,0.155368907,0,1,1,1 
BD_34,Buses_Diesel_Coaches Articulated >18 t_Euro V,SCR,,0,1,5,100,0.003580945,0.518223105,-0.117744264,0.936467004,0.429316306,1.11126374,2.01E-06,0,1,1,1 
BD_34,Buses_Diesel_Coaches Articulated >18 t_Euro V,SCR,,0.02,0,5,100,0.008731256,0.603841571,-0.544508815,1.097988228,0.541557653,0.584117498,7.72E-06,0,1,1,1 
BD_34,Buses_Diesel_Coaches Articulated >18 t_Euro V,SCR,,0.02,0.5,5,100,0.0043881,0.205711992,-0.581540858,1.674181386,0.213698858,-0.458867845,1.870305418,0,1,1,1 
BD_34,Buses_Diesel_Coaches Articulated >18 t_Euro V,SCR,,0.02,1,5,100,0.005263428,0.194248341,-0.682868016,1.592449923,0.215511117,-0.641070667,1.778330958,0,1,1,1 
BD_34,Buses_Diesel_Coaches Articulated >18 t_Euro V,SCR,,0.04,0,5,100,-9.52E-05,0.006210615,0.616211682,2.355405614,-0.004093066,0.439348325,3.840760088,0,1,1,1 
BD_34,Buses_Diesel_Coaches Articulated >18 t_Euro V,SCR,,0.04,0.5,5,95,0.000482422,0.007951219,1.222667862,7.39104971,0.008235268,0.465115317,11.56088546,0,1,1,1 
BD_34,Buses_Diesel_Coaches Articulated >18 t_Euro V,SCR,,0.04,1,5,85,0.000499993,-0.000162851,0.198893241,2.067981319,0.009665198,-0.059195914,3.135752385,0,1,1,1 
BD_34,Buses_Diesel_Coaches Articulated >18 t_Euro V,SCR,,0.06,0,5,85,0.001456531,-0.001748285,-0.192311198,2.108496907,0.031244145,-0.49669586,2.992084005,0,1,1,1 
BD_34,Buses_Diesel_Coaches Articulated >18 t_Euro V,SCR,,0.06,0.5,5,75,-0.000225836,0.012559734,0.627897226,2.672050062,-0.005160566,0.398919079,3.953581209,0,1,1,1 
BD_34,Buses_Diesel_Coaches Articulated >18 t_Euro V,SCR,,0.06,1,5,65,-0.001636046,0.104471073,1.602154228,1.489759002,-0.023199619,1.843870003,2.244632337,0,1,1,1 
BD_34,Buses_Diesel_Coaches Articulated >18 t_Euro V,EGR,,-0.06,0,5,70,-0.0006217,0.056586562,-0.845801723,3.467404311,0.012079756,-0.210148966,0.909282915,0,1,1,1 
BD_34,Buses_Diesel_Coaches Articulated >18 t_Euro V,EGR,,-0.06,0.5,5,70,-0.009669597,0.730753417,-2.065643202,-0.639093608,0.197204606,-0.638263861,-5.07E-11,0,1,1,1 
BD_34,Buses_Diesel_Coaches Articulated >18 t_Euro V,EGR,,-0.06,1,5,100,0.000211675,-0.041701197,2.224390411,-6.471972665,0.000855182,0.540939044,-1.671173994,0,1,1,1 
BD_34,Buses_Diesel_Coaches Articulated >18 t_Euro V,EGR,,-0.04,0,5,90,-0.009647893,0.92471792,-3.143086518,1.653828,0.199754142,-0.676055991,0.303786866,0,1,1,1 
BD_34,Buses_Diesel_Coaches Articulated >18 t_Euro V,EGR,,-0.04,0.5,5,90,-0.000470722,0.049667574,-0.650697832,2.340343768,0.010295735,-0.150358865,0.562940806,0,1,1,1 
BD_34,Buses_Diesel_Coaches Articulated >18 t_Euro V,EGR,,-0.04,1,5,85,-0.005785902,0.527651912,-2.220889238,2.054004489,0.122328132,-0.533523994,0.49817286,0,1,1,1 
BD_34,Buses_Diesel_Coaches Articulated >18 t_Euro V,EGR,,-0.02,0,5,100,-0.000588825,0.160706113,2.090703956,-0.252558219,0.02956934,0.47655423,4.86E-11,0,1,1,1 
BD_34,Buses_Diesel_Coaches Articulated >18 t_Euro V,EGR,,-0.02,0.5,5,100,1.92E-05,-0.004885797,0.276078996,2.441034625,-0.0005359,0.049263443,0.598501218,0,1,1,1 
BD_34,Buses_Diesel_Coaches Articulated >18 t_Euro V,EGR,,-0.02,1,5,100,-0.001556853,0.213884145,1.913840805,0.62939415,0.041643236,0.460702927,0.156096334,0,1,1,1 
BD_34,Buses_Diesel_Coaches Articulated >18 t_Euro V,EGR,,0,0,5,100,7.54E-05,0.016665927,0.086336539,2.752767816,0.00290044,0.014207938,0.587313736,0,1,1,1 
BD_34,Buses_Diesel_Coaches Articulated >18 t_Euro V,EGR,,0,0.5,5,100,0.000165833,0.04557071,0.349888122,2.245793238,0.007233232,0.086287785,0.4302249,0,1,1,1 
BD_34,Buses_Diesel_Coaches Articulated >18 t_Euro V,EGR,,0,1,5,100,0.000166726,0.022934042,-0.24957208,2.404065238,0.004940478,-0.054679482,0.505884973,0,1,1,1 
BD_34,Buses_Diesel_Coaches Articulated >18 t_Euro V,EGR,,0.02,0,5,100,3.58E-07,-0.000654719,0.063572054,2.377823672,-5.56E-05,0.002891231,0.500596721,0,1,1,1 
BD_34,Buses_Diesel_Coaches Articulated >18 t_Euro V,EGR,,0.02,0.5,5,100,7.12E-06,-0.000176336,0.042588382,2.152106112,5.99E-05,-0.000320429,0.449216349,0,1,1,1 
BD_34,Buses_Diesel_Coaches Articulated >18 t_Euro V,EGR,,0.02,1,5,100,1.84E-05,2.24E-05,-0.031498771,1.702675731,0.000232524,-0.012742532,0.350482502,0,1,1,1 
BD_34,Buses_Diesel_Coaches Articulated >18 t_Euro V,EGR,,0.04,0,5,100,7.10E-05,0.000321983,-0.090818883,2.641540625,0.000735205,-0.030717179,0.541834775,0,1,1,1 
BD_34,Buses_Diesel_Coaches Articulated >18 t_Euro V,EGR,,0.04,0.5,5,95,-0.0002799,0.013471525,1.580526258,3.153971093,-0.002891089,0.295666383,0.654767215,0,1,1,1 
BD_34,Buses_Diesel_Coaches Articulated >18 t_Euro V,EGR,,0.04,1,5,85,-0.000388461,0.037896717,2.053561094,-5.77124337,-0.002700665,0.436761244,-1.151829976,0,1,1,1 
BD_34,Buses_Diesel_Coaches Articulated >18 t_Euro V,EGR,,0.06,0,5,85,-0.000330081,0.023543924,1.641917697,4.424768987,-0.002427053,0.302639437,0.892958456,0,1,1,1 
BD_34,Buses_Diesel_Coaches Articulated >18 t_Euro V,EGR,,0.06,0.5,5,75,1.36E-05,-0.001361951,-0.002221556,2.730969334,0.000103139,-0.014228453,0.536031539,0,1,1,1 
BD_34,Buses_Diesel_Coaches Articulated >18 t_Euro V,EGR,,0.06,1,5,65,-0.001344823,0.078355841,4.051791902,0.111274019,-0.007761483,0.792539274,-1.51E-09,0,1,1,1 
BD_35,Buses_Diesel_Coaches Articulated >18 t_Euro VI,,,-0.06,0,5,100,0.000227712,-0.04021042,1.79929629,0.221586051,-0.01049597,1.562636589,1.51E-07,0,1,1,1 
BD_35,Buses_Diesel_Coaches Articulated >18 t_Euro VI,,,-0.06,0.5,5,70,-0.011898647,0.858237416,0.412005246,0.57567817,0.808614027,0.172510434,0.426371354,0,1,1,1 
BD_35,Buses_Diesel_Coaches Articulated >18 t_Euro VI,,,-0.06,1,5,100,0.000262534,-0.045361081,2.016261041,0.320900635,-0.009363173,1.866414761,2.53E-07,0,1,1,1 
BD_35,Buses_Diesel_Coaches Articulated >18 t_Euro VI,,,-0.04,0,5,90,-0.008053797,0.771679769,-2.609910964,1.345164191,0.555656327,-1.869975641,0.816502669,0,1,1,1 
BD_35,Buses_Diesel_Coaches Articulated >18 t_Euro VI,,,-0.04,0.5,5,85,-0.007953457,0.72550021,-2.100088723,0.079319007,0.546623987,-1.587486627,-0.063576506,0,1,1,1 
BD_35,Buses_Diesel_Coaches Articulated >18 t_Euro VI,,,-0.04,1,5,85,-0.00407783,0.385392231,-2.672152907,3.16679643,0.289950567,-2.162537876,2.621643979,0,1,1,1 
BD_35,Buses_Diesel_Coaches Articulated >18 t_Euro VI,,,-0.02,0,5,100,-0.000506769,0.138325856,1.796682968,-0.216633777,0.084836626,1.365335484,3.64E-06,0,1,1,1 
BD_35,Buses_Diesel_Coaches Articulated >18 t_Euro VI,,,-0.02,0.5,5,100,1.61E-05,-0.003690907,0.201704767,2.354813994,-0.001134181,0.112445062,1.919855093,0,1,1,1 
BD_35,Buses_Diesel_Coaches Articulated >18 t_Euro VI,,,-0.02,1,5,100,7.71E-06,-0.001768134,0.090826811,1.364345913,-0.000593925,0.055779093,1.084126018,0,1,1,1 
BD_35,Buses_Diesel_Coaches Articulated >18 t_Euro VI,,,0,0,5,100,5.47E-05,0.01207068,0.061896975,1.986522148,0.007006189,0.033921977,1.412719927,0,1,1,1 
BD_35,Buses_Diesel_Coaches Articulated >18 t_Euro VI,,,0,0.5,5,100,0.000130657,0.035412911,0.566807063,3.625470011,0.018145616,0.390299518,2.564031044,0,1,1,1 
BD_35,Buses_Diesel_Coaches Articulated >18 t_Euro VI,,,0,1,5,100,0.000218881,0.0303316,-0.317360355,3.131898172,0.02168354,-0.231767276,2.196653512,0,1,1,1 
BD_35,Buses_Diesel_Coaches Articulated >18 t_Euro VI,,,0.02,0,5,100,2.10E-07,-0.000391345,0.038110564,1.421407594,-0.000111154,0.005823156,0.997511606,0,1,1,1 
BD_35,Buses_Diesel_Coaches Articulated >18 t_Euro VI,,,0.02,0.5,5,100,5.21E-06,-0.000139283,0.034688838,1.655854924,0.000138492,0.000375648,1.15238531,0,1,1,1 
BD_35,Buses_Diesel_Coaches Articulated >18 t_Euro VI,,,0.02,1,5,100,1.47E-05,3.03E-05,-0.023038108,1.36842803,0.0006162,-0.032749767,0.939308904,0,1,1,1 
BD_35,Buses_Diesel_Coaches Articulated >18 t_Euro VI,,,0.04,0,5,100,0.000124749,0.000569618,-0.159208465,4.635441121,0.004305442,-0.179624537,3.169544867,0,1,1,1 
BD_35,Buses_Diesel_Coaches Articulated >18 t_Euro VI,,,0.04,0.5,5,100,-0.000149344,0.0074294,0.857827804,1.67955171,-0.005142909,0.534908881,1.163876441,0,1,1,1 
BD_35,Buses_Diesel_Coaches Articulated >18 t_Euro VI,,,0.04,1,5,90,-0.000301775,0.039731166,1.806123016,-8.669399603,-0.005974719,1.344906607,-5.789430367,0,1,1,1 
BD_35,Buses_Diesel_Coaches Articulated >18 t_Euro VI,,,0.06,0,5,90,-0.000342773,0.031218715,1.896559292,4.042103995,-0.00770841,1.18673389,2.718607163,0,1,1,1 
BD_35,Buses_Diesel_Coaches Articulated >18 t_Euro VI,,,0.06,0.5,5,75,2.11E-05,-0.002176788,-0.001759475,4.360089339,0.000530798,-0.07472436,2.852575501,0,1,1,1 
BD_35,Buses_Diesel_Coaches Articulated >18 t_Euro VI,,,0.06,1,5,70,-0.000813596,0.071350865,3.142243119,0.081956933,-0.013832002,2.048564484,2.46E-08,0,1,1,1 
BCNG_1,Buses_CNG_Urban CNG Buses_Euro I,,Urban Peak,,,6,75,0,0,7,0,0,0,1,0,1,1,1 
BCNG_1,Buses_CNG_Urban CNG Buses_Euro I,,Urban Off Peak,,,6,75,0,0,7,0,0,0,1,0,1,1,1 
BCNG_1,Buses_CNG_Urban CNG Buses_Euro I,,Rural,,,6,75,0,0,7,0,0,0,1,0,1,1,1 
BCNG_1,Buses_CNG_Urban CNG Buses_Euro I,,Highway,,,6,75,0,0,7,0,0,0,1,0,1,1,1 
BCNG_2,Buses_CNG_Urban CNG Buses_Euro II,,Urban Peak,,,6,75,0,0,4.7,0,0,0,1,0,1,1,1 
BCNG_2,Buses_CNG_Urban CNG Buses_Euro II,,Urban Off Peak,,,6,75,0,0,4.7,0,0,0,1,0,1,1,1 
BCNG_2,Buses_CNG_Urban CNG Buses_Euro II,,Rural,,,6,75,0,0,4.7,0,0,0,1,0,1,1,1 
BCNG_2,Buses_CNG_Urban CNG Buses_Euro II,,Highway,,,6,75,0,0,4.7,0,0,0,1,0,1,1,1 
BCNG_3,Buses_CNG_Urban CNG Buses_Euro III,,Urban Peak,,,6,75,0,0,1.3,0,0,0,1,0,1,1,1 
BCNG_3,Buses_CNG_Urban CNG Buses_Euro III,,Urban Off Peak,,,6,75,0,0,1.3,0,0,0,1,0,1,1,1 
BCNG_3,Buses_CNG_Urban CNG Buses_Euro III,,Rural,,,6,75,0,0,1.3,0,0,0,1,0,1,1,1 
BCNG_3,Buses_CNG_Urban CNG Buses_Euro III,,Highway,,,6,75,0,0,1.3,0,0,0,1,0,1,1,1 
BCNG_4,Buses_CNG_Urban CNG Buses_EEV,,,,,11,86,0.007999618,-0.245920944,5.849219495,28.50630033,0.012512586,-0.299116694,6.460411299,0,1,1,1 
BCNG_5,Buses_CNG_Urban CNG Buses_Euro VI,,,,,11,86,0.007999618,-0.245920944,5.849219495,28.50630033,0.012512586,-0.299116694,6.460411299,0,1,1,1 
BBIO_1,Buses_Biodiesel_Urban Biodiesel Buses_Conventional,,,-0.06,0,11,86,0.007780979,-0.307877884,17.23695726,90.99605477,0.008262444,0.004917303,4.705348855,0,1,1,1 
BBIO_1,Buses_Biodiesel_Urban Biodiesel Buses_Conventional,,,-0.06,0.5,11,86,0.005564889,-0.237019966,13.65281871,87.16945712,0.00681404,0.025982919,3.908724136,0,1,1,1 
BBIO_1,Buses_Biodiesel_Urban Biodiesel Buses_Conventional,,,-0.06,1,11,86,0.005266797,-0.249209178,16.16809254,68.86158453,0.007642394,0.072647653,3.607152533,0,1,1,1 
BBIO_1,Buses_Biodiesel_Urban Biodiesel Buses_Conventional,,,-0.04,0,11,86,0.002490466,-0.193983453,13.41385989,53.3539542,0.005219453,0.122401159,2.893310488,0,1,1,1 
BBIO_1,Buses_Biodiesel_Urban Biodiesel Buses_Conventional,,,-0.04,0.5,11,86,0.002139804,-0.163369597,11.02735717,56.22005184,0.004631887,0.105539686,2.725319513,0,1,1,1 
BBIO_1,Buses_Biodiesel_Urban Biodiesel Buses_Conventional,,,-0.04,1,11,86,0.001796576,-0.133042811,9.055470508,51.1073239,0.003979741,0.092762247,2.360754947,0,1,1,1 
BBIO_1,Buses_Biodiesel_Urban Biodiesel Buses_Conventional,,,-0.02,0,11,85,0.003512312,-0.134492224,44.19295929,85.74287832,0.005078179,0.703305019,3.025448045,0,1,1,1 
BBIO_1,Buses_Biodiesel_Urban Biodiesel Buses_Conventional,,,-0.02,0.5,11,75,0.003773901,-0.015571557,42.79542578,-35.46168379,0.006743597,0.770337058,-0.045519015,0,1,1,1 
BBIO_1,Buses_Biodiesel_Urban Biodiesel Buses_Conventional,,,-0.02,1,11,62,0.000301567,0.018433387,5.013456442,41.51129988,0.000135039,0.143245484,0.572939235,0,1,1,1 
BBIO_1,Buses_Biodiesel_Urban Biodiesel Buses_Conventional,,,0,0,11,86,0.002975445,-0.110248866,18.45061821,65.84279103,0.003072001,0.208159509,2.86719589,0,1,1,1 
BBIO_1,Buses_Biodiesel_Urban Biodiesel Buses_Conventional,,,0,0.5,11,86,0.002745371,-0.099042873,16.76759484,64.99977181,0.003035812,0.203537144,2.672720687,0,1,1,1 
BBIO_1,Buses_Biodiesel_Urban Biodiesel Buses_Conventional,,,0,1,11,86,0.003696633,-0.110977502,23.7766057,71.5028981,0.004448768,0.331011877,3.097820652,0,1,1,1 
BBIO_1,Buses_Biodiesel_Urban Biodiesel Buses_Conventional,,,0.02,0,11,72,0.003569478,-0.020163769,39.30747533,-53.37175107,0.00725508,0.650287746,-0.215511566,0,1,1,1 
BBIO_1,Buses_Biodiesel_Urban Biodiesel Buses_Conventional,,,0.02,0.5,11,58,0.014878729,-0.057340656,57.66824681,13.18923957,0.016479893,1.006237318,1.40734714,0,1,1,1 
BBIO_1,Buses_Biodiesel_Urban Biodiesel Buses_Conventional,,,0.02,1,11,40,0.000606569,0.050913602,5.8204138,37.55647951,0.00176961,0.15883061,0.461431921,0,1,1,1 
BBIO_1,Buses_Biodiesel_Urban Biodiesel Buses_Conventional,,,0.04,0,11,86,0.013458443,-0.035278057,39.40633675,23.17679188,0.048222758,-0.270948033,8.990379948,0,1,1,1 
BBIO_1,Buses_Biodiesel_Urban Biodiesel Buses_Conventional,,,0.04,0.5,11,86,0.011561526,0.003982595,39.02646025,19.32555777,0.048811597,-0.233656853,8.705400377,0,1,1,1 
BBIO_1,Buses_Biodiesel_Urban Biodiesel Buses_Conventional,,,0.04,1,11,86,0.010151285,0.059831393,38.20271552,14.18912544,0.048575998,-0.160502139,7.9059031,0,1,1,1 
BBIO_1,Buses_Biodiesel_Urban Biodiesel Buses_Conventional,,,0.06,0,11,86,-0.000315991,0.907918023,43.79531412,-33.01878979,0.019793452,0.759428075,0.772275122,0,1,1,1 
BBIO_1,Buses_Biodiesel_Urban Biodiesel Buses_Conventional,,,0.06,0.5,11,86,0.002033639,-0.064191325,20.88634949,61.22159301,0.002696436,0.333142728,2.096939095,0,1,1,1 
BBIO_1,Buses_Biodiesel_Urban Biodiesel Buses_Conventional,,,0.06,1,11,85,0.000189414,0.086002642,11.74229656,73.41392396,0.001778861,0.268713072,1.497687181,0,1,1,1 
BBIO_2,Buses_Biodiesel_Urban Biodiesel Buses_Euro I,,,-0.06,0,11,86,0.004767224,-0.186418648,9.720100398,42.31040956,0.01276246,-0.046424289,7.491554562,0,1,1,1 
BBIO_2,Buses_Biodiesel_Urban Biodiesel Buses_Euro I,,,-0.06,0.5,11,86,6.17E-05,0.01464141,3.103097511,21.80061907,0.000651968,0.212019887,1.231981531,0,1,1,1 
BBIO_2,Buses_Biodiesel_Urban Biodiesel Buses_Euro I,,,-0.06,1,11,86,0.007189553,0.158582707,24.14760164,-9.531073257,0.062346886,0.197131352,9.36892896,0,1,1,1 
BBIO_2,Buses_Biodiesel_Urban Biodiesel Buses_Euro I,,,-0.04,0,11,86,-0.000167305,0.07956448,11.57043247,-35.91954549,0.023448831,0.402953607,0.552390638,0,1,1,1 
BBIO_2,Buses_Biodiesel_Urban Biodiesel Buses_Euro I,,,-0.04,0.5,11,86,-0.000172253,0.086588679,11.23968002,-33.85360366,0.024330663,0.43417153,0.271261102,0,1,1,1 
BBIO_2,Buses_Biodiesel_Urban Biodiesel Buses_Euro I,,,-0.04,1,11,86,-0.000238891,0.126235433,27.33614609,-14.04844378,0.04833821,1.313516744,4.202023706,0,1,1,1 
BBIO_2,Buses_Biodiesel_Urban Biodiesel Buses_Euro I,,,-0.02,0,11,86,8.50E-05,0.029930495,4.604396009,35.84039646,-0.000660105,0.248622394,2.205206727,0,1,1,1 
BBIO_2,Buses_Biodiesel_Urban Biodiesel Buses_Euro I,,,-0.02,0.5,11,76,1.29E-13,-6.11E-12,32.28114714,1.20E-08,-0.010965326,1.569508494,3.56196122,0,1,1,1 
BBIO_2,Buses_Biodiesel_Urban Biodiesel Buses_Euro I,,,-0.02,1,11,61,0.005007347,1.124219876,5.134054267,-52.21019137,0.024903008,1.187527295,-8.106337368,0,1,1,1 
BBIO_2,Buses_Biodiesel_Urban Biodiesel Buses_Euro I,,,0,0,11,86,0.002328723,-0.072374925,11.19535762,31.73594194,0.00540202,0.263503049,5.334454495,0,1,1,1 
BBIO_2,Buses_Biodiesel_Urban Biodiesel Buses_Euro I,,,0,0.5,11,86,0.001962928,-0.054054497,10.19713654,29.78459982,0.004685856,0.27336755,4.775877801,0,1,1,1 
BBIO_2,Buses_Biodiesel_Urban Biodiesel Buses_Euro I,,,0,1,11,86,0.001499516,-0.034301877,8.871145977,25.99265366,0.003615078,0.268293371,4.048999595,0,1,1,1 
BBIO_2,Buses_Biodiesel_Urban Biodiesel Buses_Euro I,,,0.02,0,11,74,3.70E-14,-1.46E-12,27.91151541,2.84E-09,-0.009349439,1.344769786,2.803433124,0,1,1,1 
BBIO_2,Buses_Biodiesel_Urban Biodiesel Buses_Euro I,,,0.02,0.5,11,59,0.00226224,0.187137176,14.82642193,-22.7828261,-0.00553974,1.034014271,-1.66322466,0,1,1,1 
BBIO_2,Buses_Biodiesel_Urban Biodiesel Buses_Euro I,,,0.02,1,11,45,-1.37E-15,1.58E-14,30.66868194,-9.30E-12,-0.014876403,1.566489655,2.588271097,0,1,1,1 
BBIO_2,Buses_Biodiesel_Urban Biodiesel Buses_Euro I,,,0.04,0,11,86,-0.000206616,0.131903883,11.9616443,-34.31405422,0.020603913,0.470577259,0.255179372,0,1,1,1 
BBIO_2,Buses_Biodiesel_Urban Biodiesel Buses_Euro I,,,0.04,0.5,11,86,-0.000205119,0.120666781,12.11412862,-35.5554518,0.022000938,0.469082194,0.301645684,0,1,1,1 
BBIO_2,Buses_Biodiesel_Urban Biodiesel Buses_Euro I,,,0.04,1,11,86,-0.000190641,0.111836974,11.26874434,-32.92128395,0.021359246,0.450345255,0.203264548,0,1,1,1 
BBIO_2,Buses_Biodiesel_Urban Biodiesel Buses_Euro I,,,0.06,0,11,86,0.001906314,-0.038723662,9.87782961,28.86515065,0.00415388,0.266295711,4.316173586,0,1,1,1 
BBIO_2,Buses_Biodiesel_Urban Biodiesel Buses_Euro I,,,0.06,0.5,11,86,0.003760931,-0.026985705,12.04495807,23.23153297,0.007918575,0.33460591,4.451211135,0,1,1,1 
BBIO_2,Buses_Biodiesel_Urban Biodiesel Buses_Euro I,,,0.06,1,11,86,0.006167546,0.06178788,19.64646529,17.79801415,0.012803101,0.703931969,5.229373165,0,1,1,1 
BBIO_3,Buses_Biodiesel_Urban Biodiesel Buses_Euro II,,,-0.06,0,11,86,0.003554679,-0.140729196,6.397487708,26.85458294,0.012987509,-0.09949787,7.427787073,0,1,1,1 
BBIO_3,Buses_Biodiesel_Urban Biodiesel Buses_Euro II,,,-0.06,0.5,11,86,0.003389339,-0.130908748,9.370875053,26.477679,0.015083635,0.144574082,7.705104202,0,1,1,1 
BBIO_3,Buses_Biodiesel_Urban Biodiesel Buses_Euro II,,,-0.06,1,11,86,0.002279629,-0.085271983,10.17017427,18.36716314,0.013172633,0.378329553,6.006147845,0,1,1,1 
BBIO_3,Buses_Biodiesel_Urban Biodiesel Buses_Euro II,,,-0.04,0,11,86,-0.000303719,0.190608559,17.61386159,-51.30114228,0.046539263,1.061012077,0.912351343,0,1,1,1 
BBIO_3,Buses_Biodiesel_Urban Biodiesel Buses_Euro II,,,-0.04,0.5,11,86,-0.000262468,0.174215115,15.13504972,-42.84329664,0.041957666,0.984887012,0.436601871,0,1,1,1 
BBIO_3,Buses_Biodiesel_Urban Biodiesel Buses_Euro II,,,-0.04,1,11,86,-0.000234873,0.166935732,13.52924173,-37.27846786,0.038746669,0.942970913,0.080018985,0,1,1,1 
BBIO_3,Buses_Biodiesel_Urban Biodiesel Buses_Euro II,,,-0.02,0,11,86,0.002177318,-0.033220816,5.350746636,23.57962659,0.006326462,0.156712685,3.893307219,0,1,1,1 
BBIO_3,Buses_Biodiesel_Urban Biodiesel Buses_Euro II,,,-0.02,0.5,11,80,0.002316702,0.042514035,7.30190429,20.62044756,0.006269984,0.419549854,3.237092731,0,1,1,1 
BBIO_3,Buses_Biodiesel_Urban Biodiesel Buses_Euro II,,,-0.02,1,11,69,0.000143529,0.064477924,6.746753057,35.25745129,-0.001777526,0.518280663,3.920965292,0,1,1,1 
BBIO_3,Buses_Biodiesel_Urban Biodiesel Buses_Euro II,,,0,0,11,86,0.002547415,-0.085016147,7.709156407,24.41478064,0.008289399,0.146660117,6.107420361,0,1,1,1 
BBIO_3,Buses_Biodiesel_Urban Biodiesel Buses_Euro II,,,0,0.5,11,86,0.002024223,-0.057315972,7.235611268,20.90898849,0.006929524,0.214912555,5.151682636,0,1,1,1 
BBIO_3,Buses_Biodiesel_Urban Biodiesel Buses_Euro II,,,0,1,11,86,-4.96E-05,0.016550834,5.409104862,33.91029882,-0.00127886,0.443340376,3.487280852,0,1,1,1 
BBIO_3,Buses_Biodiesel_Urban Biodiesel Buses_Euro II,,,0.02,0,11,75,0.00011126,0.033394431,4.532465596,34.35949495,-0.00105849,0.351542927,3.064022908,0,1,1,1 
BBIO_3,Buses_Biodiesel_Urban Biodiesel Buses_Euro II,,,0.02,0.5,11,54,3.15E-05,1.07E-05,-0.207681423,6.7989282,0.000258942,-0.024234839,0.5829967,0,1,1,1 
BBIO_3,Buses_Biodiesel_Urban Biodiesel Buses_Euro II,,,0.02,1,10,52,0.009435199,-0.054643764,4.931499789,30.32412898,0.015608955,0.049347974,4.654830538,0,1,1,1 
BBIO_3,Buses_Biodiesel_Urban Biodiesel Buses_Euro II,,,0.04,0,11,86,-0.00022144,0.218016919,13.97294862,-34.37468622,0.033411645,0.966265106,-0.173139481,0,1,1,1 
BBIO_3,Buses_Biodiesel_Urban Biodiesel Buses_Euro II,,,0.04,0.5,11,86,-0.000231893,0.205753858,14.00647839,-35.81874814,0.035295261,0.968358861,-0.244203566,0,1,1,1 
BBIO_3,Buses_Biodiesel_Urban Biodiesel Buses_Euro II,,,0.04,1,11,86,-0.000249241,0.20642062,14.75877084,-38.64307153,0.037893738,1.01178034,-0.010805184,0,1,1,1 
BBIO_3,Buses_Biodiesel_Urban Biodiesel Buses_Euro II,,,0.06,0,11,86,0.0019107,-0.048232809,6.667672417,22.50871971,0.006011723,0.19677154,4.681892178,0,1,1,1 
BBIO_3,Buses_Biodiesel_Urban Biodiesel Buses_Euro II,,,0.06,0.5,11,86,0.002316195,-0.023998956,9.025165622,32.12466087,0.007276197,0.380245413,5.810555148,0,1,1,1 
BBIO_3,Buses_Biodiesel_Urban Biodiesel Buses_Euro II,,,0.06,1,11,86,0.002807452,-0.006241391,9.02748461,31.37157383,0.008313856,0.399711686,5.790004692,0,1,1,1 
BBIO_4,Buses_Biodiesel_Urban Biodiesel Buses_Euro III,,,-0.06,0,11,86,-6.14E-08,1.39E-06,21.13336049,6.216566692,-0.011742577,2.169051885,0.63439292,0,1,1,1 
BBIO_4,Buses_Biodiesel_Urban Biodiesel Buses_Euro III,,,-0.06,0.5,11,86,3.11E-14,1.62E-12,24.95134057,-2.12E-08,-0.009816074,2.649938357,-0.689704654,0,1,1,1 
BBIO_4,Buses_Biodiesel_Urban Biodiesel Buses_Euro III,,,-0.06,1,11,86,5.88E-17,4.79E-14,20.25703403,-2.73E-11,-0.00141595,2.053783459,0.521938456,0,1,1,1 
BBIO_4,Buses_Biodiesel_Urban Biodiesel Buses_Euro III,,,-0.04,0,11,86,-0.000309118,0.180917232,18.12900671,-55.18065684,0.051428467,1.128446517,1.695067891,0,1,1,1 
BBIO_4,Buses_Biodiesel_Urban Biodiesel Buses_Euro III,,,-0.04,0.5,11,86,-0.000271538,0.16220444,15.89564452,-47.4461093,0.048261015,1.066307643,1.252293984,0,1,1,1 
BBIO_4,Buses_Biodiesel_Urban Biodiesel Buses_Euro III,,,-0.04,1,11,86,0.001668663,-0.124951919,15.77728266,20.96144702,0.02223985,0.981057135,10.37761752,0,1,1,1 
BBIO_4,Buses_Biodiesel_Urban Biodiesel Buses_Euro III,,,-0.02,0,11,86,3.35E-05,0.0158828,3.060064695,23.12385129,-0.000592658,0.26644577,2.201249797,0,1,1,1 
BBIO_4,Buses_Biodiesel_Urban Biodiesel Buses_Euro III,,,-0.02,0.5,11,81,-1.17E-06,0.03823867,6.518371438,37.78106206,-0.001481121,0.543568739,4.184626557,0,1,1,1 
BBIO_4,Buses_Biodiesel_Urban Biodiesel Buses_Euro III,,,-0.02,1,11,70,3.95E-05,0.04026152,4.998630349,26.2512388,-0.001348658,0.425865672,3.152834179,0,1,1,1 
BBIO_4,Buses_Biodiesel_Urban Biodiesel Buses_Euro III,,,0,0,11,86,0.004054503,-0.18449537,9.499198572,20.933655,0.013203422,-0.06917295,9.608918763,0,1,1,1 
BBIO_4,Buses_Biodiesel_Urban Biodiesel Buses_Euro III,,,0,0.5,11,86,0.004022371,-0.171473596,10.42445546,20.26859944,0.013826289,0.026358695,9.817888216,0,1,1,1 
BBIO_4,Buses_Biodiesel_Urban Biodiesel Buses_Euro III,,,0,1,11,86,4.36E-13,2.13E-11,19.63563547,3.68E-08,-0.006779304,1.708597216,2.939083392,0,1,1,1 
BBIO_4,Buses_Biodiesel_Urban Biodiesel Buses_Euro III,,,0.02,0,11,79,-2.71E-05,0.033883024,5.797199083,32.3859485,-0.001374539,0.471753904,3.667841161,0,1,1,1 
BBIO_4,Buses_Biodiesel_Urban Biodiesel Buses_Euro III,,,0.02,0.5,11,62,0.001908819,0.57590924,4.758631337,-29.97876855,0.022440398,1.004729882,-5.56150617,0,1,1,1 
BBIO_4,Buses_Biodiesel_Urban Biodiesel Buses_Euro III,,,0.02,1,11,54,0.001047407,0.123885171,9.878127118,-32.83879119,-0.005447835,1.12433056,-3.556888923,0,1,1,1 
BBIO_4,Buses_Biodiesel_Urban Biodiesel Buses_Euro III,,,0.04,0,11,86,-0.000217508,0.217399203,13.85304824,-33.9154893,0.034907446,1.026754553,0.09581053,0,1,1,1 
BBIO_4,Buses_Biodiesel_Urban Biodiesel Buses_Euro III,,,0.04,0.5,11,86,-0.000216217,0.20021238,13.30346942,-33.46717448,0.03611654,1.019967,-0.063184418,0,1,1,1 
BBIO_4,Buses_Biodiesel_Urban Biodiesel Buses_Euro III,,,0.04,1,11,86,-0.000227742,0.198746135,13.72435364,-35.3335007,0.038516918,1.063812624,0.140483573,0,1,1,1 
BBIO_4,Buses_Biodiesel_Urban Biodiesel Buses_Euro III,,,0.06,0,11,86,0.004212263,-0.090598986,15.82704847,20.89122386,0.01620373,0.532054835,9.490858628,0,1,1,1 
BBIO_4,Buses_Biodiesel_Urban Biodiesel Buses_Euro III,,,0.06,0.5,11,86,0.0034633,-0.064947462,11.65374015,16.48271614,0.013027356,0.392715641,7.32768599,0,1,1,1 
BBIO_4,Buses_Biodiesel_Urban Biodiesel Buses_Euro III,,,0.06,1,11,86,0.003582762,-0.040935924,10.81792307,15.79990731,0.013080537,0.402021832,6.800863375,0,1,1,1 
BBIO_5,Buses_Biodiesel_Urban Biodiesel Buses_Euro IV,,,-0.06,0,11,86,0.000844282,-0.069404811,2.091937005,6.657855415,0.011058614,-0.398747371,24.25284471,0,1,1,1 
BBIO_5,Buses_Biodiesel_Urban Biodiesel Buses_Euro IV,,,-0.06,0.5,11,86,-7.42E-13,4.41E-11,14.04933363,2.47E-07,-0.095439503,14.68847696,-12.08175675,0,1,1,1 
BBIO_5,Buses_Biodiesel_Urban Biodiesel Buses_Euro IV,,,-0.06,1,11,86,0.001422615,0.115913199,-4.04669278,52.43577611,0.189595082,-5.89369652,65.15348022,0,1,1,1 
BBIO_5,Buses_Biodiesel_Urban Biodiesel Buses_Euro IV,,,-0.04,0,11,86,-5.30E-05,0.025582229,3.669186459,-2.585125537,0.127608756,1.603526566,20.68479183,0,1,1,1 
BBIO_5,Buses_Biodiesel_Urban Biodiesel Buses_Euro IV,,,-0.04,0.5,11,86,-0.000139149,0.065755402,10.21167887,-6.005032198,0.356650759,4.317966846,71.96728059,0,1,1,1 
BBIO_5,Buses_Biodiesel_Urban Biodiesel Buses_Euro IV,,,-0.04,1,11,86,-0.000130832,0.062591411,9.569930259,-5.305439218,0.330180295,4.161442038,73.341079,0,1,1,1 
BBIO_5,Buses_Biodiesel_Urban Biodiesel Buses_Euro IV,,,-0.02,0,11,86,0.001787943,0.367258374,0.414329396,-19.20270436,0.06048333,3.766934271,-28.38556471,0,1,1,1 
BBIO_5,Buses_Biodiesel_Urban Biodiesel Buses_Euro IV,,,-0.02,0.5,11,83,-0.001306356,0.082451077,3.296517111,-21.69188036,-0.022632491,2.183751953,-7.815886633,0,1,1,1 
BBIO_5,Buses_Biodiesel_Urban Biodiesel Buses_Euro IV,,,-0.02,1,11,68,0.007431776,-0.382861567,15.48057379,22.56955653,0.055081412,-1.094358444,85.86911761,0,1,1,1 
BBIO_5,Buses_Biodiesel_Urban Biodiesel Buses_Euro IV,,,0,0,11,86,-9.42E-12,6.06E-10,8.581022705,-9.40E-07,-0.038294765,5.732769127,17.78934193,0,1,1,1 
BBIO_5,Buses_Biodiesel_Urban Biodiesel Buses_Euro IV,,,0,0.5,11,86,5.31E-13,-2.63E-11,7.263606184,2.67E-08,-0.023968332,3.950719781,22.79866845,0,1,1,1 
BBIO_5,Buses_Biodiesel_Urban Biodiesel Buses_Euro IV,,,0,1,11,86,6.94E-13,-1.83E-11,10.11338083,2.10E-08,-0.024856079,4.645997457,37.75681225,0,1,1,1 
BBIO_5,Buses_Biodiesel_Urban Biodiesel Buses_Euro IV,,,0.02,0,11,81,-0.001759682,0.12500004,2.915694826,-21.50794006,-0.025212271,2.457652686,-10.10322951,0,1,1,1 
BBIO_5,Buses_Biodiesel_Urban Biodiesel Buses_Euro IV,,,0.02,0.5,11,65,-0.002066409,0.103879335,3.21430305,-28.40621802,-0.031115125,2.427475785,-14.66612135,0,1,1,1 
BBIO_5,Buses_Biodiesel_Urban Biodiesel Buses_Euro IV,,,0.02,1,11,55,0.002187013,-0.214244084,8.900155748,0.419365131,0.002415949,0.176557018,31.06147925,0,1,1,1 
BBIO_5,Buses_Biodiesel_Urban Biodiesel Buses_Euro IV,,,0.04,0,11,86,-0.000294729,0.217926948,17.03825462,-47.49080349,0.427232441,11.00194876,9.764377246,0,1,1,1 
BBIO_5,Buses_Biodiesel_Urban Biodiesel Buses_Euro IV,,,0.04,0.5,11,86,-0.000442008,0.288765093,25.05565097,-75.80429362,0.629338593,15.27360008,27.96100125,0,1,1,1 
BBIO_5,Buses_Biodiesel_Urban Biodiesel Buses_Euro IV,,,0.04,1,11,86,-0.000113138,0.068070422,15.97144313,-2.673892559,0.259353675,10.25554503,68.4525927,0,1,1,1 
BBIO_5,Buses_Biodiesel_Urban Biodiesel Buses_Euro IV,,,0.06,0,11,86,0.002155718,0.481340337,1.403312364,-24.27721042,0.10455022,6.378194308,-45.2990226,0,1,1,1 
BBIO_5,Buses_Biodiesel_Urban Biodiesel Buses_Euro IV,,,0.06,0.5,11,86,0.000996055,0.224026584,-0.091127944,-18.06761692,0.044974453,2.314581299,-24.52116031,0,1,1,1 
BBIO_5,Buses_Biodiesel_Urban Biodiesel Buses_Euro IV,,,0.06,1,11,86,-0.000902996,0.049625054,3.095702926,-20.84810352,-0.021507669,2.05369335,-8.128248491,0,1,1,1 
BBIO_6,Buses_Biodiesel_Urban Biodiesel Buses_Euro V,SCR,,-0.06,0,5,85,0.000123168,-0.015312461,0.586427858,3.45997771,-0.000269956,-0.04134226,18.09028558,0,1,1,1 
BBIO_6,Buses_Biodiesel_Urban Biodiesel Buses_Euro V,SCR,,-0.06,0.5,5,85,0.000201416,-0.032261139,1.4500414,6.358143843,-0.009857378,0.593998897,35.16343029,0,1,1,1 
BBIO_6,Buses_Biodiesel_Urban Biodiesel Buses_Euro V,SCR,,-0.06,1,5,85,-0.004604062,2.375494952,-4.114209367,10.75966069,3.411656456,9.198515108,12.50468638,0,1,1,1 
BBIO_6,Buses_Biodiesel_Urban Biodiesel Buses_Euro V,SCR,,-0.04,0,5,85,-0.005032817,0.72088598,-2.404325979,8.817716551,1.616236273,-3.188655863,28.90654576,0,1,1,1 
BBIO_6,Buses_Biodiesel_Urban Biodiesel Buses_Euro V,SCR,,-0.04,0.5,5,85,-0.003262642,0.490910993,-1.856073475,5.968823471,1.190492744,-3.526113506,20.59555571,0,1,1,1 
BBIO_6,Buses_Biodiesel_Urban Biodiesel Buses_Euro V,SCR,,-0.04,1,5,85,-0.003404578,0.539484216,-2.300285317,6.68959268,1.373233756,-5.243260858,23.65684789,0,1,1,1 
BBIO_6,Buses_Biodiesel_Urban Biodiesel Buses_Euro V,SCR,,-0.02,0,5,85,3.27E-05,-0.009856848,1.144093731,7.345172448,-0.004081348,0.268735028,25.62743147,0,1,1,1 
BBIO_6,Buses_Biodiesel_Urban Biodiesel Buses_Euro V,SCR,,-0.02,0.5,5,80,-0.000300845,0.009580782,1.475867891,6.573285989,-0.013791318,0.962242602,22.58322471,0,1,1,1 
BBIO_6,Buses_Biodiesel_Urban Biodiesel Buses_Euro V,SCR,,-0.02,1,5,70,-0.000227663,0.002429481,1.207616635,5.407630553,-0.009483764,0.516964202,17.88297978,0,1,1,1 
BBIO_6,Buses_Biodiesel_Urban Biodiesel Buses_Euro V,SCR,,0,0,5,85,0.000356724,-0.044320546,2.215948023,12.3684828,-0.000803114,0.119225505,58.08137752,0,1,1,1 
BBIO_6,Buses_Biodiesel_Urban Biodiesel Buses_Euro V,SCR,,0,0.5,5,85,0.00024382,-0.044911004,2.823638281,12.76501914,-0.012338695,0.868245503,61.19968605,0,1,1,1 
BBIO_6,Buses_Biodiesel_Urban Biodiesel Buses_Euro V,SCR,,0,1,5,85,0.000188903,-0.047496181,3.399979812,12.91384395,-0.019539725,1.40514406,63.6143879,0,1,1,1 
BBIO_6,Buses_Biodiesel_Urban Biodiesel Buses_Euro V,SCR,,0.02,0,5,75,0.226175458,4.183359384,-1.376270398,4.537843426,7.930895491,8.877323644,5.720298104,0,1,1,1 
BBIO_6,Buses_Biodiesel_Urban Biodiesel Buses_Euro V,SCR,,0.02,0.5,5,60,0.093691598,2.477332292,2.336793104,5.465003693,2.839895543,15.78899768,4.546264527,0,1,1,1 
BBIO_6,Buses_Biodiesel_Urban Biodiesel Buses_Euro V,SCR,,0.02,1,5,55,0.002161025,-0.057681352,1.134452794,6.855696134,0.030520529,-0.795196522,20.54255427,0,1,1,1 
BBIO_6,Buses_Biodiesel_Urban Biodiesel Buses_Euro V,SCR,,0.04,0,5,85,0.000278266,-0.008856959,1.303135462,15.83976809,0.09624149,-1.101343686,77.40791248,0,1,1,1 
BBIO_6,Buses_Biodiesel_Urban Biodiesel Buses_Euro V,SCR,,0.04,0.5,5,85,-0.016412073,2.50502968,-4.603016042,11.05575731,4.306611432,10.12420798,7.964866026,0,1,1,1 
BBIO_6,Buses_Biodiesel_Urban Biodiesel Buses_Euro V,SCR,,0.04,1,5,85,-0.009195813,1.392630977,-3.120000216,9.863505201,2.497361927,1.775451626,24.91224803,0,1,1,1 
BBIO_6,Buses_Biodiesel_Urban Biodiesel Buses_Euro V,SCR,,0.06,0,5,85,5.45E-05,-0.013518836,1.005887723,5.989228496,-0.004548339,0.242937044,23.73298716,0,1,1,1 
BBIO_6,Buses_Biodiesel_Urban Biodiesel Buses_Euro V,SCR,,0.06,0.5,5,85,2.78E-05,-0.010550182,1.056249708,5.768753423,-0.004938457,0.330037524,22.04933173,0,1,1,1 
BBIO_6,Buses_Biodiesel_Urban Biodiesel Buses_Euro V,SCR,,0.06,1,5,85,-9.07E-05,-0.002439452,1.201427274,4.977100188,-0.008859188,0.670755568,19.21597216,0,1,1,1 
BBIO_6,Buses_Biodiesel_Urban Biodiesel Buses_Euro V,EGR,,-0.06,0,5,85,0.000343746,-0.032656175,0.919030945,18.84967276,0.002334272,-0.19260335,12.73270227,0,1,1,1 
BBIO_6,Buses_Biodiesel_Urban Biodiesel Buses_Euro V,EGR,,-0.06,0.5,5,85,0.000240815,-0.033619024,1.289234756,17.66341272,-0.001639764,0.076858214,11.98455623,0,1,1,1 
BBIO_6,Buses_Biodiesel_Urban Biodiesel Buses_Euro V,EGR,,-0.06,1,5,85,0.000253757,0.026184398,1.592902348,37.78542836,0.033541011,-0.171069048,24.97262623,0,1,1,1 
BBIO_6,Buses_Biodiesel_Urban Biodiesel Buses_Euro V,EGR,,-0.04,0,5,85,-0.023289709,2.185630535,-9.796310909,24.33428722,1.08499015,-4.437261598,13.43758269,0,1,1,1 
BBIO_6,Buses_Biodiesel_Urban Biodiesel Buses_Euro V,EGR,,-0.04,0.5,5,85,-0.01857778,1.729166394,-8.672897816,19.35622924,0.930477195,-4.561052529,11.58912085,0,1,1,1 
BBIO_6,Buses_Biodiesel_Urban Biodiesel Buses_Euro V,EGR,,-0.04,1,5,85,-0.018776393,1.761607014,-9.571897996,19.42445269,1.002353959,-5.520836726,12.22478954,0,1,1,1 
BBIO_6,Buses_Biodiesel_Urban Biodiesel Buses_Euro V,EGR,,-0.02,0,5,85,0.001609937,0.353666327,3.545943792,-28.36299093,0.044791972,2.275968654,-13.10097601,0,1,1,1 
BBIO_6,Buses_Biodiesel_Urban Biodiesel Buses_Euro V,EGR,,-0.02,0.5,5,80,-0.002161283,0.136302456,7.634456205,34.28459649,-0.023775817,2.395099778,15.5844752,0,1,1,1 
BBIO_6,Buses_Biodiesel_Urban Biodiesel Buses_Euro V,EGR,,-0.02,1,5,70,-0.001801025,0.505901005,9.69710489,-31.53119268,0.001729611,4.620123509,-13.16909238,0,1,1,1 
BBIO_6,Buses_Biodiesel_Urban Biodiesel Buses_Euro V,EGR,,0,0,5,85,0.000342257,-0.038611205,1.800418433,27.30569993,0.00076281,-0.052741552,16.39232014,0,1,1,1 
BBIO_6,Buses_Biodiesel_Urban Biodiesel Buses_Euro V,EGR,,0,0.5,5,85,0.000250097,-0.045134223,2.743124635,37.33681438,-0.002438224,0.128645307,21.93138968,0,1,1,1 
BBIO_6,Buses_Biodiesel_Urban Biodiesel Buses_Euro V,EGR,,0,1,5,85,0.000210237,-0.041631534,2.618747035,37.03177129,-0.002573481,0.129292645,21.33537428,0,1,1,1 
BBIO_6,Buses_Biodiesel_Urban Biodiesel Buses_Euro V,EGR,,0.02,0,5,80,-0.006388668,0.407120696,16.53220117,25.57386052,-0.063683922,6.146053632,12.02724437,0,1,1,1 
BBIO_6,Buses_Biodiesel_Urban Biodiesel Buses_Euro V,EGR,,0.02,0.5,5,60,-0.009544134,0.68972688,21.53271269,20.31943412,-0.068062215,7.936501801,9.372269848,0,1,1,1 
BBIO_6,Buses_Biodiesel_Urban Biodiesel Buses_Euro V,EGR,,0.02,1,5,55,0.519884656,10.50928608,-61.59106236,4.874253641,4.803529694,-22.52642797,-8.94E-07,0,1,1,1 
BBIO_6,Buses_Biodiesel_Urban Biodiesel Buses_Euro V,EGR,,0.04,0,5,85,-0.000584398,0.098213971,-1.164580833,41.77597931,0.057732401,-1.091839238,26.70851833,0,1,1,1 
BBIO_6,Buses_Biodiesel_Urban Biodiesel Buses_Euro V,EGR,,0.04,0.5,5,85,-0.058548693,6.254725,-3.02273297,17.68521323,2.549579444,6.152147485,-0.000958364,0,1,1,1 
BBIO_6,Buses_Biodiesel_Urban Biodiesel Buses_Euro V,EGR,,0.04,1,5,85,-0.054562601,5.526350646,-4.253826388,19.40078417,2.29662219,4.510299829,3.70208588,0,1,1,1 
BBIO_6,Buses_Biodiesel_Urban Biodiesel Buses_Euro V,EGR,,0.06,0,5,85,0.000339126,-0.024060802,2.189237362,39.46324124,0.002500712,0.007290942,20.18977399,0,1,1,1 
BBIO_6,Buses_Biodiesel_Urban Biodiesel Buses_Euro V,EGR,,0.06,0.5,5,85,0.000448913,0.017056471,2.446800467,40.73091813,0.00750418,0.223353661,19.76608464,0,1,1,1 
BBIO_6,Buses_Biodiesel_Urban Biodiesel Buses_Euro V,EGR,,0.06,1,5,85,0.002296642,1.030986786,19.90634956,6.058409441,0.097103811,8.89437102,3.38887585,0,1,1,1 
BBIO_7,Buses_Biodiesel_Urban Biodiesel Buses_Euro VI,,,-0.06,0,5,85,0.000135214,-0.012846254,0.361560881,7.414977071,0.003059921,-0.252492473,16.69572531,0,1,1,1 
BBIO_7,Buses_Biodiesel_Urban Biodiesel Buses_Euro VI,,,-0.06,0.5,5,85,0.000102973,-0.014393054,0.552944459,7.544242208,-0.0023636,0.112018668,17.06634672,0,1,1,1 
BBIO_7,Buses_Biodiesel_Urban Biodiesel Buses_Euro VI,,,-0.06,1,5,85,0.000123048,0.012664186,0.782361574,18.32306481,0.054213087,-0.264323411,40.38455822,0,1,1,1 
BBIO_7,Buses_Biodiesel_Urban Biodiesel Buses_Euro VI,,,-0.04,0,5,85,-0.010451881,0.980775506,-4.392936235,10.91424886,1.622838135,-6.629759798,20.08656478,0,1,1,1 
BBIO_7,Buses_Biodiesel_Urban Biodiesel Buses_Euro VI,,,-0.04,0.5,5,85,-0.010218521,0.951399956,-4.782294637,10.66759779,1.706778021,-8.391553824,21.29874363,0,1,1,1 
BBIO_7,Buses_Biodiesel_Urban Biodiesel Buses_Euro VI,,,-0.04,1,5,85,-0.049538978,4.363181826,1.083900331,-9.208877655,8.879821249,1.399793053,12.16379461,0,1,1,1 
BBIO_7,Buses_Biodiesel_Urban Biodiesel Buses_Euro VI,,,-0.02,0,5,85,-0.000295018,0.008389905,1.654038222,14.07591907,-0.015822655,1.271923198,22.07142423,0,1,1,1 
BBIO_7,Buses_Biodiesel_Urban Biodiesel Buses_Euro VI,,,-0.02,0.5,5,85,-0.001149597,0.083867899,3.920305566,12.66874583,-0.039816958,4.455621776,19.3831473,0,1,1,1 
BBIO_7,Buses_Biodiesel_Urban Biodiesel Buses_Euro VI,,,-0.02,1,5,70,1.61E-05,-0.012095038,0.588879458,13.24351022,-0.001671501,-0.148807625,18.88993712,0,1,1,1 
BBIO_7,Buses_Biodiesel_Urban Biodiesel Buses_Euro VI,,,0,0,5,85,0.000307322,-0.034752327,1.623774013,24.57448792,0.00222444,-0.153885186,49.1793355,0,1,1,1 
BBIO_7,Buses_Biodiesel_Urban Biodiesel Buses_Euro VI,,,0,0.5,5,85,0.000178183,-0.032714456,2.007214318,27.05198384,-0.006192077,0.33442919,52.98967933,0,1,1,1 
BBIO_7,Buses_Biodiesel_Urban Biodiesel Buses_Euro VI,,,0,1,5,85,0.000224214,-0.045728198,2.919143934,40.62434876,-0.010079507,0.52617981,78.07718367,0,1,1,1 
BBIO_7,Buses_Biodiesel_Urban Biodiesel Buses_Euro VI,,,0.02,0,5,80,-0.00325173,0.230290735,8.573367505,9.560831141,-0.103682589,10.93219972,15.32305439,0,1,1,1 
BBIO_7,Buses_Biodiesel_Urban Biodiesel Buses_Euro VI,,,0.02,0.5,5,65,-0.003524284,0.297215501,8.891896842,7.116444414,-0.080288981,10.97796117,11.2127707,0,1,1,1 
BBIO_7,Buses_Biodiesel_Urban Biodiesel Buses_Euro VI,,,0.02,1,5,55,-0.000413962,0.002867106,1.975422548,13.8490311,-0.020485642,1.201848846,19.00409791,0,1,1,1 
BBIO_7,Buses_Biodiesel_Urban Biodiesel Buses_Euro VI,,,0.04,0,5,85,-0.000152861,0.025690846,-0.304661923,10.92948756,0.050340665,-0.952125495,23.29165444,0,1,1,1 
BBIO_7,Buses_Biodiesel_Urban Biodiesel Buses_Euro VI,,,0.04,0.5,5,85,-0.030795679,3.28878175,-1.346363277,10.46370757,4.47519977,11.05119165,3.412364214,0,1,1,1 
BBIO_7,Buses_Biodiesel_Urban Biodiesel Buses_Euro VI,,,0.04,1,5,85,-0.035279743,3.580234857,-3.259541263,11.42899568,4.956283455,8.948304373,4.14081823,0,1,1,1 
BBIO_7,Buses_Biodiesel_Urban Biodiesel Buses_Euro VI,,,0.06,0,5,85,9.84E-05,-0.007245386,0.668569868,11.86526637,0.00225749,0.020089727,20.24230158,0,1,1,1 
BBIO_7,Buses_Biodiesel_Urban Biodiesel Buses_Euro VI,,,0.06,0.5,5,85,0.000108611,0.004524309,0.646460341,10.40751627,0.006031938,0.216726254,16.85012306,0,1,1,1 
BBIO_7,Buses_Biodiesel_Urban Biodiesel Buses_Euro VI,,,0.06,1,5,85,0.001059838,0.5511051,10.87913876,1.758300341,0.163560335,16.21858092,3.933392274,0,1,1,1 
M_1,L-Category_Petrol_Mopeds 2-stroke <50 cm³_Conventional,,Urban Peak,,,0,60,0,0,8.4,0,0,0,1,0,1,1,1 
M_1,L-Category_Petrol_Mopeds 2-stroke <50 cm³_Conventional,,Urban Off Peak,,,0,60,0,0,8.4,0,0,0,1,0,1,1,1 
M_1,L-Category_Petrol_Mopeds 2-stroke <50 cm³_Conventional,,Rural,,,0,60,0,0,8.4,0,0,0,1,0,1,1,1 
M_1,L-Category_Petrol_Mopeds 2-stroke <50 cm³_Conventional,,Highway,,,0,60,0,0,8.4,0,0,0,1,0,1,1,1 
M_2,L-Category_Petrol_Mopeds 2-stroke <50 cm³_Euro 1,,Urban Peak,,,0,60,0,0,3.4,0,0,0,1,0,1,1,1 
M_2,L-Category_Petrol_Mopeds 2-stroke <50 cm³_Euro 1,,Urban Off Peak,,,0,60,0,0,3.4,0,0,0,1,0,1,1,1 
M_2,L-Category_Petrol_Mopeds 2-stroke <50 cm³_Euro 1,,Rural,,,0,60,0,0,3.4,0,0,0,1,0,1,1,1 
M_2,L-Category_Petrol_Mopeds 2-stroke <50 cm³_Euro 1,,Highway,,,0,60,0,0,3.4,0,0,0,1,0,1,1,1 
M_3,L-Category_Petrol_Mopeds 2-stroke <50 cm³_Euro 2,,Urban Peak,,,0,60,0,0,2.6,0,0,0,1,0,1,1,1 
M_3,L-Category_Petrol_Mopeds 2-stroke <50 cm³_Euro 2,,Urban Off Peak,,,0,60,0,0,2.6,0,0,0,1,0,1,1,1 
M_3,L-Category_Petrol_Mopeds 2-stroke <50 cm³_Euro 2,,Rural,,,0,60,0,0,2.6,0,0,0,1,0,1,1,1 
M_3,L-Category_Petrol_Mopeds 2-stroke <50 cm³_Euro 2,,Highway,,,0,60,0,0,2.6,0,0,0,1,0,1,1,1 
M_4,L-Category_Petrol_Mopeds 2-stroke <50 cm³_Euro 3,,Urban Peak,,,0,60,0,0,1.8,0,0,0,1,0,1,1,1 
M_4,L-Category_Petrol_Mopeds 2-stroke <50 cm³_Euro 3,,Urban Off Peak,,,0,60,0,0,1.8,0,0,0,1,0,1,1,1 
M_4,L-Category_Petrol_Mopeds 2-stroke <50 cm³_Euro 3,,Rural,,,0,60,0,0,1.8,0,0,0,1,0,1,1,1 
M_4,L-Category_Petrol_Mopeds 2-stroke <50 cm³_Euro 3,,Highway,,,0,60,0,0,1.8,0,0,0,1,0,1,1,1 
M_5,L-Category_Petrol_Mopeds 2-stroke <50 cm³_Euro 4,,Urban Peak,,,0,60,0,0,1.8,0,0,0,1,0,1,1,1 
M_5,L-Category_Petrol_Mopeds 2-stroke <50 cm³_Euro 4,,Urban Off Peak,,,0,60,0,0,1.8,0,0,0,1,0,1,1,1 
M_5,L-Category_Petrol_Mopeds 2-stroke <50 cm³_Euro 4,,Rural,,,0,60,0,0,1.8,0,0,0,1,0,1,1,1 
M_5,L-Category_Petrol_Mopeds 2-stroke <50 cm³_Euro 4,,Highway,,,0,60,0,0,1.8,0,0,0,1,0,1,1,1 
M_6,L-Category_Petrol_Mopeds 2-stroke <50 cm³_Euro 5,,Urban Peak,,,0,60,0,0,1.8,0,0,0,1,0,1,1,1 
M_6,L-Category_Petrol_Mopeds 2-stroke <50 cm³_Euro 5,,Urban Off Peak,,,0,60,0,0,1.8,0,0,0,1,0,1,1,1 
M_6,L-Category_Petrol_Mopeds 2-stroke <50 cm³_Euro 5,,Rural,,,0,60,0,0,1.8,0,0,0,1,0,1,1,1 
M_6,L-Category_Petrol_Mopeds 2-stroke <50 cm³_Euro 5,,Highway,,,0,60,0,0,1.8,0,0,0,1,0,1,1,1 
M_7,L-Category_Petrol_Mopeds 4-stroke <50 cm³_Conventional,,Urban Peak,,,0,60,0,0,8.4,0,0,0,1,0,1,1,1 
M_7,L-Category_Petrol_Mopeds 4-stroke <50 cm³_Conventional,,Urban Off Peak,,,0,60,0,0,8.4,0,0,0,1,0,1,1,1 
M_7,L-Category_Petrol_Mopeds 4-stroke <50 cm³_Conventional,,Rural,,,0,60,0,0,8.4,0,0,0,1,0,1,1,1 
M_7,L-Category_Petrol_Mopeds 4-stroke <50 cm³_Conventional,,Highway,,,0,60,0,0,8.4,0,0,0,1,0,1,1,1 
M_8,L-Category_Petrol_Mopeds 4-stroke <50 cm³_Euro 1,,Urban Peak,,,0,60,0,0,0.78,0,0,0,1,0,1,1,1 
M_8,L-Category_Petrol_Mopeds 4-stroke <50 cm³_Euro 1,,Urban Off Peak,,,0,60,0,0,0.78,0,0,0,1,0,1,1,1 
M_8,L-Category_Petrol_Mopeds 4-stroke <50 cm³_Euro 1,,Rural,,,0,60,0,0,0.78,0,0,0,1,0,1,1,1 
M_8,L-Category_Petrol_Mopeds 4-stroke <50 cm³_Euro 1,,Highway,,,0,60,0,0,0.78,0,0,0,1,0,1,1,1 
M_9,L-Category_Petrol_Mopeds 4-stroke <50 cm³_Euro 2,,Urban Peak,,,0,60,0,0,0.79,0,0,0,1,0,1,1,1 
M_9,L-Category_Petrol_Mopeds 4-stroke <50 cm³_Euro 2,,Urban Off Peak,,,0,60,0,0,0.79,0,0,0,1,0,1,1,1 
M_9,L-Category_Petrol_Mopeds 4-stroke <50 cm³_Euro 2,,Rural,,,0,60,0,0,0.79,0,0,0,1,0,1,1,1 
M_9,L-Category_Petrol_Mopeds 4-stroke <50 cm³_Euro 2,,Highway,,,0,60,0,0,0.79,0,0,0,1,0,1,1,1 
M_10,L-Category_Petrol_Mopeds 4-stroke <50 cm³_Euro 3,,Urban Peak,,,0,60,0,0,0.54,0,0,0,1,0,1,1,1 
M_10,L-Category_Petrol_Mopeds 4-stroke <50 cm³_Euro 3,,Urban Off Peak,,,0,60,0,0,0.54,0,0,0,1,0,1,1,1 
M_10,L-Category_Petrol_Mopeds 4-stroke <50 cm³_Euro 3,,Rural,,,0,60,0,0,0.54,0,0,0,1,0,1,1,1 
M_10,L-Category_Petrol_Mopeds 4-stroke <50 cm³_Euro 3,,Highway,,,0,60,0,0,0.54,0,0,0,1,0,1,1,1 
M_11,L-Category_Petrol_Mopeds 4-stroke <50 cm³_Euro 4,,Urban Peak,,,0,60,0,0,0.54,0,0,0,1,0,1,1,1 
M_11,L-Category_Petrol_Mopeds 4-stroke <50 cm³_Euro 4,,Urban Off Peak,,,0,60,0,0,0.54,0,0,0,1,0,1,1,1 
M_11,L-Category_Petrol_Mopeds 4-stroke <50 cm³_Euro 4,,Rural,,,0,60,0,0,0.54,0,0,0,1,0,1,1,1 
M_11,L-Category_Petrol_Mopeds 4-stroke <50 cm³_Euro 4,,Highway,,,0,60,0,0,0.54,0,0,0,1,0,1,1,1 
M_12,L-Category_Petrol_Mopeds 4-stroke <50 cm³_Euro 5,,Urban Peak,,,0,60,0,0,0.54,0,0,0,1,0,1,1,1 
M_12,L-Category_Petrol_Mopeds 4-stroke <50 cm³_Euro 5,,Urban Off Peak,,,0,60,0,0,0.54,0,0,0,1,0,1,1,1 
M_12,L-Category_Petrol_Mopeds 4-stroke <50 cm³_Euro 5,,Rural,,,0,60,0,0,0.54,0,0,0,1,0,1,1,1 
M_12,L-Category_Petrol_Mopeds 4-stroke <50 cm³_Euro 5,,Highway,,,0,60,0,0,0.54,0,0,0,1,0,1,1,1 
M_13,L-Category_Petrol_Motorcycles 2-stroke >50 cm³_Conventional,,,,,10,100,0.001026123,-0.098835014,6.710105951,-14.37739096,-6.38E-05,0.012588958,0.079249931,0,1,1,1 
M_14,L-Category_Petrol_Motorcycles 2-stroke >50 cm³_Euro 1,,,,,10,100,0.001871834,-0.165524641,7.32998696,-6.183206115,-7.09E-05,0.024338956,0.50650582,0,1,1,1 
M_15,L-Category_Petrol_Motorcycles 2-stroke >50 cm³_Euro 2,,,,,10,100,0.000953235,-0.084447704,3.715237071,-2.998234529,-6.19E-05,0.022523362,0.493859388,0,1,1,1 
M_16,L-Category_Petrol_Motorcycles 2-stroke >50 cm³_Euro 3,,,,,10,100,0.000618911,-0.054736293,2.452487941,-2.192845151,-8.10E-05,0.025534701,0.499476799,0,1,1,1 
M_17,L-Category_Petrol_Motorcycles 2-stroke >50 cm³_Euro 4,,,,,10,100,0.000618911,-0.054736293,2.452487941,-2.192845151,-8.10E-05,0.025534701,0.499476799,0,1,1,1 
M_18,L-Category_Petrol_Motorcycles 2-stroke >50 cm³_Euro 5,,,,,10,100,0.000618911,-0.054736293,2.452487941,-2.192845151,-8.10E-05,0.025534701,0.499476799,0,1,1,1 
M_19,L-Category_Petrol_Motorcycles 4-stroke <250 cm³_Conventional,,,,,10,100,0.000424886,-0.044101888,2.654401052,-2.902828177,1.85E-05,0.019856812,0.378436713,0,1,1,1 
M_20,L-Category_Petrol_Motorcycles 4-stroke <250 cm³_Euro 1,,,,,10,100,0.000295727,-0.024578447,2.33467297,-4.164819128,-0.000114384,0.036638471,0.364073817,0,1,1,1 
M_21,L-Category_Petrol_Motorcycles 4-stroke <250 cm³_Euro 2,,,,,10,100,0.000455119,0.00314118,2.135689893,-9.649710528,-0.000349419,0.173142372,-0.327868763,0,1,1,1 
M_22,L-Category_Petrol_Motorcycles 4-stroke <250 cm³_Euro 3,,,,,10,100,0.000303399,0.001879136,1.311025494,-6.720551854,-0.000318042,0.17687592,-0.547571403,0,1,1,1 
M_23,L-Category_Petrol_Motorcycles 4-stroke <250 cm³_Euro 4,,,,,10,100,0.000303399,0.001879136,1.311025494,-6.720551854,-0.000318042,0.17687592,-0.547571403,0,1,1,1 
M_24,L-Category_Petrol_Motorcycles 4-stroke <250 cm³_Euro 5,,,,,10,100,0.000303399,0.001879136,1.311025494,-6.720551854,-0.000318042,0.17687592,-0.547571403,0,1,1,1 
M_25,L-Category_Petrol_Motorcycles 4-stroke 250 - 750 cm³_Conventional,,,,,10,140,2.80E-05,-0.018409977,2.136548661,-1.947781765,-0.000107919,0.013813869,0.199706879,0,1,1,1 
M_26,L-Category_Petrol_Motorcycles 4-stroke 250 - 750 cm³_Euro 1,,,,,10,140,0.000109556,-0.032015509,4.228501659,-4.382874671,-0.000340521,0.05116899,0.76170745,0,1,1,1 
M_27,L-Category_Petrol_Motorcycles 4-stroke 250 - 750 cm³_Euro 2,,,,,10,140,0.000369329,-0.04385941,3.915901372,1.113641077,-0.000513637,0.0815369,2.187570644,0,1,1,1 
M_28,L-Category_Petrol_Motorcycles 4-stroke 250 - 750 cm³_Euro 3,,,,,10,140,0.000266492,-0.031735532,2.796612374,0.126618206,-0.000567798,0.090948753,2.474478632,0,1,1,1 
M_29,L-Category_Petrol_Motorcycles 4-stroke 250 - 750 cm³_Euro 4,,,,,10,140,0.000266492,-0.031735532,2.796612374,0.126618206,-0.000567798,0.090948753,2.474478632,0,1,1,1 
M_30,L-Category_Petrol_Motorcycles 4-stroke 250 - 750 cm³_Euro 5,,,,,10,140,0.000266492,-0.031735532,2.796612374,0.126618206,-0.000567798,0.090948753,2.474478632,0,1,1,1 
M_31,L-Category_Petrol_Motorcycles 4-stroke >750 cm³_Conventional,,,,,10,140,0.000220726,-0.038904588,3.26088942,-1.848481469,-7.92E-05,0.014360493,0.356381929,0,1,1,1 
M_32,L-Category_Petrol_Motorcycles 4-stroke >750 cm³_Euro 1,,,,,10,140,0.000113107,-0.020873674,1.589117015,-3.916978925,-0.000137852,0.021505756,0.123702731,0,1,1,1 
M_33,L-Category_Petrol_Motorcycles 4-stroke >750 cm³_Euro 2,,,,,10,140,0.00023753,-0.028118479,1.97927935,-9.4546195,-0.000551234,0.090832956,-0.205322482,0,1,1,1 
M_34,L-Category_Petrol_Motorcycles 4-stroke >750 cm³_Euro 3,,,,,10,140,0.000188732,-0.022180802,1.561227055,-7.247660621,-0.000700276,0.115273979,-0.228868831,0,1,1,1 
M_35,L-Category_Petrol_Motorcycles 4-stroke >750 cm³_Euro 4,,,,,10,140,0.000188732,-0.022180802,1.561227055,-7.247660621,-0.000700276,0.115273979,-0.228868831,0,1,1,1 
M_36,L-Category_Petrol_Motorcycles 4-stroke >750 cm³_Euro 5,,,,,10,140,0.000188732,-0.022180802,1.561227055,-7.247660621,-0.000700276,0.115273979,-0.228868831,0,1,1,1 
BH_1,Buses_Hybrid_Urban Buses Articulated >18 t_Euro V,SCR,,-0.06,0,5,85,-0.000427803,0.063215596,-0.225475651,0.781635607,0.136449593,-0.352579034,2.459989168,0,1,1,0.8 
BH_1,Buses_Hybrid_Urban Buses Articulated >18 t_Euro V,SCR,,-0.06,0.5,5,85,-0.000371688,0.059165647,-0.25022867,0.751747295,0.136561988,-0.522252883,2.459140979,0,1,1,0.8 
BH_1,Buses_Hybrid_Urban Buses Articulated >18 t_Euro V,SCR,,-0.06,1,5,85,-0.000611088,0.107107432,-0.532673766,1.488313992,0.259666514,-1.319836679,5.040065847,0,1,1,0.8 
BH_1,Buses_Hybrid_Urban Buses Articulated >18 t_Euro V,SCR,,-0.04,0,5,85,-0.001470037,0.224803038,-0.325904926,1.040202012,0.345128496,1.047502037,1.191551854,0,1,1,0.8 
BH_1,Buses_Hybrid_Urban Buses Articulated >18 t_Euro V,SCR,,-0.04,0.5,5,85,-0.001123718,0.168582329,-0.376198687,1.101881439,0.269013838,0.249435786,2.31511654,0,1,1,0.8 
BH_1,Buses_Hybrid_Urban Buses Articulated >18 t_Euro V,SCR,,-0.04,1,5,85,-0.001602674,0.23220254,-0.491422073,1.067141209,0.362887159,0.442769602,1.5858576,0,1,1,0.8 
BH_1,Buses_Hybrid_Urban Buses Articulated >18 t_Euro V,SCR,,-0.02,0,5,85,1.31E-05,-0.002069011,0.092263253,0.422044266,-0.00050753,0.028331024,2.114152291,0,1,1,0.8 
BH_1,Buses_Hybrid_Urban Buses Articulated >18 t_Euro V,SCR,,-0.02,0.5,5,85,-0.000797314,0.299718328,-0.347145156,0.8410246,0.362797487,1.624527104,0.001751466,0,1,1,0.8 
BH_1,Buses_Hybrid_Urban Buses Articulated >18 t_Euro V,SCR,,-0.02,1,5,85,-0.001251704,0.300099544,-0.30277137,0.756638371,0.330205605,1.726090878,0.001881573,0,1,1,0.8 
BH_1,Buses_Hybrid_Urban Buses Articulated >18 t_Euro V,SCR,,0,0,5,85,1.04E-05,-0.001940305,0.12044447,0.558453348,-0.000469322,0.031274945,2.425873648,0,1,1,0.8 
BH_1,Buses_Hybrid_Urban Buses Articulated >18 t_Euro V,SCR,,0,0.5,5,85,6.22E-06,-0.00198959,0.15077609,0.539599305,-0.000849409,0.059758847,2.431390852,0,1,1,0.8 
BH_1,Buses_Hybrid_Urban Buses Articulated >18 t_Euro V,SCR,,0,1,5,85,4.23E-06,-0.003718176,0.324923988,0.941002406,-0.002006912,0.141827945,4.438265045,0,1,1,0.8 
BH_1,Buses_Hybrid_Urban Buses Articulated >18 t_Euro V,SCR,,0.02,0,5,85,2.71E-06,-0.001138317,0.112324503,0.628351538,-0.000481165,0.030675834,2.181055886,0,1,1,0.8 
BH_1,Buses_Hybrid_Urban Buses Articulated >18 t_Euro V,SCR,,0.02,0.5,5,85,-1.66E-05,-0.000167825,0.174442194,0.715406447,-0.001167509,0.085594105,2.475938605,0,1,1,0.8 
BH_1,Buses_Hybrid_Urban Buses Articulated >18 t_Euro V,SCR,,0.02,1,5,80,-3.46E-05,0.000358242,0.215340648,0.739946269,-0.001575692,0.104525258,2.555200938,0,1,1,0.8 
BH_1,Buses_Hybrid_Urban Buses Articulated >18 t_Euro V,SCR,,0.04,0,5,80,-3.30E-05,0.001023038,0.168435977,0.771862579,-0.001410442,0.098629014,2.409981336,0,1,1,0.8 
BH_1,Buses_Hybrid_Urban Buses Articulated >18 t_Euro V,SCR,,0.04,0.5,5,65,0.022922712,0.459432967,-0.421344548,0.958515559,0.618188189,0.992797476,3.56E-07,0,1,1,0.8 
BH_1,Buses_Hybrid_Urban Buses Articulated >18 t_Euro V,SCR,,0.04,1,5,55,0.000406613,-0.007899261,0.249165213,1.108830339,0.004976579,-0.063892228,3.233064667,0,1,1,0.8 
BH_1,Buses_Hybrid_Urban Buses Articulated >18 t_Euro V,SCR,,0.06,0,5,65,0.0220478,0.42207187,-0.219646287,0.879629961,0.585924645,1.108637343,0.227956247,0,1,1,0.8 
BH_1,Buses_Hybrid_Urban Buses Articulated >18 t_Euro V,SCR,,0.06,0.5,5,50,0.000483262,-0.00608304,0.624784112,2.526926559,0.004749969,0.058158362,6.977831563,0,1,1,0.8 
BH_1,Buses_Hybrid_Urban Buses Articulated >18 t_Euro V,SCR,,0.06,1,5,40,0.004978444,-0.051139012,0.262727805,1.355735043,0.050758813,-0.594520328,3.936672547,0,1,1,0.8 
BH_1,Buses_Hybrid_Urban Buses Articulated >18 t_Euro V,EGR,,-0.06,0,5,85,-0.002206023,0.204140327,-0.940865148,2.346058241,0.097957492,-0.423719563,1.266371962,0,1,1,0.8 
BH_1,Buses_Hybrid_Urban Buses Articulated >18 t_Euro V,EGR,,-0.06,0.5,5,85,-0.002166399,0.205806084,-1.174088205,2.44137879,0.107392629,-0.629408772,1.426832281,0,1,1,0.8 
BH_1,Buses_Hybrid_Urban Buses Articulated >18 t_Euro V,EGR,,-0.06,1,5,85,-0.00265447,0.261517573,-1.66965458,3.160036099,0.144271837,-0.973862269,1.944940288,0,1,1,0.8 
BH_1,Buses_Hybrid_Urban Buses Articulated >18 t_Euro V,EGR,,-0.04,0,5,85,-0.004924806,0.539168785,-0.382523643,1.613692721,0.197907145,0.428971491,-4.51E-09,0,1,1,0.8 
BH_1,Buses_Hybrid_Urban Buses Articulated >18 t_Euro V,EGR,,-0.04,0.5,5,85,-0.004394294,0.443591618,-0.28961236,1.694517553,0.166247182,0.366816413,0.368692664,0,1,1,0.8 
BH_1,Buses_Hybrid_Urban Buses Articulated >18 t_Euro V,EGR,,-0.04,1,5,85,-0.006029881,0.598875537,-0.573999799,1.463636666,0.231152086,0.362414191,0.048428957,0,1,1,0.8 
BH_1,Buses_Hybrid_Urban Buses Articulated >18 t_Euro V,EGR,,-0.02,0,5,85,2.10E-05,-0.002772043,0.098407066,1.637348934,-5.71E-05,-0.000761739,0.993534277,0,1,1,0.8 
BH_1,Buses_Hybrid_Urban Buses Articulated >18 t_Euro V,EGR,,-0.02,0.5,5,85,-0.002380593,0.521073116,0.829214731,1.133924259,0.15275226,0.991169236,-2.11E-07,0,1,1,0.8 
BH_1,Buses_Hybrid_Urban Buses Articulated >18 t_Euro V,EGR,,-0.02,1,5,85,-0.003128071,0.535096071,0.694891766,1.204501772,0.154808592,0.955980722,-1.11E-07,0,1,1,0.8 
BH_1,Buses_Hybrid_Urban Buses Articulated >18 t_Euro V,EGR,,0,0,5,85,3.26E-05,-0.005592433,0.329066764,4.593989556,-0.000228076,0.010905849,2.45388614,0,1,1,0.8 
BH_1,Buses_Hybrid_Urban Buses Articulated >18 t_Euro V,EGR,,0,0.5,5,85,5.37E-05,-0.010464767,0.656848333,9.425695824,-0.000553816,0.027603561,4.876046654,0,1,1,0.8 
BH_1,Buses_Hybrid_Urban Buses Articulated >18 t_Euro V,EGR,,0,1,5,85,5.03E-05,-0.011233214,0.712783957,9.664318291,-0.000711625,0.035710904,4.925919604,0,1,1,0.8 
BH_1,Buses_Hybrid_Urban Buses Articulated >18 t_Euro V,EGR,,0.02,0,5,85,2.57E-05,0.000765847,0.133200893,2.283409901,0.000382152,0.009507984,1.011243284,0,1,1,0.8 
BH_1,Buses_Hybrid_Urban Buses Articulated >18 t_Euro V,EGR,,0.02,0.5,5,85,-0.000176073,0.050790893,1.099181917,-3.60979278,0.000231469,0.510912259,-1.488962045,0,1,1,0.8 
BH_1,Buses_Hybrid_Urban Buses Articulated >18 t_Euro V,EGR,,0.02,1,5,80,-0.000246583,0.021839657,0.936894137,2.320836026,-0.002220235,0.30587124,0.997083801,0,1,1,0.8 
BH_1,Buses_Hybrid_Urban Buses Articulated >18 t_Euro V,EGR,,0.04,0,5,80,-0.000187026,0.012790568,0.639141267,2.223539918,-0.001845521,0.195777398,0.929851738,0,1,1,0.8 
BH_1,Buses_Hybrid_Urban Buses Articulated >18 t_Euro V,EGR,,0.04,0.5,5,65,-0.000414051,0.027747738,1.064612826,2.225883122,-0.003121522,0.335176838,0.899220395,0,1,1,0.8 
BH_1,Buses_Hybrid_Urban Buses Articulated >18 t_Euro V,EGR,,0.04,1,5,55,0.035820048,0.736227294,-4.271659934,0.352075905,0.308577565,-1.436886489,5.55E-10,0,1,1,0.8 
BH_1,Buses_Hybrid_Urban Buses Articulated >18 t_Euro V,EGR,,0.06,0,5,65,-0.000889722,0.062855774,1.971288561,1.29973745,-0.005941515,0.673199013,0.576221661,0,1,1,0.8 
BH_1,Buses_Hybrid_Urban Buses Articulated >18 t_Euro V,EGR,,0.06,0.5,5,50,0.039898622,1.166613257,0.268528362,0.720623029,0.361613784,0.130653701,0.224403291,0,1,1,0.8 
BH_1,Buses_Hybrid_Urban Buses Articulated >18 t_Euro V,EGR,,0.06,1,5,40,0.009452269,0.111318153,-1.246454771,2.805346191,0.059819238,-0.458956882,0.931068062,0,1,1,0.8 
BH_2,Buses_Hybrid_Urban Buses Articulated >18 t_Euro VI,,,-0.06,0,5,85,-0.001289099,0.119317493,-0.550916853,1.372464324,0.190873906,-0.827848005,2.470147269,0,1,1,1 
BH_2,Buses_Hybrid_Urban Buses Articulated >18 t_Euro VI,,,-0.06,0.5,5,85,-0.001144716,0.108836584,-0.623981589,1.297468863,0.189374195,-1.116846884,2.530071272,0,1,1,1 
BH_2,Buses_Hybrid_Urban Buses Articulated >18 t_Euro VI,,,-0.06,1,5,85,-0.002513153,0.247526031,-1.580629649,2.992905624,0.455040136,-3.072386126,6.13954638,0,1,1,1 
BH_2,Buses_Hybrid_Urban Buses Articulated >18 t_Euro VI,,,-0.04,0,5,85,-0.003580114,0.392115914,-0.282105727,1.172133999,0.479955984,1.030593584,0.000594656,0,1,1,1 
BH_2,Buses_Hybrid_Urban Buses Articulated >18 t_Euro VI,,,-0.04,0.5,5,85,-0.003035094,0.306634886,-0.20917146,1.179137864,0.38332736,0.825419625,0.866872182,0,1,1,1 
BH_2,Buses_Hybrid_Urban Buses Articulated >18 t_Euro VI,,,-0.04,1,5,85,-0.004356043,0.433261738,-0.437881589,1.118914976,0.558088741,0.821832649,0.252623134,0,1,1,1 
BH_2,Buses_Hybrid_Urban Buses Articulated >18 t_Euro VI,,,-0.02,0,5,85,1.71E-05,-0.002253744,0.080157645,1.328719295,-0.00015803,-0.001753272,2.6879474,0,1,1,1 
BH_2,Buses_Hybrid_Urban Buses Articulated >18 t_Euro VI,,,-0.02,0.5,5,85,-0.001241818,0.272637635,0.4226037,0.593277365,0.266778178,1.707821981,6.10E-06,0,1,1,1 
BH_2,Buses_Hybrid_Urban Buses Articulated >18 t_Euro VI,,,-0.02,1,5,85,-0.001681531,0.289862101,0.33894192,0.654269888,0.280729613,1.657768829,4.06E-06,0,1,1,1 
BH_2,Buses_Hybrid_Urban Buses Articulated >18 t_Euro VI,,,0,0,5,85,7.43E-06,-0.001295345,0.076954525,1.063668799,-0.000186917,0.009256398,1.894650914,0,1,1,1 
BH_2,Buses_Hybrid_Urban Buses Articulated >18 t_Euro VI,,,0,0.5,5,85,2.56E-05,-0.005207468,0.33372194,4.683758358,-0.001016366,0.05341214,8.084706584,0,1,1,1 
BH_2,Buses_Hybrid_Urban Buses Articulated >18 t_Euro VI,,,0,1,5,85,2.26E-05,-0.005541942,0.365551258,4.74512222,-0.001360013,0.073884825,8.080066204,0,1,1,1 
BH_2,Buses_Hybrid_Urban Buses Articulated >18 t_Euro VI,,,0.02,0,5,85,1.41E-05,0.000453039,0.078404161,1.308166207,0.000696212,0.020520611,1.932487101,0,1,1,1 
BH_2,Buses_Hybrid_Urban Buses Articulated >18 t_Euro VI,,,0.02,0.5,5,85,-1.86E-05,0.000234252,0.133861964,1.537469911,-0.000984872,0.073873651,2.180327342,0,1,1,1 
BH_2,Buses_Hybrid_Urban Buses Articulated >18 t_Euro VI,,,0.02,1,5,80,-0.000164821,0.01563376,0.634516256,1.266300343,-0.004786564,0.706211436,1.844272337,0,1,1,1 
BH_2,Buses_Hybrid_Urban Buses Articulated >18 t_Euro VI,,,0.04,0,5,85,-0.000142168,0.010701548,0.481025348,1.322874006,-0.004499228,0.514326178,1.859558969,0,1,1,1 
BH_2,Buses_Hybrid_Urban Buses Articulated >18 t_Euro VI,,,0.04,0.5,5,70,-0.00028883,0.021919772,0.785253345,1.292046225,-0.007022615,0.843159532,1.771814672,0,1,1,1 
BH_2,Buses_Hybrid_Urban Buses Articulated >18 t_Euro VI,,,0.04,1,5,55,0.019245391,0.374771517,-2.050354811,-0.275651344,0.539065485,-2.398997077,-0.324489155,0,1,1,1 
BH_2,Buses_Hybrid_Urban Buses Articulated >18 t_Euro VI,,,0.06,0,5,65,-0.000476701,0.039180048,1.165885701,0.599855849,-0.010061578,1.336663084,0.926303243,0,1,1,1 
BH_2,Buses_Hybrid_Urban Buses Articulated >18 t_Euro VI,,,0.06,0.5,5,50,0.021671761,0.561506527,-1.782583221,0.277449441,0.645134743,-1.751304217,-4.25E-08,0,1,1,1 
BH_2,Buses_Hybrid_Urban Buses Articulated >18 t_Euro VI,,,0.06,1,5,40,0.012691938,0.214524751,-1.525884298,2.321562471,0.291724338,-1.664585603,2.384402255,0,1,1,1 
