Code,Copert_V_name,Technology,Mode,Road.Slope,Load,Min.Speed,Max.Speed,Alpha,Beta,Gamma,Delta,Epsilon,Zita,Hta,RF,Q,PF,T
PCG_44,Passenger Cars_Petrol_Mini_Euro 4,,Urban Peak,,,10,130,0,0,2.87,0,0,0,1000,0,1,1,1 
PCG_44,Passenger Cars_Petrol_Mini_Euro 4,,Urban Off Peak,,,10,130,0,0,2.87,0,0,0,1000,0,1,1,1 
PCG_44,Passenger Cars_Petrol_Mini_Euro 4,,Rural,,,10,130,0,0,2.69,0,0,0,1000,0,1,1,1 
PCG_44,Passenger Cars_Petrol_Mini_Euro 4,,Highway,,,10,130,0,0,5.08,0,0,0,1000,0,1,1,1 
PCG_45,Passenger Cars_Petrol_Mini_Euro 5,,Urban Peak,,,10,130,0,0,2.87,0,0,0,1000,0,1,1,1 
PCG_45,Passenger Cars_Petrol_Mini_Euro 5,,Urban Off Peak,,,10,130,0,0,2.87,0,0,0,1000,0,1,1,1 
PCG_45,Passenger Cars_Petrol_Mini_Euro 5,,Rural,,,10,130,0,0,2.69,0,0,0,1000,0,1,1,1 
PCG_45,Passenger Cars_Petrol_Mini_Euro 5,,Highway,,,10,130,0,0,5.08,0,0,0,1000,0,1,1,1 
PCG_46,Passenger Cars_Petrol_Mini_Euro 6 up to 2016,,Urban Peak,,,10,130,0,0,2.87,0,0,0,1000,0,1,1,1 
PCG_46,Passenger Cars_Petrol_Mini_Euro 6 up to 2016,,Urban Off Peak,,,10,130,0,0,2.87,0,0,0,1000,0,1,1,1 
PCG_46,Passenger Cars_Petrol_Mini_Euro 6 up to 2016,,Rural,,,10,130,0,0,2.69,0,0,0,1000,0,1,1,1 
PCG_46,Passenger Cars_Petrol_Mini_Euro 6 up to 2016,,Highway,,,10,130,0,0,5.08,0,0,0,1000,0,1,1,1 
PCG_47,Passenger Cars_Petrol_Mini_Euro 6 2017-2019,,Urban Peak,,,10,130,0,0,2.87,0,0,0,1000,0,1,1,1 
PCG_47,Passenger Cars_Petrol_Mini_Euro 6 2017-2019,,Urban Off Peak,,,10,130,0,0,2.87,0,0,0,1000,0,1,1,1 
PCG_47,Passenger Cars_Petrol_Mini_Euro 6 2017-2019,,Rural,,,10,130,0,0,2.69,0,0,0,1000,0,1,1,1 
PCG_47,Passenger Cars_Petrol_Mini_Euro 6 2017-2019,,Highway,,,10,130,0,0,5.08,0,0,0,1000,0,1,1,1 
PCG_48,Passenger Cars_Petrol_Mini_Euro 6 2020+,,Urban Peak,,,10,130,0,0,2.87,0,0,0,1000,0,1,1,1 
PCG_48,Passenger Cars_Petrol_Mini_Euro 6 2020+,,Urban Off Peak,,,10,130,0,0,2.87,0,0,0,1000,0,1,1,1 
PCG_48,Passenger Cars_Petrol_Mini_Euro 6 2020+,,Rural,,,10,130,0,0,2.69,0,0,0,1000,0,1,1,1 
PCG_48,Passenger Cars_Petrol_Mini_Euro 6 2020+,,Highway,,,10,130,0,0,5.08,0,0,0,1000,0,1,1,1 
PCG_1,Passenger Cars_Petrol_Small_PRE ECE,,Urban Peak,,,10,130,0,0,131,0,0,0,1000,0,1,1,1 
PCG_1,Passenger Cars_Petrol_Small_PRE ECE,,Urban Off Peak,,,10,130,0,0,131,0,0,0,1000,0,1,1,1 
PCG_1,Passenger Cars_Petrol_Small_PRE ECE,,Rural,,,10,130,0,0,86,0,0,0,1000,0,1,1,1 
PCG_1,Passenger Cars_Petrol_Small_PRE ECE,,Highway,,,10,130,0,0,41,0,0,0,1000,0,1,1,1 
PCG_2,Passenger Cars_Petrol_Small_ECE 15/00-01,,Urban Peak,,,10,130,0,0,131,0,0,0,1000,0,1,1,1 
PCG_2,Passenger Cars_Petrol_Small_ECE 15/00-01,,Urban Off Peak,,,10,130,0,0,131,0,0,0,1000,0,1,1,1 
PCG_2,Passenger Cars_Petrol_Small_ECE 15/00-01,,Rural,,,10,130,0,0,86,0,0,0,1000,0,1,1,1 
PCG_2,Passenger Cars_Petrol_Small_ECE 15/00-01,,Highway,,,10,130,0,0,41,0,0,0,1000,0,1,1,1 
PCG_3,Passenger Cars_Petrol_Small_ECE 15/02,,Urban Peak,,,10,130,0,0,131,0,0,0,1000,0,1,1,1 
PCG_3,Passenger Cars_Petrol_Small_ECE 15/02,,Urban Off Peak,,,10,130,0,0,131,0,0,0,1000,0,1,1,1 
PCG_3,Passenger Cars_Petrol_Small_ECE 15/02,,Rural,,,10,130,0,0,86,0,0,0,1000,0,1,1,1 
PCG_3,Passenger Cars_Petrol_Small_ECE 15/02,,Highway,,,10,130,0,0,41,0,0,0,1000,0,1,1,1 
PCG_4,Passenger Cars_Petrol_Small_ECE 15/03,,Urban Peak,,,10,130,0,0,131,0,0,0,1000,0,1,1,1 
PCG_4,Passenger Cars_Petrol_Small_ECE 15/03,,Urban Off Peak,,,10,130,0,0,131,0,0,0,1000,0,1,1,1 
PCG_4,Passenger Cars_Petrol_Small_ECE 15/03,,Rural,,,10,130,0,0,86,0,0,0,1000,0,1,1,1 
PCG_4,Passenger Cars_Petrol_Small_ECE 15/03,,Highway,,,10,130,0,0,41,0,0,0,1000,0,1,1,1 
PCG_5,Passenger Cars_Petrol_Small_ECE 15/04,,Urban Peak,,,10,130,0,0,131,0,0,0,1000,0,1,1,1 
PCG_5,Passenger Cars_Petrol_Small_ECE 15/04,,Urban Off Peak,,,10,130,0,0,131,0,0,0,1000,0,1,1,1 
PCG_5,Passenger Cars_Petrol_Small_ECE 15/04,,Rural,,,10,130,0,0,86,0,0,0,1000,0,1,1,1 
PCG_5,Passenger Cars_Petrol_Small_ECE 15/04,,Highway,,,10,130,0,0,41,0,0,0,1000,0,1,1,1 
PCG_6,Passenger Cars_Petrol_Small_Improved Conventional,,Urban Peak,,,10,130,0,0,131,0,0,0,1000,0,1,1,1 
PCG_6,Passenger Cars_Petrol_Small_Improved Conventional,,Urban Off Peak,,,10,130,0,0,131,0,0,0,1000,0,1,1,1 
PCG_6,Passenger Cars_Petrol_Small_Improved Conventional,,Rural,,,10,130,0,0,86,0,0,0,1000,0,1,1,1 
PCG_6,Passenger Cars_Petrol_Small_Improved Conventional,,Highway,,,10,130,0,0,41,0,0,0,1000,0,1,1,1 
PCG_7,Passenger Cars_Petrol_Small_Open Loop,,Urban Peak,,,10,130,0,0,131,0,0,0,1000,0,1,1,1 
PCG_7,Passenger Cars_Petrol_Small_Open Loop,,Urban Off Peak,,,10,130,0,0,131,0,0,0,1000,0,1,1,1 
PCG_7,Passenger Cars_Petrol_Small_Open Loop,,Rural,,,10,130,0,0,86,0,0,0,1000,0,1,1,1 
PCG_7,Passenger Cars_Petrol_Small_Open Loop,,Highway,,,10,130,0,0,41,0,0,0,1000,0,1,1,1 
PCG_8,Passenger Cars_Petrol_Small_Euro 1,,Urban Peak,,,10,130,0,0,26,0,0,0,1000,0,1,1,1 
PCG_8,Passenger Cars_Petrol_Small_Euro 1,,Urban Off Peak,,,10,130,0,0,26,0,0,0,1000,0,1,1,1 
PCG_8,Passenger Cars_Petrol_Small_Euro 1,,Rural,,,10,130,0,0,16,0,0,0,1000,0,1,1,1 
PCG_8,Passenger Cars_Petrol_Small_Euro 1,,Highway,,,10,130,0,0,14,0,0,0,1000,0,1,1,1 
PCG_9,Passenger Cars_Petrol_Small_Euro 2,,Urban Peak,,,10,130,0,0,17,0,0,0,1000,0,1,1,1 
PCG_9,Passenger Cars_Petrol_Small_Euro 2,,Urban Off Peak,,,10,130,0,0,17,0,0,0,1000,0,1,1,1 
PCG_9,Passenger Cars_Petrol_Small_Euro 2,,Rural,,,10,130,0,0,13,0,0,0,1000,0,1,1,1 
PCG_9,Passenger Cars_Petrol_Small_Euro 2,,Highway,,,10,130,0,0,11,0,0,0,1000,0,1,1,1 
PCG_10,Passenger Cars_Petrol_Small_Euro 3,,Urban Peak,,,10,130,0,0,3,0,0,0,1000,0,1,1,1 
PCG_10,Passenger Cars_Petrol_Small_Euro 3,,Urban Off Peak,,,10,130,0,0,3,0,0,0,1000,0,1,1,1 
PCG_10,Passenger Cars_Petrol_Small_Euro 3,,Rural,,,10,130,0,0,2,0,0,0,1000,0,1,1,1 
PCG_10,Passenger Cars_Petrol_Small_Euro 3,,Highway,,,10,130,0,0,4,0,0,0,1000,0,1,1,1 
PCG_11,Passenger Cars_Petrol_Small_Euro 4,,Urban Peak,,,10,130,0,0,2.87,0,0,0,1000,0,1,1,1 
PCG_11,Passenger Cars_Petrol_Small_Euro 4,,Urban Off Peak,,,10,130,0,0,2.87,0,0,0,1000,0,1,1,1 
PCG_11,Passenger Cars_Petrol_Small_Euro 4,,Rural,,,10,130,0,0,2.69,0,0,0,1000,0,1,1,1 
PCG_11,Passenger Cars_Petrol_Small_Euro 4,,Highway,,,10,130,0,0,5.08,0,0,0,1000,0,1,1,1 
PCG_12,Passenger Cars_Petrol_Small_Euro 5,,Urban Peak,,,10,130,0,0,2.87,0,0,0,1000,0,1,1,1 
PCG_12,Passenger Cars_Petrol_Small_Euro 5,,Urban Off Peak,,,10,130,0,0,2.87,0,0,0,1000,0,1,1,1 
PCG_12,Passenger Cars_Petrol_Small_Euro 5,,Rural,,,10,130,0,0,2.69,0,0,0,1000,0,1,1,1 
PCG_12,Passenger Cars_Petrol_Small_Euro 5,,Highway,,,10,130,0,0,5.08,0,0,0,1000,0,1,1,1 
PCG_13,Passenger Cars_Petrol_Small_Euro 6 up to 2016,,Urban Peak,,,10,130,0,0,2.87,0,0,0,1000,0,1,1,1 
PCG_13,Passenger Cars_Petrol_Small_Euro 6 up to 2016,,Urban Off Peak,,,10,130,0,0,2.87,0,0,0,1000,0,1,1,1 
PCG_13,Passenger Cars_Petrol_Small_Euro 6 up to 2016,,Rural,,,10,130,0,0,2.69,0,0,0,1000,0,1,1,1 
PCG_13,Passenger Cars_Petrol_Small_Euro 6 up to 2016,,Highway,,,10,130,0,0,5.08,0,0,0,1000,0,1,1,1 
PCG_14,Passenger Cars_Petrol_Small_Euro 6 2017-2019,,Urban Peak,,,10,130,0,0,2.87,0,0,0,1000,0,1,1,1 
PCG_14,Passenger Cars_Petrol_Small_Euro 6 2017-2019,,Urban Off Peak,,,10,130,0,0,2.87,0,0,0,1000,0,1,1,1 
PCG_14,Passenger Cars_Petrol_Small_Euro 6 2017-2019,,Rural,,,10,130,0,0,2.69,0,0,0,1000,0,1,1,1 
PCG_14,Passenger Cars_Petrol_Small_Euro 6 2017-2019,,Highway,,,10,130,0,0,5.08,0,0,0,1000,0,1,1,1 
PCG_15,Passenger Cars_Petrol_Small_Euro 6 2020+,,Urban Peak,,,10,130,0,0,2.87,0,0,0,1000,0,1,1,1 
PCG_15,Passenger Cars_Petrol_Small_Euro 6 2020+,,Urban Off Peak,,,10,130,0,0,2.87,0,0,0,1000,0,1,1,1 
PCG_15,Passenger Cars_Petrol_Small_Euro 6 2020+,,Rural,,,10,130,0,0,2.69,0,0,0,1000,0,1,1,1 
PCG_15,Passenger Cars_Petrol_Small_Euro 6 2020+,,Highway,,,10,130,0,0,5.08,0,0,0,1000,0,1,1,1 
PCG_16,Passenger Cars_Petrol_Medium_PRE ECE,,Urban Peak,,,10,130,0,0,131,0,0,0,1000,0,1,1,1 
PCG_16,Passenger Cars_Petrol_Medium_PRE ECE,,Urban Off Peak,,,10,130,0,0,131,0,0,0,1000,0,1,1,1 
PCG_16,Passenger Cars_Petrol_Medium_PRE ECE,,Rural,,,10,130,0,0,86,0,0,0,1000,0,1,1,1 
PCG_16,Passenger Cars_Petrol_Medium_PRE ECE,,Highway,,,10,130,0,0,41,0,0,0,1000,0,1,1,1 
PCG_17,Passenger Cars_Petrol_Medium_ECE 15/00-01,,Urban Peak,,,10,130,0,0,131,0,0,0,1000,0,1,1,1 
PCG_17,Passenger Cars_Petrol_Medium_ECE 15/00-01,,Urban Off Peak,,,10,130,0,0,131,0,0,0,1000,0,1,1,1 
PCG_17,Passenger Cars_Petrol_Medium_ECE 15/00-01,,Rural,,,10,130,0,0,86,0,0,0,1000,0,1,1,1 
PCG_17,Passenger Cars_Petrol_Medium_ECE 15/00-01,,Highway,,,10,130,0,0,41,0,0,0,1000,0,1,1,1 
PCG_18,Passenger Cars_Petrol_Medium_ECE 15/02,,Urban Peak,,,10,130,0,0,131,0,0,0,1000,0,1,1,1 
PCG_18,Passenger Cars_Petrol_Medium_ECE 15/02,,Urban Off Peak,,,10,130,0,0,131,0,0,0,1000,0,1,1,1 
PCG_18,Passenger Cars_Petrol_Medium_ECE 15/02,,Rural,,,10,130,0,0,86,0,0,0,1000,0,1,1,1 
PCG_18,Passenger Cars_Petrol_Medium_ECE 15/02,,Highway,,,10,130,0,0,41,0,0,0,1000,0,1,1,1 
PCG_19,Passenger Cars_Petrol_Medium_ECE 15/03,,Urban Peak,,,10,130,0,0,131,0,0,0,1000,0,1,1,1 
PCG_19,Passenger Cars_Petrol_Medium_ECE 15/03,,Urban Off Peak,,,10,130,0,0,131,0,0,0,1000,0,1,1,1 
PCG_19,Passenger Cars_Petrol_Medium_ECE 15/03,,Rural,,,10,130,0,0,86,0,0,0,1000,0,1,1,1 
PCG_19,Passenger Cars_Petrol_Medium_ECE 15/03,,Highway,,,10,130,0,0,41,0,0,0,1000,0,1,1,1 
PCG_20,Passenger Cars_Petrol_Medium_ECE 15/04,,Urban Peak,,,10,130,0,0,131,0,0,0,1000,0,1,1,1 
PCG_20,Passenger Cars_Petrol_Medium_ECE 15/04,,Urban Off Peak,,,10,130,0,0,131,0,0,0,1000,0,1,1,1 
PCG_20,Passenger Cars_Petrol_Medium_ECE 15/04,,Rural,,,10,130,0,0,86,0,0,0,1000,0,1,1,1 
PCG_20,Passenger Cars_Petrol_Medium_ECE 15/04,,Highway,,,10,130,0,0,41,0,0,0,1000,0,1,1,1 
PCG_21,Passenger Cars_Petrol_Medium_Improved Conventional,,Urban Peak,,,10,130,0,0,131,0,0,0,1000,0,1,1,1 
PCG_21,Passenger Cars_Petrol_Medium_Improved Conventional,,Urban Off Peak,,,10,130,0,0,131,0,0,0,1000,0,1,1,1 
PCG_21,Passenger Cars_Petrol_Medium_Improved Conventional,,Rural,,,10,130,0,0,86,0,0,0,1000,0,1,1,1 
PCG_21,Passenger Cars_Petrol_Medium_Improved Conventional,,Highway,,,10,130,0,0,41,0,0,0,1000,0,1,1,1 
PCG_22,Passenger Cars_Petrol_Medium_Open Loop,,Urban Peak,,,10,130,0,0,131,0,0,0,1000,0,1,1,1 
PCG_22,Passenger Cars_Petrol_Medium_Open Loop,,Urban Off Peak,,,10,130,0,0,131,0,0,0,1000,0,1,1,1 
PCG_22,Passenger Cars_Petrol_Medium_Open Loop,,Rural,,,10,130,0,0,86,0,0,0,1000,0,1,1,1 
PCG_22,Passenger Cars_Petrol_Medium_Open Loop,,Highway,,,10,130,0,0,41,0,0,0,1000,0,1,1,1 
PCG_23,Passenger Cars_Petrol_Medium_Euro 1,,Urban Peak,,,10,130,0,0,26,0,0,0,1000,0,1,1,1 
PCG_23,Passenger Cars_Petrol_Medium_Euro 1,,Urban Off Peak,,,10,130,0,0,26,0,0,0,1000,0,1,1,1 
PCG_23,Passenger Cars_Petrol_Medium_Euro 1,,Rural,,,10,130,0,0,16,0,0,0,1000,0,1,1,1 
PCG_23,Passenger Cars_Petrol_Medium_Euro 1,,Highway,,,10,130,0,0,14,0,0,0,1000,0,1,1,1 
PCG_24,Passenger Cars_Petrol_Medium_Euro 2,,Urban Peak,,,10,130,0,0,17,0,0,0,1000,0,1,1,1 
PCG_24,Passenger Cars_Petrol_Medium_Euro 2,,Urban Off Peak,,,10,130,0,0,17,0,0,0,1000,0,1,1,1 
PCG_24,Passenger Cars_Petrol_Medium_Euro 2,,Rural,,,10,130,0,0,13,0,0,0,1000,0,1,1,1 
PCG_24,Passenger Cars_Petrol_Medium_Euro 2,,Highway,,,10,130,0,0,11,0,0,0,1000,0,1,1,1 
PCG_25,Passenger Cars_Petrol_Medium_Euro 3,,Urban Peak,,,10,130,0,0,3,0,0,0,1000,0,1,1,1 
PCG_25,Passenger Cars_Petrol_Medium_Euro 3,,Urban Off Peak,,,10,130,0,0,3,0,0,0,1000,0,1,1,1 
PCG_25,Passenger Cars_Petrol_Medium_Euro 3,,Rural,,,10,130,0,0,2,0,0,0,1000,0,1,1,1 
PCG_25,Passenger Cars_Petrol_Medium_Euro 3,,Highway,,,10,130,0,0,4,0,0,0,1000,0,1,1,1 
PCG_26,Passenger Cars_Petrol_Medium_Euro 4,,Urban Peak,,,10,130,0,0,2.87,0,0,0,1000,0,1,1,1 
PCG_26,Passenger Cars_Petrol_Medium_Euro 4,,Urban Off Peak,,,10,130,0,0,2.87,0,0,0,1000,0,1,1,1 
PCG_26,Passenger Cars_Petrol_Medium_Euro 4,,Rural,,,10,130,0,0,2.69,0,0,0,1000,0,1,1,1 
PCG_26,Passenger Cars_Petrol_Medium_Euro 4,,Highway,,,10,130,0,0,5.08,0,0,0,1000,0,1,1,1 
PCG_27,Passenger Cars_Petrol_Medium_Euro 5,,Urban Peak,,,10,130,0,0,2.87,0,0,0,1000,0,1,1,1 
PCG_27,Passenger Cars_Petrol_Medium_Euro 5,,Urban Off Peak,,,10,130,0,0,2.87,0,0,0,1000,0,1,1,1 
PCG_27,Passenger Cars_Petrol_Medium_Euro 5,,Rural,,,10,130,0,0,2.69,0,0,0,1000,0,1,1,1 
PCG_27,Passenger Cars_Petrol_Medium_Euro 5,,Highway,,,10,130,0,0,5.08,0,0,0,1000,0,1,1,1 
PCG_28,Passenger Cars_Petrol_Medium_Euro 6 up to 2016,,Urban Peak,,,10,130,0,0,2.87,0,0,0,1000,0,1,1,1 
PCG_28,Passenger Cars_Petrol_Medium_Euro 6 up to 2016,,Urban Off Peak,,,10,130,0,0,2.87,0,0,0,1000,0,1,1,1 
PCG_28,Passenger Cars_Petrol_Medium_Euro 6 up to 2016,,Rural,,,10,130,0,0,2.69,0,0,0,1000,0,1,1,1 
PCG_28,Passenger Cars_Petrol_Medium_Euro 6 up to 2016,,Highway,,,10,130,0,0,5.08,0,0,0,1000,0,1,1,1 
PCG_29,Passenger Cars_Petrol_Medium_Euro 6 2017-2019,,Urban Peak,,,10,130,0,0,2.87,0,0,0,1000,0,1,1,1 
PCG_29,Passenger Cars_Petrol_Medium_Euro 6 2017-2019,,Urban Off Peak,,,10,130,0,0,2.87,0,0,0,1000,0,1,1,1 
PCG_29,Passenger Cars_Petrol_Medium_Euro 6 2017-2019,,Rural,,,10,130,0,0,2.69,0,0,0,1000,0,1,1,1 
PCG_29,Passenger Cars_Petrol_Medium_Euro 6 2017-2019,,Highway,,,10,130,0,0,5.08,0,0,0,1000,0,1,1,1 
PCG_30,Passenger Cars_Petrol_Medium_Euro 6 2020+,,Urban Peak,,,10,130,0,0,2.87,0,0,0,1000,0,1,1,1 
PCG_30,Passenger Cars_Petrol_Medium_Euro 6 2020+,,Urban Off Peak,,,10,130,0,0,2.87,0,0,0,1000,0,1,1,1 
PCG_30,Passenger Cars_Petrol_Medium_Euro 6 2020+,,Rural,,,10,130,0,0,2.69,0,0,0,1000,0,1,1,1 
PCG_30,Passenger Cars_Petrol_Medium_Euro 6 2020+,,Highway,,,10,130,0,0,5.08,0,0,0,1000,0,1,1,1 
PCG_31,Passenger Cars_Petrol_Large-SUV-Executive_PRE ECE,,Urban Peak,,,10,130,0,0,131,0,0,0,1000,0,1,1,1 
PCG_31,Passenger Cars_Petrol_Large-SUV-Executive_PRE ECE,,Urban Off Peak,,,10,130,0,0,131,0,0,0,1000,0,1,1,1 
PCG_31,Passenger Cars_Petrol_Large-SUV-Executive_PRE ECE,,Rural,,,10,130,0,0,86,0,0,0,1000,0,1,1,1 
PCG_31,Passenger Cars_Petrol_Large-SUV-Executive_PRE ECE,,Highway,,,10,130,0,0,41,0,0,0,1000,0,1,1,1 
PCG_32,Passenger Cars_Petrol_Large-SUV-Executive_ECE 15/00-01,,Urban Peak,,,10,130,0,0,131,0,0,0,1000,0,1,1,1 
PCG_32,Passenger Cars_Petrol_Large-SUV-Executive_ECE 15/00-01,,Urban Off Peak,,,10,130,0,0,131,0,0,0,1000,0,1,1,1 
PCG_32,Passenger Cars_Petrol_Large-SUV-Executive_ECE 15/00-01,,Rural,,,10,130,0,0,86,0,0,0,1000,0,1,1,1 
PCG_32,Passenger Cars_Petrol_Large-SUV-Executive_ECE 15/00-01,,Highway,,,10,130,0,0,41,0,0,0,1000,0,1,1,1 
PCG_33,Passenger Cars_Petrol_Large-SUV-Executive_ECE 15/02,,Urban Peak,,,10,130,0,0,131,0,0,0,1000,0,1,1,1 
PCG_33,Passenger Cars_Petrol_Large-SUV-Executive_ECE 15/02,,Urban Off Peak,,,10,130,0,0,131,0,0,0,1000,0,1,1,1 
PCG_33,Passenger Cars_Petrol_Large-SUV-Executive_ECE 15/02,,Rural,,,10,130,0,0,86,0,0,0,1000,0,1,1,1 
PCG_33,Passenger Cars_Petrol_Large-SUV-Executive_ECE 15/02,,Highway,,,10,130,0,0,41,0,0,0,1000,0,1,1,1 
PCG_34,Passenger Cars_Petrol_Large-SUV-Executive_ECE 15/03,,Urban Peak,,,10,130,0,0,131,0,0,0,1000,0,1,1,1 
PCG_34,Passenger Cars_Petrol_Large-SUV-Executive_ECE 15/03,,Urban Off Peak,,,10,130,0,0,131,0,0,0,1000,0,1,1,1 
PCG_34,Passenger Cars_Petrol_Large-SUV-Executive_ECE 15/03,,Rural,,,10,130,0,0,86,0,0,0,1000,0,1,1,1 
PCG_34,Passenger Cars_Petrol_Large-SUV-Executive_ECE 15/03,,Highway,,,10,130,0,0,41,0,0,0,1000,0,1,1,1 
PCG_35,Passenger Cars_Petrol_Large-SUV-Executive_ECE 15/04,,Urban Peak,,,10,130,0,0,131,0,0,0,1000,0,1,1,1 
PCG_35,Passenger Cars_Petrol_Large-SUV-Executive_ECE 15/04,,Urban Off Peak,,,10,130,0,0,131,0,0,0,1000,0,1,1,1 
PCG_35,Passenger Cars_Petrol_Large-SUV-Executive_ECE 15/04,,Rural,,,10,130,0,0,86,0,0,0,1000,0,1,1,1 
PCG_35,Passenger Cars_Petrol_Large-SUV-Executive_ECE 15/04,,Highway,,,10,130,0,0,41,0,0,0,1000,0,1,1,1 
PCG_36,Passenger Cars_Petrol_Large-SUV-Executive_Euro 1,,Urban Peak,,,10,130,0,0,26,0,0,0,1000,0,1,1,1 
PCG_36,Passenger Cars_Petrol_Large-SUV-Executive_Euro 1,,Urban Off Peak,,,10,130,0,0,26,0,0,0,1000,0,1,1,1 
PCG_36,Passenger Cars_Petrol_Large-SUV-Executive_Euro 1,,Rural,,,10,130,0,0,16,0,0,0,1000,0,1,1,1 
PCG_36,Passenger Cars_Petrol_Large-SUV-Executive_Euro 1,,Highway,,,10,130,0,0,14,0,0,0,1000,0,1,1,1 
PCG_37,Passenger Cars_Petrol_Large-SUV-Executive_Euro 2,,Urban Peak,,,10,130,0,0,17,0,0,0,1000,0,1,1,1 
PCG_37,Passenger Cars_Petrol_Large-SUV-Executive_Euro 2,,Urban Off Peak,,,10,130,0,0,17,0,0,0,1000,0,1,1,1 
PCG_37,Passenger Cars_Petrol_Large-SUV-Executive_Euro 2,,Rural,,,10,130,0,0,13,0,0,0,1000,0,1,1,1 
PCG_37,Passenger Cars_Petrol_Large-SUV-Executive_Euro 2,,Highway,,,10,130,0,0,11,0,0,0,1000,0,1,1,1 
PCG_38,Passenger Cars_Petrol_Large-SUV-Executive_Euro 3,,Urban Peak,,,10,130,0,0,3,0,0,0,1000,0,1,1,1 
PCG_38,Passenger Cars_Petrol_Large-SUV-Executive_Euro 3,,Urban Off Peak,,,10,130,0,0,3,0,0,0,1000,0,1,1,1 
PCG_38,Passenger Cars_Petrol_Large-SUV-Executive_Euro 3,,Rural,,,10,130,0,0,2,0,0,0,1000,0,1,1,1 
PCG_38,Passenger Cars_Petrol_Large-SUV-Executive_Euro 3,,Highway,,,10,130,0,0,4,0,0,0,1000,0,1,1,1 
PCG_39,Passenger Cars_Petrol_Large-SUV-Executive_Euro 4,,Urban Peak,,,10,130,0,0,2.87,0,0,0,1000,0,1,1,1 
PCG_39,Passenger Cars_Petrol_Large-SUV-Executive_Euro 4,,Urban Off Peak,,,10,130,0,0,2.87,0,0,0,1000,0,1,1,1 
PCG_39,Passenger Cars_Petrol_Large-SUV-Executive_Euro 4,,Rural,,,10,130,0,0,2.69,0,0,0,1000,0,1,1,1 
PCG_39,Passenger Cars_Petrol_Large-SUV-Executive_Euro 4,,Highway,,,10,130,0,0,5.08,0,0,0,1000,0,1,1,1 
PCG_40,Passenger Cars_Petrol_Large-SUV-Executive_Euro 5,,Urban Peak,,,10,130,0,0,2.87,0,0,0,1000,0,1,1,1 
PCG_40,Passenger Cars_Petrol_Large-SUV-Executive_Euro 5,,Urban Off Peak,,,10,130,0,0,2.87,0,0,0,1000,0,1,1,1 
PCG_40,Passenger Cars_Petrol_Large-SUV-Executive_Euro 5,,Rural,,,10,130,0,0,2.69,0,0,0,1000,0,1,1,1 
PCG_40,Passenger Cars_Petrol_Large-SUV-Executive_Euro 5,,Highway,,,10,130,0,0,5.08,0,0,0,1000,0,1,1,1 
PCG_41,Passenger Cars_Petrol_Large-SUV-Executive_Euro 6 up to 2016,,Urban Peak,,,10,130,0,0,2.87,0,0,0,1000,0,1,1,1 
PCG_41,Passenger Cars_Petrol_Large-SUV-Executive_Euro 6 up to 2016,,Urban Off Peak,,,10,130,0,0,2.87,0,0,0,1000,0,1,1,1 
PCG_41,Passenger Cars_Petrol_Large-SUV-Executive_Euro 6 up to 2016,,Rural,,,10,130,0,0,2.69,0,0,0,1000,0,1,1,1 
PCG_41,Passenger Cars_Petrol_Large-SUV-Executive_Euro 6 up to 2016,,Highway,,,10,130,0,0,5.08,0,0,0,1000,0,1,1,1 
PCG_42,Passenger Cars_Petrol_Large-SUV-Executive_Euro 6 2017-2019,,Urban Peak,,,10,130,0,0,2.87,0,0,0,1000,0,1,1,1 
PCG_42,Passenger Cars_Petrol_Large-SUV-Executive_Euro 6 2017-2019,,Urban Off Peak,,,10,130,0,0,2.87,0,0,0,1000,0,1,1,1 
PCG_42,Passenger Cars_Petrol_Large-SUV-Executive_Euro 6 2017-2019,,Rural,,,10,130,0,0,2.69,0,0,0,1000,0,1,1,1 
PCG_42,Passenger Cars_Petrol_Large-SUV-Executive_Euro 6 2017-2019,,Highway,,,10,130,0,0,5.08,0,0,0,1000,0,1,1,1 
PCG_43,Passenger Cars_Petrol_Large-SUV-Executive_Euro 6 2020+,,Urban Peak,,,10,130,0,0,2.87,0,0,0,1000,0,1,1,1 
PCG_43,Passenger Cars_Petrol_Large-SUV-Executive_Euro 6 2020+,,Urban Off Peak,,,10,130,0,0,2.87,0,0,0,1000,0,1,1,1 
PCG_43,Passenger Cars_Petrol_Large-SUV-Executive_Euro 6 2020+,,Rural,,,10,130,0,0,2.69,0,0,0,1000,0,1,1,1 
PCG_43,Passenger Cars_Petrol_Large-SUV-Executive_Euro 6 2020+,,Highway,,,10,130,0,0,5.08,0,0,0,1000,0,1,1,1 
PCD_28,Passenger Cars_Diesel_Mini_Euro 4,,Urban Peak,,,10,130,0,0,1.1,0,0,0,1000,0,1,1,1 
PCD_28,Passenger Cars_Diesel_Mini_Euro 4,,Urban Off Peak,,,10,130,0,0,1.1,0,0,0,1000,0,1,1,1 
PCD_28,Passenger Cars_Diesel_Mini_Euro 4,,Rural,,,10,130,0,0,0,0,0,0,0,0,1,1,1 
PCD_28,Passenger Cars_Diesel_Mini_Euro 4,,Highway,,,10,130,0,0,0,0,0,0,0,0,1,1,1 
PCD_29,Passenger Cars_Diesel_Mini_Euro 5,,Urban Peak,,,10,130,0,0,1.1,0,0,0,1000,0,1,1,1 
PCD_29,Passenger Cars_Diesel_Mini_Euro 5,,Urban Off Peak,,,10,130,0,0,1.1,0,0,0,1000,0,1,1,1 
PCD_29,Passenger Cars_Diesel_Mini_Euro 5,,Rural,,,10,130,0,0,0,0,0,0,0,0,1,1,1 
PCD_29,Passenger Cars_Diesel_Mini_Euro 5,,Highway,,,10,130,0,0,0,0,0,0,0,0,1,1,1 
PCD_30,Passenger Cars_Diesel_Mini_Euro 6 up to 2016,,Urban Peak,,,10,130,0,0,1.1,0,0,0,1000,0,1,1,1 
PCD_30,Passenger Cars_Diesel_Mini_Euro 6 up to 2016,,Urban Off Peak,,,10,130,0,0,1.1,0,0,0,1000,0,1,1,1 
PCD_30,Passenger Cars_Diesel_Mini_Euro 6 up to 2016,,Rural,,,10,130,0,0,0,0,0,0,0,0,1,1,1 
PCD_30,Passenger Cars_Diesel_Mini_Euro 6 up to 2016,,Highway,,,10,130,0,0,0,0,0,0,0,0,1,1,1 
PCD_31,Passenger Cars_Diesel_Mini_Euro 6 2017-2019,,Urban Peak,,,10,130,0,0,1.1,0,0,0,1000,0,1,1,1 
PCD_31,Passenger Cars_Diesel_Mini_Euro 6 2017-2019,,Urban Off Peak,,,10,130,0,0,1.1,0,0,0,1000,0,1,1,1 
PCD_31,Passenger Cars_Diesel_Mini_Euro 6 2017-2019,,Rural,,,10,130,0,0,0,0,0,0,0,0,1,1,1 
PCD_31,Passenger Cars_Diesel_Mini_Euro 6 2017-2019,,Highway,,,10,130,0,0,0,0,0,0,0,0,1,1,1 
PCD_32,Passenger Cars_Diesel_Mini_Euro 6 2020+,,Urban Peak,,,10,130,0,0,1.1,0,0,0,1000,0,1,1,1 
PCD_32,Passenger Cars_Diesel_Mini_Euro 6 2020+,,Urban Off Peak,,,10,130,0,0,1.1,0,0,0,1000,0,1,1,1 
PCD_32,Passenger Cars_Diesel_Mini_Euro 6 2020+,,Rural,,,10,130,0,0,0,0,0,0,0,0,1,1,1 
PCD_32,Passenger Cars_Diesel_Mini_Euro 6 2020+,,Highway,,,10,130,0,0,0,0,0,0,0,0,1,1,1 
PCD_1,Passenger Cars_Diesel_Small_Conventional,,Urban Peak,,,10,130,0,0,28,0,0,0,1000,0,1,1,1 
PCD_1,Passenger Cars_Diesel_Small_Conventional,,Urban Off Peak,,,10,130,0,0,28,0,0,0,1000,0,1,1,1 
PCD_1,Passenger Cars_Diesel_Small_Conventional,,Rural,,,10,130,0,0,12,0,0,0,1000,0,1,1,1 
PCD_1,Passenger Cars_Diesel_Small_Conventional,,Highway,,,10,130,0,0,8,0,0,0,1000,0,1,1,1 
PCD_2,Passenger Cars_Diesel_Small_Euro 1,,Urban Peak,,,10,130,0,0,11,0,0,0,1000,0,1,1,1 
PCD_2,Passenger Cars_Diesel_Small_Euro 1,,Urban Off Peak,,,10,130,0,0,11,0,0,0,1000,0,1,1,1 
PCD_2,Passenger Cars_Diesel_Small_Euro 1,,Rural,,,10,130,0,0,9,0,0,0,1000,0,1,1,1 
PCD_2,Passenger Cars_Diesel_Small_Euro 1,,Highway,,,10,130,0,0,3,0,0,0,1000,0,1,1,1 
PCD_3,Passenger Cars_Diesel_Small_Euro 2,,Urban Peak,,,10,130,0,0,7,0,0,0,1000,0,1,1,1 
PCD_3,Passenger Cars_Diesel_Small_Euro 2,,Urban Off Peak,,,10,130,0,0,7,0,0,0,1000,0,1,1,1 
PCD_3,Passenger Cars_Diesel_Small_Euro 2,,Rural,,,10,130,0,0,3,0,0,0,1000,0,1,1,1 
PCD_3,Passenger Cars_Diesel_Small_Euro 2,,Highway,,,10,130,0,0,2,0,0,0,1000,0,1,1,1 
PCD_4,Passenger Cars_Diesel_Small_Euro 3,,Urban Peak,,,10,130,0,0,3,0,0,0,1000,0,1,1,1 
PCD_4,Passenger Cars_Diesel_Small_Euro 3,,Urban Off Peak,,,10,130,0,0,3,0,0,0,1000,0,1,1,1 
PCD_4,Passenger Cars_Diesel_Small_Euro 3,,Rural,,,10,130,0,0,0,0,0,0,0,0,1,1,1 
PCD_4,Passenger Cars_Diesel_Small_Euro 3,,Highway,,,10,130,0,0,0,0,0,0,0,0,1,1,1 
PCD_5,Passenger Cars_Diesel_Small_Euro 4,,Urban Peak,,,10,130,0,0,1.1,0,0,0,1000,0,1,1,1 
PCD_5,Passenger Cars_Diesel_Small_Euro 4,,Urban Off Peak,,,10,130,0,0,1.1,0,0,0,1000,0,1,1,1 
PCD_5,Passenger Cars_Diesel_Small_Euro 4,,Rural,,,10,130,0,0,0,0,0,0,0,0,1,1,1 
PCD_5,Passenger Cars_Diesel_Small_Euro 4,,Highway,,,10,130,0,0,0,0,0,0,0,0,1,1,1 
PCD_6,Passenger Cars_Diesel_Small_Euro 5,,Urban Peak,,,10,130,0,0,1.1,0,0,0,1000,0,1,1,1 
PCD_6,Passenger Cars_Diesel_Small_Euro 5,,Urban Off Peak,,,10,130,0,0,1.1,0,0,0,1000,0,1,1,1 
PCD_6,Passenger Cars_Diesel_Small_Euro 5,,Rural,,,10,130,0,0,0,0,0,0,0,0,1,1,1 
PCD_6,Passenger Cars_Diesel_Small_Euro 5,,Highway,,,10,130,0,0,0,0,0,0,0,0,1,1,1 
PCD_7,Passenger Cars_Diesel_Small_Euro 6 up to 2016,,Urban Peak,,,10,130,0,0,1.1,0,0,0,1000,0,1,1,1 
PCD_7,Passenger Cars_Diesel_Small_Euro 6 up to 2016,,Urban Off Peak,,,10,130,0,0,1.1,0,0,0,1000,0,1,1,1 
PCD_7,Passenger Cars_Diesel_Small_Euro 6 up to 2016,,Rural,,,10,130,0,0,0,0,0,0,0,0,1,1,1 
PCD_7,Passenger Cars_Diesel_Small_Euro 6 up to 2016,,Highway,,,10,130,0,0,0,0,0,0,0,0,1,1,1 
PCD_8,Passenger Cars_Diesel_Small_Euro 6 2017-2019,,Urban Peak,,,10,130,0,0,1.1,0,0,0,1000,0,1,1,1 
PCD_8,Passenger Cars_Diesel_Small_Euro 6 2017-2019,,Urban Off Peak,,,10,130,0,0,1.1,0,0,0,1000,0,1,1,1 
PCD_8,Passenger Cars_Diesel_Small_Euro 6 2017-2019,,Rural,,,10,130,0,0,0,0,0,0,0,0,1,1,1 
PCD_8,Passenger Cars_Diesel_Small_Euro 6 2017-2019,,Highway,,,10,130,0,0,0,0,0,0,0,0,1,1,1 
PCD_9,Passenger Cars_Diesel_Small_Euro 6 2020+,,Urban Peak,,,10,130,0,0,1.1,0,0,0,1000,0,1,1,1 
PCD_9,Passenger Cars_Diesel_Small_Euro 6 2020+,,Urban Off Peak,,,10,130,0,0,1.1,0,0,0,1000,0,1,1,1 
PCD_9,Passenger Cars_Diesel_Small_Euro 6 2020+,,Rural,,,10,130,0,0,0,0,0,0,0,0,1,1,1 
PCD_9,Passenger Cars_Diesel_Small_Euro 6 2020+,,Highway,,,10,130,0,0,0,0,0,0,0,0,1,1,1 
PCD_10,Passenger Cars_Diesel_Medium_Conventional,,Urban Peak,,,10,130,0,0,28,0,0,0,1000,0,1,1,1 
PCD_10,Passenger Cars_Diesel_Medium_Conventional,,Urban Off Peak,,,10,130,0,0,28,0,0,0,1000,0,1,1,1 
PCD_10,Passenger Cars_Diesel_Medium_Conventional,,Rural,,,10,130,0,0,12,0,0,0,1000,0,1,1,1 
PCD_10,Passenger Cars_Diesel_Medium_Conventional,,Highway,,,10,130,0,0,8,0,0,0,1000,0,1,1,1 
PCD_11,Passenger Cars_Diesel_Medium_Euro 1,,Urban Peak,,,10,130,0,0,11,0,0,0,1000,0,1,1,1 
PCD_11,Passenger Cars_Diesel_Medium_Euro 1,,Urban Off Peak,,,10,130,0,0,11,0,0,0,1000,0,1,1,1 
PCD_11,Passenger Cars_Diesel_Medium_Euro 1,,Rural,,,10,130,0,0,9,0,0,0,1000,0,1,1,1 
PCD_11,Passenger Cars_Diesel_Medium_Euro 1,,Highway,,,10,130,0,0,3,0,0,0,1000,0,1,1,1 
PCD_12,Passenger Cars_Diesel_Medium_Euro 2,,Urban Peak,,,10,130,0,0,7,0,0,0,1000,0,1,1,1 
PCD_12,Passenger Cars_Diesel_Medium_Euro 2,,Urban Off Peak,,,10,130,0,0,7,0,0,0,1000,0,1,1,1 
PCD_12,Passenger Cars_Diesel_Medium_Euro 2,,Rural,,,10,130,0,0,3,0,0,0,1000,0,1,1,1 
PCD_12,Passenger Cars_Diesel_Medium_Euro 2,,Highway,,,10,130,0,0,2,0,0,0,1000,0,1,1,1 
PCD_13,Passenger Cars_Diesel_Medium_Euro 3,,Urban Peak,,,10,130,0,0,3,0,0,0,1000,0,1,1,1 
PCD_13,Passenger Cars_Diesel_Medium_Euro 3,,Urban Off Peak,,,10,130,0,0,3,0,0,0,1000,0,1,1,1 
PCD_13,Passenger Cars_Diesel_Medium_Euro 3,,Rural,,,10,130,0,0,0,0,0,0,0,0,1,1,1 
PCD_13,Passenger Cars_Diesel_Medium_Euro 3,,Highway,,,10,130,0,0,0,0,0,0,0,0,1,1,1 
PCD_14,Passenger Cars_Diesel_Medium_Euro 4,,Urban Peak,,,10,130,0,0,1.1,0,0,0,1000,0,1,1,1 
PCD_14,Passenger Cars_Diesel_Medium_Euro 4,,Urban Off Peak,,,10,130,0,0,1.1,0,0,0,1000,0,1,1,1 
PCD_14,Passenger Cars_Diesel_Medium_Euro 4,,Rural,,,10,130,0,0,0,0,0,0,0,0,1,1,1 
PCD_14,Passenger Cars_Diesel_Medium_Euro 4,,Highway,,,10,130,0,0,0,0,0,0,0,0,1,1,1 
PCD_15,Passenger Cars_Diesel_Medium_Euro 5,,Urban Peak,,,10,130,0,0,1.1,0,0,0,1000,0,1,1,1 
PCD_15,Passenger Cars_Diesel_Medium_Euro 5,,Urban Off Peak,,,10,130,0,0,1.1,0,0,0,1000,0,1,1,1 
PCD_15,Passenger Cars_Diesel_Medium_Euro 5,,Rural,,,10,130,0,0,0,0,0,0,0,0,1,1,1 
PCD_15,Passenger Cars_Diesel_Medium_Euro 5,,Highway,,,10,130,0,0,0,0,0,0,0,0,1,1,1 
PCD_16,Passenger Cars_Diesel_Medium_Euro 6 up to 2016,,Urban Peak,,,10,130,0,0,1.1,0,0,0,1000,0,1,1,1 
PCD_16,Passenger Cars_Diesel_Medium_Euro 6 up to 2016,,Urban Off Peak,,,10,130,0,0,1.1,0,0,0,1000,0,1,1,1 
PCD_16,Passenger Cars_Diesel_Medium_Euro 6 up to 2016,,Rural,,,10,130,0,0,0,0,0,0,0,0,1,1,1 
PCD_16,Passenger Cars_Diesel_Medium_Euro 6 up to 2016,,Highway,,,10,130,0,0,0,0,0,0,0,0,1,1,1 
PCD_17,Passenger Cars_Diesel_Medium_Euro 6 2017-2019,,Urban Peak,,,10,130,0,0,1.1,0,0,0,1000,0,1,1,1 
PCD_17,Passenger Cars_Diesel_Medium_Euro 6 2017-2019,,Urban Off Peak,,,10,130,0,0,1.1,0,0,0,1000,0,1,1,1 
PCD_17,Passenger Cars_Diesel_Medium_Euro 6 2017-2019,,Rural,,,10,130,0,0,0,0,0,0,0,0,1,1,1 
PCD_17,Passenger Cars_Diesel_Medium_Euro 6 2017-2019,,Highway,,,10,130,0,0,0,0,0,0,0,0,1,1,1 
PCD_18,Passenger Cars_Diesel_Medium_Euro 6 2020+,,Urban Peak,,,10,130,0,0,1.1,0,0,0,1000,0,1,1,1 
PCD_18,Passenger Cars_Diesel_Medium_Euro 6 2020+,,Urban Off Peak,,,10,130,0,0,1.1,0,0,0,1000,0,1,1,1 
PCD_18,Passenger Cars_Diesel_Medium_Euro 6 2020+,,Rural,,,10,130,0,0,0,0,0,0,0,0,1,1,1 
PCD_18,Passenger Cars_Diesel_Medium_Euro 6 2020+,,Highway,,,10,130,0,0,0,0,0,0,0,0,1,1,1 
PCD_19,Passenger Cars_Diesel_Large-SUV-Executive_Conventional,,Urban Peak,,,10,130,0,0,28,0,0,0,1000,0,1,1,1 
PCD_19,Passenger Cars_Diesel_Large-SUV-Executive_Conventional,,Urban Off Peak,,,10,130,0,0,28,0,0,0,1000,0,1,1,1 
PCD_19,Passenger Cars_Diesel_Large-SUV-Executive_Conventional,,Rural,,,10,130,0,0,12,0,0,0,1000,0,1,1,1 
PCD_19,Passenger Cars_Diesel_Large-SUV-Executive_Conventional,,Highway,,,10,130,0,0,8,0,0,0,1000,0,1,1,1 
PCD_20,Passenger Cars_Diesel_Large-SUV-Executive_Euro 1,,Urban Peak,,,10,130,0,0,11,0,0,0,1000,0,1,1,1 
PCD_20,Passenger Cars_Diesel_Large-SUV-Executive_Euro 1,,Urban Off Peak,,,10,130,0,0,11,0,0,0,1000,0,1,1,1 
PCD_20,Passenger Cars_Diesel_Large-SUV-Executive_Euro 1,,Rural,,,10,130,0,0,9,0,0,0,1000,0,1,1,1 
PCD_20,Passenger Cars_Diesel_Large-SUV-Executive_Euro 1,,Highway,,,10,130,0,0,3,0,0,0,1000,0,1,1,1 
PCD_21,Passenger Cars_Diesel_Large-SUV-Executive_Euro 2,,Urban Peak,,,10,130,0,0,7,0,0,0,1000,0,1,1,1 
PCD_21,Passenger Cars_Diesel_Large-SUV-Executive_Euro 2,,Urban Off Peak,,,10,130,0,0,7,0,0,0,1000,0,1,1,1 
PCD_21,Passenger Cars_Diesel_Large-SUV-Executive_Euro 2,,Rural,,,10,130,0,0,3,0,0,0,1000,0,1,1,1 
PCD_21,Passenger Cars_Diesel_Large-SUV-Executive_Euro 2,,Highway,,,10,130,0,0,2,0,0,0,1000,0,1,1,1 
PCD_22,Passenger Cars_Diesel_Large-SUV-Executive_Euro 3,,Urban Peak,,,10,130,0,0,3,0,0,0,1000,0,1,1,1 
PCD_22,Passenger Cars_Diesel_Large-SUV-Executive_Euro 3,,Urban Off Peak,,,10,130,0,0,3,0,0,0,1000,0,1,1,1 
PCD_22,Passenger Cars_Diesel_Large-SUV-Executive_Euro 3,,Rural,,,10,130,0,0,0,0,0,0,0,0,1,1,1 
PCD_22,Passenger Cars_Diesel_Large-SUV-Executive_Euro 3,,Highway,,,10,130,0,0,0,0,0,0,0,0,1,1,1 
PCD_23,Passenger Cars_Diesel_Large-SUV-Executive_Euro 4,,Urban Peak,,,10,130,0,0,1.1,0,0,0,1000,0,1,1,1 
PCD_23,Passenger Cars_Diesel_Large-SUV-Executive_Euro 4,,Urban Off Peak,,,10,130,0,0,1.1,0,0,0,1000,0,1,1,1 
PCD_23,Passenger Cars_Diesel_Large-SUV-Executive_Euro 4,,Rural,,,10,130,0,0,0,0,0,0,0,0,1,1,1 
PCD_23,Passenger Cars_Diesel_Large-SUV-Executive_Euro 4,,Highway,,,10,130,0,0,0,0,0,0,0,0,1,1,1 
PCD_24,Passenger Cars_Diesel_Large-SUV-Executive_Euro 5,,Urban Peak,,,10,130,0,0,1.1,0,0,0,1000,0,1,1,1 
PCD_24,Passenger Cars_Diesel_Large-SUV-Executive_Euro 5,,Urban Off Peak,,,10,130,0,0,1.1,0,0,0,1000,0,1,1,1 
PCD_24,Passenger Cars_Diesel_Large-SUV-Executive_Euro 5,,Rural,,,10,130,0,0,0,0,0,0,0,0,1,1,1 
PCD_24,Passenger Cars_Diesel_Large-SUV-Executive_Euro 5,,Highway,,,10,130,0,0,0,0,0,0,0,0,1,1,1 
PCD_25,Passenger Cars_Diesel_Large-SUV-Executive_Euro 6 up to 2016,,Urban Peak,,,10,130,0,0,1.1,0,0,0,1000,0,1,1,1 
PCD_25,Passenger Cars_Diesel_Large-SUV-Executive_Euro 6 up to 2016,,Urban Off Peak,,,10,130,0,0,1.1,0,0,0,1000,0,1,1,1 
PCD_25,Passenger Cars_Diesel_Large-SUV-Executive_Euro 6 up to 2016,,Rural,,,10,130,0,0,0,0,0,0,0,0,1,1,1 
PCD_25,Passenger Cars_Diesel_Large-SUV-Executive_Euro 6 up to 2016,,Highway,,,10,130,0,0,0,0,0,0,0,0,1,1,1 
PCD_26,Passenger Cars_Diesel_Large-SUV-Executive_Euro 6 2017-2019,,Urban Peak,,,10,130,0,0,1.1,0,0,0,1000,0,1,1,1 
PCD_26,Passenger Cars_Diesel_Large-SUV-Executive_Euro 6 2017-2019,,Urban Off Peak,,,10,130,0,0,1.1,0,0,0,1000,0,1,1,1 
PCD_26,Passenger Cars_Diesel_Large-SUV-Executive_Euro 6 2017-2019,,Rural,,,10,130,0,0,0,0,0,0,0,0,1,1,1 
PCD_26,Passenger Cars_Diesel_Large-SUV-Executive_Euro 6 2017-2019,,Highway,,,10,130,0,0,0,0,0,0,0,0,1,1,1 
PCD_27,Passenger Cars_Diesel_Large-SUV-Executive_Euro 6 2020+,,Urban Peak,,,10,130,0,0,1.1,0,0,0,1000,0,1,1,1 
PCD_27,Passenger Cars_Diesel_Large-SUV-Executive_Euro 6 2020+,,Urban Off Peak,,,10,130,0,0,1.1,0,0,0,1000,0,1,1,1 
PCD_27,Passenger Cars_Diesel_Large-SUV-Executive_Euro 6 2020+,,Rural,,,10,130,0,0,0,0,0,0,0,0,1,1,1 
PCD_27,Passenger Cars_Diesel_Large-SUV-Executive_Euro 6 2020+,,Highway,,,10,130,0,0,0,0,0,0,0,0,1,1,1 
PCH_1,Passenger Cars_Petrol Hybrid_Mini_Euro 4,,Urban Peak,,,20,130,0,0,0,0,0,0,0,0,1,1,1 
PCH_1,Passenger Cars_Petrol Hybrid_Mini_Euro 4,,Urban Off Peak,,,20,130,0,0,0,0,0,0,0,0,1,1,1 
PCH_1,Passenger Cars_Petrol Hybrid_Mini_Euro 4,,Rural,,,20,130,0,0,0,0,0,0,0,0,1,1,1 
PCH_1,Passenger Cars_Petrol Hybrid_Mini_Euro 4,,Highway,,,20,130,0,0,0,0,0,0,0,0,1,1,1 
PCH_2,Passenger Cars_Petrol Hybrid_Mini_Euro 5,,Urban Peak,,,20,130,0,0,0,0,0,0,0,0,1,1,1 
PCH_2,Passenger Cars_Petrol Hybrid_Mini_Euro 5,,Urban Off Peak,,,20,130,0,0,0,0,0,0,0,0,1,1,1 
PCH_2,Passenger Cars_Petrol Hybrid_Mini_Euro 5,,Rural,,,20,130,0,0,0,0,0,0,0,0,1,1,1 
PCH_2,Passenger Cars_Petrol Hybrid_Mini_Euro 5,,Highway,,,20,130,0,0,0,0,0,0,0,0,1,1,1 
PCH_3,Passenger Cars_Petrol Hybrid_Mini_Euro 6 up to 2016,,Urban Peak,,,20,130,0,0,0,0,0,0,0,0,1,1,1 
PCH_3,Passenger Cars_Petrol Hybrid_Mini_Euro 6 up to 2016,,Urban Off Peak,,,20,130,0,0,0,0,0,0,0,0,1,1,1 
PCH_3,Passenger Cars_Petrol Hybrid_Mini_Euro 6 up to 2016,,Rural,,,20,130,0,0,0,0,0,0,0,0,1,1,1 
PCH_3,Passenger Cars_Petrol Hybrid_Mini_Euro 6 up to 2016,,Highway,,,20,130,0,0,0,0,0,0,0,0,1,1,1 
PCH_4,Passenger Cars_Petrol Hybrid_Mini_Euro 6 2017-2019,,Urban Peak,,,20,130,0,0,0,0,0,0,0,0,1,1,1 
PCH_4,Passenger Cars_Petrol Hybrid_Mini_Euro 6 2017-2019,,Urban Off Peak,,,20,130,0,0,0,0,0,0,0,0,1,1,1 
PCH_4,Passenger Cars_Petrol Hybrid_Mini_Euro 6 2017-2019,,Rural,,,20,130,0,0,0,0,0,0,0,0,1,1,1 
PCH_4,Passenger Cars_Petrol Hybrid_Mini_Euro 6 2017-2019,,Highway,,,20,130,0,0,0,0,0,0,0,0,1,1,1 
PCH_5,Passenger Cars_Petrol Hybrid_Mini_Euro 6 2020+,,Urban Peak,,,20,130,0,0,0,0,0,0,0,0,1,1,1 
PCH_5,Passenger Cars_Petrol Hybrid_Mini_Euro 6 2020+,,Urban Off Peak,,,20,130,0,0,0,0,0,0,0,0,1,1,1 
PCH_5,Passenger Cars_Petrol Hybrid_Mini_Euro 6 2020+,,Rural,,,20,130,0,0,0,0,0,0,0,0,1,1,1 
PCH_5,Passenger Cars_Petrol Hybrid_Mini_Euro 6 2020+,,Highway,,,20,130,0,0,0,0,0,0,0,0,1,1,1 
PCH_6,Passenger Cars_Petrol Hybrid_Small_Euro 4,,Urban Peak,,,20,130,0,0,0,0,0,0,0,0,1,1,1 
PCH_6,Passenger Cars_Petrol Hybrid_Small_Euro 4,,Urban Off Peak,,,20,130,0,0,0,0,0,0,0,0,1,1,1 
PCH_6,Passenger Cars_Petrol Hybrid_Small_Euro 4,,Rural,,,20,130,0,0,0,0,0,0,0,0,1,1,1 
PCH_6,Passenger Cars_Petrol Hybrid_Small_Euro 4,,Highway,,,20,130,0,0,0,0,0,0,0,0,1,1,1 
PCH_7,Passenger Cars_Petrol Hybrid_Small_Euro 5,,Urban Peak,,,20,130,0,0,0,0,0,0,0,0,1,1,1 
PCH_7,Passenger Cars_Petrol Hybrid_Small_Euro 5,,Urban Off Peak,,,20,130,0,0,0,0,0,0,0,0,1,1,1 
PCH_7,Passenger Cars_Petrol Hybrid_Small_Euro 5,,Rural,,,20,130,0,0,0,0,0,0,0,0,1,1,1 
PCH_7,Passenger Cars_Petrol Hybrid_Small_Euro 5,,Highway,,,20,130,0,0,0,0,0,0,0,0,1,1,1 
PCH_8,Passenger Cars_Petrol Hybrid_Small_Euro 6 up to 2016,,Urban Peak,,,20,130,0,0,0,0,0,0,0,0,1,1,1 
PCH_8,Passenger Cars_Petrol Hybrid_Small_Euro 6 up to 2016,,Urban Off Peak,,,20,130,0,0,0,0,0,0,0,0,1,1,1 
PCH_8,Passenger Cars_Petrol Hybrid_Small_Euro 6 up to 2016,,Rural,,,20,130,0,0,0,0,0,0,0,0,1,1,1 
PCH_8,Passenger Cars_Petrol Hybrid_Small_Euro 6 up to 2016,,Highway,,,20,130,0,0,0,0,0,0,0,0,1,1,1 
PCH_9,Passenger Cars_Petrol Hybrid_Small_Euro 6 2017-2019,,Urban Peak,,,20,130,0,0,0,0,0,0,0,0,1,1,1 
PCH_9,Passenger Cars_Petrol Hybrid_Small_Euro 6 2017-2019,,Urban Off Peak,,,20,130,0,0,0,0,0,0,0,0,1,1,1 
PCH_9,Passenger Cars_Petrol Hybrid_Small_Euro 6 2017-2019,,Rural,,,20,130,0,0,0,0,0,0,0,0,1,1,1 
PCH_9,Passenger Cars_Petrol Hybrid_Small_Euro 6 2017-2019,,Highway,,,20,130,0,0,0,0,0,0,0,0,1,1,1 
PCH_10,Passenger Cars_Petrol Hybrid_Small_Euro 6 2020+,,Urban Peak,,,20,130,0,0,0,0,0,0,0,0,1,1,1 
PCH_10,Passenger Cars_Petrol Hybrid_Small_Euro 6 2020+,,Urban Off Peak,,,20,130,0,0,0,0,0,0,0,0,1,1,1 
PCH_10,Passenger Cars_Petrol Hybrid_Small_Euro 6 2020+,,Rural,,,20,130,0,0,0,0,0,0,0,0,1,1,1 
PCH_10,Passenger Cars_Petrol Hybrid_Small_Euro 6 2020+,,Highway,,,20,130,0,0,0,0,0,0,0,0,1,1,1 
PCH_11,Passenger Cars_Petrol Hybrid_Medium_Euro 4,,Urban Peak,,,20,130,0,0,0,0,0,0,0,0,1,1,1 
PCH_11,Passenger Cars_Petrol Hybrid_Medium_Euro 4,,Urban Off Peak,,,20,130,0,0,0,0,0,0,0,0,1,1,1 
PCH_11,Passenger Cars_Petrol Hybrid_Medium_Euro 4,,Rural,,,20,130,0,0,0,0,0,0,0,0,1,1,1 
PCH_11,Passenger Cars_Petrol Hybrid_Medium_Euro 4,,Highway,,,20,130,0,0,0,0,0,0,0,0,1,1,1 
PCH_12,Passenger Cars_Petrol Hybrid_Medium_Euro 5,,Urban Peak,,,20,130,0,0,0,0,0,0,0,0,1,1,1 
PCH_12,Passenger Cars_Petrol Hybrid_Medium_Euro 5,,Urban Off Peak,,,20,130,0,0,0,0,0,0,0,0,1,1,1 
PCH_12,Passenger Cars_Petrol Hybrid_Medium_Euro 5,,Rural,,,20,130,0,0,0,0,0,0,0,0,1,1,1 
PCH_12,Passenger Cars_Petrol Hybrid_Medium_Euro 5,,Highway,,,20,130,0,0,0,0,0,0,0,0,1,1,1 
PCH_13,Passenger Cars_Petrol Hybrid_Medium_Euro 6 up to 2016,,Urban Peak,,,20,130,0,0,0,0,0,0,0,0,1,1,1 
PCH_13,Passenger Cars_Petrol Hybrid_Medium_Euro 6 up to 2016,,Urban Off Peak,,,20,130,0,0,0,0,0,0,0,0,1,1,1 
PCH_13,Passenger Cars_Petrol Hybrid_Medium_Euro 6 up to 2016,,Rural,,,20,130,0,0,0,0,0,0,0,0,1,1,1 
PCH_13,Passenger Cars_Petrol Hybrid_Medium_Euro 6 up to 2016,,Highway,,,20,130,0,0,0,0,0,0,0,0,1,1,1 
PCH_14,Passenger Cars_Petrol Hybrid_Medium_Euro 6 2017-2019,,Urban Peak,,,20,130,0,0,0,0,0,0,0,0,1,1,1 
PCH_14,Passenger Cars_Petrol Hybrid_Medium_Euro 6 2017-2019,,Urban Off Peak,,,20,130,0,0,0,0,0,0,0,0,1,1,1 
PCH_14,Passenger Cars_Petrol Hybrid_Medium_Euro 6 2017-2019,,Rural,,,20,130,0,0,0,0,0,0,0,0,1,1,1 
PCH_14,Passenger Cars_Petrol Hybrid_Medium_Euro 6 2017-2019,,Highway,,,20,130,0,0,0,0,0,0,0,0,1,1,1 
PCH_15,Passenger Cars_Petrol Hybrid_Medium_Euro 6 2020+,,Urban Peak,,,20,130,0,0,0,0,0,0,0,0,1,1,1 
PCH_15,Passenger Cars_Petrol Hybrid_Medium_Euro 6 2020+,,Urban Off Peak,,,20,130,0,0,0,0,0,0,0,0,1,1,1 
PCH_15,Passenger Cars_Petrol Hybrid_Medium_Euro 6 2020+,,Rural,,,20,130,0,0,0,0,0,0,0,0,1,1,1 
PCH_15,Passenger Cars_Petrol Hybrid_Medium_Euro 6 2020+,,Highway,,,20,130,0,0,0,0,0,0,0,0,1,1,1 
PCH_16,Passenger Cars_Petrol Hybrid_Large-SUV-Executive_Euro 4,,Urban Peak,,,20,130,0,0,0,0,0,0,0,0,1,1,1 
PCH_16,Passenger Cars_Petrol Hybrid_Large-SUV-Executive_Euro 4,,Urban Off Peak,,,20,130,0,0,0,0,0,0,0,0,1,1,1 
PCH_16,Passenger Cars_Petrol Hybrid_Large-SUV-Executive_Euro 4,,Rural,,,20,130,0,0,0,0,0,0,0,0,1,1,1 
PCH_16,Passenger Cars_Petrol Hybrid_Large-SUV-Executive_Euro 4,,Highway,,,20,130,0,0,0,0,0,0,0,0,1,1,1 
PCH_17,Passenger Cars_Petrol Hybrid_Large-SUV-Executive_Euro 5,,Urban Peak,,,20,130,0,0,0,0,0,0,0,0,1,1,1 
PCH_17,Passenger Cars_Petrol Hybrid_Large-SUV-Executive_Euro 5,,Urban Off Peak,,,20,130,0,0,0,0,0,0,0,0,1,1,1 
PCH_17,Passenger Cars_Petrol Hybrid_Large-SUV-Executive_Euro 5,,Rural,,,20,130,0,0,0,0,0,0,0,0,1,1,1 
PCH_17,Passenger Cars_Petrol Hybrid_Large-SUV-Executive_Euro 5,,Highway,,,20,130,0,0,0,0,0,0,0,0,1,1,1 
PCH_18,Passenger Cars_Petrol Hybrid_Large-SUV-Executive_Euro 6 up to 2016,,Urban Peak,,,20,130,0,0,0,0,0,0,0,0,1,1,1 
PCH_18,Passenger Cars_Petrol Hybrid_Large-SUV-Executive_Euro 6 up to 2016,,Urban Off Peak,,,20,130,0,0,0,0,0,0,0,0,1,1,1 
PCH_18,Passenger Cars_Petrol Hybrid_Large-SUV-Executive_Euro 6 up to 2016,,Rural,,,20,130,0,0,0,0,0,0,0,0,1,1,1 
PCH_18,Passenger Cars_Petrol Hybrid_Large-SUV-Executive_Euro 6 up to 2016,,Highway,,,20,130,0,0,0,0,0,0,0,0,1,1,1 
PCH_19,Passenger Cars_Petrol Hybrid_Large-SUV-Executive_Euro 6 2017-2019,,Urban Peak,,,20,130,0,0,0,0,0,0,0,0,1,1,1 
PCH_19,Passenger Cars_Petrol Hybrid_Large-SUV-Executive_Euro 6 2017-2019,,Urban Off Peak,,,20,130,0,0,0,0,0,0,0,0,1,1,1 
PCH_19,Passenger Cars_Petrol Hybrid_Large-SUV-Executive_Euro 6 2017-2019,,Rural,,,20,130,0,0,0,0,0,0,0,0,1,1,1 
PCH_19,Passenger Cars_Petrol Hybrid_Large-SUV-Executive_Euro 6 2017-2019,,Highway,,,20,130,0,0,0,0,0,0,0,0,1,1,1 
PCH_20,Passenger Cars_Petrol Hybrid_Large-SUV-Executive_Euro 6 2020+,,Urban Peak,,,20,130,0,0,0,0,0,0,0,0,1,1,1 
PCH_20,Passenger Cars_Petrol Hybrid_Large-SUV-Executive_Euro 6 2020+,,Urban Off Peak,,,20,130,0,0,0,0,0,0,0,0,1,1,1 
PCH_20,Passenger Cars_Petrol Hybrid_Large-SUV-Executive_Euro 6 2020+,,Rural,,,20,130,0,0,0,0,0,0,0,0,1,1,1 
PCH_20,Passenger Cars_Petrol Hybrid_Large-SUV-Executive_Euro 6 2020+,,Highway,,,20,130,0,0,0,0,0,0,0,0,1,1,1 
PCLPG_1,Passenger Cars_LPG Bifuel ~ LPG_Mini_Euro 4,,Urban Peak,,,10,130,0,0,2,0,0,0,1000,0,1,1,1 
PCLPG_1,Passenger Cars_LPG Bifuel ~ LPG_Mini_Euro 4,,Urban Off Peak,,,10,130,0,0,2,0,0,0,1000,0,1,1,1 
PCLPG_1,Passenger Cars_LPG Bifuel ~ LPG_Mini_Euro 4,,Rural,,,10,130,0,0,2,0,0,0,1000,0,1,1,1 
PCLPG_1,Passenger Cars_LPG Bifuel ~ LPG_Mini_Euro 4,,Highway,,,10,130,0,0,0,0,0,0,0,0,1,1,1 
PCB_1,Passenger Cars_LPG Bifuel ~ Petrol_Mini_Euro 4,,Urban Peak,,,10,130,0,0,2.87,0,0,0,1000,0,1,1,1 
PCB_1,Passenger Cars_LPG Bifuel ~ Petrol_Mini_Euro 4,,Urban Off Peak,,,10,130,0,0,2.87,0,0,0,1000,0,1,1,1 
PCB_1,Passenger Cars_LPG Bifuel ~ Petrol_Mini_Euro 4,,Rural,,,10,130,0,0,2.69,0,0,0,1000,0,1,1,1 
PCB_1,Passenger Cars_LPG Bifuel ~ Petrol_Mini_Euro 4,,Highway,,,10,130,0,0,5.08,0,0,0,1000,0,1,1,1 
PCLPG_2,Passenger Cars_LPG Bifuel ~ LPG_Mini_Euro 5,,Urban Peak,,,10,130,0,0,2,0,0,0,1000,0,1,1,1 
PCLPG_2,Passenger Cars_LPG Bifuel ~ LPG_Mini_Euro 5,,Urban Off Peak,,,10,130,0,0,2,0,0,0,1000,0,1,1,1 
PCLPG_2,Passenger Cars_LPG Bifuel ~ LPG_Mini_Euro 5,,Rural,,,10,130,0,0,2,0,0,0,1000,0,1,1,1 
PCLPG_2,Passenger Cars_LPG Bifuel ~ LPG_Mini_Euro 5,,Highway,,,10,130,0,0,0,0,0,0,0,0,1,1,1 
PCB_2,Passenger Cars_LPG Bifuel ~ Petrol_Mini_Euro 5,,Urban Peak,,,10,130,0,0,2.87,0,0,0,1000,0,1,1,1 
PCB_2,Passenger Cars_LPG Bifuel ~ Petrol_Mini_Euro 5,,Urban Off Peak,,,10,130,0,0,2.87,0,0,0,1000,0,1,1,1 
PCB_2,Passenger Cars_LPG Bifuel ~ Petrol_Mini_Euro 5,,Rural,,,10,130,0,0,2.69,0,0,0,1000,0,1,1,1 
PCB_2,Passenger Cars_LPG Bifuel ~ Petrol_Mini_Euro 5,,Highway,,,10,130,0,0,5.08,0,0,0,1000,0,1,1,1 
PCLPG_3,Passenger Cars_LPG Bifuel ~ LPG_Mini_Euro 6,,Urban Peak,,,10,130,0,0,2,0,0,0,1000,0,1,1,1 
PCLPG_3,Passenger Cars_LPG Bifuel ~ LPG_Mini_Euro 6,,Urban Off Peak,,,10,130,0,0,2,0,0,0,1000,0,1,1,1 
PCLPG_3,Passenger Cars_LPG Bifuel ~ LPG_Mini_Euro 6,,Rural,,,10,130,0,0,2,0,0,0,1000,0,1,1,1 
PCLPG_3,Passenger Cars_LPG Bifuel ~ LPG_Mini_Euro 6,,Highway,,,10,130,0,0,0,0,0,0,0,0,1,1,1 
PCB_3,Passenger Cars_LPG Bifuel ~ Petrol_Mini_Euro 6,,Urban Peak,,,10,130,0,0,2.87,0,0,0,1000,0,1,1,1 
PCB_3,Passenger Cars_LPG Bifuel ~ Petrol_Mini_Euro 6,,Urban Off Peak,,,10,130,0,0,2.87,0,0,0,1000,0,1,1,1 
PCB_3,Passenger Cars_LPG Bifuel ~ Petrol_Mini_Euro 6,,Rural,,,10,130,0,0,2.69,0,0,0,1000,0,1,1,1 
PCB_3,Passenger Cars_LPG Bifuel ~ Petrol_Mini_Euro 6,,Highway,,,10,130,0,0,5.08,0,0,0,1000,0,1,1,1 
PCLPG_4,Passenger Cars_LPG Bifuel ~ LPG_Small_Conventional,,Urban Peak,,,10,130,0,0,80,0,0,0,1000,0,1,1,1 
PCLPG_4,Passenger Cars_LPG Bifuel ~ LPG_Small_Conventional,,Urban Off Peak,,,10,130,0,0,80,0,0,0,1000,0,1,1,1 
PCLPG_4,Passenger Cars_LPG Bifuel ~ LPG_Small_Conventional,,Rural,,,10,130,0,0,35,0,0,0,1000,0,1,1,1 
PCLPG_4,Passenger Cars_LPG Bifuel ~ LPG_Small_Conventional,,Highway,,,10,130,0,0,25,0,0,0,1000,0,1,1,1 
PCB_4,Passenger Cars_LPG Bifuel ~ Petrol_Small_Conventional,,Urban Peak,,,10,130,0,0,131,0,0,0,1000,0,1,1,1 
PCB_4,Passenger Cars_LPG Bifuel ~ Petrol_Small_Conventional,,Urban Off Peak,,,10,130,0,0,131,0,0,0,1000,0,1,1,1 
PCB_4,Passenger Cars_LPG Bifuel ~ Petrol_Small_Conventional,,Rural,,,10,130,0,0,86,0,0,0,1000,0,1,1,1 
PCB_4,Passenger Cars_LPG Bifuel ~ Petrol_Small_Conventional,,Highway,,,10,130,0,0,41,0,0,0,1000,0,1,1,1 
PCLPG_5,Passenger Cars_LPG Bifuel ~ LPG_Small_Euro 1,,Urban Peak,,,10,130,0,0,80,0,0,0,1000,0,1,1,1 
PCLPG_5,Passenger Cars_LPG Bifuel ~ LPG_Small_Euro 1,,Urban Off Peak,,,10,130,0,0,80,0,0,0,1000,0,1,1,1 
PCLPG_5,Passenger Cars_LPG Bifuel ~ LPG_Small_Euro 1,,Rural,,,10,130,0,0,35,0,0,0,1000,0,1,1,1 
PCLPG_5,Passenger Cars_LPG Bifuel ~ LPG_Small_Euro 1,,Highway,,,10,130,0,0,25,0,0,0,1000,0,1,1,1 
PCB_5,Passenger Cars_LPG Bifuel ~ Petrol_Small_Euro 1,,Urban Peak,,,10,130,0,0,26,0,0,0,1000,0,1,1,1 
PCB_5,Passenger Cars_LPG Bifuel ~ Petrol_Small_Euro 1,,Urban Off Peak,,,10,130,0,0,26,0,0,0,1000,0,1,1,1 
PCB_5,Passenger Cars_LPG Bifuel ~ Petrol_Small_Euro 1,,Rural,,,10,130,0,0,16,0,0,0,1000,0,1,1,1 
PCB_5,Passenger Cars_LPG Bifuel ~ Petrol_Small_Euro 1,,Highway,,,10,130,0,0,14,0,0,0,1000,0,1,1,1 
PCLPG_6,Passenger Cars_LPG Bifuel ~ LPG_Small_Euro 2,,Urban Peak,,,10,130,0,0,80,0,0,0,1000,0.76,1,1,1 
PCLPG_6,Passenger Cars_LPG Bifuel ~ LPG_Small_Euro 2,,Urban Off Peak,,,10,130,0,0,80,0,0,0,1000,0.76,1,1,1 
PCLPG_6,Passenger Cars_LPG Bifuel ~ LPG_Small_Euro 2,,Rural,,,10,130,0,0,35,0,0,0,1000,0.76,1,1,1 
PCLPG_6,Passenger Cars_LPG Bifuel ~ LPG_Small_Euro 2,,Highway,,,10,130,0,0,25,0,0,0,1000,0.76,1,1,1 
PCB_6,Passenger Cars_LPG Bifuel ~ Petrol_Small_Euro 2,,Urban Peak,,,10,130,0,0,17,0,0,0,1000,0,1,1,1 
PCB_6,Passenger Cars_LPG Bifuel ~ Petrol_Small_Euro 2,,Urban Off Peak,,,10,130,0,0,17,0,0,0,1000,0,1,1,1 
PCB_6,Passenger Cars_LPG Bifuel ~ Petrol_Small_Euro 2,,Rural,,,10,130,0,0,13,0,0,0,1000,0,1,1,1 
PCB_6,Passenger Cars_LPG Bifuel ~ Petrol_Small_Euro 2,,Highway,,,10,130,0,0,11,0,0,0,1000,0,1,1,1 
PCLPG_7,Passenger Cars_LPG Bifuel ~ LPG_Small_Euro 3,,Urban Peak,,,10,130,0,0,3,0,0,0,1000,0,1,1,1 
PCLPG_7,Passenger Cars_LPG Bifuel ~ LPG_Small_Euro 3,,Urban Off Peak,,,10,130,0,0,3,0,0,0,1000,0,1,1,1 
PCLPG_7,Passenger Cars_LPG Bifuel ~ LPG_Small_Euro 3,,Rural,,,10,130,0,0,2,0,0,0,1000,0,1,1,1 
PCLPG_7,Passenger Cars_LPG Bifuel ~ LPG_Small_Euro 3,,Highway,,,10,130,0,0,4,0,0,0,1000,0,1,1,1 
PCB_7,Passenger Cars_LPG Bifuel ~ Petrol_Small_Euro 3,,Urban Peak,,,10,130,0,0,3,0,0,0,1000,0,1,1,1 
PCB_7,Passenger Cars_LPG Bifuel ~ Petrol_Small_Euro 3,,Urban Off Peak,,,10,130,0,0,3,0,0,0,1000,0,1,1,1 
PCB_7,Passenger Cars_LPG Bifuel ~ Petrol_Small_Euro 3,,Rural,,,10,130,0,0,2,0,0,0,1000,0,1,1,1 
PCB_7,Passenger Cars_LPG Bifuel ~ Petrol_Small_Euro 3,,Highway,,,10,130,0,0,4,0,0,0,1000,0,1,1,1 
PCLPG_8,Passenger Cars_LPG Bifuel ~ LPG_Small_Euro 4,,Urban Peak,,,10,130,0,0,2,0,0,0,1000,0,1,1,1 
PCLPG_8,Passenger Cars_LPG Bifuel ~ LPG_Small_Euro 4,,Urban Off Peak,,,10,130,0,0,2,0,0,0,1000,0,1,1,1 
PCLPG_8,Passenger Cars_LPG Bifuel ~ LPG_Small_Euro 4,,Rural,,,10,130,0,0,2,0,0,0,1000,0,1,1,1 
PCLPG_8,Passenger Cars_LPG Bifuel ~ LPG_Small_Euro 4,,Highway,,,10,130,0,0,0,0,0,0,0,0,1,1,1 
PCB_8,Passenger Cars_LPG Bifuel ~ Petrol_Small_Euro 4,,Urban Peak,,,10,130,0,0,2.87,0,0,0,1000,0,1,1,1 
PCB_8,Passenger Cars_LPG Bifuel ~ Petrol_Small_Euro 4,,Urban Off Peak,,,10,130,0,0,2.87,0,0,0,1000,0,1,1,1 
PCB_8,Passenger Cars_LPG Bifuel ~ Petrol_Small_Euro 4,,Rural,,,10,130,0,0,2.69,0,0,0,1000,0,1,1,1 
PCB_8,Passenger Cars_LPG Bifuel ~ Petrol_Small_Euro 4,,Highway,,,10,130,0,0,5.08,0,0,0,1000,0,1,1,1 
PCLPG_9,Passenger Cars_LPG Bifuel ~ LPG_Small_Euro 5,,Urban Peak,,,10,130,0,0,2,0,0,0,1000,0,1,1,1 
PCLPG_9,Passenger Cars_LPG Bifuel ~ LPG_Small_Euro 5,,Urban Off Peak,,,10,130,0,0,2,0,0,0,1000,0,1,1,1 
PCLPG_9,Passenger Cars_LPG Bifuel ~ LPG_Small_Euro 5,,Rural,,,10,130,0,0,2,0,0,0,1000,0,1,1,1 
PCLPG_9,Passenger Cars_LPG Bifuel ~ LPG_Small_Euro 5,,Highway,,,10,130,0,0,0,0,0,0,0,0,1,1,1 
PCB_9,Passenger Cars_LPG Bifuel ~ Petrol_Small_Euro 5,,Urban Peak,,,10,130,0,0,2.87,0,0,0,1000,0,1,1,1 
PCB_9,Passenger Cars_LPG Bifuel ~ Petrol_Small_Euro 5,,Urban Off Peak,,,10,130,0,0,2.87,0,0,0,1000,0,1,1,1 
PCB_9,Passenger Cars_LPG Bifuel ~ Petrol_Small_Euro 5,,Rural,,,10,130,0,0,2.69,0,0,0,1000,0,1,1,1 
PCB_9,Passenger Cars_LPG Bifuel ~ Petrol_Small_Euro 5,,Highway,,,10,130,0,0,5.08,0,0,0,1000,0,1,1,1 
PCLPG_10,Passenger Cars_LPG Bifuel ~ LPG_Small_Euro 6,,Urban Peak,,,10,130,0,0,2,0,0,0,1000,0,1,1,1 
PCLPG_10,Passenger Cars_LPG Bifuel ~ LPG_Small_Euro 6,,Urban Off Peak,,,10,130,0,0,2,0,0,0,1000,0,1,1,1 
PCLPG_10,Passenger Cars_LPG Bifuel ~ LPG_Small_Euro 6,,Rural,,,10,130,0,0,2,0,0,0,1000,0,1,1,1 
PCLPG_10,Passenger Cars_LPG Bifuel ~ LPG_Small_Euro 6,,Highway,,,10,130,0,0,0,0,0,0,0,0,1,1,1 
PCB_10,Passenger Cars_LPG Bifuel ~ Petrol_Small_Euro 6,,Urban Peak,,,10,130,0,0,2.87,0,0,0,1000,0,1,1,1 
PCB_10,Passenger Cars_LPG Bifuel ~ Petrol_Small_Euro 6,,Urban Off Peak,,,10,130,0,0,2.87,0,0,0,1000,0,1,1,1 
PCB_10,Passenger Cars_LPG Bifuel ~ Petrol_Small_Euro 6,,Rural,,,10,130,0,0,2.69,0,0,0,1000,0,1,1,1 
PCB_10,Passenger Cars_LPG Bifuel ~ Petrol_Small_Euro 6,,Highway,,,10,130,0,0,5.08,0,0,0,1000,0,1,1,1 
PCLPG_11,Passenger Cars_LPG Bifuel ~ LPG_Medium_Conventional,,Urban Peak,,,10,130,0,0,80,0,0,0,1000,0,1,1,1 
PCLPG_11,Passenger Cars_LPG Bifuel ~ LPG_Medium_Conventional,,Urban Off Peak,,,10,130,0,0,80,0,0,0,1000,0,1,1,1 
PCLPG_11,Passenger Cars_LPG Bifuel ~ LPG_Medium_Conventional,,Rural,,,10,130,0,0,35,0,0,0,1000,0,1,1,1 
PCLPG_11,Passenger Cars_LPG Bifuel ~ LPG_Medium_Conventional,,Highway,,,10,130,0,0,25,0,0,0,1000,0,1,1,1 
PCB_11,Passenger Cars_LPG Bifuel ~ Petrol_Medium_Conventional,,Urban Peak,,,10,130,0,0,131,0,0,0,1000,0,1,1,1 
PCB_11,Passenger Cars_LPG Bifuel ~ Petrol_Medium_Conventional,,Urban Off Peak,,,10,130,0,0,131,0,0,0,1000,0,1,1,1 
PCB_11,Passenger Cars_LPG Bifuel ~ Petrol_Medium_Conventional,,Rural,,,10,130,0,0,86,0,0,0,1000,0,1,1,1 
PCB_11,Passenger Cars_LPG Bifuel ~ Petrol_Medium_Conventional,,Highway,,,10,130,0,0,41,0,0,0,1000,0,1,1,1 
PCLPG_12,Passenger Cars_LPG Bifuel ~ LPG_Medium_Euro 1,,Urban Peak,,,10,130,0,0,80,0,0,0,1000,0,1,1,1 
PCLPG_12,Passenger Cars_LPG Bifuel ~ LPG_Medium_Euro 1,,Urban Off Peak,,,10,130,0,0,80,0,0,0,1000,0,1,1,1 
PCLPG_12,Passenger Cars_LPG Bifuel ~ LPG_Medium_Euro 1,,Rural,,,10,130,0,0,35,0,0,0,1000,0,1,1,1 
PCLPG_12,Passenger Cars_LPG Bifuel ~ LPG_Medium_Euro 1,,Highway,,,10,130,0,0,25,0,0,0,1000,0,1,1,1 
PCB_12,Passenger Cars_LPG Bifuel ~ Petrol_Medium_Euro 1,,Urban Peak,,,10,130,0,0,26,0,0,0,1000,0,1,1,1 
PCB_12,Passenger Cars_LPG Bifuel ~ Petrol_Medium_Euro 1,,Urban Off Peak,,,10,130,0,0,26,0,0,0,1000,0,1,1,1 
PCB_12,Passenger Cars_LPG Bifuel ~ Petrol_Medium_Euro 1,,Rural,,,10,130,0,0,16,0,0,0,1000,0,1,1,1 
PCB_12,Passenger Cars_LPG Bifuel ~ Petrol_Medium_Euro 1,,Highway,,,10,130,0,0,14,0,0,0,1000,0,1,1,1 
PCLPG_13,Passenger Cars_LPG Bifuel ~ LPG_Medium_Euro 2,,Urban Peak,,,10,130,0,0,80,0,0,0,1000,0.76,1,1,1 
PCLPG_13,Passenger Cars_LPG Bifuel ~ LPG_Medium_Euro 2,,Urban Off Peak,,,10,130,0,0,80,0,0,0,1000,0.76,1,1,1 
PCLPG_13,Passenger Cars_LPG Bifuel ~ LPG_Medium_Euro 2,,Rural,,,10,130,0,0,35,0,0,0,1000,0.76,1,1,1 
PCLPG_13,Passenger Cars_LPG Bifuel ~ LPG_Medium_Euro 2,,Highway,,,10,130,0,0,25,0,0,0,1000,0.76,1,1,1 
PCB_13,Passenger Cars_LPG Bifuel ~ Petrol_Medium_Euro 2,,Urban Peak,,,10,130,0,0,17,0,0,0,1000,0,1,1,1 
PCB_13,Passenger Cars_LPG Bifuel ~ Petrol_Medium_Euro 2,,Urban Off Peak,,,10,130,0,0,17,0,0,0,1000,0,1,1,1 
PCB_13,Passenger Cars_LPG Bifuel ~ Petrol_Medium_Euro 2,,Rural,,,10,130,0,0,13,0,0,0,1000,0,1,1,1 
PCB_13,Passenger Cars_LPG Bifuel ~ Petrol_Medium_Euro 2,,Highway,,,10,130,0,0,11,0,0,0,1000,0,1,1,1 
PCLPG_14,Passenger Cars_LPG Bifuel ~ LPG_Medium_Euro 3,,Urban Peak,,,10,130,0,0,3,0,0,0,1000,0,1,1,1 
PCLPG_14,Passenger Cars_LPG Bifuel ~ LPG_Medium_Euro 3,,Urban Off Peak,,,10,130,0,0,3,0,0,0,1000,0,1,1,1 
PCLPG_14,Passenger Cars_LPG Bifuel ~ LPG_Medium_Euro 3,,Rural,,,10,130,0,0,2,0,0,0,1000,0,1,1,1 
PCLPG_14,Passenger Cars_LPG Bifuel ~ LPG_Medium_Euro 3,,Highway,,,10,130,0,0,4,0,0,0,1000,0,1,1,1 
PCB_14,Passenger Cars_LPG Bifuel ~ Petrol_Medium_Euro 3,,Urban Peak,,,10,130,0,0,3,0,0,0,1000,0,1,1,1 
PCB_14,Passenger Cars_LPG Bifuel ~ Petrol_Medium_Euro 3,,Urban Off Peak,,,10,130,0,0,3,0,0,0,1000,0,1,1,1 
PCB_14,Passenger Cars_LPG Bifuel ~ Petrol_Medium_Euro 3,,Rural,,,10,130,0,0,2,0,0,0,1000,0,1,1,1 
PCB_14,Passenger Cars_LPG Bifuel ~ Petrol_Medium_Euro 3,,Highway,,,10,130,0,0,4,0,0,0,1000,0,1,1,1 
PCLPG_15,Passenger Cars_LPG Bifuel ~ LPG_Medium_Euro 4,,Urban Peak,,,10,130,0,0,2,0,0,0,1000,0,1,1,1 
PCLPG_15,Passenger Cars_LPG Bifuel ~ LPG_Medium_Euro 4,,Urban Off Peak,,,10,130,0,0,2,0,0,0,1000,0,1,1,1 
PCLPG_15,Passenger Cars_LPG Bifuel ~ LPG_Medium_Euro 4,,Rural,,,10,130,0,0,2,0,0,0,1000,0,1,1,1 
PCLPG_15,Passenger Cars_LPG Bifuel ~ LPG_Medium_Euro 4,,Highway,,,10,130,0,0,0,0,0,0,0,0,1,1,1 
PCB_15,Passenger Cars_LPG Bifuel ~ Petrol_Medium_Euro 4,,Urban Peak,,,10,130,0,0,2.87,0,0,0,1000,0,1,1,1 
PCB_15,Passenger Cars_LPG Bifuel ~ Petrol_Medium_Euro 4,,Urban Off Peak,,,10,130,0,0,2.87,0,0,0,1000,0,1,1,1 
PCB_15,Passenger Cars_LPG Bifuel ~ Petrol_Medium_Euro 4,,Rural,,,10,130,0,0,2.69,0,0,0,1000,0,1,1,1 
PCB_15,Passenger Cars_LPG Bifuel ~ Petrol_Medium_Euro 4,,Highway,,,10,130,0,0,5.08,0,0,0,1000,0,1,1,1 
PCLPG_16,Passenger Cars_LPG Bifuel ~ LPG_Medium_Euro 5,,Urban Peak,,,10,130,0,0,2,0,0,0,1000,0,1,1,1 
PCLPG_16,Passenger Cars_LPG Bifuel ~ LPG_Medium_Euro 5,,Urban Off Peak,,,10,130,0,0,2,0,0,0,1000,0,1,1,1 
PCLPG_16,Passenger Cars_LPG Bifuel ~ LPG_Medium_Euro 5,,Rural,,,10,130,0,0,2,0,0,0,1000,0,1,1,1 
PCLPG_16,Passenger Cars_LPG Bifuel ~ LPG_Medium_Euro 5,,Highway,,,10,130,0,0,0,0,0,0,0,0,1,1,1 
PCB_16,Passenger Cars_LPG Bifuel ~ Petrol_Medium_Euro 5,,Urban Peak,,,10,130,0,0,2.87,0,0,0,1000,0,1,1,1 
PCB_16,Passenger Cars_LPG Bifuel ~ Petrol_Medium_Euro 5,,Urban Off Peak,,,10,130,0,0,2.87,0,0,0,1000,0,1,1,1 
PCB_16,Passenger Cars_LPG Bifuel ~ Petrol_Medium_Euro 5,,Rural,,,10,130,0,0,2.69,0,0,0,1000,0,1,1,1 
PCB_16,Passenger Cars_LPG Bifuel ~ Petrol_Medium_Euro 5,,Highway,,,10,130,0,0,5.08,0,0,0,1000,0,1,1,1 
PCLPG_17,Passenger Cars_LPG Bifuel ~ LPG_Medium_Euro 6,,Urban Peak,,,10,130,0,0,2,0,0,0,1000,0,1,1,1 
PCLPG_17,Passenger Cars_LPG Bifuel ~ LPG_Medium_Euro 6,,Urban Off Peak,,,10,130,0,0,2,0,0,0,1000,0,1,1,1 
PCLPG_17,Passenger Cars_LPG Bifuel ~ LPG_Medium_Euro 6,,Rural,,,10,130,0,0,2,0,0,0,1000,0,1,1,1 
PCLPG_17,Passenger Cars_LPG Bifuel ~ LPG_Medium_Euro 6,,Highway,,,10,130,0,0,0,0,0,0,0,0,1,1,1 
PCB_17,Passenger Cars_LPG Bifuel ~ Petrol_Medium_Euro 6,,Urban Peak,,,10,130,0,0,2.87,0,0,0,1000,0,1,1,1 
PCB_17,Passenger Cars_LPG Bifuel ~ Petrol_Medium_Euro 6,,Urban Off Peak,,,10,130,0,0,2.87,0,0,0,1000,0,1,1,1 
PCB_17,Passenger Cars_LPG Bifuel ~ Petrol_Medium_Euro 6,,Rural,,,10,130,0,0,2.69,0,0,0,1000,0,1,1,1 
PCB_17,Passenger Cars_LPG Bifuel ~ Petrol_Medium_Euro 6,,Highway,,,10,130,0,0,5.08,0,0,0,1000,0,1,1,1 
PCLPG_18,Passenger Cars_LPG Bifuel ~ LPG_Large-SUV-Executive_Conventional,,Urban Peak,,,10,130,0,0,80,0,0,0,1000,0,1,1,1 
PCLPG_18,Passenger Cars_LPG Bifuel ~ LPG_Large-SUV-Executive_Conventional,,Urban Off Peak,,,10,130,0,0,80,0,0,0,1000,0,1,1,1 
PCLPG_18,Passenger Cars_LPG Bifuel ~ LPG_Large-SUV-Executive_Conventional,,Rural,,,10,130,0,0,35,0,0,0,1000,0,1,1,1 
PCLPG_18,Passenger Cars_LPG Bifuel ~ LPG_Large-SUV-Executive_Conventional,,Highway,,,10,130,0,0,25,0,0,0,1000,0,1,1,1 
PCB_18,Passenger Cars_LPG Bifuel ~ Petrol_Large-SUV-Executive_Conventional,,Urban Peak,,,10,130,0,0,131,0,0,0,1000,0,1,1,1 
PCB_18,Passenger Cars_LPG Bifuel ~ Petrol_Large-SUV-Executive_Conventional,,Urban Off Peak,,,10,130,0,0,131,0,0,0,1000,0,1,1,1 
PCB_18,Passenger Cars_LPG Bifuel ~ Petrol_Large-SUV-Executive_Conventional,,Rural,,,10,130,0,0,86,0,0,0,1000,0,1,1,1 
PCB_18,Passenger Cars_LPG Bifuel ~ Petrol_Large-SUV-Executive_Conventional,,Highway,,,10,130,0,0,41,0,0,0,1000,0,1,1,1 
PCLPG_19,Passenger Cars_LPG Bifuel ~ LPG_Large-SUV-Executive_Euro 1,,Urban Peak,,,10,130,0,0,80,0,0,0,1000,0,1,1,1 
PCLPG_19,Passenger Cars_LPG Bifuel ~ LPG_Large-SUV-Executive_Euro 1,,Urban Off Peak,,,10,130,0,0,80,0,0,0,1000,0,1,1,1 
PCLPG_19,Passenger Cars_LPG Bifuel ~ LPG_Large-SUV-Executive_Euro 1,,Rural,,,10,130,0,0,35,0,0,0,1000,0,1,1,1 
PCLPG_19,Passenger Cars_LPG Bifuel ~ LPG_Large-SUV-Executive_Euro 1,,Highway,,,10,130,0,0,25,0,0,0,1000,0,1,1,1 
PCB_19,Passenger Cars_LPG Bifuel ~ Petrol_Large-SUV-Executive_Euro 1,,Urban Peak,,,10,130,0,0,26,0,0,0,1000,0,1,1,1 
PCB_19,Passenger Cars_LPG Bifuel ~ Petrol_Large-SUV-Executive_Euro 1,,Urban Off Peak,,,10,130,0,0,26,0,0,0,1000,0,1,1,1 
PCB_19,Passenger Cars_LPG Bifuel ~ Petrol_Large-SUV-Executive_Euro 1,,Rural,,,10,130,0,0,16,0,0,0,1000,0,1,1,1 
PCB_19,Passenger Cars_LPG Bifuel ~ Petrol_Large-SUV-Executive_Euro 1,,Highway,,,10,130,0,0,14,0,0,0,1000,0,1,1,1 
PCLPG_20,Passenger Cars_LPG Bifuel ~ LPG_Large-SUV-Executive_Euro 2,,Urban Peak,,,10,130,0,0,80,0,0,0,1000,0.76,1,1,1 
PCLPG_20,Passenger Cars_LPG Bifuel ~ LPG_Large-SUV-Executive_Euro 2,,Urban Off Peak,,,10,130,0,0,80,0,0,0,1000,0.76,1,1,1 
PCLPG_20,Passenger Cars_LPG Bifuel ~ LPG_Large-SUV-Executive_Euro 2,,Rural,,,10,130,0,0,35,0,0,0,1000,0.76,1,1,1 
PCLPG_20,Passenger Cars_LPG Bifuel ~ LPG_Large-SUV-Executive_Euro 2,,Highway,,,10,130,0,0,25,0,0,0,1000,0.76,1,1,1 
PCB_20,Passenger Cars_LPG Bifuel ~ Petrol_Large-SUV-Executive_Euro 2,,Urban Peak,,,10,130,0,0,17,0,0,0,1000,0,1,1,1 
PCB_20,Passenger Cars_LPG Bifuel ~ Petrol_Large-SUV-Executive_Euro 2,,Urban Off Peak,,,10,130,0,0,17,0,0,0,1000,0,1,1,1 
PCB_20,Passenger Cars_LPG Bifuel ~ Petrol_Large-SUV-Executive_Euro 2,,Rural,,,10,130,0,0,13,0,0,0,1000,0,1,1,1 
PCB_20,Passenger Cars_LPG Bifuel ~ Petrol_Large-SUV-Executive_Euro 2,,Highway,,,10,130,0,0,11,0,0,0,1000,0,1,1,1 
PCLPG_21,Passenger Cars_LPG Bifuel ~ LPG_Large-SUV-Executive_Euro 3,,Urban Peak,,,10,130,0,0,3,0,0,0,1000,0,1,1,1 
PCLPG_21,Passenger Cars_LPG Bifuel ~ LPG_Large-SUV-Executive_Euro 3,,Urban Off Peak,,,10,130,0,0,3,0,0,0,1000,0,1,1,1 
PCLPG_21,Passenger Cars_LPG Bifuel ~ LPG_Large-SUV-Executive_Euro 3,,Rural,,,10,130,0,0,2,0,0,0,1000,0,1,1,1 
PCLPG_21,Passenger Cars_LPG Bifuel ~ LPG_Large-SUV-Executive_Euro 3,,Highway,,,10,130,0,0,4,0,0,0,1000,0,1,1,1 
PCB_21,Passenger Cars_LPG Bifuel ~ Petrol_Large-SUV-Executive_Euro 3,,Urban Peak,,,10,130,0,0,3,0,0,0,1000,0,1,1,1 
PCB_21,Passenger Cars_LPG Bifuel ~ Petrol_Large-SUV-Executive_Euro 3,,Urban Off Peak,,,10,130,0,0,3,0,0,0,1000,0,1,1,1 
PCB_21,Passenger Cars_LPG Bifuel ~ Petrol_Large-SUV-Executive_Euro 3,,Rural,,,10,130,0,0,2,0,0,0,1000,0,1,1,1 
PCB_21,Passenger Cars_LPG Bifuel ~ Petrol_Large-SUV-Executive_Euro 3,,Highway,,,10,130,0,0,4,0,0,0,1000,0,1,1,1 
PCLPG_22,Passenger Cars_LPG Bifuel ~ LPG_Large-SUV-Executive_Euro 4,,Urban Peak,,,10,130,0,0,2,0,0,0,1000,0,1,1,1 
PCLPG_22,Passenger Cars_LPG Bifuel ~ LPG_Large-SUV-Executive_Euro 4,,Urban Off Peak,,,10,130,0,0,2,0,0,0,1000,0,1,1,1 
PCLPG_22,Passenger Cars_LPG Bifuel ~ LPG_Large-SUV-Executive_Euro 4,,Rural,,,10,130,0,0,2,0,0,0,1000,0,1,1,1 
PCLPG_22,Passenger Cars_LPG Bifuel ~ LPG_Large-SUV-Executive_Euro 4,,Highway,,,10,130,0,0,0,0,0,0,0,0,1,1,1 
PCB_22,Passenger Cars_LPG Bifuel ~ Petrol_Large-SUV-Executive_Euro 4,,Urban Peak,,,10,130,0,0,2.87,0,0,0,1000,0,1,1,1 
PCB_22,Passenger Cars_LPG Bifuel ~ Petrol_Large-SUV-Executive_Euro 4,,Urban Off Peak,,,10,130,0,0,2.87,0,0,0,1000,0,1,1,1 
PCB_22,Passenger Cars_LPG Bifuel ~ Petrol_Large-SUV-Executive_Euro 4,,Rural,,,10,130,0,0,2.69,0,0,0,1000,0,1,1,1 
PCB_22,Passenger Cars_LPG Bifuel ~ Petrol_Large-SUV-Executive_Euro 4,,Highway,,,10,130,0,0,5.08,0,0,0,1000,0,1,1,1 
PCLPG_23,Passenger Cars_LPG Bifuel ~ LPG_Large-SUV-Executive_Euro 5,,Urban Peak,,,10,130,0,0,2,0,0,0,1000,0,1,1,1 
PCLPG_23,Passenger Cars_LPG Bifuel ~ LPG_Large-SUV-Executive_Euro 5,,Urban Off Peak,,,10,130,0,0,2,0,0,0,1000,0,1,1,1 
PCLPG_23,Passenger Cars_LPG Bifuel ~ LPG_Large-SUV-Executive_Euro 5,,Rural,,,10,130,0,0,2,0,0,0,1000,0,1,1,1 
PCLPG_23,Passenger Cars_LPG Bifuel ~ LPG_Large-SUV-Executive_Euro 5,,Highway,,,10,130,0,0,0,0,0,0,0,0,1,1,1 
PCB_23,Passenger Cars_LPG Bifuel ~ Petrol_Large-SUV-Executive_Euro 5,,Urban Peak,,,10,130,0,0,2.87,0,0,0,1000,0,1,1,1 
PCB_23,Passenger Cars_LPG Bifuel ~ Petrol_Large-SUV-Executive_Euro 5,,Urban Off Peak,,,10,130,0,0,2.87,0,0,0,1000,0,1,1,1 
PCB_23,Passenger Cars_LPG Bifuel ~ Petrol_Large-SUV-Executive_Euro 5,,Rural,,,10,130,0,0,2.69,0,0,0,1000,0,1,1,1 
PCB_23,Passenger Cars_LPG Bifuel ~ Petrol_Large-SUV-Executive_Euro 5,,Highway,,,10,130,0,0,5.08,0,0,0,1000,0,1,1,1 
PCLPG_24,Passenger Cars_LPG Bifuel ~ LPG_Large-SUV-Executive_Euro 6,,Urban Peak,,,10,130,0,0,2,0,0,0,1000,0,1,1,1 
PCLPG_24,Passenger Cars_LPG Bifuel ~ LPG_Large-SUV-Executive_Euro 6,,Urban Off Peak,,,10,130,0,0,2,0,0,0,1000,0,1,1,1 
PCLPG_24,Passenger Cars_LPG Bifuel ~ LPG_Large-SUV-Executive_Euro 6,,Rural,,,10,130,0,0,2,0,0,0,1000,0,1,1,1 
PCLPG_24,Passenger Cars_LPG Bifuel ~ LPG_Large-SUV-Executive_Euro 6,,Highway,,,10,130,0,0,0,0,0,0,0,0,1,1,1 
PCB_24,Passenger Cars_LPG Bifuel ~ Petrol_Large-SUV-Executive_Euro 6,,Urban Peak,,,10,130,0,0,2.87,0,0,0,1000,0,1,1,1 
PCB_24,Passenger Cars_LPG Bifuel ~ Petrol_Large-SUV-Executive_Euro 6,,Urban Off Peak,,,10,130,0,0,2.87,0,0,0,1000,0,1,1,1 
PCB_24,Passenger Cars_LPG Bifuel ~ Petrol_Large-SUV-Executive_Euro 6,,Rural,,,10,130,0,0,2.69,0,0,0,1000,0,1,1,1 
PCB_24,Passenger Cars_LPG Bifuel ~ Petrol_Large-SUV-Executive_Euro 6,,Highway,,,10,130,0,0,5.08,0,0,0,1000,0,1,1,1 
PCCNG_1,Passenger Cars_CNG Bifuel ~ CNG_Mini_Euro 4,,Urban Peak,,,10,130,0,0,57.3,0,0,0,1000,0,1,1,1 
PCCNG_1,Passenger Cars_CNG Bifuel ~ CNG_Mini_Euro 4,,Urban Off Peak,,,10,130,0,0,57.3,0,0,0,1000,0,1,1,1 
PCCNG_1,Passenger Cars_CNG Bifuel ~ CNG_Mini_Euro 4,,Rural,,,10,130,0,0,27.73,0,0,0,1000,0,1,1,1 
PCCNG_1,Passenger Cars_CNG Bifuel ~ CNG_Mini_Euro 4,,Highway,,,10,130,0,0,43.39,0,0,0,1000,0,1,1,1 
PCB_25,Passenger Cars_CNG Bifuel ~ Petrol_Mini_Euro 4,,Urban Peak,,,10,130,0,0,2.87,0,0,0,1000,0,1,1,1 
PCB_25,Passenger Cars_CNG Bifuel ~ Petrol_Mini_Euro 4,,Urban Off Peak,,,10,130,0,0,2.87,0,0,0,1000,0,1,1,1 
PCB_25,Passenger Cars_CNG Bifuel ~ Petrol_Mini_Euro 4,,Rural,,,10,130,0,0,2.69,0,0,0,1000,0,1,1,1 
PCB_25,Passenger Cars_CNG Bifuel ~ Petrol_Mini_Euro 4,,Highway,,,10,130,0,0,5.08,0,0,0,1000,0,1,1,1 
PCCNG_2,Passenger Cars_CNG Bifuel ~ CNG_Mini_Euro 5,,Urban Peak,,,10,130,0,0,57.3,0,0,0,1000,0,1,1,1 
PCCNG_2,Passenger Cars_CNG Bifuel ~ CNG_Mini_Euro 5,,Urban Off Peak,,,10,130,0,0,57.3,0,0,0,1000,0,1,1,1 
PCCNG_2,Passenger Cars_CNG Bifuel ~ CNG_Mini_Euro 5,,Rural,,,10,130,0,0,27.73,0,0,0,1000,0,1,1,1 
PCCNG_2,Passenger Cars_CNG Bifuel ~ CNG_Mini_Euro 5,,Highway,,,10,130,0,0,43.39,0,0,0,1000,0,1,1,1 
PCB_26,Passenger Cars_CNG Bifuel ~ Petrol_Mini_Euro 5,,Urban Peak,,,10,130,0,0,2.87,0,0,0,1000,0,1,1,1 
PCB_26,Passenger Cars_CNG Bifuel ~ Petrol_Mini_Euro 5,,Urban Off Peak,,,10,130,0,0,2.87,0,0,0,1000,0,1,1,1 
PCB_26,Passenger Cars_CNG Bifuel ~ Petrol_Mini_Euro 5,,Rural,,,10,130,0,0,2.69,0,0,0,1000,0,1,1,1 
PCB_26,Passenger Cars_CNG Bifuel ~ Petrol_Mini_Euro 5,,Highway,,,10,130,0,0,5.08,0,0,0,1000,0,1,1,1 
PCCNG_3,Passenger Cars_CNG Bifuel ~ CNG_Mini_Euro 6,,Urban Peak,,,10,130,0,0,57.3,0,0,0,1000,0,1,1,1 
PCCNG_3,Passenger Cars_CNG Bifuel ~ CNG_Mini_Euro 6,,Urban Off Peak,,,10,130,0,0,57.3,0,0,0,1000,0,1,1,1 
PCCNG_3,Passenger Cars_CNG Bifuel ~ CNG_Mini_Euro 6,,Rural,,,10,130,0,0,27.73,0,0,0,1000,0,1,1,1 
PCCNG_3,Passenger Cars_CNG Bifuel ~ CNG_Mini_Euro 6,,Highway,,,10,130,0,0,43.39,0,0,0,1000,0,1,1,1 
PCB_27,Passenger Cars_CNG Bifuel ~ Petrol_Mini_Euro 6,,Urban Peak,,,10,130,0,0,2.87,0,0,0,1000,0,1,1,1 
PCB_27,Passenger Cars_CNG Bifuel ~ Petrol_Mini_Euro 6,,Urban Off Peak,,,10,130,0,0,2.87,0,0,0,1000,0,1,1,1 
PCB_27,Passenger Cars_CNG Bifuel ~ Petrol_Mini_Euro 6,,Rural,,,10,130,0,0,2.69,0,0,0,1000,0,1,1,1 
PCB_27,Passenger Cars_CNG Bifuel ~ Petrol_Mini_Euro 6,,Highway,,,10,130,0,0,5.08,0,0,0,1000,0,1,1,1 
PCCNG_4,Passenger Cars_CNG Bifuel ~ CNG_Small_Euro 4,,Urban Peak,,,10,130,0,0,57.3,0,0,0,1000,0,1,1,1 
PCCNG_4,Passenger Cars_CNG Bifuel ~ CNG_Small_Euro 4,,Urban Off Peak,,,10,130,0,0,57.3,0,0,0,1000,0,1,1,1 
PCCNG_4,Passenger Cars_CNG Bifuel ~ CNG_Small_Euro 4,,Rural,,,10,130,0,0,27.73,0,0,0,1000,0,1,1,1 
PCCNG_4,Passenger Cars_CNG Bifuel ~ CNG_Small_Euro 4,,Highway,,,10,130,0,0,43.39,0,0,0,1000,0,1,1,1 
PCB_28,Passenger Cars_CNG Bifuel ~ Petrol_Small_Euro 4,,Urban Peak,,,10,130,0,0,2.87,0,0,0,1000,0,1,1,1 
PCB_28,Passenger Cars_CNG Bifuel ~ Petrol_Small_Euro 4,,Urban Off Peak,,,10,130,0,0,2.87,0,0,0,1000,0,1,1,1 
PCB_28,Passenger Cars_CNG Bifuel ~ Petrol_Small_Euro 4,,Rural,,,10,130,0,0,2.69,0,0,0,1000,0,1,1,1 
PCB_28,Passenger Cars_CNG Bifuel ~ Petrol_Small_Euro 4,,Highway,,,10,130,0,0,5.08,0,0,0,1000,0,1,1,1 
PCCNG_5,Passenger Cars_CNG Bifuel ~ CNG_Small_Euro 5,,Urban Peak,,,10,130,0,0,57.3,0,0,0,1000,0,1,1,1 
PCCNG_5,Passenger Cars_CNG Bifuel ~ CNG_Small_Euro 5,,Urban Off Peak,,,10,130,0,0,57.3,0,0,0,1000,0,1,1,1 
PCCNG_5,Passenger Cars_CNG Bifuel ~ CNG_Small_Euro 5,,Rural,,,10,130,0,0,27.73,0,0,0,1000,0,1,1,1 
PCCNG_5,Passenger Cars_CNG Bifuel ~ CNG_Small_Euro 5,,Highway,,,10,130,0,0,43.39,0,0,0,1000,0,1,1,1 
PCB_29,Passenger Cars_CNG Bifuel ~ Petrol_Small_Euro 5,,Urban Peak,,,10,130,0,0,2.87,0,0,0,1000,0,1,1,1 
PCB_29,Passenger Cars_CNG Bifuel ~ Petrol_Small_Euro 5,,Urban Off Peak,,,10,130,0,0,2.87,0,0,0,1000,0,1,1,1 
PCB_29,Passenger Cars_CNG Bifuel ~ Petrol_Small_Euro 5,,Rural,,,10,130,0,0,2.69,0,0,0,1000,0,1,1,1 
PCB_29,Passenger Cars_CNG Bifuel ~ Petrol_Small_Euro 5,,Highway,,,10,130,0,0,5.08,0,0,0,1000,0,1,1,1 
PCCNG_6,Passenger Cars_CNG Bifuel ~ CNG_Small_Euro 6,,Urban Peak,,,10,130,0,0,57.3,0,0,0,1000,0,1,1,1 
PCCNG_6,Passenger Cars_CNG Bifuel ~ CNG_Small_Euro 6,,Urban Off Peak,,,10,130,0,0,57.3,0,0,0,1000,0,1,1,1 
PCCNG_6,Passenger Cars_CNG Bifuel ~ CNG_Small_Euro 6,,Rural,,,10,130,0,0,27.73,0,0,0,1000,0,1,1,1 
PCCNG_6,Passenger Cars_CNG Bifuel ~ CNG_Small_Euro 6,,Highway,,,10,130,0,0,43.39,0,0,0,1000,0,1,1,1 
PCB_30,Passenger Cars_CNG Bifuel ~ Petrol_Small_Euro 6,,Urban Peak,,,10,130,0,0,2.87,0,0,0,1000,0,1,1,1 
PCB_30,Passenger Cars_CNG Bifuel ~ Petrol_Small_Euro 6,,Urban Off Peak,,,10,130,0,0,2.87,0,0,0,1000,0,1,1,1 
PCB_30,Passenger Cars_CNG Bifuel ~ Petrol_Small_Euro 6,,Rural,,,10,130,0,0,2.69,0,0,0,1000,0,1,1,1 
PCB_30,Passenger Cars_CNG Bifuel ~ Petrol_Small_Euro 6,,Highway,,,10,130,0,0,5.08,0,0,0,1000,0,1,1,1 
PCCNG_7,Passenger Cars_CNG Bifuel ~ CNG_Medium_Euro 4,,Urban Peak,,,10,130,0,0,57.3,0,0,0,1000,0,1,1,1 
PCCNG_7,Passenger Cars_CNG Bifuel ~ CNG_Medium_Euro 4,,Urban Off Peak,,,10,130,0,0,57.3,0,0,0,1000,0,1,1,1 
PCCNG_7,Passenger Cars_CNG Bifuel ~ CNG_Medium_Euro 4,,Rural,,,10,130,0,0,27.73,0,0,0,1000,0,1,1,1 
PCCNG_7,Passenger Cars_CNG Bifuel ~ CNG_Medium_Euro 4,,Highway,,,10,130,0,0,43.39,0,0,0,1000,0,1,1,1 
PCB_31,Passenger Cars_CNG Bifuel ~ Petrol_Medium_Euro 4,,Urban Peak,,,10,130,0,0,2.87,0,0,0,1000,0,1,1,1 
PCB_31,Passenger Cars_CNG Bifuel ~ Petrol_Medium_Euro 4,,Urban Off Peak,,,10,130,0,0,2.87,0,0,0,1000,0,1,1,1 
PCB_31,Passenger Cars_CNG Bifuel ~ Petrol_Medium_Euro 4,,Rural,,,10,130,0,0,2.69,0,0,0,1000,0,1,1,1 
PCB_31,Passenger Cars_CNG Bifuel ~ Petrol_Medium_Euro 4,,Highway,,,10,130,0,0,5.08,0,0,0,1000,0,1,1,1 
PCCNG_8,Passenger Cars_CNG Bifuel ~ CNG_Medium_Euro 5,,Urban Peak,,,10,130,0,0,57.3,0,0,0,1000,0,1,1,1 
PCCNG_8,Passenger Cars_CNG Bifuel ~ CNG_Medium_Euro 5,,Urban Off Peak,,,10,130,0,0,57.3,0,0,0,1000,0,1,1,1 
PCCNG_8,Passenger Cars_CNG Bifuel ~ CNG_Medium_Euro 5,,Rural,,,10,130,0,0,27.73,0,0,0,1000,0,1,1,1 
PCCNG_8,Passenger Cars_CNG Bifuel ~ CNG_Medium_Euro 5,,Highway,,,10,130,0,0,43.39,0,0,0,1000,0,1,1,1 
PCB_32,Passenger Cars_CNG Bifuel ~ Petrol_Medium_Euro 5,,Urban Peak,,,10,130,0,0,2.87,0,0,0,1000,0,1,1,1 
PCB_32,Passenger Cars_CNG Bifuel ~ Petrol_Medium_Euro 5,,Urban Off Peak,,,10,130,0,0,2.87,0,0,0,1000,0,1,1,1 
PCB_32,Passenger Cars_CNG Bifuel ~ Petrol_Medium_Euro 5,,Rural,,,10,130,0,0,2.69,0,0,0,1000,0,1,1,1 
PCB_32,Passenger Cars_CNG Bifuel ~ Petrol_Medium_Euro 5,,Highway,,,10,130,0,0,5.08,0,0,0,1000,0,1,1,1 
PCCNG_9,Passenger Cars_CNG Bifuel ~ CNG_Medium_Euro 6,,Urban Peak,,,10,130,0,0,57.3,0,0,0,1000,0,1,1,1 
PCCNG_9,Passenger Cars_CNG Bifuel ~ CNG_Medium_Euro 6,,Urban Off Peak,,,10,130,0,0,57.3,0,0,0,1000,0,1,1,1 
PCCNG_9,Passenger Cars_CNG Bifuel ~ CNG_Medium_Euro 6,,Rural,,,10,130,0,0,27.73,0,0,0,1000,0,1,1,1 
PCCNG_9,Passenger Cars_CNG Bifuel ~ CNG_Medium_Euro 6,,Highway,,,10,130,0,0,43.39,0,0,0,1000,0,1,1,1 
PCB_33,Passenger Cars_CNG Bifuel ~ Petrol_Medium_Euro 6,,Urban Peak,,,10,130,0,0,2.87,0,0,0,1000,0,1,1,1 
PCB_33,Passenger Cars_CNG Bifuel ~ Petrol_Medium_Euro 6,,Urban Off Peak,,,10,130,0,0,2.87,0,0,0,1000,0,1,1,1 
PCB_33,Passenger Cars_CNG Bifuel ~ Petrol_Medium_Euro 6,,Rural,,,10,130,0,0,2.69,0,0,0,1000,0,1,1,1 
PCB_33,Passenger Cars_CNG Bifuel ~ Petrol_Medium_Euro 6,,Highway,,,10,130,0,0,5.08,0,0,0,1000,0,1,1,1 
PCCNG_10,Passenger Cars_CNG Bifuel ~ CNG_Large-SUV-Executive_Euro 4,,Urban Peak,,,10,130,0,0,57.3,0,0,0,1000,0,1,1,1 
PCCNG_10,Passenger Cars_CNG Bifuel ~ CNG_Large-SUV-Executive_Euro 4,,Urban Off Peak,,,10,130,0,0,57.3,0,0,0,1000,0,1,1,1 
PCCNG_10,Passenger Cars_CNG Bifuel ~ CNG_Large-SUV-Executive_Euro 4,,Rural,,,10,130,0,0,27.73,0,0,0,1000,0,1,1,1 
PCCNG_10,Passenger Cars_CNG Bifuel ~ CNG_Large-SUV-Executive_Euro 4,,Highway,,,10,130,0,0,43.39,0,0,0,1000,0,1,1,1 
PCB_34,Passenger Cars_CNG Bifuel ~ Petrol_Large-SUV-Executive_Euro 4,,Urban Peak,,,10,130,0,0,2.87,0,0,0,1000,0,1,1,1 
PCB_34,Passenger Cars_CNG Bifuel ~ Petrol_Large-SUV-Executive_Euro 4,,Urban Off Peak,,,10,130,0,0,2.87,0,0,0,1000,0,1,1,1 
PCB_34,Passenger Cars_CNG Bifuel ~ Petrol_Large-SUV-Executive_Euro 4,,Rural,,,10,130,0,0,2.69,0,0,0,1000,0,1,1,1 
PCB_34,Passenger Cars_CNG Bifuel ~ Petrol_Large-SUV-Executive_Euro 4,,Highway,,,10,130,0,0,5.08,0,0,0,1000,0,1,1,1 
PCCNG_11,Passenger Cars_CNG Bifuel ~ CNG_Large-SUV-Executive_Euro 5,,Urban Peak,,,10,130,0,0,57.3,0,0,0,1000,0,1,1,1 
PCCNG_11,Passenger Cars_CNG Bifuel ~ CNG_Large-SUV-Executive_Euro 5,,Urban Off Peak,,,10,130,0,0,57.3,0,0,0,1000,0,1,1,1 
PCCNG_11,Passenger Cars_CNG Bifuel ~ CNG_Large-SUV-Executive_Euro 5,,Rural,,,10,130,0,0,27.73,0,0,0,1000,0,1,1,1 
PCCNG_11,Passenger Cars_CNG Bifuel ~ CNG_Large-SUV-Executive_Euro 5,,Highway,,,10,130,0,0,43.39,0,0,0,1000,0,1,1,1 
PCB_35,Passenger Cars_CNG Bifuel ~ Petrol_Large-SUV-Executive_Euro 5,,Urban Peak,,,10,130,0,0,2.87,0,0,0,1000,0,1,1,1 
PCB_35,Passenger Cars_CNG Bifuel ~ Petrol_Large-SUV-Executive_Euro 5,,Urban Off Peak,,,10,130,0,0,2.87,0,0,0,1000,0,1,1,1 
PCB_35,Passenger Cars_CNG Bifuel ~ Petrol_Large-SUV-Executive_Euro 5,,Rural,,,10,130,0,0,2.69,0,0,0,1000,0,1,1,1 
PCB_35,Passenger Cars_CNG Bifuel ~ Petrol_Large-SUV-Executive_Euro 5,,Highway,,,10,130,0,0,5.08,0,0,0,1000,0,1,1,1 
PCCNG_12,Passenger Cars_CNG Bifuel ~ CNG_Large-SUV-Executive_Euro 6,,Urban Peak,,,10,130,0,0,57.3,0,0,0,1000,0,1,1,1 
PCCNG_12,Passenger Cars_CNG Bifuel ~ CNG_Large-SUV-Executive_Euro 6,,Urban Off Peak,,,10,130,0,0,57.3,0,0,0,1000,0,1,1,1 
PCCNG_12,Passenger Cars_CNG Bifuel ~ CNG_Large-SUV-Executive_Euro 6,,Rural,,,10,130,0,0,27.73,0,0,0,1000,0,1,1,1 
PCCNG_12,Passenger Cars_CNG Bifuel ~ CNG_Large-SUV-Executive_Euro 6,,Highway,,,10,130,0,0,43.39,0,0,0,1000,0,1,1,1 
PCB_36,Passenger Cars_CNG Bifuel ~ Petrol_Large-SUV-Executive_Euro 6,,Urban Peak,,,10,130,0,0,2.87,0,0,0,1000,0,1,1,1 
PCB_36,Passenger Cars_CNG Bifuel ~ Petrol_Large-SUV-Executive_Euro 6,,Urban Off Peak,,,10,130,0,0,2.87,0,0,0,1000,0,1,1,1 
PCB_36,Passenger Cars_CNG Bifuel ~ Petrol_Large-SUV-Executive_Euro 6,,Rural,,,10,130,0,0,2.69,0,0,0,1000,0,1,1,1 
PCB_36,Passenger Cars_CNG Bifuel ~ Petrol_Large-SUV-Executive_Euro 6,,Highway,,,10,130,0,0,5.08,0,0,0,1000,0,1,1,1 
LDVG_1,Light Commercial Vehicles_Petrol_N1-I_Conventional,,Urban Peak,,,10,130,0,0,131,0,0,0,1000,0,1,1,1 
LDVG_1,Light Commercial Vehicles_Petrol_N1-I_Conventional,,Urban Off Peak,,,10,130,0,0,131,0,0,0,1000,0,1,1,1 
LDVG_1,Light Commercial Vehicles_Petrol_N1-I_Conventional,,Rural,,,10,130,0,0,86,0,0,0,1000,0,1,1,1 
LDVG_1,Light Commercial Vehicles_Petrol_N1-I_Conventional,,Highway,,,10,130,0,0,41,0,0,0,1000,0,1,1,1 
LDVG_2,Light Commercial Vehicles_Petrol_N1-I_Euro 1,,Urban Peak,,,10,130,0,0,26,0,0,0,1000,0,1,1,1 
LDVG_2,Light Commercial Vehicles_Petrol_N1-I_Euro 1,,Urban Off Peak,,,10,130,0,0,26,0,0,0,1000,0,1,1,1 
LDVG_2,Light Commercial Vehicles_Petrol_N1-I_Euro 1,,Rural,,,10,130,0,0,16,0,0,0,1000,0,1,1,1 
LDVG_2,Light Commercial Vehicles_Petrol_N1-I_Euro 1,,Highway,,,10,130,0,0,14,0,0,0,1000,0,1,1,1 
LDVG_3,Light Commercial Vehicles_Petrol_N1-I_Euro 2,,Urban Peak,,,10,130,0,0,17,0,0,0,1000,0,1,1,1 
LDVG_3,Light Commercial Vehicles_Petrol_N1-I_Euro 2,,Urban Off Peak,,,10,130,0,0,17,0,0,0,1000,0,1,1,1 
LDVG_3,Light Commercial Vehicles_Petrol_N1-I_Euro 2,,Rural,,,10,130,0,0,13,0,0,0,1000,0,1,1,1 
LDVG_3,Light Commercial Vehicles_Petrol_N1-I_Euro 2,,Highway,,,10,130,0,0,11,0,0,0,1000,0,1,1,1 
LDVG_4,Light Commercial Vehicles_Petrol_N1-I_Euro 3,,Urban Peak,,,10,130,0,0,3,0,0,0,1000,0,1,1,1 
LDVG_4,Light Commercial Vehicles_Petrol_N1-I_Euro 3,,Urban Off Peak,,,10,130,0,0,3,0,0,0,1000,0,1,1,1 
LDVG_4,Light Commercial Vehicles_Petrol_N1-I_Euro 3,,Rural,,,10,130,0,0,2,0,0,0,1000,0,1,1,1 
LDVG_4,Light Commercial Vehicles_Petrol_N1-I_Euro 3,,Highway,,,10,130,0,0,4,0,0,0,1000,0,1,1,1 
LDVG_5,Light Commercial Vehicles_Petrol_N1-I_Euro 4,,Urban Peak,,,10,130,0,0,2,0,0,0,1000,0,1,1,1 
LDVG_5,Light Commercial Vehicles_Petrol_N1-I_Euro 4,,Urban Off Peak,,,10,130,0,0,2,0,0,0,1000,0,1,1,1 
LDVG_5,Light Commercial Vehicles_Petrol_N1-I_Euro 4,,Rural,,,10,130,0,0,2,0,0,0,1000,0,1,1,1 
LDVG_5,Light Commercial Vehicles_Petrol_N1-I_Euro 4,,Highway,,,10,130,0,0,0,0,0,0,0,0,1,1,1 
LDVG_6,Light Commercial Vehicles_Petrol_N1-I_Euro 5,,Urban Peak,,,10,130,0,0,2,0,0,0,1000,0,1,1,1 
LDVG_6,Light Commercial Vehicles_Petrol_N1-I_Euro 5,,Urban Off Peak,,,10,130,0,0,2,0,0,0,1000,0,1,1,1 
LDVG_6,Light Commercial Vehicles_Petrol_N1-I_Euro 5,,Rural,,,10,130,0,0,2,0,0,0,1000,0,1,1,1 
LDVG_6,Light Commercial Vehicles_Petrol_N1-I_Euro 5,,Highway,,,10,130,0,0,0,0,0,0,0,0,1,1,1 
LDVG_7,Light Commercial Vehicles_Petrol_N1-I_Euro 6 up to 2016,,Urban Peak,,,10,130,0,0,2,0,0,0,1000,0,1,1,1 
LDVG_7,Light Commercial Vehicles_Petrol_N1-I_Euro 6 up to 2016,,Urban Off Peak,,,10,130,0,0,2,0,0,0,1000,0,1,1,1 
LDVG_7,Light Commercial Vehicles_Petrol_N1-I_Euro 6 up to 2016,,Rural,,,10,130,0,0,2,0,0,0,1000,0,1,1,1 
LDVG_7,Light Commercial Vehicles_Petrol_N1-I_Euro 6 up to 2016,,Highway,,,10,130,0,0,0,0,0,0,0,0,1,1,1 
LDVG_8,Light Commercial Vehicles_Petrol_N1-I_Euro 6 2017-2019,,Urban Peak,,,10,130,0,0,2,0,0,0,1000,0,1,1,1 
LDVG_8,Light Commercial Vehicles_Petrol_N1-I_Euro 6 2017-2019,,Urban Off Peak,,,10,130,0,0,2,0,0,0,1000,0,1,1,1 
LDVG_8,Light Commercial Vehicles_Petrol_N1-I_Euro 6 2017-2019,,Rural,,,10,130,0,0,2,0,0,0,1000,0,1,1,1 
LDVG_8,Light Commercial Vehicles_Petrol_N1-I_Euro 6 2017-2019,,Highway,,,10,130,0,0,0,0,0,0,0,0,1,1,1 
LDVG_9,Light Commercial Vehicles_Petrol_N1-I_Euro 6 2020+,,Urban Peak,,,10,130,0,0,2,0,0,0,1000,0,1,1,1 
LDVG_9,Light Commercial Vehicles_Petrol_N1-I_Euro 6 2020+,,Urban Off Peak,,,10,130,0,0,2,0,0,0,1000,0,1,1,1 
LDVG_9,Light Commercial Vehicles_Petrol_N1-I_Euro 6 2020+,,Rural,,,10,130,0,0,2,0,0,0,1000,0,1,1,1 
LDVG_9,Light Commercial Vehicles_Petrol_N1-I_Euro 6 2020+,,Highway,,,10,130,0,0,0,0,0,0,0,0,1,1,1 
LDVG_10,Light Commercial Vehicles_Petrol_N1-II_Conventional,,Urban Peak,,,10,130,0,0,131,0,0,0,1000,0,1,1,1 
LDVG_10,Light Commercial Vehicles_Petrol_N1-II_Conventional,,Urban Off Peak,,,10,130,0,0,131,0,0,0,1000,0,1,1,1 
LDVG_10,Light Commercial Vehicles_Petrol_N1-II_Conventional,,Rural,,,10,130,0,0,86,0,0,0,1000,0,1,1,1 
LDVG_10,Light Commercial Vehicles_Petrol_N1-II_Conventional,,Highway,,,10,130,0,0,41,0,0,0,1000,0,1,1,1 
LDVG_11,Light Commercial Vehicles_Petrol_N1-II_Euro 1,,Urban Peak,,,10,130,0,0,26,0,0,0,1000,0,1,1,1 
LDVG_11,Light Commercial Vehicles_Petrol_N1-II_Euro 1,,Urban Off Peak,,,10,130,0,0,26,0,0,0,1000,0,1,1,1 
LDVG_11,Light Commercial Vehicles_Petrol_N1-II_Euro 1,,Rural,,,10,130,0,0,16,0,0,0,1000,0,1,1,1 
LDVG_11,Light Commercial Vehicles_Petrol_N1-II_Euro 1,,Highway,,,10,130,0,0,14,0,0,0,1000,0,1,1,1 
LDVG_12,Light Commercial Vehicles_Petrol_N1-II_Euro 2,,Urban Peak,,,10,130,0,0,17,0,0,0,1000,0,1,1,1 
LDVG_12,Light Commercial Vehicles_Petrol_N1-II_Euro 2,,Urban Off Peak,,,10,130,0,0,17,0,0,0,1000,0,1,1,1 
LDVG_12,Light Commercial Vehicles_Petrol_N1-II_Euro 2,,Rural,,,10,130,0,0,13,0,0,0,1000,0,1,1,1 
LDVG_12,Light Commercial Vehicles_Petrol_N1-II_Euro 2,,Highway,,,10,130,0,0,11,0,0,0,1000,0,1,1,1 
LDVG_13,Light Commercial Vehicles_Petrol_N1-II_Euro 3,,Urban Peak,,,10,130,0,0,3,0,0,0,1000,0,1,1,1 
LDVG_13,Light Commercial Vehicles_Petrol_N1-II_Euro 3,,Urban Off Peak,,,10,130,0,0,3,0,0,0,1000,0,1,1,1 
LDVG_13,Light Commercial Vehicles_Petrol_N1-II_Euro 3,,Rural,,,10,130,0,0,2,0,0,0,1000,0,1,1,1 
LDVG_13,Light Commercial Vehicles_Petrol_N1-II_Euro 3,,Highway,,,10,130,0,0,4,0,0,0,1000,0,1,1,1 
LDVG_14,Light Commercial Vehicles_Petrol_N1-II_Euro 4,,Urban Peak,,,10,130,0,0,2,0,0,0,1000,0,1,1,1 
LDVG_14,Light Commercial Vehicles_Petrol_N1-II_Euro 4,,Urban Off Peak,,,10,130,0,0,2,0,0,0,1000,0,1,1,1 
LDVG_14,Light Commercial Vehicles_Petrol_N1-II_Euro 4,,Rural,,,10,130,0,0,2,0,0,0,1000,0,1,1,1 
LDVG_14,Light Commercial Vehicles_Petrol_N1-II_Euro 4,,Highway,,,10,130,0,0,0,0,0,0,0,0,1,1,1 
LDVG_15,Light Commercial Vehicles_Petrol_N1-II_Euro 5,,Urban Peak,,,10,130,0,0,2,0,0,0,1000,0,1,1,1 
LDVG_15,Light Commercial Vehicles_Petrol_N1-II_Euro 5,,Urban Off Peak,,,10,130,0,0,2,0,0,0,1000,0,1,1,1 
LDVG_15,Light Commercial Vehicles_Petrol_N1-II_Euro 5,,Rural,,,10,130,0,0,2,0,0,0,1000,0,1,1,1 
LDVG_15,Light Commercial Vehicles_Petrol_N1-II_Euro 5,,Highway,,,10,130,0,0,0,0,0,0,0,0,1,1,1 
LDVG_16,Light Commercial Vehicles_Petrol_N1-II_Euro 6 up to 2017,,Urban Peak,,,10,130,0,0,2,0,0,0,1000,0,1,1,1 
LDVG_16,Light Commercial Vehicles_Petrol_N1-II_Euro 6 up to 2017,,Urban Off Peak,,,10,130,0,0,2,0,0,0,1000,0,1,1,1 
LDVG_16,Light Commercial Vehicles_Petrol_N1-II_Euro 6 up to 2017,,Rural,,,10,130,0,0,2,0,0,0,1000,0,1,1,1 
LDVG_16,Light Commercial Vehicles_Petrol_N1-II_Euro 6 up to 2017,,Highway,,,10,130,0,0,0,0,0,0,0,0,1,1,1 
LDVG_17,Light Commercial Vehicles_Petrol_N1-II_Euro 6 2018-2020,,Urban Peak,,,10,130,0,0,2,0,0,0,1000,0,1,1,1 
LDVG_17,Light Commercial Vehicles_Petrol_N1-II_Euro 6 2018-2020,,Urban Off Peak,,,10,130,0,0,2,0,0,0,1000,0,1,1,1 
LDVG_17,Light Commercial Vehicles_Petrol_N1-II_Euro 6 2018-2020,,Rural,,,10,130,0,0,2,0,0,0,1000,0,1,1,1 
LDVG_17,Light Commercial Vehicles_Petrol_N1-II_Euro 6 2018-2020,,Highway,,,10,130,0,0,0,0,0,0,0,0,1,1,1 
LDVG_18,Light Commercial Vehicles_Petrol_N1-II_Euro 6 2021+,,Urban Peak,,,10,130,0,0,2,0,0,0,1000,0,1,1,1 
LDVG_18,Light Commercial Vehicles_Petrol_N1-II_Euro 6 2021+,,Urban Off Peak,,,10,130,0,0,2,0,0,0,1000,0,1,1,1 
LDVG_18,Light Commercial Vehicles_Petrol_N1-II_Euro 6 2021+,,Rural,,,10,130,0,0,2,0,0,0,1000,0,1,1,1 
LDVG_18,Light Commercial Vehicles_Petrol_N1-II_Euro 6 2021+,,Highway,,,10,130,0,0,0,0,0,0,0,0,1,1,1 
LDVG_19,Light Commercial Vehicles_Petrol_N1-III_Conventional,,Urban Peak,,,10,130,0,0,131,0,0,0,1000,0,1,1,1 
LDVG_19,Light Commercial Vehicles_Petrol_N1-III_Conventional,,Urban Off Peak,,,10,130,0,0,131,0,0,0,1000,0,1,1,1 
LDVG_19,Light Commercial Vehicles_Petrol_N1-III_Conventional,,Rural,,,10,130,0,0,86,0,0,0,1000,0,1,1,1 
LDVG_19,Light Commercial Vehicles_Petrol_N1-III_Conventional,,Highway,,,10,130,0,0,41,0,0,0,1000,0,1,1,1 
LDVG_20,Light Commercial Vehicles_Petrol_N1-III_Euro 1,,Urban Peak,,,10,130,0,0,26,0,0,0,1000,0,1,1,1 
LDVG_20,Light Commercial Vehicles_Petrol_N1-III_Euro 1,,Urban Off Peak,,,10,130,0,0,26,0,0,0,1000,0,1,1,1 
LDVG_20,Light Commercial Vehicles_Petrol_N1-III_Euro 1,,Rural,,,10,130,0,0,16,0,0,0,1000,0,1,1,1 
LDVG_20,Light Commercial Vehicles_Petrol_N1-III_Euro 1,,Highway,,,10,130,0,0,14,0,0,0,1000,0,1,1,1 
LDVG_21,Light Commercial Vehicles_Petrol_N1-III_Euro 2,,Urban Peak,,,10,130,0,0,17,0,0,0,1000,0,1,1,1 
LDVG_21,Light Commercial Vehicles_Petrol_N1-III_Euro 2,,Urban Off Peak,,,10,130,0,0,17,0,0,0,1000,0,1,1,1 
LDVG_21,Light Commercial Vehicles_Petrol_N1-III_Euro 2,,Rural,,,10,130,0,0,13,0,0,0,1000,0,1,1,1 
LDVG_21,Light Commercial Vehicles_Petrol_N1-III_Euro 2,,Highway,,,10,130,0,0,11,0,0,0,1000,0,1,1,1 
LDVG_22,Light Commercial Vehicles_Petrol_N1-III_Euro 3,,Urban Peak,,,10,130,0,0,3,0,0,0,1000,0,1,1,1 
LDVG_22,Light Commercial Vehicles_Petrol_N1-III_Euro 3,,Urban Off Peak,,,10,130,0,0,3,0,0,0,1000,0,1,1,1 
LDVG_22,Light Commercial Vehicles_Petrol_N1-III_Euro 3,,Rural,,,10,130,0,0,2,0,0,0,1000,0,1,1,1 
LDVG_22,Light Commercial Vehicles_Petrol_N1-III_Euro 3,,Highway,,,10,130,0,0,4,0,0,0,1000,0,1,1,1 
LDVG_23,Light Commercial Vehicles_Petrol_N1-III_Euro 4,,Urban Peak,,,10,130,0,0,2,0,0,0,1000,0,1,1,1 
LDVG_23,Light Commercial Vehicles_Petrol_N1-III_Euro 4,,Urban Off Peak,,,10,130,0,0,2,0,0,0,1000,0,1,1,1 
LDVG_23,Light Commercial Vehicles_Petrol_N1-III_Euro 4,,Rural,,,10,130,0,0,2,0,0,0,1000,0,1,1,1 
LDVG_23,Light Commercial Vehicles_Petrol_N1-III_Euro 4,,Highway,,,10,130,0,0,0,0,0,0,0,0,1,1,1 
LDVG_24,Light Commercial Vehicles_Petrol_N1-III_Euro 5,,Urban Peak,,,10,130,0,0,2,0,0,0,1000,0,1,1,1 
LDVG_24,Light Commercial Vehicles_Petrol_N1-III_Euro 5,,Urban Off Peak,,,10,130,0,0,2,0,0,0,1000,0,1,1,1 
LDVG_24,Light Commercial Vehicles_Petrol_N1-III_Euro 5,,Rural,,,10,130,0,0,2,0,0,0,1000,0,1,1,1 
LDVG_24,Light Commercial Vehicles_Petrol_N1-III_Euro 5,,Highway,,,10,130,0,0,0,0,0,0,0,0,1,1,1 
LDVG_25,Light Commercial Vehicles_Petrol_N1-III_Euro 6 up to 2017,,Urban Peak,,,10,130,0,0,2,0,0,0,1000,0,1,1,1 
LDVG_25,Light Commercial Vehicles_Petrol_N1-III_Euro 6 up to 2017,,Urban Off Peak,,,10,130,0,0,2,0,0,0,1000,0,1,1,1 
LDVG_25,Light Commercial Vehicles_Petrol_N1-III_Euro 6 up to 2017,,Rural,,,10,130,0,0,2,0,0,0,1000,0,1,1,1 
LDVG_25,Light Commercial Vehicles_Petrol_N1-III_Euro 6 up to 2017,,Highway,,,10,130,0,0,0,0,0,0,0,0,1,1,1 
LDVG_26,Light Commercial Vehicles_Petrol_N1-III_Euro 6 2018-2020,,Urban Peak,,,10,130,0,0,2,0,0,0,1000,0,1,1,1 
LDVG_26,Light Commercial Vehicles_Petrol_N1-III_Euro 6 2018-2020,,Urban Off Peak,,,10,130,0,0,2,0,0,0,1000,0,1,1,1 
LDVG_26,Light Commercial Vehicles_Petrol_N1-III_Euro 6 2018-2020,,Rural,,,10,130,0,0,2,0,0,0,1000,0,1,1,1 
LDVG_26,Light Commercial Vehicles_Petrol_N1-III_Euro 6 2018-2020,,Highway,,,10,130,0,0,0,0,0,0,0,0,1,1,1 
LDVG_27,Light Commercial Vehicles_Petrol_N1-III_Euro 6 2021+,,Urban Peak,,,10,130,0,0,2,0,0,0,1000,0,1,1,1 
LDVG_27,Light Commercial Vehicles_Petrol_N1-III_Euro 6 2021+,,Urban Off Peak,,,10,130,0,0,2,0,0,0,1000,0,1,1,1 
LDVG_27,Light Commercial Vehicles_Petrol_N1-III_Euro 6 2021+,,Rural,,,10,130,0,0,2,0,0,0,1000,0,1,1,1 
LDVG_27,Light Commercial Vehicles_Petrol_N1-III_Euro 6 2021+,,Highway,,,10,130,0,0,0,0,0,0,0,0,1,1,1 
LDVD_1,Light Commercial Vehicles_Diesel_N1-I_Conventional,,Urban Peak,,,10,130,0,0,28,0,0,0,1000,0,1,1,1 
LDVD_1,Light Commercial Vehicles_Diesel_N1-I_Conventional,,Urban Off Peak,,,10,130,0,0,28,0,0,0,1000,0,1,1,1 
LDVD_1,Light Commercial Vehicles_Diesel_N1-I_Conventional,,Rural,,,10,130,0,0,12,0,0,0,1000,0,1,1,1 
LDVD_1,Light Commercial Vehicles_Diesel_N1-I_Conventional,,Highway,,,10,130,0,0,8,0,0,0,1000,0,1,1,1 
LDVD_2,Light Commercial Vehicles_Diesel_N1-I_Euro 1,,Urban Peak,,,10,130,0,0,11,0,0,0,1000,0,1,1,1 
LDVD_2,Light Commercial Vehicles_Diesel_N1-I_Euro 1,,Urban Off Peak,,,10,130,0,0,11,0,0,0,1000,0,1,1,1 
LDVD_2,Light Commercial Vehicles_Diesel_N1-I_Euro 1,,Rural,,,10,130,0,0,9,0,0,0,1000,0,1,1,1 
LDVD_2,Light Commercial Vehicles_Diesel_N1-I_Euro 1,,Highway,,,10,130,0,0,3,0,0,0,1000,0,1,1,1 
LDVD_3,Light Commercial Vehicles_Diesel_N1-I_Euro 2,,Urban Peak,,,10,130,0,0,7,0,0,0,1000,0,1,1,1 
LDVD_3,Light Commercial Vehicles_Diesel_N1-I_Euro 2,,Urban Off Peak,,,10,130,0,0,7,0,0,0,1000,0,1,1,1 
LDVD_3,Light Commercial Vehicles_Diesel_N1-I_Euro 2,,Rural,,,10,130,0,0,3,0,0,0,1000,0,1,1,1 
LDVD_3,Light Commercial Vehicles_Diesel_N1-I_Euro 2,,Highway,,,10,130,0,0,2,0,0,0,1000,0,1,1,1 
LDVD_4,Light Commercial Vehicles_Diesel_N1-I_Euro 3,,Urban Peak,,,10,130,0,0,3,0,0,0,1000,0,1,1,1 
LDVD_4,Light Commercial Vehicles_Diesel_N1-I_Euro 3,,Urban Off Peak,,,10,130,0,0,3,0,0,0,1000,0,1,1,1 
LDVD_4,Light Commercial Vehicles_Diesel_N1-I_Euro 3,,Rural,,,10,130,0,0,0,0,0,0,0,0,1,1,1 
LDVD_4,Light Commercial Vehicles_Diesel_N1-I_Euro 3,,Highway,,,10,130,0,0,0,0,0,0,0,0,1,1,1 
LDVD_5,Light Commercial Vehicles_Diesel_N1-I_Euro 4,,Urban Peak,,,10,130,0,0,1.1,0,0,0,1000,0,1,1,1 
LDVD_5,Light Commercial Vehicles_Diesel_N1-I_Euro 4,,Urban Off Peak,,,10,130,0,0,1.1,0,0,0,1000,0,1,1,1 
LDVD_5,Light Commercial Vehicles_Diesel_N1-I_Euro 4,,Rural,,,10,130,0,0,0,0,0,0,0,0,1,1,1 
LDVD_5,Light Commercial Vehicles_Diesel_N1-I_Euro 4,,Highway,,,10,130,0,0,0,0,0,0,0,0,1,1,1 
LDVD_6,Light Commercial Vehicles_Diesel_N1-I_Euro 5,,Urban Peak,,,10,130,0,0,0,0,0,0,0,0,1,1,1 
LDVD_6,Light Commercial Vehicles_Diesel_N1-I_Euro 5,,Urban Off Peak,,,10,130,0,0,0,0,0,0,0,0,1,1,1 
LDVD_6,Light Commercial Vehicles_Diesel_N1-I_Euro 5,,Rural,,,10,130,0,0,0,0,0,0,0,0,1,1,1 
LDVD_6,Light Commercial Vehicles_Diesel_N1-I_Euro 5,,Highway,,,10,130,0,0,0,0,0,0,0,0,1,1,1 
LDVD_7,Light Commercial Vehicles_Diesel_N1-I_Euro 6 up to 2016,,Urban Peak,,,10,130,0,0,0,0,0,0,0,0,1,1,1 
LDVD_7,Light Commercial Vehicles_Diesel_N1-I_Euro 6 up to 2016,,Urban Off Peak,,,10,130,0,0,0,0,0,0,0,0,1,1,1 
LDVD_7,Light Commercial Vehicles_Diesel_N1-I_Euro 6 up to 2016,,Rural,,,10,130,0,0,0,0,0,0,0,0,1,1,1 
LDVD_7,Light Commercial Vehicles_Diesel_N1-I_Euro 6 up to 2016,,Highway,,,10,130,0,0,0,0,0,0,0,0,1,1,1 
LDVD_8,Light Commercial Vehicles_Diesel_N1-I_Euro 6 2017-2019,,Urban Peak,,,10,130,0,0,0,0,0,0,0,0,1,1,1 
LDVD_8,Light Commercial Vehicles_Diesel_N1-I_Euro 6 2017-2019,,Urban Off Peak,,,10,130,0,0,0,0,0,0,0,0,1,1,1 
LDVD_8,Light Commercial Vehicles_Diesel_N1-I_Euro 6 2017-2019,,Rural,,,10,130,0,0,0,0,0,0,0,0,1,1,1 
LDVD_8,Light Commercial Vehicles_Diesel_N1-I_Euro 6 2017-2019,,Highway,,,10,130,0,0,0,0,0,0,0,0,1,1,1 
LDVD_9,Light Commercial Vehicles_Diesel_N1-I_Euro 6 2020+,,Urban Peak,,,10,130,0,0,0,0,0,0,0,0,1,1,1 
LDVD_9,Light Commercial Vehicles_Diesel_N1-I_Euro 6 2020+,,Urban Off Peak,,,10,130,0,0,0,0,0,0,0,0,1,1,1 
LDVD_9,Light Commercial Vehicles_Diesel_N1-I_Euro 6 2020+,,Rural,,,10,130,0,0,0,0,0,0,0,0,1,1,1 
LDVD_9,Light Commercial Vehicles_Diesel_N1-I_Euro 6 2020+,,Highway,,,10,130,0,0,0,0,0,0,0,0,1,1,1 
LDVD_10,Light Commercial Vehicles_Diesel_N1-II_Conventional,,Urban Peak,,,10,130,0,0,28,0,0,0,1000,0,1,1,1 
LDVD_10,Light Commercial Vehicles_Diesel_N1-II_Conventional,,Urban Off Peak,,,10,130,0,0,28,0,0,0,1000,0,1,1,1 
LDVD_10,Light Commercial Vehicles_Diesel_N1-II_Conventional,,Rural,,,10,130,0,0,12,0,0,0,1000,0,1,1,1 
LDVD_10,Light Commercial Vehicles_Diesel_N1-II_Conventional,,Highway,,,10,130,0,0,8,0,0,0,1000,0,1,1,1 
LDVD_11,Light Commercial Vehicles_Diesel_N1-II_Euro 1,,Urban Peak,,,10,130,0,0,11,0,0,0,1000,0,1,1,1 
LDVD_11,Light Commercial Vehicles_Diesel_N1-II_Euro 1,,Urban Off Peak,,,10,130,0,0,11,0,0,0,1000,0,1,1,1 
LDVD_11,Light Commercial Vehicles_Diesel_N1-II_Euro 1,,Rural,,,10,130,0,0,9,0,0,0,1000,0,1,1,1 
LDVD_11,Light Commercial Vehicles_Diesel_N1-II_Euro 1,,Highway,,,10,130,0,0,3,0,0,0,1000,0,1,1,1 
LDVD_12,Light Commercial Vehicles_Diesel_N1-II_Euro 2,,Urban Peak,,,10,130,0,0,7,0,0,0,1000,0,1,1,1 
LDVD_12,Light Commercial Vehicles_Diesel_N1-II_Euro 2,,Urban Off Peak,,,10,130,0,0,7,0,0,0,1000,0,1,1,1 
LDVD_12,Light Commercial Vehicles_Diesel_N1-II_Euro 2,,Rural,,,10,130,0,0,3,0,0,0,1000,0,1,1,1 
LDVD_12,Light Commercial Vehicles_Diesel_N1-II_Euro 2,,Highway,,,10,130,0,0,2,0,0,0,1000,0,1,1,1 
LDVD_13,Light Commercial Vehicles_Diesel_N1-II_Euro 3,,Urban Peak,,,10,130,0,0,3,0,0,0,1000,0,1,1,1 
LDVD_13,Light Commercial Vehicles_Diesel_N1-II_Euro 3,,Urban Off Peak,,,10,130,0,0,3,0,0,0,1000,0,1,1,1 
LDVD_13,Light Commercial Vehicles_Diesel_N1-II_Euro 3,,Rural,,,10,130,0,0,0,0,0,0,0,0,1,1,1 
LDVD_13,Light Commercial Vehicles_Diesel_N1-II_Euro 3,,Highway,,,10,130,0,0,0,0,0,0,0,0,1,1,1 
LDVD_14,Light Commercial Vehicles_Diesel_N1-II_Euro 4,,Urban Peak,,,10,130,0,0,1.1,0,0,0,1000,0,1,1,1 
LDVD_14,Light Commercial Vehicles_Diesel_N1-II_Euro 4,,Urban Off Peak,,,10,130,0,0,1.1,0,0,0,1000,0,1,1,1 
LDVD_14,Light Commercial Vehicles_Diesel_N1-II_Euro 4,,Rural,,,10,130,0,0,0,0,0,0,0,0,1,1,1 
LDVD_14,Light Commercial Vehicles_Diesel_N1-II_Euro 4,,Highway,,,10,130,0,0,0,0,0,0,0,0,1,1,1 
LDVD_15,Light Commercial Vehicles_Diesel_N1-II_Euro 5,,Urban Peak,,,10,130,0,0,0,0,0,0,0,0,1,1,1 
LDVD_15,Light Commercial Vehicles_Diesel_N1-II_Euro 5,,Urban Off Peak,,,10,130,0,0,0,0,0,0,0,0,1,1,1 
LDVD_15,Light Commercial Vehicles_Diesel_N1-II_Euro 5,,Rural,,,10,130,0,0,0,0,0,0,0,0,1,1,1 
LDVD_15,Light Commercial Vehicles_Diesel_N1-II_Euro 5,,Highway,,,10,130,0,0,0,0,0,0,0,0,1,1,1 
LDVD_16,Light Commercial Vehicles_Diesel_N1-II_Euro 6 up to 2017,,Urban Peak,,,10,130,0,0,0,0,0,0,0,0,1,1,1 
LDVD_16,Light Commercial Vehicles_Diesel_N1-II_Euro 6 up to 2017,,Urban Off Peak,,,10,130,0,0,0,0,0,0,0,0,1,1,1 
LDVD_16,Light Commercial Vehicles_Diesel_N1-II_Euro 6 up to 2017,,Rural,,,10,130,0,0,0,0,0,0,0,0,1,1,1 
LDVD_16,Light Commercial Vehicles_Diesel_N1-II_Euro 6 up to 2017,,Highway,,,10,130,0,0,0,0,0,0,0,0,1,1,1 
LDVD_17,Light Commercial Vehicles_Diesel_N1-II_Euro 6 2018-2020,,Urban Peak,,,10,130,0,0,0,0,0,0,0,0,1,1,1 
LDVD_17,Light Commercial Vehicles_Diesel_N1-II_Euro 6 2018-2020,,Urban Off Peak,,,10,130,0,0,0,0,0,0,0,0,1,1,1 
LDVD_17,Light Commercial Vehicles_Diesel_N1-II_Euro 6 2018-2020,,Rural,,,10,130,0,0,0,0,0,0,0,0,1,1,1 
LDVD_17,Light Commercial Vehicles_Diesel_N1-II_Euro 6 2018-2020,,Highway,,,10,130,0,0,0,0,0,0,0,0,1,1,1 
LDVD_18,Light Commercial Vehicles_Diesel_N1-II_Euro 6 2021+,,Urban Peak,,,10,130,0,0,0,0,0,0,0,0,1,1,1 
LDVD_18,Light Commercial Vehicles_Diesel_N1-II_Euro 6 2021+,,Urban Off Peak,,,10,130,0,0,0,0,0,0,0,0,1,1,1 
LDVD_18,Light Commercial Vehicles_Diesel_N1-II_Euro 6 2021+,,Rural,,,10,130,0,0,0,0,0,0,0,0,1,1,1 
LDVD_18,Light Commercial Vehicles_Diesel_N1-II_Euro 6 2021+,,Highway,,,10,130,0,0,0,0,0,0,0,0,1,1,1 
LDVD_19,Light Commercial Vehicles_Diesel_N1-III_Conventional,,Urban Peak,,,10,130,0,0,28,0,0,0,1000,0,1,1,1 
LDVD_19,Light Commercial Vehicles_Diesel_N1-III_Conventional,,Urban Off Peak,,,10,130,0,0,28,0,0,0,1000,0,1,1,1 
LDVD_19,Light Commercial Vehicles_Diesel_N1-III_Conventional,,Rural,,,10,130,0,0,12,0,0,0,1000,0,1,1,1 
LDVD_19,Light Commercial Vehicles_Diesel_N1-III_Conventional,,Highway,,,10,130,0,0,8,0,0,0,1000,0,1,1,1 
LDVD_20,Light Commercial Vehicles_Diesel_N1-III_Euro 1,,Urban Peak,,,10,130,0,0,11,0,0,0,1000,0,1,1,1 
LDVD_20,Light Commercial Vehicles_Diesel_N1-III_Euro 1,,Urban Off Peak,,,10,130,0,0,11,0,0,0,1000,0,1,1,1 
LDVD_20,Light Commercial Vehicles_Diesel_N1-III_Euro 1,,Rural,,,10,130,0,0,9,0,0,0,1000,0,1,1,1 
LDVD_20,Light Commercial Vehicles_Diesel_N1-III_Euro 1,,Highway,,,10,130,0,0,3,0,0,0,1000,0,1,1,1 
LDVD_21,Light Commercial Vehicles_Diesel_N1-III_Euro 2,,Urban Peak,,,10,130,0,0,7,0,0,0,1000,0,1,1,1 
LDVD_21,Light Commercial Vehicles_Diesel_N1-III_Euro 2,,Urban Off Peak,,,10,130,0,0,7,0,0,0,1000,0,1,1,1 
LDVD_21,Light Commercial Vehicles_Diesel_N1-III_Euro 2,,Rural,,,10,130,0,0,3,0,0,0,1000,0,1,1,1 
LDVD_21,Light Commercial Vehicles_Diesel_N1-III_Euro 2,,Highway,,,10,130,0,0,2,0,0,0,1000,0,1,1,1 
LDVD_22,Light Commercial Vehicles_Diesel_N1-III_Euro 3,,Urban Peak,,,10,130,0,0,3,0,0,0,1000,0,1,1,1 
LDVD_22,Light Commercial Vehicles_Diesel_N1-III_Euro 3,,Urban Off Peak,,,10,130,0,0,3,0,0,0,1000,0,1,1,1 
LDVD_22,Light Commercial Vehicles_Diesel_N1-III_Euro 3,,Rural,,,10,130,0,0,0,0,0,0,0,0,1,1,1 
LDVD_22,Light Commercial Vehicles_Diesel_N1-III_Euro 3,,Highway,,,10,130,0,0,0,0,0,0,0,0,1,1,1 
LDVD_23,Light Commercial Vehicles_Diesel_N1-III_Euro 4,,Urban Peak,,,10,130,0,0,1.1,0,0,0,1000,0,1,1,1 
LDVD_23,Light Commercial Vehicles_Diesel_N1-III_Euro 4,,Urban Off Peak,,,10,130,0,0,1.1,0,0,0,1000,0,1,1,1 
LDVD_23,Light Commercial Vehicles_Diesel_N1-III_Euro 4,,Rural,,,10,130,0,0,0,0,0,0,0,0,1,1,1 
LDVD_23,Light Commercial Vehicles_Diesel_N1-III_Euro 4,,Highway,,,10,130,0,0,0,0,0,0,0,0,1,1,1 
LDVD_24,Light Commercial Vehicles_Diesel_N1-III_Euro 5,,Urban Peak,,,10,130,0,0,0,0,0,0,0,0,1,1,1 
LDVD_24,Light Commercial Vehicles_Diesel_N1-III_Euro 5,,Urban Off Peak,,,10,130,0,0,0,0,0,0,0,0,1,1,1 
LDVD_24,Light Commercial Vehicles_Diesel_N1-III_Euro 5,,Rural,,,10,130,0,0,0,0,0,0,0,0,1,1,1 
LDVD_24,Light Commercial Vehicles_Diesel_N1-III_Euro 5,,Highway,,,10,130,0,0,0,0,0,0,0,0,1,1,1 
LDVD_25,Light Commercial Vehicles_Diesel_N1-III_Euro 6 up to 2017,,Urban Peak,,,10,130,0,0,0,0,0,0,0,0,1,1,1 
LDVD_25,Light Commercial Vehicles_Diesel_N1-III_Euro 6 up to 2017,,Urban Off Peak,,,10,130,0,0,0,0,0,0,0,0,1,1,1 
LDVD_25,Light Commercial Vehicles_Diesel_N1-III_Euro 6 up to 2017,,Rural,,,10,130,0,0,0,0,0,0,0,0,1,1,1 
LDVD_25,Light Commercial Vehicles_Diesel_N1-III_Euro 6 up to 2017,,Highway,,,10,130,0,0,0,0,0,0,0,0,1,1,1 
LDVD_26,Light Commercial Vehicles_Diesel_N1-III_Euro 6 2018-2020,,Urban Peak,,,10,130,0,0,0,0,0,0,0,0,1,1,1 
LDVD_26,Light Commercial Vehicles_Diesel_N1-III_Euro 6 2018-2020,,Urban Off Peak,,,10,130,0,0,0,0,0,0,0,0,1,1,1 
LDVD_26,Light Commercial Vehicles_Diesel_N1-III_Euro 6 2018-2020,,Rural,,,10,130,0,0,0,0,0,0,0,0,1,1,1 
LDVD_26,Light Commercial Vehicles_Diesel_N1-III_Euro 6 2018-2020,,Highway,,,10,130,0,0,0,0,0,0,0,0,1,1,1 
LDVD_27,Light Commercial Vehicles_Diesel_N1-III_Euro 6 2021+,,Urban Peak,,,10,130,0,0,0,0,0,0,0,0,1,1,1 
LDVD_27,Light Commercial Vehicles_Diesel_N1-III_Euro 6 2021+,,Urban Off Peak,,,10,130,0,0,0,0,0,0,0,0,1,1,1 
LDVD_27,Light Commercial Vehicles_Diesel_N1-III_Euro 6 2021+,,Rural,,,10,130,0,0,0,0,0,0,0,0,1,1,1 
LDVD_27,Light Commercial Vehicles_Diesel_N1-III_Euro 6 2021+,,Highway,,,10,130,0,0,0,0,0,0,0,0,1,1,1 
HDVG_1,Heavy Duty Trucks_Petrol_>3.5 t_Conventional,,Urban Peak,,,10,130,0,0,140,0,0,0,1000,0,1,1,1 
HDVG_1,Heavy Duty Trucks_Petrol_>3.5 t_Conventional,,Urban Off Peak,,,10,130,0,0,140,0,0,0,1000,0,1,1,1 
HDVG_1,Heavy Duty Trucks_Petrol_>3.5 t_Conventional,,Rural,,,10,130,0,0,110,0,0,0,1000,0,1,1,1 
HDVG_1,Heavy Duty Trucks_Petrol_>3.5 t_Conventional,,Highway,,,10,130,0,0,70,0,0,0,1000,0,1,1,1 
HDVD_1,Heavy Duty Trucks_Diesel_Rigid <=7.5 t_Conventional,,Urban Peak,,,10,130,0,0,85,0,0,0,1000,0,1,1,1 
HDVD_1,Heavy Duty Trucks_Diesel_Rigid <=7.5 t_Conventional,,Urban Off Peak,,,10,130,0,0,85,0,0,0,1000,0,1,1,1 
HDVD_1,Heavy Duty Trucks_Diesel_Rigid <=7.5 t_Conventional,,Rural,,,10,130,0,0,23,0,0,0,1000,0,1,1,1 
HDVD_1,Heavy Duty Trucks_Diesel_Rigid <=7.5 t_Conventional,,Highway,,,10,130,0,0,20,0,0,0,1000,0,1,1,1 
HDVD_2,Heavy Duty Trucks_Diesel_Rigid <=7.5 t_Euro I,,Urban Peak,,,10,130,0,0,85,0,0,0,1000,0,1,1,1 
HDVD_2,Heavy Duty Trucks_Diesel_Rigid <=7.5 t_Euro I,,Urban Off Peak,,,10,130,0,0,85,0,0,0,1000,0,1,1,1 
HDVD_2,Heavy Duty Trucks_Diesel_Rigid <=7.5 t_Euro I,,Rural,,,10,130,0,0,23,0,0,0,1000,0,1,1,1 
HDVD_2,Heavy Duty Trucks_Diesel_Rigid <=7.5 t_Euro I,,Highway,,,10,130,0,0,20,0,0,0,1000,0,1,1,1 
HDVD_3,Heavy Duty Trucks_Diesel_Rigid <=7.5 t_Euro II,,Urban Peak,,,10,130,0,0,85,0,0,0,1000,0.36,1,1,1 
HDVD_3,Heavy Duty Trucks_Diesel_Rigid <=7.5 t_Euro II,,Urban Off Peak,,,10,130,0,0,85,0,0,0,1000,0.36,1,1,1 
HDVD_3,Heavy Duty Trucks_Diesel_Rigid <=7.5 t_Euro II,,Rural,,,10,130,0,0,23,0,0,0,1000,0.13,1,1,1 
HDVD_3,Heavy Duty Trucks_Diesel_Rigid <=7.5 t_Euro II,,Highway,,,10,130,0,0,20,0,0,0,1000,0.7,1,1,1 
HDVD_4,Heavy Duty Trucks_Diesel_Rigid <=7.5 t_Euro III,,Urban Peak,,,10,130,0,0,85,0,0,0,1000,0.44,1,1,1 
HDVD_4,Heavy Duty Trucks_Diesel_Rigid <=7.5 t_Euro III,,Urban Off Peak,,,10,130,0,0,85,0,0,0,1000,0.44,1,1,1 
HDVD_4,Heavy Duty Trucks_Diesel_Rigid <=7.5 t_Euro III,,Rural,,,10,130,0,0,23,0,0,0,1000,0.7,1,1,1 
HDVD_4,Heavy Duty Trucks_Diesel_Rigid <=7.5 t_Euro III,,Highway,,,10,130,0,0,20,0,0,0,1000,0.9,1,1,1 
HDVD_5,Heavy Duty Trucks_Diesel_Rigid <=7.5 t_Euro IV,,Urban Peak,,,10,130,0,0,85,0,0,0,1000,0.97,1,1,1 
HDVD_5,Heavy Duty Trucks_Diesel_Rigid <=7.5 t_Euro IV,,Urban Off Peak,,,10,130,0,0,85,0,0,0,1000,0.97,1,1,1 
HDVD_5,Heavy Duty Trucks_Diesel_Rigid <=7.5 t_Euro IV,,Rural,,,10,130,0,0,23,0,0,0,1000,0.93,1,1,1 
HDVD_5,Heavy Duty Trucks_Diesel_Rigid <=7.5 t_Euro IV,,Highway,,,10,130,0,0,20,0,0,0,1000,0.94,1,1,1 
HDVD_5,Heavy Duty Trucks_Diesel_Rigid <=7.5 t_Euro IV,,Urban Peak,,,10,130,0,0,85,0,0,0,1000,0.97,1,1,1 
HDVD_5,Heavy Duty Trucks_Diesel_Rigid <=7.5 t_Euro IV,,Urban Off Peak,,,10,130,0,0,85,0,0,0,1000,0.97,1,1,1 
HDVD_5,Heavy Duty Trucks_Diesel_Rigid <=7.5 t_Euro IV,,Rural,,,10,130,0,0,23,0,0,0,1000,0.93,1,1,1 
HDVD_5,Heavy Duty Trucks_Diesel_Rigid <=7.5 t_Euro IV,,Highway,,,10,130,0,0,20,0,0,0,1000,0.94,1,1,1 
HDVD_6,Heavy Duty Trucks_Diesel_Rigid <=7.5 t_Euro V,,Urban Peak,,,10,130,0,0,85,0,0,0,1000,0.97,1,1,1 
HDVD_6,Heavy Duty Trucks_Diesel_Rigid <=7.5 t_Euro V,,Urban Off Peak,,,10,130,0,0,85,0,0,0,1000,0.97,1,1,1 
HDVD_6,Heavy Duty Trucks_Diesel_Rigid <=7.5 t_Euro V,,Rural,,,10,130,0,0,23,0,0,0,1000,0.93,1,1,1 
HDVD_6,Heavy Duty Trucks_Diesel_Rigid <=7.5 t_Euro V,,Highway,,,10,130,0,0,20,0,0,0,1000,0.94,1,1,1 
HDVD_6,Heavy Duty Trucks_Diesel_Rigid <=7.5 t_Euro V,,Urban Peak,,,10,130,0,0,85,0,0,0,1000,0.97,1,1,1 
HDVD_6,Heavy Duty Trucks_Diesel_Rigid <=7.5 t_Euro V,,Urban Off Peak,,,10,130,0,0,85,0,0,0,1000,0.97,1,1,1 
HDVD_6,Heavy Duty Trucks_Diesel_Rigid <=7.5 t_Euro V,,Rural,,,10,130,0,0,23,0,0,0,1000,0.93,1,1,1 
HDVD_6,Heavy Duty Trucks_Diesel_Rigid <=7.5 t_Euro V,,Highway,,,10,130,0,0,20,0,0,0,1000,0.94,1,1,1 
HDVD_7,Heavy Duty Trucks_Diesel_Rigid <=7.5 t_Euro VI,,Urban Peak,,,10,130,0,0,85,0,0,0,1000,0.97,1,1,1 
HDVD_7,Heavy Duty Trucks_Diesel_Rigid <=7.5 t_Euro VI,,Urban Off Peak,,,10,130,0,0,85,0,0,0,1000,0.97,1,1,1 
HDVD_7,Heavy Duty Trucks_Diesel_Rigid <=7.5 t_Euro VI,,Rural,,,10,130,0,0,23,0,0,0,1000,0.93,1,1,1 
HDVD_7,Heavy Duty Trucks_Diesel_Rigid <=7.5 t_Euro VI,,Highway,,,10,130,0,0,20,0,0,0,1000,0.94,1,1,1 
HDVD_8,Heavy Duty Trucks_Diesel_Rigid 7.5 - 12 t_Conventional,,Urban Peak,,,10,130,0,0,85,0,0,0,1000,0,1,1,1 
HDVD_8,Heavy Duty Trucks_Diesel_Rigid 7.5 - 12 t_Conventional,,Urban Off Peak,,,10,130,0,0,85,0,0,0,1000,0,1,1,1 
HDVD_8,Heavy Duty Trucks_Diesel_Rigid 7.5 - 12 t_Conventional,,Rural,,,10,130,0,0,23,0,0,0,1000,0,1,1,1 
HDVD_8,Heavy Duty Trucks_Diesel_Rigid 7.5 - 12 t_Conventional,,Highway,,,10,130,0,0,20,0,0,0,1000,0,1,1,1 
HDVD_9,Heavy Duty Trucks_Diesel_Rigid 7.5 - 12 t_Euro I,,Urban Peak,,,10,130,0,0,85,0,0,0,1000,0,1,1,1 
HDVD_9,Heavy Duty Trucks_Diesel_Rigid 7.5 - 12 t_Euro I,,Urban Off Peak,,,10,130,0,0,85,0,0,0,1000,0,1,1,1 
HDVD_9,Heavy Duty Trucks_Diesel_Rigid 7.5 - 12 t_Euro I,,Rural,,,10,130,0,0,23,0,0,0,1000,0,1,1,1 
HDVD_9,Heavy Duty Trucks_Diesel_Rigid 7.5 - 12 t_Euro I,,Highway,,,10,130,0,0,20,0,0,0,1000,0,1,1,1 
HDVD_10,Heavy Duty Trucks_Diesel_Rigid 7.5 - 12 t_Euro II,,Urban Peak,,,10,130,0,0,85,0,0,0,1000,0.36,1,1,1 
HDVD_10,Heavy Duty Trucks_Diesel_Rigid 7.5 - 12 t_Euro II,,Urban Off Peak,,,10,130,0,0,85,0,0,0,1000,0.36,1,1,1 
HDVD_10,Heavy Duty Trucks_Diesel_Rigid 7.5 - 12 t_Euro II,,Rural,,,10,130,0,0,23,0,0,0,1000,0.13,1,1,1 
HDVD_10,Heavy Duty Trucks_Diesel_Rigid 7.5 - 12 t_Euro II,,Highway,,,10,130,0,0,20,0,0,0,1000,0.7,1,1,1 
HDVD_11,Heavy Duty Trucks_Diesel_Rigid 7.5 - 12 t_Euro III,,Urban Peak,,,10,130,0,0,85,0,0,0,1000,0.44,1,1,1 
HDVD_11,Heavy Duty Trucks_Diesel_Rigid 7.5 - 12 t_Euro III,,Urban Off Peak,,,10,130,0,0,85,0,0,0,1000,0.44,1,1,1 
HDVD_11,Heavy Duty Trucks_Diesel_Rigid 7.5 - 12 t_Euro III,,Rural,,,10,130,0,0,23,0,0,0,1000,0.7,1,1,1 
HDVD_11,Heavy Duty Trucks_Diesel_Rigid 7.5 - 12 t_Euro III,,Highway,,,10,130,0,0,20,0,0,0,1000,0.9,1,1,1 
HDVD_12,Heavy Duty Trucks_Diesel_Rigid 7.5 - 12 t_Euro IV,,Urban Peak,,,10,130,0,0,85,0,0,0,1000,0.97,1,1,1 
HDVD_12,Heavy Duty Trucks_Diesel_Rigid 7.5 - 12 t_Euro IV,,Urban Off Peak,,,10,130,0,0,85,0,0,0,1000,0.97,1,1,1 
HDVD_12,Heavy Duty Trucks_Diesel_Rigid 7.5 - 12 t_Euro IV,,Rural,,,10,130,0,0,23,0,0,0,1000,0.93,1,1,1 
HDVD_12,Heavy Duty Trucks_Diesel_Rigid 7.5 - 12 t_Euro IV,,Highway,,,10,130,0,0,20,0,0,0,1000,0.94,1,1,1 
HDVD_12,Heavy Duty Trucks_Diesel_Rigid 7.5 - 12 t_Euro IV,,Urban Peak,,,10,130,0,0,85,0,0,0,1000,0.97,1,1,1 
HDVD_12,Heavy Duty Trucks_Diesel_Rigid 7.5 - 12 t_Euro IV,,Urban Off Peak,,,10,130,0,0,85,0,0,0,1000,0.97,1,1,1 
HDVD_12,Heavy Duty Trucks_Diesel_Rigid 7.5 - 12 t_Euro IV,,Rural,,,10,130,0,0,23,0,0,0,1000,0.93,1,1,1 
HDVD_12,Heavy Duty Trucks_Diesel_Rigid 7.5 - 12 t_Euro IV,,Highway,,,10,130,0,0,20,0,0,0,1000,0.94,1,1,1 
HDVD_13,Heavy Duty Trucks_Diesel_Rigid 7.5 - 12 t_Euro V,,Urban Peak,,,10,130,0,0,85,0,0,0,1000,0.97,1,1,1 
HDVD_13,Heavy Duty Trucks_Diesel_Rigid 7.5 - 12 t_Euro V,,Urban Off Peak,,,10,130,0,0,85,0,0,0,1000,0.97,1,1,1 
HDVD_13,Heavy Duty Trucks_Diesel_Rigid 7.5 - 12 t_Euro V,,Rural,,,10,130,0,0,23,0,0,0,1000,0.93,1,1,1 
HDVD_13,Heavy Duty Trucks_Diesel_Rigid 7.5 - 12 t_Euro V,,Highway,,,10,130,0,0,20,0,0,0,1000,0.94,1,1,1 
HDVD_13,Heavy Duty Trucks_Diesel_Rigid 7.5 - 12 t_Euro V,,Urban Peak,,,10,130,0,0,85,0,0,0,1000,0.97,1,1,1 
HDVD_13,Heavy Duty Trucks_Diesel_Rigid 7.5 - 12 t_Euro V,,Urban Off Peak,,,10,130,0,0,85,0,0,0,1000,0.97,1,1,1 
HDVD_13,Heavy Duty Trucks_Diesel_Rigid 7.5 - 12 t_Euro V,,Rural,,,10,130,0,0,23,0,0,0,1000,0.93,1,1,1 
HDVD_13,Heavy Duty Trucks_Diesel_Rigid 7.5 - 12 t_Euro V,,Highway,,,10,130,0,0,20,0,0,0,1000,0.94,1,1,1 
HDVD_14,Heavy Duty Trucks_Diesel_Rigid 7.5 - 12 t_Euro VI,,Urban Peak,,,10,130,0,0,85,0,0,0,1000,0.97,1,1,1 
HDVD_14,Heavy Duty Trucks_Diesel_Rigid 7.5 - 12 t_Euro VI,,Urban Off Peak,,,10,130,0,0,85,0,0,0,1000,0.97,1,1,1 
HDVD_14,Heavy Duty Trucks_Diesel_Rigid 7.5 - 12 t_Euro VI,,Rural,,,10,130,0,0,23,0,0,0,1000,0.93,1,1,1 
HDVD_14,Heavy Duty Trucks_Diesel_Rigid 7.5 - 12 t_Euro VI,,Highway,,,10,130,0,0,20,0,0,0,1000,0.94,1,1,1 
HDVD_15,Heavy Duty Trucks_Diesel_Rigid 12 - 14 t_Conventional,,Urban Peak,,,10,130,0,0,85,0,0,0,1000,0,1,1,1 
HDVD_15,Heavy Duty Trucks_Diesel_Rigid 12 - 14 t_Conventional,,Urban Off Peak,,,10,130,0,0,85,0,0,0,1000,0,1,1,1 
HDVD_15,Heavy Duty Trucks_Diesel_Rigid 12 - 14 t_Conventional,,Rural,,,10,130,0,0,23,0,0,0,1000,0,1,1,1 
HDVD_15,Heavy Duty Trucks_Diesel_Rigid 12 - 14 t_Conventional,,Highway,,,10,130,0,0,20,0,0,0,1000,0,1,1,1 
HDVD_16,Heavy Duty Trucks_Diesel_Rigid 12 - 14 t_Euro I,,Urban Peak,,,10,130,0,0,85,0,0,0,1000,0,1,1,1 
HDVD_16,Heavy Duty Trucks_Diesel_Rigid 12 - 14 t_Euro I,,Urban Off Peak,,,10,130,0,0,85,0,0,0,1000,0,1,1,1 
HDVD_16,Heavy Duty Trucks_Diesel_Rigid 12 - 14 t_Euro I,,Rural,,,10,130,0,0,23,0,0,0,1000,0,1,1,1 
HDVD_16,Heavy Duty Trucks_Diesel_Rigid 12 - 14 t_Euro I,,Highway,,,10,130,0,0,20,0,0,0,1000,0,1,1,1 
HDVD_17,Heavy Duty Trucks_Diesel_Rigid 12 - 14 t_Euro II,,Urban Peak,,,10,130,0,0,85,0,0,0,1000,0.36,1,1,1 
HDVD_17,Heavy Duty Trucks_Diesel_Rigid 12 - 14 t_Euro II,,Urban Off Peak,,,10,130,0,0,85,0,0,0,1000,0.36,1,1,1 
HDVD_17,Heavy Duty Trucks_Diesel_Rigid 12 - 14 t_Euro II,,Rural,,,10,130,0,0,23,0,0,0,1000,0.13,1,1,1 
HDVD_17,Heavy Duty Trucks_Diesel_Rigid 12 - 14 t_Euro II,,Highway,,,10,130,0,0,20,0,0,0,1000,0.7,1,1,1 
HDVD_18,Heavy Duty Trucks_Diesel_Rigid 12 - 14 t_Euro III,,Urban Peak,,,10,130,0,0,85,0,0,0,1000,0.44,1,1,1 
HDVD_18,Heavy Duty Trucks_Diesel_Rigid 12 - 14 t_Euro III,,Urban Off Peak,,,10,130,0,0,85,0,0,0,1000,0.44,1,1,1 
HDVD_18,Heavy Duty Trucks_Diesel_Rigid 12 - 14 t_Euro III,,Rural,,,10,130,0,0,23,0,0,0,1000,0.7,1,1,1 
HDVD_18,Heavy Duty Trucks_Diesel_Rigid 12 - 14 t_Euro III,,Highway,,,10,130,0,0,20,0,0,0,1000,0.9,1,1,1 
HDVD_19,Heavy Duty Trucks_Diesel_Rigid 12 - 14 t_Euro IV,,Urban Peak,,,10,130,0,0,85,0,0,0,1000,0.97,1,1,1 
HDVD_19,Heavy Duty Trucks_Diesel_Rigid 12 - 14 t_Euro IV,,Urban Off Peak,,,10,130,0,0,85,0,0,0,1000,0.97,1,1,1 
HDVD_19,Heavy Duty Trucks_Diesel_Rigid 12 - 14 t_Euro IV,,Rural,,,10,130,0,0,23,0,0,0,1000,0.93,1,1,1 
HDVD_19,Heavy Duty Trucks_Diesel_Rigid 12 - 14 t_Euro IV,,Highway,,,10,130,0,0,20,0,0,0,1000,0.94,1,1,1 
HDVD_19,Heavy Duty Trucks_Diesel_Rigid 12 - 14 t_Euro IV,,Urban Peak,,,10,130,0,0,85,0,0,0,1000,0.97,1,1,1 
HDVD_19,Heavy Duty Trucks_Diesel_Rigid 12 - 14 t_Euro IV,,Urban Off Peak,,,10,130,0,0,85,0,0,0,1000,0.97,1,1,1 
HDVD_19,Heavy Duty Trucks_Diesel_Rigid 12 - 14 t_Euro IV,,Rural,,,10,130,0,0,23,0,0,0,1000,0.93,1,1,1 
HDVD_19,Heavy Duty Trucks_Diesel_Rigid 12 - 14 t_Euro IV,,Highway,,,10,130,0,0,20,0,0,0,1000,0.94,1,1,1 
HDVD_20,Heavy Duty Trucks_Diesel_Rigid 12 - 14 t_Euro V,,Urban Peak,,,10,130,0,0,85,0,0,0,1000,0.97,1,1,1 
HDVD_20,Heavy Duty Trucks_Diesel_Rigid 12 - 14 t_Euro V,,Urban Off Peak,,,10,130,0,0,85,0,0,0,1000,0.97,1,1,1 
HDVD_20,Heavy Duty Trucks_Diesel_Rigid 12 - 14 t_Euro V,,Rural,,,10,130,0,0,23,0,0,0,1000,0.93,1,1,1 
HDVD_20,Heavy Duty Trucks_Diesel_Rigid 12 - 14 t_Euro V,,Highway,,,10,130,0,0,20,0,0,0,1000,0.94,1,1,1 
HDVD_20,Heavy Duty Trucks_Diesel_Rigid 12 - 14 t_Euro V,,Urban Peak,,,10,130,0,0,85,0,0,0,1000,0.97,1,1,1 
HDVD_20,Heavy Duty Trucks_Diesel_Rigid 12 - 14 t_Euro V,,Urban Off Peak,,,10,130,0,0,85,0,0,0,1000,0.97,1,1,1 
HDVD_20,Heavy Duty Trucks_Diesel_Rigid 12 - 14 t_Euro V,,Rural,,,10,130,0,0,23,0,0,0,1000,0.93,1,1,1 
HDVD_20,Heavy Duty Trucks_Diesel_Rigid 12 - 14 t_Euro V,,Highway,,,10,130,0,0,20,0,0,0,1000,0.94,1,1,1 
HDVD_21,Heavy Duty Trucks_Diesel_Rigid 12 - 14 t_Euro VI,,Urban Peak,,,10,130,0,0,85,0,0,0,1000,0.97,1,1,1 
HDVD_21,Heavy Duty Trucks_Diesel_Rigid 12 - 14 t_Euro VI,,Urban Off Peak,,,10,130,0,0,85,0,0,0,1000,0.97,1,1,1 
HDVD_21,Heavy Duty Trucks_Diesel_Rigid 12 - 14 t_Euro VI,,Rural,,,10,130,0,0,23,0,0,0,1000,0.93,1,1,1 
HDVD_21,Heavy Duty Trucks_Diesel_Rigid 12 - 14 t_Euro VI,,Highway,,,10,130,0,0,20,0,0,0,1000,0.94,1,1,1 
HDVD_22,Heavy Duty Trucks_Diesel_Rigid 14 - 20 t_Conventional,,Urban Peak,,,10,130,0,0,175,0,0,0,1000,0,1,1,1 
HDVD_22,Heavy Duty Trucks_Diesel_Rigid 14 - 20 t_Conventional,,Urban Off Peak,,,10,130,0,0,175,0,0,0,1000,0,1,1,1 
HDVD_22,Heavy Duty Trucks_Diesel_Rigid 14 - 20 t_Conventional,,Rural,,,10,130,0,0,80,0,0,0,1000,0,1,1,1 
HDVD_22,Heavy Duty Trucks_Diesel_Rigid 14 - 20 t_Conventional,,Highway,,,10,130,0,0,70,0,0,0,1000,0,1,1,1 
HDVD_23,Heavy Duty Trucks_Diesel_Rigid 14 - 20 t_Euro I,,Urban Peak,,,10,130,0,0,175,0,0,0,1000,0,1,1,1 
HDVD_23,Heavy Duty Trucks_Diesel_Rigid 14 - 20 t_Euro I,,Urban Off Peak,,,10,130,0,0,175,0,0,0,1000,0,1,1,1 
HDVD_23,Heavy Duty Trucks_Diesel_Rigid 14 - 20 t_Euro I,,Rural,,,10,130,0,0,80,0,0,0,1000,0,1,1,1 
HDVD_23,Heavy Duty Trucks_Diesel_Rigid 14 - 20 t_Euro I,,Highway,,,10,130,0,0,70,0,0,0,1000,0,1,1,1 
HDVD_24,Heavy Duty Trucks_Diesel_Rigid 14 - 20 t_Euro II,,Urban Peak,,,10,130,0,0,175,0,0,0,1000,0.36,1,1,1 
HDVD_24,Heavy Duty Trucks_Diesel_Rigid 14 - 20 t_Euro II,,Urban Off Peak,,,10,130,0,0,175,0,0,0,1000,0.36,1,1,1 
HDVD_24,Heavy Duty Trucks_Diesel_Rigid 14 - 20 t_Euro II,,Rural,,,10,130,0,0,80,0,0,0,1000,0.13,1,1,1 
HDVD_24,Heavy Duty Trucks_Diesel_Rigid 14 - 20 t_Euro II,,Highway,,,10,130,0,0,70,0,0,0,1000,0.7,1,1,1 
HDVD_25,Heavy Duty Trucks_Diesel_Rigid 14 - 20 t_Euro III,,Urban Peak,,,10,130,0,0,175,0,0,0,1000,0.44,1,1,1 
HDVD_25,Heavy Duty Trucks_Diesel_Rigid 14 - 20 t_Euro III,,Urban Off Peak,,,10,130,0,0,175,0,0,0,1000,0.44,1,1,1 
HDVD_25,Heavy Duty Trucks_Diesel_Rigid 14 - 20 t_Euro III,,Rural,,,10,130,0,0,80,0,0,0,1000,0.7,1,1,1 
HDVD_25,Heavy Duty Trucks_Diesel_Rigid 14 - 20 t_Euro III,,Highway,,,10,130,0,0,70,0,0,0,1000,0.9,1,1,1 
HDVD_26,Heavy Duty Trucks_Diesel_Rigid 14 - 20 t_Euro IV,,Urban Peak,,,10,130,0,0,175,0,0,0,1000,0.97,1,1,1 
HDVD_26,Heavy Duty Trucks_Diesel_Rigid 14 - 20 t_Euro IV,,Urban Off Peak,,,10,130,0,0,175,0,0,0,1000,0.97,1,1,1 
HDVD_26,Heavy Duty Trucks_Diesel_Rigid 14 - 20 t_Euro IV,,Rural,,,10,130,0,0,80,0,0,0,1000,0.93,1,1,1 
HDVD_26,Heavy Duty Trucks_Diesel_Rigid 14 - 20 t_Euro IV,,Highway,,,10,130,0,0,70,0,0,0,1000,0.94,1,1,1 
HDVD_26,Heavy Duty Trucks_Diesel_Rigid 14 - 20 t_Euro IV,,Urban Peak,,,10,130,0,0,175,0,0,0,1000,0.97,1,1,1 
HDVD_26,Heavy Duty Trucks_Diesel_Rigid 14 - 20 t_Euro IV,,Urban Off Peak,,,10,130,0,0,175,0,0,0,1000,0.97,1,1,1 
HDVD_26,Heavy Duty Trucks_Diesel_Rigid 14 - 20 t_Euro IV,,Rural,,,10,130,0,0,80,0,0,0,1000,0.93,1,1,1 
HDVD_26,Heavy Duty Trucks_Diesel_Rigid 14 - 20 t_Euro IV,,Highway,,,10,130,0,0,70,0,0,0,1000,0.94,1,1,1 
HDVD_27,Heavy Duty Trucks_Diesel_Rigid 14 - 20 t_Euro V,,Urban Peak,,,10,130,0,0,175,0,0,0,1000,0.97,1,1,1 
HDVD_27,Heavy Duty Trucks_Diesel_Rigid 14 - 20 t_Euro V,,Urban Off Peak,,,10,130,0,0,175,0,0,0,1000,0.97,1,1,1 
HDVD_27,Heavy Duty Trucks_Diesel_Rigid 14 - 20 t_Euro V,,Rural,,,10,130,0,0,80,0,0,0,1000,0.93,1,1,1 
HDVD_27,Heavy Duty Trucks_Diesel_Rigid 14 - 20 t_Euro V,,Highway,,,10,130,0,0,70,0,0,0,1000,0.94,1,1,1 
HDVD_27,Heavy Duty Trucks_Diesel_Rigid 14 - 20 t_Euro V,,Urban Peak,,,10,130,0,0,175,0,0,0,1000,0.97,1,1,1 
HDVD_27,Heavy Duty Trucks_Diesel_Rigid 14 - 20 t_Euro V,,Urban Off Peak,,,10,130,0,0,175,0,0,0,1000,0.97,1,1,1 
HDVD_27,Heavy Duty Trucks_Diesel_Rigid 14 - 20 t_Euro V,,Rural,,,10,130,0,0,80,0,0,0,1000,0.93,1,1,1 
HDVD_27,Heavy Duty Trucks_Diesel_Rigid 14 - 20 t_Euro V,,Highway,,,10,130,0,0,70,0,0,0,1000,0.94,1,1,1 
HDVD_28,Heavy Duty Trucks_Diesel_Rigid 14 - 20 t_Euro VI,,Urban Peak,,,10,130,0,0,175,0,0,0,1000,0.97,1,1,1 
HDVD_28,Heavy Duty Trucks_Diesel_Rigid 14 - 20 t_Euro VI,,Urban Off Peak,,,10,130,0,0,175,0,0,0,1000,0.97,1,1,1 
HDVD_28,Heavy Duty Trucks_Diesel_Rigid 14 - 20 t_Euro VI,,Rural,,,10,130,0,0,80,0,0,0,1000,0.93,1,1,1 
HDVD_28,Heavy Duty Trucks_Diesel_Rigid 14 - 20 t_Euro VI,,Highway,,,10,130,0,0,70,0,0,0,1000,0.94,1,1,1 
HDVD_29,Heavy Duty Trucks_Diesel_Rigid 20 - 26 t_Conventional,,Urban Peak,,,10,130,0,0,175,0,0,0,1000,0,1,1,1 
HDVD_29,Heavy Duty Trucks_Diesel_Rigid 20 - 26 t_Conventional,,Urban Off Peak,,,10,130,0,0,175,0,0,0,1000,0,1,1,1 
HDVD_29,Heavy Duty Trucks_Diesel_Rigid 20 - 26 t_Conventional,,Rural,,,10,130,0,0,80,0,0,0,1000,0,1,1,1 
HDVD_29,Heavy Duty Trucks_Diesel_Rigid 20 - 26 t_Conventional,,Highway,,,10,130,0,0,70,0,0,0,1000,0,1,1,1 
HDVD_30,Heavy Duty Trucks_Diesel_Rigid 20 - 26 t_Euro I,,Urban Peak,,,10,130,0,0,175,0,0,0,1000,0,1,1,1 
HDVD_30,Heavy Duty Trucks_Diesel_Rigid 20 - 26 t_Euro I,,Urban Off Peak,,,10,130,0,0,175,0,0,0,1000,0,1,1,1 
HDVD_30,Heavy Duty Trucks_Diesel_Rigid 20 - 26 t_Euro I,,Rural,,,10,130,0,0,80,0,0,0,1000,0,1,1,1 
HDVD_30,Heavy Duty Trucks_Diesel_Rigid 20 - 26 t_Euro I,,Highway,,,10,130,0,0,70,0,0,0,1000,0,1,1,1 
HDVD_31,Heavy Duty Trucks_Diesel_Rigid 20 - 26 t_Euro II,,Urban Peak,,,10,130,0,0,175,0,0,0,1000,0.36,1,1,1 
HDVD_31,Heavy Duty Trucks_Diesel_Rigid 20 - 26 t_Euro II,,Urban Off Peak,,,10,130,0,0,175,0,0,0,1000,0.36,1,1,1 
HDVD_31,Heavy Duty Trucks_Diesel_Rigid 20 - 26 t_Euro II,,Rural,,,10,130,0,0,80,0,0,0,1000,0.13,1,1,1 
HDVD_31,Heavy Duty Trucks_Diesel_Rigid 20 - 26 t_Euro II,,Highway,,,10,130,0,0,70,0,0,0,1000,0.7,1,1,1 
HDVD_32,Heavy Duty Trucks_Diesel_Rigid 20 - 26 t_Euro III,,Urban Peak,,,10,130,0,0,175,0,0,0,1000,0.44,1,1,1 
HDVD_32,Heavy Duty Trucks_Diesel_Rigid 20 - 26 t_Euro III,,Urban Off Peak,,,10,130,0,0,175,0,0,0,1000,0.44,1,1,1 
HDVD_32,Heavy Duty Trucks_Diesel_Rigid 20 - 26 t_Euro III,,Rural,,,10,130,0,0,80,0,0,0,1000,0.7,1,1,1 
HDVD_32,Heavy Duty Trucks_Diesel_Rigid 20 - 26 t_Euro III,,Highway,,,10,130,0,0,70,0,0,0,1000,0.9,1,1,1 
HDVD_33,Heavy Duty Trucks_Diesel_Rigid 20 - 26 t_Euro IV,,Urban Peak,,,10,130,0,0,175,0,0,0,1000,0.97,1,1,1 
HDVD_33,Heavy Duty Trucks_Diesel_Rigid 20 - 26 t_Euro IV,,Urban Off Peak,,,10,130,0,0,175,0,0,0,1000,0.97,1,1,1 
HDVD_33,Heavy Duty Trucks_Diesel_Rigid 20 - 26 t_Euro IV,,Rural,,,10,130,0,0,80,0,0,0,1000,0.93,1,1,1 
HDVD_33,Heavy Duty Trucks_Diesel_Rigid 20 - 26 t_Euro IV,,Highway,,,10,130,0,0,70,0,0,0,1000,0.94,1,1,1 
HDVD_33,Heavy Duty Trucks_Diesel_Rigid 20 - 26 t_Euro IV,,Urban Peak,,,10,130,0,0,175,0,0,0,1000,0.97,1,1,1 
HDVD_33,Heavy Duty Trucks_Diesel_Rigid 20 - 26 t_Euro IV,,Urban Off Peak,,,10,130,0,0,175,0,0,0,1000,0.97,1,1,1 
HDVD_33,Heavy Duty Trucks_Diesel_Rigid 20 - 26 t_Euro IV,,Rural,,,10,130,0,0,80,0,0,0,1000,0.93,1,1,1 
HDVD_33,Heavy Duty Trucks_Diesel_Rigid 20 - 26 t_Euro IV,,Highway,,,10,130,0,0,70,0,0,0,1000,0.94,1,1,1 
HDVD_34,Heavy Duty Trucks_Diesel_Rigid 20 - 26 t_Euro V,,Urban Peak,,,10,130,0,0,175,0,0,0,1000,0.97,1,1,1 
HDVD_34,Heavy Duty Trucks_Diesel_Rigid 20 - 26 t_Euro V,,Urban Off Peak,,,10,130,0,0,175,0,0,0,1000,0.97,1,1,1 
HDVD_34,Heavy Duty Trucks_Diesel_Rigid 20 - 26 t_Euro V,,Rural,,,10,130,0,0,80,0,0,0,1000,0.93,1,1,1 
HDVD_34,Heavy Duty Trucks_Diesel_Rigid 20 - 26 t_Euro V,,Highway,,,10,130,0,0,70,0,0,0,1000,0.94,1,1,1 
HDVD_34,Heavy Duty Trucks_Diesel_Rigid 20 - 26 t_Euro V,,Urban Peak,,,10,130,0,0,175,0,0,0,1000,0.97,1,1,1 
HDVD_34,Heavy Duty Trucks_Diesel_Rigid 20 - 26 t_Euro V,,Urban Off Peak,,,10,130,0,0,175,0,0,0,1000,0.97,1,1,1 
HDVD_34,Heavy Duty Trucks_Diesel_Rigid 20 - 26 t_Euro V,,Rural,,,10,130,0,0,80,0,0,0,1000,0.93,1,1,1 
HDVD_34,Heavy Duty Trucks_Diesel_Rigid 20 - 26 t_Euro V,,Highway,,,10,130,0,0,70,0,0,0,1000,0.94,1,1,1 
HDVD_35,Heavy Duty Trucks_Diesel_Rigid 20 - 26 t_Euro VI,,Urban Peak,,,10,130,0,0,175,0,0,0,1000,0.97,1,1,1 
HDVD_35,Heavy Duty Trucks_Diesel_Rigid 20 - 26 t_Euro VI,,Urban Off Peak,,,10,130,0,0,175,0,0,0,1000,0.97,1,1,1 
HDVD_35,Heavy Duty Trucks_Diesel_Rigid 20 - 26 t_Euro VI,,Rural,,,10,130,0,0,80,0,0,0,1000,0.93,1,1,1 
HDVD_35,Heavy Duty Trucks_Diesel_Rigid 20 - 26 t_Euro VI,,Highway,,,10,130,0,0,70,0,0,0,1000,0.94,1,1,1 
HDVD_36,Heavy Duty Trucks_Diesel_Rigid 26 - 28 t_Conventional,,Urban Peak,,,10,130,0,0,175,0,0,0,1000,0,1,1,1 
HDVD_36,Heavy Duty Trucks_Diesel_Rigid 26 - 28 t_Conventional,,Urban Off Peak,,,10,130,0,0,175,0,0,0,1000,0,1,1,1 
HDVD_36,Heavy Duty Trucks_Diesel_Rigid 26 - 28 t_Conventional,,Rural,,,10,130,0,0,80,0,0,0,1000,0,1,1,1 
HDVD_36,Heavy Duty Trucks_Diesel_Rigid 26 - 28 t_Conventional,,Highway,,,10,130,0,0,70,0,0,0,1000,0,1,1,1 
HDVD_37,Heavy Duty Trucks_Diesel_Rigid 26 - 28 t_Euro I,,Urban Peak,,,10,130,0,0,175,0,0,0,1000,0,1,1,1 
HDVD_37,Heavy Duty Trucks_Diesel_Rigid 26 - 28 t_Euro I,,Urban Off Peak,,,10,130,0,0,175,0,0,0,1000,0,1,1,1 
HDVD_37,Heavy Duty Trucks_Diesel_Rigid 26 - 28 t_Euro I,,Rural,,,10,130,0,0,80,0,0,0,1000,0,1,1,1 
HDVD_37,Heavy Duty Trucks_Diesel_Rigid 26 - 28 t_Euro I,,Highway,,,10,130,0,0,70,0,0,0,1000,0,1,1,1 
HDVD_38,Heavy Duty Trucks_Diesel_Rigid 26 - 28 t_Euro II,,Urban Peak,,,10,130,0,0,175,0,0,0,1000,0.36,1,1,1 
HDVD_38,Heavy Duty Trucks_Diesel_Rigid 26 - 28 t_Euro II,,Urban Off Peak,,,10,130,0,0,175,0,0,0,1000,0.36,1,1,1 
HDVD_38,Heavy Duty Trucks_Diesel_Rigid 26 - 28 t_Euro II,,Rural,,,10,130,0,0,80,0,0,0,1000,0.13,1,1,1 
HDVD_38,Heavy Duty Trucks_Diesel_Rigid 26 - 28 t_Euro II,,Highway,,,10,130,0,0,70,0,0,0,1000,0.7,1,1,1 
HDVD_39,Heavy Duty Trucks_Diesel_Rigid 26 - 28 t_Euro III,,Urban Peak,,,10,130,0,0,175,0,0,0,1000,0.44,1,1,1 
HDVD_39,Heavy Duty Trucks_Diesel_Rigid 26 - 28 t_Euro III,,Urban Off Peak,,,10,130,0,0,175,0,0,0,1000,0.44,1,1,1 
HDVD_39,Heavy Duty Trucks_Diesel_Rigid 26 - 28 t_Euro III,,Rural,,,10,130,0,0,80,0,0,0,1000,0.7,1,1,1 
HDVD_39,Heavy Duty Trucks_Diesel_Rigid 26 - 28 t_Euro III,,Highway,,,10,130,0,0,70,0,0,0,1000,0.9,1,1,1 
HDVD_40,Heavy Duty Trucks_Diesel_Rigid 26 - 28 t_Euro IV,,Urban Peak,,,10,130,0,0,175,0,0,0,1000,0.97,1,1,1 
HDVD_40,Heavy Duty Trucks_Diesel_Rigid 26 - 28 t_Euro IV,,Urban Off Peak,,,10,130,0,0,175,0,0,0,1000,0.97,1,1,1 
HDVD_40,Heavy Duty Trucks_Diesel_Rigid 26 - 28 t_Euro IV,,Rural,,,10,130,0,0,80,0,0,0,1000,0.93,1,1,1 
HDVD_40,Heavy Duty Trucks_Diesel_Rigid 26 - 28 t_Euro IV,,Highway,,,10,130,0,0,70,0,0,0,1000,0.94,1,1,1 
HDVD_40,Heavy Duty Trucks_Diesel_Rigid 26 - 28 t_Euro IV,,Urban Peak,,,10,130,0,0,175,0,0,0,1000,0.97,1,1,1 
HDVD_40,Heavy Duty Trucks_Diesel_Rigid 26 - 28 t_Euro IV,,Urban Off Peak,,,10,130,0,0,175,0,0,0,1000,0.97,1,1,1 
HDVD_40,Heavy Duty Trucks_Diesel_Rigid 26 - 28 t_Euro IV,,Rural,,,10,130,0,0,80,0,0,0,1000,0.93,1,1,1 
HDVD_40,Heavy Duty Trucks_Diesel_Rigid 26 - 28 t_Euro IV,,Highway,,,10,130,0,0,70,0,0,0,1000,0.94,1,1,1 
HDVD_41,Heavy Duty Trucks_Diesel_Rigid 26 - 28 t_Euro V,,Urban Peak,,,10,130,0,0,175,0,0,0,1000,0.97,1,1,1 
HDVD_41,Heavy Duty Trucks_Diesel_Rigid 26 - 28 t_Euro V,,Urban Off Peak,,,10,130,0,0,175,0,0,0,1000,0.97,1,1,1 
HDVD_41,Heavy Duty Trucks_Diesel_Rigid 26 - 28 t_Euro V,,Rural,,,10,130,0,0,80,0,0,0,1000,0.93,1,1,1 
HDVD_41,Heavy Duty Trucks_Diesel_Rigid 26 - 28 t_Euro V,,Highway,,,10,130,0,0,70,0,0,0,1000,0.94,1,1,1 
HDVD_41,Heavy Duty Trucks_Diesel_Rigid 26 - 28 t_Euro V,,Urban Peak,,,10,130,0,0,175,0,0,0,1000,0.97,1,1,1 
HDVD_41,Heavy Duty Trucks_Diesel_Rigid 26 - 28 t_Euro V,,Urban Off Peak,,,10,130,0,0,175,0,0,0,1000,0.97,1,1,1 
HDVD_41,Heavy Duty Trucks_Diesel_Rigid 26 - 28 t_Euro V,,Rural,,,10,130,0,0,80,0,0,0,1000,0.93,1,1,1 
HDVD_41,Heavy Duty Trucks_Diesel_Rigid 26 - 28 t_Euro V,,Highway,,,10,130,0,0,70,0,0,0,1000,0.94,1,1,1 
HDVD_42,Heavy Duty Trucks_Diesel_Rigid 26 - 28 t_Euro VI,,Urban Peak,,,10,130,0,0,175,0,0,0,1000,0.97,1,1,1 
HDVD_42,Heavy Duty Trucks_Diesel_Rigid 26 - 28 t_Euro VI,,Urban Off Peak,,,10,130,0,0,175,0,0,0,1000,0.97,1,1,1 
HDVD_42,Heavy Duty Trucks_Diesel_Rigid 26 - 28 t_Euro VI,,Rural,,,10,130,0,0,80,0,0,0,1000,0.93,1,1,1 
HDVD_42,Heavy Duty Trucks_Diesel_Rigid 26 - 28 t_Euro VI,,Highway,,,10,130,0,0,70,0,0,0,1000,0.94,1,1,1 
HDVD_43,Heavy Duty Trucks_Diesel_Rigid 28 - 32 t_Conventional,,Urban Peak,,,10,130,0,0,175,0,0,0,1000,0,1,1,1 
HDVD_43,Heavy Duty Trucks_Diesel_Rigid 28 - 32 t_Conventional,,Urban Off Peak,,,10,130,0,0,175,0,0,0,1000,0,1,1,1 
HDVD_43,Heavy Duty Trucks_Diesel_Rigid 28 - 32 t_Conventional,,Rural,,,10,130,0,0,80,0,0,0,1000,0,1,1,1 
HDVD_43,Heavy Duty Trucks_Diesel_Rigid 28 - 32 t_Conventional,,Highway,,,10,130,0,0,70,0,0,0,1000,0,1,1,1 
HDVD_44,Heavy Duty Trucks_Diesel_Rigid 28 - 32 t_Euro I,,Urban Peak,,,10,130,0,0,175,0,0,0,1000,0,1,1,1 
HDVD_44,Heavy Duty Trucks_Diesel_Rigid 28 - 32 t_Euro I,,Urban Off Peak,,,10,130,0,0,175,0,0,0,1000,0,1,1,1 
HDVD_44,Heavy Duty Trucks_Diesel_Rigid 28 - 32 t_Euro I,,Rural,,,10,130,0,0,80,0,0,0,1000,0,1,1,1 
HDVD_44,Heavy Duty Trucks_Diesel_Rigid 28 - 32 t_Euro I,,Highway,,,10,130,0,0,70,0,0,0,1000,0,1,1,1 
HDVD_45,Heavy Duty Trucks_Diesel_Rigid 28 - 32 t_Euro II,,Urban Peak,,,10,130,0,0,175,0,0,0,1000,0.36,1,1,1 
HDVD_45,Heavy Duty Trucks_Diesel_Rigid 28 - 32 t_Euro II,,Urban Off Peak,,,10,130,0,0,175,0,0,0,1000,0.36,1,1,1 
HDVD_45,Heavy Duty Trucks_Diesel_Rigid 28 - 32 t_Euro II,,Rural,,,10,130,0,0,80,0,0,0,1000,0.13,1,1,1 
HDVD_45,Heavy Duty Trucks_Diesel_Rigid 28 - 32 t_Euro II,,Highway,,,10,130,0,0,70,0,0,0,1000,0.7,1,1,1 
HDVD_46,Heavy Duty Trucks_Diesel_Rigid 28 - 32 t_Euro III,,Urban Peak,,,10,130,0,0,175,0,0,0,1000,0.44,1,1,1 
HDVD_46,Heavy Duty Trucks_Diesel_Rigid 28 - 32 t_Euro III,,Urban Off Peak,,,10,130,0,0,175,0,0,0,1000,0.44,1,1,1 
HDVD_46,Heavy Duty Trucks_Diesel_Rigid 28 - 32 t_Euro III,,Rural,,,10,130,0,0,80,0,0,0,1000,0.7,1,1,1 
HDVD_46,Heavy Duty Trucks_Diesel_Rigid 28 - 32 t_Euro III,,Highway,,,10,130,0,0,70,0,0,0,1000,0.9,1,1,1 
HDVD_47,Heavy Duty Trucks_Diesel_Rigid 28 - 32 t_Euro IV,,Urban Peak,,,10,130,0,0,175,0,0,0,1000,0.97,1,1,1 
HDVD_47,Heavy Duty Trucks_Diesel_Rigid 28 - 32 t_Euro IV,,Urban Off Peak,,,10,130,0,0,175,0,0,0,1000,0.97,1,1,1 
HDVD_47,Heavy Duty Trucks_Diesel_Rigid 28 - 32 t_Euro IV,,Rural,,,10,130,0,0,80,0,0,0,1000,0.93,1,1,1 
HDVD_47,Heavy Duty Trucks_Diesel_Rigid 28 - 32 t_Euro IV,,Highway,,,10,130,0,0,70,0,0,0,1000,0.94,1,1,1 
HDVD_47,Heavy Duty Trucks_Diesel_Rigid 28 - 32 t_Euro IV,,Urban Peak,,,10,130,0,0,175,0,0,0,1000,0.97,1,1,1 
HDVD_47,Heavy Duty Trucks_Diesel_Rigid 28 - 32 t_Euro IV,,Urban Off Peak,,,10,130,0,0,175,0,0,0,1000,0.97,1,1,1 
HDVD_47,Heavy Duty Trucks_Diesel_Rigid 28 - 32 t_Euro IV,,Rural,,,10,130,0,0,80,0,0,0,1000,0.93,1,1,1 
HDVD_47,Heavy Duty Trucks_Diesel_Rigid 28 - 32 t_Euro IV,,Highway,,,10,130,0,0,70,0,0,0,1000,0.94,1,1,1 
HDVD_48,Heavy Duty Trucks_Diesel_Rigid 28 - 32 t_Euro V,,Urban Peak,,,10,130,0,0,175,0,0,0,1000,0.97,1,1,1 
HDVD_48,Heavy Duty Trucks_Diesel_Rigid 28 - 32 t_Euro V,,Urban Off Peak,,,10,130,0,0,175,0,0,0,1000,0.97,1,1,1 
HDVD_48,Heavy Duty Trucks_Diesel_Rigid 28 - 32 t_Euro V,,Rural,,,10,130,0,0,80,0,0,0,1000,0.93,1,1,1 
HDVD_48,Heavy Duty Trucks_Diesel_Rigid 28 - 32 t_Euro V,,Highway,,,10,130,0,0,70,0,0,0,1000,0.94,1,1,1 
HDVD_48,Heavy Duty Trucks_Diesel_Rigid 28 - 32 t_Euro V,,Urban Peak,,,10,130,0,0,175,0,0,0,1000,0.97,1,1,1 
HDVD_48,Heavy Duty Trucks_Diesel_Rigid 28 - 32 t_Euro V,,Urban Off Peak,,,10,130,0,0,175,0,0,0,1000,0.97,1,1,1 
HDVD_48,Heavy Duty Trucks_Diesel_Rigid 28 - 32 t_Euro V,,Rural,,,10,130,0,0,80,0,0,0,1000,0.93,1,1,1 
HDVD_48,Heavy Duty Trucks_Diesel_Rigid 28 - 32 t_Euro V,,Highway,,,10,130,0,0,70,0,0,0,1000,0.94,1,1,1 
HDVD_49,Heavy Duty Trucks_Diesel_Rigid 28 - 32 t_Euro VI,,Urban Peak,,,10,130,0,0,175,0,0,0,1000,0.97,1,1,1 
HDVD_49,Heavy Duty Trucks_Diesel_Rigid 28 - 32 t_Euro VI,,Urban Off Peak,,,10,130,0,0,175,0,0,0,1000,0.97,1,1,1 
HDVD_49,Heavy Duty Trucks_Diesel_Rigid 28 - 32 t_Euro VI,,Rural,,,10,130,0,0,80,0,0,0,1000,0.93,1,1,1 
HDVD_49,Heavy Duty Trucks_Diesel_Rigid 28 - 32 t_Euro VI,,Highway,,,10,130,0,0,70,0,0,0,1000,0.94,1,1,1 
HDVD_50,Heavy Duty Trucks_Diesel_Rigid >32 t_Conventional,,Urban Peak,,,10,130,0,0,175,0,0,0,1000,0,1,1,1 
HDVD_50,Heavy Duty Trucks_Diesel_Rigid >32 t_Conventional,,Urban Off Peak,,,10,130,0,0,175,0,0,0,1000,0,1,1,1 
HDVD_50,Heavy Duty Trucks_Diesel_Rigid >32 t_Conventional,,Rural,,,10,130,0,0,80,0,0,0,1000,0,1,1,1 
HDVD_50,Heavy Duty Trucks_Diesel_Rigid >32 t_Conventional,,Highway,,,10,130,0,0,70,0,0,0,1000,0,1,1,1 
HDVD_51,Heavy Duty Trucks_Diesel_Rigid >32 t_Euro I,,Urban Peak,,,10,130,0,0,175,0,0,0,1000,0,1,1,1 
HDVD_51,Heavy Duty Trucks_Diesel_Rigid >32 t_Euro I,,Urban Off Peak,,,10,130,0,0,175,0,0,0,1000,0,1,1,1 
HDVD_51,Heavy Duty Trucks_Diesel_Rigid >32 t_Euro I,,Rural,,,10,130,0,0,80,0,0,0,1000,0,1,1,1 
HDVD_51,Heavy Duty Trucks_Diesel_Rigid >32 t_Euro I,,Highway,,,10,130,0,0,70,0,0,0,1000,0,1,1,1 
HDVD_52,Heavy Duty Trucks_Diesel_Rigid >32 t_Euro II,,Urban Peak,,,10,130,0,0,175,0,0,0,1000,0.36,1,1,1 
HDVD_52,Heavy Duty Trucks_Diesel_Rigid >32 t_Euro II,,Urban Off Peak,,,10,130,0,0,175,0,0,0,1000,0.36,1,1,1 
HDVD_52,Heavy Duty Trucks_Diesel_Rigid >32 t_Euro II,,Rural,,,10,130,0,0,80,0,0,0,1000,0.13,1,1,1 
HDVD_52,Heavy Duty Trucks_Diesel_Rigid >32 t_Euro II,,Highway,,,10,130,0,0,70,0,0,0,1000,0.7,1,1,1 
HDVD_53,Heavy Duty Trucks_Diesel_Rigid >32 t_Euro III,,Urban Peak,,,10,130,0,0,175,0,0,0,1000,0.44,1,1,1 
HDVD_53,Heavy Duty Trucks_Diesel_Rigid >32 t_Euro III,,Urban Off Peak,,,10,130,0,0,175,0,0,0,1000,0.44,1,1,1 
HDVD_53,Heavy Duty Trucks_Diesel_Rigid >32 t_Euro III,,Rural,,,10,130,0,0,80,0,0,0,1000,0.7,1,1,1 
HDVD_53,Heavy Duty Trucks_Diesel_Rigid >32 t_Euro III,,Highway,,,10,130,0,0,70,0,0,0,1000,0.9,1,1,1 
HDVD_54,Heavy Duty Trucks_Diesel_Rigid >32 t_Euro IV,,Urban Peak,,,10,130,0,0,175,0,0,0,1000,0.97,1,1,1 
HDVD_54,Heavy Duty Trucks_Diesel_Rigid >32 t_Euro IV,,Urban Off Peak,,,10,130,0,0,175,0,0,0,1000,0.97,1,1,1 
HDVD_54,Heavy Duty Trucks_Diesel_Rigid >32 t_Euro IV,,Rural,,,10,130,0,0,80,0,0,0,1000,0.93,1,1,1 
HDVD_54,Heavy Duty Trucks_Diesel_Rigid >32 t_Euro IV,,Highway,,,10,130,0,0,70,0,0,0,1000,0.94,1,1,1 
HDVD_54,Heavy Duty Trucks_Diesel_Rigid >32 t_Euro IV,,Urban Peak,,,10,130,0,0,175,0,0,0,1000,0.97,1,1,1 
HDVD_54,Heavy Duty Trucks_Diesel_Rigid >32 t_Euro IV,,Urban Off Peak,,,10,130,0,0,175,0,0,0,1000,0.97,1,1,1 
HDVD_54,Heavy Duty Trucks_Diesel_Rigid >32 t_Euro IV,,Rural,,,10,130,0,0,80,0,0,0,1000,0.93,1,1,1 
HDVD_54,Heavy Duty Trucks_Diesel_Rigid >32 t_Euro IV,,Highway,,,10,130,0,0,70,0,0,0,1000,0.94,1,1,1 
HDVD_55,Heavy Duty Trucks_Diesel_Rigid >32 t_Euro V,,Urban Peak,,,10,130,0,0,175,0,0,0,1000,0.97,1,1,1 
HDVD_55,Heavy Duty Trucks_Diesel_Rigid >32 t_Euro V,,Urban Off Peak,,,10,130,0,0,175,0,0,0,1000,0.97,1,1,1 
HDVD_55,Heavy Duty Trucks_Diesel_Rigid >32 t_Euro V,,Rural,,,10,130,0,0,80,0,0,0,1000,0.93,1,1,1 
HDVD_55,Heavy Duty Trucks_Diesel_Rigid >32 t_Euro V,,Highway,,,10,130,0,0,70,0,0,0,1000,0.94,1,1,1 
HDVD_55,Heavy Duty Trucks_Diesel_Rigid >32 t_Euro V,,Urban Peak,,,10,130,0,0,175,0,0,0,1000,0.97,1,1,1 
HDVD_55,Heavy Duty Trucks_Diesel_Rigid >32 t_Euro V,,Urban Off Peak,,,10,130,0,0,175,0,0,0,1000,0.97,1,1,1 
HDVD_55,Heavy Duty Trucks_Diesel_Rigid >32 t_Euro V,,Rural,,,10,130,0,0,80,0,0,0,1000,0.93,1,1,1 
HDVD_55,Heavy Duty Trucks_Diesel_Rigid >32 t_Euro V,,Highway,,,10,130,0,0,70,0,0,0,1000,0.94,1,1,1 
HDVD_56,Heavy Duty Trucks_Diesel_Rigid >32 t_Euro VI,,Urban Peak,,,10,130,0,0,175,0,0,0,1000,0.97,1,1,1 
HDVD_56,Heavy Duty Trucks_Diesel_Rigid >32 t_Euro VI,,Urban Off Peak,,,10,130,0,0,175,0,0,0,1000,0.97,1,1,1 
HDVD_56,Heavy Duty Trucks_Diesel_Rigid >32 t_Euro VI,,Rural,,,10,130,0,0,80,0,0,0,1000,0.93,1,1,1 
HDVD_56,Heavy Duty Trucks_Diesel_Rigid >32 t_Euro VI,,Highway,,,10,130,0,0,70,0,0,0,1000,0.94,1,1,1 
HDVD_57,Heavy Duty Trucks_Diesel_Articulated 14 - 20 t_Conventional,,Urban Peak,,,10,130,0,0,175,0,0,0,1000,0,1,1,1 
HDVD_57,Heavy Duty Trucks_Diesel_Articulated 14 - 20 t_Conventional,,Urban Off Peak,,,10,130,0,0,175,0,0,0,1000,0,1,1,1 
HDVD_57,Heavy Duty Trucks_Diesel_Articulated 14 - 20 t_Conventional,,Rural,,,10,130,0,0,80,0,0,0,1000,0,1,1,1 
HDVD_57,Heavy Duty Trucks_Diesel_Articulated 14 - 20 t_Conventional,,Highway,,,10,130,0,0,70,0,0,0,1000,0,1,1,1 
HDVD_58,Heavy Duty Trucks_Diesel_Articulated 14 - 20 t_Euro I,,Urban Peak,,,10,130,0,0,175,0,0,0,1000,0,1,1,1 
HDVD_58,Heavy Duty Trucks_Diesel_Articulated 14 - 20 t_Euro I,,Urban Off Peak,,,10,130,0,0,175,0,0,0,1000,0,1,1,1 
HDVD_58,Heavy Duty Trucks_Diesel_Articulated 14 - 20 t_Euro I,,Rural,,,10,130,0,0,80,0,0,0,1000,0,1,1,1 
HDVD_58,Heavy Duty Trucks_Diesel_Articulated 14 - 20 t_Euro I,,Highway,,,10,130,0,0,70,0,0,0,1000,0,1,1,1 
HDVD_59,Heavy Duty Trucks_Diesel_Articulated 14 - 20 t_Euro II,,Urban Peak,,,10,130,0,0,175,0,0,0,1000,0.36,1,1,1 
HDVD_59,Heavy Duty Trucks_Diesel_Articulated 14 - 20 t_Euro II,,Urban Off Peak,,,10,130,0,0,175,0,0,0,1000,0.36,1,1,1 
HDVD_59,Heavy Duty Trucks_Diesel_Articulated 14 - 20 t_Euro II,,Rural,,,10,130,0,0,80,0,0,0,1000,0.13,1,1,1 
HDVD_59,Heavy Duty Trucks_Diesel_Articulated 14 - 20 t_Euro II,,Highway,,,10,130,0,0,70,0,0,0,1000,0.7,1,1,1 
HDVD_60,Heavy Duty Trucks_Diesel_Articulated 14 - 20 t_Euro III,,Urban Peak,,,10,130,0,0,175,0,0,0,1000,0.44,1,1,1 
HDVD_60,Heavy Duty Trucks_Diesel_Articulated 14 - 20 t_Euro III,,Urban Off Peak,,,10,130,0,0,175,0,0,0,1000,0.44,1,1,1 
HDVD_60,Heavy Duty Trucks_Diesel_Articulated 14 - 20 t_Euro III,,Rural,,,10,130,0,0,80,0,0,0,1000,0.7,1,1,1 
HDVD_60,Heavy Duty Trucks_Diesel_Articulated 14 - 20 t_Euro III,,Highway,,,10,130,0,0,70,0,0,0,1000,0.9,1,1,1 
HDVD_61,Heavy Duty Trucks_Diesel_Articulated 14 - 20 t_Euro IV,,Urban Peak,,,10,130,0,0,175,0,0,0,1000,0.97,1,1,1 
HDVD_61,Heavy Duty Trucks_Diesel_Articulated 14 - 20 t_Euro IV,,Urban Off Peak,,,10,130,0,0,175,0,0,0,1000,0.97,1,1,1 
HDVD_61,Heavy Duty Trucks_Diesel_Articulated 14 - 20 t_Euro IV,,Rural,,,10,130,0,0,80,0,0,0,1000,0.93,1,1,1 
HDVD_61,Heavy Duty Trucks_Diesel_Articulated 14 - 20 t_Euro IV,,Highway,,,10,130,0,0,70,0,0,0,1000,0.94,1,1,1 
HDVD_61,Heavy Duty Trucks_Diesel_Articulated 14 - 20 t_Euro IV,,Urban Peak,,,10,130,0,0,175,0,0,0,1000,0.97,1,1,1 
HDVD_61,Heavy Duty Trucks_Diesel_Articulated 14 - 20 t_Euro IV,,Urban Off Peak,,,10,130,0,0,175,0,0,0,1000,0.97,1,1,1 
HDVD_61,Heavy Duty Trucks_Diesel_Articulated 14 - 20 t_Euro IV,,Rural,,,10,130,0,0,80,0,0,0,1000,0.93,1,1,1 
HDVD_61,Heavy Duty Trucks_Diesel_Articulated 14 - 20 t_Euro IV,,Highway,,,10,130,0,0,70,0,0,0,1000,0.94,1,1,1 
HDVD_62,Heavy Duty Trucks_Diesel_Articulated 14 - 20 t_Euro V,,Urban Peak,,,10,130,0,0,175,0,0,0,1000,0.97,1,1,1 
HDVD_62,Heavy Duty Trucks_Diesel_Articulated 14 - 20 t_Euro V,,Urban Off Peak,,,10,130,0,0,175,0,0,0,1000,0.97,1,1,1 
HDVD_62,Heavy Duty Trucks_Diesel_Articulated 14 - 20 t_Euro V,,Rural,,,10,130,0,0,80,0,0,0,1000,0.93,1,1,1 
HDVD_62,Heavy Duty Trucks_Diesel_Articulated 14 - 20 t_Euro V,,Highway,,,10,130,0,0,70,0,0,0,1000,0.94,1,1,1 
HDVD_62,Heavy Duty Trucks_Diesel_Articulated 14 - 20 t_Euro V,,Urban Peak,,,10,130,0,0,175,0,0,0,1000,0.97,1,1,1 
HDVD_62,Heavy Duty Trucks_Diesel_Articulated 14 - 20 t_Euro V,,Urban Off Peak,,,10,130,0,0,175,0,0,0,1000,0.97,1,1,1 
HDVD_62,Heavy Duty Trucks_Diesel_Articulated 14 - 20 t_Euro V,,Rural,,,10,130,0,0,80,0,0,0,1000,0.93,1,1,1 
HDVD_62,Heavy Duty Trucks_Diesel_Articulated 14 - 20 t_Euro V,,Highway,,,10,130,0,0,70,0,0,0,1000,0.94,1,1,1 
HDVD_63,Heavy Duty Trucks_Diesel_Articulated 14 - 20 t_Euro VI,,Urban Peak,,,10,130,0,0,175,0,0,0,1000,0.97,1,1,1 
HDVD_63,Heavy Duty Trucks_Diesel_Articulated 14 - 20 t_Euro VI,,Urban Off Peak,,,10,130,0,0,175,0,0,0,1000,0.97,1,1,1 
HDVD_63,Heavy Duty Trucks_Diesel_Articulated 14 - 20 t_Euro VI,,Rural,,,10,130,0,0,80,0,0,0,1000,0.93,1,1,1 
HDVD_63,Heavy Duty Trucks_Diesel_Articulated 14 - 20 t_Euro VI,,Highway,,,10,130,0,0,70,0,0,0,1000,0.94,1,1,1 
HDVD_64,Heavy Duty Trucks_Diesel_Articulated 20 - 28 t_Conventional,,Urban Peak,,,10,130,0,0,175,0,0,0,1000,0,1,1,1 
HDVD_64,Heavy Duty Trucks_Diesel_Articulated 20 - 28 t_Conventional,,Urban Off Peak,,,10,130,0,0,175,0,0,0,1000,0,1,1,1 
HDVD_64,Heavy Duty Trucks_Diesel_Articulated 20 - 28 t_Conventional,,Rural,,,10,130,0,0,80,0,0,0,1000,0,1,1,1 
HDVD_64,Heavy Duty Trucks_Diesel_Articulated 20 - 28 t_Conventional,,Highway,,,10,130,0,0,70,0,0,0,1000,0,1,1,1 
HDVD_65,Heavy Duty Trucks_Diesel_Articulated 20 - 28 t_Euro I,,Urban Peak,,,10,130,0,0,175,0,0,0,1000,0,1,1,1 
HDVD_65,Heavy Duty Trucks_Diesel_Articulated 20 - 28 t_Euro I,,Urban Off Peak,,,10,130,0,0,175,0,0,0,1000,0,1,1,1 
HDVD_65,Heavy Duty Trucks_Diesel_Articulated 20 - 28 t_Euro I,,Rural,,,10,130,0,0,80,0,0,0,1000,0,1,1,1 
HDVD_65,Heavy Duty Trucks_Diesel_Articulated 20 - 28 t_Euro I,,Highway,,,10,130,0,0,70,0,0,0,1000,0,1,1,1 
HDVD_66,Heavy Duty Trucks_Diesel_Articulated 20 - 28 t_Euro II,,Urban Peak,,,10,130,0,0,175,0,0,0,1000,0.36,1,1,1 
HDVD_66,Heavy Duty Trucks_Diesel_Articulated 20 - 28 t_Euro II,,Urban Off Peak,,,10,130,0,0,175,0,0,0,1000,0.36,1,1,1 
HDVD_66,Heavy Duty Trucks_Diesel_Articulated 20 - 28 t_Euro II,,Rural,,,10,130,0,0,80,0,0,0,1000,0.13,1,1,1 
HDVD_66,Heavy Duty Trucks_Diesel_Articulated 20 - 28 t_Euro II,,Highway,,,10,130,0,0,70,0,0,0,1000,0.7,1,1,1 
HDVD_67,Heavy Duty Trucks_Diesel_Articulated 20 - 28 t_Euro III,,Urban Peak,,,10,130,0,0,175,0,0,0,1000,0.44,1,1,1 
HDVD_67,Heavy Duty Trucks_Diesel_Articulated 20 - 28 t_Euro III,,Urban Off Peak,,,10,130,0,0,175,0,0,0,1000,0.44,1,1,1 
HDVD_67,Heavy Duty Trucks_Diesel_Articulated 20 - 28 t_Euro III,,Rural,,,10,130,0,0,80,0,0,0,1000,0.7,1,1,1 
HDVD_67,Heavy Duty Trucks_Diesel_Articulated 20 - 28 t_Euro III,,Highway,,,10,130,0,0,70,0,0,0,1000,0.9,1,1,1 
HDVD_68,Heavy Duty Trucks_Diesel_Articulated 20 - 28 t_Euro IV,,Urban Peak,,,10,130,0,0,175,0,0,0,1000,0.97,1,1,1 
HDVD_68,Heavy Duty Trucks_Diesel_Articulated 20 - 28 t_Euro IV,,Urban Off Peak,,,10,130,0,0,175,0,0,0,1000,0.97,1,1,1 
HDVD_68,Heavy Duty Trucks_Diesel_Articulated 20 - 28 t_Euro IV,,Rural,,,10,130,0,0,80,0,0,0,1000,0.93,1,1,1 
HDVD_68,Heavy Duty Trucks_Diesel_Articulated 20 - 28 t_Euro IV,,Highway,,,10,130,0,0,70,0,0,0,1000,0.94,1,1,1 
HDVD_68,Heavy Duty Trucks_Diesel_Articulated 20 - 28 t_Euro IV,,Urban Peak,,,10,130,0,0,175,0,0,0,1000,0.97,1,1,1 
HDVD_68,Heavy Duty Trucks_Diesel_Articulated 20 - 28 t_Euro IV,,Urban Off Peak,,,10,130,0,0,175,0,0,0,1000,0.97,1,1,1 
HDVD_68,Heavy Duty Trucks_Diesel_Articulated 20 - 28 t_Euro IV,,Rural,,,10,130,0,0,80,0,0,0,1000,0.93,1,1,1 
HDVD_68,Heavy Duty Trucks_Diesel_Articulated 20 - 28 t_Euro IV,,Highway,,,10,130,0,0,70,0,0,0,1000,0.94,1,1,1 
HDVD_69,Heavy Duty Trucks_Diesel_Articulated 20 - 28 t_Euro V,,Urban Peak,,,10,130,0,0,175,0,0,0,1000,0.97,1,1,1 
HDVD_69,Heavy Duty Trucks_Diesel_Articulated 20 - 28 t_Euro V,,Urban Off Peak,,,10,130,0,0,175,0,0,0,1000,0.97,1,1,1 
HDVD_69,Heavy Duty Trucks_Diesel_Articulated 20 - 28 t_Euro V,,Rural,,,10,130,0,0,80,0,0,0,1000,0.93,1,1,1 
HDVD_69,Heavy Duty Trucks_Diesel_Articulated 20 - 28 t_Euro V,,Highway,,,10,130,0,0,70,0,0,0,1000,0.94,1,1,1 
HDVD_69,Heavy Duty Trucks_Diesel_Articulated 20 - 28 t_Euro V,,Urban Peak,,,10,130,0,0,175,0,0,0,1000,0.97,1,1,1 
HDVD_69,Heavy Duty Trucks_Diesel_Articulated 20 - 28 t_Euro V,,Urban Off Peak,,,10,130,0,0,175,0,0,0,1000,0.97,1,1,1 
HDVD_69,Heavy Duty Trucks_Diesel_Articulated 20 - 28 t_Euro V,,Rural,,,10,130,0,0,80,0,0,0,1000,0.93,1,1,1 
HDVD_69,Heavy Duty Trucks_Diesel_Articulated 20 - 28 t_Euro V,,Highway,,,10,130,0,0,70,0,0,0,1000,0.94,1,1,1 
HDVD_70,Heavy Duty Trucks_Diesel_Articulated 20 - 28 t_Euro VI,,Urban Peak,,,10,130,0,0,175,0,0,0,1000,0.97,1,1,1 
HDVD_70,Heavy Duty Trucks_Diesel_Articulated 20 - 28 t_Euro VI,,Urban Off Peak,,,10,130,0,0,175,0,0,0,1000,0.97,1,1,1 
HDVD_70,Heavy Duty Trucks_Diesel_Articulated 20 - 28 t_Euro VI,,Rural,,,10,130,0,0,80,0,0,0,1000,0.93,1,1,1 
HDVD_70,Heavy Duty Trucks_Diesel_Articulated 20 - 28 t_Euro VI,,Highway,,,10,130,0,0,70,0,0,0,1000,0.94,1,1,1 
HDVD_71,Heavy Duty Trucks_Diesel_Articulated 28 - 34 t_Conventional,,Urban Peak,,,10,130,0,0,175,0,0,0,1000,0,1,1,1 
HDVD_71,Heavy Duty Trucks_Diesel_Articulated 28 - 34 t_Conventional,,Urban Off Peak,,,10,130,0,0,175,0,0,0,1000,0,1,1,1 
HDVD_71,Heavy Duty Trucks_Diesel_Articulated 28 - 34 t_Conventional,,Rural,,,10,130,0,0,80,0,0,0,1000,0,1,1,1 
HDVD_71,Heavy Duty Trucks_Diesel_Articulated 28 - 34 t_Conventional,,Highway,,,10,130,0,0,70,0,0,0,1000,0,1,1,1 
HDVD_72,Heavy Duty Trucks_Diesel_Articulated 28 - 34 t_Euro I,,Urban Peak,,,10,130,0,0,175,0,0,0,1000,0,1,1,1 
HDVD_72,Heavy Duty Trucks_Diesel_Articulated 28 - 34 t_Euro I,,Urban Off Peak,,,10,130,0,0,175,0,0,0,1000,0,1,1,1 
HDVD_72,Heavy Duty Trucks_Diesel_Articulated 28 - 34 t_Euro I,,Rural,,,10,130,0,0,80,0,0,0,1000,0,1,1,1 
HDVD_72,Heavy Duty Trucks_Diesel_Articulated 28 - 34 t_Euro I,,Highway,,,10,130,0,0,70,0,0,0,1000,0,1,1,1 
HDVD_73,Heavy Duty Trucks_Diesel_Articulated 28 - 34 t_Euro II,,Urban Peak,,,10,130,0,0,175,0,0,0,1000,0.36,1,1,1 
HDVD_73,Heavy Duty Trucks_Diesel_Articulated 28 - 34 t_Euro II,,Urban Off Peak,,,10,130,0,0,175,0,0,0,1000,0.36,1,1,1 
HDVD_73,Heavy Duty Trucks_Diesel_Articulated 28 - 34 t_Euro II,,Rural,,,10,130,0,0,80,0,0,0,1000,0.13,1,1,1 
HDVD_73,Heavy Duty Trucks_Diesel_Articulated 28 - 34 t_Euro II,,Highway,,,10,130,0,0,70,0,0,0,1000,0.7,1,1,1 
HDVD_74,Heavy Duty Trucks_Diesel_Articulated 28 - 34 t_Euro III,,Urban Peak,,,10,130,0,0,175,0,0,0,1000,0.44,1,1,1 
HDVD_74,Heavy Duty Trucks_Diesel_Articulated 28 - 34 t_Euro III,,Urban Off Peak,,,10,130,0,0,175,0,0,0,1000,0.44,1,1,1 
HDVD_74,Heavy Duty Trucks_Diesel_Articulated 28 - 34 t_Euro III,,Rural,,,10,130,0,0,80,0,0,0,1000,0.7,1,1,1 
HDVD_74,Heavy Duty Trucks_Diesel_Articulated 28 - 34 t_Euro III,,Highway,,,10,130,0,0,70,0,0,0,1000,0.9,1,1,1 
HDVD_75,Heavy Duty Trucks_Diesel_Articulated 28 - 34 t_Euro IV,,Urban Peak,,,10,130,0,0,175,0,0,0,1000,0.97,1,1,1 
HDVD_75,Heavy Duty Trucks_Diesel_Articulated 28 - 34 t_Euro IV,,Urban Off Peak,,,10,130,0,0,175,0,0,0,1000,0.97,1,1,1 
HDVD_75,Heavy Duty Trucks_Diesel_Articulated 28 - 34 t_Euro IV,,Rural,,,10,130,0,0,80,0,0,0,1000,0.93,1,1,1 
HDVD_75,Heavy Duty Trucks_Diesel_Articulated 28 - 34 t_Euro IV,,Highway,,,10,130,0,0,70,0,0,0,1000,0.94,1,1,1 
HDVD_75,Heavy Duty Trucks_Diesel_Articulated 28 - 34 t_Euro IV,,Urban Peak,,,10,130,0,0,175,0,0,0,1000,0.97,1,1,1 
HDVD_75,Heavy Duty Trucks_Diesel_Articulated 28 - 34 t_Euro IV,,Urban Off Peak,,,10,130,0,0,175,0,0,0,1000,0.97,1,1,1 
HDVD_75,Heavy Duty Trucks_Diesel_Articulated 28 - 34 t_Euro IV,,Rural,,,10,130,0,0,80,0,0,0,1000,0.93,1,1,1 
HDVD_75,Heavy Duty Trucks_Diesel_Articulated 28 - 34 t_Euro IV,,Highway,,,10,130,0,0,70,0,0,0,1000,0.94,1,1,1 
HDVD_76,Heavy Duty Trucks_Diesel_Articulated 28 - 34 t_Euro V,,Urban Peak,,,10,130,0,0,175,0,0,0,1000,0.97,1,1,1 
HDVD_76,Heavy Duty Trucks_Diesel_Articulated 28 - 34 t_Euro V,,Urban Off Peak,,,10,130,0,0,175,0,0,0,1000,0.97,1,1,1 
HDVD_76,Heavy Duty Trucks_Diesel_Articulated 28 - 34 t_Euro V,,Rural,,,10,130,0,0,80,0,0,0,1000,0.93,1,1,1 
HDVD_76,Heavy Duty Trucks_Diesel_Articulated 28 - 34 t_Euro V,,Highway,,,10,130,0,0,70,0,0,0,1000,0.94,1,1,1 
HDVD_76,Heavy Duty Trucks_Diesel_Articulated 28 - 34 t_Euro V,,Urban Peak,,,10,130,0,0,175,0,0,0,1000,0.97,1,1,1 
HDVD_76,Heavy Duty Trucks_Diesel_Articulated 28 - 34 t_Euro V,,Urban Off Peak,,,10,130,0,0,175,0,0,0,1000,0.97,1,1,1 
HDVD_76,Heavy Duty Trucks_Diesel_Articulated 28 - 34 t_Euro V,,Rural,,,10,130,0,0,80,0,0,0,1000,0.93,1,1,1 
HDVD_76,Heavy Duty Trucks_Diesel_Articulated 28 - 34 t_Euro V,,Highway,,,10,130,0,0,70,0,0,0,1000,0.94,1,1,1 
HDVD_77,Heavy Duty Trucks_Diesel_Articulated 28 - 34 t_Euro VI,,Urban Peak,,,10,130,0,0,175,0,0,0,1000,0.97,1,1,1 
HDVD_77,Heavy Duty Trucks_Diesel_Articulated 28 - 34 t_Euro VI,,Urban Off Peak,,,10,130,0,0,175,0,0,0,1000,0.97,1,1,1 
HDVD_77,Heavy Duty Trucks_Diesel_Articulated 28 - 34 t_Euro VI,,Rural,,,10,130,0,0,80,0,0,0,1000,0.93,1,1,1 
HDVD_77,Heavy Duty Trucks_Diesel_Articulated 28 - 34 t_Euro VI,,Highway,,,10,130,0,0,70,0,0,0,1000,0.94,1,1,1 
HDVD_78,Heavy Duty Trucks_Diesel_Articulated 34 - 40 t_Conventional,,Urban Peak,,,10,130,0,0,175,0,0,0,1000,0,1,1,1 
HDVD_78,Heavy Duty Trucks_Diesel_Articulated 34 - 40 t_Conventional,,Urban Off Peak,,,10,130,0,0,175,0,0,0,1000,0,1,1,1 
HDVD_78,Heavy Duty Trucks_Diesel_Articulated 34 - 40 t_Conventional,,Rural,,,10,130,0,0,80,0,0,0,1000,0,1,1,1 
HDVD_78,Heavy Duty Trucks_Diesel_Articulated 34 - 40 t_Conventional,,Highway,,,10,130,0,0,70,0,0,0,1000,0,1,1,1 
HDVD_79,Heavy Duty Trucks_Diesel_Articulated 34 - 40 t_Euro I,,Urban Peak,,,10,130,0,0,175,0,0,0,1000,0,1,1,1 
HDVD_79,Heavy Duty Trucks_Diesel_Articulated 34 - 40 t_Euro I,,Urban Off Peak,,,10,130,0,0,175,0,0,0,1000,0,1,1,1 
HDVD_79,Heavy Duty Trucks_Diesel_Articulated 34 - 40 t_Euro I,,Rural,,,10,130,0,0,80,0,0,0,1000,0,1,1,1 
HDVD_79,Heavy Duty Trucks_Diesel_Articulated 34 - 40 t_Euro I,,Highway,,,10,130,0,0,70,0,0,0,1000,0,1,1,1 
HDVD_80,Heavy Duty Trucks_Diesel_Articulated 34 - 40 t_Euro II,,Urban Peak,,,10,130,0,0,175,0,0,0,1000,0.36,1,1,1 
HDVD_80,Heavy Duty Trucks_Diesel_Articulated 34 - 40 t_Euro II,,Urban Off Peak,,,10,130,0,0,175,0,0,0,1000,0.36,1,1,1 
HDVD_80,Heavy Duty Trucks_Diesel_Articulated 34 - 40 t_Euro II,,Rural,,,10,130,0,0,80,0,0,0,1000,0.13,1,1,1 
HDVD_80,Heavy Duty Trucks_Diesel_Articulated 34 - 40 t_Euro II,,Highway,,,10,130,0,0,70,0,0,0,1000,0.7,1,1,1 
HDVD_81,Heavy Duty Trucks_Diesel_Articulated 34 - 40 t_Euro III,,Urban Peak,,,10,130,0,0,175,0,0,0,1000,0.44,1,1,1 
HDVD_81,Heavy Duty Trucks_Diesel_Articulated 34 - 40 t_Euro III,,Urban Off Peak,,,10,130,0,0,175,0,0,0,1000,0.44,1,1,1 
HDVD_81,Heavy Duty Trucks_Diesel_Articulated 34 - 40 t_Euro III,,Rural,,,10,130,0,0,80,0,0,0,1000,0.7,1,1,1 
HDVD_81,Heavy Duty Trucks_Diesel_Articulated 34 - 40 t_Euro III,,Highway,,,10,130,0,0,70,0,0,0,1000,0.9,1,1,1 
HDVD_82,Heavy Duty Trucks_Diesel_Articulated 34 - 40 t_Euro IV,,Urban Peak,,,10,130,0,0,175,0,0,0,1000,0.97,1,1,1 
HDVD_82,Heavy Duty Trucks_Diesel_Articulated 34 - 40 t_Euro IV,,Urban Off Peak,,,10,130,0,0,175,0,0,0,1000,0.97,1,1,1 
HDVD_82,Heavy Duty Trucks_Diesel_Articulated 34 - 40 t_Euro IV,,Rural,,,10,130,0,0,80,0,0,0,1000,0.93,1,1,1 
HDVD_82,Heavy Duty Trucks_Diesel_Articulated 34 - 40 t_Euro IV,,Highway,,,10,130,0,0,70,0,0,0,1000,0.94,1,1,1 
HDVD_82,Heavy Duty Trucks_Diesel_Articulated 34 - 40 t_Euro IV,,Urban Peak,,,10,130,0,0,175,0,0,0,1000,0.97,1,1,1 
HDVD_82,Heavy Duty Trucks_Diesel_Articulated 34 - 40 t_Euro IV,,Urban Off Peak,,,10,130,0,0,175,0,0,0,1000,0.97,1,1,1 
HDVD_82,Heavy Duty Trucks_Diesel_Articulated 34 - 40 t_Euro IV,,Rural,,,10,130,0,0,80,0,0,0,1000,0.93,1,1,1 
HDVD_82,Heavy Duty Trucks_Diesel_Articulated 34 - 40 t_Euro IV,,Highway,,,10,130,0,0,70,0,0,0,1000,0.94,1,1,1 
HDVD_83,Heavy Duty Trucks_Diesel_Articulated 34 - 40 t_Euro V,,Urban Peak,,,10,130,0,0,175,0,0,0,1000,0.97,1,1,1 
HDVD_83,Heavy Duty Trucks_Diesel_Articulated 34 - 40 t_Euro V,,Urban Off Peak,,,10,130,0,0,175,0,0,0,1000,0.97,1,1,1 
HDVD_83,Heavy Duty Trucks_Diesel_Articulated 34 - 40 t_Euro V,,Rural,,,10,130,0,0,80,0,0,0,1000,0.93,1,1,1 
HDVD_83,Heavy Duty Trucks_Diesel_Articulated 34 - 40 t_Euro V,,Highway,,,10,130,0,0,70,0,0,0,1000,0.94,1,1,1 
HDVD_83,Heavy Duty Trucks_Diesel_Articulated 34 - 40 t_Euro V,,Urban Peak,,,10,130,0,0,175,0,0,0,1000,0.97,1,1,1 
HDVD_83,Heavy Duty Trucks_Diesel_Articulated 34 - 40 t_Euro V,,Urban Off Peak,,,10,130,0,0,175,0,0,0,1000,0.97,1,1,1 
HDVD_83,Heavy Duty Trucks_Diesel_Articulated 34 - 40 t_Euro V,,Rural,,,10,130,0,0,80,0,0,0,1000,0.93,1,1,1 
HDVD_83,Heavy Duty Trucks_Diesel_Articulated 34 - 40 t_Euro V,,Highway,,,10,130,0,0,70,0,0,0,1000,0.94,1,1,1 
HDVD_84,Heavy Duty Trucks_Diesel_Articulated 34 - 40 t_Euro VI,,Urban Peak,,,10,130,0,0,175,0,0,0,1000,0.97,1,1,1 
HDVD_84,Heavy Duty Trucks_Diesel_Articulated 34 - 40 t_Euro VI,,Urban Off Peak,,,10,130,0,0,175,0,0,0,1000,0.97,1,1,1 
HDVD_84,Heavy Duty Trucks_Diesel_Articulated 34 - 40 t_Euro VI,,Rural,,,10,130,0,0,80,0,0,0,1000,0.93,1,1,1 
HDVD_84,Heavy Duty Trucks_Diesel_Articulated 34 - 40 t_Euro VI,,Highway,,,10,130,0,0,70,0,0,0,1000,0.94,1,1,1 
HDVD_85,Heavy Duty Trucks_Diesel_Articulated 40 - 50 t_Conventional,,Urban Peak,,,10,130,0,0,175,0,0,0,1000,0,1,1,1 
HDVD_85,Heavy Duty Trucks_Diesel_Articulated 40 - 50 t_Conventional,,Urban Off Peak,,,10,130,0,0,175,0,0,0,1000,0,1,1,1 
HDVD_85,Heavy Duty Trucks_Diesel_Articulated 40 - 50 t_Conventional,,Rural,,,10,130,0,0,80,0,0,0,1000,0,1,1,1 
HDVD_85,Heavy Duty Trucks_Diesel_Articulated 40 - 50 t_Conventional,,Highway,,,10,130,0,0,70,0,0,0,1000,0,1,1,1 
HDVD_86,Heavy Duty Trucks_Diesel_Articulated 40 - 50 t_Euro I,,Urban Peak,,,10,130,0,0,175,0,0,0,1000,0,1,1,1 
HDVD_86,Heavy Duty Trucks_Diesel_Articulated 40 - 50 t_Euro I,,Urban Off Peak,,,10,130,0,0,175,0,0,0,1000,0,1,1,1 
HDVD_86,Heavy Duty Trucks_Diesel_Articulated 40 - 50 t_Euro I,,Rural,,,10,130,0,0,80,0,0,0,1000,0,1,1,1 
HDVD_86,Heavy Duty Trucks_Diesel_Articulated 40 - 50 t_Euro I,,Highway,,,10,130,0,0,70,0,0,0,1000,0,1,1,1 
HDVD_87,Heavy Duty Trucks_Diesel_Articulated 40 - 50 t_Euro II,,Urban Peak,,,10,130,0,0,175,0,0,0,1000,0.36,1,1,1 
HDVD_87,Heavy Duty Trucks_Diesel_Articulated 40 - 50 t_Euro II,,Urban Off Peak,,,10,130,0,0,175,0,0,0,1000,0.36,1,1,1 
HDVD_87,Heavy Duty Trucks_Diesel_Articulated 40 - 50 t_Euro II,,Rural,,,10,130,0,0,80,0,0,0,1000,0.13,1,1,1 
HDVD_87,Heavy Duty Trucks_Diesel_Articulated 40 - 50 t_Euro II,,Highway,,,10,130,0,0,70,0,0,0,1000,0.7,1,1,1 
HDVD_88,Heavy Duty Trucks_Diesel_Articulated 40 - 50 t_Euro III,,Urban Peak,,,10,130,0,0,175,0,0,0,1000,0.44,1,1,1 
HDVD_88,Heavy Duty Trucks_Diesel_Articulated 40 - 50 t_Euro III,,Urban Off Peak,,,10,130,0,0,175,0,0,0,1000,0.44,1,1,1 
HDVD_88,Heavy Duty Trucks_Diesel_Articulated 40 - 50 t_Euro III,,Rural,,,10,130,0,0,80,0,0,0,1000,0.7,1,1,1 
HDVD_88,Heavy Duty Trucks_Diesel_Articulated 40 - 50 t_Euro III,,Highway,,,10,130,0,0,70,0,0,0,1000,0.9,1,1,1 
HDVD_89,Heavy Duty Trucks_Diesel_Articulated 40 - 50 t_Euro IV,,Urban Peak,,,10,130,0,0,175,0,0,0,1000,0.97,1,1,1 
HDVD_89,Heavy Duty Trucks_Diesel_Articulated 40 - 50 t_Euro IV,,Urban Off Peak,,,10,130,0,0,175,0,0,0,1000,0.97,1,1,1 
HDVD_89,Heavy Duty Trucks_Diesel_Articulated 40 - 50 t_Euro IV,,Rural,,,10,130,0,0,80,0,0,0,1000,0.93,1,1,1 
HDVD_89,Heavy Duty Trucks_Diesel_Articulated 40 - 50 t_Euro IV,,Highway,,,10,130,0,0,70,0,0,0,1000,0.94,1,1,1 
HDVD_89,Heavy Duty Trucks_Diesel_Articulated 40 - 50 t_Euro IV,,Urban Peak,,,10,130,0,0,175,0,0,0,1000,0.97,1,1,1 
HDVD_89,Heavy Duty Trucks_Diesel_Articulated 40 - 50 t_Euro IV,,Urban Off Peak,,,10,130,0,0,175,0,0,0,1000,0.97,1,1,1 
HDVD_89,Heavy Duty Trucks_Diesel_Articulated 40 - 50 t_Euro IV,,Rural,,,10,130,0,0,80,0,0,0,1000,0.93,1,1,1 
HDVD_89,Heavy Duty Trucks_Diesel_Articulated 40 - 50 t_Euro IV,,Highway,,,10,130,0,0,70,0,0,0,1000,0.94,1,1,1 
HDVD_90,Heavy Duty Trucks_Diesel_Articulated 40 - 50 t_Euro V,,Urban Peak,,,10,130,0,0,175,0,0,0,1000,0.97,1,1,1 
HDVD_90,Heavy Duty Trucks_Diesel_Articulated 40 - 50 t_Euro V,,Urban Off Peak,,,10,130,0,0,175,0,0,0,1000,0.97,1,1,1 
HDVD_90,Heavy Duty Trucks_Diesel_Articulated 40 - 50 t_Euro V,,Rural,,,10,130,0,0,80,0,0,0,1000,0.93,1,1,1 
HDVD_90,Heavy Duty Trucks_Diesel_Articulated 40 - 50 t_Euro V,,Highway,,,10,130,0,0,70,0,0,0,1000,0.94,1,1,1 
HDVD_90,Heavy Duty Trucks_Diesel_Articulated 40 - 50 t_Euro V,,Urban Peak,,,10,130,0,0,175,0,0,0,1000,0.97,1,1,1 
HDVD_90,Heavy Duty Trucks_Diesel_Articulated 40 - 50 t_Euro V,,Urban Off Peak,,,10,130,0,0,175,0,0,0,1000,0.97,1,1,1 
HDVD_90,Heavy Duty Trucks_Diesel_Articulated 40 - 50 t_Euro V,,Rural,,,10,130,0,0,80,0,0,0,1000,0.93,1,1,1 
HDVD_90,Heavy Duty Trucks_Diesel_Articulated 40 - 50 t_Euro V,,Highway,,,10,130,0,0,70,0,0,0,1000,0.94,1,1,1 
HDVD_91,Heavy Duty Trucks_Diesel_Articulated 40 - 50 t_Euro VI,,Urban Peak,,,10,130,0,0,175,0,0,0,1000,0.97,1,1,1 
HDVD_91,Heavy Duty Trucks_Diesel_Articulated 40 - 50 t_Euro VI,,Urban Off Peak,,,10,130,0,0,175,0,0,0,1000,0.97,1,1,1 
HDVD_91,Heavy Duty Trucks_Diesel_Articulated 40 - 50 t_Euro VI,,Rural,,,10,130,0,0,80,0,0,0,1000,0.93,1,1,1 
HDVD_91,Heavy Duty Trucks_Diesel_Articulated 40 - 50 t_Euro VI,,Highway,,,10,130,0,0,70,0,0,0,1000,0.94,1,1,1 
HDVD_92,Heavy Duty Trucks_Diesel_Articulated 50 - 60 t_Conventional,,Urban Peak,,,10,130,0,0,175,0,0,0,1000,0,1,1,1 
HDVD_92,Heavy Duty Trucks_Diesel_Articulated 50 - 60 t_Conventional,,Urban Off Peak,,,10,130,0,0,175,0,0,0,1000,0,1,1,1 
HDVD_92,Heavy Duty Trucks_Diesel_Articulated 50 - 60 t_Conventional,,Rural,,,10,130,0,0,80,0,0,0,1000,0,1,1,1 
HDVD_92,Heavy Duty Trucks_Diesel_Articulated 50 - 60 t_Conventional,,Highway,,,10,130,0,0,70,0,0,0,1000,0,1,1,1 
HDVD_93,Heavy Duty Trucks_Diesel_Articulated 50 - 60 t_Euro I,,Urban Peak,,,10,130,0,0,175,0,0,0,1000,0,1,1,1 
HDVD_93,Heavy Duty Trucks_Diesel_Articulated 50 - 60 t_Euro I,,Urban Off Peak,,,10,130,0,0,175,0,0,0,1000,0,1,1,1 
HDVD_93,Heavy Duty Trucks_Diesel_Articulated 50 - 60 t_Euro I,,Rural,,,10,130,0,0,80,0,0,0,1000,0,1,1,1 
HDVD_93,Heavy Duty Trucks_Diesel_Articulated 50 - 60 t_Euro I,,Highway,,,10,130,0,0,70,0,0,0,1000,0,1,1,1 
HDVD_94,Heavy Duty Trucks_Diesel_Articulated 50 - 60 t_Euro II,,Urban Peak,,,10,130,0,0,175,0,0,0,1000,0.36,1,1,1 
HDVD_94,Heavy Duty Trucks_Diesel_Articulated 50 - 60 t_Euro II,,Urban Off Peak,,,10,130,0,0,175,0,0,0,1000,0.36,1,1,1 
HDVD_94,Heavy Duty Trucks_Diesel_Articulated 50 - 60 t_Euro II,,Rural,,,10,130,0,0,80,0,0,0,1000,0.13,1,1,1 
HDVD_94,Heavy Duty Trucks_Diesel_Articulated 50 - 60 t_Euro II,,Highway,,,10,130,0,0,70,0,0,0,1000,0.7,1,1,1 
HDVD_95,Heavy Duty Trucks_Diesel_Articulated 50 - 60 t_Euro III,,Urban Peak,,,10,130,0,0,175,0,0,0,1000,0.44,1,1,1 
HDVD_95,Heavy Duty Trucks_Diesel_Articulated 50 - 60 t_Euro III,,Urban Off Peak,,,10,130,0,0,175,0,0,0,1000,0.44,1,1,1 
HDVD_95,Heavy Duty Trucks_Diesel_Articulated 50 - 60 t_Euro III,,Rural,,,10,130,0,0,80,0,0,0,1000,0.7,1,1,1 
HDVD_95,Heavy Duty Trucks_Diesel_Articulated 50 - 60 t_Euro III,,Highway,,,10,130,0,0,70,0,0,0,1000,0.9,1,1,1 
HDVD_96,Heavy Duty Trucks_Diesel_Articulated 50 - 60 t_Euro IV,,Urban Peak,,,10,130,0,0,175,0,0,0,1000,0.97,1,1,1 
HDVD_96,Heavy Duty Trucks_Diesel_Articulated 50 - 60 t_Euro IV,,Urban Off Peak,,,10,130,0,0,175,0,0,0,1000,0.97,1,1,1 
HDVD_96,Heavy Duty Trucks_Diesel_Articulated 50 - 60 t_Euro IV,,Rural,,,10,130,0,0,80,0,0,0,1000,0.93,1,1,1 
HDVD_96,Heavy Duty Trucks_Diesel_Articulated 50 - 60 t_Euro IV,,Highway,,,10,130,0,0,70,0,0,0,1000,0.94,1,1,1 
HDVD_96,Heavy Duty Trucks_Diesel_Articulated 50 - 60 t_Euro IV,,Urban Peak,,,10,130,0,0,175,0,0,0,1000,0.97,1,1,1 
HDVD_96,Heavy Duty Trucks_Diesel_Articulated 50 - 60 t_Euro IV,,Urban Off Peak,,,10,130,0,0,175,0,0,0,1000,0.97,1,1,1 
HDVD_96,Heavy Duty Trucks_Diesel_Articulated 50 - 60 t_Euro IV,,Rural,,,10,130,0,0,80,0,0,0,1000,0.93,1,1,1 
HDVD_96,Heavy Duty Trucks_Diesel_Articulated 50 - 60 t_Euro IV,,Highway,,,10,130,0,0,70,0,0,0,1000,0.94,1,1,1 
HDVD_97,Heavy Duty Trucks_Diesel_Articulated 50 - 60 t_Euro V,,Urban Peak,,,10,130,0,0,175,0,0,0,1000,0.97,1,1,1 
HDVD_97,Heavy Duty Trucks_Diesel_Articulated 50 - 60 t_Euro V,,Urban Off Peak,,,10,130,0,0,175,0,0,0,1000,0.97,1,1,1 
HDVD_97,Heavy Duty Trucks_Diesel_Articulated 50 - 60 t_Euro V,,Rural,,,10,130,0,0,80,0,0,0,1000,0.93,1,1,1 
HDVD_97,Heavy Duty Trucks_Diesel_Articulated 50 - 60 t_Euro V,,Highway,,,10,130,0,0,70,0,0,0,1000,0.94,1,1,1 
HDVD_97,Heavy Duty Trucks_Diesel_Articulated 50 - 60 t_Euro V,,Urban Peak,,,10,130,0,0,175,0,0,0,1000,0.97,1,1,1 
HDVD_97,Heavy Duty Trucks_Diesel_Articulated 50 - 60 t_Euro V,,Urban Off Peak,,,10,130,0,0,175,0,0,0,1000,0.97,1,1,1 
HDVD_97,Heavy Duty Trucks_Diesel_Articulated 50 - 60 t_Euro V,,Rural,,,10,130,0,0,80,0,0,0,1000,0.93,1,1,1 
HDVD_97,Heavy Duty Trucks_Diesel_Articulated 50 - 60 t_Euro V,,Highway,,,10,130,0,0,70,0,0,0,1000,0.94,1,1,1 
HDVD_98,Heavy Duty Trucks_Diesel_Articulated 50 - 60 t_Euro VI,,Urban Peak,,,10,130,0,0,175,0,0,0,1000,0.97,1,1,1 
HDVD_98,Heavy Duty Trucks_Diesel_Articulated 50 - 60 t_Euro VI,,Urban Off Peak,,,10,130,0,0,175,0,0,0,1000,0.97,1,1,1 
HDVD_98,Heavy Duty Trucks_Diesel_Articulated 50 - 60 t_Euro VI,,Rural,,,10,130,0,0,80,0,0,0,1000,0.93,1,1,1 
HDVD_98,Heavy Duty Trucks_Diesel_Articulated 50 - 60 t_Euro VI,,Highway,,,10,130,0,0,70,0,0,0,1000,0.94,1,1,1 
BD_1,Buses_Diesel_Urban Buses Midi <=15 t_Conventional,,Urban Peak,,,10,130,0,0,175,0,0,0,1000,0,1,1,1 
BD_1,Buses_Diesel_Urban Buses Midi <=15 t_Conventional,,Urban Off Peak,,,10,130,0,0,175,0,0,0,1000,0,1,1,1 
BD_1,Buses_Diesel_Urban Buses Midi <=15 t_Conventional,,Rural,,,10,130,0,0,0,0,0,0,0,0,1,1,1 
BD_1,Buses_Diesel_Urban Buses Midi <=15 t_Conventional,,Highway,,,10,130,0,0,0,0,0,0,0,0,1,1,1 
BD_2,Buses_Diesel_Urban Buses Midi <=15 t_Euro I,,Urban Peak,,,10,130,0,0,175,0,0,0,1000,0,1,1,1 
BD_2,Buses_Diesel_Urban Buses Midi <=15 t_Euro I,,Urban Off Peak,,,10,130,0,0,175,0,0,0,1000,0,1,1,1 
BD_2,Buses_Diesel_Urban Buses Midi <=15 t_Euro I,,Rural,,,10,130,0,0,0,0,0,0,0,0,1,1,1 
BD_2,Buses_Diesel_Urban Buses Midi <=15 t_Euro I,,Highway,,,10,130,0,0,0,0,0,0,0,0,1,1,1 
BD_3,Buses_Diesel_Urban Buses Midi <=15 t_Euro II,,Urban Peak,,,10,130,0,0,175,0,0,0,1000,0.35,1,1,1 
BD_3,Buses_Diesel_Urban Buses Midi <=15 t_Euro II,,Urban Off Peak,,,10,130,0,0,175,0,0,0,1000,0.35,1,1,1 
BD_3,Buses_Diesel_Urban Buses Midi <=15 t_Euro II,,Rural,,,10,130,0,0,0,0,0,0,0,0,1,1,1 
BD_3,Buses_Diesel_Urban Buses Midi <=15 t_Euro II,,Highway,,,10,130,0,0,0,0,0,0,0,0,1,1,1 
BD_4,Buses_Diesel_Urban Buses Midi <=15 t_Euro III,,Urban Peak,,,10,130,0,0,175,0,0,0,1000,0.41,1,1,1 
BD_4,Buses_Diesel_Urban Buses Midi <=15 t_Euro III,,Urban Off Peak,,,10,130,0,0,175,0,0,0,1000,0.41,1,1,1 
BD_4,Buses_Diesel_Urban Buses Midi <=15 t_Euro III,,Rural,,,10,130,0,0,0,0,0,0,0,0,1,1,1 
BD_4,Buses_Diesel_Urban Buses Midi <=15 t_Euro III,,Highway,,,10,130,0,0,0,0,0,0,0,0,1,1,1 
BD_5,Buses_Diesel_Urban Buses Midi <=15 t_Euro IV,,Urban Peak,,,10,130,0,0,175,0,0,0,1000,0.97,1,1,1 
BD_5,Buses_Diesel_Urban Buses Midi <=15 t_Euro IV,,Urban Off Peak,,,10,130,0,0,175,0,0,0,1000,0.97,1,1,1 
BD_5,Buses_Diesel_Urban Buses Midi <=15 t_Euro IV,,Rural,,,10,130,0,0,0,0,0,0,0,0,1,1,1 
BD_5,Buses_Diesel_Urban Buses Midi <=15 t_Euro IV,,Highway,,,10,130,0,0,0,0,0,0,0,0,1,1,1 
BD_6,Buses_Diesel_Urban Buses Midi <=15 t_Euro V,,Urban Peak,,,10,130,0,0,175,0,0,0,1000,0.97,1,1,1 
BD_6,Buses_Diesel_Urban Buses Midi <=15 t_Euro V,,Urban Off Peak,,,10,130,0,0,175,0,0,0,1000,0.97,1,1,1 
BD_6,Buses_Diesel_Urban Buses Midi <=15 t_Euro V,,Rural,,,10,130,0,0,0,0,0,0,0,0,1,1,1 
BD_6,Buses_Diesel_Urban Buses Midi <=15 t_Euro V,,Highway,,,10,130,0,0,0,0,0,0,0,0,1,1,1 
BD_6,Buses_Diesel_Urban Buses Midi <=15 t_Euro V,,Urban Peak,,,10,130,0,0,175,0,0,0,1000,0.97,1,1,1 
BD_6,Buses_Diesel_Urban Buses Midi <=15 t_Euro V,,Urban Off Peak,,,10,130,0,0,175,0,0,0,1000,0.97,1,1,1 
BD_6,Buses_Diesel_Urban Buses Midi <=15 t_Euro V,,Rural,,,10,130,0,0,0,0,0,0,0,0,1,1,1 
BD_6,Buses_Diesel_Urban Buses Midi <=15 t_Euro V,,Highway,,,10,130,0,0,0,0,0,0,0,0,1,1,1 
BD_7,Buses_Diesel_Urban Buses Midi <=15 t_Euro VI,,Urban Peak,,,10,130,0,0,175,0,0,0,1000,0.97,1,1,1 
BD_7,Buses_Diesel_Urban Buses Midi <=15 t_Euro VI,,Urban Off Peak,,,10,130,0,0,175,0,0,0,1000,0.97,1,1,1 
BD_7,Buses_Diesel_Urban Buses Midi <=15 t_Euro VI,,Rural,,,10,130,0,0,0,0,0,0,0,0,1,1,1 
BD_7,Buses_Diesel_Urban Buses Midi <=15 t_Euro VI,,Highway,,,10,130,0,0,0,0,0,0,0,0,1,1,1 
BD_8,Buses_Diesel_Urban Buses Standard 15 - 18 t_Conventional,,Urban Peak,,,10,130,0,0,175,0,0,0,1000,0,1,1,1 
BD_8,Buses_Diesel_Urban Buses Standard 15 - 18 t_Conventional,,Urban Off Peak,,,10,130,0,0,175,0,0,0,1000,0,1,1,1 
BD_8,Buses_Diesel_Urban Buses Standard 15 - 18 t_Conventional,,Rural,,,10,130,0,0,0,0,0,0,0,0,1,1,1 
BD_8,Buses_Diesel_Urban Buses Standard 15 - 18 t_Conventional,,Highway,,,10,130,0,0,0,0,0,0,0,0,1,1,1 
BD_9,Buses_Diesel_Urban Buses Standard 15 - 18 t_Euro I,,Urban Peak,,,10,130,0,0,175,0,0,0,1000,0,1,1,1 
BD_9,Buses_Diesel_Urban Buses Standard 15 - 18 t_Euro I,,Urban Off Peak,,,10,130,0,0,175,0,0,0,1000,0,1,1,1 
BD_9,Buses_Diesel_Urban Buses Standard 15 - 18 t_Euro I,,Rural,,,10,130,0,0,0,0,0,0,0,0,1,1,1 
BD_9,Buses_Diesel_Urban Buses Standard 15 - 18 t_Euro I,,Highway,,,10,130,0,0,0,0,0,0,0,0,1,1,1 
BD_10,Buses_Diesel_Urban Buses Standard 15 - 18 t_Euro II,,Urban Peak,,,10,130,0,0,175,0,0,0,1000,0.35,1,1,1 
BD_10,Buses_Diesel_Urban Buses Standard 15 - 18 t_Euro II,,Urban Off Peak,,,10,130,0,0,175,0,0,0,1000,0.35,1,1,1 
BD_10,Buses_Diesel_Urban Buses Standard 15 - 18 t_Euro II,,Rural,,,10,130,0,0,0,0,0,0,0,0,1,1,1 
BD_10,Buses_Diesel_Urban Buses Standard 15 - 18 t_Euro II,,Highway,,,10,130,0,0,0,0,0,0,0,0,1,1,1 
BD_11,Buses_Diesel_Urban Buses Standard 15 - 18 t_Euro III,,Urban Peak,,,10,130,0,0,175,0,0,0,1000,0.41,1,1,1 
BD_11,Buses_Diesel_Urban Buses Standard 15 - 18 t_Euro III,,Urban Off Peak,,,10,130,0,0,175,0,0,0,1000,0.41,1,1,1 
BD_11,Buses_Diesel_Urban Buses Standard 15 - 18 t_Euro III,,Rural,,,10,130,0,0,0,0,0,0,0,0,1,1,1 
BD_11,Buses_Diesel_Urban Buses Standard 15 - 18 t_Euro III,,Highway,,,10,130,0,0,0,0,0,0,0,0,1,1,1 
BD_12,Buses_Diesel_Urban Buses Standard 15 - 18 t_Euro IV,,Urban Peak,,,10,130,0,0,175,0,0,0,1000,0.97,1,1,1 
BD_12,Buses_Diesel_Urban Buses Standard 15 - 18 t_Euro IV,,Urban Off Peak,,,10,130,0,0,175,0,0,0,1000,0.97,1,1,1 
BD_12,Buses_Diesel_Urban Buses Standard 15 - 18 t_Euro IV,,Rural,,,10,130,0,0,0,0,0,0,0,0,1,1,1 
BD_12,Buses_Diesel_Urban Buses Standard 15 - 18 t_Euro IV,,Highway,,,10,130,0,0,0,0,0,0,0,0,1,1,1 
BD_13,Buses_Diesel_Urban Buses Standard 15 - 18 t_Euro V,,Urban Peak,,,10,130,0,0,175,0,0,0,1000,0.97,1,1,1 
BD_13,Buses_Diesel_Urban Buses Standard 15 - 18 t_Euro V,,Urban Off Peak,,,10,130,0,0,175,0,0,0,1000,0.97,1,1,1 
BD_13,Buses_Diesel_Urban Buses Standard 15 - 18 t_Euro V,,Rural,,,10,130,0,0,0,0,0,0,0,0,1,1,1 
BD_13,Buses_Diesel_Urban Buses Standard 15 - 18 t_Euro V,,Highway,,,10,130,0,0,0,0,0,0,0,0,1,1,1 
BD_13,Buses_Diesel_Urban Buses Standard 15 - 18 t_Euro V,,Urban Peak,,,10,130,0,0,175,0,0,0,1000,0.97,1,1,1 
BD_13,Buses_Diesel_Urban Buses Standard 15 - 18 t_Euro V,,Urban Off Peak,,,10,130,0,0,175,0,0,0,1000,0.97,1,1,1 
BD_13,Buses_Diesel_Urban Buses Standard 15 - 18 t_Euro V,,Rural,,,10,130,0,0,0,0,0,0,0,0,1,1,1 
BD_13,Buses_Diesel_Urban Buses Standard 15 - 18 t_Euro V,,Highway,,,10,130,0,0,0,0,0,0,0,0,1,1,1 
BD_14,Buses_Diesel_Urban Buses Standard 15 - 18 t_Euro VI,,Urban Peak,,,10,130,0,0,175,0,0,0,1000,0.97,1,1,1 
BD_14,Buses_Diesel_Urban Buses Standard 15 - 18 t_Euro VI,,Urban Off Peak,,,10,130,0,0,175,0,0,0,1000,0.97,1,1,1 
BD_14,Buses_Diesel_Urban Buses Standard 15 - 18 t_Euro VI,,Rural,,,10,130,0,0,0,0,0,0,0,0,1,1,1 
BD_14,Buses_Diesel_Urban Buses Standard 15 - 18 t_Euro VI,,Highway,,,10,130,0,0,0,0,0,0,0,0,1,1,1 
BD_15,Buses_Diesel_Urban Buses Articulated >18 t_Conventional,,Urban Peak,,,10,130,0,0,175,0,0,0,1000,0,1,1,1 
BD_15,Buses_Diesel_Urban Buses Articulated >18 t_Conventional,,Urban Off Peak,,,10,130,0,0,175,0,0,0,1000,0,1,1,1 
BD_15,Buses_Diesel_Urban Buses Articulated >18 t_Conventional,,Rural,,,10,130,0,0,0,0,0,0,0,0,1,1,1 
BD_15,Buses_Diesel_Urban Buses Articulated >18 t_Conventional,,Highway,,,10,130,0,0,0,0,0,0,0,0,1,1,1 
BD_16,Buses_Diesel_Urban Buses Articulated >18 t_Euro I,,Urban Peak,,,10,130,0,0,175,0,0,0,1000,0,1,1,1 
BD_16,Buses_Diesel_Urban Buses Articulated >18 t_Euro I,,Urban Off Peak,,,10,130,0,0,175,0,0,0,1000,0,1,1,1 
BD_16,Buses_Diesel_Urban Buses Articulated >18 t_Euro I,,Rural,,,10,130,0,0,0,0,0,0,0,0,1,1,1 
BD_16,Buses_Diesel_Urban Buses Articulated >18 t_Euro I,,Highway,,,10,130,0,0,0,0,0,0,0,0,1,1,1 
BD_17,Buses_Diesel_Urban Buses Articulated >18 t_Euro II,,Urban Peak,,,10,130,0,0,175,0,0,0,1000,0.35,1,1,1 
BD_17,Buses_Diesel_Urban Buses Articulated >18 t_Euro II,,Urban Off Peak,,,10,130,0,0,175,0,0,0,1000,0.35,1,1,1 
BD_17,Buses_Diesel_Urban Buses Articulated >18 t_Euro II,,Rural,,,10,130,0,0,0,0,0,0,0,0,1,1,1 
BD_17,Buses_Diesel_Urban Buses Articulated >18 t_Euro II,,Highway,,,10,130,0,0,0,0,0,0,0,0,1,1,1 
BD_18,Buses_Diesel_Urban Buses Articulated >18 t_Euro III,,Urban Peak,,,10,130,0,0,175,0,0,0,1000,0.41,1,1,1 
BD_18,Buses_Diesel_Urban Buses Articulated >18 t_Euro III,,Urban Off Peak,,,10,130,0,0,175,0,0,0,1000,0.41,1,1,1 
BD_18,Buses_Diesel_Urban Buses Articulated >18 t_Euro III,,Rural,,,10,130,0,0,0,0,0,0,0,0,1,1,1 
BD_18,Buses_Diesel_Urban Buses Articulated >18 t_Euro III,,Highway,,,10,130,0,0,0,0,0,0,0,0,1,1,1 
BD_19,Buses_Diesel_Urban Buses Articulated >18 t_Euro IV,,Urban Peak,,,10,130,0,0,175,0,0,0,1000,0.97,1,1,1 
BD_19,Buses_Diesel_Urban Buses Articulated >18 t_Euro IV,,Urban Off Peak,,,10,130,0,0,175,0,0,0,1000,0.97,1,1,1 
BD_19,Buses_Diesel_Urban Buses Articulated >18 t_Euro IV,,Rural,,,10,130,0,0,0,0,0,0,0,0,1,1,1 
BD_19,Buses_Diesel_Urban Buses Articulated >18 t_Euro IV,,Highway,,,10,130,0,0,0,0,0,0,0,0,1,1,1 
BD_20,Buses_Diesel_Urban Buses Articulated >18 t_Euro V,,Urban Peak,,,10,130,0,0,175,0,0,0,1000,0.97,1,1,1 
BD_20,Buses_Diesel_Urban Buses Articulated >18 t_Euro V,,Urban Off Peak,,,10,130,0,0,175,0,0,0,1000,0.97,1,1,1 
BD_20,Buses_Diesel_Urban Buses Articulated >18 t_Euro V,,Rural,,,10,130,0,0,0,0,0,0,0,0,1,1,1 
BD_20,Buses_Diesel_Urban Buses Articulated >18 t_Euro V,,Highway,,,10,130,0,0,0,0,0,0,0,0,1,1,1 
BD_20,Buses_Diesel_Urban Buses Articulated >18 t_Euro V,,Urban Peak,,,10,130,0,0,175,0,0,0,1000,0.97,1,1,1 
BD_20,Buses_Diesel_Urban Buses Articulated >18 t_Euro V,,Urban Off Peak,,,10,130,0,0,175,0,0,0,1000,0.97,1,1,1 
BD_20,Buses_Diesel_Urban Buses Articulated >18 t_Euro V,,Rural,,,10,130,0,0,0,0,0,0,0,0,1,1,1 
BD_20,Buses_Diesel_Urban Buses Articulated >18 t_Euro V,,Highway,,,10,130,0,0,0,0,0,0,0,0,1,1,1 
BD_21,Buses_Diesel_Urban Buses Articulated >18 t_Euro VI,,Urban Peak,,,10,130,0,0,175,0,0,0,1000,0.97,1,1,1 
BD_21,Buses_Diesel_Urban Buses Articulated >18 t_Euro VI,,Urban Off Peak,,,10,130,0,0,175,0,0,0,1000,0.97,1,1,1 
BD_21,Buses_Diesel_Urban Buses Articulated >18 t_Euro VI,,Rural,,,10,130,0,0,0,0,0,0,0,0,1,1,1 
BD_21,Buses_Diesel_Urban Buses Articulated >18 t_Euro VI,,Highway,,,10,130,0,0,0,0,0,0,0,0,1,1,1 
BD_22,Buses_Diesel_Coaches Standard <=18 t_Conventional,,Urban Peak,,,10,130,0,0,175,0,0,0,1000,0,1,1,1 
BD_22,Buses_Diesel_Coaches Standard <=18 t_Conventional,,Urban Off Peak,,,10,130,0,0,175,0,0,0,1000,0,1,1,1 
BD_22,Buses_Diesel_Coaches Standard <=18 t_Conventional,,Rural,,,10,130,0,0,80,0,0,0,1000,0,1,1,1 
BD_22,Buses_Diesel_Coaches Standard <=18 t_Conventional,,Highway,,,10,130,0,0,70,0,0,0,1000,0,1,1,1 
BD_23,Buses_Diesel_Coaches Standard <=18 t_Euro I,,Urban Peak,,,10,130,0,0,175,0,0,0,1000,0,1,1,1 
BD_23,Buses_Diesel_Coaches Standard <=18 t_Euro I,,Urban Off Peak,,,10,130,0,0,175,0,0,0,1000,0,1,1,1 
BD_23,Buses_Diesel_Coaches Standard <=18 t_Euro I,,Rural,,,10,130,0,0,80,0,0,0,1000,0,1,1,1 
BD_23,Buses_Diesel_Coaches Standard <=18 t_Euro I,,Highway,,,10,130,0,0,70,0,0,0,1000,0,1,1,1 
BD_24,Buses_Diesel_Coaches Standard <=18 t_Euro II,,Urban Peak,,,10,130,0,0,175,0,0,0,1000,0.35,1,1,1 
BD_24,Buses_Diesel_Coaches Standard <=18 t_Euro II,,Urban Off Peak,,,10,130,0,0,175,0,0,0,1000,0.35,1,1,1 
BD_24,Buses_Diesel_Coaches Standard <=18 t_Euro II,,Rural,,,10,130,0,0,80,0,0,0,1000,0.35,1,1,1 
BD_24,Buses_Diesel_Coaches Standard <=18 t_Euro II,,Highway,,,10,130,0,0,70,0,0,0,1000,0.35,1,1,1 
BD_25,Buses_Diesel_Coaches Standard <=18 t_Euro III,,Urban Peak,,,10,130,0,0,175,0,0,0,1000,0.41,1,1,1 
BD_25,Buses_Diesel_Coaches Standard <=18 t_Euro III,,Urban Off Peak,,,10,130,0,0,175,0,0,0,1000,0.41,1,1,1 
BD_25,Buses_Diesel_Coaches Standard <=18 t_Euro III,,Rural,,,10,130,0,0,80,0,0,0,1000,0.41,1,1,1 
BD_25,Buses_Diesel_Coaches Standard <=18 t_Euro III,,Highway,,,10,130,0,0,70,0,0,0,1000,0.41,1,1,1 
BD_26,Buses_Diesel_Coaches Standard <=18 t_Euro IV,,Urban Peak,,,10,130,0,0,175,0,0,0,1000,0.97,1,1,1 
BD_26,Buses_Diesel_Coaches Standard <=18 t_Euro IV,,Urban Off Peak,,,10,130,0,0,175,0,0,0,1000,0.97,1,1,1 
BD_26,Buses_Diesel_Coaches Standard <=18 t_Euro IV,,Rural,,,10,130,0,0,80,0,0,0,1000,0.97,1,1,1 
BD_26,Buses_Diesel_Coaches Standard <=18 t_Euro IV,,Highway,,,10,130,0,0,70,0,0,0,1000,0.97,1,1,1 
BD_27,Buses_Diesel_Coaches Standard <=18 t_Euro V,,Urban Peak,,,10,130,0,0,175,0,0,0,1000,0.97,1,1,1 
BD_27,Buses_Diesel_Coaches Standard <=18 t_Euro V,,Urban Off Peak,,,10,130,0,0,175,0,0,0,1000,0.97,1,1,1 
BD_27,Buses_Diesel_Coaches Standard <=18 t_Euro V,,Rural,,,10,130,0,0,80,0,0,0,1000,0.97,1,1,1 
BD_27,Buses_Diesel_Coaches Standard <=18 t_Euro V,,Highway,,,10,130,0,0,70,0,0,0,1000,0.97,1,1,1 
BD_27,Buses_Diesel_Coaches Standard <=18 t_Euro V,,Urban Peak,,,10,130,0,0,175,0,0,0,1000,0.97,1,1,1 
BD_27,Buses_Diesel_Coaches Standard <=18 t_Euro V,,Urban Off Peak,,,10,130,0,0,175,0,0,0,1000,0.97,1,1,1 
BD_27,Buses_Diesel_Coaches Standard <=18 t_Euro V,,Rural,,,10,130,0,0,80,0,0,0,1000,0.97,1,1,1 
BD_27,Buses_Diesel_Coaches Standard <=18 t_Euro V,,Highway,,,10,130,0,0,70,0,0,0,1000,0.97,1,1,1 
BD_28,Buses_Diesel_Coaches Standard <=18 t_Euro VI,,Urban Peak,,,10,130,0,0,175,0,0,0,1000,0.97,1,1,1 
BD_28,Buses_Diesel_Coaches Standard <=18 t_Euro VI,,Urban Off Peak,,,10,130,0,0,175,0,0,0,1000,0.97,1,1,1 
BD_28,Buses_Diesel_Coaches Standard <=18 t_Euro VI,,Rural,,,10,130,0,0,80,0,0,0,1000,0.97,1,1,1 
BD_28,Buses_Diesel_Coaches Standard <=18 t_Euro VI,,Highway,,,10,130,0,0,70,0,0,0,1000,0.97,1,1,1 
BD_29,Buses_Diesel_Coaches Articulated >18 t_Conventional,,Urban Peak,,,10,130,0,0,175,0,0,0,1000,0,1,1,1 
BD_29,Buses_Diesel_Coaches Articulated >18 t_Conventional,,Urban Off Peak,,,10,130,0,0,175,0,0,0,1000,0,1,1,1 
BD_29,Buses_Diesel_Coaches Articulated >18 t_Conventional,,Rural,,,10,130,0,0,80,0,0,0,1000,0,1,1,1 
BD_29,Buses_Diesel_Coaches Articulated >18 t_Conventional,,Highway,,,10,130,0,0,70,0,0,0,1000,0,1,1,1 
BD_30,Buses_Diesel_Coaches Articulated >18 t_Euro I,,Urban Peak,,,10,130,0,0,175,0,0,0,1000,0,1,1,1 
BD_30,Buses_Diesel_Coaches Articulated >18 t_Euro I,,Urban Off Peak,,,10,130,0,0,175,0,0,0,1000,0,1,1,1 
BD_30,Buses_Diesel_Coaches Articulated >18 t_Euro I,,Rural,,,10,130,0,0,80,0,0,0,1000,0,1,1,1 
BD_30,Buses_Diesel_Coaches Articulated >18 t_Euro I,,Highway,,,10,130,0,0,70,0,0,0,1000,0,1,1,1 
BD_31,Buses_Diesel_Coaches Articulated >18 t_Euro II,,Urban Peak,,,10,130,0,0,175,0,0,0,1000,0.35,1,1,1 
BD_31,Buses_Diesel_Coaches Articulated >18 t_Euro II,,Urban Off Peak,,,10,130,0,0,175,0,0,0,1000,0.35,1,1,1 
BD_31,Buses_Diesel_Coaches Articulated >18 t_Euro II,,Rural,,,10,130,0,0,80,0,0,0,1000,0.35,1,1,1 
BD_31,Buses_Diesel_Coaches Articulated >18 t_Euro II,,Highway,,,10,130,0,0,70,0,0,0,1000,0.35,1,1,1 
BD_32,Buses_Diesel_Coaches Articulated >18 t_Euro III,,Urban Peak,,,10,130,0,0,175,0,0,0,1000,0.41,1,1,1 
BD_32,Buses_Diesel_Coaches Articulated >18 t_Euro III,,Urban Off Peak,,,10,130,0,0,175,0,0,0,1000,0.41,1,1,1 
BD_32,Buses_Diesel_Coaches Articulated >18 t_Euro III,,Rural,,,10,130,0,0,80,0,0,0,1000,0.41,1,1,1 
BD_32,Buses_Diesel_Coaches Articulated >18 t_Euro III,,Highway,,,10,130,0,0,70,0,0,0,1000,0.41,1,1,1 
BD_33,Buses_Diesel_Coaches Articulated >18 t_Euro IV,,Urban Peak,,,10,130,0,0,175,0,0,0,1000,0.97,1,1,1 
BD_33,Buses_Diesel_Coaches Articulated >18 t_Euro IV,,Urban Off Peak,,,10,130,0,0,175,0,0,0,1000,0.97,1,1,1 
BD_33,Buses_Diesel_Coaches Articulated >18 t_Euro IV,,Rural,,,10,130,0,0,80,0,0,0,1000,0.97,1,1,1 
BD_33,Buses_Diesel_Coaches Articulated >18 t_Euro IV,,Highway,,,10,130,0,0,70,0,0,0,1000,0.97,1,1,1 
BD_34,Buses_Diesel_Coaches Articulated >18 t_Euro V,,Urban Peak,,,10,130,0,0,175,0,0,0,1000,0.97,1,1,1 
BD_34,Buses_Diesel_Coaches Articulated >18 t_Euro V,,Urban Off Peak,,,10,130,0,0,175,0,0,0,1000,0.97,1,1,1 
BD_34,Buses_Diesel_Coaches Articulated >18 t_Euro V,,Rural,,,10,130,0,0,80,0,0,0,1000,0.97,1,1,1 
BD_34,Buses_Diesel_Coaches Articulated >18 t_Euro V,,Highway,,,10,130,0,0,70,0,0,0,1000,0.97,1,1,1 
BD_34,Buses_Diesel_Coaches Articulated >18 t_Euro V,,Urban Peak,,,10,130,0,0,175,0,0,0,1000,0.97,1,1,1 
BD_34,Buses_Diesel_Coaches Articulated >18 t_Euro V,,Urban Off Peak,,,10,130,0,0,175,0,0,0,1000,0.97,1,1,1 
BD_34,Buses_Diesel_Coaches Articulated >18 t_Euro V,,Rural,,,10,130,0,0,80,0,0,0,1000,0.97,1,1,1 
BD_34,Buses_Diesel_Coaches Articulated >18 t_Euro V,,Highway,,,10,130,0,0,70,0,0,0,1000,0.97,1,1,1 
BD_35,Buses_Diesel_Coaches Articulated >18 t_Euro VI,,Urban Peak,,,10,130,0,0,175,0,0,0,1000,0.97,1,1,1 
BD_35,Buses_Diesel_Coaches Articulated >18 t_Euro VI,,Urban Off Peak,,,10,130,0,0,175,0,0,0,1000,0.97,1,1,1 
BD_35,Buses_Diesel_Coaches Articulated >18 t_Euro VI,,Rural,,,10,130,0,0,80,0,0,0,1000,0.97,1,1,1 
BD_35,Buses_Diesel_Coaches Articulated >18 t_Euro VI,,Highway,,,10,130,0,0,70,0,0,0,1000,0.97,1,1,1 
BCNG_1,Buses_CNG_Urban CNG Buses_Euro I,,Urban Peak,,,10,130,0,0,6800,0,0,0,1000,0,1,1,1 
BCNG_1,Buses_CNG_Urban CNG Buses_Euro I,,Urban Off Peak,,,10,130,0,0,6800,0,0,0,1000,0,1,1,1 
BCNG_1,Buses_CNG_Urban CNG Buses_Euro I,,Rural,,,10,130,0,0,6800,0,0,0,1000,0,1,1,1 
BCNG_1,Buses_CNG_Urban CNG Buses_Euro I,,Highway,,,10,130,0,0,6800,0,0,0,1000,0,1,1,1 
BCNG_2,Buses_CNG_Urban CNG Buses_Euro II,,Urban Peak,,,10,130,0,0,4500,0,0,0,1000,0,1,1,1 
BCNG_2,Buses_CNG_Urban CNG Buses_Euro II,,Urban Off Peak,,,10,130,0,0,4500,0,0,0,1000,0,1,1,1 
BCNG_2,Buses_CNG_Urban CNG Buses_Euro II,,Rural,,,10,130,0,0,4500,0,0,0,1000,0,1,1,1 
BCNG_2,Buses_CNG_Urban CNG Buses_Euro II,,Highway,,,10,130,0,0,4500,0,0,0,1000,0,1,1,1 
BCNG_3,Buses_CNG_Urban CNG Buses_Euro III,,Urban Peak,,,10,130,0,0,1280,0,0,0,1000,0,1,1,1 
BCNG_3,Buses_CNG_Urban CNG Buses_Euro III,,Urban Off Peak,,,10,130,0,0,1280,0,0,0,1000,0,1,1,1 
BCNG_3,Buses_CNG_Urban CNG Buses_Euro III,,Rural,,,10,130,0,0,1280,0,0,0,1000,0,1,1,1 
BCNG_3,Buses_CNG_Urban CNG Buses_Euro III,,Highway,,,10,130,0,0,1280,0,0,0,1000,0,1,1,1 
BCNG_4,Buses_CNG_Urban CNG Buses_EEV,,Urban Peak,,,10,130,0,0,980,0,0,0,1000,0,1,1,1 
BCNG_4,Buses_CNG_Urban CNG Buses_EEV,,Urban Off Peak,,,10,130,0,0,980,0,0,0,1000,0,1,1,1 
BCNG_4,Buses_CNG_Urban CNG Buses_EEV,,Rural,,,10,130,0,0,980,0,0,0,1000,0,1,1,1 
BCNG_4,Buses_CNG_Urban CNG Buses_EEV,,Highway,,,10,130,0,0,980,0,0,0,1000,0,1,1,1 
BCNG_5,Buses_CNG_Urban CNG Buses_Euro VI,,Urban Peak,,,10,130,0,0,980,0,0,0,1000,0,1,1,1 
BCNG_5,Buses_CNG_Urban CNG Buses_Euro VI,,Urban Off Peak,,,10,130,0,0,980,0,0,0,1000,0,1,1,1 
BCNG_5,Buses_CNG_Urban CNG Buses_Euro VI,,Rural,,,10,130,0,0,980,0,0,0,1000,0,1,1,1 
BCNG_5,Buses_CNG_Urban CNG Buses_Euro VI,,Highway,,,10,130,0,0,980,0,0,0,1000,0,1,1,1 
BBIO_1,Buses_Biodiesel_Urban Biodiesel Buses_Conventional,,Urban Peak,,,10,130,0,0,175,0,0,0,1000,0,1,1,1 
BBIO_1,Buses_Biodiesel_Urban Biodiesel Buses_Conventional,,Urban Off Peak,,,10,130,0,0,175,0,0,0,1000,0,1,1,1 
BBIO_1,Buses_Biodiesel_Urban Biodiesel Buses_Conventional,,Rural,,,10,130,0,0,0,0,0,0,0,0,1,1,1 
BBIO_1,Buses_Biodiesel_Urban Biodiesel Buses_Conventional,,Highway,,,10,130,0,0,0,0,0,0,0,0,1,1,1 
BBIO_2,Buses_Biodiesel_Urban Biodiesel Buses_Euro I,,Urban Peak,,,10,130,0,0,175,0,0,0,1000,0,1,1,1 
BBIO_2,Buses_Biodiesel_Urban Biodiesel Buses_Euro I,,Urban Off Peak,,,10,130,0,0,175,0,0,0,1000,0,1,1,1 
BBIO_2,Buses_Biodiesel_Urban Biodiesel Buses_Euro I,,Rural,,,10,130,0,0,0,0,0,0,0,0,1,1,1 
BBIO_2,Buses_Biodiesel_Urban Biodiesel Buses_Euro I,,Highway,,,10,130,0,0,0,0,0,0,0,0,1,1,1 
BBIO_3,Buses_Biodiesel_Urban Biodiesel Buses_Euro II,,Urban Peak,,,10,130,0,0,175,0,0,0,1000,0.35,1,1,1 
BBIO_3,Buses_Biodiesel_Urban Biodiesel Buses_Euro II,,Urban Off Peak,,,10,130,0,0,175,0,0,0,1000,0.35,1,1,1 
BBIO_3,Buses_Biodiesel_Urban Biodiesel Buses_Euro II,,Rural,,,10,130,0,0,0,0,0,0,0,0,1,1,1 
BBIO_3,Buses_Biodiesel_Urban Biodiesel Buses_Euro II,,Highway,,,10,130,0,0,0,0,0,0,0,0,1,1,1 
BBIO_4,Buses_Biodiesel_Urban Biodiesel Buses_Euro III,,Urban Peak,,,10,130,0,0,175,0,0,0,1000,0.41,1,1,1 
BBIO_4,Buses_Biodiesel_Urban Biodiesel Buses_Euro III,,Urban Off Peak,,,10,130,0,0,175,0,0,0,1000,0.41,1,1,1 
BBIO_4,Buses_Biodiesel_Urban Biodiesel Buses_Euro III,,Rural,,,10,130,0,0,0,0,0,0,0,0,1,1,1 
BBIO_4,Buses_Biodiesel_Urban Biodiesel Buses_Euro III,,Highway,,,10,130,0,0,0,0,0,0,0,0,1,1,1 
BBIO_5,Buses_Biodiesel_Urban Biodiesel Buses_Euro IV,,Urban Peak,,,10,130,0,0,175,0,0,0,1000,0.97,1,1,1 
BBIO_5,Buses_Biodiesel_Urban Biodiesel Buses_Euro IV,,Urban Off Peak,,,10,130,0,0,175,0,0,0,1000,0.97,1,1,1 
BBIO_5,Buses_Biodiesel_Urban Biodiesel Buses_Euro IV,,Rural,,,10,130,0,0,0,0,0,0,0,0,1,1,1 
BBIO_5,Buses_Biodiesel_Urban Biodiesel Buses_Euro IV,,Highway,,,10,130,0,0,0,0,0,0,0,0,1,1,1 
BBIO_6,Buses_Biodiesel_Urban Biodiesel Buses_Euro V,,Urban Peak,,,10,130,0,0,175,0,0,0,1000,0.97,1,1,1 
BBIO_6,Buses_Biodiesel_Urban Biodiesel Buses_Euro V,,Urban Off Peak,,,10,130,0,0,175,0,0,0,1000,0.97,1,1,1 
BBIO_6,Buses_Biodiesel_Urban Biodiesel Buses_Euro V,,Rural,,,10,130,0,0,0,0,0,0,0,0,1,1,1 
BBIO_6,Buses_Biodiesel_Urban Biodiesel Buses_Euro V,,Highway,,,10,130,0,0,0,0,0,0,0,0,1,1,1 
BBIO_6,Buses_Biodiesel_Urban Biodiesel Buses_Euro V,,Urban Peak,,,10,130,0,0,175,0,0,0,1000,0.97,1,1,1 
BBIO_6,Buses_Biodiesel_Urban Biodiesel Buses_Euro V,,Urban Off Peak,,,10,130,0,0,175,0,0,0,1000,0.97,1,1,1 
BBIO_6,Buses_Biodiesel_Urban Biodiesel Buses_Euro V,,Rural,,,10,130,0,0,0,0,0,0,0,0,1,1,1 
BBIO_6,Buses_Biodiesel_Urban Biodiesel Buses_Euro V,,Highway,,,10,130,0,0,0,0,0,0,0,0,1,1,1 
BBIO_7,Buses_Biodiesel_Urban Biodiesel Buses_Euro VI,,Urban Peak,,,10,130,0,0,175,0,0,0,1000,0.97,1,1,1 
BBIO_7,Buses_Biodiesel_Urban Biodiesel Buses_Euro VI,,Urban Off Peak,,,10,130,0,0,175,0,0,0,1000,0.97,1,1,1 
BBIO_7,Buses_Biodiesel_Urban Biodiesel Buses_Euro VI,,Rural,,,10,130,0,0,0,0,0,0,0,0,1,1,1 
BBIO_7,Buses_Biodiesel_Urban Biodiesel Buses_Euro VI,,Highway,,,10,130,0,0,0,0,0,0,0,0,1,1,1 
M_1,L-Category_Petrol_Mopeds 2-stroke <50 cm³_Conventional,,Urban Peak,,,10,130,0,0,219,0,0,0,1000,0,1,1,1 
M_1,L-Category_Petrol_Mopeds 2-stroke <50 cm³_Conventional,,Urban Off Peak,,,10,130,0,0,219,0,0,0,1000,0,1,1,1 
M_1,L-Category_Petrol_Mopeds 2-stroke <50 cm³_Conventional,,Rural,,,10,130,0,0,219,0,0,0,1000,0,1,1,1 
M_1,L-Category_Petrol_Mopeds 2-stroke <50 cm³_Conventional,,Highway,,,10,130,0,0,219,0,0,0,1000,0,1,1,1 
M_2,L-Category_Petrol_Mopeds 2-stroke <50 cm³_Euro 1,,Urban Peak,,,10,130,0,0,219,0,0,0,1000,0.8,1,1,1 
M_2,L-Category_Petrol_Mopeds 2-stroke <50 cm³_Euro 1,,Urban Off Peak,,,10,130,0,0,219,0,0,0,1000,0.8,1,1,1 
M_2,L-Category_Petrol_Mopeds 2-stroke <50 cm³_Euro 1,,Rural,,,10,130,0,0,219,0,0,0,1000,0.8,1,1,1 
M_2,L-Category_Petrol_Mopeds 2-stroke <50 cm³_Euro 1,,Highway,,,10,130,0,0,219,0,0,0,1000,0.8,1,1,1 
M_3,L-Category_Petrol_Mopeds 2-stroke <50 cm³_Euro 2,,Urban Peak,,,10,130,0,0,219,0,0,0,1000,0.89,1,1,1 
M_3,L-Category_Petrol_Mopeds 2-stroke <50 cm³_Euro 2,,Urban Off Peak,,,10,130,0,0,219,0,0,0,1000,0.89,1,1,1 
M_3,L-Category_Petrol_Mopeds 2-stroke <50 cm³_Euro 2,,Rural,,,10,130,0,0,219,0,0,0,1000,0.89,1,1,1 
M_3,L-Category_Petrol_Mopeds 2-stroke <50 cm³_Euro 2,,Highway,,,10,130,0,0,219,0,0,0,1000,0.89,1,1,1 
M_4,L-Category_Petrol_Mopeds 2-stroke <50 cm³_Euro 3,,Urban Peak,,,10,130,0,0,219,0,0,0,1000,0.91,1,1,1 
M_4,L-Category_Petrol_Mopeds 2-stroke <50 cm³_Euro 3,,Urban Off Peak,,,10,130,0,0,219,0,0,0,1000,0.91,1,1,1 
M_4,L-Category_Petrol_Mopeds 2-stroke <50 cm³_Euro 3,,Rural,,,10,130,0,0,219,0,0,0,1000,0.91,1,1,1 
M_4,L-Category_Petrol_Mopeds 2-stroke <50 cm³_Euro 3,,Highway,,,10,130,0,0,219,0,0,0,1000,0.91,1,1,1 
M_5,L-Category_Petrol_Mopeds 2-stroke <50 cm³_Euro 4,,Urban Peak,,,10,130,0,0,219,0,0,0,1000,0.91,1,1,1 
M_5,L-Category_Petrol_Mopeds 2-stroke <50 cm³_Euro 4,,Urban Off Peak,,,10,130,0,0,219,0,0,0,1000,0.91,1,1,1 
M_5,L-Category_Petrol_Mopeds 2-stroke <50 cm³_Euro 4,,Rural,,,10,130,0,0,219,0,0,0,1000,0.91,1,1,1 
M_5,L-Category_Petrol_Mopeds 2-stroke <50 cm³_Euro 4,,Highway,,,10,130,0,0,219,0,0,0,1000,0.91,1,1,1 
M_6,L-Category_Petrol_Mopeds 2-stroke <50 cm³_Euro 5,,Urban Peak,,,10,130,0,0,219,0,0,0,1000,0.91,1,1,1 
M_6,L-Category_Petrol_Mopeds 2-stroke <50 cm³_Euro 5,,Urban Off Peak,,,10,130,0,0,219,0,0,0,1000,0.91,1,1,1 
M_6,L-Category_Petrol_Mopeds 2-stroke <50 cm³_Euro 5,,Rural,,,10,130,0,0,219,0,0,0,1000,0.91,1,1,1 
M_6,L-Category_Petrol_Mopeds 2-stroke <50 cm³_Euro 5,,Highway,,,10,130,0,0,219,0,0,0,1000,0.91,1,1,1 
M_7,L-Category_Petrol_Mopeds 4-stroke <50 cm³_Conventional,,Urban Peak,,,10,130,0,0,219,0,0,0,1000,0,1,1,1 
M_7,L-Category_Petrol_Mopeds 4-stroke <50 cm³_Conventional,,Urban Off Peak,,,10,130,0,0,219,0,0,0,1000,0,1,1,1 
M_7,L-Category_Petrol_Mopeds 4-stroke <50 cm³_Conventional,,Rural,,,10,130,0,0,219,0,0,0,1000,0,1,1,1 
M_7,L-Category_Petrol_Mopeds 4-stroke <50 cm³_Conventional,,Highway,,,10,130,0,0,219,0,0,0,1000,0,1,1,1 
M_8,L-Category_Petrol_Mopeds 4-stroke <50 cm³_Euro 1,,Urban Peak,,,10,130,0,0,219,0,0,0,1000,0.8,1,1,1 
M_8,L-Category_Petrol_Mopeds 4-stroke <50 cm³_Euro 1,,Urban Off Peak,,,10,130,0,0,219,0,0,0,1000,0.8,1,1,1 
M_8,L-Category_Petrol_Mopeds 4-stroke <50 cm³_Euro 1,,Rural,,,10,130,0,0,219,0,0,0,1000,0.8,1,1,1 
M_8,L-Category_Petrol_Mopeds 4-stroke <50 cm³_Euro 1,,Highway,,,10,130,0,0,219,0,0,0,1000,0.8,1,1,1 
M_9,L-Category_Petrol_Mopeds 4-stroke <50 cm³_Euro 2,,Urban Peak,,,10,130,0,0,219,0,0,0,1000,0.89,1,1,1 
M_9,L-Category_Petrol_Mopeds 4-stroke <50 cm³_Euro 2,,Urban Off Peak,,,10,130,0,0,219,0,0,0,1000,0.89,1,1,1 
M_9,L-Category_Petrol_Mopeds 4-stroke <50 cm³_Euro 2,,Rural,,,10,130,0,0,219,0,0,0,1000,0.89,1,1,1 
M_9,L-Category_Petrol_Mopeds 4-stroke <50 cm³_Euro 2,,Highway,,,10,130,0,0,219,0,0,0,1000,0.89,1,1,1 
M_10,L-Category_Petrol_Mopeds 4-stroke <50 cm³_Euro 3,,Urban Peak,,,10,130,0,0,219,0,0,0,1000,0.91,1,1,1 
M_10,L-Category_Petrol_Mopeds 4-stroke <50 cm³_Euro 3,,Urban Off Peak,,,10,130,0,0,219,0,0,0,1000,0.91,1,1,1 
M_10,L-Category_Petrol_Mopeds 4-stroke <50 cm³_Euro 3,,Rural,,,10,130,0,0,219,0,0,0,1000,0.91,1,1,1 
M_10,L-Category_Petrol_Mopeds 4-stroke <50 cm³_Euro 3,,Highway,,,10,130,0,0,219,0,0,0,1000,0.91,1,1,1 
M_11,L-Category_Petrol_Mopeds 4-stroke <50 cm³_Euro 4,,Urban Peak,,,10,130,0,0,219,0,0,0,1000,0.91,1,1,1 
M_11,L-Category_Petrol_Mopeds 4-stroke <50 cm³_Euro 4,,Urban Off Peak,,,10,130,0,0,219,0,0,0,1000,0.91,1,1,1 
M_11,L-Category_Petrol_Mopeds 4-stroke <50 cm³_Euro 4,,Rural,,,10,130,0,0,219,0,0,0,1000,0.91,1,1,1 
M_11,L-Category_Petrol_Mopeds 4-stroke <50 cm³_Euro 4,,Highway,,,10,130,0,0,219,0,0,0,1000,0.91,1,1,1 
M_12,L-Category_Petrol_Mopeds 4-stroke <50 cm³_Euro 5,,Urban Peak,,,10,130,0,0,219,0,0,0,1000,0.91,1,1,1 
M_12,L-Category_Petrol_Mopeds 4-stroke <50 cm³_Euro 5,,Urban Off Peak,,,10,130,0,0,219,0,0,0,1000,0.91,1,1,1 
M_12,L-Category_Petrol_Mopeds 4-stroke <50 cm³_Euro 5,,Rural,,,10,130,0,0,219,0,0,0,1000,0.91,1,1,1 
M_12,L-Category_Petrol_Mopeds 4-stroke <50 cm³_Euro 5,,Highway,,,10,130,0,0,219,0,0,0,1000,0.91,1,1,1 
M_13,L-Category_Petrol_Motorcycles 2-stroke >50 cm³_Conventional,,Urban Peak,,,10,130,0,0,150,0,0,0,1000,0,1,1,1 
M_13,L-Category_Petrol_Motorcycles 2-stroke >50 cm³_Conventional,,Urban Off Peak,,,10,130,0,0,150,0,0,0,1000,0,1,1,1 
M_13,L-Category_Petrol_Motorcycles 2-stroke >50 cm³_Conventional,,Rural,,,10,130,0,0,150,0,0,0,1000,0,1,1,1 
M_13,L-Category_Petrol_Motorcycles 2-stroke >50 cm³_Conventional,,Highway,,,10,130,0,0,150,0,0,0,1000,0,1,1,1 
M_14,L-Category_Petrol_Motorcycles 2-stroke >50 cm³_Euro 1,,Urban Peak,,,10,130,0,0,150,0,0,0,1000,0.34,1,1,1 
M_14,L-Category_Petrol_Motorcycles 2-stroke >50 cm³_Euro 1,,Urban Off Peak,,,10,130,0,0,150,0,0,0,1000,0.34,1,1,1 
M_14,L-Category_Petrol_Motorcycles 2-stroke >50 cm³_Euro 1,,Rural,,,10,130,0,0,150,0,0,0,1000,0.29,1,1,1 
M_14,L-Category_Petrol_Motorcycles 2-stroke >50 cm³_Euro 1,,Highway,,,10,130,0,0,150,0,0,0,1000,0.35,1,1,1 
M_15,L-Category_Petrol_Motorcycles 2-stroke >50 cm³_Euro 2,,Urban Peak,,,10,130,0,0,150,0,0,0,1000,0.8,1,1,1 
M_15,L-Category_Petrol_Motorcycles 2-stroke >50 cm³_Euro 2,,Urban Off Peak,,,10,130,0,0,150,0,0,0,1000,0.8,1,1,1 
M_15,L-Category_Petrol_Motorcycles 2-stroke >50 cm³_Euro 2,,Rural,,,10,130,0,0,150,0,0,0,1000,0.79,1,1,1 
M_15,L-Category_Petrol_Motorcycles 2-stroke >50 cm³_Euro 2,,Highway,,,10,130,0,0,150,0,0,0,1000,0.8,1,1,1 
M_16,L-Category_Petrol_Motorcycles 2-stroke >50 cm³_Euro 3,,Urban Peak,,,10,130,0,0,150,0,0,0,1000,0.92,1,1,1 
M_16,L-Category_Petrol_Motorcycles 2-stroke >50 cm³_Euro 3,,Urban Off Peak,,,10,130,0,0,150,0,0,0,1000,0.92,1,1,1 
M_16,L-Category_Petrol_Motorcycles 2-stroke >50 cm³_Euro 3,,Rural,,,10,130,0,0,150,0,0,0,1000,0.91,1,1,1 
M_16,L-Category_Petrol_Motorcycles 2-stroke >50 cm³_Euro 3,,Highway,,,10,130,0,0,150,0,0,0,1000,0.92,1,1,1 
M_17,L-Category_Petrol_Motorcycles 2-stroke >50 cm³_Euro 4,,Urban Peak,,,10,130,0,0,150,0,0,0,1000,0.92,1,1,1 
M_17,L-Category_Petrol_Motorcycles 2-stroke >50 cm³_Euro 4,,Urban Off Peak,,,10,130,0,0,150,0,0,0,1000,0.92,1,1,1 
M_17,L-Category_Petrol_Motorcycles 2-stroke >50 cm³_Euro 4,,Rural,,,10,130,0,0,150,0,0,0,1000,0.91,1,1,1 
M_17,L-Category_Petrol_Motorcycles 2-stroke >50 cm³_Euro 4,,Highway,,,10,130,0,0,150,0,0,0,1000,0.92,1,1,1 
M_18,L-Category_Petrol_Motorcycles 2-stroke >50 cm³_Euro 5,,Urban Peak,,,10,130,0,0,150,0,0,0,1000,0.92,1,1,1 
M_18,L-Category_Petrol_Motorcycles 2-stroke >50 cm³_Euro 5,,Urban Off Peak,,,10,130,0,0,150,0,0,0,1000,0.92,1,1,1 
M_18,L-Category_Petrol_Motorcycles 2-stroke >50 cm³_Euro 5,,Rural,,,10,130,0,0,150,0,0,0,1000,0.91,1,1,1 
M_18,L-Category_Petrol_Motorcycles 2-stroke >50 cm³_Euro 5,,Highway,,,10,130,0,0,150,0,0,0,1000,0.92,1,1,1 
M_19,L-Category_Petrol_Motorcycles 4-stroke <250 cm³_Conventional,,Urban Peak,,,10,130,0,0,200,0,0,0,1000,0,1,1,1 
M_19,L-Category_Petrol_Motorcycles 4-stroke <250 cm³_Conventional,,Urban Off Peak,,,10,130,0,0,200,0,0,0,1000,0,1,1,1 
M_19,L-Category_Petrol_Motorcycles 4-stroke <250 cm³_Conventional,,Rural,,,10,130,0,0,200,0,0,0,1000,0,1,1,1 
M_19,L-Category_Petrol_Motorcycles 4-stroke <250 cm³_Conventional,,Highway,,,10,130,0,0,200,0,0,0,1000,0,1,1,1 
M_20,L-Category_Petrol_Motorcycles 4-stroke <250 cm³_Euro 1,,Urban Peak,,,10,130,0,0,200,0,0,0,1000,0.29,1,1,1 
M_20,L-Category_Petrol_Motorcycles 4-stroke <250 cm³_Euro 1,,Urban Off Peak,,,10,130,0,0,200,0,0,0,1000,0.29,1,1,1 
M_20,L-Category_Petrol_Motorcycles 4-stroke <250 cm³_Euro 1,,Rural,,,10,130,0,0,200,0,0,0,1000,0.28,1,1,1 
M_20,L-Category_Petrol_Motorcycles 4-stroke <250 cm³_Euro 1,,Highway,,,10,130,0,0,200,0,0,0,1000,0.34,1,1,1 
M_21,L-Category_Petrol_Motorcycles 4-stroke <250 cm³_Euro 2,,Urban Peak,,,10,130,0,0,200,0,0,0,1000,0.32,1,1,1 
M_21,L-Category_Petrol_Motorcycles 4-stroke <250 cm³_Euro 2,,Urban Off Peak,,,10,130,0,0,200,0,0,0,1000,0.32,1,1,1 
M_21,L-Category_Petrol_Motorcycles 4-stroke <250 cm³_Euro 2,,Rural,,,10,130,0,0,200,0,0,0,1000,0.54,1,1,1 
M_21,L-Category_Petrol_Motorcycles 4-stroke <250 cm³_Euro 2,,Highway,,,10,130,0,0,200,0,0,0,1000,0.54,1,1,1 
M_22,L-Category_Petrol_Motorcycles 4-stroke <250 cm³_Euro 3,,Urban Peak,,,10,130,0,0,200,0,0,0,1000,0.59,1,1,1 
M_22,L-Category_Petrol_Motorcycles 4-stroke <250 cm³_Euro 3,,Urban Off Peak,,,10,130,0,0,200,0,0,0,1000,0.59,1,1,1 
M_22,L-Category_Petrol_Motorcycles 4-stroke <250 cm³_Euro 3,,Rural,,,10,130,0,0,200,0,0,0,1000,0.84,1,1,1 
M_22,L-Category_Petrol_Motorcycles 4-stroke <250 cm³_Euro 3,,Highway,,,10,130,0,0,200,0,0,0,1000,0.86,1,1,1 
M_23,L-Category_Petrol_Motorcycles 4-stroke <250 cm³_Euro 4,,Urban Peak,,,10,130,0,0,200,0,0,0,1000,0.59,1,1,1 
M_23,L-Category_Petrol_Motorcycles 4-stroke <250 cm³_Euro 4,,Urban Off Peak,,,10,130,0,0,200,0,0,0,1000,0.59,1,1,1 
M_23,L-Category_Petrol_Motorcycles 4-stroke <250 cm³_Euro 4,,Rural,,,10,130,0,0,200,0,0,0,1000,0.84,1,1,1 
M_23,L-Category_Petrol_Motorcycles 4-stroke <250 cm³_Euro 4,,Highway,,,10,130,0,0,200,0,0,0,1000,0.86,1,1,1 
M_24,L-Category_Petrol_Motorcycles 4-stroke <250 cm³_Euro 5,,Urban Peak,,,10,130,0,0,200,0,0,0,1000,0.59,1,1,1 
M_24,L-Category_Petrol_Motorcycles 4-stroke <250 cm³_Euro 5,,Urban Off Peak,,,10,130,0,0,200,0,0,0,1000,0.59,1,1,1 
M_24,L-Category_Petrol_Motorcycles 4-stroke <250 cm³_Euro 5,,Rural,,,10,130,0,0,200,0,0,0,1000,0.84,1,1,1 
M_24,L-Category_Petrol_Motorcycles 4-stroke <250 cm³_Euro 5,,Highway,,,10,130,0,0,200,0,0,0,1000,0.86,1,1,1 
M_25,L-Category_Petrol_Motorcycles 4-stroke 250 - 750 cm³_Conventional,,Urban Peak,,,10,130,0,0,200,0,0,0,1000,0,1,1,1 
M_25,L-Category_Petrol_Motorcycles 4-stroke 250 - 750 cm³_Conventional,,Urban Off Peak,,,10,130,0,0,200,0,0,0,1000,0,1,1,1 
M_25,L-Category_Petrol_Motorcycles 4-stroke 250 - 750 cm³_Conventional,,Rural,,,10,130,0,0,200,0,0,0,1000,0,1,1,1 
M_25,L-Category_Petrol_Motorcycles 4-stroke 250 - 750 cm³_Conventional,,Highway,,,10,130,0,0,200,0,0,0,1000,0,1,1,1 
M_26,L-Category_Petrol_Motorcycles 4-stroke 250 - 750 cm³_Euro 1,,Urban Peak,,,10,130,0,0,200,0,0,0,1000,0.26,1,1,1 
M_26,L-Category_Petrol_Motorcycles 4-stroke 250 - 750 cm³_Euro 1,,Urban Off Peak,,,10,130,0,0,200,0,0,0,1000,0.26,1,1,1 
M_26,L-Category_Petrol_Motorcycles 4-stroke 250 - 750 cm³_Euro 1,,Rural,,,10,130,0,0,200,0,0,0,1000,0.13,1,1,1 
M_26,L-Category_Petrol_Motorcycles 4-stroke 250 - 750 cm³_Euro 1,,Highway,,,10,130,0,0,200,0,0,0,1000,0.22,1,1,1 
M_27,L-Category_Petrol_Motorcycles 4-stroke 250 - 750 cm³_Euro 2,,Urban Peak,,,10,130,0,0,200,0,0,0,1000,0.22,1,1,1 
M_27,L-Category_Petrol_Motorcycles 4-stroke 250 - 750 cm³_Euro 2,,Urban Off Peak,,,10,130,0,0,200,0,0,0,1000,0.22,1,1,1 
M_27,L-Category_Petrol_Motorcycles 4-stroke 250 - 750 cm³_Euro 2,,Rural,,,10,130,0,0,200,0,0,0,1000,0.4,1,1,1 
M_27,L-Category_Petrol_Motorcycles 4-stroke 250 - 750 cm³_Euro 2,,Highway,,,10,130,0,0,200,0,0,0,1000,0.39,1,1,1 
M_28,L-Category_Petrol_Motorcycles 4-stroke 250 - 750 cm³_Euro 3,,Urban Peak,,,10,130,0,0,200,0,0,0,1000,0.53,1,1,1 
M_28,L-Category_Petrol_Motorcycles 4-stroke 250 - 750 cm³_Euro 3,,Urban Off Peak,,,10,130,0,0,200,0,0,0,1000,0.53,1,1,1 
M_28,L-Category_Petrol_Motorcycles 4-stroke 250 - 750 cm³_Euro 3,,Rural,,,10,130,0,0,200,0,0,0,1000,0.79,1,1,1 
M_28,L-Category_Petrol_Motorcycles 4-stroke 250 - 750 cm³_Euro 3,,Highway,,,10,130,0,0,200,0,0,0,1000,0.82,1,1,1 
M_29,L-Category_Petrol_Motorcycles 4-stroke 250 - 750 cm³_Euro 4,,Urban Peak,,,10,130,0,0,200,0,0,0,1000,0.53,1,1,1 
M_29,L-Category_Petrol_Motorcycles 4-stroke 250 - 750 cm³_Euro 4,,Urban Off Peak,,,10,130,0,0,200,0,0,0,1000,0.53,1,1,1 
M_29,L-Category_Petrol_Motorcycles 4-stroke 250 - 750 cm³_Euro 4,,Rural,,,10,130,0,0,200,0,0,0,1000,0.79,1,1,1 
M_29,L-Category_Petrol_Motorcycles 4-stroke 250 - 750 cm³_Euro 4,,Highway,,,10,130,0,0,200,0,0,0,1000,0.82,1,1,1 
M_30,L-Category_Petrol_Motorcycles 4-stroke 250 - 750 cm³_Euro 5,,Urban Peak,,,10,130,0,0,200,0,0,0,1000,0.53,1,1,1 
M_30,L-Category_Petrol_Motorcycles 4-stroke 250 - 750 cm³_Euro 5,,Urban Off Peak,,,10,130,0,0,200,0,0,0,1000,0.53,1,1,1 
M_30,L-Category_Petrol_Motorcycles 4-stroke 250 - 750 cm³_Euro 5,,Rural,,,10,130,0,0,200,0,0,0,1000,0.79,1,1,1 
M_30,L-Category_Petrol_Motorcycles 4-stroke 250 - 750 cm³_Euro 5,,Highway,,,10,130,0,0,200,0,0,0,1000,0.82,1,1,1 
M_31,L-Category_Petrol_Motorcycles 4-stroke >750 cm³_Conventional,,Urban Peak,,,10,130,0,0,200,0,0,0,1000,0,1,1,1 
M_31,L-Category_Petrol_Motorcycles 4-stroke >750 cm³_Conventional,,Urban Off Peak,,,10,130,0,0,200,0,0,0,1000,0,1,1,1 
M_31,L-Category_Petrol_Motorcycles 4-stroke >750 cm³_Conventional,,Rural,,,10,130,0,0,200,0,0,0,1000,0,1,1,1 
M_31,L-Category_Petrol_Motorcycles 4-stroke >750 cm³_Conventional,,Highway,,,10,130,0,0,200,0,0,0,1000,0,1,1,1 
M_32,L-Category_Petrol_Motorcycles 4-stroke >750 cm³_Euro 1,,Urban Peak,,,10,130,0,0,200,0,0,0,1000,0.54,1,1,1 
M_32,L-Category_Petrol_Motorcycles 4-stroke >750 cm³_Euro 1,,Urban Off Peak,,,10,130,0,0,200,0,0,0,1000,0.54,1,1,1 
M_32,L-Category_Petrol_Motorcycles 4-stroke >750 cm³_Euro 1,,Rural,,,10,130,0,0,200,0,0,0,1000,0.54,1,1,1 
M_32,L-Category_Petrol_Motorcycles 4-stroke >750 cm³_Euro 1,,Highway,,,10,130,0,0,200,0,0,0,1000,0.23,1,1,1 
M_33,L-Category_Petrol_Motorcycles 4-stroke >750 cm³_Euro 2,,Urban Peak,,,10,130,0,0,200,0,0,0,1000,0.58,1,1,1 
M_33,L-Category_Petrol_Motorcycles 4-stroke >750 cm³_Euro 2,,Urban Off Peak,,,10,130,0,0,200,0,0,0,1000,0.58,1,1,1 
M_33,L-Category_Petrol_Motorcycles 4-stroke >750 cm³_Euro 2,,Rural,,,10,130,0,0,200,0,0,0,1000,0.69,1,1,1 
M_33,L-Category_Petrol_Motorcycles 4-stroke >750 cm³_Euro 2,,Highway,,,10,130,0,0,200,0,0,0,1000,0.49,1,1,1 
M_34,L-Category_Petrol_Motorcycles 4-stroke >750 cm³_Euro 3,,Urban Peak,,,10,130,0,0,200,0,0,0,1000,0.75,1,1,1 
M_34,L-Category_Petrol_Motorcycles 4-stroke >750 cm³_Euro 3,,Urban Off Peak,,,10,130,0,0,200,0,0,0,1000,0.75,1,1,1 
M_34,L-Category_Petrol_Motorcycles 4-stroke >750 cm³_Euro 3,,Rural,,,10,130,0,0,200,0,0,0,1000,0.89,1,1,1 
M_34,L-Category_Petrol_Motorcycles 4-stroke >750 cm³_Euro 3,,Highway,,,10,130,0,0,200,0,0,0,1000,0.85,1,1,1 
M_35,L-Category_Petrol_Motorcycles 4-stroke >750 cm³_Euro 4,,Urban Peak,,,10,130,0,0,200,0,0,0,1000,0.75,1,1,1 
M_35,L-Category_Petrol_Motorcycles 4-stroke >750 cm³_Euro 4,,Urban Off Peak,,,10,130,0,0,200,0,0,0,1000,0.75,1,1,1 
M_35,L-Category_Petrol_Motorcycles 4-stroke >750 cm³_Euro 4,,Rural,,,10,130,0,0,200,0,0,0,1000,0.89,1,1,1 
M_35,L-Category_Petrol_Motorcycles 4-stroke >750 cm³_Euro 4,,Highway,,,10,130,0,0,200,0,0,0,1000,0.85,1,1,1 
M_36,L-Category_Petrol_Motorcycles 4-stroke >750 cm³_Euro 5,,Urban Peak,,,10,130,0,0,200,0,0,0,1000,0.75,1,1,1 
M_36,L-Category_Petrol_Motorcycles 4-stroke >750 cm³_Euro 5,,Urban Off Peak,,,10,130,0,0,200,0,0,0,1000,0.75,1,1,1 
M_36,L-Category_Petrol_Motorcycles 4-stroke >750 cm³_Euro 5,,Rural,,,10,130,0,0,200,0,0,0,1000,0.89,1,1,1 
M_36,L-Category_Petrol_Motorcycles 4-stroke >750 cm³_Euro 5,,Highway,,,10,130,0,0,200,0,0,0,1000,0.85,1,1,1 
BH_1,Buses_Hybrid_Urban Buses Articulated >18 t_Euro V,,Urban Peak,,,10,130,0,0,175,0,0,0,1000,0.97,1,1,0.8 
BH_1,Buses_Hybrid_Urban Buses Articulated >18 t_Euro V,,Urban Off Peak,,,10,130,0,0,175,0,0,0,1000,0.97,1,1,0.8 
BH_1,Buses_Hybrid_Urban Buses Articulated >18 t_Euro V,,Rural,,,10,130,0,0,0,0,0,0,0,0,1,1,0.8 
BH_1,Buses_Hybrid_Urban Buses Articulated >18 t_Euro V,,Highway,,,10,130,0,0,0,0,0,0,0,0,1,1,0.8 
BH_1,Buses_Hybrid_Urban Buses Articulated >18 t_Euro V,,Urban Peak,,,10,130,0,0,175,0,0,0,1000,0.97,1,1,0.8 
BH_1,Buses_Hybrid_Urban Buses Articulated >18 t_Euro V,,Urban Off Peak,,,10,130,0,0,175,0,0,0,1000,0.97,1,1,0.8 
BH_1,Buses_Hybrid_Urban Buses Articulated >18 t_Euro V,,Rural,,,10,130,0,0,0,0,0,0,0,0,1,1,0.8 
BH_1,Buses_Hybrid_Urban Buses Articulated >18 t_Euro V,,Highway,,,10,130,0,0,0,0,0,0,0,0,1,1,0.8 
BH_2,Buses_Hybrid_Urban Buses Articulated >18 t_Euro VI,,Urban Peak,,,10,130,0,0,175,0,0,0,1000,0.97,1,1,1 
BH_2,Buses_Hybrid_Urban Buses Articulated >18 t_Euro VI,,Urban Off Peak,,,10,130,0,0,175,0,0,0,1000,0.97,1,1,1 
BH_2,Buses_Hybrid_Urban Buses Articulated >18 t_Euro VI,,Rural,,,10,130,0,0,0,0,0,0,0,0,1,1,1 
BH_2,Buses_Hybrid_Urban Buses Articulated >18 t_Euro VI,,Highway,,,10,130,0,0,0,0,0,0,0,0,1,1,1 
