Code,Copert_V_name,Technology,Mode,Road.Slope,Load,Min.Speed,Max.Speed,Alpha,Beta,Gamma,Delta,Epsilon,Zita,Hta,RF,Q,PF,T
PCG_44,Passenger Cars_Petrol_Mini_Euro 4,,,,,5,130,5.50E-12,-0.033417612,5.109834522,-1.04E-07,0.001871536,-0.528830906,37.50573903,0,1,1,1 
PCG_45,Passenger Cars_Petrol_Mini_Euro 5,,,,,5,130,0.000445266,-0.102075932,6.876928223,10.38384947,0.001621048,-0.437563056,30.33733277,0,1,1,1 
PCG_46,Passenger Cars_Petrol_Mini_Euro 6 up to 2016,,,,,5,130,0.000851042,-0.179925714,11.29748761,16.90216992,0.00264282,-0.718982971,50.79368865,0,1,1,1 
PCG_47,Passenger Cars_Petrol_Mini_Euro 6 2017-2019,,,,,5,130,0.000709632,-0.147505135,9.127306244,8.823212876,0.002001726,-0.545454105,38.70206908,0,1,1,1 
PCG_48,Passenger Cars_Petrol_Mini_Euro 6 2020+,,,,,5,130,0.000709632,-0.147505135,9.127306244,8.823212876,0.002001726,-0.545454105,38.70206908,0,1,1,1 
PCG_1,Passenger Cars_Petrol_Small_PRE ECE,,,,,10,130,5.11E-05,-0.011168842,0.781285089,15.31617818,1.86E-08,-0.000145353,0.034631454,0,1,1,1 
PCG_2,Passenger Cars_Petrol_Small_ECE 15/00-01,,,,,10,130,0.000194128,-0.020742314,0.988185431,16.37243892,6.09E-07,4.01E-05,0.044491353,0,1,1,1 
PCG_3,Passenger Cars_Petrol_Small_ECE 15/02,,,,,10,130,1.97E-05,-0.002738675,0.055209901,5.719321934,1.24E-06,-0.000228222,0.014719689,0,1,1,1 
PCG_4,Passenger Cars_Petrol_Small_ECE 15/03,,,,,10,130,1.38E-05,-0.003838486,0.344235374,4.703134868,-3.25E-06,0.000402946,0.010533482,0,1,1,1 
PCG_5,Passenger Cars_Petrol_Small_ECE 15/04,,,,,10,130,6.82E-06,-0.000785716,-0.016810142,4.96227077,1.12E-06,-0.000227815,0.016878781,0,1,1,1 
PCG_6,Passenger Cars_Petrol_Small_Improved Conventional,,,,,10,130,0.086340632,-10.24380383,507.9045185,3.19E-08,4.27E-14,-9.14E-12,34.84287017,0,1,1,1 
PCG_7,Passenger Cars_Petrol_Small_Open Loop,,,,,10,130,0.002350151,-0.31363076,14.87624736,6.04E-11,-2.42E-16,6.00E-15,0.831911831,0,1,1,1 
PCG_8,Passenger Cars_Petrol_Small_Euro 1,,,,,5,130,0.000527709,-0.079119828,8.693715335,3.44E-12,-0.000738169,0.100307823,0.779481244,0,1,1,1 
PCG_9,Passenger Cars_Petrol_Small_Euro 2,,,,,5,130,-6.49E-06,0.005877958,2.339936978,7.43E-13,-0.000974238,0.135279405,0.038660255,0,1,1,1 
PCG_10,Passenger Cars_Petrol_Small_Euro 3,,,,,5,130,7.22E-14,6.753294739,42.32724901,3.23E-07,-0.146573192,20.90033725,0.590294094,0,1,1,1 
PCG_11,Passenger Cars_Petrol_Small_Euro 4,,,,,5,130,5.50E-12,-0.033417612,5.109834522,-1.04E-07,0.001871536,-0.528830906,37.50573903,0,1,1,1 
PCG_12,Passenger Cars_Petrol_Small_Euro 5,,,,,5,130,0.000445266,-0.102075932,6.876928223,10.38384947,0.001621048,-0.437563056,30.33733277,0,1,1,1 
PCG_13,Passenger Cars_Petrol_Small_Euro 6 up to 2016,,,,,5,130,0.000851042,-0.179925714,11.29748761,16.90216992,0.00264282,-0.718982971,50.79368865,0,1,1,1 
PCG_14,Passenger Cars_Petrol_Small_Euro 6 2017-2019,,,,,5,130,0.000709632,-0.147505135,9.127306244,8.823212876,0.002001726,-0.545454105,38.70206908,0,1,1,1 
PCG_15,Passenger Cars_Petrol_Small_Euro 6 2020+,,,,,5,130,0.000709632,-0.147505135,9.127306244,8.823212876,0.002001726,-0.545454105,38.70206908,0,1,1,1 
PCG_16,Passenger Cars_Petrol_Medium_PRE ECE,,,,,10,130,5.11E-05,-0.011168842,0.781285089,15.31617818,1.86E-08,-0.000145353,0.034631454,0,1,1,1 
PCG_17,Passenger Cars_Petrol_Medium_ECE 15/00-01,,,,,10,130,0.000194128,-0.020742314,0.988185431,16.37243892,6.09E-07,4.01E-05,0.044491353,0,1,1,1 
PCG_18,Passenger Cars_Petrol_Medium_ECE 15/02,,,,,10,130,1.97E-05,-0.002738675,0.055209901,5.719321934,1.24E-06,-0.000228222,0.014719689,0,1,1,1 
PCG_19,Passenger Cars_Petrol_Medium_ECE 15/03,,,,,10,130,1.38E-05,-0.003838486,0.344235374,4.703134868,-3.25E-06,0.000402946,0.010533482,0,1,1,1 
PCG_20,Passenger Cars_Petrol_Medium_ECE 15/04,,,,,10,130,6.82E-06,-0.000785716,-0.016810142,4.96227077,1.12E-06,-0.000227815,0.016878781,0,1,1,1 
PCG_21,Passenger Cars_Petrol_Medium_Improved Conventional,,,,,10,130,0.000925777,-0.146170198,8.00308438,1.65E-10,-1.75E-15,1.09E-15,0.967373913,0,1,1,1 
PCG_22,Passenger Cars_Petrol_Medium_Open Loop,,,,,10,130,0.010799586,-1.224840184,50.2774221,2.00E-12,-1.27E-17,5.14E-16,5.322615086,0,1,1,1 
PCG_23,Passenger Cars_Petrol_Medium_Euro 1,,,,,5,130,0.000527709,-0.079119828,8.693715335,3.44E-12,-0.000738169,0.100307823,0.779481244,0,1,1,1 
PCG_24,Passenger Cars_Petrol_Medium_Euro 2,,,,,5,130,-6.49E-06,0.005877958,2.339936978,7.43E-13,-0.000974238,0.135279405,0.038660255,0,1,1,1 
PCG_25,Passenger Cars_Petrol_Medium_Euro 3,,,,,5,130,7.22E-14,6.753294739,42.32724901,3.23E-07,-0.146573192,20.90033725,0.590294094,0,1,1,1 
PCG_26,Passenger Cars_Petrol_Medium_Euro 4,,,,,5,130,5.50E-12,-0.033417612,5.109834522,-1.04E-07,0.001871536,-0.528830906,37.50573903,0,1,1,1 
PCG_27,Passenger Cars_Petrol_Medium_Euro 5,,,,,5,130,0.000445266,-0.102075932,6.876928223,10.38384947,0.001621048,-0.437563056,30.33733277,0,1,1,1 
PCG_28,Passenger Cars_Petrol_Medium_Euro 6 up to 2016,,,,,5,130,0.000851042,-0.179925714,11.29748761,16.90216992,0.00264282,-0.718982971,50.79368865,0,1,1,1 
PCG_29,Passenger Cars_Petrol_Medium_Euro 6 2017-2019,,,,,5,130,0.000709632,-0.147505135,9.127306244,8.823212876,0.002001726,-0.545454105,38.70206908,0,1,1,1 
PCG_30,Passenger Cars_Petrol_Medium_Euro 6 2020+,,,,,5,130,0.000709632,-0.147505135,9.127306244,8.823212876,0.002001726,-0.545454105,38.70206908,0,1,1,1 
PCG_31,Passenger Cars_Petrol_Large-SUV-Executive_PRE ECE,,,,,10,130,5.11E-05,-0.011168842,0.781285089,15.31617818,1.86E-08,-0.000145353,0.034631454,0,1,1,1 
PCG_32,Passenger Cars_Petrol_Large-SUV-Executive_ECE 15/00-01,,,,,10,130,0.000194128,-0.020742314,0.988185431,16.37243892,6.09E-07,4.01E-05,0.044491353,0,1,1,1 
PCG_33,Passenger Cars_Petrol_Large-SUV-Executive_ECE 15/02,,,,,10,130,1.97E-05,-0.002738675,0.055209901,5.719321934,1.24E-06,-0.000228222,0.014719689,0,1,1,1 
PCG_34,Passenger Cars_Petrol_Large-SUV-Executive_ECE 15/03,,,,,10,130,1.38E-05,-0.003838486,0.344235374,4.703134868,-3.25E-06,0.000402946,0.010533482,0,1,1,1 
PCG_35,Passenger Cars_Petrol_Large-SUV-Executive_ECE 15/04,,,,,10,130,6.82E-06,-0.000785716,-0.016810142,4.96227077,1.12E-06,-0.000227815,0.016878781,0,1,1,1 
PCG_36,Passenger Cars_Petrol_Large-SUV-Executive_Euro 1,,,,,5,130,0.000527709,-0.079119828,8.693715335,3.44E-12,-0.000738169,0.100307823,0.779481244,0,1,1,1 
PCG_37,Passenger Cars_Petrol_Large-SUV-Executive_Euro 2,,,,,5,130,-6.49E-06,0.005877958,2.339936978,7.43E-13,-0.000974238,0.135279405,0.038660255,0,1,1,1 
PCG_38,Passenger Cars_Petrol_Large-SUV-Executive_Euro 3,,,,,5,130,7.22E-14,6.753294739,42.32724901,3.23E-07,-0.146573192,20.90033725,0.590294094,0,1,1,1 
PCG_39,Passenger Cars_Petrol_Large-SUV-Executive_Euro 4,,,,,5,130,5.50E-12,-0.033417612,5.109834522,-1.04E-07,0.001871536,-0.528830906,37.50573903,0,1,1,1 
PCG_40,Passenger Cars_Petrol_Large-SUV-Executive_Euro 5,,,,,5,130,0.000445266,-0.102075932,6.876928223,10.38384947,0.001621048,-0.437563056,30.33733277,0,1,1,1 
PCG_41,Passenger Cars_Petrol_Large-SUV-Executive_Euro 6 up to 2016,,,,,5,130,0.000851042,-0.179925714,11.29748761,16.90216992,0.00264282,-0.718982971,50.79368865,0,1,1,1 
PCG_42,Passenger Cars_Petrol_Large-SUV-Executive_Euro 6 2017-2019,,,,,5,130,0.000709632,-0.147505135,9.127306244,8.823212876,0.002001726,-0.545454105,38.70206908,0,1,1,1 
PCG_43,Passenger Cars_Petrol_Large-SUV-Executive_Euro 6 2020+,,,,,5,130,0.000709632,-0.147505135,9.127306244,8.823212876,0.002001726,-0.545454105,38.70206908,0,1,1,1 
PCD_28,Passenger Cars_Diesel_Mini_Euro 4,,,,,10,130,8.50E-05,-0.012728088,0.999003862,0.882469675,0.001982367,0.04202091,2.876822862,0,1,1,1 
PCD_29,Passenger Cars_Diesel_Mini_Euro 5,,,,,10,120,-0.001667067,0.212609273,-0.744959136,0.717101531,0.027359958,1.513203088,7.41E-09,0,1,1,1 
PCD_30,Passenger Cars_Diesel_Mini_Euro 6 up to 2016,,,,,10,130,3.31E-05,-0.005727832,0.282346192,0.943071292,0.000354315,-0.070543085,4.611405233,0,1,1,1 
PCD_31,Passenger Cars_Diesel_Mini_Euro 6 2017-2019,,,,,10,130,3.31E-05,-0.005727832,0.282346192,0.943071292,0.000354315,-0.070543085,4.611405233,0,1,1,1 
PCD_32,Passenger Cars_Diesel_Mini_Euro 6 2020+,,,,,10,130,3.31E-05,-0.005727832,0.282346192,0.943071292,0.000354315,-0.070543085,4.611405233,0,1,1,1 
PCD_1,Passenger Cars_Diesel_Small_Conventional,,,,,10,130,5.35E-05,0.039799759,1.550324902,3.716106742,0.000701614,0.081349501,0.728396267,0,1,1,1 
PCD_2,Passenger Cars_Diesel_Small_Euro 1,,,,,10,120,0.000167546,-0.028897926,1.530647962,5.91E-13,-1.52E-16,1.01E-15,1.5371237,0,1,1,1 
PCD_3,Passenger Cars_Diesel_Small_Euro 2,,,,,10,120,0.000153316,-0.03041853,1.572868342,4.25E-12,-4.30E-16,-3.40E-15,1.748191402,0,1,1,1 
PCD_4,Passenger Cars_Diesel_Small_Euro 3,,,,,10,120,1.91E-05,-0.004473278,0.258343902,1.678281467,-8.13E-17,6.01E-15,1.531944365,0,1,1,1 
PCD_5,Passenger Cars_Diesel_Small_Euro 4,,,,,10,130,8.50E-05,-0.012728088,0.999003862,0.882469675,0.001982367,0.04202091,2.876822862,0,1,1,1 
PCD_6,Passenger Cars_Diesel_Small_Euro 5,,,,,10,120,-0.001667067,0.212609273,-0.744959136,0.717101531,0.027359958,1.513203088,7.41E-09,0,1,1,1 
PCD_7,Passenger Cars_Diesel_Small_Euro 6 up to 2016,,,,,10,130,3.31E-05,-0.005727832,0.282346192,0.943071292,0.000354315,-0.070543085,4.611405233,0,1,1,1 
PCD_8,Passenger Cars_Diesel_Small_Euro 6 2017-2019,,,,,10,130,3.31E-05,-0.005727832,0.282346192,0.943071292,0.000354315,-0.070543085,4.611405233,0,1,1,1 
PCD_9,Passenger Cars_Diesel_Small_Euro 6 2020+,,,,,10,130,3.31E-05,-0.005727832,0.282346192,0.943071292,0.000354315,-0.070543085,4.611405233,0,1,1,1 
PCD_10,Passenger Cars_Diesel_Medium_Conventional,,,,,10,130,5.35E-05,0.039799759,1.550324902,3.716106742,0.000701614,0.081349501,0.728396267,0,1,1,1 
PCD_11,Passenger Cars_Diesel_Medium_Euro 1,,,,,10,120,0.000167546,-0.028897926,1.530647962,5.91E-13,-1.52E-16,1.01E-15,1.5371237,0,1,1,1 
PCD_12,Passenger Cars_Diesel_Medium_Euro 2,,,,,10,120,0.000153316,-0.03041853,1.572868342,4.25E-12,-4.30E-16,-3.40E-15,1.748191402,0,1,1,1 
PCD_13,Passenger Cars_Diesel_Medium_Euro 3,,,,,10,120,1.91E-05,-0.004473278,0.258343902,1.678281467,-8.13E-17,6.01E-15,1.531944365,0,1,1,1 
PCD_14,Passenger Cars_Diesel_Medium_Euro 4,,,,,10,130,8.50E-05,-0.012728088,0.999003862,0.882469675,0.001982367,0.04202091,2.876822862,0,1,1,1 
PCD_15,Passenger Cars_Diesel_Medium_Euro 5,,,,,10,120,-0.001667067,0.212609273,-0.744959136,0.717101531,0.027359958,1.513203088,7.41E-09,0,1,1,1 
PCD_16,Passenger Cars_Diesel_Medium_Euro 6 up to 2016,,,,,10,130,3.31E-05,-0.005727832,0.282346192,0.943071292,0.000354315,-0.070543085,4.611405233,0,1,1,1 
PCD_17,Passenger Cars_Diesel_Medium_Euro 6 2017-2019,,,,,10,130,3.31E-05,-0.005727832,0.282346192,0.943071292,0.000354315,-0.070543085,4.611405233,0,1,1,1 
PCD_18,Passenger Cars_Diesel_Medium_Euro 6 2020+,,,,,10,130,3.31E-05,-0.005727832,0.282346192,0.943071292,0.000354315,-0.070543085,4.611405233,0,1,1,1 
PCD_19,Passenger Cars_Diesel_Large-SUV-Executive_Conventional,,,,,10,130,5.35E-05,0.039799759,1.550324902,3.716106742,0.000701614,0.081349501,0.728396267,0,1,1,1 
PCD_20,Passenger Cars_Diesel_Large-SUV-Executive_Euro 1,,,,,10,120,0.000167546,-0.028897926,1.530647962,5.91E-13,-1.52E-16,1.01E-15,1.5371237,0,1,1,1 
PCD_21,Passenger Cars_Diesel_Large-SUV-Executive_Euro 2,,,,,10,120,0.000153316,-0.03041853,1.572868342,4.25E-12,-4.30E-16,-3.40E-15,1.748191402,0,1,1,1 
PCD_22,Passenger Cars_Diesel_Large-SUV-Executive_Euro 3,,,,,10,120,1.91E-05,-0.004473278,0.258343902,1.678281467,-8.13E-17,6.01E-15,1.531944365,0,1,1,1 
PCD_23,Passenger Cars_Diesel_Large-SUV-Executive_Euro 4,,,,,10,130,8.50E-05,-0.012728088,0.999003862,0.882469675,0.001982367,0.04202091,2.876822862,0,1,1,1 
PCD_24,Passenger Cars_Diesel_Large-SUV-Executive_Euro 5,,,,,10,120,-0.001667067,0.212609273,-0.744959136,0.717101531,0.027359958,1.513203088,7.41E-09,0,1,1,1 
PCD_25,Passenger Cars_Diesel_Large-SUV-Executive_Euro 6 up to 2016,,,,,10,130,3.31E-05,-0.005727832,0.282346192,0.943071292,0.000354315,-0.070543085,4.611405233,0,1,1,1 
PCD_26,Passenger Cars_Diesel_Large-SUV-Executive_Euro 6 2017-2019,,,,,10,130,3.31E-05,-0.005727832,0.282346192,0.943071292,0.000354315,-0.070543085,4.611405233,0,1,1,1 
PCD_27,Passenger Cars_Diesel_Large-SUV-Executive_Euro 6 2020+,,,,,10,130,3.31E-05,-0.005727832,0.282346192,0.943071292,0.000354315,-0.070543085,4.611405233,0,1,1,1 
PCH_1,Passenger Cars_Petrol Hybrid_Mini_Euro 4,,,,,20,130,-8.91E-07,0.002758629,0.354804385,3.437857809,0.002266921,0.18808284,1.121455247,0,1,1,1 
PCH_2,Passenger Cars_Petrol Hybrid_Mini_Euro 5,,,,,20,130,-8.91E-07,0.002758629,0.354804385,3.437857809,0.002266921,0.18808284,1.121455247,0,1,1,1 
PCH_3,Passenger Cars_Petrol Hybrid_Mini_Euro 6 up to 2016,,,,,20,130,-8.91E-07,0.002758629,0.354804385,3.437857809,0.002266921,0.18808284,1.121455247,0,1,1,1 
PCH_4,Passenger Cars_Petrol Hybrid_Mini_Euro 6 2017-2019,,,,,20,130,-8.91E-07,0.002758629,0.354804385,3.437857809,0.002266921,0.18808284,1.121455247,0,1,1,1 
PCH_5,Passenger Cars_Petrol Hybrid_Mini_Euro 6 2020+,,,,,20,130,-8.91E-07,0.002758629,0.354804385,3.437857809,0.002266921,0.18808284,1.121455247,0,1,1,1 
PCH_6,Passenger Cars_Petrol Hybrid_Small_Euro 4,,,,,20,130,-8.91E-07,0.002758629,0.354804385,3.437857809,0.002266921,0.18808284,1.121455247,0,1,1,1 
PCH_7,Passenger Cars_Petrol Hybrid_Small_Euro 5,,,,,20,130,-8.91E-07,0.002758629,0.354804385,3.437857809,0.002266921,0.18808284,1.121455247,0,1,1,1 
PCH_8,Passenger Cars_Petrol Hybrid_Small_Euro 6 up to 2016,,,,,20,130,-8.91E-07,0.002758629,0.354804385,3.437857809,0.002266921,0.18808284,1.121455247,0,1,1,1 
PCH_9,Passenger Cars_Petrol Hybrid_Small_Euro 6 2017-2019,,,,,20,130,-8.91E-07,0.002758629,0.354804385,3.437857809,0.002266921,0.18808284,1.121455247,0,1,1,1 
PCH_10,Passenger Cars_Petrol Hybrid_Small_Euro 6 2020+,,,,,20,130,-8.91E-07,0.002758629,0.354804385,3.437857809,0.002266921,0.18808284,1.121455247,0,1,1,1 
PCH_11,Passenger Cars_Petrol Hybrid_Medium_Euro 4,,,,,20,130,-8.91E-07,0.002758629,0.354804385,3.437857809,0.002266921,0.18808284,1.121455247,0,1,1,1 
PCH_12,Passenger Cars_Petrol Hybrid_Medium_Euro 5,,,,,20,130,-8.91E-07,0.002758629,0.354804385,3.437857809,0.002266921,0.18808284,1.121455247,0,1,1,1 
PCH_13,Passenger Cars_Petrol Hybrid_Medium_Euro 6 up to 2016,,,,,20,130,-8.91E-07,0.002758629,0.354804385,3.437857809,0.002266921,0.18808284,1.121455247,0,1,1,1 
PCH_14,Passenger Cars_Petrol Hybrid_Medium_Euro 6 2017-2019,,,,,20,130,-8.91E-07,0.002758629,0.354804385,3.437857809,0.002266921,0.18808284,1.121455247,0,1,1,1 
PCH_15,Passenger Cars_Petrol Hybrid_Medium_Euro 6 2020+,,,,,20,130,-8.91E-07,0.002758629,0.354804385,3.437857809,0.002266921,0.18808284,1.121455247,0,1,1,1 
PCH_16,Passenger Cars_Petrol Hybrid_Large-SUV-Executive_Euro 4,,,,,20,130,-8.91E-07,0.002758629,0.354804385,3.437857809,0.002266921,0.18808284,1.121455247,0,1,1,1 
PCH_17,Passenger Cars_Petrol Hybrid_Large-SUV-Executive_Euro 5,,,,,20,130,-8.91E-07,0.002758629,0.354804385,3.437857809,0.002266921,0.18808284,1.121455247,0,1,1,1 
PCH_18,Passenger Cars_Petrol Hybrid_Large-SUV-Executive_Euro 6 up to 2016,,,,,20,130,-8.91E-07,0.002758629,0.354804385,3.437857809,0.002266921,0.18808284,1.121455247,0,1,1,1 
PCH_19,Passenger Cars_Petrol Hybrid_Large-SUV-Executive_Euro 6 2017-2019,,,,,20,130,-8.91E-07,0.002758629,0.354804385,3.437857809,0.002266921,0.18808284,1.121455247,0,1,1,1 
PCH_20,Passenger Cars_Petrol Hybrid_Large-SUV-Executive_Euro 6 2020+,,,,,20,130,-8.91E-07,0.002758629,0.354804385,3.437857809,0.002266921,0.18808284,1.121455247,0,1,1,1 
PCLPG_1,Passenger Cars_LPG Bifuel ~ LPG_Mini_Euro 4,,,,,5,130,5.50E-12,-0.033417612,5.109834522,-1.04E-07,0.001871536,-0.528830906,37.50573903,0,1,1,1 
PCB_1,Passenger Cars_LPG Bifuel ~ Petrol_Mini_Euro 4,,,,,5,130,5.50E-12,-0.033417612,5.109834522,-1.04E-07,0.001871536,-0.528830906,37.50573903,0,1,1,1 
PCLPG_2,Passenger Cars_LPG Bifuel ~ LPG_Mini_Euro 5,,,,,5,130,5.50E-12,-0.033417612,5.109834522,-1.04E-07,0.001871536,-0.528830906,37.50573903,0,1,1,1 
PCB_2,Passenger Cars_LPG Bifuel ~ Petrol_Mini_Euro 5,,,,,5,130,0.000445266,-0.102075932,6.876928223,10.38384947,0.001621048,-0.437563056,30.33733277,0,1,1,1 
PCLPG_3,Passenger Cars_LPG Bifuel ~ LPG_Mini_Euro 6,,,,,5,130,5.50E-12,-0.033417612,5.109834522,-1.04E-07,0.001871536,-0.528830906,37.50573903,0,1,1,1 
PCB_3,Passenger Cars_LPG Bifuel ~ Petrol_Mini_Euro 6,,,,,5,130,0.000851042,-0.179925714,11.29748761,16.90216992,0.00264282,-0.718982971,50.79368865,0,1,1,1 
PCLPG_4,Passenger Cars_LPG Bifuel ~ LPG_Small_Conventional,,,,,10,130,0.242597388,-26.00146362,778.9864327,8.89E-10,1.24E-15,-2.38E-13,62.20445841,0,1,1,1 
PCB_4,Passenger Cars_LPG Bifuel ~ Petrol_Small_Conventional,,,,,10,130,0.002350151,-0.31363076,14.87624736,6.04E-11,-2.42E-16,6.00E-15,0.831911831,0,1,1,1 
PCLPG_5,Passenger Cars_LPG Bifuel ~ LPG_Small_Euro 1,,,,,10,130,0.032763601,-3.469963146,125.3892777,3.23E-09,9.75E-15,-2.23E-12,29.78509138,0,1,1,1 
PCB_5,Passenger Cars_LPG Bifuel ~ Petrol_Small_Euro 1,,,,,5,130,0.000527709,-0.079119828,8.693715335,3.44E-12,-0.000738169,0.100307823,0.779481244,0,1,1,1 
PCLPG_6,Passenger Cars_LPG Bifuel ~ LPG_Small_Euro 2,,,,,10,130,0.01555668,-1.647593815,59.53682784,6.47E-11,1.83E-16,-5.40E-14,20.79770027,0,1,1,1 
PCB_6,Passenger Cars_LPG Bifuel ~ Petrol_Small_Euro 2,,,,,5,130,-6.49E-06,0.005877958,2.339936978,7.43E-13,-0.000974238,0.135279405,0.038660255,0,1,1,1 
PCLPG_7,Passenger Cars_LPG Bifuel ~ LPG_Small_Euro 3,,,,,5,130,7.22E-14,6.753294739,42.32724901,3.23E-07,-0.146573192,20.90033725,0.590294094,0,1,1,1 
PCB_7,Passenger Cars_LPG Bifuel ~ Petrol_Small_Euro 3,,,,,5,130,7.22E-14,6.753294739,42.32724901,3.23E-07,-0.146573192,20.90033725,0.590294094,0,1,1,1 
PCLPG_8,Passenger Cars_LPG Bifuel ~ LPG_Small_Euro 4,,,,,5,130,5.50E-12,-0.033417612,5.109834522,-1.04E-07,0.001871536,-0.528830906,37.50573903,0,1,1,1 
PCB_8,Passenger Cars_LPG Bifuel ~ Petrol_Small_Euro 4,,,,,5,130,5.50E-12,-0.033417612,5.109834522,-1.04E-07,0.001871536,-0.528830906,37.50573903,0,1,1,1 
PCLPG_9,Passenger Cars_LPG Bifuel ~ LPG_Small_Euro 5,,,,,5,130,5.50E-12,-0.033417612,5.109834522,-1.04E-07,0.001871536,-0.528830906,37.50573903,0,1,1,1 
PCB_9,Passenger Cars_LPG Bifuel ~ Petrol_Small_Euro 5,,,,,5,130,0.000445266,-0.102075932,6.876928223,10.38384947,0.001621048,-0.437563056,30.33733277,0,1,1,1 
PCLPG_10,Passenger Cars_LPG Bifuel ~ LPG_Small_Euro 6,,,,,5,130,5.50E-12,-0.033417612,5.109834522,-1.04E-07,0.001871536,-0.528830906,37.50573903,0,1,1,1 
PCB_10,Passenger Cars_LPG Bifuel ~ Petrol_Small_Euro 6,,,,,5,130,0.000851042,-0.179925714,11.29748761,16.90216992,0.00264282,-0.718982971,50.79368865,0,1,1,1 
PCLPG_11,Passenger Cars_LPG Bifuel ~ LPG_Medium_Conventional,,,,,10,130,0.242597388,-26.00146362,778.9864327,8.89E-10,1.24E-15,-2.38E-13,62.20445841,0,1,1,1 
PCB_11,Passenger Cars_LPG Bifuel ~ Petrol_Medium_Conventional,,,,,10,130,0.010799586,-1.224840184,50.2774221,2.00E-12,-1.27E-17,5.14E-16,5.322615086,0,1,1,1 
PCLPG_12,Passenger Cars_LPG Bifuel ~ LPG_Medium_Euro 1,,,,,10,130,0.032763601,-3.469963146,125.3892777,3.23E-09,9.75E-15,-2.23E-12,29.78509138,0,1,1,1 
PCB_12,Passenger Cars_LPG Bifuel ~ Petrol_Medium_Euro 1,,,,,5,130,0.000527709,-0.079119828,8.693715335,3.44E-12,-0.000738169,0.100307823,0.779481244,0,1,1,1 
PCLPG_13,Passenger Cars_LPG Bifuel ~ LPG_Medium_Euro 2,,,,,10,130,0.01555668,-1.647593815,59.53682784,6.47E-11,1.83E-16,-5.40E-14,20.79770027,0,1,1,1 
PCB_13,Passenger Cars_LPG Bifuel ~ Petrol_Medium_Euro 2,,,,,5,130,-6.49E-06,0.005877958,2.339936978,7.43E-13,-0.000974238,0.135279405,0.038660255,0,1,1,1 
PCLPG_14,Passenger Cars_LPG Bifuel ~ LPG_Medium_Euro 3,,,,,5,130,7.22E-14,6.753294739,42.32724901,3.23E-07,-0.146573192,20.90033725,0.590294094,0,1,1,1 
PCB_14,Passenger Cars_LPG Bifuel ~ Petrol_Medium_Euro 3,,,,,5,130,7.22E-14,6.753294739,42.32724901,3.23E-07,-0.146573192,20.90033725,0.590294094,0,1,1,1 
PCLPG_15,Passenger Cars_LPG Bifuel ~ LPG_Medium_Euro 4,,,,,5,130,5.50E-12,-0.033417612,5.109834522,-1.04E-07,0.001871536,-0.528830906,37.50573903,0,1,1,1 
PCB_15,Passenger Cars_LPG Bifuel ~ Petrol_Medium_Euro 4,,,,,5,130,5.50E-12,-0.033417612,5.109834522,-1.04E-07,0.001871536,-0.528830906,37.50573903,0,1,1,1 
PCLPG_16,Passenger Cars_LPG Bifuel ~ LPG_Medium_Euro 5,,,,,5,130,5.50E-12,-0.033417612,5.109834522,-1.04E-07,0.001871536,-0.528830906,37.50573903,0,1,1,1 
PCB_16,Passenger Cars_LPG Bifuel ~ Petrol_Medium_Euro 5,,,,,5,130,0.000445266,-0.102075932,6.876928223,10.38384947,0.001621048,-0.437563056,30.33733277,0,1,1,1 
PCLPG_17,Passenger Cars_LPG Bifuel ~ LPG_Medium_Euro 6,,,,,5,130,5.50E-12,-0.033417612,5.109834522,-1.04E-07,0.001871536,-0.528830906,37.50573903,0,1,1,1 
PCB_17,Passenger Cars_LPG Bifuel ~ Petrol_Medium_Euro 6,,,,,5,130,0.000851042,-0.179925714,11.29748761,16.90216992,0.00264282,-0.718982971,50.79368865,0,1,1,1 
PCLPG_18,Passenger Cars_LPG Bifuel ~ LPG_Large-SUV-Executive_Conventional,,,,,10,130,0.242597388,-26.00146362,778.9864327,8.89E-10,1.24E-15,-2.38E-13,62.20445841,0,1,1,1 
PCB_18,Passenger Cars_LPG Bifuel ~ Petrol_Large-SUV-Executive_Conventional,,,,,10,130,6.82E-06,-0.000785716,-0.016810142,4.96227077,1.12E-06,-0.000227815,0.016878781,0,1,1,1 
PCLPG_19,Passenger Cars_LPG Bifuel ~ LPG_Large-SUV-Executive_Euro 1,,,,,10,130,0.032763601,-3.469963146,125.3892777,3.23E-09,9.75E-15,-2.23E-12,29.78509138,0,1,1,1 
PCB_19,Passenger Cars_LPG Bifuel ~ Petrol_Large-SUV-Executive_Euro 1,,,,,5,130,0.000527709,-0.079119828,8.693715335,3.44E-12,-0.000738169,0.100307823,0.779481244,0,1,1,1 
PCLPG_20,Passenger Cars_LPG Bifuel ~ LPG_Large-SUV-Executive_Euro 2,,,,,10,130,0.01555668,-1.647593815,59.53682784,6.47E-11,1.83E-16,-5.40E-14,20.79770027,0,1,1,1 
PCB_20,Passenger Cars_LPG Bifuel ~ Petrol_Large-SUV-Executive_Euro 2,,,,,5,130,-6.49E-06,0.005877958,2.339936978,7.43E-13,-0.000974238,0.135279405,0.038660255,0,1,1,1 
PCLPG_21,Passenger Cars_LPG Bifuel ~ LPG_Large-SUV-Executive_Euro 3,,,,,5,130,7.22E-14,6.753294739,42.32724901,3.23E-07,-0.146573192,20.90033725,0.590294094,0,1,1,1 
PCB_21,Passenger Cars_LPG Bifuel ~ Petrol_Large-SUV-Executive_Euro 3,,,,,5,130,7.22E-14,6.753294739,42.32724901,3.23E-07,-0.146573192,20.90033725,0.590294094,0,1,1,1 
PCLPG_22,Passenger Cars_LPG Bifuel ~ LPG_Large-SUV-Executive_Euro 4,,,,,5,130,5.50E-12,-0.033417612,5.109834522,-1.04E-07,0.001871536,-0.528830906,37.50573903,0,1,1,1 
PCB_22,Passenger Cars_LPG Bifuel ~ Petrol_Large-SUV-Executive_Euro 4,,,,,5,130,5.50E-12,-0.033417612,5.109834522,-1.04E-07,0.001871536,-0.528830906,37.50573903,0,1,1,1 
PCLPG_23,Passenger Cars_LPG Bifuel ~ LPG_Large-SUV-Executive_Euro 5,,,,,5,130,5.50E-12,-0.033417612,5.109834522,-1.04E-07,0.001871536,-0.528830906,37.50573903,0,1,1,1 
PCB_23,Passenger Cars_LPG Bifuel ~ Petrol_Large-SUV-Executive_Euro 5,,,,,5,130,0.000445266,-0.102075932,6.876928223,10.38384947,0.001621048,-0.437563056,30.33733277,0,1,1,1 
PCLPG_24,Passenger Cars_LPG Bifuel ~ LPG_Large-SUV-Executive_Euro 6,,,,,5,130,5.50E-12,-0.033417612,5.109834522,-1.04E-07,0.001871536,-0.528830906,37.50573903,0,1,1,1 
PCB_24,Passenger Cars_LPG Bifuel ~ Petrol_Large-SUV-Executive_Euro 6,,,,,5,130,0.000851042,-0.179925714,11.29748761,16.90216992,0.00264282,-0.718982971,50.79368865,0,1,1,1 
PCCNG_1,Passenger Cars_CNG Bifuel ~ CNG_Mini_Euro 4,,,,,5,130,5.50E-12,-0.033417612,5.109834522,-1.04E-07,0.001871536,-0.528830906,37.50573903,0,1,1,1 
PCB_25,Passenger Cars_CNG Bifuel ~ Petrol_Mini_Euro 4,,,,,5,130,5.50E-12,-0.033417612,5.109834522,-1.04E-07,0.001871536,-0.528830906,37.50573903,0,1,1,1 
PCCNG_2,Passenger Cars_CNG Bifuel ~ CNG_Mini_Euro 5,,,,,5,130,5.50E-12,-0.033417612,5.109834522,-1.04E-07,0.001871536,-0.528830906,37.50573903,0,1,1,1 
PCB_26,Passenger Cars_CNG Bifuel ~ Petrol_Mini_Euro 5,,,,,5,130,0.000445266,-0.102075932,6.876928223,10.38384947,0.001621048,-0.437563056,30.33733277,0,1,1,1 
PCCNG_3,Passenger Cars_CNG Bifuel ~ CNG_Mini_Euro 6,,,,,5,130,5.50E-12,-0.033417612,5.109834522,-1.04E-07,0.001871536,-0.528830906,37.50573903,0,1,1,1 
PCB_27,Passenger Cars_CNG Bifuel ~ Petrol_Mini_Euro 6,,,,,5,130,0.000851042,-0.179925714,11.29748761,16.90216992,0.00264282,-0.718982971,50.79368865,0,1,1,1 
PCCNG_4,Passenger Cars_CNG Bifuel ~ CNG_Small_Euro 4,,,,,5,130,5.50E-12,-0.033417612,5.109834522,-1.04E-07,0.001871536,-0.528830906,37.50573903,0,1,1,1 
PCB_28,Passenger Cars_CNG Bifuel ~ Petrol_Small_Euro 4,,,,,5,130,5.50E-12,-0.033417612,5.109834522,-1.04E-07,0.001871536,-0.528830906,37.50573903,0,1,1,1 
PCCNG_5,Passenger Cars_CNG Bifuel ~ CNG_Small_Euro 5,,,,,5,130,5.50E-12,-0.033417612,5.109834522,-1.04E-07,0.001871536,-0.528830906,37.50573903,0,1,1,1 
PCB_29,Passenger Cars_CNG Bifuel ~ Petrol_Small_Euro 5,,,,,5,130,0.000445266,-0.102075932,6.876928223,10.38384947,0.001621048,-0.437563056,30.33733277,0,1,1,1 
PCCNG_6,Passenger Cars_CNG Bifuel ~ CNG_Small_Euro 6,,,,,5,130,5.50E-12,-0.033417612,5.109834522,-1.04E-07,0.001871536,-0.528830906,37.50573903,0,1,1,1 
PCB_30,Passenger Cars_CNG Bifuel ~ Petrol_Small_Euro 6,,,,,5,130,0.000851042,-0.179925714,11.29748761,16.90216992,0.00264282,-0.718982971,50.79368865,0,1,1,1 
PCCNG_7,Passenger Cars_CNG Bifuel ~ CNG_Medium_Euro 4,,,,,5,130,5.50E-12,-0.033417612,5.109834522,-1.04E-07,0.001871536,-0.528830906,37.50573903,0,1,1,1 
PCB_31,Passenger Cars_CNG Bifuel ~ Petrol_Medium_Euro 4,,,,,5,130,5.50E-12,-0.033417612,5.109834522,-1.04E-07,0.001871536,-0.528830906,37.50573903,0,1,1,1 
PCCNG_8,Passenger Cars_CNG Bifuel ~ CNG_Medium_Euro 5,,,,,5,130,5.50E-12,-0.033417612,5.109834522,-1.04E-07,0.001871536,-0.528830906,37.50573903,0,1,1,1 
PCB_32,Passenger Cars_CNG Bifuel ~ Petrol_Medium_Euro 5,,,,,5,130,0.000445266,-0.102075932,6.876928223,10.38384947,0.001621048,-0.437563056,30.33733277,0,1,1,1 
PCCNG_9,Passenger Cars_CNG Bifuel ~ CNG_Medium_Euro 6,,,,,5,130,5.50E-12,-0.033417612,5.109834522,-1.04E-07,0.001871536,-0.528830906,37.50573903,0,1,1,1 
PCB_33,Passenger Cars_CNG Bifuel ~ Petrol_Medium_Euro 6,,,,,5,130,0.000851042,-0.179925714,11.29748761,16.90216992,0.00264282,-0.718982971,50.79368865,0,1,1,1 
PCCNG_10,Passenger Cars_CNG Bifuel ~ CNG_Large-SUV-Executive_Euro 4,,,,,5,130,5.50E-12,-0.033417612,5.109834522,-1.04E-07,0.001871536,-0.528830906,37.50573903,0,1,1,1 
PCB_34,Passenger Cars_CNG Bifuel ~ Petrol_Large-SUV-Executive_Euro 4,,,,,5,130,5.50E-12,-0.033417612,5.109834522,-1.04E-07,0.001871536,-0.528830906,37.50573903,0,1,1,1 
PCCNG_11,Passenger Cars_CNG Bifuel ~ CNG_Large-SUV-Executive_Euro 5,,,,,5,130,5.50E-12,-0.033417612,5.109834522,-1.04E-07,0.001871536,-0.528830906,37.50573903,0,1,1,1 
PCB_35,Passenger Cars_CNG Bifuel ~ Petrol_Large-SUV-Executive_Euro 5,,,,,5,130,0.000445266,-0.102075932,6.876928223,10.38384947,0.001621048,-0.437563056,30.33733277,0,1,1,1 
PCCNG_12,Passenger Cars_CNG Bifuel ~ CNG_Large-SUV-Executive_Euro 6,,,,,5,130,5.50E-12,-0.033417612,5.109834522,-1.04E-07,0.001871536,-0.528830906,37.50573903,0,1,1,1 
PCB_36,Passenger Cars_CNG Bifuel ~ Petrol_Large-SUV-Executive_Euro 6,,,,,5,130,0.000851042,-0.179925714,11.29748761,16.90216992,0.00264282,-0.718982971,50.79368865,0,1,1,1 
LDVG_1,Light Commercial Vehicles_Petrol_N1-I_Conventional,,,,,10,110,0.000852144,-0.116799288,4.460556486,-5.12E-09,-1.12E-14,7.61E-13,0.077186947,0,1,1,1 
LDVG_2,Light Commercial Vehicles_Petrol_N1-I_Euro 1,,,,,10,120,0.001391266,-0.196093251,7.1920913,-3.54E-12,-1.74E-17,1.38E-15,0.376017739,0,1,1,1 
LDVG_3,Light Commercial Vehicles_Petrol_N1-I_Euro 2,,,,,10,120,0.001124015,-0.158425374,5.810550582,-5.69E-12,-5.77E-17,4.29E-15,0.498012901,0,1,1,1 
LDVG_4,Light Commercial Vehicles_Petrol_N1-I_Euro 3,,,,,10,120,0.001009704,-0.14231364,5.219622234,-3.44E-12,-5.73E-17,3.93E-15,0.524794012,0,1,1,1 
LDVG_5,Light Commercial Vehicles_Petrol_N1-I_Euro 4,,,,,10,120,0.000800967,-0.112893054,4.140566517,5.25E-11,-1.03E-15,3.25E-14,0.773134185,0,1,1,1 
LDVG_6,Light Commercial Vehicles_Petrol_N1-I_Euro 5,,,,,5,140,0.001513827,-0.248286739,12.78276844,115.3064181,0.001742132,-0.500219917,37.22384164,0,1,1,1 
LDVG_7,Light Commercial Vehicles_Petrol_N1-I_Euro 6 up to 2016,,,,,5,140,0.001513827,-0.248286739,12.78276844,115.3064181,0.001742132,-0.500219917,37.22384164,0,1,1,1 
LDVG_8,Light Commercial Vehicles_Petrol_N1-I_Euro 6 2017-2019,,,,,5,140,0.001513827,-0.248286739,12.78276844,115.3064181,0.001742132,-0.500219917,37.22384164,0,1,1,1 
LDVG_9,Light Commercial Vehicles_Petrol_N1-I_Euro 6 2020+,,,,,5,140,0.001513827,-0.248286739,12.78276844,115.3064181,0.001742132,-0.500219917,37.22384164,0,1,1,1 
LDVG_10,Light Commercial Vehicles_Petrol_N1-II_Conventional,,,,,10,110,0.000852144,-0.116799288,4.460556486,-5.12E-09,-1.12E-14,7.61E-13,0.077186947,0,1,1,1 
LDVG_11,Light Commercial Vehicles_Petrol_N1-II_Euro 1,,,,,10,120,0.001391266,-0.196093251,7.1920913,-3.54E-12,-1.74E-17,1.38E-15,0.376017739,0,1,1,1 
LDVG_12,Light Commercial Vehicles_Petrol_N1-II_Euro 2,,,,,10,120,0.001124015,-0.158425374,5.810550582,-5.69E-12,-5.77E-17,4.29E-15,0.498012901,0,1,1,1 
LDVG_13,Light Commercial Vehicles_Petrol_N1-II_Euro 3,,,,,10,120,0.001009704,-0.14231364,5.219622234,-3.44E-12,-5.73E-17,3.93E-15,0.524794012,0,1,1,1 
LDVG_14,Light Commercial Vehicles_Petrol_N1-II_Euro 4,,,,,10,120,0.000800967,-0.112893054,4.140566517,5.25E-11,-1.03E-15,3.25E-14,0.773134185,0,1,1,1 
LDVG_15,Light Commercial Vehicles_Petrol_N1-II_Euro 5,,,,,5,140,0.001513827,-0.248286739,12.78276844,115.3064181,0.001742132,-0.500219917,37.22384164,0,1,1,1 
LDVG_16,Light Commercial Vehicles_Petrol_N1-II_Euro 6 up to 2017,,,,,5,140,0.001513827,-0.248286739,12.78276844,115.3064181,0.001742132,-0.500219917,37.22384164,0,1,1,1 
LDVG_17,Light Commercial Vehicles_Petrol_N1-II_Euro 6 2018-2020,,,,,5,140,0.001513827,-0.248286739,12.78276844,115.3064181,0.001742132,-0.500219917,37.22384164,0,1,1,1 
LDVG_18,Light Commercial Vehicles_Petrol_N1-II_Euro 6 2021+,,,,,5,140,0.001513827,-0.248286739,12.78276844,115.3064181,0.001742132,-0.500219917,37.22384164,0,1,1,1 
LDVG_19,Light Commercial Vehicles_Petrol_N1-III_Conventional,,,,,10,110,0.000852144,-0.116799288,4.460556486,-5.12E-09,-1.12E-14,7.61E-13,0.077186947,0,1,1,1 
LDVG_20,Light Commercial Vehicles_Petrol_N1-III_Euro 1,,,,,10,120,0.001391266,-0.196093251,7.1920913,-3.54E-12,-1.74E-17,1.38E-15,0.376017739,0,1,1,1 
LDVG_21,Light Commercial Vehicles_Petrol_N1-III_Euro 2,,,,,10,120,0.001124015,-0.158425374,5.810550582,-5.69E-12,-5.77E-17,4.29E-15,0.498012901,0,1,1,1 
LDVG_22,Light Commercial Vehicles_Petrol_N1-III_Euro 3,,,,,10,120,0.001009704,-0.14231364,5.219622234,-3.44E-12,-5.73E-17,3.93E-15,0.524794012,0,1,1,1 
LDVG_23,Light Commercial Vehicles_Petrol_N1-III_Euro 4,,,,,10,120,0.000800967,-0.112893054,4.140566517,5.25E-11,-1.03E-15,3.25E-14,0.773134185,0,1,1,1 
LDVG_24,Light Commercial Vehicles_Petrol_N1-III_Euro 5,,,,,5,140,0.001513827,-0.248286739,12.78276844,115.3064181,0.001742132,-0.500219917,37.22384164,0,1,1,1 
LDVG_25,Light Commercial Vehicles_Petrol_N1-III_Euro 6 up to 2017,,,,,5,140,0.001513827,-0.248286739,12.78276844,115.3064181,0.001742132,-0.500219917,37.22384164,0,1,1,1 
LDVG_26,Light Commercial Vehicles_Petrol_N1-III_Euro 6 2018-2020,,,,,5,140,0.001513827,-0.248286739,12.78276844,115.3064181,0.001742132,-0.500219917,37.22384164,0,1,1,1 
LDVG_27,Light Commercial Vehicles_Petrol_N1-III_Euro 6 2021+,,,,,5,140,0.001513827,-0.248286739,12.78276844,115.3064181,0.001742132,-0.500219917,37.22384164,0,1,1,1 
LDVD_1,Light Commercial Vehicles_Diesel_N1-I_Conventional,,,,,10,110,0.000329664,-0.042196994,3.013293948,2.29E-12,-2.19E-16,-4.21E-15,1.648320085,0,1,1,1 
LDVD_2,Light Commercial Vehicles_Diesel_N1-I_Euro 1,,,,,10,110,0.001001408,-0.116756099,4.831906264,4.39E-12,-8.88E-17,-8.50E-15,4.490619204,0,1,1,1 
LDVD_3,Light Commercial Vehicles_Diesel_N1-I_Euro 2,,,,,10,110,0.001001408,-0.116756099,4.831906264,4.39E-12,-8.88E-17,-8.50E-15,4.490619204,0,1,1,1 
LDVD_4,Light Commercial Vehicles_Diesel_N1-I_Euro 3,,,,,10,110,0.000456351,-0.053206837,2.201944474,2.59E-10,5.60E-17,-9.32E-13,2.49563024,0,1,1,1 
LDVD_5,Light Commercial Vehicles_Diesel_N1-I_Euro 4,,,,,10,110,0.001157575,-0.134963874,5.585428004,-4.59E-10,-2.19E-14,3.20E-12,7.98602803,0,1,1,1 
LDVD_6,Light Commercial Vehicles_Diesel_N1-I_Euro 5,,,,,5,110,-1.53E-05,0.002395968,-0.000113161,0.001354373,0.057303677,2.808868818,0.495972256,0,1,1,1 
LDVD_7,Light Commercial Vehicles_Diesel_N1-I_Euro 6 up to 2016,,,,,5,110,-1.53E-05,0.002395968,-0.000113161,0.001354373,0.057303677,2.808868818,0.495972256,0,1,1,1 
LDVD_8,Light Commercial Vehicles_Diesel_N1-I_Euro 6 2017-2019,,,,,5,110,-1.53E-05,0.002395968,-0.000113161,0.001354373,0.057303677,2.808868818,0.495972256,0,1,1,1 
LDVD_9,Light Commercial Vehicles_Diesel_N1-I_Euro 6 2020+,,,,,5,110,-1.53E-05,0.002395968,-0.000113161,0.001354373,0.057303677,2.808868818,0.495972256,0,1,1,1 
LDVD_10,Light Commercial Vehicles_Diesel_N1-II_Conventional,,,,,10,110,0.000329664,-0.042196994,3.013293948,2.29E-12,-2.19E-16,-4.21E-15,1.648320085,0,1,1,1 
LDVD_11,Light Commercial Vehicles_Diesel_N1-II_Euro 1,,,,,10,110,0.001001408,-0.116756099,4.831906264,4.39E-12,-8.88E-17,-8.50E-15,4.490619204,0,1,1,1 
LDVD_12,Light Commercial Vehicles_Diesel_N1-II_Euro 2,,,,,10,110,0.001001408,-0.116756099,4.831906264,4.39E-12,-8.88E-17,-8.50E-15,4.490619204,0,1,1,1 
LDVD_13,Light Commercial Vehicles_Diesel_N1-II_Euro 3,,,,,10,110,0.000456351,-0.053206837,2.201944474,2.59E-10,5.60E-17,-9.32E-13,2.49563024,0,1,1,1 
LDVD_14,Light Commercial Vehicles_Diesel_N1-II_Euro 4,,,,,10,110,0.001157575,-0.134963874,5.585428004,-4.59E-10,-2.19E-14,3.20E-12,7.98602803,0,1,1,1 
LDVD_15,Light Commercial Vehicles_Diesel_N1-II_Euro 5,,,,,5,110,-1.53E-05,0.002395968,-0.000113161,0.001354373,0.057303677,2.808868818,0.495972256,0,1,1,1 
LDVD_16,Light Commercial Vehicles_Diesel_N1-II_Euro 6 up to 2017,,,,,5,110,-1.53E-05,0.002395968,-0.000113161,0.001354373,0.057303677,2.808868818,0.495972256,0,1,1,1 
LDVD_17,Light Commercial Vehicles_Diesel_N1-II_Euro 6 2018-2020,,,,,5,110,-1.53E-05,0.002395968,-0.000113161,0.001354373,0.057303677,2.808868818,0.495972256,0,1,1,1 
LDVD_18,Light Commercial Vehicles_Diesel_N1-II_Euro 6 2021+,,,,,5,110,-1.53E-05,0.002395968,-0.000113161,0.001354373,0.057303677,2.808868818,0.495972256,0,1,1,1 
LDVD_19,Light Commercial Vehicles_Diesel_N1-III_Conventional,,,,,10,110,0.000329664,-0.042196994,3.013293948,2.29E-12,-2.19E-16,-4.21E-15,1.648320085,0,1,1,1 
LDVD_20,Light Commercial Vehicles_Diesel_N1-III_Euro 1,,,,,10,110,0.001001408,-0.116756099,4.831906264,4.39E-12,-8.88E-17,-8.50E-15,4.490619204,0,1,1,1 
LDVD_21,Light Commercial Vehicles_Diesel_N1-III_Euro 2,,,,,10,110,0.001001408,-0.116756099,4.831906264,4.39E-12,-8.88E-17,-8.50E-15,4.490619204,0,1,1,1 
LDVD_22,Light Commercial Vehicles_Diesel_N1-III_Euro 3,,,,,10,110,0.000456351,-0.053206837,2.201944474,2.59E-10,5.60E-17,-9.32E-13,2.49563024,0,1,1,1 
LDVD_23,Light Commercial Vehicles_Diesel_N1-III_Euro 4,,,,,10,110,0.001157575,-0.134963874,5.585428004,-4.59E-10,-2.19E-14,3.20E-12,7.98602803,0,1,1,1 
LDVD_24,Light Commercial Vehicles_Diesel_N1-III_Euro 5,,,,,5,110,-1.53E-05,0.002395968,-0.000113161,0.001354373,0.057303677,2.808868818,0.495972256,0,1,1,1 
LDVD_25,Light Commercial Vehicles_Diesel_N1-III_Euro 6 up to 2017,,,,,5,110,-1.53E-05,0.002395968,-0.000113161,0.001354373,0.057303677,2.808868818,0.495972256,0,1,1,1 
LDVD_26,Light Commercial Vehicles_Diesel_N1-III_Euro 6 2018-2020,,,,,5,110,-1.53E-05,0.002395968,-0.000113161,0.001354373,0.057303677,2.808868818,0.495972256,0,1,1,1 
LDVD_27,Light Commercial Vehicles_Diesel_N1-III_Euro 6 2021+,,,,,5,110,-1.53E-05,0.002395968,-0.000113161,0.001354373,0.057303677,2.808868818,0.495972256,0,1,1,1 
HDVG_1,Heavy Duty Trucks_Petrol_>3.5 t_Conventional,,,-0.06,0,12,86,-1.85E-05,0.007415138,1.874283651,-7.02356136,0.00070982,0.010694411,0.047929094,0,1,1,1 
HDVG_1,Heavy Duty Trucks_Petrol_>3.5 t_Conventional,,,-0.06,0.5,12,86,1.19E-07,-0.001000228,2.146645633,-8.980400401,0.000849319,0.007337719,0.085363647,0,1,1,1 
HDVG_1,Heavy Duty Trucks_Petrol_>3.5 t_Conventional,,,-0.06,1,12,86,1.26E-05,-0.005164802,2.409292273,-10.36628488,0.000976142,0.006027181,0.107747129,0,1,1,1 
HDVG_1,Heavy Duty Trucks_Petrol_>3.5 t_Conventional,,,-0.04,0,12,86,0.001471948,-0.139431969,4.304334013,8.132069306,0.000174744,-0.004759383,0.634276487,0,1,1,1 
HDVG_1,Heavy Duty Trucks_Petrol_>3.5 t_Conventional,,,-0.04,0.5,12,86,0.000591809,-0.035255923,1.480877886,5.550881962,0.000429241,-0.006620107,0.296784228,0,1,1,1 
HDVG_1,Heavy Duty Trucks_Petrol_>3.5 t_Conventional,,,-0.04,1,12,86,0.000561077,-0.053951323,3.071147881,7.037933568,0.000485292,0.001013918,0.461058617,0,1,1,1 
HDVG_1,Heavy Duty Trucks_Petrol_>3.5 t_Conventional,,,-0.02,0,12,86,-1.37E-05,0.008062326,1.040657925,5.191955481,-3.27E-05,0.010328984,0.100688861,0,1,1,1 
HDVG_1,Heavy Duty Trucks_Petrol_>3.5 t_Conventional,,,-0.02,0.5,12,86,0.001280312,-0.02911674,2.353886676,9.815536079,0.000484993,0.002141961,0.326985733,0,1,1,1 
HDVG_1,Heavy Duty Trucks_Petrol_>3.5 t_Conventional,,,-0.02,1,12,86,0.001752732,-0.056586747,2.385551179,11.30053612,0.000683753,-0.00867599,0.411759861,0,1,1,1 
HDVG_1,Heavy Duty Trucks_Petrol_>3.5 t_Conventional,,,0,0,12,86,6.65E-05,0.001883611,2.140486435,4.781376511,7.53E-07,0.011256092,0.178645125,0,1,1,1 
HDVG_1,Heavy Duty Trucks_Petrol_>3.5 t_Conventional,,,0,0.5,12,86,0.000478145,-0.001993737,2.723792811,5.475441111,0.000142354,0.011177448,0.231124389,0,1,1,1 
HDVG_1,Heavy Duty Trucks_Petrol_>3.5 t_Conventional,,,0,1,12,86,0.001166832,-0.026376996,2.872949987,6.002777867,0.000325083,0.003644294,0.289249909,0,1,1,1 
HDVG_1,Heavy Duty Trucks_Petrol_>3.5 t_Conventional,,,0.02,0,12,86,0.001134994,-0.09904668,4.042898025,4.539494188,0.000102364,-0.001877607,0.396658105,0,1,1,1 
HDVG_1,Heavy Duty Trucks_Petrol_>3.5 t_Conventional,,,0.02,0.5,12,84,0.001773503,-0.155813942,6.219956319,3.57885161,8.03E-05,-0.000289255,0.536781051,0,1,1,1 
HDVG_1,Heavy Duty Trucks_Petrol_>3.5 t_Conventional,,,0.02,1,12,82,0.002069091,-0.217022575,8.457917867,-0.023486959,1.65E-06,-0.001191523,0.675700607,0,1,1,1 
HDVG_1,Heavy Duty Trucks_Petrol_>3.5 t_Conventional,,,0.04,0,12,83,0.174062338,-18.63157853,685.0592464,-20.58638797,0.000538058,-0.215592914,54.79478129,0,1,1,1 
HDVG_1,Heavy Duty Trucks_Petrol_>3.5 t_Conventional,,,0.04,0.5,12,76,0.004918716,-0.419840658,16.25857077,0.591938818,2.49E-05,0.003396828,1.178343314,0,1,1,1 
HDVG_1,Heavy Duty Trucks_Petrol_>3.5 t_Conventional,,,0.04,1,12,68,0.004120751,-0.308952536,14.02423594,2.397715878,0.00010082,0.00299084,1.001920891,0,1,1,1 
HDVG_1,Heavy Duty Trucks_Petrol_>3.5 t_Conventional,,,0.06,0,12,74,0.004363845,-0.337600763,12.1990686,2.545225009,6.64E-05,0.002086318,0.866423852,0,1,1,1 
HDVG_1,Heavy Duty Trucks_Petrol_>3.5 t_Conventional,,,0.06,0.5,12,60,0.003317175,0.290307488,-1.649073849,10.29475628,0.000787154,0.026922739,-0.150606605,0,1,1,1 
HDVG_1,Heavy Duty Trucks_Petrol_>3.5 t_Conventional,,,0.06,1,12,51,0.112849154,-1.325463815,4.635858742,18.92120759,0.011249872,-0.132864419,0.495914049,0,1,1,1 
HDVD_1,Heavy Duty Trucks_Diesel_Rigid <=7.5 t_Conventional,,,-0.06,0,12,86,-1.03E-05,0.004143138,1.047240958,-3.924359717,0.000820889,0.012367817,0.055428934,0,1,1,1 
HDVD_1,Heavy Duty Trucks_Diesel_Rigid <=7.5 t_Conventional,,,-0.06,0.5,12,86,7.05E-08,-0.000590579,1.267438366,-5.302276945,0.001037917,0.008967097,0.104319472,0,1,1,1 
HDVD_1,Heavy Duty Trucks_Diesel_Rigid <=7.5 t_Conventional,,,-0.06,1,12,86,6.27E-06,-0.002563398,1.195773168,-5.144968266,0.001002761,0.00619152,0.110685569,0,1,1,1 
HDVD_1,Heavy Duty Trucks_Diesel_Rigid <=7.5 t_Conventional,,,-0.04,0,12,86,0.00087328,-0.082722447,2.553684298,4.824568688,0.00021458,-0.00584431,0.778868813,0,1,1,1 
HDVD_1,Heavy Duty Trucks_Diesel_Rigid <=7.5 t_Conventional,,,-0.04,0.5,12,86,0.00055193,-0.032880696,1.38114552,5.175938752,0.000828553,-0.012777125,0.572859102,0,1,1,1 
HDVD_1,Heavy Duty Trucks_Diesel_Rigid <=7.5 t_Conventional,,,-0.04,1,12,86,0.000268906,-0.025865586,1.472301084,3.365734512,0.000481036,0.001023571,0.457196541,0,1,1,1 
HDVD_1,Heavy Duty Trucks_Diesel_Rigid <=7.5 t_Conventional,,,-0.02,0,12,86,-2.47E-05,0.014520177,1.874211445,9.350630021,-0.000121736,0.038502967,0.375332653,0,1,1,1 
HDVD_1,Heavy Duty Trucks_Diesel_Rigid <=7.5 t_Conventional,,,-0.02,0.5,12,86,0.000654506,-0.014879407,1.202583708,5.0139863,0.00051329,0.002254607,0.345820205,0,1,1,1 
HDVD_1,Heavy Duty Trucks_Diesel_Rigid <=7.5 t_Conventional,,,-0.02,1,12,86,0.001322219,-0.04269175,1.798514881,8.540312086,0.00106778,-0.013579765,0.643340366,0,1,1,1 
HDVD_1,Heavy Duty Trucks_Diesel_Rigid <=7.5 t_Conventional,,,0,0,12,86,3.58E-05,0.00108411,1.165084009,2.543557005,5.71E-07,0.012739031,0.199539654,0,1,1,1 
HDVD_1,Heavy Duty Trucks_Diesel_Rigid <=7.5 t_Conventional,,,0,0.5,12,86,0.000344501,-0.001373354,1.959220795,3.878334173,0.000212607,0.016678498,0.342526134,0,1,1,1 
HDVD_1,Heavy Duty Trucks_Diesel_Rigid <=7.5 t_Conventional,,,0,1,12,86,-1.85E-18,5.39E-18,6.616531563,3.50E-13,-0.000580857,0.093999201,0.554091479,0,1,1,1 
HDVD_1,Heavy Duty Trucks_Diesel_Rigid <=7.5 t_Conventional,,,0.02,0,12,86,0.001970411,-0.171950407,7.018692482,7.88076546,0.000367819,-0.006746681,1.425294957,0,1,1,1 
HDVD_1,Heavy Duty Trucks_Diesel_Rigid <=7.5 t_Conventional,,,0.02,0.5,12,84,0.004743955,-0.4167877,16.63780104,9.573072469,0.000444425,-0.001601451,2.971878793,0,1,1,1 
HDVD_1,Heavy Duty Trucks_Diesel_Rigid <=7.5 t_Conventional,,,0.02,1,12,82,0.001255625,-0.13169978,5.13267307,-0.014253218,2.08E-06,-0.001496608,0.848711,0,1,1,1 
HDVD_1,Heavy Duty Trucks_Diesel_Rigid <=7.5 t_Conventional,,,0.04,0,12,83,0.001701423,-0.182119793,6.696310996,-0.201221524,1.09E-05,-0.004361823,1.108592993,0,1,1,1 
HDVD_1,Heavy Duty Trucks_Diesel_Rigid <=7.5 t_Conventional,,,0.04,0.5,12,76,0.002463142,-0.210243314,8.14179304,0.296424299,2.58E-05,0.003520762,1.221335271,0,1,1,1 
HDVD_1,Heavy Duty Trucks_Diesel_Rigid <=7.5 t_Conventional,,,0.04,1,12,68,0.001602937,-0.12017985,5.455305471,0.932690435,8.12E-05,0.002408012,0.806675101,0,1,1,1 
HDVD_1,Heavy Duty Trucks_Diesel_Rigid <=7.5 t_Conventional,,,0.06,0,12,74,0.002762769,-0.213736481,7.723281649,1.61140784,8.70E-05,0.002733873,1.135353578,0,1,1,1 
HDVD_1,Heavy Duty Trucks_Diesel_Rigid <=7.5 t_Conventional,,,0.06,0.5,12,60,0.003846182,0.364699231,-1.596671914,13.02604196,0.001875626,0.075828225,-0.353744042,0,1,1,1 
HDVD_1,Heavy Duty Trucks_Diesel_Rigid <=7.5 t_Conventional,,,0.06,1,12,51,0.09710687,-1.581551647,7.932883501,15.19019951,0.020018814,-0.32823689,1.747669776,0,1,1,1 
HDVD_2,Heavy Duty Trucks_Diesel_Rigid <=7.5 t_Euro I,,,-0.06,0,12,86,0.000194028,-0.020606807,1.454542195,2.477346533,0.001436822,0.034033159,1.044840965,0,1,1,1 
HDVD_2,Heavy Duty Trucks_Diesel_Rigid <=7.5 t_Euro I,,,-0.06,0.5,12,86,-1.70E-06,-8.57E-05,1.31260794,-5.634400782,0.002804366,0.025767662,0.304710943,0,1,1,1 
HDVD_2,Heavy Duty Trucks_Diesel_Rigid <=7.5 t_Euro I,,,-0.06,1,12,86,3.77E-06,-0.001645346,0.748003875,-3.403080877,0.001567684,0.009323412,0.200069396,0,1,1,1 
HDVD_2,Heavy Duty Trucks_Diesel_Rigid <=7.5 t_Euro I,,,-0.04,0,12,86,0.000333104,-0.029982019,0.874010915,2.906589368,0.000338943,-0.012375163,0.897334601,0,1,1,1 
HDVD_2,Heavy Duty Trucks_Diesel_Rigid <=7.5 t_Euro I,,,-0.04,0.5,12,86,0.00035822,-0.033519038,1.028328458,4.461371926,0.000606255,-0.021085746,1.231470025,0,1,1,1 
HDVD_2,Heavy Duty Trucks_Diesel_Rigid <=7.5 t_Euro I,,,-0.04,1,12,86,8.74E-05,-0.003384368,0.084510794,4.484795964,0.000749339,-0.02828669,0.667566882,0,1,1,1 
HDVD_2,Heavy Duty Trucks_Diesel_Rigid <=7.5 t_Euro I,,,-0.02,0,12,86,0.00052174,0.002152595,1.929183177,5.988890693,0.00124936,0.073060001,1.084528852,0,1,1,1 
HDVD_2,Heavy Duty Trucks_Diesel_Rigid <=7.5 t_Euro I,,,-0.02,0.5,12,86,1.63E-17,8.48E-16,2.201786246,1.13E-12,-0.001071393,0.152403702,0.150742739,0,1,1,1 
HDVD_2,Heavy Duty Trucks_Diesel_Rigid <=7.5 t_Euro I,,,-0.02,1,12,86,0.00036483,-0.027394358,0.789070333,4.121694219,0.00046011,-0.019716987,0.888759529,0,1,1,1 
HDVD_2,Heavy Duty Trucks_Diesel_Rigid <=7.5 t_Euro I,,,0,0,12,86,0.000552327,-0.045898882,1.857803049,3.553481834,0.00055441,-0.013569519,1.396155842,0,1,1,1 
HDVD_2,Heavy Duty Trucks_Diesel_Rigid <=7.5 t_Euro I,,,0,0.5,12,86,0.000446687,-0.035331833,1.285473271,3.005941921,0.000390356,-0.012334952,0.975367279,0,1,1,1 
HDVD_2,Heavy Duty Trucks_Diesel_Rigid <=7.5 t_Euro I,,,0,1,12,86,0.000469343,-0.037427431,1.41486082,2.593345281,0.000334711,-0.009790286,0.972873761,0,1,1,1 
HDVD_2,Heavy Duty Trucks_Diesel_Rigid <=7.5 t_Euro I,,,0.02,0,12,86,0.000423623,-0.032519007,1.041856854,2.960029355,0.000292439,-0.01179712,0.791786063,0,1,1,1 
HDVD_2,Heavy Duty Trucks_Diesel_Rigid <=7.5 t_Euro I,,,0.02,0.5,12,85,3.47E-15,-1.77E-13,2.067178723,1.63E-10,-0.000691148,0.083690406,0.500164294,0,1,1,1 
HDVD_2,Heavy Duty Trucks_Diesel_Rigid <=7.5 t_Euro I,,,0.02,1,12,83,2.42E-15,-1.96E-14,3.0614216,4.44E-11,-0.000509166,0.078937104,1.072936984,0,1,1,1 
HDVD_2,Heavy Duty Trucks_Diesel_Rigid <=7.5 t_Euro I,,,0.04,0,12,83,2.58E-05,0.012064497,0.972534914,4.432500594,-0.00015145,0.045522168,0.465895233,0,1,1,1 
HDVD_2,Heavy Duty Trucks_Diesel_Rigid <=7.5 t_Euro I,,,0.04,0.5,12,77,7.27E-05,0.032271179,1.164383024,3.903019104,0.000254823,0.04117448,0.651154605,0,1,1,1 
HDVD_2,Heavy Duty Trucks_Diesel_Rigid <=7.5 t_Euro I,,,0.04,1,12,69,6.05E-05,-0.008091681,0.23677701,2.988910001,6.23E-05,-0.008668844,0.312502387,0,1,1,1 
HDVD_2,Heavy Duty Trucks_Diesel_Rigid <=7.5 t_Euro I,,,0.06,0,12,75,0.002973348,0.390196151,-2.264617534,0.655325552,0.00702643,0.234467092,-2.036203442,0,1,1,1 
HDVD_2,Heavy Duty Trucks_Diesel_Rigid <=7.5 t_Euro I,,,0.06,0.5,12,62,0.036182585,-1.002959603,6.20710187,20.23327981,0.026357895,-0.771325475,6.036991812,0,1,1,1 
HDVD_2,Heavy Duty Trucks_Diesel_Rigid <=7.5 t_Euro I,,,0.06,1,12,51,-0.00022039,0.096845645,2.369200468,2.94279527,0.000822792,0.078085606,0.610587382,0,1,1,1 
HDVD_3,Heavy Duty Trucks_Diesel_Rigid <=7.5 t_Euro II,,,-0.06,0,12,86,-1.90E-05,0.009331181,1.418872641,-4.861761192,0.004472782,0.083444166,0.186358643,0,1,1,1 
HDVD_3,Heavy Duty Trucks_Diesel_Rigid <=7.5 t_Euro II,,,-0.06,0.5,12,86,-4.52E-06,0.000846792,1.248478157,-5.512653192,0.003632751,0.036800509,0.434904598,0,1,1,1 
HDVD_3,Heavy Duty Trucks_Diesel_Rigid <=7.5 t_Euro II,,,-0.06,1,12,86,1.02E-06,-0.00119967,1.263402182,-5.801309764,0.003562962,0.027228991,0.469640417,0,1,1,1 
HDVD_3,Heavy Duty Trucks_Diesel_Rigid <=7.5 t_Euro II,,,-0.04,0,12,86,0.000294416,-0.028124585,0.865458307,1.671155129,0.000298137,-0.008127656,1.064732344,0,1,1,1 
HDVD_3,Heavy Duty Trucks_Diesel_Rigid <=7.5 t_Euro II,,,-0.04,0.5,12,86,-2.23E-05,0.037297422,2.072151013,-4.541675006,0.004867761,0.177577638,0.095805626,0,1,1,1 
HDVD_3,Heavy Duty Trucks_Diesel_Rigid <=7.5 t_Euro II,,,-0.04,1,12,86,9.00E-05,-0.005833096,0.19197549,2.920301021,0.000676651,-0.024132745,0.718025903,0,1,1,1 
HDVD_3,Heavy Duty Trucks_Diesel_Rigid <=7.5 t_Euro II,,,-0.02,0,12,86,4.14E-16,-2.55E-14,2.872820649,1.08E-10,-0.00205551,0.274694163,0.386089282,0,1,1,1 
HDVD_3,Heavy Duty Trucks_Diesel_Rigid <=7.5 t_Euro II,,,-0.02,0.5,12,86,0.02427286,-1.771301732,48.69888415,280.4852649,0.041603849,-1.911003568,80.7600114,0,1,1,1 
HDVD_3,Heavy Duty Trucks_Diesel_Rigid <=7.5 t_Euro II,,,-0.02,1,12,86,0.000284685,-0.022280439,0.656108216,2.797719543,0.0003956,-0.016599866,0.872681156,0,1,1,1 
HDVD_3,Heavy Duty Trucks_Diesel_Rigid <=7.5 t_Euro II,,,0,0,12,86,0.000771782,-0.022269036,0.702366613,3.901665761,0.001721399,-0.033756048,1.072403108,0,1,1,1 
HDVD_3,Heavy Duty Trucks_Diesel_Rigid <=7.5 t_Euro II,,,0,0.5,12,86,0.000539581,-0.016637411,0.417438753,2.139622415,0.001105801,-0.026722457,0.62460888,0,1,1,1 
HDVD_3,Heavy Duty Trucks_Diesel_Rigid <=7.5 t_Euro II,,,0,1,12,86,0.000747773,-0.029100022,0.594219374,2.588650823,0.001383791,-0.046051777,0.870645762,0,1,1,1 
HDVD_3,Heavy Duty Trucks_Diesel_Rigid <=7.5 t_Euro II,,,0.02,0,12,86,0.000573847,-0.008497453,0.407936672,3.130985723,0.001032249,-0.00948641,0.565571154,0,1,1,1 
HDVD_3,Heavy Duty Trucks_Diesel_Rigid <=7.5 t_Euro II,,,0.02,0.5,12,86,0.00046005,-0.007227639,-0.174643511,3.659071781,0.001084565,-0.039737564,0.411524309,0,1,1,1 
HDVD_3,Heavy Duty Trucks_Diesel_Rigid <=7.5 t_Euro II,,,0.02,1,12,84,0.001199448,0.037231527,-1.066577198,6.470313815,0.003578814,-0.067717011,0.365086462,0,1,1,1 
HDVD_3,Heavy Duty Trucks_Diesel_Rigid <=7.5 t_Euro II,,,0.04,0,12,84,0.000500903,0.116584577,0.099813293,-9.103142952,0.002348672,0.135391558,-1.291570912,0,1,1,1 
HDVD_3,Heavy Duty Trucks_Diesel_Rigid <=7.5 t_Euro II,,,0.04,0.5,12,80,0.000207544,-0.012295134,2.084406838,1.549212326,0.000284108,0.022099159,1.176932839,0,1,1,1 
HDVD_3,Heavy Duty Trucks_Diesel_Rigid <=7.5 t_Euro II,,,0.04,1,12,73,-0.001331755,0.338377605,1.415321083,-2.85551264,0.003829023,0.212087668,-0.034614659,0,1,1,1 
HDVD_3,Heavy Duty Trucks_Diesel_Rigid <=7.5 t_Euro II,,,0.06,0,12,79,-9.81E-05,0.07493302,2.361708046,3.637788798,0.000853937,0.111894893,1.120413749,0,1,1,1 
HDVD_3,Heavy Duty Trucks_Diesel_Rigid <=7.5 t_Euro II,,,0.06,0.5,12,68,-0.001088234,0.288443475,2.929306511,0.222404609,0.003248227,0.213539115,0.755935326,0,1,1,1 
HDVD_3,Heavy Duty Trucks_Diesel_Rigid <=7.5 t_Euro II,,,0.06,1,12,51,7.15E-05,-0.0047318,-0.083157821,7.322097069,0.000146502,-0.014932466,0.387850723,0,1,1,1 
HDVD_4,Heavy Duty Trucks_Diesel_Rigid <=7.5 t_Euro III,,,-0.06,0,12,86,3.54E-05,0.002660225,-0.229414957,12.31995426,0.000739136,-0.038065859,1.164419049,0,1,1,1 
HDVD_4,Heavy Duty Trucks_Diesel_Rigid <=7.5 t_Euro III,,,-0.06,0.5,12,86,-1.20E-16,2.53E-14,2.02535144,8.20E-12,0.002628118,0.05076662,1.125931434,0,1,1,1 
HDVD_4,Heavy Duty Trucks_Diesel_Rigid <=7.5 t_Euro III,,,-0.06,1,12,86,2.90E-05,-0.010552914,1.882363416,0.412365802,0.00145358,0.058041789,0.973060943,0,1,1,1 
HDVD_4,Heavy Duty Trucks_Diesel_Rigid <=7.5 t_Euro III,,,-0.04,0,12,86,0.000426156,-0.03525636,1.055705742,4.556627694,0.000526155,-0.020479072,1.111765585,0,1,1,1 
HDVD_4,Heavy Duty Trucks_Diesel_Rigid <=7.5 t_Euro III,,,-0.04,0.5,12,86,0.000517766,-0.052947751,1.788100858,2.868817187,0.000383528,-0.007976058,1.355851211,0,1,1,1 
HDVD_4,Heavy Duty Trucks_Diesel_Rigid <=7.5 t_Euro III,,,-0.04,1,12,86,0.00022596,-0.018591477,1.155829352,2.309576644,0.000836152,0.004731603,0.853375667,0,1,1,1 
HDVD_4,Heavy Duty Trucks_Diesel_Rigid <=7.5 t_Euro III,,,-0.02,0,12,86,0.000194454,-0.006336448,1.185985131,2.267881796,0.000434968,0.026264406,0.668362857,0,1,1,1 
HDVD_4,Heavy Duty Trucks_Diesel_Rigid <=7.5 t_Euro III,,,-0.02,0.5,12,86,0.000471293,-0.018040366,1.349849555,2.716377506,0.001010649,0.004380865,0.923030643,0,1,1,1 
HDVD_4,Heavy Duty Trucks_Diesel_Rigid <=7.5 t_Euro III,,,-0.02,1,12,86,0.000568139,-0.0236255,1.146057577,2.972872513,0.001187176,-0.01531629,0.92879194,0,1,1,1 
HDVD_4,Heavy Duty Trucks_Diesel_Rigid <=7.5 t_Euro III,,,0,0,12,86,0.000432955,-0.003727596,-0.033821417,7.261315065,0.001501641,-0.050916865,0.852353668,0,1,1,1 
HDVD_4,Heavy Duty Trucks_Diesel_Rigid <=7.5 t_Euro III,,,0,0.5,12,86,0.000336005,-0.011641102,0.200522649,5.281785202,0.000811633,-0.03229703,0.678400176,0,1,1,1 
HDVD_4,Heavy Duty Trucks_Diesel_Rigid <=7.5 t_Euro III,,,0,1,12,86,0.000365954,-0.016003034,0.325468394,5.42325335,0.000715088,-0.030101702,0.705485214,0,1,1,1 
HDVD_4,Heavy Duty Trucks_Diesel_Rigid <=7.5 t_Euro III,,,0.02,0,12,86,0.000305792,-0.001135245,-0.197615247,4.393435764,0.000952287,-0.034132012,0.421235119,0,1,1,1 
HDVD_4,Heavy Duty Trucks_Diesel_Rigid <=7.5 t_Euro III,,,0.02,0.5,12,86,0.012724813,-0.029224012,-7.005504201,159.3878386,0.036059835,-1.212933953,14.84014327,0,1,1,1 
HDVD_4,Heavy Duty Trucks_Diesel_Rigid <=7.5 t_Euro III,,,0.02,1,12,86,0.000646694,0.009554759,-0.395884876,7.60820088,0.001939522,-0.053317978,0.651525752,0,1,1,1 
HDVD_4,Heavy Duty Trucks_Diesel_Rigid <=7.5 t_Euro III,,,0.04,0,12,86,0.000140195,0.04703162,0.128004561,-6.312001189,0.001089728,0.047529097,-0.596340684,0,1,1,1 
HDVD_4,Heavy Duty Trucks_Diesel_Rigid <=7.5 t_Euro III,,,0.04,0.5,12,82,0.000104391,-0.004718719,1.382173689,2.150481206,0.000131696,0.02518582,0.65851965,0,1,1,1 
HDVD_4,Heavy Duty Trucks_Diesel_Rigid <=7.5 t_Euro III,,,0.04,1,12,75,7.79E-05,-0.011146661,1.787165086,2.537478451,1.41E-05,0.026039645,0.781472774,0,1,1,1 
HDVD_4,Heavy Duty Trucks_Diesel_Rigid <=7.5 t_Euro III,,,0.06,0,12,80,1.96E-05,-0.001612547,0.894869963,1.743443283,-3.55E-05,0.02208672,0.433324477,0,1,1,1 
HDVD_4,Heavy Duty Trucks_Diesel_Rigid <=7.5 t_Euro III,,,0.06,0.5,12,69,-0.00048615,0.145209355,2.550981286,2.17395231,0.001995306,0.134293282,0.727417931,0,1,1,1 
HDVD_4,Heavy Duty Trucks_Diesel_Rigid <=7.5 t_Euro III,,,0.06,1,12,57,-0.000132796,0.002309008,0.396796983,-3.391040105,-0.000303047,0.020681983,-0.141073312,0,1,1,1 
HDVD_5,Heavy Duty Trucks_Diesel_Rigid <=7.5 t_Euro IV,,,-0.06,0,12,86,4.89E-05,-0.013256404,0.980067064,1.382384001,0.001706681,0.06791821,1.187976674,0,1,1,1 
HDVD_5,Heavy Duty Trucks_Diesel_Rigid <=7.5 t_Euro IV,,,-0.06,0.5,12,86,4.42E-05,-0.015083184,1.002160392,1.287087986,0.001669931,0.063421743,1.376244522,0,1,1,1 
HDVD_5,Heavy Duty Trucks_Diesel_Rigid <=7.5 t_Euro IV,,,-0.06,1,12,86,3.77E-05,-0.014274677,0.935560322,1.246937025,0.001640425,0.061102031,1.311732527,0,1,1,1 
HDVD_5,Heavy Duty Trucks_Diesel_Rigid <=7.5 t_Euro IV,,,-0.04,0,12,86,0.00217931,-0.188533252,4.78314074,30.1610161,0.006146972,-0.270660669,13.01077384,0,1,1,1 
HDVD_5,Heavy Duty Trucks_Diesel_Rigid <=7.5 t_Euro IV,,,-0.04,0.5,12,86,-2.25E-05,0.011396257,1.637920717,-1.397257665,0.007345833,0.09844904,1.120060482,0,1,1,1 
HDVD_5,Heavy Duty Trucks_Diesel_Rigid <=7.5 t_Euro IV,,,-0.04,1,12,86,4.27E-05,-0.012719855,1.425308222,0.899329813,0.002871641,0.076996732,1.513428933,0,1,1,1 
HDVD_5,Heavy Duty Trucks_Diesel_Rigid <=7.5 t_Euro IV,,,-0.02,0,12,86,1.68E-05,0.003672371,0.557879969,3.059914732,-0.00022482,0.079605828,0.415859227,0,1,1,1 
HDVD_5,Heavy Duty Trucks_Diesel_Rigid <=7.5 t_Euro IV,,,-0.02,0.5,12,86,1.50E-05,0.002193096,0.371731103,2.719551735,-0.000173224,0.058412156,0.319653697,0,1,1,1 
HDVD_5,Heavy Duty Trucks_Diesel_Rigid <=7.5 t_Euro IV,,,-0.02,1,12,86,2.18E-05,0.002180757,0.435728369,3.870559642,-0.000236427,0.076521858,0.368841285,0,1,1,1 
HDVD_5,Heavy Duty Trucks_Diesel_Rigid <=7.5 t_Euro IV,,,0,0,12,86,3.24E-06,0.000738832,0.107041263,3.189467054,-2.98E-05,0.008715965,0.407648899,0,1,1,1 
HDVD_5,Heavy Duty Trucks_Diesel_Rigid <=7.5 t_Euro IV,,,0,0.5,12,86,6.10E-05,0.011766254,1.415501993,-4.108005334,-0.000591813,0.184565498,-0.522842639,0,1,1,1 
HDVD_5,Heavy Duty Trucks_Diesel_Rigid <=7.5 t_Euro IV,,,0,1,12,86,1.11E-05,0.002504722,0.309295455,3.118216974,-0.000105591,0.032470955,0.405635366,0,1,1,1 
HDVD_5,Heavy Duty Trucks_Diesel_Rigid <=7.5 t_Euro IV,,,0.02,0,12,86,1.76E-05,0.002916648,0.327300662,4.342457663,-0.000112475,0.029874255,0.545437279,0,1,1,1 
HDVD_5,Heavy Duty Trucks_Diesel_Rigid <=7.5 t_Euro IV,,,0.02,0.5,12,86,2.25E-05,0.004346794,0.44124158,3.432900756,-0.000146735,0.040617507,0.45559232,0,1,1,1 
HDVD_5,Heavy Duty Trucks_Diesel_Rigid <=7.5 t_Euro IV,,,0.02,1,12,86,9.20E-06,0.005571194,0.530726422,2.682488439,-0.000134737,0.043374153,0.421869554,0,1,1,1 
HDVD_5,Heavy Duty Trucks_Diesel_Rigid <=7.5 t_Euro IV,,,0.04,0,12,86,-1.87E-06,-6.84E-05,0.012037433,3.993448336,1.41E-05,-0.00513325,0.434141564,0,1,1,1 
HDVD_5,Heavy Duty Trucks_Diesel_Rigid <=7.5 t_Euro IV,,,0.04,0.5,12,82,0.00118106,0.295796332,0.109515348,-4.074604196,0.009709385,0.385948892,-2.450234419,0,1,1,1 
HDVD_5,Heavy Duty Trucks_Diesel_Rigid <=7.5 t_Euro IV,,,0.04,1,12,76,-3.00E-05,0.006378505,-0.004338706,3.941181234,0.000115966,-0.000346502,0.366423655,0,1,1,1 
HDVD_5,Heavy Duty Trucks_Diesel_Rigid <=7.5 t_Euro IV,,,0.06,0,12,81,0.000207901,0.056444194,0.297607981,-3.712657984,0.001651116,0.095911671,-0.672805197,0,1,1,1 
HDVD_5,Heavy Duty Trucks_Diesel_Rigid <=7.5 t_Euro IV,,,0.06,0.5,12,71,2.41E-05,-0.002669688,0.025214935,3.400137583,8.05E-05,-0.010842535,0.37652274,0,1,1,1 
HDVD_5,Heavy Duty Trucks_Diesel_Rigid <=7.5 t_Euro IV,,,0.06,1,12,61,0.000611773,0.023907371,2.127030433,-12.55667706,-0.001306246,0.210089631,-1.132667221,0,1,1,1 
HDVD_5,Heavy Duty Trucks_Diesel_Rigid <=7.5 t_Euro IV,,,-0.06,0,12,86,4.89E-05,-0.013256404,0.980067064,1.382384001,0.001706681,0.06791821,1.187976674,0,1,1,1 
HDVD_5,Heavy Duty Trucks_Diesel_Rigid <=7.5 t_Euro IV,,,-0.06,0.5,12,86,4.42E-05,-0.015083184,1.002160392,1.287087986,0.001669931,0.063421743,1.376244522,0,1,1,1 
HDVD_5,Heavy Duty Trucks_Diesel_Rigid <=7.5 t_Euro IV,,,-0.06,1,12,86,3.77E-05,-0.014274677,0.935560322,1.246937025,0.001640425,0.061102031,1.311732527,0,1,1,1 
HDVD_5,Heavy Duty Trucks_Diesel_Rigid <=7.5 t_Euro IV,,,-0.04,0,12,86,0.00217931,-0.188533252,4.78314074,30.1610161,0.006146972,-0.270660669,13.01077384,0,1,1,1 
HDVD_5,Heavy Duty Trucks_Diesel_Rigid <=7.5 t_Euro IV,,,-0.04,1,12,86,4.27E-05,-0.012719855,1.425308222,0.899329813,0.002871641,0.076996732,1.513428933,0,1,1,1 
HDVD_5,Heavy Duty Trucks_Diesel_Rigid <=7.5 t_Euro IV,,,-0.02,0,12,86,1.68E-05,0.003672371,0.557879969,3.059914732,-0.00022482,0.079605828,0.415859227,0,1,1,1 
HDVD_5,Heavy Duty Trucks_Diesel_Rigid <=7.5 t_Euro IV,,,-0.02,1,12,86,2.18E-05,0.002180757,0.435728369,3.870559642,-0.000236427,0.076521858,0.368841285,0,1,1,1 
HDVD_5,Heavy Duty Trucks_Diesel_Rigid <=7.5 t_Euro IV,,,0,0,12,86,3.24E-06,0.000738832,0.107041263,3.189467054,-2.98E-05,0.008715965,0.407648899,0,1,1,1 
HDVD_5,Heavy Duty Trucks_Diesel_Rigid <=7.5 t_Euro IV,,,0,1,12,86,1.11E-05,0.002504722,0.309295455,3.118216974,-0.000105591,0.032470955,0.405635366,0,1,1,1 
HDVD_5,Heavy Duty Trucks_Diesel_Rigid <=7.5 t_Euro IV,,,0.02,0,12,86,1.76E-05,0.002916648,0.327300662,4.342457663,-0.000112475,0.029874255,0.545437279,0,1,1,1 
HDVD_5,Heavy Duty Trucks_Diesel_Rigid <=7.5 t_Euro IV,,,0.02,1,12,86,9.20E-06,0.005571194,0.530726422,2.682488439,-0.000134737,0.043374153,0.421869554,0,1,1,1 
HDVD_5,Heavy Duty Trucks_Diesel_Rigid <=7.5 t_Euro IV,,,0.04,0,12,86,-1.87E-06,-6.84E-05,0.012037433,3.993448336,1.41E-05,-0.00513325,0.434141564,0,1,1,1 
HDVD_5,Heavy Duty Trucks_Diesel_Rigid <=7.5 t_Euro IV,,,0.04,1,12,76,-3.00E-05,0.006378505,-0.004338706,3.941181234,0.000115966,-0.000346502,0.366423655,0,1,1,1 
HDVD_5,Heavy Duty Trucks_Diesel_Rigid <=7.5 t_Euro IV,,,0.06,0,12,81,0.000207901,0.056444194,0.297607981,-3.712657984,0.001651116,0.095911671,-0.672805197,0,1,1,1 
HDVD_5,Heavy Duty Trucks_Diesel_Rigid <=7.5 t_Euro IV,,,0.06,0.5,12,71,2.41E-05,-0.002669688,0.025214935,3.400137583,8.05E-05,-0.010842535,0.37652274,0,1,1,1 
HDVD_5,Heavy Duty Trucks_Diesel_Rigid <=7.5 t_Euro IV,,,0.06,1,12,61,0.000611773,0.023907371,2.127030433,-12.55667706,-0.001306246,0.210089631,-1.132667221,0,1,1,1 
HDVD_6,Heavy Duty Trucks_Diesel_Rigid <=7.5 t_Euro V,SCR,,-0.06,0,5,80,-0.005638827,0.50430294,-2.501177498,0.593550231,0.056981185,-0.331345722,0.231074166,0,1,1,1 
HDVD_6,Heavy Duty Trucks_Diesel_Rigid <=7.5 t_Euro V,SCR,,-0.06,0.5,5,75,-0.003494104,0.289952858,-2.082799908,4.251578786,0.030925851,-0.250426477,0.554759935,0,1,1,1 
HDVD_6,Heavy Duty Trucks_Diesel_Rigid <=7.5 t_Euro V,SCR,,-0.06,1,5,70,-0.002500778,0.199989571,-1.443899913,3.007699093,0.021100886,-0.174063866,0.397107228,0,1,1,1 
HDVD_6,Heavy Duty Trucks_Diesel_Rigid <=7.5 t_Euro V,SCR,,-0.04,0,5,85,0.00041496,-0.039266233,1.467800812,1.775246565,-0.000216779,0.083585036,0.480047527,0,1,1,1 
HDVD_6,Heavy Duty Trucks_Diesel_Rigid <=7.5 t_Euro V,SCR,,-0.04,0.5,5,85,-0.00125357,0.175079035,-1.162169901,2.303728248,0.017120168,-0.126195068,0.276178447,0,1,1,1 
HDVD_6,Heavy Duty Trucks_Diesel_Rigid <=7.5 t_Euro V,SCR,,-0.04,1,5,85,-0.001904138,0.212525389,-1.334948855,2.596200133,0.019235035,-0.136760863,0.302438908,0,1,1,1 
HDVD_6,Heavy Duty Trucks_Diesel_Rigid <=7.5 t_Euro V,SCR,,-0.02,0,5,85,0.001999325,0.026607761,0.139087892,3.135383898,0.008876979,-0.068082358,0.557096722,0,1,1,1 
HDVD_6,Heavy Duty Trucks_Diesel_Rigid <=7.5 t_Euro V,SCR,,-0.02,0.5,5,85,0.002129276,0.045170484,-0.065036803,3.420309707,0.01108293,-0.095115705,0.594719564,0,1,1,1 
HDVD_6,Heavy Duty Trucks_Diesel_Rigid <=7.5 t_Euro V,SCR,,-0.02,1,5,85,0.001912255,0.06568025,-0.211245169,3.378446505,0.012198257,-0.106463731,0.58074398,0,1,1,1 
HDVD_6,Heavy Duty Trucks_Diesel_Rigid <=7.5 t_Euro V,SCR,,0,0,5,85,0.001963543,-0.044157569,2.703612426,0.669875084,0.002047783,0.100809032,0.5200118,0,1,1,1 
HDVD_6,Heavy Duty Trucks_Diesel_Rigid <=7.5 t_Euro V,SCR,,0,0.5,5,85,0.004485451,-0.075315837,4.259117644,0.938210964,0.005929792,0.108597759,0.868062295,0,1,1,1 
HDVD_6,Heavy Duty Trucks_Diesel_Rigid <=7.5 t_Euro V,SCR,,0,1,5,85,0.007623979,-0.061529481,3.415834885,2.958073335,0.012784435,-0.014335092,1.090176827,0,1,1,1 
HDVD_6,Heavy Duty Trucks_Diesel_Rigid <=7.5 t_Euro V,SCR,,0.02,0,5,85,0.004738694,-0.073615905,3.145228855,0.624302926,0.004312143,0.073460488,0.58531206,0,1,1,1 
HDVD_6,Heavy Duty Trucks_Diesel_Rigid <=7.5 t_Euro V,SCR,,0.02,0.5,5,85,0.008097514,-0.076701403,2.604366009,2.176410333,0.008518479,-0.002569688,0.689310535,0,1,1,1 
HDVD_6,Heavy Duty Trucks_Diesel_Rigid <=7.5 t_Euro V,SCR,,0.02,1,5,85,0.009085783,0.004633801,-0.066807417,5.058985004,0.011937379,-0.113337608,0.59976213,0,1,1,1 
HDVD_6,Heavy Duty Trucks_Diesel_Rigid <=7.5 t_Euro V,SCR,,0.04,0,5,85,0.004572079,-0.038624874,0.183470365,4.075489378,0.005103674,-0.064752551,0.47696328,0,1,1,1 
HDVD_6,Heavy Duty Trucks_Diesel_Rigid <=7.5 t_Euro V,SCR,,0.04,0.5,5,80,0.029082641,0.990781706,-2.736973706,1.81249169,0.051522344,-0.085018506,-5.44E-13,0,1,1,1 
HDVD_6,Heavy Duty Trucks_Diesel_Rigid <=7.5 t_Euro V,SCR,,0.04,1,5,75,-0.001860127,0.13098781,4.173787081,-2.516312025,-0.00161003,0.201157167,0.002413272,0,1,1,1 
HDVD_6,Heavy Duty Trucks_Diesel_Rigid <=7.5 t_Euro V,SCR,,0.06,0,5,80,-0.002085321,0.143831187,3.708911354,-1.470792398,-0.002386316,0.230175423,2.71E-12,0,1,1,1 
HDVD_6,Heavy Duty Trucks_Diesel_Rigid <=7.5 t_Euro V,SCR,,0.06,0.5,5,70,-0.001779559,0.117287851,2.681950591,-0.940035133,-0.001192472,0.139124849,6.53E-13,0,1,1,1 
HDVD_6,Heavy Duty Trucks_Diesel_Rigid <=7.5 t_Euro V,SCR,,0.06,1,5,60,-0.000730069,0.024588774,2.24548087,2.882986763,-0.000831846,0.069909744,0.209036586,0,1,1,1 
HDVD_6,Heavy Duty Trucks_Diesel_Rigid <=7.5 t_Euro V,EGR,,-0.06,0,5,85,-0.002076159,0.296276053,-1.721700766,3.052083153,0.089809864,-0.605194796,1.298363573,0,1,1,1 
HDVD_6,Heavy Duty Trucks_Diesel_Rigid <=7.5 t_Euro V,EGR,,-0.06,0.5,5,85,-0.002687918,0.32680496,-2.016919426,3.744332738,0.101859924,-0.747782926,1.667114062,0,1,1,1 
HDVD_6,Heavy Duty Trucks_Diesel_Rigid <=7.5 t_Euro V,EGR,,-0.06,1,5,85,-0.003602458,0.409432934,-2.639706174,5.046503855,0.129524544,-1.009213043,2.306906055,0,1,1,1 
HDVD_6,Heavy Duty Trucks_Diesel_Rigid <=7.5 t_Euro V,EGR,,-0.04,0,5,75,0.001962148,0.302361145,-1.933285262,3.563586407,0.096552241,-0.67304097,1.42676539,0,1,1,1 
HDVD_6,Heavy Duty Trucks_Diesel_Rigid <=7.5 t_Euro V,EGR,,-0.04,0.5,5,85,-0.001980843,0.518491989,-2.677891405,4.400242062,0.126667413,-0.747804693,1.598457452,0,1,1,1 
HDVD_6,Heavy Duty Trucks_Diesel_Rigid <=7.5 t_Euro V,EGR,,-0.04,1,5,85,-0.001910552,0.29292474,-1.494102796,2.441235414,0.065952053,-0.393395977,0.861508174,0,1,1,1 
HDVD_6,Heavy Duty Trucks_Diesel_Rigid <=7.5 t_Euro V,EGR,,-0.02,0,5,85,0.007423985,0.395013118,-1.845858141,2.886458427,0.099859728,-0.474682583,0.945612261,0,1,1,1 
HDVD_6,Heavy Duty Trucks_Diesel_Rigid <=7.5 t_Euro V,EGR,,-0.02,0.5,5,85,0.007990725,0.486781187,-2.585822167,4.497810865,0.126752248,-0.740028644,1.590168352,0,1,1,1 
HDVD_6,Heavy Duty Trucks_Diesel_Rigid <=7.5 t_Euro V,EGR,,-0.02,1,5,80,0.00328466,0.290483554,-1.573545165,2.823517297,0.070824362,-0.443788844,0.999831812,0,1,1,1 
HDVD_6,Heavy Duty Trucks_Diesel_Rigid <=7.5 t_Euro V,EGR,,0,0,5,85,0.006094241,0.560386027,-1.777590999,1.874583344,0.08632826,-0.161232724,0.257254874,0,1,1,1 
HDVD_6,Heavy Duty Trucks_Diesel_Rigid <=7.5 t_Euro V,EGR,,0,0.5,5,85,0.002339972,0.263280533,-1.287843974,1.260569713,0.037908285,-0.121142649,-0.027287642,0,1,1,1 
HDVD_6,Heavy Duty Trucks_Diesel_Rigid <=7.5 t_Euro V,EGR,,0,1,5,85,0.005926016,0.517907541,-2.01973501,2.985148885,0.083686216,-0.35749695,0.806075826,0,1,1,1 
HDVD_6,Heavy Duty Trucks_Diesel_Rigid <=7.5 t_Euro V,EGR,,0.02,0,5,85,0.004327383,0.429907762,-2.042350375,1.959199628,0.056156196,-0.161315355,-0.067072973,0,1,1,1 
HDVD_6,Heavy Duty Trucks_Diesel_Rigid <=7.5 t_Euro V,EGR,,0.02,0.5,5,85,0.001537706,0.294434856,-2.188135525,2.191148314,0.031330791,-0.157113249,-0.178108513,0,1,1,1 
HDVD_6,Heavy Duty Trucks_Diesel_Rigid <=7.5 t_Euro V,EGR,,0.02,1,5,85,0.001720709,0.324454137,-1.530700311,1.401221762,0.034513049,-0.117676358,-1.83E-13,0,1,1,1 
HDVD_6,Heavy Duty Trucks_Diesel_Rigid <=7.5 t_Euro V,EGR,,0.04,0,5,85,-0.000168484,-0.00254102,1.670504833,-1.431660795,-0.001837272,0.175033779,0.192754756,0,1,1,1 
HDVD_6,Heavy Duty Trucks_Diesel_Rigid <=7.5 t_Euro V,EGR,,0.04,0.5,5,80,-7.91E-05,-0.017309055,2.071002739,-1.570878359,-0.002083947,0.179886772,0.19141942,0,1,1,1 
HDVD_6,Heavy Duty Trucks_Diesel_Rigid <=7.5 t_Euro V,EGR,,0.04,1,5,75,-2.14E-05,-0.019491623,1.924854762,-1.717955217,-0.001582264,0.150751985,0.070403597,0,1,1,1 
HDVD_6,Heavy Duty Trucks_Diesel_Rigid <=7.5 t_Euro V,EGR,,0.06,0,5,80,-0.000205677,-0.004689496,2.345296321,-1.40494637,-0.00193826,0.217299837,0.244444707,0,1,1,1 
HDVD_6,Heavy Duty Trucks_Diesel_Rigid <=7.5 t_Euro V,EGR,,0.06,0.5,5,70,-0.000122241,-0.004976474,1.78380443,-1.403069984,-0.000893037,0.145272671,0.04581362,0,1,1,1 
HDVD_6,Heavy Duty Trucks_Diesel_Rigid <=7.5 t_Euro V,EGR,,0.06,1,5,60,-0.00015958,0.090178411,-1.400558488,5.555617068,0.006733072,-0.107888842,0.436330234,0,1,1,1 
HDVD_7,Heavy Duty Trucks_Diesel_Rigid <=7.5 t_Euro VI,,,-0.06,0,5,85,-0.002687117,0.294855191,-1.23674831,1.959019112,0.307219907,-1.403541371,4.170228241,0,1,1,1 
HDVD_7,Heavy Duty Trucks_Diesel_Rigid <=7.5 t_Euro VI,,,-0.06,0.5,5,85,-0.002206213,0.211636439,-0.904850952,1.495163469,0.235127424,-1.213763272,3.628968935,0,1,1,1 
HDVD_7,Heavy Duty Trucks_Diesel_Rigid <=7.5 t_Euro VI,,,-0.06,1,5,85,-0.00208841,0.19278286,-0.85805107,1.461787391,0.228438163,-1.329609497,3.871415874,0,1,1,1 
HDVD_7,Heavy Duty Trucks_Diesel_Rigid <=7.5 t_Euro VI,,,-0.04,0,5,85,0.000244964,-0.034749882,1.642434338,-1.52386081,-0.008621226,0.793654711,4.657601593,0,1,1,1 
HDVD_7,Heavy Duty Trucks_Diesel_Rigid <=7.5 t_Euro VI,,,-0.04,0.5,5,85,-0.001840629,0.386724855,-1.329054444,1.812888551,0.317472826,-0.949086384,3.229518037,0,1,1,1 
HDVD_7,Heavy Duty Trucks_Diesel_Rigid <=7.5 t_Euro VI,,,-0.04,1,5,85,-0.006321959,0.700057614,-0.904642631,0.404392184,0.465070338,0.9281704,0.56769933,0,1,1,1 
HDVD_7,Heavy Duty Trucks_Diesel_Rigid <=7.5 t_Euro VI,,,-0.02,0,5,85,0.009927433,0.325700684,-1.126883004,1.758769139,0.342103914,-1.141413616,3.258261801,0,1,1,1 
HDVD_7,Heavy Duty Trucks_Diesel_Rigid <=7.5 t_Euro VI,,,-0.02,0.5,5,85,0.005127636,0.290690977,-1.461503986,1.303634121,0.242100105,-0.648603844,-0.826960109,0,1,1,1 
HDVD_7,Heavy Duty Trucks_Diesel_Rigid <=7.5 t_Euro VI,,,-0.02,1,5,85,9.61E-06,-0.019557074,1.946205164,-2.374474328,-0.011614087,1.037920001,2.238623296,0,1,1,1 
HDVD_7,Heavy Duty Trucks_Diesel_Rigid <=7.5 t_Euro VI,,,0,0,5,85,-0.000554984,0.03738739,1.89323218,-2.342507315,-0.009243837,1.174233189,1.759653024,0,1,1,1 
HDVD_7,Heavy Duty Trucks_Diesel_Rigid <=7.5 t_Euro VI,,,0,0.5,5,85,-0.000542671,0.036885838,1.972972701,-2.716476238,-0.008770069,1.224549643,0.903048332,0,1,1,1 
HDVD_7,Heavy Duty Trucks_Diesel_Rigid <=7.5 t_Euro VI,,,0,1,5,85,-0.000465432,0.0307771,1.928680821,-2.763426488,-0.007725969,1.161272462,0.413499201,0,1,1,1 
HDVD_7,Heavy Duty Trucks_Diesel_Rigid <=7.5 t_Euro VI,,,0.02,0,5,85,-0.001087775,0.098398465,1.600312426,-2.473140902,0.000204181,1.20234152,-7.93E-09,0,1,1,1 
HDVD_7,Heavy Duty Trucks_Diesel_Rigid <=7.5 t_Euro VI,,,0.02,0.5,5,85,-0.0009676,0.093668298,1.870290328,-2.58837376,0.005767015,1.167497574,-2.36E-08,0,1,1,1 
HDVD_7,Heavy Duty Trucks_Diesel_Rigid <=7.5 t_Euro VI,,,0.02,1,5,85,-0.001346527,0.172687291,2.352979511,-2.46366764,0.029266893,1.452276286,-4.08E-09,0,1,1,1 
HDVD_7,Heavy Duty Trucks_Diesel_Rigid <=7.5 t_Euro VI,,,0.04,0,5,85,-0.002980254,0.347779063,1.676645608,-1.424262747,0.053025399,1.614984502,1.61E-09,0,1,1,1 
HDVD_7,Heavy Duty Trucks_Diesel_Rigid <=7.5 t_Euro VI,,,0.04,0.5,5,80,6.95E-05,-0.014243763,0.89081847,1.471090877,-0.001678366,0.196004663,1.946543303,0,1,1,1 
HDVD_7,Heavy Duty Trucks_Diesel_Rigid <=7.5 t_Euro VI,,,0.04,1,5,75,0.00012127,-0.021500764,1.256284942,1.64034164,-0.003540206,0.349701118,1.670932921,0,1,1,1 
HDVD_7,Heavy Duty Trucks_Diesel_Rigid <=7.5 t_Euro VI,,,0.06,0,5,80,5.42E-05,-0.007371682,0.401684942,1.265991782,-0.000106214,0.056465071,1.286152423,0,1,1,1 
HDVD_7,Heavy Duty Trucks_Diesel_Rigid <=7.5 t_Euro VI,,,0.06,0.5,5,70,0.000149156,-0.018228164,0.886204578,2.723391024,-0.001443831,0.196769313,1.83040749,0,1,1,1 
HDVD_7,Heavy Duty Trucks_Diesel_Rigid <=7.5 t_Euro VI,,,0.06,1,5,60,-0.000543755,0.129952717,-0.073023167,-2.729585728,0.041297254,0.010174576,-1.052438548,0,1,1,1 
HDVD_8,Heavy Duty Trucks_Diesel_Rigid 7.5 - 12 t_Conventional,,,-0.06,0,12,86,0.000149119,-0.027274855,2.179709402,6.881689496,0.000416932,0.027800632,0.305629994,0,1,1,1 
HDVD_8,Heavy Duty Trucks_Diesel_Rigid 7.5 - 12 t_Conventional,,,-0.06,0.5,12,86,7.75E-06,-0.002986513,1.636687876,-6.289777413,0.001072089,0.006956127,0.088958595,0,1,1,1 
HDVD_8,Heavy Duty Trucks_Diesel_Rigid 7.5 - 12 t_Conventional,,,-0.06,1,12,86,1.14E-05,-0.004102651,1.697808783,-6.611920578,0.001131805,0.006411162,0.099540379,0,1,1,1 
HDVD_8,Heavy Duty Trucks_Diesel_Rigid 7.5 - 12 t_Conventional,,,-0.04,0,12,86,0.000356254,-0.02186351,1.296149064,7.284226359,0.000462676,0.003328554,0.312176893,0,1,1,1 
HDVD_8,Heavy Duty Trucks_Diesel_Rigid 7.5 - 12 t_Conventional,,,-0.04,0.5,12,86,0.000145033,-0.017863256,1.259882812,4.058752434,0.000241927,0.008598612,0.224116569,0,1,1,1 
HDVD_8,Heavy Duty Trucks_Diesel_Rigid 7.5 - 12 t_Conventional,,,-0.04,1,12,86,0.000123701,-0.018860788,1.371703038,3.034671731,0.00023436,0.009915892,0.215443751,0,1,1,1 
HDVD_8,Heavy Duty Trucks_Diesel_Rigid 7.5 - 12 t_Conventional,,,-0.02,0,12,86,0.000279389,-0.002160485,0.764989568,4.306011798,0.000207381,0.007296489,0.124728124,0,1,1,1 
HDVD_8,Heavy Duty Trucks_Diesel_Rigid 7.5 - 12 t_Conventional,,,-0.02,0.5,12,86,0.000837326,-0.027562831,1.502383283,9.284572127,0.000634643,-0.002210096,0.383005514,0,1,1,1 
HDVD_8,Heavy Duty Trucks_Diesel_Rigid 7.5 - 12 t_Conventional,,,-0.02,1,12,86,0.000553696,-0.022942176,1.108849917,5.785026649,0.000439646,-0.003176703,0.274390072,0,1,1,1 
HDVD_8,Heavy Duty Trucks_Diesel_Rigid 7.5 - 12 t_Conventional,,,0,0,12,86,-3.60E-05,0.000879429,0.945268529,5.687449305,-7.74E-05,0.012668724,0.129698804,0,1,1,1 
HDVD_8,Heavy Duty Trucks_Diesel_Rigid 7.5 - 12 t_Conventional,,,0,0.5,12,86,0.000425048,-0.000235515,1.850262999,5.636784495,0.000242258,0.015708663,0.22361205,0,1,1,1 
HDVD_8,Heavy Duty Trucks_Diesel_Rigid 7.5 - 12 t_Conventional,,,0,1,12,86,0.000912606,-0.006779821,2.811986749,8.965368165,0.000460084,0.017590148,0.384047548,0,1,1,1 
HDVD_8,Heavy Duty Trucks_Diesel_Rigid 7.5 - 12 t_Conventional,,,0.02,0,12,86,0.00073697,-0.009538759,1.458824959,6.806976371,0.000360071,0.005842959,0.237685075,0,1,1,1 
HDVD_8,Heavy Duty Trucks_Diesel_Rigid 7.5 - 12 t_Conventional,,,0.02,0.5,12,86,0.00011529,0.023807977,2.446044546,18.40112244,-0.000117445,0.033213756,0.358011752,0,1,1,1 
HDVD_8,Heavy Duty Trucks_Diesel_Rigid 7.5 - 12 t_Conventional,,,0.02,1,12,84,0.007300226,-0.492753385,15.94180753,51.19540026,0.001429224,-0.060328884,3.100376416,0,1,1,1 
HDVD_8,Heavy Duty Trucks_Diesel_Rigid 7.5 - 12 t_Conventional,,,0.04,0,12,86,0.000476663,0.031378559,3.876397777,9.992105286,-0.000306592,0.066697211,0.094270369,0,1,1,1 
HDVD_8,Heavy Duty Trucks_Diesel_Rigid 7.5 - 12 t_Conventional,,,0.04,0.5,12,77,0.000100323,0.007808697,0.834329445,16.76892522,-3.56E-05,0.006081862,0.300310637,0,1,1,1 
HDVD_8,Heavy Duty Trucks_Diesel_Rigid 7.5 - 12 t_Conventional,,,0.04,1,12,66,0.000790441,0.092836315,5.699734115,26.9060742,-0.000280174,0.055387587,0.692537977,0,1,1,1 
HDVD_8,Heavy Duty Trucks_Diesel_Rigid 7.5 - 12 t_Conventional,,,0.06,0,12,77,0.001915279,0.078397613,8.761407736,-40.33045296,-0.000838035,0.155033333,-0.691212318,0,1,1,1 
HDVD_8,Heavy Duty Trucks_Diesel_Rigid 7.5 - 12 t_Conventional,,,0.06,0.5,12,63,0.000743201,0.061163881,4.05663077,23.90625589,-0.000216543,0.037637066,0.566747818,0,1,1,1 
HDVD_8,Heavy Duty Trucks_Diesel_Rigid 7.5 - 12 t_Conventional,,,0.06,1,12,50,0.0237822,2.473702238,8.564488932,9.375349714,0.004500466,0.426803558,-0.687943365,0,1,1,1 
HDVD_9,Heavy Duty Trucks_Diesel_Rigid 7.5 - 12 t_Euro I,,,-0.06,0,12,86,8.70E-05,-0.016778129,1.417555473,2.453779479,0.000575882,0.040078467,0.397211581,0,1,1,1 
HDVD_9,Heavy Duty Trucks_Diesel_Rigid 7.5 - 12 t_Euro I,,,-0.06,0.5,12,86,-6.14E-16,1.08E-13,3.390818944,4.44E-11,0.00613862,-0.007636241,1.608339654,0,1,1,1 
HDVD_9,Heavy Duty Trucks_Diesel_Rigid 7.5 - 12 t_Euro I,,,-0.06,1,12,86,7.93E-06,-0.003007082,1.207872703,-5.094355552,0.001668152,0.009472852,0.176336368,0,1,1,1 
HDVD_9,Heavy Duty Trucks_Diesel_Rigid 7.5 - 12 t_Euro I,,,-0.04,0,12,86,0.000204466,-0.01314137,0.753170603,3.341543096,0.000580107,0.00243303,0.408647063,0,1,1,1 
HDVD_9,Heavy Duty Trucks_Diesel_Rigid 7.5 - 12 t_Euro I,,,-0.04,0.5,12,86,0.000163541,-0.017362148,1.013537641,2.49818643,0.000539523,0.003629142,0.504983497,0,1,1,1 
HDVD_9,Heavy Duty Trucks_Diesel_Rigid 7.5 - 12 t_Euro I,,,-0.04,1,12,86,0.000140277,-0.018492413,1.143532361,2.397977087,0.000478336,0.007457733,0.522479963,0,1,1,1 
HDVD_9,Heavy Duty Trucks_Diesel_Rigid 7.5 - 12 t_Euro I,,,-0.02,0,12,86,-6.09E-16,8.84E-15,2.843166643,1.93E-10,-0.00088044,0.132122148,-0.061429764,0,1,1,1 
HDVD_9,Heavy Duty Trucks_Diesel_Rigid 7.5 - 12 t_Euro I,,,-0.02,0.5,12,86,0.000287008,-0.022972412,0.658656784,3.420835179,0.000224193,-0.009271639,0.443320555,0,1,1,1 
HDVD_9,Heavy Duty Trucks_Diesel_Rigid 7.5 - 12 t_Euro I,,,-0.02,1,12,86,0.000276504,-0.023483882,0.711635127,3.03151365,0.000199156,-0.007487808,0.416595384,0,1,1,1 
HDVD_9,Heavy Duty Trucks_Diesel_Rigid 7.5 - 12 t_Euro I,,,0,0,12,86,0.000148193,0.005648906,1.519661096,4.073662847,0.000199106,0.039397891,0.357042186,0,1,1,1 
HDVD_9,Heavy Duty Trucks_Diesel_Rigid 7.5 - 12 t_Euro I,,,0,0.5,12,86,0.001383992,-0.034633312,3.097046733,8.644696849,0.00156164,0.01152115,1.209145058,0,1,1,1 
HDVD_9,Heavy Duty Trucks_Diesel_Rigid 7.5 - 12 t_Euro I,,,0,1,12,86,0.001453436,-0.047202996,2.355966626,6.053199746,0.001413942,-0.016834208,1.050731016,0,1,1,1 
HDVD_9,Heavy Duty Trucks_Diesel_Rigid 7.5 - 12 t_Euro I,,,0.02,0,12,86,0.000388143,-0.027985569,0.804879959,4.094574241,0.000233673,-0.01042049,0.457487629,0,1,1,1 
HDVD_9,Heavy Duty Trucks_Diesel_Rigid 7.5 - 12 t_Euro I,,,0.02,0.5,12,86,0.001265081,-0.027798945,1.488777403,5.282151194,0.001061465,-0.008908882,0.666892942,0,1,1,1 
HDVD_9,Heavy Duty Trucks_Diesel_Rigid 7.5 - 12 t_Euro I,,,0.02,1,12,85,0.001392504,-0.00572134,-0.548033706,6.633269756,0.00144485,-0.039478151,0.316459328,0,1,1,1 
HDVD_9,Heavy Duty Trucks_Diesel_Rigid 7.5 - 12 t_Euro I,,,0.04,0,12,86,0.000123269,0.011901605,0.301979318,3.426956097,8.37E-05,0.01490319,0.097454431,0,1,1,1 
HDVD_9,Heavy Duty Trucks_Diesel_Rigid 7.5 - 12 t_Euro I,,,0.04,0.5,12,78,0.000772979,-0.017718206,-0.103866285,4.207985315,0.000632397,-0.023383478,0.242425027,0,1,1,1 
HDVD_9,Heavy Duty Trucks_Diesel_Rigid 7.5 - 12 t_Euro I,,,0.04,1,12,66,-0.00049425,-0.032013119,4.651376503,-8.753251847,-0.000809343,0.045695102,0.678078052,0,1,1,1 
HDVD_9,Heavy Duty Trucks_Diesel_Rigid 7.5 - 12 t_Euro I,,,0.06,0,12,78,0.000781979,0.075879341,-0.423661682,4.663339998,0.000797013,0.033809625,-0.162379978,0,1,1,1 
HDVD_9,Heavy Duty Trucks_Diesel_Rigid 7.5 - 12 t_Euro I,,,0.06,0.5,12,64,-0.000161296,0.158795865,4.082202339,4.193757071,0.0005456,0.085280056,0.925750493,0,1,1,1 
HDVD_9,Heavy Duty Trucks_Diesel_Rigid 7.5 - 12 t_Euro I,,,0.06,1,12,52,-0.004527803,0.303486534,-1.573154035,-14.57525972,-0.001542802,0.115645413,-1.112234107,0,1,1,1 
HDVD_10,Heavy Duty Trucks_Diesel_Rigid 7.5 - 12 t_Euro II,,,-0.06,0,12,86,-1.11E-05,0.004323678,0.239416315,3.433847923,0.001308497,-0.013932118,0.54793305,0,1,1,1 
HDVD_10,Heavy Duty Trucks_Diesel_Rigid 7.5 - 12 t_Euro II,,,-0.06,0.5,12,86,4.35E-06,-0.001829936,0.76355381,-3.485041363,0.001357796,0.007677227,0.174768874,0,1,1,1 
HDVD_10,Heavy Duty Trucks_Diesel_Rigid 7.5 - 12 t_Euro II,,,-0.06,1,12,86,1.18E-05,-0.004092464,0.965732194,-4.688911491,0.001614717,0.004373493,0.242687121,0,1,1,1 
HDVD_10,Heavy Duty Trucks_Diesel_Rigid 7.5 - 12 t_Euro II,,,-0.04,0,12,86,0.000329471,-0.021214288,0.96993613,4.015267482,0.001289574,-0.014071777,0.901814058,0,1,1,1 
HDVD_10,Heavy Duty Trucks_Diesel_Rigid 7.5 - 12 t_Euro II,,,-0.04,0.5,12,86,3.68E-05,0.004213447,-0.180194995,6.398548139,0.000904367,-0.035089845,0.632946124,0,1,1,1 
HDVD_10,Heavy Duty Trucks_Diesel_Rigid 7.5 - 12 t_Euro II,,,-0.04,1,12,86,-3.14E-06,0.009845281,-0.164938834,8.275977831,0.001397221,-0.045434094,0.874757281,0,1,1,1 
HDVD_10,Heavy Duty Trucks_Diesel_Rigid 7.5 - 12 t_Euro II,,,-0.02,0,12,86,-8.23E-16,4.36E-14,2.547176554,3.15E-10,-0.00128144,0.175635041,-0.109861622,0,1,1,1 
HDVD_10,Heavy Duty Trucks_Diesel_Rigid 7.5 - 12 t_Euro II,,,-0.02,0.5,12,86,0.000746599,-0.065977865,2.114580482,5.455921741,0.00052786,-0.017302346,1.468177239,0,1,1,1 
HDVD_10,Heavy Duty Trucks_Diesel_Rigid 7.5 - 12 t_Euro II,,,-0.02,1,12,86,0.001011652,-0.096777577,3.389579947,5.657653925,0.000588709,-0.013608657,1.96840919,0,1,1,1 
HDVD_10,Heavy Duty Trucks_Diesel_Rigid 7.5 - 12 t_Euro II,,,0,0,12,86,3.15E-17,-3.50E-16,2.753981872,1.66E-12,-0.000860608,0.118137729,0.44552606,0,1,1,1 
HDVD_10,Heavy Duty Trucks_Diesel_Rigid 7.5 - 12 t_Euro II,,,0,0.5,12,86,0.000800622,-0.027772674,0.76526314,3.183116265,0.001033894,-0.026107923,0.643480587,0,1,1,1 
HDVD_10,Heavy Duty Trucks_Diesel_Rigid 7.5 - 12 t_Euro II,,,0,1,12,86,0.001625097,-0.069485351,1.568748382,6.031059708,0.001850545,-0.06460978,1.303283971,0,1,1,1 
HDVD_10,Heavy Duty Trucks_Diesel_Rigid 7.5 - 12 t_Euro II,,,0.02,0,12,86,0.00082203,-0.015244877,0.629896931,4.287604169,0.000925486,-0.010800344,0.506736229,0,1,1,1 
HDVD_10,Heavy Duty Trucks_Diesel_Rigid 7.5 - 12 t_Euro II,,,0.02,0.5,12,86,0.000641865,-0.005636067,-0.253537652,3.748472764,0.000914426,-0.028317769,0.25026441,0,1,1,1 
HDVD_10,Heavy Duty Trucks_Diesel_Rigid 7.5 - 12 t_Euro II,,,0.02,1,12,86,0.000818578,0.053906417,-1.087151016,4.484511037,0.001778405,-0.023302852,0.045982982,0,1,1,1 
HDVD_10,Heavy Duty Trucks_Diesel_Rigid 7.5 - 12 t_Euro II,,,0.04,0,12,86,-0.000358867,0.028478308,0.394267201,-7.222067187,-0.000458939,0.046703643,-0.451619623,0,1,1,1 
HDVD_10,Heavy Duty Trucks_Diesel_Rigid 7.5 - 12 t_Euro II,,,0.04,0.5,12,81,7.75E-05,-0.010628586,1.84048159,1.588384325,2.54E-05,0.012919118,0.64984357,0,1,1,1 
HDVD_10,Heavy Duty Trucks_Diesel_Rigid 7.5 - 12 t_Euro II,,,0.04,1,12,70,-0.000217361,0.121357776,-0.76651811,3.999378408,0.001457455,0.00705392,0.06867752,0,1,1,1 
HDVD_10,Heavy Duty Trucks_Diesel_Rigid 7.5 - 12 t_Euro II,,,0.06,0,12,82,-0.000221132,0.09571515,2.387523994,2.618286841,0.000635659,0.075322818,0.718045088,0,1,1,1 
HDVD_10,Heavy Duty Trucks_Diesel_Rigid 7.5 - 12 t_Euro II,,,0.06,0.5,12,66,0.000239009,-0.007484476,3.083807641,4.11034878,0.000118802,0.033975931,0.794079888,0,1,1,1 
HDVD_10,Heavy Duty Trucks_Diesel_Rigid 7.5 - 12 t_Euro II,,,0.06,1,12,56,0.000129977,-0.024893285,2.47272687,2.750127675,-4.64E-05,0.016921168,0.533501569,0,1,1,1 
HDVD_11,Heavy Duty Trucks_Diesel_Rigid 7.5 - 12 t_Euro III,,,-0.06,0,12,86,1.31E-05,-0.004298658,0.423484786,2.405935859,2.61E-05,0.013174537,0.160036032,0,1,1,1 
HDVD_11,Heavy Duty Trucks_Diesel_Rigid 7.5 - 12 t_Euro III,,,-0.06,0.5,12,86,-7.61E-17,1.52E-14,2.839328423,5.87E-12,0.002688113,0.038788044,0.863526581,0,1,1,1 
HDVD_11,Heavy Duty Trucks_Diesel_Rigid 7.5 - 12 t_Euro III,,,-0.06,1,12,86,-1.39E-05,0.004327906,2.165453945,-8.940887042,0.002320202,0.028404164,0.22651442,0,1,1,1 
HDVD_11,Heavy Duty Trucks_Diesel_Rigid 7.5 - 12 t_Euro III,,,-0.04,0,12,86,0.000454699,-0.024340983,1.240152517,5.102581853,0.000935909,-0.005018872,0.642399048,0,1,1,1 
HDVD_11,Heavy Duty Trucks_Diesel_Rigid 7.5 - 12 t_Euro III,,,-0.04,0.5,12,86,0.000146969,-0.014483624,0.990546568,2.409055404,0.00037015,0.008144307,0.382611729,0,1,1,1 
HDVD_11,Heavy Duty Trucks_Diesel_Rigid 7.5 - 12 t_Euro III,,,-0.04,1,12,86,0.000131669,-0.016293305,1.118837773,2.181327324,0.000345197,0.009169813,0.430969911,0,1,1,1 
HDVD_11,Heavy Duty Trucks_Diesel_Rigid 7.5 - 12 t_Euro III,,,-0.02,0,12,86,0.000440476,-0.014297233,1.911775395,4.763074111,0.000627341,0.02240466,0.650980904,0,1,1,1 
HDVD_11,Heavy Duty Trucks_Diesel_Rigid 7.5 - 12 t_Euro III,,,-0.02,0.5,12,86,0.000259641,-0.020689953,0.657920117,2.874513271,0.000198083,-0.007296211,0.37584146,0,1,1,1 
HDVD_11,Heavy Duty Trucks_Diesel_Rigid 7.5 - 12 t_Euro III,,,-0.02,1,12,86,0.000440797,-0.040476731,1.37792613,3.078235123,0.000211119,-0.00599192,0.592878788,0,1,1,1 
HDVD_11,Heavy Duty Trucks_Diesel_Rigid 7.5 - 12 t_Euro III,,,0,0,12,86,0.000233312,-0.007829331,0.146933695,4.594885442,0.000407113,-0.015791435,0.341159356,0,1,1,1 
HDVD_11,Heavy Duty Trucks_Diesel_Rigid 7.5 - 12 t_Euro III,,,0,0.5,12,86,0.00107086,-0.048980495,1.952623926,5.346784296,0.001231522,-0.026374027,0.985959473,0,1,1,1 
HDVD_11,Heavy Duty Trucks_Diesel_Rigid 7.5 - 12 t_Euro III,,,0,1,12,86,0.001302327,-0.063012206,1.826871465,6.29664747,0.001351382,-0.043874663,1.067719559,0,1,1,1 
HDVD_11,Heavy Duty Trucks_Diesel_Rigid 7.5 - 12 t_Euro III,,,0.02,0,12,86,0.000279293,-0.004561506,-0.127399742,5.645026364,0.000502262,-0.021004471,0.320019155,0,1,1,1 
HDVD_11,Heavy Duty Trucks_Diesel_Rigid 7.5 - 12 t_Euro III,,,0.02,0.5,12,86,0.000597592,-0.006388102,-0.275128644,9.083040665,0.000962771,-0.036369862,0.497446655,0,1,1,1 
HDVD_11,Heavy Duty Trucks_Diesel_Rigid 7.5 - 12 t_Euro III,,,0.02,1,12,86,0.001033108,-0.00584433,0.081846205,13.44446564,0.001595494,-0.048277395,0.834327605,0,1,1,1 
HDVD_11,Heavy Duty Trucks_Diesel_Rigid 7.5 - 12 t_Euro III,,,0.04,0,12,86,0.000142506,0.05458336,0.626422223,-5.265812761,0.000704729,0.043692928,-0.276196609,0,1,1,1 
HDVD_11,Heavy Duty Trucks_Diesel_Rigid 7.5 - 12 t_Euro III,,,0.04,0.5,12,83,0.000325143,-0.014806462,3.103268679,4.257496387,0.000285076,0.029315707,0.872188147,0,1,1,1 
HDVD_11,Heavy Duty Trucks_Diesel_Rigid 7.5 - 12 t_Euro III,,,0.04,1,12,72,0.000132213,-0.019456886,2.241560045,2.228937058,6.02E-05,0.014273851,0.569997668,0,1,1,1 
HDVD_11,Heavy Duty Trucks_Diesel_Rigid 7.5 - 12 t_Euro III,,,0.06,0,12,83,-1.94E-05,-0.003044158,1.170620123,2.89998313,-0.000127946,0.019888519,0.334550746,0,1,1,1 
HDVD_11,Heavy Duty Trucks_Diesel_Rigid 7.5 - 12 t_Euro III,,,0.06,0.5,12,67,-0.001702011,0.424390111,3.353879239,-2.280334458,0.003705232,0.17362537,0.211268682,0,1,1,1 
HDVD_11,Heavy Duty Trucks_Diesel_Rigid 7.5 - 12 t_Euro III,,,0.06,1,12,58,0.000247054,-0.03304331,3.447257347,3.370795454,7.09E-05,0.022339905,0.747649025,0,1,1,1 
HDVD_12,Heavy Duty Trucks_Diesel_Rigid 7.5 - 12 t_Euro IV,,,-0.06,0,12,86,2.99E-05,-0.006813838,0.394526264,5.900678418,0.000706967,0.028574994,0.618893152,0,1,1,1 
HDVD_12,Heavy Duty Trucks_Diesel_Rigid 7.5 - 12 t_Euro IV,,,-0.06,0.5,12,86,2.94E-05,-0.006113187,0.317891932,3.985270825,0.000688321,0.016933745,0.521155923,0,1,1,1 
HDVD_12,Heavy Duty Trucks_Diesel_Rigid 7.5 - 12 t_Euro IV,,,-0.06,1,12,86,3.36E-05,-0.0067231,0.331164633,4.301050657,0.000828721,0.015350698,0.599004868,0,1,1,1 
HDVD_12,Heavy Duty Trucks_Diesel_Rigid 7.5 - 12 t_Euro IV,,,-0.04,0,12,86,4.37E-06,-0.002693648,0.482768228,3.73970375,0.00030738,0.045150082,0.252737075,0,1,1,1 
HDVD_12,Heavy Duty Trucks_Diesel_Rigid 7.5 - 12 t_Euro IV,,,-0.04,0.5,12,86,2.13E-05,-0.00615115,0.499770953,4.863403281,0.000387859,0.0375371,0.461369225,0,1,1,1 
HDVD_12,Heavy Duty Trucks_Diesel_Rigid 7.5 - 12 t_Euro IV,,,-0.04,1,12,86,2.33E-05,-0.006013907,0.425286134,3.417388656,0.000376218,0.027217362,0.397902718,0,1,1,1 
HDVD_12,Heavy Duty Trucks_Diesel_Rigid 7.5 - 12 t_Euro IV,,,-0.02,0,12,86,1.73E-05,0.001790307,0.382763545,3.436114344,-0.000108294,0.038323057,0.190640551,0,1,1,1 
HDVD_12,Heavy Duty Trucks_Diesel_Rigid 7.5 - 12 t_Euro IV,,,-0.02,0.5,12,86,-5.16E-15,1.62E-13,2.898141687,4.34E-10,-0.00195485,0.328979294,-0.985178827,0,1,1,1 
HDVD_12,Heavy Duty Trucks_Diesel_Rigid 7.5 - 12 t_Euro IV,,,-0.02,1,12,86,0.000123362,-0.00312158,0.407174511,3.085540206,0.000572549,0.017718253,0.325590436,0,1,1,1 
HDVD_12,Heavy Duty Trucks_Diesel_Rigid 7.5 - 12 t_Euro IV,,,0,0,12,86,3.67E-05,0.010243738,1.585678188,4.048722643,-0.000299958,0.114140724,0.289776691,0,1,1,1 
HDVD_12,Heavy Duty Trucks_Diesel_Rigid 7.5 - 12 t_Euro IV,,,0,0.5,12,86,5.76E-05,0.021063246,0.499537251,3.599393516,0.000361057,0.058072961,0.077302004,0,1,1,1 
HDVD_12,Heavy Duty Trucks_Diesel_Rigid 7.5 - 12 t_Euro IV,,,0,1,12,86,5.77E-05,0.021368438,0.533711497,3.369434079,0.000335812,0.057363648,0.091339155,0,1,1,1 
HDVD_12,Heavy Duty Trucks_Diesel_Rigid 7.5 - 12 t_Euro IV,,,0.02,0,12,86,0.000251347,0.023671249,0.697749807,4.928571937,0.000637159,0.056984745,0.263458837,0,1,1,1 
HDVD_12,Heavy Duty Trucks_Diesel_Rigid 7.5 - 12 t_Euro IV,,,0.02,0.5,12,86,3.46E-05,0.016240079,0.344118332,2.389741208,0.000108161,0.034386229,0.091159628,0,1,1,1 
HDVD_12,Heavy Duty Trucks_Diesel_Rigid 7.5 - 12 t_Euro IV,,,0.02,1,12,86,0.00268267,0.696916361,2.630113142,0.807276419,0.012584333,0.734989634,-2.979949382,0,1,1,1 
HDVD_12,Heavy Duty Trucks_Diesel_Rigid 7.5 - 12 t_Euro IV,,,0.04,0,12,86,-4.00E-05,0.003370118,0.09800208,3.673693544,-7.62E-05,0.006656363,0.220996482,0,1,1,1 
HDVD_12,Heavy Duty Trucks_Diesel_Rigid 7.5 - 12 t_Euro IV,,,0.04,0.5,12,82,0.001487623,0.348680051,1.048755166,1.005775791,0.005539778,0.33208729,-1.313759272,0,1,1,1 
HDVD_12,Heavy Duty Trucks_Diesel_Rigid 7.5 - 12 t_Euro IV,,,0.04,1,12,74,0.001091576,-0.026303659,0.663435329,3.739507438,0.001188072,-0.022617714,0.571719869,0,1,1,1 
HDVD_12,Heavy Duty Trucks_Diesel_Rigid 7.5 - 12 t_Euro IV,,,0.06,0,12,82,0.001338924,0.27755283,2.569074847,-1.464310432,0.003640841,0.359294708,-1.08675021,0,1,1,1 
HDVD_12,Heavy Duty Trucks_Diesel_Rigid 7.5 - 12 t_Euro IV,,,0.06,0.5,12,69,3.39E-17,-3.14E-15,6.967958553,2.30E-12,-0.002681537,0.255776393,1.254157217,0,1,1,1 
HDVD_12,Heavy Duty Trucks_Diesel_Rigid 7.5 - 12 t_Euro IV,,,0.06,1,12,59,-0.000326026,0.0075589,1.021690178,-5.57119271,-0.000572021,0.041430223,-0.10994955,0,1,1,1 
HDVD_12,Heavy Duty Trucks_Diesel_Rigid 7.5 - 12 t_Euro IV,,,-0.06,0,12,86,2.99E-05,-0.006813838,0.394526264,5.900678418,0.000706967,0.028574994,0.618893152,0,1,1,1 
HDVD_12,Heavy Duty Trucks_Diesel_Rigid 7.5 - 12 t_Euro IV,,,-0.06,0.5,12,86,2.94E-05,-0.006113187,0.317891932,3.985270825,0.000688321,0.016933745,0.521155923,0,1,1,1 
HDVD_12,Heavy Duty Trucks_Diesel_Rigid 7.5 - 12 t_Euro IV,,,-0.06,1,12,86,3.36E-05,-0.0067231,0.331164633,4.301050657,0.000828721,0.015350698,0.599004868,0,1,1,1 
HDVD_12,Heavy Duty Trucks_Diesel_Rigid 7.5 - 12 t_Euro IV,,,-0.04,0,12,86,4.37E-06,-0.002693648,0.482768228,3.73970375,0.00030738,0.045150082,0.252737075,0,1,1,1 
HDVD_12,Heavy Duty Trucks_Diesel_Rigid 7.5 - 12 t_Euro IV,,,-0.04,1,12,86,2.33E-05,-0.006013907,0.425286134,3.417388656,0.000376218,0.027217362,0.397902718,0,1,1,1 
HDVD_12,Heavy Duty Trucks_Diesel_Rigid 7.5 - 12 t_Euro IV,,,-0.02,0,12,86,1.73E-05,0.001790307,0.382763545,3.436114344,-0.000108294,0.038323057,0.190640551,0,1,1,1 
HDVD_12,Heavy Duty Trucks_Diesel_Rigid 7.5 - 12 t_Euro IV,,,-0.02,1,12,86,0.000123362,-0.00312158,0.407174511,3.085540206,0.000572549,0.017718253,0.325590436,0,1,1,1 
HDVD_12,Heavy Duty Trucks_Diesel_Rigid 7.5 - 12 t_Euro IV,,,0,0,12,86,3.67E-05,0.010243738,1.585678188,4.048722643,-0.000299958,0.114140724,0.289776691,0,1,1,1 
HDVD_12,Heavy Duty Trucks_Diesel_Rigid 7.5 - 12 t_Euro IV,,,0,1,12,86,5.77E-05,0.021368438,0.533711497,3.369434079,0.000335812,0.057363648,0.091339155,0,1,1,1 
HDVD_12,Heavy Duty Trucks_Diesel_Rigid 7.5 - 12 t_Euro IV,,,0.02,0,12,86,0.000251347,0.023671249,0.697749807,4.928571937,0.000637159,0.056984745,0.263458837,0,1,1,1 
HDVD_12,Heavy Duty Trucks_Diesel_Rigid 7.5 - 12 t_Euro IV,,,0.02,1,12,86,0.00268267,0.696916361,2.630113142,0.807276419,0.012584333,0.734989634,-2.979949382,0,1,1,1 
HDVD_12,Heavy Duty Trucks_Diesel_Rigid 7.5 - 12 t_Euro IV,,,0.04,0,12,86,-4.00E-05,0.003370118,0.09800208,3.673693544,-7.62E-05,0.006656363,0.220996482,0,1,1,1 
HDVD_12,Heavy Duty Trucks_Diesel_Rigid 7.5 - 12 t_Euro IV,,,0.04,1,12,74,0.001091576,-0.026303659,0.663435329,3.739507438,0.001188072,-0.022617714,0.571719869,0,1,1,1 
HDVD_12,Heavy Duty Trucks_Diesel_Rigid 7.5 - 12 t_Euro IV,,,0.06,0,12,82,0.001338924,0.27755283,2.569074847,-1.464310432,0.003640841,0.359294708,-1.08675021,0,1,1,1 
HDVD_12,Heavy Duty Trucks_Diesel_Rigid 7.5 - 12 t_Euro IV,,,0.06,0.5,12,69,3.39E-17,-3.14E-15,6.967958553,2.30E-12,-0.002681537,0.255776393,1.254157217,0,1,1,1 
HDVD_12,Heavy Duty Trucks_Diesel_Rigid 7.5 - 12 t_Euro IV,,,0.06,1,12,59,-0.000326026,0.0075589,1.021690178,-5.57119271,-0.000572021,0.041430223,-0.10994955,0,1,1,1 
HDVD_13,Heavy Duty Trucks_Diesel_Rigid 7.5 - 12 t_Euro V,SCR,,-0.06,0,5,75,-0.001609776,0.13479705,-0.950218982,1.911089006,0.009176424,-0.073086746,0.158361815,0,1,1,1 
HDVD_13,Heavy Duty Trucks_Diesel_Rigid 7.5 - 12 t_Euro V,SCR,,-0.06,0.5,5,70,-0.002813744,0.22198903,-1.5818011,3.231041405,0.015272888,-0.124433453,0.275745768,0,1,1,1 
HDVD_13,Heavy Duty Trucks_Diesel_Rigid 7.5 - 12 t_Euro V,SCR,,-0.06,1,5,65,-0.002043271,0.156576545,-1.111306336,2.280750833,0.010717297,-0.08762479,0.196364133,0,1,1,1 
HDVD_13,Heavy Duty Trucks_Diesel_Rigid 7.5 - 12 t_Euro V,SCR,,-0.04,0,5,85,-0.002962955,0.386908943,-2.099168842,1.172507497,0.024048411,-0.147823403,0.136623072,0,1,1,1 
HDVD_13,Heavy Duty Trucks_Diesel_Rigid 7.5 - 12 t_Euro V,SCR,,-0.04,0.5,5,85,-0.002237352,0.236457217,-1.43591915,2.727722522,0.0140256,-0.096734033,0.205496733,0,1,1,1 
HDVD_13,Heavy Duty Trucks_Diesel_Rigid 7.5 - 12 t_Euro V,SCR,,-0.04,1,5,80,-0.004376176,0.370817746,-1.544027292,1.051529651,0.017881321,-0.063740547,7.00E-13,0,1,1,1 
HDVD_13,Heavy Duty Trucks_Diesel_Rigid 7.5 - 12 t_Euro V,SCR,,-0.02,0,5,85,0.001933723,0.152140882,-0.945555108,2.221192761,0.011047166,-0.073793318,0.175607033,0,1,1,1 
HDVD_13,Heavy Duty Trucks_Diesel_Rigid 7.5 - 12 t_Euro V,SCR,,-0.02,0.5,5,85,0.002004878,0.246668978,-1.263328966,3.646430048,0.016965015,-0.10696999,0.308974353,0,1,1,1 
HDVD_13,Heavy Duty Trucks_Diesel_Rigid 7.5 - 12 t_Euro V,SCR,,-0.02,1,5,85,0.000449148,0.25475791,-1.411472918,2.942499186,0.013925913,-0.085458662,0.199667214,0,1,1,1 
HDVD_13,Heavy Duty Trucks_Diesel_Rigid 7.5 - 12 t_Euro V,SCR,,0,0,5,85,0.004564427,0.031539739,2.698038585,1.148930092,0.007029489,0.051182002,0.344965166,0,1,1,1 
HDVD_13,Heavy Duty Trucks_Diesel_Rigid 7.5 - 12 t_Euro V,SCR,,0,0.5,5,85,0.004936188,0.038976835,1.967222016,2.279299388,0.007051622,0.017264007,0.370861951,0,1,1,1 
HDVD_13,Heavy Duty Trucks_Diesel_Rigid 7.5 - 12 t_Euro V,SCR,,0,1,5,85,0.005318001,0.072445633,1.457212441,2.493985542,0.007676172,-0.000181336,0.34221907,0,1,1,1 
HDVD_13,Heavy Duty Trucks_Diesel_Rigid 7.5 - 12 t_Euro V,SCR,,0.02,0,5,85,0.012623908,-0.115681082,6.279504672,5.110658462,0.008788064,0.086066402,0.883022049,0,1,1,1 
HDVD_13,Heavy Duty Trucks_Diesel_Rigid 7.5 - 12 t_Euro V,SCR,,0.02,0.5,5,85,0.012781466,-0.083438206,2.070406136,8.754905416,0.009136393,-0.055597985,0.79516604,0,1,1,1 
HDVD_13,Heavy Duty Trucks_Diesel_Rigid 7.5 - 12 t_Euro V,SCR,,0.02,1,5,85,0.006256036,0.020745484,-0.34074929,3.253967802,0.005077521,-0.047077084,0.212038314,0,1,1,1 
HDVD_13,Heavy Duty Trucks_Diesel_Rigid 7.5 - 12 t_Euro V,SCR,,0.04,0,5,85,0.007084979,-0.087184221,0.735172676,6.905840164,0.00432158,-0.054105116,0.530942645,0,1,1,1 
HDVD_13,Heavy Duty Trucks_Diesel_Rigid 7.5 - 12 t_Euro V,SCR,,0.04,0.5,5,80,-0.00229724,0.170289518,3.201308127,-1.081018883,-0.001452739,0.141452561,3.73E-13,0,1,1,1 
HDVD_13,Heavy Duty Trucks_Diesel_Rigid 7.5 - 12 t_Euro V,SCR,,0.04,1,5,75,-0.00213343,0.13540537,3.500391882,0.388696507,-0.001206128,0.117361828,0.089570954,0,1,1,1 
HDVD_13,Heavy Duty Trucks_Diesel_Rigid 7.5 - 12 t_Euro V,SCR,,0.06,0,5,80,4.07E-05,-0.005485379,0.150333086,3.59355629,3.46E-05,-0.004822708,0.180814024,0,1,1,1 
HDVD_13,Heavy Duty Trucks_Diesel_Rigid 7.5 - 12 t_Euro V,SCR,,0.06,0.5,5,70,-0.001496696,0.095406872,2.267919215,2.731538198,-0.000734177,0.072742137,0.148309959,0,1,1,1 
HDVD_13,Heavy Duty Trucks_Diesel_Rigid 7.5 - 12 t_Euro V,SCR,,0.06,1,5,60,0.000149293,-0.007966598,0.240530365,4.571163401,0.000115338,-0.005015677,0.167555565,0,1,1,1 
HDVD_13,Heavy Duty Trucks_Diesel_Rigid 7.5 - 12 t_Euro V,EGR,,-0.06,0,5,85,-0.004073519,0.512209102,-3.235309199,6.037345447,0.096494999,-0.728686446,1.596876552,0,1,1,1 
HDVD_13,Heavy Duty Trucks_Diesel_Rigid 7.5 - 12 t_Euro V,EGR,,-0.06,0.5,5,85,-0.004659921,0.524530326,-3.339482119,6.277853165,0.102187605,-0.784104047,1.734885682,0,1,1,1 
HDVD_13,Heavy Duty Trucks_Diesel_Rigid 7.5 - 12 t_Euro V,EGR,,-0.06,1,5,85,-0.003293811,0.390318927,-2.771500804,5.516712788,0.081924283,-0.690931844,1.571806802,0,1,1,1 
HDVD_13,Heavy Duty Trucks_Diesel_Rigid 7.5 - 12 t_Euro V,EGR,,-0.04,0,5,85,-0.001596862,0.340344992,-1.815018438,2.958140267,0.049906976,-0.298912414,0.58708052,0,1,1,1 
HDVD_13,Heavy Duty Trucks_Diesel_Rigid 7.5 - 12 t_Euro V,EGR,,-0.04,0.5,5,85,-0.002861944,0.399234213,-2.008883512,3.195876275,0.056851223,-0.335209171,0.680867572,0,1,1,1 
HDVD_13,Heavy Duty Trucks_Diesel_Rigid 7.5 - 12 t_Euro V,EGR,,-0.04,1,5,85,-0.003542895,0.461005693,-2.443905601,4.015805976,0.066997463,-0.424966154,0.883141613,0,1,1,1 
HDVD_13,Heavy Duty Trucks_Diesel_Rigid 7.5 - 12 t_Euro V,EGR,,-0.02,0,5,85,0.004828793,0.368621207,-1.637464234,2.390563133,0.055607929,-0.267673321,0.47962361,0,1,1,1 
HDVD_13,Heavy Duty Trucks_Diesel_Rigid 7.5 - 12 t_Euro V,EGR,,-0.02,0.5,5,85,0.002544979,0.327948215,-1.604497734,2.576794619,0.048398417,-0.270554387,0.529115289,0,1,1,1 
HDVD_13,Heavy Duty Trucks_Diesel_Rigid 7.5 - 12 t_Euro V,EGR,,-0.02,1,5,85,0.000318861,-0.062100027,3.503126284,-4.387026823,-0.003019526,0.288717554,0.158023388,0,1,1,1 
HDVD_13,Heavy Duty Trucks_Diesel_Rigid 7.5 - 12 t_Euro V,EGR,,0,0,5,85,0.002738913,0.26064929,-1.380818099,1.307448182,0.026133804,-0.101412551,1.33E-13,0,1,1,1 
HDVD_13,Heavy Duty Trucks_Diesel_Rigid 7.5 - 12 t_Euro V,EGR,,0,0.5,5,85,0.003163659,0.324403633,-1.715952339,1.726236507,0.031698827,-0.131513799,0.044102109,0,1,1,1 
HDVD_13,Heavy Duty Trucks_Diesel_Rigid 7.5 - 12 t_Euro V,EGR,,0,1,5,85,0.001955781,0.254044553,-1.345154892,1.300148201,0.022865822,-0.093293006,0.01558926,0,1,1,1 
HDVD_13,Heavy Duty Trucks_Diesel_Rigid 7.5 - 12 t_Euro V,EGR,,0.02,0,5,85,0.004071756,0.294167721,-1.540148093,1.625207193,0.028061505,-0.116556368,0.063342763,0,1,1,1 
HDVD_13,Heavy Duty Trucks_Diesel_Rigid 7.5 - 12 t_Euro V,EGR,,0.02,0.5,5,85,0.00353819,0.292175854,-1.516286926,1.570224438,0.025481234,-0.107263486,0.059906905,0,1,1,1 
HDVD_13,Heavy Duty Trucks_Diesel_Rigid 7.5 - 12 t_Euro V,EGR,,0.02,1,5,85,0.006389646,0.696522042,-2.58948899,3.108074288,0.054322783,-0.177384349,0.247029359,0,1,1,1 
HDVD_13,Heavy Duty Trucks_Diesel_Rigid 7.5 - 12 t_Euro V,EGR,,0.04,0,5,85,0.004750813,0.393133393,-1.901383927,1.59346123,0.031956404,-0.1142951,-6.78E-12,0,1,1,1 
HDVD_13,Heavy Duty Trucks_Diesel_Rigid 7.5 - 12 t_Euro V,EGR,,0.04,0.5,5,80,0.00352779,0.433311862,-2.804501267,2.367901135,0.031213555,-0.162464971,4.39E-11,0,1,1,1 
HDVD_13,Heavy Duty Trucks_Diesel_Rigid 7.5 - 12 t_Euro V,EGR,,0.04,1,5,75,-0.00020091,-0.005578642,2.447498363,-1.389095708,-0.001143635,0.14104116,0.094182806,0,1,1,1 
HDVD_13,Heavy Duty Trucks_Diesel_Rigid 7.5 - 12 t_Euro V,EGR,,0.06,0,5,80,-0.000436488,0.008728421,3.141137475,-2.638205274,-0.001971165,0.214226366,0.076153684,0,1,1,1 
HDVD_13,Heavy Duty Trucks_Diesel_Rigid 7.5 - 12 t_Euro V,EGR,,0.06,0.5,5,70,-0.000313765,-0.003405064,2.969561361,-0.802271698,-0.001393167,0.169959213,0.17007456,0,1,1,1 
HDVD_13,Heavy Duty Trucks_Diesel_Rigid 7.5 - 12 t_Euro V,EGR,,0.06,1,5,60,0.000760748,0.719593313,-2.314898142,1.131854844,0.038258087,-0.099528197,-3.23E-13,0,1,1,1 
HDVD_14,Heavy Duty Trucks_Diesel_Rigid 7.5 - 12 t_Euro VI,,,-0.06,0,5,85,-0.004532446,0.412312246,-1.613529227,2.096365376,0.250877452,-0.974207416,2.058164203,0,1,1,1 
HDVD_14,Heavy Duty Trucks_Diesel_Rigid 7.5 - 12 t_Euro VI,,,-0.06,0.5,5,80,-0.004354895,0.38420997,-1.66443004,2.406550545,0.269230227,-1.354449919,3.020005721,0,1,1,1 
HDVD_14,Heavy Duty Trucks_Diesel_Rigid 7.5 - 12 t_Euro VI,,,-0.06,1,5,70,-0.004323764,0.336751911,-1.568124842,1.642510016,0.203661596,-0.697357271,7.10E-11,0,1,1,1 
HDVD_14,Heavy Duty Trucks_Diesel_Rigid 7.5 - 12 t_Euro VI,,,-0.04,0,5,85,-0.003103319,0.367371356,-1.500244124,0.530182003,0.128106689,0.183092337,-2.71312739,0,1,1,1 
HDVD_14,Heavy Duty Trucks_Diesel_Rigid 7.5 - 12 t_Euro VI,,,-0.04,0.5,5,85,-0.004789972,0.478076629,-2.334090674,2.248546761,0.176069142,-0.257593425,-1.546183341,0,1,1,1 
HDVD_14,Heavy Duty Trucks_Diesel_Rigid 7.5 - 12 t_Euro VI,,,-0.04,1,5,85,-0.003947105,0.362311801,-1.566450086,1.009074707,0.132616584,0.038035387,-2.120622081,0,1,1,1 
HDVD_14,Heavy Duty Trucks_Diesel_Rigid 7.5 - 12 t_Euro VI,,,-0.02,0,5,85,0.001521361,0.258011886,1.65568143,-2.841776063,0.080733373,1.132488766,-4.28E-08,0,1,1,1 
HDVD_14,Heavy Duty Trucks_Diesel_Rigid 7.5 - 12 t_Euro VI,,,-0.02,0.5,5,85,0.003675078,0.60108183,-2.084604154,1.844632206,0.2614216,-0.444406902,6.29E-13,0,1,1,1 
HDVD_14,Heavy Duty Trucks_Diesel_Rigid 7.5 - 12 t_Euro VI,,,-0.02,1,5,85,0.000115879,0.670322569,-1.929018636,1.60101523,0.260196781,-0.205109141,-3.03E-13,0,1,1,1 
HDVD_14,Heavy Duty Trucks_Diesel_Rigid 7.5 - 12 t_Euro VI,,,0,0,5,85,-0.000249633,0.263023589,1.932945731,-2.966166048,0.036320676,1.244760713,2.83E-10,0,1,1,1 
HDVD_14,Heavy Duty Trucks_Diesel_Rigid 7.5 - 12 t_Euro VI,,,0,0.5,5,85,-0.000545755,0.241717501,2.274409096,-3.274318697,0.032031609,1.28039718,3.57E-11,0,1,1,1 
HDVD_14,Heavy Duty Trucks_Diesel_Rigid 7.5 - 12 t_Euro VI,,,0,1,5,85,-0.000410434,0.1153944,1.573853412,-2.116129386,0.013795623,0.771714394,-2.70E-08,0,1,1,1 
HDVD_14,Heavy Duty Trucks_Diesel_Rigid 7.5 - 12 t_Euro VI,,,0.02,0,5,85,-0.001672886,0.164362319,2.07450648,-2.862178085,0.002985765,1.043051388,-7.77E-08,0,1,1,1 
HDVD_14,Heavy Duty Trucks_Diesel_Rigid 7.5 - 12 t_Euro VI,,,0.02,0.5,5,85,-0.001596708,0.164008631,2.053678332,-2.506644352,0.008287847,0.948172722,-6.75E-12,0,1,1,1 
HDVD_14,Heavy Duty Trucks_Diesel_Rigid 7.5 - 12 t_Euro VI,,,0.02,1,5,85,-0.001938221,0.245837218,2.386870338,-2.199057004,0.024804541,1.111618407,7.28E-10,0,1,1,1 
HDVD_14,Heavy Duty Trucks_Diesel_Rigid 7.5 - 12 t_Euro VI,,,0.04,0,5,85,-0.00302562,0.320049028,1.95926739,-2.115145709,0.023234314,1.12950852,1.27E-09,0,1,1,1 
HDVD_14,Heavy Duty Trucks_Diesel_Rigid 7.5 - 12 t_Euro VI,,,0.04,0.5,5,80,6.87E-05,-0.010375576,0.506065673,1.759415902,-0.000297978,0.03929305,1.268782784,0,1,1,1 
HDVD_14,Heavy Duty Trucks_Diesel_Rigid 7.5 - 12 t_Euro VI,,,0.04,1,5,75,3.93E-05,-0.004724326,0.20267805,1.552491893,-7.96E-05,0.013767005,0.726076643,0,1,1,1 
HDVD_14,Heavy Duty Trucks_Diesel_Rigid 7.5 - 12 t_Euro VI,,,0.06,0,5,80,9.64E-05,-0.014113199,0.641146363,2.01817513,-0.000253383,0.036700622,1.57490326,0,1,1,1 
HDVD_14,Heavy Duty Trucks_Diesel_Rigid 7.5 - 12 t_Euro VI,,,0.06,0.5,5,70,0.002751166,0.632378151,-2.004570938,0.791279419,0.175728055,-0.470060651,-9.77E-12,0,1,1,1 
HDVD_14,Heavy Duty Trucks_Diesel_Rigid 7.5 - 12 t_Euro VI,,,0.06,1,5,60,0.011047713,1.027517021,-3.334118945,1.003038224,0.317575313,-1.083422397,0.509551936,0,1,1,1 
HDVD_15,Heavy Duty Trucks_Diesel_Rigid 12 - 14 t_Conventional,,,-0.06,0,12,86,1.05E-05,-0.003336225,0.305298608,2.698741232,4.18E-05,0.005356994,0.0582182,0,1,1,1 
HDVD_15,Heavy Duty Trucks_Diesel_Rigid 12 - 14 t_Conventional,,,-0.06,0.5,12,86,5.29E-05,-0.009291973,0.679359844,3.30378483,0.000143654,0.008093918,0.11598699,0,1,1,1 
HDVD_15,Heavy Duty Trucks_Diesel_Rigid 12 - 14 t_Conventional,,,-0.06,1,12,86,6.40E-05,-0.011079861,0.823657576,2.926038885,0.000182895,0.009668683,0.122494713,0,1,1,1 
HDVD_15,Heavy Duty Trucks_Diesel_Rigid 12 - 14 t_Conventional,,,-0.04,0,12,86,-2.52E-05,0.014343161,1.654256099,-5.236045271,0.000853951,0.016580058,-0.012884491,0,1,1,1 
HDVD_15,Heavy Duty Trucks_Diesel_Rigid 12 - 14 t_Conventional,,,-0.04,0.5,12,86,1.53E-05,-0.005035029,0.493533494,3.260698348,3.14E-05,0.007026665,0.075881074,0,1,1,1 
HDVD_15,Heavy Duty Trucks_Diesel_Rigid 12 - 14 t_Conventional,,,-0.04,1,12,86,2.21E-05,-0.006507996,0.553100047,3.007805863,3.89E-05,0.006645771,0.087507258,0,1,1,1 
HDVD_15,Heavy Duty Trucks_Diesel_Rigid 12 - 14 t_Conventional,,,-0.02,0,12,86,0.000444096,-0.009411617,0.694561993,7.324171224,0.00031483,0.001404793,0.181155312,0,1,1,1 
HDVD_15,Heavy Duty Trucks_Diesel_Rigid 12 - 14 t_Conventional,,,-0.02,0.5,12,86,0.000497768,-0.014626421,0.921664271,8.529388067,0.000390391,0.001042012,0.229234319,0,1,1,1 
HDVD_15,Heavy Duty Trucks_Diesel_Rigid 12 - 14 t_Conventional,,,-0.02,1,12,86,0.000422215,-0.018822553,1.454588306,7.019767241,0.000357567,0.005684534,0.245720245,0,1,1,1 
HDVD_15,Heavy Duty Trucks_Diesel_Rigid 12 - 14 t_Conventional,,,0,0,12,86,7.16E-06,0.003976676,0.745851192,5.364736196,-2.43E-05,0.010670632,0.08709486,0,1,1,1 
HDVD_15,Heavy Duty Trucks_Diesel_Rigid 12 - 14 t_Conventional,,,0,0.5,12,86,1.59E-05,0.005275022,0.826039993,7.700248204,-3.06E-05,0.011586131,0.122965267,0,1,1,1 
HDVD_15,Heavy Duty Trucks_Diesel_Rigid 12 - 14 t_Conventional,,,0,1,12,86,0.000792243,-0.000243431,2.359453475,8.56423749,0.000365779,0.015926063,0.283664685,0,1,1,1 
HDVD_15,Heavy Duty Trucks_Diesel_Rigid 12 - 14 t_Conventional,,,0.02,0,12,86,9.07E-05,0.015735401,2.137290761,10.5228595,-0.000102218,0.031783838,0.143065401,0,1,1,1 
HDVD_15,Heavy Duty Trucks_Diesel_Rigid 12 - 14 t_Conventional,,,0.02,0.5,12,86,0.000197392,0.033872956,3.604891202,35.88921521,-0.000160248,0.043102049,0.590600363,0,1,1,1 
HDVD_15,Heavy Duty Trucks_Diesel_Rigid 12 - 14 t_Conventional,,,0.02,1,12,84,0.00121584,-0.076700188,2.239866017,9.982194117,0.000248124,-0.011517469,0.453444427,0,1,1,1 
HDVD_15,Heavy Duty Trucks_Diesel_Rigid 12 - 14 t_Conventional,,,0.04,0,12,86,0.000356606,0.021665435,2.751462321,7.320915033,-0.000200735,0.042860524,0.058302298,0,1,1,1 
HDVD_15,Heavy Duty Trucks_Diesel_Rigid 12 - 14 t_Conventional,,,0.04,0.5,12,75,0.000292262,0.025062081,2.223116889,23.74538784,-0.000104331,0.020017671,0.417465022,0,1,1,1 
HDVD_15,Heavy Duty Trucks_Diesel_Rigid 12 - 14 t_Conventional,,,0.04,1,12,65,0.000360978,0.10642676,4.935774818,13.08734786,-0.000170367,0.041222684,0.489794469,0,1,1,1 
HDVD_15,Heavy Duty Trucks_Diesel_Rigid 12 - 14 t_Conventional,,,0.06,0,12,75,0.001681847,0.071571847,7.519528392,-40.781808,-0.000660716,0.121274389,-0.61840578,0,1,1,1 
HDVD_15,Heavy Duty Trucks_Diesel_Rigid 12 - 14 t_Conventional,,,0.06,0.5,12,61,0.001796231,0.143405741,1.58609457,19.80767811,0.000180742,0.033497745,0.24418789,0,1,1,1 
HDVD_15,Heavy Duty Trucks_Diesel_Rigid 12 - 14 t_Conventional,,,0.06,1,12,50,0.004018704,0.259898451,1.074653973,8.690593126,0.000569259,0.036674414,0.084082072,0,1,1,1 
HDVD_16,Heavy Duty Trucks_Diesel_Rigid 12 - 14 t_Euro I,,,-0.06,0,12,86,4.27E-05,-0.009711647,0.817289809,3.437280994,0.000249023,0.024743512,0.26000082,0,1,1,1 
HDVD_16,Heavy Duty Trucks_Diesel_Rigid 12 - 14 t_Euro I,,,-0.06,0.5,12,86,2.59E-06,-0.001154905,0.858288932,-3.425304213,0.001089375,0.00794635,0.097406838,0,1,1,1 
HDVD_16,Heavy Duty Trucks_Diesel_Rigid 12 - 14 t_Euro I,,,-0.06,1,12,86,3.25E-06,-0.001390423,0.886760808,-3.588599234,0.001116515,0.007808336,0.10418075,0,1,1,1 
HDVD_16,Heavy Duty Trucks_Diesel_Rigid 12 - 14 t_Euro I,,,-0.04,0,12,86,8.20E-05,-0.00836139,0.642355212,2.626379742,0.000263368,0.010592432,0.22459388,0,1,1,1 
HDVD_16,Heavy Duty Trucks_Diesel_Rigid 12 - 14 t_Euro I,,,-0.04,0.5,12,86,9.63E-05,-0.015490791,1.186964445,3.657683329,0.000324879,0.020307255,0.404317208,0,1,1,1 
HDVD_16,Heavy Duty Trucks_Diesel_Rigid 12 - 14 t_Euro I,,,-0.04,1,12,86,8.20E-05,-0.013500416,0.917105056,2.092120735,0.000261843,0.010285061,0.335308139,0,1,1,1 
HDVD_16,Heavy Duty Trucks_Diesel_Rigid 12 - 14 t_Euro I,,,-0.02,0,12,86,0.000219545,-0.006039925,0.275869115,2.520075678,0.000323335,-0.00261982,0.182196805,0,1,1,1 
HDVD_16,Heavy Duty Trucks_Diesel_Rigid 12 - 14 t_Euro I,,,-0.02,0.5,12,86,0.00027968,-0.010503265,0.441990312,2.799569198,0.00043566,-0.005116643,0.25885776,0,1,1,1 
HDVD_16,Heavy Duty Trucks_Diesel_Rigid 12 - 14 t_Euro I,,,-0.02,1,12,86,0.000554703,-0.027520699,1.442446985,5.027588336,0.0008748,-0.005093429,0.62952769,0,1,1,1 
HDVD_16,Heavy Duty Trucks_Diesel_Rigid 12 - 14 t_Euro I,,,0,0,12,86,4.80E-06,0.00446595,0.723187546,4.629140102,-5.76E-05,0.022691502,0.187508978,0,1,1,1 
HDVD_16,Heavy Duty Trucks_Diesel_Rigid 12 - 14 t_Euro I,,,0,0.5,12,86,0.001353332,-0.025639449,2.745569522,10.35442063,0.001376495,0.014788326,0.964063724,0,1,1,1 
HDVD_16,Heavy Duty Trucks_Diesel_Rigid 12 - 14 t_Euro I,,,0,1,12,86,0.002109409,-0.077466422,3.028148692,8.78124944,0.001841973,-0.035619283,1.332837835,0,1,1,1 
HDVD_16,Heavy Duty Trucks_Diesel_Rigid 12 - 14 t_Euro I,,,0.02,0,12,86,8.91E-05,0.00971064,1.243447272,6.266502384,-0.000173188,0.044757502,0.170804415,0,1,1,1 
HDVD_16,Heavy Duty Trucks_Diesel_Rigid 12 - 14 t_Euro I,,,0.02,0.5,12,86,0.001552506,-0.037737618,1.551048422,6.604756899,0.001156311,-0.015688641,0.685541945,0,1,1,1 
HDVD_16,Heavy Duty Trucks_Diesel_Rigid 12 - 14 t_Euro I,,,0.02,1,12,85,0.002607202,-0.073824671,0.456938276,22.34079518,0.002102553,-0.083144341,1.285205212,0,1,1,1 
HDVD_16,Heavy Duty Trucks_Diesel_Rigid 12 - 14 t_Euro I,,,0.04,0,12,86,2.65E-05,0.00375748,0.375788954,3.867739773,-3.86E-05,0.009590751,0.14823608,0,1,1,1 
HDVD_16,Heavy Duty Trucks_Diesel_Rigid 12 - 14 t_Euro I,,,0.04,0.5,12,75,0.001619072,-0.13034825,7.37661848,2.064286033,0.000305908,0.004738724,1.939979279,0,1,1,1 
HDVD_16,Heavy Duty Trucks_Diesel_Rigid 12 - 14 t_Euro I,,,0.04,1,12,65,0.001117473,-0.159667139,8.604235356,-0.03216015,1.75E-05,-0.006735378,2.067056405,0,1,1,1 
HDVD_16,Heavy Duty Trucks_Diesel_Rigid 12 - 14 t_Euro I,,,0.06,0,12,75,0.000167541,0.038520813,2.69542293,12.32995945,-0.000248174,0.062662299,0.658398629,0,1,1,1 
HDVD_16,Heavy Duty Trucks_Diesel_Rigid 12 - 14 t_Euro I,,,0.06,0.5,12,62,-0.001644917,0.461442994,4.442874429,0.631620555,0.001436071,0.148663722,0.831394872,0,1,1,1 
HDVD_16,Heavy Duty Trucks_Diesel_Rigid 12 - 14 t_Euro I,,,0.06,1,12,51,-0.013224512,1.630294152,3.741068946,-4.541022493,0.002145939,0.385217171,0.304201733,0,1,1,1 
HDVD_17,Heavy Duty Trucks_Diesel_Rigid 12 - 14 t_Euro II,,,-0.06,0,12,86,-4.76E-06,0.001549817,1.180383976,-4.214256985,0.00215935,0.023215571,0.120587687,0,1,1,1 
HDVD_17,Heavy Duty Trucks_Diesel_Rigid 12 - 14 t_Euro II,,,-0.06,0.5,12,86,5.44E-06,-0.002507331,1.729433777,-7.183618013,0.002865948,0.020623448,0.28559346,0,1,1,1 
HDVD_17,Heavy Duty Trucks_Diesel_Rigid 12 - 14 t_Euro II,,,-0.06,1,12,86,5.15E-06,-0.002104741,0.934417422,-4.086427936,0.001462027,0.008763493,0.168417983,0,1,1,1 
HDVD_17,Heavy Duty Trucks_Diesel_Rigid 12 - 14 t_Euro II,,,-0.04,0,12,86,0.000134289,-0.011871594,0.768192378,3.190769932,0.000563398,0.010585117,0.443960702,0,1,1,1 
HDVD_17,Heavy Duty Trucks_Diesel_Rigid 12 - 14 t_Euro II,,,-0.04,0.5,12,86,8.88E-05,-0.013377623,1.026032157,3.001266785,0.000383029,0.022485543,0.49359696,0,1,1,1 
HDVD_17,Heavy Duty Trucks_Diesel_Rigid 12 - 14 t_Euro II,,,-0.04,1,12,86,0.000259512,-0.037721566,2.364770332,4.03767452,0.001018978,0.016919303,1.310799669,0,1,1,1 
HDVD_17,Heavy Duty Trucks_Diesel_Rigid 12 - 14 t_Euro II,,,-0.02,0,12,86,0.000590069,-0.01892669,0.603997909,5.475220532,0.001197068,-0.020867376,0.65936658,0,1,1,1 
HDVD_17,Heavy Duty Trucks_Diesel_Rigid 12 - 14 t_Euro II,,,-0.02,0.5,12,86,0.000386817,-0.034349777,1.095183199,3.375237752,0.000295636,-0.00995175,0.722009362,0,1,1,1 
HDVD_17,Heavy Duty Trucks_Diesel_Rigid 12 - 14 t_Euro II,,,-0.02,1,12,86,0.000397865,-0.022851322,0.86241755,2.642860701,0.000764454,-0.019508861,0.639155434,0,1,1,1 
HDVD_17,Heavy Duty Trucks_Diesel_Rigid 12 - 14 t_Euro II,,,0,0,12,86,4.00E-17,-6.99E-16,2.420455578,3.08E-12,-0.000742612,0.098966087,0.262673538,0,1,1,1 
HDVD_17,Heavy Duty Trucks_Diesel_Rigid 12 - 14 t_Euro II,,,0,0.5,12,86,0.001492353,-0.048535461,1.576476122,5.821550013,0.00170694,-0.036402411,1.083389653,0,1,1,1 
HDVD_17,Heavy Duty Trucks_Diesel_Rigid 12 - 14 t_Euro II,,,0,1,12,86,0.001019168,-0.042165957,1.048554568,3.707056381,0.001031359,-0.033375018,0.731163466,0,1,1,1 
HDVD_17,Heavy Duty Trucks_Diesel_Rigid 12 - 14 t_Euro II,,,0.02,0,12,86,0.00071512,0.066795685,2.508293718,-1.295172338,0.000357944,0.132191187,-0.015006056,0,1,1,1 
HDVD_17,Heavy Duty Trucks_Diesel_Rigid 12 - 14 t_Euro II,,,0.02,0.5,12,86,0.001645874,0.006170853,-0.767687008,6.491529567,0.002148978,-0.04982101,0.326522027,0,1,1,1 
HDVD_17,Heavy Duty Trucks_Diesel_Rigid 12 - 14 t_Euro II,,,0.02,1,12,86,-0.000137385,0.003152812,0.874642052,-4.540493311,-0.00023136,0.021034334,-0.013454197,0,1,1,1 
HDVD_17,Heavy Duty Trucks_Diesel_Rigid 12 - 14 t_Euro II,,,0.04,0,12,86,-4.06E-05,0.066408475,2.108108567,2.95193926,0.000348096,0.058123685,0.678055555,0,1,1,1 
HDVD_17,Heavy Duty Trucks_Diesel_Rigid 12 - 14 t_Euro II,,,0.04,0.5,12,80,-0.002231702,0.607492604,1.640208517,-4.68928677,0.003386651,0.234204085,-0.126603,0,1,1,1 
HDVD_17,Heavy Duty Trucks_Diesel_Rigid 12 - 14 t_Euro II,,,0.04,1,12,69,0.000155942,-0.042108446,3.290858515,2.628351512,-8.75E-05,0.009801121,0.936988277,0,1,1,1 
HDVD_17,Heavy Duty Trucks_Diesel_Rigid 12 - 14 t_Euro II,,,0.06,0,12,81,-0.002100679,0.597455472,2.978629432,-2.967882225,0.003271287,0.25549036,0.341467519,0,1,1,1 
HDVD_17,Heavy Duty Trucks_Diesel_Rigid 12 - 14 t_Euro II,,,0.06,0.5,12,64,-0.002634306,0.575732405,-2.477915311,-7.255806541,0.003272405,0.151420206,-1.100378986,0,1,1,1 
HDVD_17,Heavy Duty Trucks_Diesel_Rigid 12 - 14 t_Euro II,,,0.06,1,12,53,-0.001767296,0.159516634,4.594499493,2.316579616,0.000434636,0.0800122,0.942115279,0,1,1,1 
HDVD_18,Heavy Duty Trucks_Diesel_Rigid 12 - 14 t_Euro III,,,-0.06,0,12,86,1.17E-05,-0.003921956,0.39628191,2.467171931,3.56E-05,0.011818486,0.131152075,0,1,1,1 
HDVD_18,Heavy Duty Trucks_Diesel_Rigid 12 - 14 t_Euro III,,,-0.06,0.5,12,86,1.44E-05,-0.004657076,0.447528341,2.582339542,4.02E-05,0.013059161,0.156436012,0,1,1,1 
HDVD_18,Heavy Duty Trucks_Diesel_Rigid 12 - 14 t_Euro III,,,-0.06,1,12,86,7.87E-05,-0.012822248,1.038314371,3.389446698,0.000278395,0.02046271,0.343922846,0,1,1,1 
HDVD_18,Heavy Duty Trucks_Diesel_Rigid 12 - 14 t_Euro III,,,-0.04,0,12,86,0.000101366,-0.008012066,0.699565184,2.624401627,0.000249763,0.010567611,0.201627431,0,1,1,1 
HDVD_18,Heavy Duty Trucks_Diesel_Rigid 12 - 14 t_Euro III,,,-0.04,0.5,12,86,-4.98E-06,0.002474424,2.317548004,-0.14542991,0.001237911,0.044631589,0.358786589,0,1,1,1 
HDVD_18,Heavy Duty Trucks_Diesel_Rigid 12 - 14 t_Euro III,,,-0.04,1,12,86,0.000144748,-0.022690518,1.75511815,4.226748553,0.000357642,0.02208759,0.557743439,0,1,1,1 
HDVD_18,Heavy Duty Trucks_Diesel_Rigid 12 - 14 t_Euro III,,,-0.02,0,12,86,0.000334948,-0.009284257,0.688501702,3.980015043,0.000449641,0.002603005,0.280802864,0,1,1,1 
HDVD_18,Heavy Duty Trucks_Diesel_Rigid 12 - 14 t_Euro III,,,-0.02,0.5,12,86,0.000336382,-0.027932929,0.813408434,3.892188442,0.000204613,-0.008157709,0.419590221,0,1,1,1 
HDVD_18,Heavy Duty Trucks_Diesel_Rigid 12 - 14 t_Euro III,,,-0.02,1,12,86,0.000503763,-0.046984342,1.546204366,4.042958896,0.000237424,-0.007137806,0.619756592,0,1,1,1 
HDVD_18,Heavy Duty Trucks_Diesel_Rigid 12 - 14 t_Euro III,,,0,0,12,86,0.000546253,-0.018160975,1.199429494,4.503147629,0.00063874,0.000947071,0.444577164,0,1,1,1 
HDVD_18,Heavy Duty Trucks_Diesel_Rigid 12 - 14 t_Euro III,,,0,0.5,12,86,0.000747763,-0.027539909,1.197938997,4.395625152,0.00077222,-0.010885041,0.520029793,0,1,1,1 
HDVD_18,Heavy Duty Trucks_Diesel_Rigid 12 - 14 t_Euro III,,,0,1,12,86,0.000849135,-0.034841964,1.140925157,4.270865622,0.000787752,-0.019174268,0.547919088,0,1,1,1 
HDVD_18,Heavy Duty Trucks_Diesel_Rigid 12 - 14 t_Euro III,,,0.02,0,12,86,0.000612823,-0.002840558,1.837199128,6.398335951,0.000641521,0.025611193,0.502552175,0,1,1,1 
HDVD_18,Heavy Duty Trucks_Diesel_Rigid 12 - 14 t_Euro III,,,0.02,0.5,12,86,0.001575159,-0.030789471,-0.491432207,25.84348372,0.002073037,-0.086116991,1.280300704,0,1,1,1 
HDVD_18,Heavy Duty Trucks_Diesel_Rigid 12 - 14 t_Euro III,,,0.02,1,12,86,0.000722487,-0.001115632,-0.18757127,9.364242714,0.001007355,-0.031471989,0.461412152,0,1,1,1 
HDVD_18,Heavy Duty Trucks_Diesel_Rigid 12 - 14 t_Euro III,,,0.04,0,12,86,0.000155219,0.058254696,0.629197557,-5.841227645,0.000659553,0.040560366,-0.271282904,0,1,1,1 
HDVD_18,Heavy Duty Trucks_Diesel_Rigid 12 - 14 t_Euro III,,,0.04,0.5,12,81,-0.000140989,0.0766388,2.51035208,4.631956707,0.000591491,0.058802814,0.48869243,0,1,1,1 
HDVD_18,Heavy Duty Trucks_Diesel_Rigid 12 - 14 t_Euro III,,,0.04,1,12,70,0.000110266,-0.020454147,2.285331267,2.24443643,1.16E-05,0.012854513,0.55123363,0,1,1,1 
HDVD_18,Heavy Duty Trucks_Diesel_Rigid 12 - 14 t_Euro III,,,0.06,0,12,82,-7.16E-05,0.062194664,2.278991391,4.767693602,0.000507404,0.055522267,0.482191115,0,1,1,1 
HDVD_18,Heavy Duty Trucks_Diesel_Rigid 12 - 14 t_Euro III,,,0.06,0.5,12,66,-0.000722617,0.110102689,4.824132936,6.68302863,0.000522478,0.088525539,1.030167285,0,1,1,1 
HDVD_18,Heavy Duty Trucks_Diesel_Rigid 12 - 14 t_Euro III,,,0.06,1,12,54,0.000418632,-0.091954284,4.881084688,4.303160547,-0.000298024,0.013843055,1.134908325,0,1,1,1 
HDVD_19,Heavy Duty Trucks_Diesel_Rigid 12 - 14 t_Euro IV,,,-0.06,0,12,86,3.57E-05,-0.007587489,0.3927356,7.245155992,0.000886151,0.026042094,0.732489757,0,1,1,1 
HDVD_19,Heavy Duty Trucks_Diesel_Rigid 12 - 14 t_Euro IV,,,-0.06,0.5,12,86,5.96E-05,-0.011878606,0.569014066,9.427357051,0.0015199,0.028666654,1.122966037,0,1,1,1 
HDVD_19,Heavy Duty Trucks_Diesel_Rigid 12 - 14 t_Euro IV,,,-0.06,1,12,86,2.06E-05,-0.004048814,0.180849566,4.46895866,0.000627516,0.011908056,0.491738457,0,1,1,1 
HDVD_19,Heavy Duty Trucks_Diesel_Rigid 12 - 14 t_Euro IV,,,-0.04,0,12,86,1.25E-05,-0.003993518,0.360403853,4.907157234,0.000261989,0.029112951,0.377328748,0,1,1,1 
HDVD_19,Heavy Duty Trucks_Diesel_Rigid 12 - 14 t_Euro IV,,,-0.04,0.5,12,86,-6.82E-05,-0.014733327,2.23771272,2.121061687,0.0026085,0.136801769,0.516616452,0,1,1,1 
HDVD_19,Heavy Duty Trucks_Diesel_Rigid 12 - 14 t_Euro IV,,,-0.04,1,12,86,9.65E-05,-0.022949168,1.470215949,9.520857939,0.001343783,0.072256651,1.331497679,0,1,1,1 
HDVD_19,Heavy Duty Trucks_Diesel_Rigid 12 - 14 t_Euro IV,,,-0.02,0,12,86,0.000156182,-0.002080936,0.217219778,3.693710953,0.00053589,0.005225502,0.312658643,0,1,1,1 
HDVD_19,Heavy Duty Trucks_Diesel_Rigid 12 - 14 t_Euro IV,,,-0.02,0.5,12,86,0.000117338,-0.003414742,0.250448697,2.595633444,0.000481237,0.004381259,0.276824327,0,1,1,1 
HDVD_19,Heavy Duty Trucks_Diesel_Rigid 12 - 14 t_Euro IV,,,-0.02,1,12,86,9.77E-05,-0.007425264,0.821985398,3.005384825,0.000512848,0.033833563,0.443401366,0,1,1,1 
HDVD_19,Heavy Duty Trucks_Diesel_Rigid 12 - 14 t_Euro IV,,,0,0,12,86,0.000308117,0.021390233,0.632068964,3.462808129,0.001163003,0.047169131,0.143364295,0,1,1,1 
HDVD_19,Heavy Duty Trucks_Diesel_Rigid 12 - 14 t_Euro IV,,,0,0.5,12,86,0.000123446,0.032440967,4.685894362,-2.528541085,-0.000869493,0.317050834,-0.178517916,0,1,1,1 
HDVD_19,Heavy Duty Trucks_Diesel_Rigid 12 - 14 t_Euro IV,,,0,1,12,86,8.94E-06,0.004133335,0.586450449,3.917429053,-9.19E-05,0.033824517,0.287410573,0,1,1,1 
HDVD_19,Heavy Duty Trucks_Diesel_Rigid 12 - 14 t_Euro IV,,,0.02,0,12,86,2.80E-05,0.010898201,1.22189093,7.441156852,-0.000192613,0.062995446,0.57198283,0,1,1,1 
HDVD_19,Heavy Duty Trucks_Diesel_Rigid 12 - 14 t_Euro IV,,,0.02,0.5,12,86,0.000156525,0.049704846,1.058590142,4.719265856,0.000481427,0.08769858,0.168587781,0,1,1,1 
HDVD_19,Heavy Duty Trucks_Diesel_Rigid 12 - 14 t_Euro IV,,,0.02,1,12,86,0.001091887,0.275788791,2.774354684,-8.023826234,0.003736387,0.330440926,-1.197606183,0,1,1,1 
HDVD_19,Heavy Duty Trucks_Diesel_Rigid 12 - 14 t_Euro IV,,,0.04,0,12,86,0.00130336,0.287430806,3.027462119,0.202048727,0.003778233,0.374880123,-1.151770649,0,1,1,1 
HDVD_19,Heavy Duty Trucks_Diesel_Rigid 12 - 14 t_Euro IV,,,0.04,0.5,12,83,0.002076496,0.461386057,0.926650054,1.349173036,0.006235665,0.367987279,-1.566249029,0,1,1,1 
HDVD_19,Heavy Duty Trucks_Diesel_Rigid 12 - 14 t_Euro IV,,,0.04,1,12,71,0.003071948,0.46099415,3.161127961,3.733456465,0.004270509,0.451107244,-1.170353117,0,1,1,1 
HDVD_19,Heavy Duty Trucks_Diesel_Rigid 12 - 14 t_Euro IV,,,0.06,0,12,83,0.002558003,0.519913319,-0.553299115,-2.484719504,0.00780689,0.354618944,-2.189071535,0,1,1,1 
HDVD_19,Heavy Duty Trucks_Diesel_Rigid 12 - 14 t_Euro IV,,,0.06,0.5,12,68,0.001545198,0.265458155,1.569713254,5.802645025,0.001509234,0.263890501,-0.661197228,0,1,1,1 
HDVD_19,Heavy Duty Trucks_Diesel_Rigid 12 - 14 t_Euro IV,,,0.06,1,12,56,0.002084661,0.132746881,-0.914830751,6.746780527,0.002098725,0.059802141,-0.320475277,0,1,1,1 
HDVD_19,Heavy Duty Trucks_Diesel_Rigid 12 - 14 t_Euro IV,,,-0.06,0,12,86,3.57E-05,-0.007587489,0.3927356,7.245155992,0.000886151,0.026042094,0.732489757,0,1,1,1 
HDVD_19,Heavy Duty Trucks_Diesel_Rigid 12 - 14 t_Euro IV,,,-0.06,0.5,12,86,5.96E-05,-0.011878606,0.569014066,9.427357051,0.0015199,0.028666654,1.122966037,0,1,1,1 
HDVD_19,Heavy Duty Trucks_Diesel_Rigid 12 - 14 t_Euro IV,,,-0.06,1,12,86,2.06E-05,-0.004048814,0.180849566,4.46895866,0.000627516,0.011908056,0.491738457,0,1,1,1 
HDVD_19,Heavy Duty Trucks_Diesel_Rigid 12 - 14 t_Euro IV,,,-0.04,0,12,86,1.25E-05,-0.003993518,0.360403853,4.907157234,0.000261989,0.029112951,0.377328748,0,1,1,1 
HDVD_19,Heavy Duty Trucks_Diesel_Rigid 12 - 14 t_Euro IV,,,-0.04,1,12,86,9.65E-05,-0.022949168,1.470215949,9.520857939,0.001343783,0.072256651,1.331497679,0,1,1,1 
HDVD_19,Heavy Duty Trucks_Diesel_Rigid 12 - 14 t_Euro IV,,,-0.02,0,12,86,0.000156182,-0.002080936,0.217219778,3.693710953,0.00053589,0.005225502,0.312658643,0,1,1,1 
HDVD_19,Heavy Duty Trucks_Diesel_Rigid 12 - 14 t_Euro IV,,,-0.02,1,12,86,9.77E-05,-0.007425264,0.821985398,3.005384825,0.000512848,0.033833563,0.443401366,0,1,1,1 
HDVD_19,Heavy Duty Trucks_Diesel_Rigid 12 - 14 t_Euro IV,,,0,0,12,86,0.000308117,0.021390233,0.632068964,3.462808129,0.001163003,0.047169131,0.143364295,0,1,1,1 
HDVD_19,Heavy Duty Trucks_Diesel_Rigid 12 - 14 t_Euro IV,,,0,1,12,86,8.94E-06,0.004133335,0.586450449,3.917429053,-9.19E-05,0.033824517,0.287410573,0,1,1,1 
HDVD_19,Heavy Duty Trucks_Diesel_Rigid 12 - 14 t_Euro IV,,,0.02,0,12,86,2.80E-05,0.010898201,1.22189093,7.441156852,-0.000192613,0.062995446,0.57198283,0,1,1,1 
HDVD_19,Heavy Duty Trucks_Diesel_Rigid 12 - 14 t_Euro IV,,,0.02,1,12,86,0.001091887,0.275788791,2.774354684,-8.023826234,0.003736387,0.330440926,-1.197606183,0,1,1,1 
HDVD_19,Heavy Duty Trucks_Diesel_Rigid 12 - 14 t_Euro IV,,,0.04,0,12,86,0.00130336,0.287430806,3.027462119,0.202048727,0.003778233,0.374880123,-1.151770649,0,1,1,1 
HDVD_19,Heavy Duty Trucks_Diesel_Rigid 12 - 14 t_Euro IV,,,0.04,1,12,71,0.003071948,0.46099415,3.161127961,3.733456465,0.004270509,0.451107244,-1.170353117,0,1,1,1 
HDVD_19,Heavy Duty Trucks_Diesel_Rigid 12 - 14 t_Euro IV,,,0.06,0,12,83,0.002558003,0.519913319,-0.553299115,-2.484719504,0.00780689,0.354618944,-2.189071535,0,1,1,1 
HDVD_19,Heavy Duty Trucks_Diesel_Rigid 12 - 14 t_Euro IV,,,0.06,0.5,12,68,0.001545198,0.265458155,1.569713254,5.802645025,0.001509234,0.263890501,-0.661197228,0,1,1,1 
HDVD_19,Heavy Duty Trucks_Diesel_Rigid 12 - 14 t_Euro IV,,,0.06,1,12,56,0.002084661,0.132746881,-0.914830751,6.746780527,0.002098725,0.059802141,-0.320475277,0,1,1,1 
HDVD_20,Heavy Duty Trucks_Diesel_Rigid 12 - 14 t_Euro V,SCR,,-0.06,0,5,70,-0.001343389,0.107224771,-0.852004897,1.868659035,0.006436166,-0.058057497,0.13613248,0,1,1,1 
HDVD_20,Heavy Duty Trucks_Diesel_Rigid 12 - 14 t_Euro V,SCR,,-0.06,0.5,5,65,-0.001657188,0.124168166,-0.897218436,1.871933579,0.007458487,-0.06214388,0.141109548,0,1,1,1 
HDVD_20,Heavy Duty Trucks_Diesel_Rigid 12 - 14 t_Euro V,SCR,,-0.06,1,5,70,-0.000829562,0.066943764,-0.412045086,2.297030144,0.005776005,-0.055444068,0.246087965,0,1,1,1 
HDVD_20,Heavy Duty Trucks_Diesel_Rigid 12 - 14 t_Euro V,SCR,,-0.04,0,5,85,-0.000842537,0.095841721,-0.759646586,1.657211567,0.005300162,-0.046582068,0.108007804,0,1,1,1 
HDVD_20,Heavy Duty Trucks_Diesel_Rigid 12 - 14 t_Euro V,SCR,,-0.04,0.5,5,75,-0.006299041,0.514890048,-2.933367712,2.189990576,0.021283304,-0.109742421,-0.006656751,0,1,1,1 
HDVD_20,Heavy Duty Trucks_Diesel_Rigid 12 - 14 t_Euro V,SCR,,-0.04,1,5,75,-0.004515073,0.360689412,-1.490954377,1.012479224,0.015173831,-0.053800769,3.14E-13,0,1,1,1 
HDVD_20,Heavy Duty Trucks_Diesel_Rigid 12 - 14 t_Euro V,SCR,,-0.02,0,5,85,0.003455003,0.435343997,-2.439116917,0.864001611,0.027719583,-0.183045734,0.221502818,0,1,1,1 
HDVD_20,Heavy Duty Trucks_Diesel_Rigid 12 - 14 t_Euro V,SCR,,-0.02,0.5,5,85,0.000356586,0.255971452,-1.598698543,3.621132254,0.013253058,-0.090680774,0.219194721,0,1,1,1 
HDVD_20,Heavy Duty Trucks_Diesel_Rigid 12 - 14 t_Euro V,SCR,,-0.02,1,5,85,-0.000524515,0.259268636,-1.498168203,2.853544418,0.01132639,-0.070424528,0.150435781,0,1,1,1 
HDVD_20,Heavy Duty Trucks_Diesel_Rigid 12 - 14 t_Euro V,SCR,,0,0,5,85,0.003630177,0.061587413,0.608012952,2.550711054,0.006247209,-0.013940581,0.238655894,0,1,1,1 
HDVD_20,Heavy Duty Trucks_Diesel_Rigid 12 - 14 t_Euro V,SCR,,0,0.5,5,85,0.003991757,0.075927663,-0.137784221,2.791787176,0.006251886,-0.036099435,0.207273461,0,1,1,1 
HDVD_20,Heavy Duty Trucks_Diesel_Rigid 12 - 14 t_Euro V,SCR,,0,1,5,85,0.005413282,0.15821397,-0.70130523,2.575012525,0.008679225,-0.04646913,0.158319522,0,1,1,1 
HDVD_20,Heavy Duty Trucks_Diesel_Rigid 12 - 14 t_Euro V,SCR,,0.02,0,5,85,0.012802457,-0.051827987,2.714740296,7.281170817,0.009245735,-0.014955921,0.659830944,0,1,1,1 
HDVD_20,Heavy Duty Trucks_Diesel_Rigid 12 - 14 t_Euro V,SCR,,0.02,0.5,5,85,0.007107867,-0.0202648,-0.0763507,4.52897344,0.004790965,-0.050903838,0.296535768,0,1,1,1 
HDVD_20,Heavy Duty Trucks_Diesel_Rigid 12 - 14 t_Euro V,SCR,,0.02,1,5,85,0.021024061,0.289740626,-2.7802459,1.481856737,0.015965543,-0.096937615,2.92E-13,0,1,1,1 
HDVD_20,Heavy Duty Trucks_Diesel_Rigid 12 - 14 t_Euro V,SCR,,0.04,0,5,85,0.004759842,-0.061092637,-0.135098413,5.64973414,0.002657984,-0.051611819,0.336875136,0,1,1,1 
HDVD_20,Heavy Duty Trucks_Diesel_Rigid 12 - 14 t_Euro V,SCR,,0.04,0.5,5,80,8.73E-05,-0.013428238,0.465796787,6.399140827,4.84E-05,-0.00745254,0.31478195,0,1,1,1 
HDVD_20,Heavy Duty Trucks_Diesel_Rigid 12 - 14 t_Euro V,SCR,,0.04,1,5,75,-0.004959654,0.385719135,4.377887141,-0.861094127,-0.001368254,0.18348361,2.10E-13,0,1,1,1 
HDVD_20,Heavy Duty Trucks_Diesel_Rigid 12 - 14 t_Euro V,SCR,,0.06,0,5,80,4.43E-05,-0.007076587,0.276987598,4.060035935,3.59E-05,-0.004885437,0.202547294,0,1,1,1 
HDVD_20,Heavy Duty Trucks_Diesel_Rigid 12 - 14 t_Euro V,SCR,,0.06,0.5,5,65,0.000106074,-0.019641091,0.878830456,9.907156473,6.02E-05,-0.008086624,0.43847778,0,1,1,1 
HDVD_20,Heavy Duty Trucks_Diesel_Rigid 12 - 14 t_Euro V,SCR,,0.06,1,5,55,-0.003141403,0.249501425,1.961521835,-7.477243822,-0.00026569,0.097529733,-0.275596843,0,1,1,1 
HDVD_20,Heavy Duty Trucks_Diesel_Rigid 12 - 14 t_Euro V,EGR,,-0.06,0,5,85,-0.002469474,0.241541376,-1.447542669,2.717123025,0.036671828,-0.269713532,0.606900638,0,1,1,1 
HDVD_20,Heavy Duty Trucks_Diesel_Rigid 12 - 14 t_Euro V,EGR,,-0.06,0.5,5,85,-0.001844987,0.17971857,-1.134228174,2.155821918,0.029309635,-0.22782913,0.512975098,0,1,1,1 
HDVD_20,Heavy Duty Trucks_Diesel_Rigid 12 - 14 t_Euro V,EGR,,-0.06,1,5,85,-0.002549952,0.237292753,-1.453424508,2.708852406,0.039063276,-0.295693366,0.659484088,0,1,1,1 
HDVD_20,Heavy Duty Trucks_Diesel_Rigid 12 - 14 t_Euro V,EGR,,-0.04,0,5,85,-0.003992566,0.390567475,-1.753542136,1.54430339,0.037761966,-0.134791802,3.60E-11,0,1,1,1 
HDVD_20,Heavy Duty Trucks_Diesel_Rigid 12 - 14 t_Euro V,EGR,,-0.04,0.5,5,85,-0.001850957,0.236770145,-1.397213483,2.488623001,0.031827259,-0.226900302,0.486032812,0,1,1,1 
HDVD_20,Heavy Duty Trucks_Diesel_Rigid 12 - 14 t_Euro V,EGR,,-0.04,1,5,85,-0.004612637,0.5025664,-2.632132236,4.386573966,0.063193522,-0.399776244,0.8437921,0,1,1,1 
HDVD_20,Heavy Duty Trucks_Diesel_Rigid 12 - 14 t_Euro V,EGR,,-0.02,0,5,85,0.003386601,0.408792126,-2.288710227,4.471974027,0.057061722,-0.366295559,0.810404793,0,1,1,1 
HDVD_20,Heavy Duty Trucks_Diesel_Rigid 12 - 14 t_Euro V,EGR,,-0.02,0.5,5,85,-0.000934894,0.303998816,-1.43729683,1.192030673,0.028206047,-0.107194452,-1.92E-13,0,1,1,1 
HDVD_20,Heavy Duty Trucks_Diesel_Rigid 12 - 14 t_Euro V,EGR,,-0.02,1,5,85,-0.001235574,0.40209622,-2.057714559,3.398911077,0.042534948,-0.244194541,0.491549061,0,1,1,1 
HDVD_20,Heavy Duty Trucks_Diesel_Rigid 12 - 14 t_Euro V,EGR,,0,0,5,85,0.005176838,0.337601518,-1.553833303,2.639254575,0.038652066,-0.195181242,0.395777806,0,1,1,1 
HDVD_20,Heavy Duty Trucks_Diesel_Rigid 12 - 14 t_Euro V,EGR,,0,0.5,5,85,0.004132611,0.310409552,-1.379617925,2.174089634,0.032727631,-0.153945737,0.290330805,0,1,1,1 
HDVD_20,Heavy Duty Trucks_Diesel_Rigid 12 - 14 t_Euro V,EGR,,0,1,5,85,0.003658622,0.323942892,-1.443635025,2.238216169,0.031770273,-0.149377511,0.277798664,0,1,1,1 
HDVD_20,Heavy Duty Trucks_Diesel_Rigid 12 - 14 t_Euro V,EGR,,0.02,0,5,85,0.006791131,0.330626516,-1.595931767,2.713779165,0.035109996,-0.179436058,0.352858352,0,1,1,1 
HDVD_20,Heavy Duty Trucks_Diesel_Rigid 12 - 14 t_Euro V,EGR,,0.02,0.5,5,85,0.006286771,0.387460631,-1.654237439,2.380830978,0.034272065,-0.143247082,0.241278113,0,1,1,1 
HDVD_20,Heavy Duty Trucks_Diesel_Rigid 12 - 14 t_Euro V,EGR,,0.02,1,5,85,0.006200846,0.505982492,-2.121522558,2.818187375,0.039175632,-0.155307273,0.234097473,0,1,1,1 
HDVD_20,Heavy Duty Trucks_Diesel_Rigid 12 - 14 t_Euro V,EGR,,0.04,0,5,85,0.00770957,0.469885994,-1.918975787,2.497018973,0.038418737,-0.142395949,0.209473316,0,1,1,1 
HDVD_20,Heavy Duty Trucks_Diesel_Rigid 12 - 14 t_Euro V,EGR,,0.04,0.5,5,80,-0.000535103,0.011721302,3.557302794,-3.404390893,-0.002192973,0.227640287,0.016914534,0,1,1,1 
HDVD_20,Heavy Duty Trucks_Diesel_Rigid 12 - 14 t_Euro V,EGR,,0.04,1,5,70,0.002347808,0.611094666,-2.170661264,1.486001331,0.034399024,-0.088763115,-4.58E-14,0,1,1,1 
HDVD_20,Heavy Duty Trucks_Diesel_Rigid 12 - 14 t_Euro V,EGR,,0.06,0,5,80,-0.000383709,0.015869761,1.935773769,-1.93500403,-0.001147705,0.128907772,5.03E-15,0,1,1,1 
HDVD_20,Heavy Duty Trucks_Diesel_Rigid 12 - 14 t_Euro V,EGR,,0.06,0.5,5,70,-0.000399458,-0.005660361,3.42559787,-1.588090244,-0.001839949,0.187083369,0.139679359,0,1,1,1 
HDVD_20,Heavy Duty Trucks_Diesel_Rigid 12 - 14 t_Euro V,EGR,,0.06,1,5,55,0.001959917,0.623757949,-2.082772435,0.978888269,0.033881573,-0.093562116,-2.05E-14,0,1,1,1 
HDVD_21,Heavy Duty Trucks_Diesel_Rigid 12 - 14 t_Euro VI,,,-0.06,0,5,75,-0.005609078,0.450862515,-1.514030056,2.488347232,0.257720449,-1.202717253,3.591680783,0,1,1,1 
HDVD_21,Heavy Duty Trucks_Diesel_Rigid 12 - 14 t_Euro VI,,,-0.06,0.5,5,75,-0.002109118,0.167054421,-0.557716412,1.043821082,0.108066161,-0.579352899,1.883097779,0,1,1,1 
HDVD_21,Heavy Duty Trucks_Diesel_Rigid 12 - 14 t_Euro VI,,,-0.06,1,5,75,-0.001579715,0.124892781,-0.279687483,0.833336444,0.096220481,-0.56459538,2.369688834,0,1,1,1 
HDVD_21,Heavy Duty Trucks_Diesel_Rigid 12 - 14 t_Euro VI,,,-0.04,0,5,85,-0.003318042,0.33100391,-1.483799547,1.388594269,0.125454052,-0.349953161,-0.247117371,0,1,1,1 
HDVD_21,Heavy Duty Trucks_Diesel_Rigid 12 - 14 t_Euro VI,,,-0.04,0.5,5,85,-0.003760111,0.352732849,-1.619178967,1.693687729,0.141361454,-0.450758272,-1.07E-13,0,1,1,1 
HDVD_21,Heavy Duty Trucks_Diesel_Rigid 12 - 14 t_Euro VI,,,-0.04,1,5,80,-0.003797503,0.310019439,1.089910791,-0.985133376,0.151573245,0.204781674,3.33416507,0,1,1,1 
HDVD_21,Heavy Duty Trucks_Diesel_Rigid 12 - 14 t_Euro VI,,,-0.02,0,5,85,0.000191378,-0.036223543,2.237709969,-2.626482238,-0.007112608,0.667318758,0.852030928,0,1,1,1 
HDVD_21,Heavy Duty Trucks_Diesel_Rigid 12 - 14 t_Euro VI,,,-0.02,0.5,5,85,0.000232998,-0.040358292,2.046423098,-1.940194553,-0.006238721,0.557336452,1.314495638,0,1,1,1 
HDVD_21,Heavy Duty Trucks_Diesel_Rigid 12 - 14 t_Euro VI,,,-0.02,1,5,85,0.000233773,-0.04089717,2.017643422,-1.630654711,-0.005427582,0.52360092,1.626304979,0,1,1,1 
HDVD_21,Heavy Duty Trucks_Diesel_Rigid 12 - 14 t_Euro VI,,,0,0,5,85,-3.26E-05,-0.019982082,2.261013279,-2.381225953,-0.006683443,0.591021463,0.972135381,0,1,1,1 
HDVD_21,Heavy Duty Trucks_Diesel_Rigid 12 - 14 t_Euro VI,,,0,0.5,5,85,9.64E-06,-0.022586051,2.185674155,-1.974661647,-0.006109571,0.546576721,1.067827815,0,1,1,1 
HDVD_21,Heavy Duty Trucks_Diesel_Rigid 12 - 14 t_Euro VI,,,0,1,5,85,-3.05E-05,-0.02438273,2.700823506,-2.693603295,-0.008147541,0.738080863,0.82914534,0,1,1,1 
HDVD_21,Heavy Duty Trucks_Diesel_Rigid 12 - 14 t_Euro VI,,,0.02,0,5,85,-0.000467089,0.093190347,1.721403674,-2.327357923,0.00973531,0.62413674,-1.06E-09,0,1,1,1 
HDVD_21,Heavy Duty Trucks_Diesel_Rigid 12 - 14 t_Euro VI,,,0.02,0.5,5,85,-0.000559411,0.101111565,1.593736258,-1.96884727,0.013142566,0.564523955,-1.32E-08,0,1,1,1 
HDVD_21,Heavy Duty Trucks_Diesel_Rigid 12 - 14 t_Euro VI,,,0.02,1,5,85,-0.000403211,0.126005964,1.95162355,-2.289403465,0.022704933,0.631846531,3.26E-12,0,1,1,1 
HDVD_21,Heavy Duty Trucks_Diesel_Rigid 12 - 14 t_Euro VI,,,0.04,0,5,85,-0.001172328,0.167364694,1.669899345,-2.075640351,0.020155341,0.637941733,2.51E-08,0,1,1,1 
HDVD_21,Heavy Duty Trucks_Diesel_Rigid 12 - 14 t_Euro VI,,,0.04,0.5,5,80,0.000583023,0.447938166,-2.133100741,1.921059764,0.110175646,-0.386787763,-6.61E-14,0,1,1,1 
HDVD_21,Heavy Duty Trucks_Diesel_Rigid 12 - 14 t_Euro VI,,,0.04,1,5,75,0.001379098,0.375849359,-1.543680643,1.146903233,0.098620062,-0.3228233,0.053085454,0,1,1,1 
HDVD_21,Heavy Duty Trucks_Diesel_Rigid 12 - 14 t_Euro VI,,,0.06,0,5,80,-0.000545432,0.166271421,1.384979987,-1.742582525,0.03003286,0.446297011,3.02E-12,0,1,1,1 
HDVD_21,Heavy Duty Trucks_Diesel_Rigid 12 - 14 t_Euro VI,,,0.06,0.5,5,70,0.001806778,0.391086245,-1.547610217,1.063264943,0.102328356,-0.330940236,0.060216141,0,1,1,1 
HDVD_21,Heavy Duty Trucks_Diesel_Rigid 12 - 14 t_Euro VI,,,0.06,1,5,60,0.004541249,0.483915573,-1.901242145,1.288314864,0.13609888,-0.503338366,0.287742421,0,1,1,1 
HDVD_22,Heavy Duty Trucks_Diesel_Rigid 14 - 20 t_Conventional,,,-0.06,0,12,86,1.51E-05,-0.004704542,0.42100179,3.674900226,4.08E-05,0.005039577,0.055681807,0,1,1,1 
HDVD_22,Heavy Duty Trucks_Diesel_Rigid 14 - 20 t_Conventional,,,-0.06,0.5,12,86,0.000115101,-0.024456171,2.022333023,7.572929241,0.000260971,0.020291465,0.176957842,0,1,1,1 
HDVD_22,Heavy Duty Trucks_Diesel_Rigid 14 - 20 t_Conventional,,,-0.06,1,12,86,0.000106641,-0.018622998,1.435258994,3.27332594,0.000232711,0.01174388,0.124780768,0,1,1,1 
HDVD_22,Heavy Duty Trucks_Diesel_Rigid 14 - 20 t_Conventional,,,-0.04,0,12,86,5.79E-05,-0.0090018,0.862637821,3.300183188,7.64E-05,0.006939862,0.066058895,0,1,1,1 
HDVD_22,Heavy Duty Trucks_Diesel_Rigid 14 - 20 t_Conventional,,,-0.04,0.5,12,86,1.56E-05,-0.00490943,0.452692055,2.918960994,2.32E-05,0.004311426,0.048896731,0,1,1,1 
HDVD_22,Heavy Duty Trucks_Diesel_Rigid 14 - 20 t_Conventional,,,-0.04,1,12,86,2.99E-05,-0.008574755,0.703356196,3.702000646,3.85E-05,0.00577184,0.079413922,0,1,1,1 
HDVD_22,Heavy Duty Trucks_Diesel_Rigid 14 - 20 t_Conventional,,,-0.02,0,12,86,0.000587591,-0.014156508,1.143093653,9.930722979,0.000302586,0.002647508,0.176244263,0,1,1,1 
HDVD_22,Heavy Duty Trucks_Diesel_Rigid 14 - 20 t_Conventional,,,-0.02,0.5,12,86,0.000595346,-0.023581035,1.737975621,10.29086514,0.00035814,0.004274344,0.227967269,0,1,1,1 
HDVD_22,Heavy Duty Trucks_Diesel_Rigid 14 - 20 t_Conventional,,,-0.02,1,12,86,0.000127685,-0.007836943,0.892193087,3.272044633,9.15E-05,0.00517983,0.075455585,0,1,1,1 
HDVD_22,Heavy Duty Trucks_Diesel_Rigid 14 - 20 t_Conventional,,,0,0,12,86,1.60E-06,0.004518874,0.947568275,6.253413164,-2.14E-05,0.009229936,0.074045995,0,1,1,1 
HDVD_22,Heavy Duty Trucks_Diesel_Rigid 14 - 20 t_Conventional,,,0,0.5,12,86,5.34E-06,0.001989001,0.361657107,5.244866742,-8.22E-06,0.003436338,0.057135422,0,1,1,1 
HDVD_22,Heavy Duty Trucks_Diesel_Rigid 14 - 20 t_Conventional,,,0,1,12,86,0.000418951,0.007193495,1.785414952,6.037261971,0.000155771,0.012269776,0.11539132,0,1,1,1 
HDVD_22,Heavy Duty Trucks_Diesel_Rigid 14 - 20 t_Conventional,,,0.02,0,12,86,1.43E-06,0.005100122,0.966150701,6.192905443,-2.11E-05,0.008626353,0.070506067,0,1,1,1 
HDVD_22,Heavy Duty Trucks_Diesel_Rigid 14 - 20 t_Conventional,,,0.02,0.5,12,86,0.000338819,0.006003374,3.052994426,19.96672423,-2.58E-05,0.023161375,0.252536588,0,1,1,1 
HDVD_22,Heavy Duty Trucks_Diesel_Rigid 14 - 20 t_Conventional,,,0.02,1,12,86,0.000109693,0.032762187,3.128963866,18.16304565,-8.31E-05,0.024925915,0.244045945,0,1,1,1 
HDVD_22,Heavy Duty Trucks_Diesel_Rigid 14 - 20 t_Conventional,,,0.04,0,12,86,8.05E-05,0.010845802,1.457360058,8.055559154,-5.19E-05,0.014734194,0.066505891,0,1,1,1 
HDVD_22,Heavy Duty Trucks_Diesel_Rigid 14 - 20 t_Conventional,,,0.04,0.5,12,84,0.000345632,0.024949549,2.460222557,-13.0545818,-0.000124356,0.027208275,-0.135527396,0,1,1,1 
HDVD_22,Heavy Duty Trucks_Diesel_Rigid 14 - 20 t_Conventional,,,0.04,1,12,73,0.000401242,0.055568328,3.72447518,18.77619932,-0.000110719,0.024230996,0.295580043,0,1,1,1 
HDVD_22,Heavy Duty Trucks_Diesel_Rigid 14 - 20 t_Conventional,,,0.06,0,12,85,0.000394436,0.019522346,2.645551643,6.799170818,-0.000139998,0.028402983,0.029460507,0,1,1,1 
HDVD_22,Heavy Duty Trucks_Diesel_Rigid 14 - 20 t_Conventional,,,0.06,0.5,12,68,0.000644913,0.053026502,4.12327154,33.6809971,-0.000140975,0.025486033,0.438547195,0,1,1,1 
HDVD_22,Heavy Duty Trucks_Diesel_Rigid 14 - 20 t_Conventional,,,0.06,1,12,54,-0.00166391,0.240144861,0.980520416,11.77558608,-0.000244909,0.030988747,0.047613712,0,1,1,1 
HDVD_23,Heavy Duty Trucks_Diesel_Rigid 14 - 20 t_Euro I,,,-0.06,0,12,86,3.89E-05,-0.008900166,0.744726348,3.342166224,0.00016364,0.016152712,0.172604625,0,1,1,1 
HDVD_23,Heavy Duty Trucks_Diesel_Rigid 14 - 20 t_Euro I,,,-0.06,0.5,12,86,4.95E-05,-0.016230587,2.699721307,1.75589411,0.001616998,0.037207674,0.505246315,0,1,1,1 
HDVD_23,Heavy Duty Trucks_Diesel_Rigid 14 - 20 t_Euro I,,,-0.06,1,12,86,3.56E-06,-0.001519835,0.988604377,-3.972519085,0.000911435,0.006403695,0.083437745,0,1,1,1 
HDVD_23,Heavy Duty Trucks_Diesel_Rigid 14 - 20 t_Euro I,,,-0.04,0,12,86,0.000127336,-0.017945056,1.596684896,4.203230552,0.000340495,0.024010376,0.285804692,0,1,1,1 
HDVD_23,Heavy Duty Trucks_Diesel_Rigid 14 - 20 t_Euro I,,,-0.04,0.5,12,86,5.62E-05,-0.012041907,1.016340638,3.093613993,0.00015002,0.015999098,0.212897672,0,1,1,1 
HDVD_23,Heavy Duty Trucks_Diesel_Rigid 14 - 20 t_Euro I,,,-0.04,1,12,86,7.47E-05,-0.013835101,0.979969755,2.434237509,0.000180594,0.009863302,0.251337365,0,1,1,1 
HDVD_23,Heavy Duty Trucks_Diesel_Rigid 14 - 20 t_Euro I,,,-0.02,0,12,86,0.000425404,-0.011507739,0.711976505,5.724217267,0.00046995,0.000224414,0.273308178,0,1,1,1 
HDVD_23,Heavy Duty Trucks_Diesel_Rigid 14 - 20 t_Euro I,,,-0.02,0.5,12,86,0.000383642,-0.017301866,0.923456307,4.184413997,0.000467425,-0.001583859,0.308667507,0,1,1,1 
HDVD_23,Heavy Duty Trucks_Diesel_Rigid 14 - 20 t_Euro I,,,-0.02,1,12,86,0.000301694,-0.018163193,1.275448761,3.846717391,0.000386119,0.005301246,0.327412048,0,1,1,1 
HDVD_23,Heavy Duty Trucks_Diesel_Rigid 14 - 20 t_Euro I,,,0,0,12,86,1.78E-06,0.002973643,0.516885913,3.286494007,-2.85E-05,0.01139835,0.09384432,0,1,1,1 
HDVD_23,Heavy Duty Trucks_Diesel_Rigid 14 - 20 t_Euro I,,,0,0.5,12,86,0.000325356,-0.003212722,0.842955116,3.436619215,0.000256644,0.007489674,0.184872214,0,1,1,1 
HDVD_23,Heavy Duty Trucks_Diesel_Rigid 14 - 20 t_Euro I,,,0,1,12,86,8.05E-16,-1.43E-14,8.279150963,2.25E-11,-0.001019401,0.154373593,0.502387845,0,1,1,1 
HDVD_23,Heavy Duty Trucks_Diesel_Rigid 14 - 20 t_Euro I,,,0.02,0,12,86,0.000468543,-0.005167609,1.724671126,5.75177746,0.000372165,0.016920837,0.313777763,0,1,1,1 
HDVD_23,Heavy Duty Trucks_Diesel_Rigid 14 - 20 t_Euro I,,,0.02,0.5,12,86,0.000102788,0.015330021,1.569939161,-13.31808902,-0.000152913,0.042581179,-0.324991297,0,1,1,1 
HDVD_23,Heavy Duty Trucks_Diesel_Rigid 14 - 20 t_Euro I,,,0.02,1,12,86,0.0054738,-0.173475138,6.446479726,17.77284253,0.002693335,-0.052808468,1.864737763,0,1,1,1 
HDVD_23,Heavy Duty Trucks_Diesel_Rigid 14 - 20 t_Euro I,,,0.04,0,12,86,0.000205246,0.017901412,2.305061439,11.39327317,-0.000239986,0.057432685,0.190396309,0,1,1,1 
HDVD_23,Heavy Duty Trucks_Diesel_Rigid 14 - 20 t_Euro I,,,0.04,0.5,12,85,0.005214807,0.864709254,6.716235589,10.40031447,0.003613805,0.416146887,-1.174332244,0,1,1,1 
HDVD_23,Heavy Duty Trucks_Diesel_Rigid 14 - 20 t_Euro I,,,0.04,1,12,74,-0.000223794,0.254619666,7.197889294,8.427190316,0.000596199,0.097089114,1.100674551,0,1,1,1 
HDVD_23,Heavy Duty Trucks_Diesel_Rigid 14 - 20 t_Euro I,,,0.06,0,12,86,0.004198963,0.055701518,2.189646803,4.433914175,0.002154521,0.04444005,0.050762298,0,1,1,1 
HDVD_23,Heavy Duty Trucks_Diesel_Rigid 14 - 20 t_Euro I,,,0.06,0.5,12,70,0.008129455,1.074973018,-3.615708977,10.74321809,0.005634273,0.259576274,-1.500248752,0,1,1,1 
HDVD_23,Heavy Duty Trucks_Diesel_Rigid 14 - 20 t_Euro I,,,0.06,1,12,56,0.022502229,1.576908902,3.800948582,-17.12570033,0.008048729,0.414955256,-1.646914088,0,1,1,1 
HDVD_24,Heavy Duty Trucks_Diesel_Rigid 14 - 20 t_Euro II,,,-0.06,0,12,86,-5.07E-06,0.001508611,1.630649761,-5.907010445,0.002144802,0.022023792,0.12968571,0,1,1,1 
HDVD_24,Heavy Duty Trucks_Diesel_Rigid 14 - 20 t_Euro II,,,-0.06,0.5,12,86,9.78E-07,-0.001088718,2.104378949,-8.414305822,0.002642733,0.022521827,0.232482375,0,1,1,1 
HDVD_24,Heavy Duty Trucks_Diesel_Rigid 14 - 20 t_Euro II,,,-0.06,1,12,86,8.44E-06,-0.003125889,0.988151634,-4.482376349,0.001128544,0.005178337,0.143476456,0,1,1,1 
HDVD_24,Heavy Duty Trucks_Diesel_Rigid 14 - 20 t_Euro II,,,-0.04,0,12,86,-1.70E-05,0.007817758,1.431791312,-4.861557431,0.001499675,0.025043157,0.052352138,0,1,1,1 
HDVD_24,Heavy Duty Trucks_Diesel_Rigid 14 - 20 t_Euro II,,,-0.04,0.5,12,86,-6.57E-06,0.002228103,0.982524327,-3.853142201,0.000958438,0.012109112,0.077202676,0,1,1,1 
HDVD_24,Heavy Duty Trucks_Diesel_Rigid 14 - 20 t_Euro II,,,-0.04,1,12,86,7.94E-05,-0.025057875,3.023914276,1.159327564,0.001173216,0.040981701,0.827214541,0,1,1,1 
HDVD_24,Heavy Duty Trucks_Diesel_Rigid 14 - 20 t_Euro II,,,-0.02,0,12,86,0.000227654,-0.00733093,0.322954224,2.627055797,0.000357893,-0.003253843,0.206302241,0,1,1,1 
HDVD_24,Heavy Duty Trucks_Diesel_Rigid 14 - 20 t_Euro II,,,-0.02,0.5,12,86,0.000711118,-0.035612379,1.544223205,5.590516316,0.001142713,-0.016573747,0.801463398,0,1,1,1 
HDVD_24,Heavy Duty Trucks_Diesel_Rigid 14 - 20 t_Euro II,,,-0.02,1,12,86,0.000123376,-0.006626791,0.1888428,3.08676658,0.000230997,-0.008693129,0.239464251,0,1,1,1 
HDVD_24,Heavy Duty Trucks_Diesel_Rigid 14 - 20 t_Euro II,,,0,0,12,86,0.000615939,-0.01156986,1.066830476,5.096319002,0.000656584,0.004191087,0.432634626,0,1,1,1 
HDVD_24,Heavy Duty Trucks_Diesel_Rigid 14 - 20 t_Euro II,,,0,0.5,12,86,0.002164346,-0.072420416,2.475776734,9.642980479,0.001958045,-0.039213608,1.238945853,0,1,1,1 
HDVD_24,Heavy Duty Trucks_Diesel_Rigid 14 - 20 t_Euro II,,,0,1,12,86,0.001162713,-0.04488176,1.298966286,4.418215025,0.000919587,-0.025060853,0.635778929,0,1,1,1 
HDVD_24,Heavy Duty Trucks_Diesel_Rigid 14 - 20 t_Euro II,,,0.02,0,12,86,0.000974843,-0.015070633,1.104847128,5.434301872,0.000769416,-0.001619544,0.461853317,0,1,1,1 
HDVD_24,Heavy Duty Trucks_Diesel_Rigid 14 - 20 t_Euro II,,,0.02,0.5,12,86,9.84E-05,0.001193048,1.382055752,5.852439763,-6.69E-05,0.018502243,0.419393445,0,1,1,1 
HDVD_24,Heavy Duty Trucks_Diesel_Rigid 14 - 20 t_Euro II,,,0.02,1,12,86,0.001269474,0.003074511,-0.587955023,6.204961886,0.001130588,-0.028303549,0.22111233,0,1,1,1 
HDVD_24,Heavy Duty Trucks_Diesel_Rigid 14 - 20 t_Euro II,,,0.04,0,12,86,0.000794497,0.202363283,2.460989308,10.56116951,0.000829937,0.136365939,0.169543944,0,1,1,1 
HDVD_24,Heavy Duty Trucks_Diesel_Rigid 14 - 20 t_Euro II,,,0.04,0.5,12,86,-0.000670986,0.329690976,8.771004319,9.831766927,0.001231145,0.165437644,1.734299396,0,1,1,1 
HDVD_24,Heavy Duty Trucks_Diesel_Rigid 14 - 20 t_Euro II,,,0.04,1,12,77,-0.003631612,0.958286369,3.039601154,-7.741826781,0.003884911,0.246033718,-0.106977383,0,1,1,1 
HDVD_24,Heavy Duty Trucks_Diesel_Rigid 14 - 20 t_Euro II,,,0.06,0,12,86,-0.000377585,0.099851193,3.733871939,3.124671493,0.000264113,0.058049049,0.843679435,0,1,1,1 
HDVD_24,Heavy Duty Trucks_Diesel_Rigid 14 - 20 t_Euro II,,,0.06,0.5,12,74,-0.001435774,0.443041335,7.020397663,4.373510641,0.001917177,0.1591335,0.985314777,0,1,1,1 
HDVD_24,Heavy Duty Trucks_Diesel_Rigid 14 - 20 t_Euro II,,,0.06,1,12,61,-0.002430272,0.604797209,5.783176702,0.396083792,0.002539199,0.162620345,0.563705253,0,1,1,1 
HDVD_25,Heavy Duty Trucks_Diesel_Rigid 14 - 20 t_Euro III,,,-0.06,0,12,86,1.53E-05,-0.005172319,0.525941283,3.342950789,3.52E-05,0.010950861,0.119304823,0,1,1,1 
HDVD_25,Heavy Duty Trucks_Diesel_Rigid 14 - 20 t_Euro III,,,-0.06,0.5,12,86,1.72E-05,-0.005619081,0.550580127,3.241096405,3.32E-05,0.011671152,0.136875839,0,1,1,1 
HDVD_25,Heavy Duty Trucks_Diesel_Rigid 14 - 20 t_Euro III,,,-0.06,1,12,86,0.000123466,-0.018996139,1.500433036,4.31696903,0.000311229,0.019511175,0.357225666,0,1,1,1 
HDVD_25,Heavy Duty Trucks_Diesel_Rigid 14 - 20 t_Euro III,,,-0.04,0,12,86,8.78E-05,-0.008741161,0.719467065,2.620077211,0.000150119,0.007070382,0.149172061,0,1,1,1 
HDVD_25,Heavy Duty Trucks_Diesel_Rigid 14 - 20 t_Euro III,,,-0.04,0.5,12,86,0.000103574,-0.015981156,1.371776334,4.337253113,0.000195555,0.016181991,0.278625858,0,1,1,1 
HDVD_25,Heavy Duty Trucks_Diesel_Rigid 14 - 20 t_Euro III,,,-0.04,1,12,86,0.000124362,-0.021246939,1.690527534,4.471172812,0.00022702,0.017134931,0.370046432,0,1,1,1 
HDVD_25,Heavy Duty Trucks_Diesel_Rigid 14 - 20 t_Euro III,,,-0.02,0,12,86,0.000425426,-0.012715549,1.120760516,5.146882623,0.00040771,0.00549449,0.27463727,0,1,1,1 
HDVD_25,Heavy Duty Trucks_Diesel_Rigid 14 - 20 t_Euro III,,,-0.02,0.5,12,86,0.000456168,-0.042086667,1.345272927,3.843060088,0.000154439,-0.004927207,0.394774756,0,1,1,1 
HDVD_25,Heavy Duty Trucks_Diesel_Rigid 14 - 20 t_Euro III,,,-0.02,1,12,86,0.000699886,-0.039166697,2.058922497,5.82380978,0.000736197,-0.005168645,0.584398186,0,1,1,1 
HDVD_25,Heavy Duty Trucks_Diesel_Rigid 14 - 20 t_Euro III,,,0,0,12,86,0.000429735,-0.016964776,1.180318317,3.580237097,0.000370671,0.001846692,0.285428484,0,1,1,1 
HDVD_25,Heavy Duty Trucks_Diesel_Rigid 14 - 20 t_Euro III,,,0,0.5,12,86,0.000968832,-0.039857461,1.652497959,5.801391677,0.000748446,-0.012379133,0.522728726,0,1,1,1 
HDVD_25,Heavy Duty Trucks_Diesel_Rigid 14 - 20 t_Euro III,,,0,1,12,86,0.0012835,-0.052318187,1.877363773,6.879788697,0.000895554,-0.019120939,0.620505137,0,1,1,1 
HDVD_25,Heavy Duty Trucks_Diesel_Rigid 14 - 20 t_Euro III,,,0.02,0,12,86,0.000229203,-0.003554533,-0.194112809,6.420206111,0.000290076,-0.013500971,0.208861023,0,1,1,1 
HDVD_25,Heavy Duty Trucks_Diesel_Rigid 14 - 20 t_Euro III,,,0.02,0.5,12,86,0.000867103,-0.021732485,1.782026917,5.266488695,0.000568165,0.002635838,0.422653252,0,1,1,1 
HDVD_25,Heavy Duty Trucks_Diesel_Rigid 14 - 20 t_Euro III,,,0.02,1,12,86,0.000582517,-0.011200031,-0.138692184,8.693017241,0.000505301,-0.020299507,0.301470854,0,1,1,1 
HDVD_25,Heavy Duty Trucks_Diesel_Rigid 14 - 20 t_Euro III,,,0.04,0,12,86,0.000235069,-0.002592566,-0.198188778,4.744072643,0.000263989,-0.011388625,0.151130199,0,1,1,1 
HDVD_25,Heavy Duty Trucks_Diesel_Rigid 14 - 20 t_Euro III,,,0.04,0.5,12,86,-1.80E-05,0.000315157,1.222946967,3.005555543,-6.51E-05,0.014182599,0.200280599,0,1,1,1 
HDVD_25,Heavy Duty Trucks_Diesel_Rigid 14 - 20 t_Euro III,,,0.04,1,12,79,-0.000380134,0.136555158,3.161409625,3.943947132,0.000712977,0.056295423,0.380447646,0,1,1,1 
HDVD_25,Heavy Duty Trucks_Diesel_Rigid 14 - 20 t_Euro III,,,0.06,0,12,86,1.76E-06,0.042344187,1.677554454,4.013927067,0.000264532,0.030070174,0.26157472,0,1,1,1 
HDVD_25,Heavy Duty Trucks_Diesel_Rigid 14 - 20 t_Euro III,,,0.06,0.5,12,73,-0.000319302,0.160731027,4.937121958,8.484876457,0.00087269,0.08342431,0.671155925,0,1,1,1 
HDVD_25,Heavy Duty Trucks_Diesel_Rigid 14 - 20 t_Euro III,,,0.06,1,12,62,-0.003662805,0.841321119,3.368794783,-6.796814598,0.003840343,0.186454058,-0.054300096,0,1,1,1 
HDVD_26,Heavy Duty Trucks_Diesel_Rigid 14 - 20 t_Euro IV,,,-0.06,0,12,82,-1.14E-05,-0.004809622,0.520019855,-4.002110836,0.000423651,0.022153625,-0.214121131,0,1,1,1 
HDVD_26,Heavy Duty Trucks_Diesel_Rigid 14 - 20 t_Euro IV,,,-0.06,0.5,12,80,-0.000581707,0.035743394,0.828043859,2.066095675,0.006739887,-0.026377303,0.656473316,0,1,1,1 
HDVD_26,Heavy Duty Trucks_Diesel_Rigid 14 - 20 t_Euro IV,,,-0.06,1,12,86,2.42E-05,-0.004682599,0.208417843,4.456652632,0.000499477,0.007813637,0.369420216,0,1,1,1 
HDVD_26,Heavy Duty Trucks_Diesel_Rigid 14 - 20 t_Euro IV,,,-0.04,0,12,86,1.48E-05,-0.004180173,0.330573958,2.996319903,0.00016239,0.015144413,0.189751942,0,1,1,1 
HDVD_26,Heavy Duty Trucks_Diesel_Rigid 14 - 20 t_Euro IV,,,-0.04,0.5,12,86,-7.99E-05,0.002603725,0.465029837,-3.772312915,0.00056257,0.021435195,-0.202314445,0,1,1,1 
HDVD_26,Heavy Duty Trucks_Diesel_Rigid 14 - 20 t_Euro IV,,,-0.04,1,12,86,9.31E-06,-0.014252319,1.158272146,3.28733223,0.000331161,0.06081626,0.283978048,0,1,1,1 
HDVD_26,Heavy Duty Trucks_Diesel_Rigid 14 - 20 t_Euro IV,,,-0.02,0,12,86,0.000173186,-0.002566367,0.319346467,4.349450465,0.000438086,0.007243167,0.252510496,0,1,1,1 
HDVD_26,Heavy Duty Trucks_Diesel_Rigid 14 - 20 t_Euro IV,,,-0.02,0.5,12,86,0.000111859,-0.004537158,0.434169278,2.836368495,0.000373022,0.010406019,0.220758225,0,1,1,1 
HDVD_26,Heavy Duty Trucks_Diesel_Rigid 14 - 20 t_Euro IV,,,-0.02,1,12,86,6.11E-06,-0.002531251,0.341831207,2.453281461,8.58E-06,0.015643474,0.145397667,0,1,1,1 
HDVD_26,Heavy Duty Trucks_Diesel_Rigid 14 - 20 t_Euro IV,,,0,0,12,86,2.16E-05,0.005433844,0.999299322,6.60191193,-0.000106812,0.045514214,0.28163557,0,1,1,1 
HDVD_26,Heavy Duty Trucks_Diesel_Rigid 14 - 20 t_Euro IV,,,0,0.5,12,86,1.23E-05,0.007407643,0.308423763,1.941400409,6.21E-05,0.018367346,0.051177753,0,1,1,1 
HDVD_26,Heavy Duty Trucks_Diesel_Rigid 14 - 20 t_Euro IV,,,0,1,12,86,5.43E-06,0.003248313,0.535523417,3.619361095,-5.48E-05,0.022042632,0.180957781,0,1,1,1 
HDVD_26,Heavy Duty Trucks_Diesel_Rigid 14 - 20 t_Euro IV,,,0.02,0,12,86,1.07E-05,0.004333007,0.570126979,3.787370932,-6.06E-05,0.021296194,0.185124009,0,1,1,1 
HDVD_26,Heavy Duty Trucks_Diesel_Rigid 14 - 20 t_Euro IV,,,0.02,0.5,12,86,0.000410518,0.032319588,1.022860563,-8.59257616,0.00062438,0.052209441,-0.382213181,0,1,1,1 
HDVD_26,Heavy Duty Trucks_Diesel_Rigid 14 - 20 t_Euro IV,,,0.02,1,12,86,0.000663951,0.194570191,1.993291368,3.622675638,0.002002069,0.167753579,-0.298865268,0,1,1,1 
HDVD_26,Heavy Duty Trucks_Diesel_Rigid 14 - 20 t_Euro IV,,,0.04,0,12,86,0.001049446,0.02883367,0.843700283,-14.59559756,0.001359935,0.035455115,-0.569570481,0,1,1,1 
HDVD_26,Heavy Duty Trucks_Diesel_Rigid 14 - 20 t_Euro IV,,,0.04,0.5,12,86,0.000678245,0.17087859,1.711736439,-4.972267026,0.001530047,0.135481493,-0.491401253,0,1,1,1 
HDVD_26,Heavy Duty Trucks_Diesel_Rigid 14 - 20 t_Euro IV,,,0.04,1,12,81,0.000939443,0.20967087,1.51449338,7.877693216,0.001422595,0.142546113,-0.136741457,0,1,1,1 
HDVD_26,Heavy Duty Trucks_Diesel_Rigid 14 - 20 t_Euro IV,,,0.06,0,12,86,0.001521591,0.370327509,3.813116674,-7.23274442,0.003283227,0.301899219,-1.00929486,0,1,1,1 
HDVD_26,Heavy Duty Trucks_Diesel_Rigid 14 - 20 t_Euro IV,,,0.06,0.5,12,77,3.01E-05,0.012753785,0.912443266,3.772877771,-8.17E-05,0.023007437,0.236880436,0,1,1,1 
HDVD_26,Heavy Duty Trucks_Diesel_Rigid 14 - 20 t_Euro IV,,,0.06,1,12,62,0.000307415,-0.013838957,-0.01570684,5.021705775,0.000240865,-0.014893984,0.236957169,0,1,1,1 
HDVD_26,Heavy Duty Trucks_Diesel_Rigid 14 - 20 t_Euro IV,,,-0.06,0,12,82,-1.14E-05,-0.004809622,0.520019855,-4.002110836,0.000423651,0.022153625,-0.214121131,0,1,1,1 
HDVD_26,Heavy Duty Trucks_Diesel_Rigid 14 - 20 t_Euro IV,,,-0.06,0.5,12,80,-0.000581707,0.035743394,0.828043859,2.066095675,0.006739887,-0.026377303,0.656473316,0,1,1,1 
HDVD_26,Heavy Duty Trucks_Diesel_Rigid 14 - 20 t_Euro IV,,,-0.06,1,12,86,2.42E-05,-0.004682599,0.208417843,4.456652632,0.000499477,0.007813637,0.369420216,0,1,1,1 
HDVD_26,Heavy Duty Trucks_Diesel_Rigid 14 - 20 t_Euro IV,,,-0.04,0,12,86,1.48E-05,-0.004180173,0.330573958,2.996319903,0.00016239,0.015144413,0.189751942,0,1,1,1 
HDVD_26,Heavy Duty Trucks_Diesel_Rigid 14 - 20 t_Euro IV,,,-0.04,1,12,86,9.31E-06,-0.014252319,1.158272146,3.28733223,0.000331161,0.06081626,0.283978048,0,1,1,1 
HDVD_26,Heavy Duty Trucks_Diesel_Rigid 14 - 20 t_Euro IV,,,-0.02,0,12,86,0.000173186,-0.002566367,0.319346467,4.349450465,0.000438086,0.007243167,0.252510496,0,1,1,1 
HDVD_26,Heavy Duty Trucks_Diesel_Rigid 14 - 20 t_Euro IV,,,-0.02,1,12,86,6.11E-06,-0.002531251,0.341831207,2.453281461,8.58E-06,0.015643474,0.145397667,0,1,1,1 
HDVD_26,Heavy Duty Trucks_Diesel_Rigid 14 - 20 t_Euro IV,,,0,0,12,86,2.16E-05,0.005433844,0.999299322,6.60191193,-0.000106812,0.045514214,0.28163557,0,1,1,1 
HDVD_26,Heavy Duty Trucks_Diesel_Rigid 14 - 20 t_Euro IV,,,0,1,12,86,5.43E-06,0.003248313,0.535523417,3.619361095,-5.48E-05,0.022042632,0.180957781,0,1,1,1 
HDVD_26,Heavy Duty Trucks_Diesel_Rigid 14 - 20 t_Euro IV,,,0.02,0,12,86,1.07E-05,0.004333007,0.570126979,3.787370932,-6.06E-05,0.021296194,0.185124009,0,1,1,1 
HDVD_26,Heavy Duty Trucks_Diesel_Rigid 14 - 20 t_Euro IV,,,0.02,1,12,86,0.000663951,0.194570191,1.993291368,3.622675638,0.002002069,0.167753579,-0.298865268,0,1,1,1 
HDVD_26,Heavy Duty Trucks_Diesel_Rigid 14 - 20 t_Euro IV,,,0.04,0,12,86,0.001049446,0.02883367,0.843700283,-14.59559756,0.001359935,0.035455115,-0.569570481,0,1,1,1 
HDVD_26,Heavy Duty Trucks_Diesel_Rigid 14 - 20 t_Euro IV,,,0.04,1,12,81,0.000939443,0.20967087,1.51449338,7.877693216,0.001422595,0.142546113,-0.136741457,0,1,1,1 
HDVD_26,Heavy Duty Trucks_Diesel_Rigid 14 - 20 t_Euro IV,,,0.06,0,12,86,0.001521591,0.370327509,3.813116674,-7.23274442,0.003283227,0.301899219,-1.00929486,0,1,1,1 
HDVD_26,Heavy Duty Trucks_Diesel_Rigid 14 - 20 t_Euro IV,,,0.06,0.5,12,77,3.01E-05,0.012753785,0.912443266,3.772877771,-8.17E-05,0.023007437,0.236880436,0,1,1,1 
HDVD_26,Heavy Duty Trucks_Diesel_Rigid 14 - 20 t_Euro IV,,,0.06,1,12,62,0.000307415,-0.013838957,-0.01570684,5.021705775,0.000240865,-0.014893984,0.236957169,0,1,1,1 
HDVD_27,Heavy Duty Trucks_Diesel_Rigid 14 - 20 t_Euro V,SCR,,-0.06,0,5,70,-0.001777186,0.142456859,-1.146346526,2.528214364,0.006137683,-0.05547551,0.129475779,0,1,1,1 
HDVD_27,Heavy Duty Trucks_Diesel_Rigid 14 - 20 t_Euro V,SCR,,-0.06,0.5,5,65,-0.001577993,0.121729973,-0.975887996,2.148473151,0.005195605,-0.047245052,0.110846609,0,1,1,1 
HDVD_27,Heavy Duty Trucks_Diesel_Rigid 14 - 20 t_Euro V,SCR,,-0.06,1,5,65,-0.001659349,0.123665878,-0.950898592,2.017687801,0.005472004,-0.047937928,0.109164476,0,1,1,1 
HDVD_27,Heavy Duty Trucks_Diesel_Rigid 14 - 20 t_Euro V,SCR,,-0.04,0,5,85,-0.001469721,0.154681238,-1.212239818,2.558376645,0.005839952,-0.050037785,0.110932369,0,1,1,1 
HDVD_27,Heavy Duty Trucks_Diesel_Rigid 14 - 20 t_Euro V,SCR,,-0.04,0.5,5,85,-0.001173371,0.117840124,-0.891107302,1.89144224,0.004498856,-0.038131539,0.086717952,0,1,1,1 
HDVD_27,Heavy Duty Trucks_Diesel_Rigid 14 - 20 t_Euro V,SCR,,-0.04,1,5,85,-0.002292982,0.216312336,-1.423085725,2.760674038,0.008259381,-0.06155809,0.131252759,0,1,1,1 
HDVD_27,Heavy Duty Trucks_Diesel_Rigid 14 - 20 t_Euro V,SCR,,-0.02,0,5,85,0.001036022,0.1908193,-1.282773143,3.255362808,0.008263294,-0.059964227,0.151977092,0,1,1,1 
HDVD_27,Heavy Duty Trucks_Diesel_Rigid 14 - 20 t_Euro V,SCR,,-0.02,0.5,5,85,-0.000252094,0.216227167,-1.385659207,2.84954896,0.007605351,-0.052876136,0.115417442,0,1,1,1 
HDVD_27,Heavy Duty Trucks_Diesel_Rigid 14 - 20 t_Euro V,SCR,,-0.02,1,5,85,-0.000944723,0.262333227,-1.429925867,2.532621529,0.008260139,-0.047760078,0.093628603,0,1,1,1 
HDVD_27,Heavy Duty Trucks_Diesel_Rigid 14 - 20 t_Euro V,SCR,,0,0,5,85,0.004807315,0.195340699,-1.31727666,3.476010654,0.008898337,-0.061034253,0.154646739,0,1,1,1 
HDVD_27,Heavy Duty Trucks_Diesel_Rigid 14 - 20 t_Euro V,SCR,,0,0.5,5,85,0.005119889,0.189983774,-1.278623277,3.093498715,0.007849645,-0.052445187,0.124559617,0,1,1,1 
HDVD_27,Heavy Duty Trucks_Diesel_Rigid 14 - 20 t_Euro V,SCR,,0,1,5,85,0.011109621,0.437825117,-2.040654767,4.050931303,0.015465011,-0.073377666,0.155065645,0,1,1,1 
HDVD_27,Heavy Duty Trucks_Diesel_Rigid 14 - 20 t_Euro V,SCR,,0.02,0,5,85,0.014135309,0.028879499,4.482288254,3.163872212,0.009062338,0.037661232,0.368161179,0,1,1,1 
HDVD_27,Heavy Duty Trucks_Diesel_Rigid 14 - 20 t_Euro V,SCR,,0.02,0.5,5,85,0.013913953,0.008984613,1.349005543,5.865836832,0.007181486,-0.028417234,0.332792791,0,1,1,1 
HDVD_27,Heavy Duty Trucks_Diesel_Rigid 14 - 20 t_Euro V,SCR,,0.02,1,5,85,0.01028905,0.026894676,-0.275443013,3.959495437,0.004956929,-0.038117589,0.177441465,0,1,1,1 
HDVD_27,Heavy Duty Trucks_Diesel_Rigid 14 - 20 t_Euro V,SCR,,0.04,0,5,85,0.04960336,-0.377832961,7.559350668,20.91494827,0.01928413,-0.078505963,1.337004575,0,1,1,1 
HDVD_27,Heavy Duty Trucks_Diesel_Rigid 14 - 20 t_Euro V,SCR,,0.04,0.5,5,85,8.01E-05,-0.011520517,0.351478299,6.671678772,3.88E-05,-0.005760914,0.224673267,0,1,1,1 
HDVD_27,Heavy Duty Trucks_Diesel_Rigid 14 - 20 t_Euro V,SCR,,0.04,1,5,80,0.000124957,-0.018877494,0.677777351,10.43015828,5.77E-05,-0.007957619,0.335348666,0,1,1,1 
HDVD_27,Heavy Duty Trucks_Diesel_Rigid 14 - 20 t_Euro V,SCR,,0.06,0,5,85,6.90E-05,-0.010132936,0.330382834,6.960541007,4.23E-05,-0.006137316,0.242101903,0,1,1,1 
HDVD_27,Heavy Duty Trucks_Diesel_Rigid 14 - 20 t_Euro V,SCR,,0.06,0.5,5,80,0.000119142,-0.020607352,0.967504336,14.5427337,8.76E-05,-0.010385001,0.453063145,0,1,1,1 
HDVD_27,Heavy Duty Trucks_Diesel_Rigid 14 - 20 t_Euro V,SCR,,0.06,1,5,60,8.50E-05,-0.005332215,0.368532335,5.253092579,6.59E-05,-0.003038758,0.145741892,0,1,1,1 
HDVD_27,Heavy Duty Trucks_Diesel_Rigid 14 - 20 t_Euro V,EGR,,-0.06,0,5,85,-0.00302871,0.292576633,-1.679093725,3.164641622,0.031170017,-0.219930263,0.504425469,0,1,1,1 
HDVD_27,Heavy Duty Trucks_Diesel_Rigid 14 - 20 t_Euro V,EGR,,-0.06,0.5,5,85,-0.003350506,0.323995015,-2.002617247,3.876387936,0.036159001,-0.276771,0.641781638,0,1,1,1 
HDVD_27,Heavy Duty Trucks_Diesel_Rigid 14 - 20 t_Euro V,EGR,,-0.06,1,5,85,-0.002268214,0.22784271,-1.553173937,3.102984849,0.028619636,-0.237663764,0.551910414,0,1,1,1 
HDVD_27,Heavy Duty Trucks_Diesel_Rigid 14 - 20 t_Euro V,EGR,,-0.04,0,5,85,-0.001908829,0.240793134,-1.343583241,2.35955906,0.020806398,-0.132543124,0.277627472,0,1,1,1 
HDVD_27,Heavy Duty Trucks_Diesel_Rigid 14 - 20 t_Euro V,EGR,,-0.04,0.5,5,85,-0.003335874,0.301502526,-1.357371095,1.233421783,0.020189812,-0.071418816,9.80E-14,0,1,1,1 
HDVD_27,Heavy Duty Trucks_Diesel_Rigid 14 - 20 t_Euro V,EGR,,-0.04,1,5,85,-0.002441895,0.273853029,-1.482317816,2.505906736,0.025207949,-0.163494454,0.344608672,0,1,1,1 
HDVD_27,Heavy Duty Trucks_Diesel_Rigid 14 - 20 t_Euro V,EGR,,-0.02,0,5,85,0.002716833,0.448177297,-1.983480728,3.756885278,0.04153788,-0.222456041,0.512184678,0,1,1,1 
HDVD_27,Heavy Duty Trucks_Diesel_Rigid 14 - 20 t_Euro V,EGR,,-0.02,0.5,5,85,-0.000650155,0.478648355,-2.249805573,3.654457988,0.036661803,-0.195285841,0.391601812,0,1,1,1 
HDVD_27,Heavy Duty Trucks_Diesel_Rigid 14 - 20 t_Euro V,EGR,,-0.02,1,5,85,-0.002020159,0.466337039,-2.209749804,3.444657896,0.033778478,-0.175543602,0.340788956,0,1,1,1 
HDVD_27,Heavy Duty Trucks_Diesel_Rigid 14 - 20 t_Euro V,EGR,,0,0,5,85,0.005468547,0.407633475,-1.506797315,2.427599834,0.0314284,-0.129262669,0.274998733,0,1,1,1 
HDVD_27,Heavy Duty Trucks_Diesel_Rigid 14 - 20 t_Euro V,EGR,,0,0.5,5,85,0.005714916,0.432141941,-1.848801377,3.001600732,0.031720778,-0.148695481,0.298259068,0,1,1,1 
HDVD_27,Heavy Duty Trucks_Diesel_Rigid 14 - 20 t_Euro V,EGR,,0,1,5,85,0.004428011,0.401057767,-1.681697218,2.479389166,0.027948913,-0.122042535,0.220645197,0,1,1,1 
HDVD_27,Heavy Duty Trucks_Diesel_Rigid 14 - 20 t_Euro V,EGR,,0.02,0,5,85,0.006698253,0.406106052,-1.434433631,2.121824564,0.027832446,-0.102615775,0.201218527,0,1,1,1 
HDVD_27,Heavy Duty Trucks_Diesel_Rigid 14 - 20 t_Euro V,EGR,,0.02,0.5,5,85,0.008573421,0.431417579,-1.97591106,3.310360672,0.02965823,-0.144831461,0.286384201,0,1,1,1 
HDVD_27,Heavy Duty Trucks_Diesel_Rigid 14 - 20 t_Euro V,EGR,,0.02,1,5,85,0.009000619,0.542850049,-2.37914735,3.505773078,0.033506594,-0.145905293,0.250105797,0,1,1,1 
HDVD_27,Heavy Duty Trucks_Diesel_Rigid 14 - 20 t_Euro V,EGR,,0.04,0,5,85,0.008726312,0.406318443,-1.677806028,2.652959686,0.027304886,-0.116396535,0.225319968,0,1,1,1 
HDVD_27,Heavy Duty Trucks_Diesel_Rigid 14 - 20 t_Euro V,EGR,,0.04,0.5,5,85,0.00510006,0.411548984,-2.581605599,1.554849564,0.019270754,-0.08593115,-0.076111106,0,1,1,1 
HDVD_27,Heavy Duty Trucks_Diesel_Rigid 14 - 20 t_Euro V,EGR,,0.04,1,5,80,-0.000300541,0.005236997,2.143735631,-2.01991394,-0.000867402,0.092705202,-2.22E-14,0,1,1,1 
HDVD_27,Heavy Duty Trucks_Diesel_Rigid 14 - 20 t_Euro V,EGR,,0.06,0,5,85,-0.000397244,0.01301268,2.083746987,-2.168283244,-0.001071172,0.101038231,-1.09E-13,0,1,1,1 
HDVD_27,Heavy Duty Trucks_Diesel_Rigid 14 - 20 t_Euro V,EGR,,0.06,0.5,5,80,-0.000517105,0.022428285,2.571077214,-2.323834751,-0.000899335,0.111237514,-1.23E-11,0,1,1,1 
HDVD_27,Heavy Duty Trucks_Diesel_Rigid 14 - 20 t_Euro V,EGR,,0.06,1,5,60,0.002582447,0.712516429,-2.453863297,1.380293577,0.027306799,-0.073988007,-3.29E-13,0,1,1,1 
HDVD_28,Heavy Duty Trucks_Diesel_Rigid 14 - 20 t_Euro VI,,,-0.06,0,5,70,-0.004068376,0.312675078,-1.453160728,1.518205661,0.104258467,-0.367132577,0.04638689,0,1,1,1 
HDVD_28,Heavy Duty Trucks_Diesel_Rigid 14 - 20 t_Euro VI,,,-0.06,0.5,5,75,-0.002869451,0.231518161,-0.985312376,1.622399697,0.10612124,-0.609932035,1.586111818,0,1,1,1 
HDVD_28,Heavy Duty Trucks_Diesel_Rigid 14 - 20 t_Euro VI,,,-0.06,1,5,75,-0.002621545,0.210950987,-0.966550969,1.725650753,0.106048555,-0.681173053,1.845625859,0,1,1,1 
HDVD_28,Heavy Duty Trucks_Diesel_Rigid 14 - 20 t_Euro VI,,,-0.04,0,5,85,-0.004074834,0.397728937,-1.777157542,1.633839852,0.105178468,-0.278559522,-0.269949899,0,1,1,1 
HDVD_28,Heavy Duty Trucks_Diesel_Rigid 14 - 20 t_Euro VI,,,-0.04,0.5,5,85,-0.003313276,0.301786812,-1.375425996,1.363361322,0.083196224,-0.233946321,-0.150102256,0,1,1,1 
HDVD_28,Heavy Duty Trucks_Diesel_Rigid 14 - 20 t_Euro VI,,,-0.04,1,5,80,-0.004239226,0.368007023,-1.654178075,1.624843477,0.101542131,-0.260231986,-0.240146977,0,1,1,1 
HDVD_28,Heavy Duty Trucks_Diesel_Rigid 14 - 20 t_Euro VI,,,-0.02,0,5,85,0.000290974,-0.066311892,4.244584106,-5.477023426,-0.009977867,0.904208092,0.977160161,0,1,1,1 
HDVD_28,Heavy Duty Trucks_Diesel_Rigid 14 - 20 t_Euro VI,,,-0.02,0.5,5,85,0.000300155,-0.063428851,3.511864322,-4.297505547,-0.008373021,0.736804315,0.972750225,0,1,1,1 
HDVD_28,Heavy Duty Trucks_Diesel_Rigid 14 - 20 t_Euro VI,,,-0.02,1,5,85,-0.006157515,0.718388315,1.150161599,-2.711629815,0.143246671,0.885934282,8.69E-08,0,1,1,1 
HDVD_28,Heavy Duty Trucks_Diesel_Rigid 14 - 20 t_Euro VI,,,0,0,5,85,-7.19E-05,-0.035973159,4.182246887,-5.066138401,-0.00871926,0.774414643,1.094045696,0,1,1,1 
HDVD_28,Heavy Duty Trucks_Diesel_Rigid 14 - 20 t_Euro VI,,,0,0.5,5,85,-1.25E-05,-0.0433895,4.312336736,-4.535624451,-0.008591467,0.755399378,1.387144288,0,1,1,1 
HDVD_28,Heavy Duty Trucks_Diesel_Rigid 14 - 20 t_Euro VI,,,0,1,5,85,-1.05E-05,-0.045047996,4.384804019,-4.685396559,-0.008991477,0.789156605,1.136827642,0,1,1,1 
HDVD_28,Heavy Duty Trucks_Diesel_Rigid 14 - 20 t_Euro VI,,,0.02,0,5,85,-9.79E-05,0.075521424,1.32069204,-1.969747456,0.006972138,0.332775299,-6.17E-13,0,1,1,1 
HDVD_28,Heavy Duty Trucks_Diesel_Rigid 14 - 20 t_Euro VI,,,0.02,0.5,5,85,-0.000619212,0.104073963,2.297183274,-3.137744633,0.0069597,0.545240227,-3.13E-11,0,1,1,1 
HDVD_28,Heavy Duty Trucks_Diesel_Rigid 14 - 20 t_Euro VI,,,0.02,1,5,85,-0.000520831,0.089563321,1.926108403,-2.423503737,0.007800922,0.436780265,2.57E-12,0,1,1,1 
HDVD_28,Heavy Duty Trucks_Diesel_Rigid 14 - 20 t_Euro VI,,,0.04,0,5,85,-0.001356516,0.152797601,3.103952102,-4.313780882,0.006559542,0.730981198,-1.10E-08,0,1,1,1 
HDVD_28,Heavy Duty Trucks_Diesel_Rigid 14 - 20 t_Euro VI,,,0.04,0.5,5,85,-0.000815605,0.141121707,1.622542455,-2.015841477,0.014259866,0.377098922,-1.94E-10,0,1,1,1 
HDVD_28,Heavy Duty Trucks_Diesel_Rigid 14 - 20 t_Euro VI,,,0.04,1,5,80,0.000781629,0.437178779,-1.862715357,1.497839767,0.075209146,-0.23785469,-8.27E-11,0,1,1,1 
HDVD_28,Heavy Duty Trucks_Diesel_Rigid 14 - 20 t_Euro VI,,,0.06,0,5,85,-0.001316223,0.1702467,1.842505727,-2.411851902,0.013743968,0.44381685,-2.92E-10,0,1,1,1 
HDVD_28,Heavy Duty Trucks_Diesel_Rigid 14 - 20 t_Euro VI,,,0.06,0.5,5,80,0.000667148,0.40228052,-1.682335028,1.328848677,0.067250451,-0.20925869,-2.48E-13,0,1,1,1 
HDVD_28,Heavy Duty Trucks_Diesel_Rigid 14 - 20 t_Euro VI,,,0.06,1,5,65,0.002087289,0.481799048,-1.74411419,0.860214733,0.084940112,-0.256477276,-3.02E-10,0,1,1,1 
HDVD_29,Heavy Duty Trucks_Diesel_Rigid 20 - 26 t_Conventional,,,-0.06,0,12,86,-2.29E-05,-0.000548213,0.513240836,-4.633665473,0.000122938,0.007056215,-0.074789918,0,1,1,1 
HDVD_29,Heavy Duty Trucks_Diesel_Rigid 20 - 26 t_Conventional,,,-0.06,0.5,12,86,7.56E-05,-0.025357797,2.785099268,-0.135286743,0.000408187,0.040367013,0.068900637,0,1,1,1 
HDVD_29,Heavy Duty Trucks_Diesel_Rigid 20 - 26 t_Conventional,,,-0.06,1,12,86,4.77E-05,-0.016657382,4.110167339,2.488853413,0.001697832,0.035222654,0.360951134,0,1,1,1 
HDVD_29,Heavy Duty Trucks_Diesel_Rigid 20 - 26 t_Conventional,,,-0.04,0,12,86,9.22E-06,-0.003513521,0.40814864,3.448245107,2.97E-05,0.00604861,0.056521242,0,1,1,1 
HDVD_29,Heavy Duty Trucks_Diesel_Rigid 20 - 26 t_Conventional,,,-0.04,0.5,12,86,1.72E-05,-0.005452251,0.508255727,3.333306014,3.44E-05,0.006433132,0.071850371,0,1,1,1 
HDVD_29,Heavy Duty Trucks_Diesel_Rigid 20 - 26 t_Conventional,,,-0.04,1,12,86,0.000102927,-0.027328725,2.343965588,3.285835476,0.000215348,0.020835037,0.216278265,0,1,1,1 
HDVD_29,Heavy Duty Trucks_Diesel_Rigid 20 - 26 t_Conventional,,,-0.02,0,12,86,0.000202883,-0.004275997,0.659823344,5.123222414,0.000173016,0.005795896,0.096876254,0,1,1,1 
HDVD_29,Heavy Duty Trucks_Diesel_Rigid 20 - 26 t_Conventional,,,-0.02,0.5,12,86,0.000188828,-0.01053889,1.518882025,5.551391943,0.000190183,0.014195812,0.149866462,0,1,1,1 
HDVD_29,Heavy Duty Trucks_Diesel_Rigid 20 - 26 t_Conventional,,,-0.02,1,12,86,-4.16E-05,0.036525246,2.691086019,-7.754108391,0.000860822,0.025339315,0.02985336,0,1,1,1 
HDVD_29,Heavy Duty Trucks_Diesel_Rigid 20 - 26 t_Conventional,,,0,0,12,86,1.76E-05,0.003182186,0.660682233,5.018650302,-2.24E-05,0.010197062,0.061790608,0,1,1,1 
HDVD_29,Heavy Duty Trucks_Diesel_Rigid 20 - 26 t_Conventional,,,0,0.5,12,86,2.82E-05,0.006639626,1.067042167,6.217195964,-4.23E-05,0.015841516,0.088250351,0,1,1,1 
HDVD_29,Heavy Duty Trucks_Diesel_Rigid 20 - 26 t_Conventional,,,0,1,12,86,0.001992913,-0.068860887,3.727756351,11.32269929,0.000873719,-0.00663218,0.626964855,0,1,1,1 
HDVD_29,Heavy Duty Trucks_Diesel_Rigid 20 - 26 t_Conventional,,,0.02,0,12,86,3.95E-05,0.006621034,1.081784976,7.411043186,-4.58E-05,0.015797614,0.088672583,0,1,1,1 
HDVD_29,Heavy Duty Trucks_Diesel_Rigid 20 - 26 t_Conventional,,,0.02,0.5,12,86,0.00037492,0.110802506,1.540632255,-6.951928891,0.000545732,0.037899284,-0.178153134,0,1,1,1 
HDVD_29,Heavy Duty Trucks_Diesel_Rigid 20 - 26 t_Conventional,,,0.02,1,12,85,0.000863942,0.017879308,-0.716788197,10.51892822,0.000641566,-0.017519044,0.193210551,0,1,1,1 
HDVD_29,Heavy Duty Trucks_Diesel_Rigid 20 - 26 t_Conventional,,,0.04,0,12,86,0.003531372,1.083803981,-2.975834624,-7.613095358,0.007324278,0.143950689,-1.338973154,0,1,1,1 
HDVD_29,Heavy Duty Trucks_Diesel_Rigid 20 - 26 t_Conventional,,,0.04,0.5,12,78,0.001438063,0.452425726,3.331929513,-7.317886165,0.001972175,0.11208165,-0.41537864,0,1,1,1 
HDVD_29,Heavy Duty Trucks_Diesel_Rigid 20 - 26 t_Conventional,,,0.04,1,12,63,0.00091399,-0.0326402,5.889832518,4.711546562,0.000235989,0.016234635,0.613228809,0,1,1,1 
HDVD_29,Heavy Duty Trucks_Diesel_Rigid 20 - 26 t_Conventional,,,0.06,0,12,80,0.002373141,0.838530586,5.997366381,-1.43945213,0.004299343,0.204581384,-0.77049478,0,1,1,1 
HDVD_29,Heavy Duty Trucks_Diesel_Rigid 20 - 26 t_Conventional,,,0.06,0.5,12,61,0.000634661,0.15313868,0.543087177,-14.05371042,0.0006246,0.031809597,-0.289729192,0,1,1,1 
HDVD_29,Heavy Duty Trucks_Diesel_Rigid 20 - 26 t_Conventional,,,0.06,1,12,46,-0.002801273,0.912905728,18.1177261,16.32638527,0.001984978,0.18086346,1.371535664,0,1,1,1 
HDVD_30,Heavy Duty Trucks_Diesel_Rigid 20 - 26 t_Euro I,,,-0.06,0,12,86,1.46E-05,-0.004619148,0.424410038,3.668345865,7.08E-05,0.00929137,0.100355221,0,1,1,1 
HDVD_30,Heavy Duty Trucks_Diesel_Rigid 20 - 26 t_Euro I,,,-0.06,0.5,12,86,3.43E-05,-0.011064149,1.831978937,1.445469734,0.000932533,0.019261244,0.256492932,0,1,1,1 
HDVD_30,Heavy Duty Trucks_Diesel_Rigid 20 - 26 t_Euro I,,,-0.06,1,12,86,3.80E-05,-0.012096246,1.861618102,1.463016104,0.000898783,0.01905737,0.269869433,0,1,1,1 
HDVD_30,Heavy Duty Trucks_Diesel_Rigid 20 - 26 t_Euro I,,,-0.04,0,12,86,1.10E-05,-0.003659318,0.364217802,2.507295191,3.02E-05,0.006430604,0.067470036,0,1,1,1 
HDVD_30,Heavy Duty Trucks_Diesel_Rigid 20 - 26 t_Euro I,,,-0.04,0.5,12,86,1.79E-05,-0.005279816,0.450077617,2.464408725,3.87E-05,0.006653191,0.087068309,0,1,1,1 
HDVD_30,Heavy Duty Trucks_Diesel_Rigid 20 - 26 t_Euro I,,,-0.04,1,12,86,0.000147683,-0.033802028,2.550682301,4.380554267,0.000333664,0.022683897,0.411786255,0,1,1,1 
HDVD_30,Heavy Duty Trucks_Diesel_Rigid 20 - 26 t_Euro I,,,-0.02,0,12,86,0.000230168,-0.006014146,0.671732712,4.937118116,0.000244283,0.005837822,0.146399579,0,1,1,1 
HDVD_30,Heavy Duty Trucks_Diesel_Rigid 20 - 26 t_Euro I,,,-0.02,0.5,12,86,0.000208304,-0.012593917,1.186500431,4.20410094,0.000240918,0.009151466,0.205802246,0,1,1,1 
HDVD_30,Heavy Duty Trucks_Diesel_Rigid 20 - 26 t_Euro I,,,-0.02,1,12,86,0.000111287,0.010086341,-0.396454138,10.11878667,0.000494914,-0.018193702,0.290250374,0,1,1,1 
HDVD_30,Heavy Duty Trucks_Diesel_Rigid 20 - 26 t_Euro I,,,0,0,12,86,1.67E-05,0.004118746,0.754733329,5.007139106,-3.48E-05,0.014725027,0.090957712,0,1,1,1 
HDVD_30,Heavy Duty Trucks_Diesel_Rigid 20 - 26 t_Euro I,,,0,0.5,12,86,1.44E-05,0.004408764,0.617943757,5.101277968,-3.12E-05,0.010958533,0.107020711,0,1,1,1 
HDVD_30,Heavy Duty Trucks_Diesel_Rigid 20 - 26 t_Euro I,,,0,1,12,86,0.001944267,-0.086047861,2.845438813,8.015800705,0.00097563,-0.026986501,0.774427655,0,1,1,1 
HDVD_30,Heavy Duty Trucks_Diesel_Rigid 20 - 26 t_Euro I,,,0.02,0,12,86,4.25E-05,0.007957739,1.293474029,8.5174883,-6.83E-05,0.024301128,0.138819121,0,1,1,1 
HDVD_30,Heavy Duty Trucks_Diesel_Rigid 20 - 26 t_Euro I,,,0.02,0.5,12,86,0.003048752,-0.075956313,3.158427991,14.49381189,0.001341691,-0.017589191,0.792186901,0,1,1,1 
HDVD_30,Heavy Duty Trucks_Diesel_Rigid 20 - 26 t_Euro I,,,0.02,1,12,85,0.004368106,-0.224280738,5.709045692,14.11404497,0.001587798,-0.065510377,1.467681198,0,1,1,1 
HDVD_30,Heavy Duty Trucks_Diesel_Rigid 20 - 26 t_Euro I,,,0.04,0,12,86,0.000315224,0.026531505,3.270325854,12.86247209,-0.000275705,0.064546291,0.172392389,0,1,1,1 
HDVD_30,Heavy Duty Trucks_Diesel_Rigid 20 - 26 t_Euro I,,,0.04,0.5,12,79,0.000212927,0.100242791,3.606703266,12.09889164,0.000274946,0.039680754,0.553049184,0,1,1,1 
HDVD_30,Heavy Duty Trucks_Diesel_Rigid 20 - 26 t_Euro I,,,0.04,1,12,64,0.000959345,-0.140004632,14.37078429,5.176373621,0.000180182,0.010932825,1.942704442,0,1,1,1 
HDVD_30,Heavy Duty Trucks_Diesel_Rigid 20 - 26 t_Euro I,,,0.06,0,12,83,-0.002012083,0.204539985,1.673029748,7.522578232,-0.000949719,0.106977401,-0.321706938,0,1,1,1 
HDVD_30,Heavy Duty Trucks_Diesel_Rigid 20 - 26 t_Euro I,,,0.06,0.5,12,62,-0.003683875,0.623661596,8.911782941,1.762566166,0.000769707,0.123583795,1.039070359,0,1,1,1 
HDVD_30,Heavy Duty Trucks_Diesel_Rigid 20 - 26 t_Euro I,,,0.06,1,12,46,0.000537676,-0.046828016,0.759197819,20.97797895,0.000202924,-0.018547911,0.468273052,0,1,1,1 
HDVD_31,Heavy Duty Trucks_Diesel_Rigid 20 - 26 t_Euro II,,,-0.06,0,12,86,3.08E-05,-0.011217502,3.200200403,1.340666303,0.002383105,0.056527654,0.566462246,0,1,1,1 
HDVD_31,Heavy Duty Trucks_Diesel_Rigid 20 - 26 t_Euro II,,,-0.06,0.5,12,86,1.64E-06,-0.000962651,1.083614971,-4.392432577,0.001076494,0.00860952,0.099264334,0,1,1,1 
HDVD_31,Heavy Duty Trucks_Diesel_Rigid 20 - 26 t_Euro II,,,-0.06,1,12,86,3.82E-06,-0.00181006,1.253689683,-5.282729253,0.001172394,0.008449692,0.121405132,0,1,1,1 
HDVD_31,Heavy Duty Trucks_Diesel_Rigid 20 - 26 t_Euro II,,,-0.04,0,12,86,4.92E-05,-0.013593835,1.541900107,1.577648369,0.000254444,0.03607493,0.162680584,0,1,1,1 
HDVD_31,Heavy Duty Trucks_Diesel_Rigid 20 - 26 t_Euro II,,,-0.04,0.5,12,86,5.25E-05,-0.012179114,0.981126338,3.125563544,0.000135229,0.01576452,0.263046142,0,1,1,1 
HDVD_31,Heavy Duty Trucks_Diesel_Rigid 20 - 26 t_Euro II,,,-0.04,1,12,86,-3.30E-16,5.82E-14,2.491791014,1.99E-11,0.002181744,-0.010132322,0.84100922,0,1,1,1 
HDVD_31,Heavy Duty Trucks_Diesel_Rigid 20 - 26 t_Euro II,,,-0.02,0,12,86,0.000343666,-0.012849966,0.802659374,5.005849036,0.00049321,0.001648784,0.314674824,0,1,1,1 
HDVD_31,Heavy Duty Trucks_Diesel_Rigid 20 - 26 t_Euro II,,,-0.02,0.5,12,86,0.000167043,-0.005274335,0.062540848,6.02779443,0.000366733,-0.014773953,0.316632355,0,1,1,1 
HDVD_31,Heavy Duty Trucks_Diesel_Rigid 20 - 26 t_Euro II,,,-0.02,1,12,86,0.000116353,-0.000827435,0.140912992,4.467761718,0.00035122,-0.01059061,0.254799703,0,1,1,1 
HDVD_31,Heavy Duty Trucks_Diesel_Rigid 20 - 26 t_Euro II,,,0,0,12,86,7.94E-05,0.013901883,1.840452812,8.021815227,-0.000178632,0.055071019,0.222683623,0,1,1,1 
HDVD_31,Heavy Duty Trucks_Diesel_Rigid 20 - 26 t_Euro II,,,0,0.5,12,86,0.000541671,-0.037765656,1.179093328,4.968662944,0.000241982,-0.010063549,0.466025187,0,1,1,1 
HDVD_31,Heavy Duty Trucks_Diesel_Rigid 20 - 26 t_Euro II,,,0,1,12,86,0.000988541,-0.084849775,3.538628731,3.491412549,0.000199349,-0.003374296,0.846808025,0,1,1,1 
HDVD_31,Heavy Duty Trucks_Diesel_Rigid 20 - 26 t_Euro II,,,0.02,0,12,86,6.99E-05,0.011408058,1.110617958,9.256107755,-9.42E-05,0.024519441,0.308211789,0,1,1,1 
HDVD_31,Heavy Duty Trucks_Diesel_Rigid 20 - 26 t_Euro II,,,0.02,0.5,12,86,0.001852938,-0.067024127,0.418211089,17.10815699,0.001107869,-0.051052583,0.801996662,0,1,1,1 
HDVD_31,Heavy Duty Trucks_Diesel_Rigid 20 - 26 t_Euro II,,,0.02,1,12,86,0.002185043,0.118415685,-1.811328216,12.00989154,0.002178659,-0.025965503,0.214154355,0,1,1,1 
HDVD_31,Heavy Duty Trucks_Diesel_Rigid 20 - 26 t_Euro II,,,0.04,0,12,86,0.026398192,0.268360471,-5.858810476,-0.179968466,0.018749031,-0.200389547,0.020792643,0,1,1,1 
HDVD_31,Heavy Duty Trucks_Diesel_Rigid 20 - 26 t_Euro II,,,0.04,0.5,12,82,0.000166824,-0.061882374,6.407144157,5.849619841,-0.000125443,0.014681918,1.284957245,0,1,1,1 
HDVD_31,Heavy Duty Trucks_Diesel_Rigid 20 - 26 t_Euro II,,,0.04,1,12,68,0.002575087,-0.273482506,16.12503078,4.854542025,0.001027927,-0.034051491,3.074136107,0,1,1,1 
HDVD_31,Heavy Duty Trucks_Diesel_Rigid 20 - 26 t_Euro II,,,0.06,0,12,86,-0.001526574,0.350765995,12.92119042,9.997168628,0.000752156,0.161843466,2.352949444,0,1,1,1 
HDVD_31,Heavy Duty Trucks_Diesel_Rigid 20 - 26 t_Euro II,,,0.06,0.5,12,65,0.000309439,-0.074867404,6.547226784,3.781552685,-3.42E-05,0.010162953,1.14984929,0,1,1,1 
HDVD_31,Heavy Duty Trucks_Diesel_Rigid 20 - 26 t_Euro II,,,0.06,1,12,51,0.001875449,-0.222339508,8.418693685,-0.77359577,9.94E-05,-0.014087153,1.240866897,0,1,1,1 
HDVD_32,Heavy Duty Trucks_Diesel_Rigid 20 - 26 t_Euro III,,,-0.06,0,12,86,2.00E-05,-0.006695494,0.675246126,4.288283849,3.95E-05,0.011677438,0.127657723,0,1,1,1 
HDVD_32,Heavy Duty Trucks_Diesel_Rigid 20 - 26 t_Euro III,,,-0.06,0.5,12,86,4.65E-05,-0.010874084,1.021936806,3.058894634,0.000103147,0.015116165,0.1540169,0,1,1,1 
HDVD_32,Heavy Duty Trucks_Diesel_Rigid 20 - 26 t_Euro III,,,-0.06,1,12,86,2.68E-05,-0.010328573,3.147225184,0.73533322,0.001109204,0.034201385,0.386233793,0,1,1,1 
HDVD_32,Heavy Duty Trucks_Diesel_Rigid 20 - 26 t_Euro III,,,-0.04,0,12,86,1.31E-05,-0.004765412,0.540763592,3.540596981,9.43E-06,0.00857205,0.089509416,0,1,1,1 
HDVD_32,Heavy Duty Trucks_Diesel_Rigid 20 - 26 t_Euro III,,,-0.04,0.5,12,86,2.60E-05,-0.008071085,0.740702392,3.64673799,2.16E-05,0.009587149,0.133661836,0,1,1,1 
HDVD_32,Heavy Duty Trucks_Diesel_Rigid 20 - 26 t_Euro III,,,-0.04,1,12,86,0.00018149,-0.03283135,2.464245588,5.373760671,0.000271268,0.017091243,0.437230613,0,1,1,1 
HDVD_32,Heavy Duty Trucks_Diesel_Rigid 20 - 26 t_Euro III,,,-0.02,0,12,86,0.00032612,-0.008441946,0.959351504,5.119690547,0.000277048,0.006393976,0.181144599,0,1,1,1 
HDVD_32,Heavy Duty Trucks_Diesel_Rigid 20 - 26 t_Euro III,,,-0.02,0.5,12,86,0.000326907,-0.016537491,1.497446947,4.903041791,0.000304546,0.008336408,0.26223941,0,1,1,1 
HDVD_32,Heavy Duty Trucks_Diesel_Rigid 20 - 26 t_Euro III,,,-0.02,1,12,86,0.000181125,0.002619287,-0.129671926,9.203775014,0.000430979,-0.01548307,0.285661095,0,1,1,1 
HDVD_32,Heavy Duty Trucks_Diesel_Rigid 20 - 26 t_Euro III,,,0,0,12,86,0.000358162,-0.008165616,1.298619858,4.887663415,0.000264862,0.009358271,0.20757491,0,1,1,1 
HDVD_32,Heavy Duty Trucks_Diesel_Rigid 20 - 26 t_Euro III,,,0,0.5,12,86,0.000739824,-0.023963429,1.425290088,5.007173146,0.000450784,-0.001585165,0.311250198,0,1,1,1 
HDVD_32,Heavy Duty Trucks_Diesel_Rigid 20 - 26 t_Euro III,,,0,1,12,86,0.002166243,-0.10036898,2.813041278,10.45360202,0.001149452,-0.036557237,0.864974175,0,1,1,1 
HDVD_32,Heavy Duty Trucks_Diesel_Rigid 20 - 26 t_Euro III,,,0.02,0,12,86,0.000442212,-0.00457772,1.140893838,4.784359259,0.00028069,0.008084927,0.197243444,0,1,1,1 
HDVD_32,Heavy Duty Trucks_Diesel_Rigid 20 - 26 t_Euro III,,,0.02,0.5,12,86,0.001273204,-0.035333792,2.441951251,6.073827705,0.000638268,-0.001079668,0.489888505,0,1,1,1 
HDVD_32,Heavy Duty Trucks_Diesel_Rigid 20 - 26 t_Euro III,,,0.02,1,12,86,0.002622711,0.007694027,-1.135643215,30.56018429,0.002104003,-0.063542608,0.825603338,0,1,1,1 
HDVD_32,Heavy Duty Trucks_Diesel_Rigid 20 - 26 t_Euro III,,,0.04,0,12,86,0.000185036,0.054214676,1.902465337,3.468070223,0.000233046,0.042161725,0.065874804,0,1,1,1 
HDVD_32,Heavy Duty Trucks_Diesel_Rigid 20 - 26 t_Euro III,,,0.04,0.5,12,83,2.64E-06,-0.007780978,2.230138489,4.689334799,-7.72E-05,0.015466833,0.32843296,0,1,1,1 
HDVD_32,Heavy Duty Trucks_Diesel_Rigid 20 - 26 t_Euro III,,,0.04,1,12,69,0.000667258,-0.066373257,4.768026749,2.099837564,0.000270915,1.90E-05,0.748936791,0,1,1,1 
HDVD_32,Heavy Duty Trucks_Diesel_Rigid 20 - 26 t_Euro III,,,0.06,0,12,86,3.25E-05,0.024003871,1.049922441,4.340721217,0.000130934,0.01497089,0.162418902,0,1,1,1 
HDVD_32,Heavy Duty Trucks_Diesel_Rigid 20 - 26 t_Euro III,,,0.06,0.5,12,67,-0.004268112,0.951520535,-2.607841032,-14.79525152,0.003597861,0.147389802,-0.923670117,0,1,1,1 
HDVD_32,Heavy Duty Trucks_Diesel_Rigid 20 - 26 t_Euro III,,,0.06,1,12,52,0.00134544,-0.177549161,7.755928595,-0.001823127,2.18E-06,-0.00156425,1.040351563,0,1,1,1 
HDVD_33,Heavy Duty Trucks_Diesel_Rigid 20 - 26 t_Euro IV,,,-0.06,0,12,86,1.84E-05,-0.00367596,0.176024129,2.940162032,0.000258437,0.004897532,0.191267843,0,1,1,1 
HDVD_33,Heavy Duty Trucks_Diesel_Rigid 20 - 26 t_Euro IV,,,-0.06,0.5,12,85,-0.000321477,0.001284523,2.209073388,0.666897865,0.008034641,-0.044076495,1.200068003,0,1,1,1 
HDVD_33,Heavy Duty Trucks_Diesel_Rigid 20 - 26 t_Euro IV,,,-0.06,1,12,86,-0.00021982,-0.002032528,1.832555158,1.394185148,0.007446115,-0.06010097,1.266088733,0,1,1,1 
HDVD_33,Heavy Duty Trucks_Diesel_Rigid 20 - 26 t_Euro IV,,,-0.04,0,12,86,-0.000154448,0.008996263,0.609814625,-4.615070727,0.001004406,0.01902205,-0.178889944,0,1,1,1 
HDVD_33,Heavy Duty Trucks_Diesel_Rigid 20 - 26 t_Euro IV,,,-0.04,0.5,12,86,5.26E-05,-0.012202549,0.75448152,5.263238623,0.0004481,0.020927007,0.413761725,0,1,1,1 
HDVD_33,Heavy Duty Trucks_Diesel_Rigid 20 - 26 t_Euro IV,,,-0.04,1,12,86,-0.000460858,0.016143087,2.198329284,-2.276193194,0.003991452,0.042121095,0.438719221,0,1,1,1 
HDVD_33,Heavy Duty Trucks_Diesel_Rigid 20 - 26 t_Euro IV,,,-0.02,0,12,86,0.00011863,-0.001790889,0.291304887,3.940915169,0.000308886,0.008433975,0.168083125,0,1,1,1 
HDVD_33,Heavy Duty Trucks_Diesel_Rigid 20 - 26 t_Euro IV,,,-0.02,0.5,12,86,-0.000196109,0.029359933,1.697363443,-2.529743526,0.001715366,0.065751731,-0.055802448,0,1,1,1 
HDVD_33,Heavy Duty Trucks_Diesel_Rigid 20 - 26 t_Euro IV,,,-0.02,1,12,86,1.09E-05,-0.003703711,0.384891829,2.330791643,1.98E-05,0.012546172,0.142774018,0,1,1,1 
HDVD_33,Heavy Duty Trucks_Diesel_Rigid 20 - 26 t_Euro IV,,,0,0,12,86,6.83E-05,0.029344055,0.923037062,5.06927567,0.000353476,0.050843211,0.066753858,0,1,1,1 
HDVD_33,Heavy Duty Trucks_Diesel_Rigid 20 - 26 t_Euro IV,,,0,0.5,12,86,5.01E-05,0.020590415,0.649168185,2.73799675,0.000233674,0.033501874,0.046188359,0,1,1,1 
HDVD_33,Heavy Duty Trucks_Diesel_Rigid 20 - 26 t_Euro IV,,,0,1,12,86,9.57E-05,0.032925333,1.326859365,2.265286424,0.000352851,0.057098006,0.073781671,0,1,1,1 
HDVD_33,Heavy Duty Trucks_Diesel_Rigid 20 - 26 t_Euro IV,,,0.02,0,12,86,1.80E-05,0.00532441,0.670788824,4.972920974,-6.41E-05,0.021224704,0.198837544,0,1,1,1 
HDVD_33,Heavy Duty Trucks_Diesel_Rigid 20 - 26 t_Euro IV,,,0.02,0.5,12,86,0.000204243,0.05906804,0.933747584,4.698069072,0.000408155,0.055034269,0.037149054,0,1,1,1 
HDVD_33,Heavy Duty Trucks_Diesel_Rigid 20 - 26 t_Euro IV,,,0.02,1,12,86,0.000527196,0.141416876,1.2769527,-7.348970245,0.001163218,0.093733348,-0.440708039,0,1,1,1 
HDVD_33,Heavy Duty Trucks_Diesel_Rigid 20 - 26 t_Euro IV,,,0.04,0,12,86,0.000287425,0.08440415,1.343757385,8.875702146,0.000489517,0.07763891,0.091064916,0,1,1,1 
HDVD_33,Heavy Duty Trucks_Diesel_Rigid 20 - 26 t_Euro IV,,,0.04,0.5,12,85,0.002864604,0.612466907,0.571031136,5.049304298,0.005029191,0.279266024,-1.277783213,0,1,1,1 
HDVD_33,Heavy Duty Trucks_Diesel_Rigid 20 - 26 t_Euro IV,,,0.04,1,12,71,7.88E-05,-0.009759555,0.198219326,7.50499552,6.13E-05,-0.008591836,0.306835018,0,1,1,1 
HDVD_33,Heavy Duty Trucks_Diesel_Rigid 20 - 26 t_Euro IV,,,0.06,0,12,86,0.001944829,0.381326613,-0.688454093,4.477423324,0.003591816,0.155734205,-0.923148857,0,1,1,1 
HDVD_33,Heavy Duty Trucks_Diesel_Rigid 20 - 26 t_Euro IV,,,0.06,0.5,12,69,0.002633598,0.371115858,-0.329512074,11.48375715,0.002468803,0.143723431,-0.494027508,0,1,1,1 
HDVD_33,Heavy Duty Trucks_Diesel_Rigid 20 - 26 t_Euro IV,,,0.06,1,12,52,0.008794273,-0.38692062,9.712216798,24.33474125,0.002231244,-0.083618841,2.915602609,0,1,1,1 
HDVD_33,Heavy Duty Trucks_Diesel_Rigid 20 - 26 t_Euro IV,,,-0.06,0,12,86,1.84E-05,-0.00367596,0.176024129,2.940162032,0.000258437,0.004897532,0.191267843,0,1,1,1 
HDVD_33,Heavy Duty Trucks_Diesel_Rigid 20 - 26 t_Euro IV,,,-0.06,0.5,12,85,-0.000321477,0.001284523,2.209073388,0.666897865,0.008034641,-0.044076495,1.200068003,0,1,1,1 
HDVD_33,Heavy Duty Trucks_Diesel_Rigid 20 - 26 t_Euro IV,,,-0.06,1,12,86,-0.00021982,-0.002032528,1.832555158,1.394185148,0.007446115,-0.06010097,1.266088733,0,1,1,1 
HDVD_33,Heavy Duty Trucks_Diesel_Rigid 20 - 26 t_Euro IV,,,-0.04,0,12,86,-0.000154448,0.008996263,0.609814625,-4.615070727,0.001004406,0.01902205,-0.178889944,0,1,1,1 
HDVD_33,Heavy Duty Trucks_Diesel_Rigid 20 - 26 t_Euro IV,,,-0.04,1,12,86,-0.000460858,0.016143087,2.198329284,-2.276193194,0.003991452,0.042121095,0.438719221,0,1,1,1 
HDVD_33,Heavy Duty Trucks_Diesel_Rigid 20 - 26 t_Euro IV,,,-0.02,0,12,86,0.00011863,-0.001790889,0.291304887,3.940915169,0.000308886,0.008433975,0.168083125,0,1,1,1 
HDVD_33,Heavy Duty Trucks_Diesel_Rigid 20 - 26 t_Euro IV,,,-0.02,1,12,86,1.09E-05,-0.003703711,0.384891829,2.330791643,1.98E-05,0.012546172,0.142774018,0,1,1,1 
HDVD_33,Heavy Duty Trucks_Diesel_Rigid 20 - 26 t_Euro IV,,,0,0,12,86,6.83E-05,0.029344055,0.923037062,5.06927567,0.000353476,0.050843211,0.066753858,0,1,1,1 
HDVD_33,Heavy Duty Trucks_Diesel_Rigid 20 - 26 t_Euro IV,,,0,1,12,86,9.57E-05,0.032925333,1.326859365,2.265286424,0.000352851,0.057098006,0.073781671,0,1,1,1 
HDVD_33,Heavy Duty Trucks_Diesel_Rigid 20 - 26 t_Euro IV,,,0.02,0,12,86,1.80E-05,0.00532441,0.670788824,4.972920974,-6.41E-05,0.021224704,0.198837544,0,1,1,1 
HDVD_33,Heavy Duty Trucks_Diesel_Rigid 20 - 26 t_Euro IV,,,0.02,1,12,86,0.000527196,0.141416876,1.2769527,-7.348970245,0.001163218,0.093733348,-0.440708039,0,1,1,1 
HDVD_33,Heavy Duty Trucks_Diesel_Rigid 20 - 26 t_Euro IV,,,0.04,0,12,86,0.000287425,0.08440415,1.343757385,8.875702146,0.000489517,0.07763891,0.091064916,0,1,1,1 
HDVD_33,Heavy Duty Trucks_Diesel_Rigid 20 - 26 t_Euro IV,,,0.04,1,12,71,7.88E-05,-0.009759555,0.198219326,7.50499552,6.13E-05,-0.008591836,0.306835018,0,1,1,1 
HDVD_33,Heavy Duty Trucks_Diesel_Rigid 20 - 26 t_Euro IV,,,0.06,0,12,86,0.001944829,0.381326613,-0.688454093,4.477423324,0.003591816,0.155734205,-0.923148857,0,1,1,1 
HDVD_33,Heavy Duty Trucks_Diesel_Rigid 20 - 26 t_Euro IV,,,0.06,0.5,12,69,0.002633598,0.371115858,-0.329512074,11.48375715,0.002468803,0.143723431,-0.494027508,0,1,1,1 
HDVD_33,Heavy Duty Trucks_Diesel_Rigid 20 - 26 t_Euro IV,,,0.06,1,12,52,0.008794273,-0.38692062,9.712216798,24.33474125,0.002231244,-0.083618841,2.915602609,0,1,1,1 
HDVD_34,Heavy Duty Trucks_Diesel_Rigid 20 - 26 t_Euro V,SCR,,-0.06,0,5,65,-0.001857879,0.1378692,-0.937818529,1.744526239,0.004763147,-0.036251977,0.071898354,0,1,1,1 
HDVD_34,Heavy Duty Trucks_Diesel_Rigid 20 - 26 t_Euro V,SCR,,-0.06,0.5,5,60,-0.008327207,0.545286378,-2.16585837,0.974260367,0.017403517,-0.066475743,4.87E-14,0,1,1,1 
HDVD_34,Heavy Duty Trucks_Diesel_Rigid 20 - 26 t_Euro V,SCR,,-0.06,1,5,65,-0.002000075,0.144398616,-0.959057159,1.779454293,0.005136265,-0.03896504,0.078757833,0,1,1,1 
HDVD_34,Heavy Duty Trucks_Diesel_Rigid 20 - 26 t_Euro V,SCR,,-0.04,0,5,85,-0.003614767,0.339145278,-1.956192062,1.728919025,0.010969815,-0.071491008,0.082367675,0,1,1,1 
HDVD_34,Heavy Duty Trucks_Diesel_Rigid 20 - 26 t_Euro V,SCR,,-0.04,0.5,5,85,-0.002576801,0.23621921,-1.339971266,1.095434014,0.007670215,-0.049909575,0.057098822,0,1,1,1 
HDVD_34,Heavy Duty Trucks_Diesel_Rigid 20 - 26 t_Euro V,SCR,,-0.04,1,5,85,-0.002315539,0.215333515,-1.351798631,2.448737457,0.006768749,-0.048027905,0.096218897,0,1,1,1 
HDVD_34,Heavy Duty Trucks_Diesel_Rigid 20 - 26 t_Euro V,SCR,,-0.02,0,5,85,0.000302261,0.068741545,-0.364036948,2.417098501,0.002815224,-0.019958112,0.099918013,0,1,1,1 
HDVD_34,Heavy Duty Trucks_Diesel_Rigid 20 - 26 t_Euro V,SCR,,-0.02,0.5,5,85,-0.001542939,0.468294392,-2.78981523,4.681308793,0.013242235,-0.082071858,0.144771334,0,1,1,1 
HDVD_34,Heavy Duty Trucks_Diesel_Rigid 20 - 26 t_Euro V,SCR,,-0.02,1,5,85,-0.004721116,0.786905993,-2.234394984,-2.052238986,0.016954926,-0.016897843,-0.170256803,0,1,1,1 
HDVD_34,Heavy Duty Trucks_Diesel_Rigid 20 - 26 t_Euro V,SCR,,0,0,5,85,0.005426727,0.242146793,-1.759124638,3.499884507,0.008760285,-0.059280127,0.115597065,0,1,1,1 
HDVD_34,Heavy Duty Trucks_Diesel_Rigid 20 - 26 t_Euro V,SCR,,0,0.5,5,85,0.010908235,0.396024112,-2.476857207,4.057097967,0.013206803,-0.075905425,0.123229748,0,1,1,1 
HDVD_34,Heavy Duty Trucks_Diesel_Rigid 20 - 26 t_Euro V,SCR,,0,1,5,85,0.020958651,0.908969345,-3.697665004,3.868690043,0.023614967,-0.082486411,0.078372596,0,1,1,1 
HDVD_34,Heavy Duty Trucks_Diesel_Rigid 20 - 26 t_Euro V,SCR,,0.02,0,5,85,0.004326758,0.082316344,8.820380127,-0.252661112,0.00072243,0.195217901,0.14338622,0,1,1,1 
HDVD_34,Heavy Duty Trucks_Diesel_Rigid 20 - 26 t_Euro V,SCR,,0.02,0.5,5,85,0.005000197,0.117943404,4.372243308,3.024614673,0.00149159,0.085081219,0.176606097,0,1,1,1 
HDVD_34,Heavy Duty Trucks_Diesel_Rigid 20 - 26 t_Euro V,SCR,,0.02,1,5,85,0.073073753,0.933975401,-5.642196661,2.07722493,0.031538101,-0.131396076,5.00E-14,0,1,1,1 
HDVD_34,Heavy Duty Trucks_Diesel_Rigid 20 - 26 t_Euro V,SCR,,0.04,0,5,85,0.000116678,-0.017279675,0.502926064,14.28456623,6.72E-05,-0.010637267,0.43534914,0,1,1,1 
HDVD_34,Heavy Duty Trucks_Diesel_Rigid 20 - 26 t_Euro V,SCR,,0.04,0.5,5,85,0.000175359,-0.026879723,0.970310676,12.74504119,6.32E-05,-0.009345032,0.394726328,0,1,1,1 
HDVD_34,Heavy Duty Trucks_Diesel_Rigid 20 - 26 t_Euro V,SCR,,0.04,1,5,70,-0.005962735,0.493035211,4.433453029,-1.079302876,-0.000682252,0.122426742,2.30E-11,0,1,1,1 
HDVD_34,Heavy Duty Trucks_Diesel_Rigid 20 - 26 t_Euro V,SCR,,0.06,0,5,85,8.36E-05,-0.012907754,0.477333299,7.965478116,4.24E-05,-0.006041456,0.246123587,0,1,1,1 
HDVD_34,Heavy Duty Trucks_Diesel_Rigid 20 - 26 t_Euro V,SCR,,0.06,0.5,5,70,0.000151627,-0.021557593,0.800067999,6.851774951,3.82E-05,-0.004719686,0.213000974,0,1,1,1 
HDVD_34,Heavy Duty Trucks_Diesel_Rigid 20 - 26 t_Euro V,SCR,,0.06,1,5,50,0.000556381,-0.042450359,1.037327811,9.231983439,0.000120919,-0.007993633,0.255618057,0,1,1,1 
HDVD_34,Heavy Duty Trucks_Diesel_Rigid 20 - 26 t_Euro V,EGR,,-0.06,0,5,80,-0.002857814,0.251734196,-1.222835805,2.000575146,0.019157215,-0.108180909,0.223098044,0,1,1,1 
HDVD_34,Heavy Duty Trucks_Diesel_Rigid 20 - 26 t_Euro V,EGR,,-0.06,0.5,5,75,-0.00268747,0.240939665,-1.225063052,2.025798593,0.02045303,-0.123630747,0.253815162,0,1,1,1 
HDVD_34,Heavy Duty Trucks_Diesel_Rigid 20 - 26 t_Euro V,EGR,,-0.06,1,5,75,-0.007155687,0.583033564,-2.685479369,2.275896161,0.043656858,-0.16978294,4.36E-13,0,1,1,1 
HDVD_34,Heavy Duty Trucks_Diesel_Rigid 20 - 26 t_Euro V,EGR,,-0.04,0,5,80,-0.004319949,0.431547221,-1.725572211,2.462350063,0.026105055,-0.106209509,0.203281413,0,1,1,1 
HDVD_34,Heavy Duty Trucks_Diesel_Rigid 20 - 26 t_Euro V,EGR,,-0.04,0.5,5,85,-0.004906328,0.481735296,-2.076298879,3.052272267,0.030725028,-0.141827105,0.276897153,0,1,1,1 
HDVD_34,Heavy Duty Trucks_Diesel_Rigid 20 - 26 t_Euro V,EGR,,-0.04,1,5,85,-0.004465086,0.430955341,-2.021764374,1.831298024,0.026392715,-0.100458237,1.48E-12,0,1,1,1 
HDVD_34,Heavy Duty Trucks_Diesel_Rigid 20 - 26 t_Euro V,EGR,,-0.02,0,5,80,-0.000477995,0.429530313,-1.800638213,2.376219845,0.025741162,-0.105469405,0.15823753,0,1,1,1 
HDVD_34,Heavy Duty Trucks_Diesel_Rigid 20 - 26 t_Euro V,EGR,,-0.02,0.5,5,85,-0.004951307,0.633857729,-2.622529689,-0.192342551,0.026577849,-0.026482722,-0.391529664,0,1,1,1 
HDVD_34,Heavy Duty Trucks_Diesel_Rigid 20 - 26 t_Euro V,EGR,,-0.02,1,5,80,-0.003826437,0.570715305,-2.211831881,2.761469717,0.02898727,-0.099110317,0.152222062,0,1,1,1 
HDVD_34,Heavy Duty Trucks_Diesel_Rigid 20 - 26 t_Euro V,EGR,,0,0,5,85,0.005807661,0.668515667,-2.496965666,2.449930732,0.035863021,-0.110282405,0.092286305,0,1,1,1 
HDVD_34,Heavy Duty Trucks_Diesel_Rigid 20 - 26 t_Euro V,EGR,,0,0.5,5,85,0.004994809,0.597312724,-2.314808599,2.302366134,0.031010785,-0.10016825,0.084182804,0,1,1,1 
HDVD_34,Heavy Duty Trucks_Diesel_Rigid 20 - 26 t_Euro V,EGR,,0,1,5,85,0.003220346,0.425977562,-2.373148144,1.948596675,0.021108335,-0.092591399,-1.07E-11,0,1,1,1 
HDVD_34,Heavy Duty Trucks_Diesel_Rigid 20 - 26 t_Euro V,EGR,,0.02,0,5,85,0.00974777,0.785963571,-2.809630983,2.382082992,0.03809656,-0.102693699,0.050569791,0,1,1,1 
HDVD_34,Heavy Duty Trucks_Diesel_Rigid 20 - 26 t_Euro V,EGR,,0.02,0.5,5,80,0.003034225,0.237112119,-2.137063135,1.874089043,0.011157575,-0.081753131,0.002885963,0,1,1,1 
HDVD_34,Heavy Duty Trucks_Diesel_Rigid 20 - 26 t_Euro V,EGR,,0.02,1,5,85,-0.000339035,0.003971305,2.591448752,-2.56014935,-0.001098106,0.105501896,-8.19E-12,0,1,1,1 
HDVD_34,Heavy Duty Trucks_Diesel_Rigid 20 - 26 t_Euro V,EGR,,0.04,0,5,85,-0.000349174,0.007253947,2.104138306,-1.941315858,-0.000992493,0.088421926,0.014117012,0,1,1,1 
HDVD_34,Heavy Duty Trucks_Diesel_Rigid 20 - 26 t_Euro V,EGR,,0.04,0.5,5,85,-0.000594237,0.031767428,2.919919089,-2.854778483,-0.000894092,0.118112048,-5.11E-12,0,1,1,1 
HDVD_34,Heavy Duty Trucks_Diesel_Rigid 20 - 26 t_Euro V,EGR,,0.04,1,5,70,-0.00036916,0.025544093,1.963955199,-1.892185199,-0.000219016,0.073007562,-3.25E-13,0,1,1,1 
HDVD_34,Heavy Duty Trucks_Diesel_Rigid 20 - 26 t_Euro V,EGR,,0.06,0,5,85,-0.000652423,0.033950948,3.031118346,-2.6829004,-0.001033095,0.122710096,0.027821482,0,1,1,1 
HDVD_34,Heavy Duty Trucks_Diesel_Rigid 20 - 26 t_Euro V,EGR,,0.06,0.5,5,70,-0.000628128,0.049908288,2.345495854,-2.11185093,-3.57E-05,0.087815871,0.010682504,0,1,1,1 
HDVD_34,Heavy Duty Trucks_Diesel_Rigid 20 - 26 t_Euro V,EGR,,0.06,1,5,50,0.003444638,0.755145199,-2.657169624,1.732997567,0.024305841,-0.063270588,-1.21E-12,0,1,1,1 
HDVD_35,Heavy Duty Trucks_Diesel_Rigid 20 - 26 t_Euro VI,,,-0.06,0,5,85,-0.004685985,0.426934022,-2.16730935,3.282979375,0.162450322,-0.976807183,1.808259441,0,1,1,1 
HDVD_35,Heavy Duty Trucks_Diesel_Rigid 20 - 26 t_Euro VI,,,-0.06,0.5,5,70,-0.003303114,0.251430516,-1.363253654,1.459166627,0.078102469,-0.340518118,6.64E-13,0,1,1,1 
HDVD_35,Heavy Duty Trucks_Diesel_Rigid 20 - 26 t_Euro VI,,,-0.06,1,5,65,-0.002948792,0.223052317,-1.22065136,1.336118747,0.072865196,-0.318563532,3.93E-12,0,1,1,1 
HDVD_35,Heavy Duty Trucks_Diesel_Rigid 20 - 26 t_Euro VI,,,-0.04,0,5,85,-0.004645583,0.47743581,-1.772420078,2.040855849,0.127110217,-0.434818452,0.623344364,0,1,1,1 
HDVD_35,Heavy Duty Trucks_Diesel_Rigid 20 - 26 t_Euro VI,,,-0.04,0.5,5,85,-0.002427304,0.243519917,-1.331669819,1.401495561,0.065213429,-0.283865239,2.42E-14,0,1,1,1 
HDVD_35,Heavy Duty Trucks_Diesel_Rigid 20 - 26 t_Euro VI,,,-0.04,1,5,75,-0.004141967,0.345984781,-1.736700507,1.4020156,0.076994433,-0.170503169,-0.70974344,0,1,1,1 
HDVD_35,Heavy Duty Trucks_Diesel_Rigid 20 - 26 t_Euro VI,,,-0.02,0,5,85,0.000539647,0.25470674,-1.37184685,1.11752337,0.067370713,-0.293293782,5.33E-14,0,1,1,1 
HDVD_35,Heavy Duty Trucks_Diesel_Rigid 20 - 26 t_Euro VI,,,-0.02,0.5,5,85,-0.005303376,0.709982039,-2.350906986,-2.689995931,0.12004105,0.241965818,-3.32286792,0,1,1,1 
HDVD_35,Heavy Duty Trucks_Diesel_Rigid 20 - 26 t_Euro VI,,,-0.02,1,5,85,-0.004863538,0.545797984,-1.663979045,-2.531727518,0.087948131,0.30374499,-2.961532267,0,1,1,1 
HDVD_35,Heavy Duty Trucks_Diesel_Rigid 20 - 26 t_Euro VI,,,0,0,5,85,0.005398927,0.354207952,-2.028925389,1.648335182,0.089018525,-0.389763511,-1.71E-13,0,1,1,1 
HDVD_35,Heavy Duty Trucks_Diesel_Rigid 20 - 26 t_Euro VI,,,0,0.5,5,85,0.005993519,0.444996618,-2.502808742,1.949295689,0.109498922,-0.478697008,2.47E-13,0,1,1,1 
HDVD_35,Heavy Duty Trucks_Diesel_Rigid 20 - 26 t_Euro VI,,,0,1,5,85,-0.000178902,-0.007951503,2.10690997,-1.159569504,-0.004893512,0.42489052,0.348169709,0,1,1,1 
HDVD_35,Heavy Duty Trucks_Diesel_Rigid 20 - 26 t_Euro VI,,,0.02,0,5,85,-0.000854537,0.066756533,4.135478006,-2.401779088,-0.005022742,0.863304587,0.539758129,0,1,1,1 
HDVD_35,Heavy Duty Trucks_Diesel_Rigid 20 - 26 t_Euro VI,,,0.02,0.5,5,85,-0.000579629,0.046816801,2.559318045,-1.28248574,-0.001684847,0.529607909,0.258719764,0,1,1,1 
HDVD_35,Heavy Duty Trucks_Diesel_Rigid 20 - 26 t_Euro VI,,,0.02,1,5,85,-0.000503162,0.100613519,3.125701229,-2.353154544,0.006435209,0.651091692,-2.02E-12,0,1,1,1 
HDVD_35,Heavy Duty Trucks_Diesel_Rigid 20 - 26 t_Euro VI,,,0.04,0,5,85,-0.001037949,0.104098707,2.529306673,-2.03963788,0.00172756,0.559684458,0.018401001,0,1,1,1 
HDVD_35,Heavy Duty Trucks_Diesel_Rigid 20 - 26 t_Euro VI,,,0.04,0.5,5,85,1.30E-05,-0.022127607,1.962079704,0.148675024,-0.002920108,0.25977131,0.658149673,0,1,1,1 
HDVD_35,Heavy Duty Trucks_Diesel_Rigid 20 - 26 t_Euro VI,,,0.04,1,5,75,-5.82E-06,-0.02016235,2.21439633,-0.894253143,-0.003594195,0.326523896,0.26519718,0,1,1,1 
HDVD_35,Heavy Duty Trucks_Diesel_Rigid 20 - 26 t_Euro VI,,,0.06,0,5,85,-0.00109441,0.228199498,2.092593528,-1.299187526,0.020707706,0.4580469,0.172220844,0,1,1,1 
HDVD_35,Heavy Duty Trucks_Diesel_Rigid 20 - 26 t_Euro VI,,,0.06,0.5,5,70,0.000106345,-0.025584834,2.328384495,-0.611004902,-0.003043531,0.310073456,0.422711548,0,1,1,1 
HDVD_35,Heavy Duty Trucks_Diesel_Rigid 20 - 26 t_Euro VI,,,0.06,1,5,55,-1.43E-05,-0.028493499,2.363472081,2.137480794,-0.004559745,0.309415178,0.811864687,0,1,1,1 
HDVD_36,Heavy Duty Trucks_Diesel_Rigid 26 - 28 t_Conventional,,,-0.06,0,12,86,-9.88E-05,0.009184558,0.522472518,-3.165826294,0.000302367,0.008428983,-0.055311647,0,1,1,1 
HDVD_36,Heavy Duty Trucks_Diesel_Rigid 26 - 28 t_Conventional,,,-0.06,0.5,12,86,1.14E-05,-0.003756376,0.365270903,2.556194079,3.20E-05,0.00610588,0.064552764,0,1,1,1 
HDVD_36,Heavy Duty Trucks_Diesel_Rigid 26 - 28 t_Conventional,,,-0.06,1,12,86,0.000115142,-0.024182013,2.148115047,3.683325827,0.000307741,0.026232625,0.231331584,0,1,1,1 
HDVD_36,Heavy Duty Trucks_Diesel_Rigid 26 - 28 t_Conventional,,,-0.04,0,12,86,-0.000413924,0.039083862,2.686625076,-2.922002267,0.000954845,0.040480024,-0.017239222,0,1,1,1 
HDVD_36,Heavy Duty Trucks_Diesel_Rigid 26 - 28 t_Conventional,,,-0.04,0.5,12,86,1.98E-05,-0.006042315,0.540630641,2.827947127,2.44E-05,0.006170716,0.081532671,0,1,1,1 
HDVD_36,Heavy Duty Trucks_Diesel_Rigid 26 - 28 t_Conventional,,,-0.04,1,12,86,4.06E-05,-0.011329214,0.900879048,3.532151603,4.87E-05,0.007953161,0.135107789,0,1,1,1 
HDVD_36,Heavy Duty Trucks_Diesel_Rigid 26 - 28 t_Conventional,,,-0.02,0,12,86,0.000340157,-0.001074949,1.601009547,6.580069743,0.000289163,0.019133698,0.131477194,0,1,1,1 
HDVD_36,Heavy Duty Trucks_Diesel_Rigid 26 - 28 t_Conventional,,,-0.02,0.5,12,86,9.23E-05,-0.005096071,1.226743443,3.569148347,9.10E-05,0.013505308,0.101541695,0,1,1,1 
HDVD_36,Heavy Duty Trucks_Diesel_Rigid 26 - 28 t_Conventional,,,-0.02,1,12,86,0.000554496,-0.053806802,4.361140754,8.71707012,0.000439002,0.016750599,0.592596135,0,1,1,1 
HDVD_36,Heavy Duty Trucks_Diesel_Rigid 26 - 28 t_Conventional,,,0,0,12,86,0.002915293,1.129388635,0.548801065,4.993832433,0.008993481,0.211069868,-1.41016665,0,1,1,1 
HDVD_36,Heavy Duty Trucks_Diesel_Rigid 26 - 28 t_Conventional,,,0,0.5,12,86,0.000617345,-0.001815103,2.17986125,7.72215541,0.000298367,0.014916606,0.256839894,0,1,1,1 
HDVD_36,Heavy Duty Trucks_Diesel_Rigid 26 - 28 t_Conventional,,,0,1,12,86,0.001514224,-0.058871737,2.823691156,7.161185621,0.000622981,-0.008471646,0.485212266,0,1,1,1 
HDVD_36,Heavy Duty Trucks_Diesel_Rigid 26 - 28 t_Conventional,,,0.02,0,12,86,5.04E-05,0.012088479,1.82639013,8.620750767,-7.04E-05,0.025422158,0.117804336,0,1,1,1 
HDVD_36,Heavy Duty Trucks_Diesel_Rigid 26 - 28 t_Conventional,,,0.02,0.5,12,86,0.000865166,-0.015256053,-0.330299188,15.53761554,0.000517805,-0.021453152,0.321191334,0,1,1,1 
HDVD_36,Heavy Duty Trucks_Diesel_Rigid 26 - 28 t_Conventional,,,0.02,1,12,84,0.000763597,-0.034121349,1.429746152,7.749367833,0.000296951,-0.0085637,0.319262331,0,1,1,1 
HDVD_36,Heavy Duty Trucks_Diesel_Rigid 26 - 28 t_Conventional,,,0.04,0,12,86,0.002871594,1.008948385,5.310666031,-2.78834437,0.005500689,0.239659787,-1.081059654,0,1,1,1 
HDVD_36,Heavy Duty Trucks_Diesel_Rigid 26 - 28 t_Conventional,,,0.04,0.5,12,75,1.82E-05,0.00659882,2.105075417,4.641280484,-2.96E-05,0.015086243,0.187488917,0,1,1,1 
HDVD_36,Heavy Duty Trucks_Diesel_Rigid 26 - 28 t_Conventional,,,0.04,1,12,60,0.000631639,-0.02165646,3.065232914,2.313584144,0.000156475,0.006992492,0.296913337,0,1,1,1 
HDVD_36,Heavy Duty Trucks_Diesel_Rigid 26 - 28 t_Conventional,,,0.06,0,12,81,0.002251161,0.745009524,5.251337111,4.600762015,0.003561207,0.183668002,-0.636210609,0,1,1,1 
HDVD_36,Heavy Duty Trucks_Diesel_Rigid 26 - 28 t_Conventional,,,0.06,0.5,12,58,0.004944578,0.926488809,-2.911067661,-17.90512895,0.004570682,0.107494117,-0.969663762,0,1,1,1 
HDVD_36,Heavy Duty Trucks_Diesel_Rigid 26 - 28 t_Conventional,,,0.06,1,12,45,0.000434766,0.55270026,14.0982728,20.98636645,0.001369723,0.126771385,0.925001561,0,1,1,1 
HDVD_37,Heavy Duty Trucks_Diesel_Rigid 26 - 28 t_Euro I,,,-0.06,0,12,86,-5.18E-05,-0.002876336,1.093832658,-3.572253931,0.000252222,0.025916016,-0.080342531,0,1,1,1 
HDVD_37,Heavy Duty Trucks_Diesel_Rigid 26 - 28 t_Euro I,,,-0.06,0.5,12,86,2.02E-05,-0.005829232,0.478905207,2.956629274,7.29E-05,0.009420926,0.119503588,0,1,1,1 
HDVD_37,Heavy Duty Trucks_Diesel_Rigid 26 - 28 t_Euro I,,,-0.06,1,12,86,6.37E-05,-0.012329505,0.92533295,2.465355656,0.000213144,0.012826805,0.182322336,0,1,1,1 
HDVD_37,Heavy Duty Trucks_Diesel_Rigid 26 - 28 t_Euro I,,,-0.04,0,12,86,2.37E-05,-0.007775403,0.761671002,4.74463133,4.94E-05,0.013248496,0.148483884,0,1,1,1 
HDVD_37,Heavy Duty Trucks_Diesel_Rigid 26 - 28 t_Euro I,,,-0.04,0.5,12,86,2.71E-05,-0.007621981,0.612467386,2.565887751,4.76E-05,0.007914563,0.127872121,0,1,1,1 
HDVD_37,Heavy Duty Trucks_Diesel_Rigid 26 - 28 t_Euro I,,,-0.04,1,12,86,0.00015579,-0.033512616,2.358254704,5.32566828,0.000294545,0.018207616,0.469420759,0,1,1,1 
HDVD_37,Heavy Duty Trucks_Diesel_Rigid 26 - 28 t_Euro I,,,-0.02,0,12,86,0.000283653,-0.002354951,1.155490954,6.372502875,0.000311864,0.017076324,0.174111275,0,1,1,1 
HDVD_37,Heavy Duty Trucks_Diesel_Rigid 26 - 28 t_Euro I,,,-0.02,0.5,12,86,0.000132315,-0.007409787,1.208837115,4.051247111,0.000155962,0.014596212,0.176231257,0,1,1,1 
HDVD_37,Heavy Duty Trucks_Diesel_Rigid 26 - 28 t_Euro I,,,-0.02,1,12,86,9.26E-05,0.012548406,-0.337530195,8.090789584,0.000486522,-0.015784512,0.24585302,0,1,1,1 
HDVD_37,Heavy Duty Trucks_Diesel_Rigid 26 - 28 t_Euro I,,,0,0,12,86,0.001093457,0.342320907,-0.928853491,4.174374309,0.003621579,0.07135201,-0.575747275,0,1,1,1 
HDVD_37,Heavy Duty Trucks_Diesel_Rigid 26 - 28 t_Euro I,,,0,0.5,12,86,0.000606333,-0.007414495,1.584728965,4.858204229,0.000346428,0.008890515,0.285410125,0,1,1,1 
HDVD_37,Heavy Duty Trucks_Diesel_Rigid 26 - 28 t_Euro I,,,0,1,12,86,0.000664649,-0.031949403,0.887015888,7.364157858,0.000322841,-0.012574232,0.358261044,0,1,1,1 
HDVD_37,Heavy Duty Trucks_Diesel_Rigid 26 - 28 t_Euro I,,,0.02,0,12,86,6.67E-05,0.011731937,1.6605757,9.123432945,-9.96E-05,0.031753434,0.157116864,0,1,1,1 
HDVD_37,Heavy Duty Trucks_Diesel_Rigid 26 - 28 t_Euro I,,,0.02,0.5,12,86,0.00451177,-0.132452522,6.004969382,15.44622047,0.001877523,-0.027167133,1.334150722,0,1,1,1 
HDVD_37,Heavy Duty Trucks_Diesel_Rigid 26 - 28 t_Euro I,,,0.02,1,12,85,0.003805572,-0.21563249,6.017539637,12.091024,0.001309289,-0.05801087,1.413342334,0,1,1,1 
HDVD_37,Heavy Duty Trucks_Diesel_Rigid 26 - 28 t_Euro I,,,0.04,0,12,86,0.000254845,0.028730965,2.927862049,-10.6385179,-0.000240294,0.060554468,-0.213228563,0,1,1,1 
HDVD_37,Heavy Duty Trucks_Diesel_Rigid 26 - 28 t_Euro I,,,0.04,0.5,12,77,-0.000523909,0.029679621,1.106687218,-8.91238766,-0.000253518,0.021800888,-0.108903192,0,1,1,1 
HDVD_37,Heavy Duty Trucks_Diesel_Rigid 26 - 28 t_Euro I,,,0.04,1,12,62,-0.003269015,0.559493907,11.02433217,3.922146666,0.000788071,0.113062071,1.130921749,0,1,1,1 
HDVD_37,Heavy Duty Trucks_Diesel_Rigid 26 - 28 t_Euro I,,,0.06,0,12,83,0.001742449,0.307525328,0.667409147,16.86735811,0.001189807,0.095324456,-0.196445048,0,1,1,1 
HDVD_37,Heavy Duty Trucks_Diesel_Rigid 26 - 28 t_Euro I,,,0.06,0.5,12,60,-0.002562788,0.707121494,7.44956969,1.594783735,0.00129467,0.128460382,0.755479141,0,1,1,1 
HDVD_37,Heavy Duty Trucks_Diesel_Rigid 26 - 28 t_Euro I,,,0.06,1,12,46,-0.004164446,0.165622284,4.336123052,-24.38074969,-0.001060162,0.067520971,-0.19188807,0,1,1,1 
HDVD_38,Heavy Duty Trucks_Diesel_Rigid 26 - 28 t_Euro II,,,-0.06,0,12,86,1.60E-05,-0.005426546,0.548484318,3.988992829,9.31E-05,0.018445652,0.187902908,0,1,1,1 
HDVD_38,Heavy Duty Trucks_Diesel_Rigid 26 - 28 t_Euro II,,,-0.06,0.5,12,86,7.88E-05,-0.014344946,1.08964079,3.417576742,0.000319241,0.020974121,0.341608336,0,1,1,1 
HDVD_38,Heavy Duty Trucks_Diesel_Rigid 26 - 28 t_Euro II,,,-0.06,1,12,86,5.73E-05,-0.018276995,2.516769642,1.38464749,0.001352769,0.036616818,0.601363964,0,1,1,1 
HDVD_38,Heavy Duty Trucks_Diesel_Rigid 26 - 28 t_Euro II,,,-0.04,0,12,86,1.21E-05,-0.004064563,0.413824048,2.542126368,2.72E-05,0.010572958,0.118521654,0,1,1,1 
HDVD_38,Heavy Duty Trucks_Diesel_Rigid 26 - 28 t_Euro II,,,-0.04,0.5,12,86,3.55E-05,-0.009807577,0.77140476,2.426497734,6.88E-05,0.011635932,0.230938474,0,1,1,1 
HDVD_38,Heavy Duty Trucks_Diesel_Rigid 26 - 28 t_Euro II,,,-0.04,1,12,86,0.000110646,-0.019981031,1.294700158,1.928146201,0.00025406,0.006585935,0.400507721,0,1,1,1 
HDVD_38,Heavy Duty Trucks_Diesel_Rigid 26 - 28 t_Euro II,,,-0.02,0,12,86,0.000271025,-0.002438954,1.045725369,5.727242899,0.000413774,0.021261702,0.245277079,0,1,1,1 
HDVD_38,Heavy Duty Trucks_Diesel_Rigid 26 - 28 t_Euro II,,,-0.02,0.5,12,86,0.000195552,-0.00689922,0.151492937,6.103935432,0.000397237,-0.015143365,0.345694154,0,1,1,1 
HDVD_38,Heavy Duty Trucks_Diesel_Rigid 26 - 28 t_Euro II,,,-0.02,1,12,86,0.000616329,-0.04728471,1.809696953,4.429041662,0.000723629,-0.024846,0.785665056,0,1,1,1 
HDVD_38,Heavy Duty Trucks_Diesel_Rigid 26 - 28 t_Euro II,,,0,0,12,86,0.000148249,0.026973942,3.357261295,5.689789786,-0.000332028,0.101561697,0.15896384,0,1,1,1 
HDVD_38,Heavy Duty Trucks_Diesel_Rigid 26 - 28 t_Euro II,,,0,0.5,12,86,0.000537541,-0.037071915,1.17686951,4.729577101,0.000233757,-0.009635379,0.45186385,0,1,1,1 
HDVD_38,Heavy Duty Trucks_Diesel_Rigid 26 - 28 t_Euro II,,,0,1,12,86,0.002786813,-0.151575179,2.539974704,13.3910559,0.001603886,-0.081157619,1.379715679,0,1,1,1 
HDVD_38,Heavy Duty Trucks_Diesel_Rigid 26 - 28 t_Euro II,,,0.02,0,12,86,7.66E-05,0.012355441,1.197411964,9.981080846,-0.000101852,0.02637798,0.333700462,0,1,1,1 
HDVD_38,Heavy Duty Trucks_Diesel_Rigid 26 - 28 t_Euro II,,,0.02,0.5,12,86,0.003519117,-0.119275935,0.880017908,31.10820555,0.002093288,-0.090943302,1.451401999,0,1,1,1 
HDVD_38,Heavy Duty Trucks_Diesel_Rigid 26 - 28 t_Euro II,,,0.02,1,12,86,0.002975562,-0.184965347,5.12866791,10.82089841,0.001326753,-0.064780784,1.56455657,0,1,1,1 
HDVD_38,Heavy Duty Trucks_Diesel_Rigid 26 - 28 t_Euro II,,,0.04,0,12,86,0.002817726,0.425096611,-1.639942247,9.449083627,0.002992456,0.134510788,-0.820647273,0,1,1,1 
HDVD_38,Heavy Duty Trucks_Diesel_Rigid 26 - 28 t_Euro II,,,0.04,0.5,12,81,0.00107021,-0.084386014,9.094187736,4.220327306,0.000470862,0.009208793,1.758120789,0,1,1,1 
HDVD_38,Heavy Duty Trucks_Diesel_Rigid 26 - 28 t_Euro II,,,0.04,1,12,66,0.002048179,-0.272367297,14.68811328,0.0616977,2.30E-05,0.006093854,2.163976652,0,1,1,1 
HDVD_38,Heavy Duty Trucks_Diesel_Rigid 26 - 28 t_Euro II,,,0.06,0,12,86,-0.000897056,0.408194103,10.46919638,11.5642293,0.001357454,0.170181355,1.695668934,0,1,1,1 
HDVD_38,Heavy Duty Trucks_Diesel_Rigid 26 - 28 t_Euro II,,,0.06,0.5,12,64,0.000805364,-0.040323115,5.625240877,3.438972171,0.00028265,0.015421391,0.85341344,0,1,1,1 
HDVD_38,Heavy Duty Trucks_Diesel_Rigid 26 - 28 t_Euro II,,,0.06,1,12,49,0.001827298,-0.205726867,8.213901062,-0.064271409,2.13E-05,-0.005525961,1.091978017,0,1,1,1 
HDVD_39,Heavy Duty Trucks_Diesel_Rigid 26 - 28 t_Euro III,,,-0.06,0,12,86,-0.000283346,0.026688267,1.872141576,-2.752494864,0.000921372,0.038949458,-0.038075728,0,1,1,1 
HDVD_39,Heavy Duty Trucks_Diesel_Rigid 26 - 28 t_Euro III,,,-0.06,0.5,12,86,2.09E-05,-0.006830722,0.668377519,3.966228482,3.64E-05,0.012042918,0.140277166,0,1,1,1 
HDVD_39,Heavy Duty Trucks_Diesel_Rigid 26 - 28 t_Euro III,,,-0.06,1,12,86,2.59E-05,-0.008219581,0.773769413,4.29974436,4.16E-05,0.013314839,0.165451862,0,1,1,1 
HDVD_39,Heavy Duty Trucks_Diesel_Rigid 26 - 28 t_Euro III,,,-0.04,0,12,86,6.88E-06,-0.002777137,0.362579293,2.565189093,2.90E-06,0.006315358,0.060003686,0,1,1,1 
HDVD_39,Heavy Duty Trucks_Diesel_Rigid 26 - 28 t_Euro III,,,-0.04,0.5,12,86,2.29E-05,-0.00709701,0.651942849,3.111844329,1.42E-05,0.008458374,0.122014375,0,1,1,1 
HDVD_39,Heavy Duty Trucks_Diesel_Rigid 26 - 28 t_Euro III,,,-0.04,1,12,86,3.19E-05,-0.009096265,0.744999507,2.434346032,2.99E-05,0.007229533,0.140052588,0,1,1,1 
HDVD_39,Heavy Duty Trucks_Diesel_Rigid 26 - 28 t_Euro III,,,-0.02,0,12,86,1.93E-05,0.002744869,0.619808425,5.102137594,-2.95E-05,0.013672477,0.078266761,0,1,1,1 
HDVD_39,Heavy Duty Trucks_Diesel_Rigid 26 - 28 t_Euro III,,,-0.02,0.5,12,86,0.00029542,-0.012712056,1.862129944,6.210854725,0.000272733,0.016622011,0.282040628,0,1,1,1 
HDVD_39,Heavy Duty Trucks_Diesel_Rigid 26 - 28 t_Euro III,,,-0.02,1,12,86,0.000170496,0.003130903,-0.092052894,8.054307726,0.000402941,-0.013783178,0.256616457,0,1,1,1 
HDVD_39,Heavy Duty Trucks_Diesel_Rigid 26 - 28 t_Euro III,,,0,0,12,86,5.07E-06,0.003258162,0.639589837,4.521407734,-2.52E-05,0.011373696,0.091394014,0,1,1,1 
HDVD_39,Heavy Duty Trucks_Diesel_Rigid 26 - 28 t_Euro III,,,0,0.5,12,86,0.000800263,-0.018745872,1.745420713,6.349684747,0.000467241,0.004392506,0.335195726,0,1,1,1 
HDVD_39,Heavy Duty Trucks_Diesel_Rigid 26 - 28 t_Euro III,,,0,1,12,86,0.002193963,-0.098355655,2.945784413,10.08387367,0.001100943,-0.032525865,0.82846504,0,1,1,1 
HDVD_39,Heavy Duty Trucks_Diesel_Rigid 26 - 28 t_Euro III,,,0.02,0,12,86,1.31E-05,0.005098621,0.747617732,5.384871254,-3.52E-05,0.013054618,0.113296701,0,1,1,1 
HDVD_39,Heavy Duty Trucks_Diesel_Rigid 26 - 28 t_Euro III,,,0.02,0.5,12,86,0.001502633,-0.04667825,2.796230787,6.560068982,0.000729478,-0.004719222,0.569789206,0,1,1,1 
HDVD_39,Heavy Duty Trucks_Diesel_Rigid 26 - 28 t_Euro III,,,0.02,1,12,86,0.001361301,-0.007964586,-0.010719095,16.26951388,0.000989009,-0.030174152,0.490692943,0,1,1,1 
HDVD_39,Heavy Duty Trucks_Diesel_Rigid 26 - 28 t_Euro III,,,0.04,0,12,86,2.44E-05,0.004812062,0.270875402,3.90051154,1.78E-05,0.004516583,0.077449747,0,1,1,1 
HDVD_39,Heavy Duty Trucks_Diesel_Rigid 26 - 28 t_Euro III,,,0.04,0.5,12,82,0.000192874,-0.008573634,2.870733865,4.309787026,6.71E-05,0.016194457,0.403902131,0,1,1,1 
HDVD_39,Heavy Duty Trucks_Diesel_Rigid 26 - 28 t_Euro III,,,0.04,1,12,67,0.000422098,-0.043527678,3.891969095,2.106026486,0.000151341,0.005734718,0.539050732,0,1,1,1 
HDVD_39,Heavy Duty Trucks_Diesel_Rigid 26 - 28 t_Euro III,,,0.06,0,12,86,-1.25E-06,0.004815499,0.634420662,5.904922541,1.07E-05,0.006159592,0.16962764,0,1,1,1 
HDVD_39,Heavy Duty Trucks_Diesel_Rigid 26 - 28 t_Euro III,,,0.06,0.5,12,65,0.000868855,-0.088971095,10.91897135,8.198796786,0.00024787,0.033631287,1.547068033,0,1,1,1 
HDVD_39,Heavy Duty Trucks_Diesel_Rigid 26 - 28 t_Euro III,,,0.06,1,12,50,0.001572819,-0.191983616,7.448257184,-0.119441691,2.97E-05,-0.006220377,0.979181095,0,1,1,1 
HDVD_40,Heavy Duty Trucks_Diesel_Rigid 26 - 28 t_Euro IV,,,-0.06,0,12,81,1.42E-05,-0.030295624,2.377767941,-0.944015748,0.001442687,0.103207897,0.024146929,0,1,1,1 
HDVD_40,Heavy Duty Trucks_Diesel_Rigid 26 - 28 t_Euro IV,,,-0.06,0.5,12,81,2.84E-05,-0.0168177,1.148182388,2.815207152,0.000972218,0.051536437,0.227392346,0,1,1,1 
HDVD_40,Heavy Duty Trucks_Diesel_Rigid 26 - 28 t_Euro IV,,,-0.06,1,12,86,3.54E-05,-0.007267065,0.422244318,2.77498668,0.00097619,0.000522872,0.356883111,0,1,1,1 
HDVD_40,Heavy Duty Trucks_Diesel_Rigid 26 - 28 t_Euro IV,,,-0.04,0,12,86,1.94E-05,-0.00525087,0.39242306,3.785854864,0.000184152,0.014799964,0.199941714,0,1,1,1 
HDVD_40,Heavy Duty Trucks_Diesel_Rigid 26 - 28 t_Euro IV,,,-0.04,0.5,12,86,-0.000136251,0.006091845,0.543161588,-3.716170716,0.000683941,0.021886011,-0.168110672,0,1,1,1 
HDVD_40,Heavy Duty Trucks_Diesel_Rigid 26 - 28 t_Euro IV,,,-0.04,1,12,86,2.20E-05,-0.019039872,1.49083576,1.713875929,0.000487971,0.053476022,0.297448602,0,1,1,1 
HDVD_40,Heavy Duty Trucks_Diesel_Rigid 26 - 28 t_Euro IV,,,-0.02,0,12,86,0.000216363,-0.00290995,0.803020985,5.020670827,0.00055735,0.024985834,0.226273037,0,1,1,1 
HDVD_40,Heavy Duty Trucks_Diesel_Rigid 26 - 28 t_Euro IV,,,-0.02,0.5,12,86,-0.000255195,0.033801276,2.087391476,-1.042313619,0.001813534,0.080112743,0.036899386,0,1,1,1 
HDVD_40,Heavy Duty Trucks_Diesel_Rigid 26 - 28 t_Euro IV,,,-0.02,1,12,86,-0.000236471,0.019509291,1.409380564,1.348042244,0.000949947,0.053131541,0.155913957,0,1,1,1 
HDVD_40,Heavy Duty Trucks_Diesel_Rigid 26 - 28 t_Euro IV,,,0,0,12,86,0.00034175,0.115432497,1.979547724,-5.350973133,0.001928173,0.129214589,-0.603144566,0,1,1,1 
HDVD_40,Heavy Duty Trucks_Diesel_Rigid 26 - 28 t_Euro IV,,,0,0.5,12,86,0.000475532,0.156002521,2.558796856,-7.913974534,0.002436556,0.165476407,-0.751234988,0,1,1,1 
HDVD_40,Heavy Duty Trucks_Diesel_Rigid 26 - 28 t_Euro IV,,,0,1,12,86,0.000201442,0.083089197,2.172195398,-3.45592443,0.001055786,0.102972883,-0.198731299,0,1,1,1 
HDVD_40,Heavy Duty Trucks_Diesel_Rigid 26 - 28 t_Euro IV,,,0.02,0,12,86,1.66E-05,0.006160071,0.775360993,5.156131661,-6.93E-05,0.023664028,0.20924286,0,1,1,1 
HDVD_40,Heavy Duty Trucks_Diesel_Rigid 26 - 28 t_Euro IV,,,0.02,0.5,12,86,0.000262605,0.075935679,1.966718501,3.855792639,0.000490085,0.08184212,0.108540926,0,1,1,1 
HDVD_40,Heavy Duty Trucks_Diesel_Rigid 26 - 28 t_Euro IV,,,0.02,1,12,86,1.20E-05,0.011842518,0.783458701,4.985943745,6.32E-05,0.013696506,0.283211005,0,1,1,1 
HDVD_40,Heavy Duty Trucks_Diesel_Rigid 26 - 28 t_Euro IV,,,0.04,0,12,86,-4.92E-06,0.01873058,0.510233658,3.736562236,3.67E-07,0.022595839,0.08266726,0,1,1,1 
HDVD_40,Heavy Duty Trucks_Diesel_Rigid 26 - 28 t_Euro IV,,,0.04,0.5,12,83,-0.000427591,0.029445648,0.744875773,-11.06925964,-0.00041162,0.04041168,-0.388796161,0,1,1,1 
HDVD_40,Heavy Duty Trucks_Diesel_Rigid 26 - 28 t_Euro IV,,,0.04,1,12,66,0.001354197,-0.118262558,4.492461234,0.029112061,8.07E-06,0.002200774,0.929673115,0,1,1,1 
HDVD_40,Heavy Duty Trucks_Diesel_Rigid 26 - 28 t_Euro IV,,,0.06,0,12,86,0.000977885,0.263251478,0.40379971,-7.377634475,0.002482948,0.112314327,-0.721031143,0,1,1,1 
HDVD_40,Heavy Duty Trucks_Diesel_Rigid 26 - 28 t_Euro IV,,,0.06,0.5,12,64,-7.64E-05,0.029568839,2.110484815,6.638878296,-0.000162205,0.039068096,0.403995048,0,1,1,1 
HDVD_40,Heavy Duty Trucks_Diesel_Rigid 26 - 28 t_Euro IV,,,0.06,1,12,49,0.009247075,1.033335741,4.774685857,5.157265933,0.004485724,0.410612152,-0.820089527,0,1,1,1 
HDVD_40,Heavy Duty Trucks_Diesel_Rigid 26 - 28 t_Euro IV,,,-0.06,0,12,81,1.42E-05,-0.030295624,2.377767941,-0.944015748,0.001442687,0.103207897,0.024146929,0,1,1,1 
HDVD_40,Heavy Duty Trucks_Diesel_Rigid 26 - 28 t_Euro IV,,,-0.06,0.5,12,81,2.84E-05,-0.0168177,1.148182388,2.815207152,0.000972218,0.051536437,0.227392346,0,1,1,1 
HDVD_40,Heavy Duty Trucks_Diesel_Rigid 26 - 28 t_Euro IV,,,-0.06,1,12,86,3.54E-05,-0.007267065,0.422244318,2.77498668,0.00097619,0.000522872,0.356883111,0,1,1,1 
HDVD_40,Heavy Duty Trucks_Diesel_Rigid 26 - 28 t_Euro IV,,,-0.04,0,12,86,1.94E-05,-0.00525087,0.39242306,3.785854864,0.000184152,0.014799964,0.199941714,0,1,1,1 
HDVD_40,Heavy Duty Trucks_Diesel_Rigid 26 - 28 t_Euro IV,,,-0.04,1,12,86,2.20E-05,-0.019039872,1.49083576,1.713875929,0.000487971,0.053476022,0.297448602,0,1,1,1 
HDVD_40,Heavy Duty Trucks_Diesel_Rigid 26 - 28 t_Euro IV,,,-0.02,0,12,86,0.000216363,-0.00290995,0.803020985,5.020670827,0.00055735,0.024985834,0.226273037,0,1,1,1 
HDVD_40,Heavy Duty Trucks_Diesel_Rigid 26 - 28 t_Euro IV,,,-0.02,1,12,86,-0.000236471,0.019509291,1.409380564,1.348042244,0.000949947,0.053131541,0.155913957,0,1,1,1 
HDVD_40,Heavy Duty Trucks_Diesel_Rigid 26 - 28 t_Euro IV,,,0,0,12,86,0.00034175,0.115432497,1.979547724,-5.350973133,0.001928173,0.129214589,-0.603144566,0,1,1,1 
HDVD_40,Heavy Duty Trucks_Diesel_Rigid 26 - 28 t_Euro IV,,,0,1,12,86,0.000201442,0.083089197,2.172195398,-3.45592443,0.001055786,0.102972883,-0.198731299,0,1,1,1 
HDVD_40,Heavy Duty Trucks_Diesel_Rigid 26 - 28 t_Euro IV,,,0.02,0,12,86,1.66E-05,0.006160071,0.775360993,5.156131661,-6.93E-05,0.023664028,0.20924286,0,1,1,1 
HDVD_40,Heavy Duty Trucks_Diesel_Rigid 26 - 28 t_Euro IV,,,0.02,1,12,86,1.20E-05,0.011842518,0.783458701,4.985943745,6.32E-05,0.013696506,0.283211005,0,1,1,1 
HDVD_40,Heavy Duty Trucks_Diesel_Rigid 26 - 28 t_Euro IV,,,0.04,0,12,86,-4.92E-06,0.01873058,0.510233658,3.736562236,3.67E-07,0.022595839,0.08266726,0,1,1,1 
HDVD_40,Heavy Duty Trucks_Diesel_Rigid 26 - 28 t_Euro IV,,,0.04,1,12,66,0.001354197,-0.118262558,4.492461234,0.029112061,8.07E-06,0.002200774,0.929673115,0,1,1,1 
HDVD_40,Heavy Duty Trucks_Diesel_Rigid 26 - 28 t_Euro IV,,,0.06,0,12,86,0.000977885,0.263251478,0.40379971,-7.377634475,0.002482948,0.112314327,-0.721031143,0,1,1,1 
HDVD_40,Heavy Duty Trucks_Diesel_Rigid 26 - 28 t_Euro IV,,,0.06,0.5,12,64,-7.64E-05,0.029568839,2.110484815,6.638878296,-0.000162205,0.039068096,0.403995048,0,1,1,1 
HDVD_40,Heavy Duty Trucks_Diesel_Rigid 26 - 28 t_Euro IV,,,0.06,1,12,49,0.009247075,1.033335741,4.774685857,5.157265933,0.004485724,0.410612152,-0.820089527,0,1,1,1 
HDVD_41,Heavy Duty Trucks_Diesel_Rigid 26 - 28 t_Euro V,SCR,,-0.06,0,5,65,-0.001533525,0.116728778,-0.836358082,1.69090192,0.004162883,-0.033689559,0.073080903,0,1,1,1 
HDVD_41,Heavy Duty Trucks_Diesel_Rigid 26 - 28 t_Euro V,SCR,,-0.06,0.5,5,65,-0.001569189,0.11646156,-0.860022871,1.79075043,0.004303839,-0.036392979,0.08184677,0,1,1,1 
HDVD_41,Heavy Duty Trucks_Diesel_Rigid 26 - 28 t_Euro V,SCR,,-0.06,1,5,65,-0.001507763,0.111303286,-0.829349301,1.741239185,0.004162958,-0.0357747,0.081458131,0,1,1,1 
HDVD_41,Heavy Duty Trucks_Diesel_Rigid 26 - 28 t_Euro V,SCR,,-0.04,0,5,85,-0.001822854,0.182602132,-1.230264828,2.381896591,0.005872528,-0.043659356,0.090613186,0,1,1,1 
HDVD_41,Heavy Duty Trucks_Diesel_Rigid 26 - 28 t_Euro V,SCR,,-0.04,0.5,5,85,-0.002226863,0.213390314,-1.437877347,2.772079409,0.006909093,-0.052325308,0.109935563,0,1,1,1 
HDVD_41,Heavy Duty Trucks_Diesel_Rigid 26 - 28 t_Euro V,SCR,,-0.04,1,5,75,-0.007879868,0.626160958,-2.57646897,1.680926691,0.016322779,-0.058606081,-2.62E-13,0,1,1,1 
HDVD_41,Heavy Duty Trucks_Diesel_Rigid 26 - 28 t_Euro V,SCR,,-0.02,0,5,85,0.000181194,0.174794606,-1.131991845,2.091162842,0.00554293,-0.036943029,0.070362797,0,1,1,1 
HDVD_41,Heavy Duty Trucks_Diesel_Rigid 26 - 28 t_Euro V,SCR,,-0.02,0.5,5,85,-0.00061212,0.241713784,-1.527990222,2.712106046,0.006873777,-0.045505312,0.085269673,0,1,1,1 
HDVD_41,Heavy Duty Trucks_Diesel_Rigid 26 - 28 t_Euro V,SCR,,-0.02,1,5,85,-0.001521219,0.377592844,-1.87505957,3.216467831,0.00936803,-0.048919843,0.098577283,0,1,1,1 
HDVD_41,Heavy Duty Trucks_Diesel_Rigid 26 - 28 t_Euro V,SCR,,0,0,5,85,0.006478441,0.284604174,-2.018665692,4.33175565,0.010100512,-0.0680298,0.143901372,0,1,1,1 
HDVD_41,Heavy Duty Trucks_Diesel_Rigid 26 - 28 t_Euro V,SCR,,0,0.5,5,85,0.022217498,1.15051425,-5.80408661,-2.53909681,0.030533979,-0.120188139,-0.16290824,0,1,1,1 
HDVD_41,Heavy Duty Trucks_Diesel_Rigid 26 - 28 t_Euro V,SCR,,0,1,5,85,0.021647609,1.152518678,-3.513989992,2.567003585,0.026687224,-0.058959999,0.020542535,0,1,1,1 
HDVD_41,Heavy Duty Trucks_Diesel_Rigid 26 - 28 t_Euro V,SCR,,0.02,0,5,85,0.002421503,0.061255085,8.282246139,-2.032919417,-8.21E-05,0.175753113,0.104562933,0,1,1,1 
HDVD_41,Heavy Duty Trucks_Diesel_Rigid 26 - 28 t_Euro V,SCR,,0.02,0.5,5,85,0.003554175,0.102035461,5.773130168,2.720636961,0.000812249,0.101546973,0.218436407,0,1,1,1 
HDVD_41,Heavy Duty Trucks_Diesel_Rigid 26 - 28 t_Euro V,SCR,,0.02,1,5,85,-0.003423483,0.265926902,6.446920261,-1.118073372,-0.001433627,0.145613036,0.065956699,0,1,1,1 
HDVD_41,Heavy Duty Trucks_Diesel_Rigid 26 - 28 t_Euro V,SCR,,0.04,0,5,85,0.012189085,0.041662787,6.613258244,4.089630592,0.003202246,0.096724789,0.306985236,0,1,1,1 
HDVD_41,Heavy Duty Trucks_Diesel_Rigid 26 - 28 t_Euro V,SCR,,0.04,0.5,5,85,-0.005324337,0.468896091,5.63312365,-1.760750115,-0.001133353,0.151666454,1.80E-12,0,1,1,1 
HDVD_41,Heavy Duty Trucks_Diesel_Rigid 26 - 28 t_Euro V,SCR,,0.04,1,5,60,-0.002747379,0.621265503,4.169996867,-0.597802937,0.001415832,0.116701945,5.31E-11,0,1,1,1 
HDVD_41,Heavy Duty Trucks_Diesel_Rigid 26 - 28 t_Euro V,SCR,,0.06,0,5,85,0.000142868,-0.021103055,0.697452582,10.44208154,5.17E-05,-0.007829362,0.320940158,0,1,1,1 
HDVD_41,Heavy Duty Trucks_Diesel_Rigid 26 - 28 t_Euro V,SCR,,0.06,0.5,5,65,0.000117367,-0.014570423,0.598365054,4.637812952,2.14E-05,-0.002178975,0.137762076,0,1,1,1 
HDVD_41,Heavy Duty Trucks_Diesel_Rigid 26 - 28 t_Euro V,SCR,,0.06,1,5,45,0.00059461,-0.033522392,0.308664444,6.496183618,0.0001275,-0.008402658,0.150121972,0,1,1,1 
HDVD_41,Heavy Duty Trucks_Diesel_Rigid 26 - 28 t_Euro V,EGR,,-0.06,0,5,85,-0.002942471,0.27776403,-1.459629949,2.603012265,0.023514844,-0.148603967,0.332776843,0,1,1,1 
HDVD_41,Heavy Duty Trucks_Diesel_Rigid 26 - 28 t_Euro V,EGR,,-0.06,0.5,5,70,-0.004335781,0.345130649,-1.536414479,1.315257105,0.025233793,-0.092294459,-1.57E-13,0,1,1,1 
HDVD_41,Heavy Duty Trucks_Diesel_Rigid 26 - 28 t_Euro V,EGR,,-0.06,1,5,70,-0.005564033,0.435326033,-1.957575863,1.673650789,0.032941493,-0.123598693,2.03E-11,0,1,1,1 
HDVD_41,Heavy Duty Trucks_Diesel_Rigid 26 - 28 t_Euro V,EGR,,-0.04,0,5,85,-0.004271683,0.476673244,-2.075217417,3.298724283,0.031138386,-0.146047681,0.314005349,0,1,1,1 
HDVD_41,Heavy Duty Trucks_Diesel_Rigid 26 - 28 t_Euro V,EGR,,-0.04,0.5,5,85,-0.002537965,0.277568032,-1.314517187,2.062931267,0.019575868,-0.105218957,0.215059776,0,1,1,1 
HDVD_41,Heavy Duty Trucks_Diesel_Rigid 26 - 28 t_Euro V,EGR,,-0.04,1,5,85,-0.002406866,0.267540476,-1.340070183,2.102129019,0.019906648,-0.116160411,0.230771907,0,1,1,1 
HDVD_41,Heavy Duty Trucks_Diesel_Rigid 26 - 28 t_Euro V,EGR,,-0.02,0,5,85,0.000406127,0.374857111,-1.545047978,2.245386032,0.023723622,-0.098431591,0.175086909,0,1,1,1 
HDVD_41,Heavy Duty Trucks_Diesel_Rigid 26 - 28 t_Euro V,EGR,,-0.02,0.5,5,85,-0.004246982,0.623404101,-2.100326692,-1.283890482,0.027606612,0.002151048,-0.469171886,0,1,1,1 
HDVD_41,Heavy Duty Trucks_Diesel_Rigid 26 - 28 t_Euro V,EGR,,-0.02,1,5,85,-0.004510752,0.580084874,-2.330540301,0.377025765,0.02514418,-0.023473084,-0.323719091,0,1,1,1 
HDVD_41,Heavy Duty Trucks_Diesel_Rigid 26 - 28 t_Euro V,EGR,,0,0,5,85,0.008627428,0.773870941,-2.744163232,3.178562901,0.043434359,-0.132419619,0.173240826,0,1,1,1 
HDVD_41,Heavy Duty Trucks_Diesel_Rigid 26 - 28 t_Euro V,EGR,,0,0.5,5,85,0.00506733,0.436033304,-1.82719599,2.347685626,0.025084117,-0.100227836,0.143985579,0,1,1,1 
HDVD_41,Heavy Duty Trucks_Diesel_Rigid 26 - 28 t_Euro V,EGR,,0,1,5,85,0.002654937,0.326282543,-1.77153736,1.431229124,0.016452686,-0.07031216,2.54E-15,0,1,1,1 
HDVD_41,Heavy Duty Trucks_Diesel_Rigid 26 - 28 t_Euro V,EGR,,0.02,0,5,85,0.005023813,0.390379737,-2.221618421,1.83679556,0.01938565,-0.084765046,-8.27E-12,0,1,1,1 
HDVD_41,Heavy Duty Trucks_Diesel_Rigid 26 - 28 t_Euro V,EGR,,0.02,0.5,5,85,0.002694015,0.242193541,-2.172006826,2.13039913,0.011108199,-0.082625387,0.017742167,0,1,1,1 
HDVD_41,Heavy Duty Trucks_Diesel_Rigid 26 - 28 t_Euro V,EGR,,0.02,1,5,85,0.001778752,0.202786082,-1.789154078,1.683733675,0.00853712,-0.063224749,0.008890475,0,1,1,1 
HDVD_41,Heavy Duty Trucks_Diesel_Rigid 26 - 28 t_Euro V,EGR,,0.04,0,5,85,0.002901066,0.230651564,-2.075281477,1.941384282,0.010365123,-0.074792165,-2.93E-16,0,1,1,1 
HDVD_41,Heavy Duty Trucks_Diesel_Rigid 26 - 28 t_Euro V,EGR,,0.04,0.5,5,85,-0.000280657,0.008459147,2.080852818,-2.126755633,-0.000628502,0.078525226,1.29E-16,0,1,1,1 
HDVD_41,Heavy Duty Trucks_Diesel_Rigid 26 - 28 t_Euro V,EGR,,0.04,1,5,65,0.001679095,0.436985391,-2.387999695,1.898295934,0.014942183,-0.065785944,7.12E-14,0,1,1,1 
HDVD_41,Heavy Duty Trucks_Diesel_Rigid 26 - 28 t_Euro V,EGR,,0.06,0,5,85,-0.000314118,0.008778584,2.244168798,-1.932581534,-0.000750867,0.083849475,0.037688972,0,1,1,1 
HDVD_41,Heavy Duty Trucks_Diesel_Rigid 26 - 28 t_Euro V,EGR,,0.06,0.5,5,60,0.000528281,0.1934016,-1.580443583,1.420287451,0.006183264,-0.043513557,1.52E-12,0,1,1,1 
HDVD_41,Heavy Duty Trucks_Diesel_Rigid 26 - 28 t_Euro V,EGR,,0.06,1,5,45,0.003397395,0.51106558,-2.009566811,1.634268232,0.017895686,-0.062748428,0.038697532,0,1,1,1 
HDVD_42,Heavy Duty Trucks_Diesel_Rigid 26 - 28 t_Euro VI,,,-0.06,0,5,75,-0.004064019,0.326652237,-1.499160338,1.526240726,0.094795783,-0.330559262,0.038290093,0,1,1,1 
HDVD_42,Heavy Duty Trucks_Diesel_Rigid 26 - 28 t_Euro VI,,,-0.06,0.5,5,70,-0.004738198,0.365032172,-1.689781789,1.699735356,0.117823664,-0.4138411,1.31E-09,0,1,1,1 
HDVD_42,Heavy Duty Trucks_Diesel_Rigid 26 - 28 t_Euro VI,,,-0.06,1,5,75,-0.004036245,0.317761065,-0.922541175,1.390567345,0.137114217,-0.582051453,1.712523808,0,1,1,1 
HDVD_42,Heavy Duty Trucks_Diesel_Rigid 26 - 28 t_Euro VI,,,-0.04,0,5,85,-0.006298231,0.583447219,-2.59842133,0.8835431,0.103554776,0.055816984,-2.182356845,0,1,1,1 
HDVD_42,Heavy Duty Trucks_Diesel_Rigid 26 - 28 t_Euro VI,,,-0.04,0.5,5,85,-0.010686623,1.202084979,-1.487520238,-0.623632563,0.328094143,0.107193217,-0.005023868,0,1,1,1 
HDVD_42,Heavy Duty Trucks_Diesel_Rigid 26 - 28 t_Euro VI,,,-0.04,1,5,80,-0.011025846,0.920711861,-0.513557275,-0.121322605,0.220366817,0.260380458,1.458998956,0,1,1,1 
HDVD_42,Heavy Duty Trucks_Diesel_Rigid 26 - 28 t_Euro VI,,,-0.02,0,5,85,3.37E-05,-0.022914425,1.791901965,0.27763571,-0.003524464,0.294928099,1.298142121,0,1,1,1 
HDVD_42,Heavy Duty Trucks_Diesel_Rigid 26 - 28 t_Euro VI,,,-0.02,0.5,5,85,-0.001874163,0.205093855,2.008336081,-1.662381325,0.023587587,0.714434269,0.179654123,0,1,1,1 
HDVD_42,Heavy Duty Trucks_Diesel_Rigid 26 - 28 t_Euro VI,,,-0.02,1,5,85,-0.00284696,0.292714521,2.121247321,-2.944301239,0.039762691,0.785041422,2.04E-11,0,1,1,1 
HDVD_42,Heavy Duty Trucks_Diesel_Rigid 26 - 28 t_Euro VI,,,0,0,5,85,0.000298671,0.218202452,2.289578494,-1.909261948,0.017805352,0.687243618,-2.45E-10,0,1,1,1 
HDVD_42,Heavy Duty Trucks_Diesel_Rigid 26 - 28 t_Euro VI,,,0,0.5,5,85,0.00016792,0.164658487,2.173553941,-1.831960567,0.013982667,0.589417311,3.36E-08,0,1,1,1 
HDVD_42,Heavy Duty Trucks_Diesel_Rigid 26 - 28 t_Euro VI,,,0,1,5,85,0.000135841,0.132131005,2.260102075,-1.823456511,0.011617708,0.570183729,1.96E-08,0,1,1,1 
HDVD_42,Heavy Duty Trucks_Diesel_Rigid 26 - 28 t_Euro VI,,,0.02,0,5,85,-0.001149982,0.093212096,2.522013091,-2.128673955,-0.00367399,0.591318222,-1.04E-10,0,1,1,1 
HDVD_42,Heavy Duty Trucks_Diesel_Rigid 26 - 28 t_Euro VI,,,0.02,0.5,5,85,-0.001241361,0.137044099,2.554837847,-1.947792266,0.003075908,0.583244714,-1.82E-12,0,1,1,1 
HDVD_42,Heavy Duty Trucks_Diesel_Rigid 26 - 28 t_Euro VI,,,0.02,1,5,85,-0.000750912,0.251862854,2.119621233,-1.338846864,0.022792901,0.519368273,-4.34E-10,0,1,1,1 
HDVD_42,Heavy Duty Trucks_Diesel_Rigid 26 - 28 t_Euro VI,,,0.04,0,5,85,-0.002059984,0.224078573,2.289083703,-1.866158602,0.00727633,0.57893911,-1.57E-12,0,1,1,1 
HDVD_42,Heavy Duty Trucks_Diesel_Rigid 26 - 28 t_Euro VI,,,0.04,0.5,5,85,0.000106055,-0.021016828,1.4280157,1.315539397,-0.001213074,0.131472284,0.868527502,0,1,1,1 
HDVD_42,Heavy Duty Trucks_Diesel_Rigid 26 - 28 t_Euro VI,,,0.04,1,5,70,0.000231529,0.024521304,-0.486784629,2.520882883,0.00482555,-0.087557212,0.443516415,0,1,1,1 
HDVD_42,Heavy Duty Trucks_Diesel_Rigid 26 - 28 t_Euro VI,,,0.06,0,5,85,8.60E-05,-0.015211282,0.851496799,1.326707835,-0.00042836,0.049751205,0.767808259,0,1,1,1 
HDVD_42,Heavy Duty Trucks_Diesel_Rigid 26 - 28 t_Euro VI,,,0.06,0.5,5,65,-0.000139104,-0.001037134,1.674437673,-1.328972294,-0.001902457,0.246201983,-1.19E-12,0,1,1,1 
HDVD_42,Heavy Duty Trucks_Diesel_Rigid 26 - 28 t_Euro VI,,,0.06,1,5,50,0.009467005,0.855001381,-2.744086229,0.468900626,0.141862571,-0.420790056,-8.84E-09,0,1,1,1 
HDVD_43,Heavy Duty Trucks_Diesel_Rigid 28 - 32 t_Conventional,,,-0.06,0,12,86,9.41E-05,-0.016840807,1.351697046,5.161963835,0.000181105,0.014505092,0.226602511,0,1,1,1 
HDVD_43,Heavy Duty Trucks_Diesel_Rigid 28 - 32 t_Conventional,,,-0.06,0.5,12,86,-7.45E-06,0.002321567,1.574004514,-6.071602677,0.000849206,0.009680468,0.064120735,0,1,1,1 
HDVD_43,Heavy Duty Trucks_Diesel_Rigid 28 - 32 t_Conventional,,,-0.06,1,12,86,5.13E-07,-0.001046222,2.019478484,-8.39014499,0.001027032,0.008795308,0.10116242,0,1,1,1 
HDVD_43,Heavy Duty Trucks_Diesel_Rigid 28 - 32 t_Conventional,,,-0.04,0,12,86,6.42E-05,-0.013106033,1.280198314,4.280498789,9.04E-05,0.013356305,0.149916908,0,1,1,1 
HDVD_43,Heavy Duty Trucks_Diesel_Rigid 28 - 32 t_Conventional,,,-0.04,0.5,12,86,-9.71E-06,0.002632919,1.921255475,-8.118409688,0.000748496,0.008448466,0.078430356,0,1,1,1 
HDVD_43,Heavy Duty Trucks_Diesel_Rigid 28 - 32 t_Conventional,,,-0.04,1,12,86,7.05E-07,-0.001007661,1.102222803,-5.088465378,0.000393023,0.003007861,0.052634594,0,1,1,1 
HDVD_43,Heavy Duty Trucks_Diesel_Rigid 28 - 32 t_Conventional,,,-0.02,0,12,86,0.000576473,-0.017564442,1.438556741,7.74817392,0.00038988,0.00440367,0.252943917,0,1,1,1 
HDVD_43,Heavy Duty Trucks_Diesel_Rigid 28 - 32 t_Conventional,,,-0.02,0.5,12,86,0.000475156,-0.030906815,2.263267061,5.847420789,0.000350561,0.006059483,0.328538876,0,1,1,1 
HDVD_43,Heavy Duty Trucks_Diesel_Rigid 28 - 32 t_Conventional,,,-0.02,1,12,86,0.000161863,0.008873845,-0.300744777,11.94158229,0.000421549,-0.014898318,0.260497574,0,1,1,1 
HDVD_43,Heavy Duty Trucks_Diesel_Rigid 28 - 32 t_Conventional,,,0,0,12,86,-4.86E-06,0.005953225,1.083544831,6.528976107,-3.69E-05,0.013609891,0.116379373,0,1,1,1 
HDVD_43,Heavy Duty Trucks_Diesel_Rigid 28 - 32 t_Conventional,,,0,0.5,12,86,0.000258633,-0.009747868,0.125779773,4.72527778,0.000135684,-0.005891651,0.121312713,0,1,1,1 
HDVD_43,Heavy Duty Trucks_Diesel_Rigid 28 - 32 t_Conventional,,,0,1,12,86,0.001146153,-0.055343644,1.850690828,5.323862796,0.000423294,-0.012207617,0.34880745,0,1,1,1 
HDVD_43,Heavy Duty Trucks_Diesel_Rigid 28 - 32 t_Conventional,,,0.02,0,12,86,5.08E-06,0.010993502,1.546265147,9.018817204,-4.95E-05,0.018028676,0.15683247,0,1,1,1 
HDVD_43,Heavy Duty Trucks_Diesel_Rigid 28 - 32 t_Conventional,,,0.02,0.5,12,86,0.000800405,-0.006923609,-0.033941493,11.22775242,0.000466687,-0.015291254,0.250153363,0,1,1,1 
HDVD_43,Heavy Duty Trucks_Diesel_Rigid 28 - 32 t_Conventional,,,0.02,1,12,80,0.000525915,-0.005979339,0.521284945,6.627939971,0.000274296,-0.006785698,0.175678494,0,1,1,1 
HDVD_43,Heavy Duty Trucks_Diesel_Rigid 28 - 32 t_Conventional,,,0.04,0,12,86,0.000530712,0.197864683,1.197725702,-6.78368453,0.000986327,0.044318798,-0.235131615,0,1,1,1 
HDVD_43,Heavy Duty Trucks_Diesel_Rigid 28 - 32 t_Conventional,,,0.04,0.5,12,66,0.001349209,-0.052808631,1.762292818,9.405117192,0.000389654,-0.010473564,0.336822365,0,1,1,1 
HDVD_43,Heavy Duty Trucks_Diesel_Rigid 28 - 32 t_Conventional,,,0.04,1,12,54,0.001139953,-0.121191063,5.79173368,0.391578583,4.78E-05,0.002974524,0.448827228,0,1,1,1 
HDVD_43,Heavy Duty Trucks_Diesel_Rigid 28 - 32 t_Conventional,,,0.06,0,12,78,0.000664101,0.180384595,2.189965852,-11.92197095,0.000762497,0.050141326,-0.246857172,0,1,1,1 
HDVD_43,Heavy Duty Trucks_Diesel_Rigid 28 - 32 t_Conventional,,,0.06,0.5,12,51,-0.003955722,0.773525198,-0.382471157,-8.695415483,0.001896683,0.073184415,-0.267881042,0,1,1,1 
HDVD_43,Heavy Duty Trucks_Diesel_Rigid 28 - 32 t_Conventional,,,0.06,1,12,40,-0.006299864,1.100704227,2.325283387,-12.58391856,0.002980997,0.081256543,-0.181459018,0,1,1,1 
HDVD_44,Heavy Duty Trucks_Diesel_Rigid 28 - 32 t_Euro I,,,-0.06,0,12,86,5.68E-05,-0.018792902,3.024503639,1.597798544,0.001314254,0.034372927,0.496637725,0,1,1,1 
HDVD_44,Heavy Duty Trucks_Diesel_Rigid 28 - 32 t_Euro I,,,-0.06,0.5,12,86,4.88E-06,-0.002201466,1.325218121,-5.651762978,0.00096148,0.00661908,0.10310235,0,1,1,1 
HDVD_44,Heavy Duty Trucks_Diesel_Rigid 28 - 32 t_Euro I,,,-0.06,1,12,86,9.92E-06,-0.003839317,1.490177372,-6.515184681,0.001033851,0.005712986,0.119439043,0,1,1,1 
HDVD_44,Heavy Duty Trucks_Diesel_Rigid 28 - 32 t_Euro I,,,-0.04,0,12,86,4.41E-05,-0.009424755,0.88540608,2.83718739,8.78E-05,0.012279323,0.13909889,0,1,1,1 
HDVD_44,Heavy Duty Trucks_Diesel_Rigid 28 - 32 t_Euro I,,,-0.04,0.5,12,86,0.000112083,-0.034627208,3.974164915,1.650023213,0.000901807,0.030700261,0.639769209,0,1,1,1 
HDVD_44,Heavy Duty Trucks_Diesel_Rigid 28 - 32 t_Euro I,,,-0.04,1,12,86,-0.041994436,6.793227872,-145.8258525,2452.453334,0.162987763,-5.038376392,76.22850193,0,1,1,1 
HDVD_44,Heavy Duty Trucks_Diesel_Rigid 28 - 32 t_Euro I,,,-0.02,0,12,86,0.000474806,-0.014127457,1.051593433,6.030052192,0.000419792,0.002950485,0.264291562,0,1,1,1 
HDVD_44,Heavy Duty Trucks_Diesel_Rigid 28 - 32 t_Euro I,,,-0.02,0.5,12,86,0.000270824,-0.009192947,0.136838995,9.061056312,0.000385436,-0.015432697,0.337058488,0,1,1,1 
HDVD_44,Heavy Duty Trucks_Diesel_Rigid 28 - 32 t_Euro I,,,-0.02,1,12,86,9.67E-05,0.012400169,-0.298827567,7.438564075,0.000424122,-0.013230756,0.207846471,0,1,1,1 
HDVD_44,Heavy Duty Trucks_Diesel_Rigid 28 - 32 t_Euro I,,,0,0,12,86,3.01E-06,0.005715464,0.871556712,5.274005228,-3.94E-05,0.014836097,0.126059812,0,1,1,1 
HDVD_44,Heavy Duty Trucks_Diesel_Rigid 28 - 32 t_Euro I,,,0,0.5,12,86,0.000762471,-0.029927287,0.366084937,11.58623563,0.000453065,-0.020496288,0.409532841,0,1,1,1 
HDVD_44,Heavy Duty Trucks_Diesel_Rigid 28 - 32 t_Euro I,,,0,1,12,86,0.001769009,-0.09899607,2.036495803,8.283276849,0.000731084,-0.035255322,0.668796925,0,1,1,1 
HDVD_44,Heavy Duty Trucks_Diesel_Rigid 28 - 32 t_Euro I,,,0.02,0,12,86,0.000422205,0.084025155,9.573043335,1.060960786,-0.000626734,0.184120191,0.01878645,0,1,1,1 
HDVD_44,Heavy Duty Trucks_Diesel_Rigid 28 - 32 t_Euro I,,,0.02,0.5,12,86,0.004316508,-0.075603143,-0.407119651,30.79231563,0.0021403,-0.073354495,0.921961865,0,1,1,1 
HDVD_44,Heavy Duty Trucks_Diesel_Rigid 28 - 32 t_Euro I,,,0.02,1,12,81,-0.000265812,0.009294624,1.246253248,-6.668861486,-0.000143936,0.012708044,-0.016599973,0,1,1,1 
HDVD_44,Heavy Duty Trucks_Diesel_Rigid 28 - 32 t_Euro I,,,0.04,0,12,86,0.001312719,0.104182784,1.72057522,18.89507493,0.000550769,0.052228518,0.179243941,0,1,1,1 
HDVD_44,Heavy Duty Trucks_Diesel_Rigid 28 - 32 t_Euro I,,,0.04,0.5,12,68,0.003261996,-0.32554383,16.6601488,0.031255031,9.24E-06,0.003783681,2.053381544,0,1,1,1 
HDVD_44,Heavy Duty Trucks_Diesel_Rigid 28 - 32 t_Euro I,,,0.04,1,12,56,-0.002128262,0.095147452,4.4258898,-7.665454305,-0.000410214,0.032271163,0.244505337,0,1,1,1 
HDVD_44,Heavy Duty Trucks_Diesel_Rigid 28 - 32 t_Euro I,,,0.06,0,12,80,0.003786801,0.705213007,2.431784559,20.94991083,0.002167641,0.197430264,-0.344674815,0,1,1,1 
HDVD_44,Heavy Duty Trucks_Diesel_Rigid 28 - 32 t_Euro I,,,0.06,0.5,12,54,-0.002855938,0.177612706,-0.30823181,-16.39662745,-0.000616687,0.044190438,-0.435459599,0,1,1,1 
HDVD_44,Heavy Duty Trucks_Diesel_Rigid 28 - 32 t_Euro I,,,0.06,1,12,41,-0.002428731,0.018872965,7.929539362,-0.336552107,6.80E-05,0.001014228,0.761065491,0,1,1,1 
HDVD_45,Heavy Duty Trucks_Diesel_Rigid 28 - 32 t_Euro II,,,-0.06,0,12,86,-7.84E-16,1.53E-13,3.607897319,7.21E-11,0.003554564,0.043791221,0.930120615,0,1,1,1 
HDVD_45,Heavy Duty Trucks_Diesel_Rigid 28 - 32 t_Euro II,,,-0.06,0.5,12,86,9.48E-06,-0.00394686,1.309849585,-6.440852212,0.001176402,0.005014667,0.183427429,0,1,1,1 
HDVD_45,Heavy Duty Trucks_Diesel_Rigid 28 - 32 t_Euro II,,,-0.06,1,12,86,7.57E-06,-0.002766048,0.672496311,-3.394077945,0.000552604,0.001389094,0.091343107,0,1,1,1 
HDVD_45,Heavy Duty Trucks_Diesel_Rigid 28 - 32 t_Euro II,,,-0.04,0,12,86,9.45E-05,-0.014713943,1.261333467,3.699479822,0.000251646,0.020210168,0.327778439,0,1,1,1 
HDVD_45,Heavy Duty Trucks_Diesel_Rigid 28 - 32 t_Euro II,,,-0.04,0.5,12,86,-5.15E-05,0.010619656,-0.193057115,4.231271256,0.000440071,-0.013010307,0.216097632,0,1,1,1 
HDVD_45,Heavy Duty Trucks_Diesel_Rigid 28 - 32 t_Euro II,,,-0.04,1,12,86,8.99E-06,-0.003680936,0.880380353,-4.875450201,0.000468402,0.000399958,0.098041595,0,1,1,1 
HDVD_45,Heavy Duty Trucks_Diesel_Rigid 28 - 32 t_Euro II,,,-0.02,0,12,86,0.000412088,-0.012050549,0.824894515,4.713939466,0.000508775,0.001717044,0.318087719,0,1,1,1 
HDVD_45,Heavy Duty Trucks_Diesel_Rigid 28 - 32 t_Euro II,,,-0.02,0.5,12,86,0.000254613,-0.01287456,0.37351102,5.933965127,0.00036126,-0.013418326,0.365530228,0,1,1,1 
HDVD_45,Heavy Duty Trucks_Diesel_Rigid 28 - 32 t_Euro II,,,-0.02,1,12,86,0.001561144,-0.113625905,3.55324047,8.511715486,0.001521689,-0.061099486,1.461010097,0,1,1,1 
HDVD_45,Heavy Duty Trucks_Diesel_Rigid 28 - 32 t_Euro II,,,0,0,12,86,3.63E-05,0.00783393,0.902027109,8.038527952,-7.58E-05,0.022464813,0.258097397,0,1,1,1 
HDVD_45,Heavy Duty Trucks_Diesel_Rigid 28 - 32 t_Euro II,,,0,0.5,12,86,0.003509554,-0.16664683,3.359458902,13.76362166,0.002080841,-0.085099227,1.579776239,0,1,1,1 
HDVD_45,Heavy Duty Trucks_Diesel_Rigid 28 - 32 t_Euro II,,,0,1,12,86,0.001188738,-0.064637963,1.042259797,6.339888106,0.000597354,-0.030309625,0.505933644,0,1,1,1 
HDVD_45,Heavy Duty Trucks_Diesel_Rigid 28 - 32 t_Euro II,,,0.02,0,12,86,0.000452532,0.030018311,2.129539102,6.999921899,4.14E-05,0.048049051,0.273135267,0,1,1,1 
HDVD_45,Heavy Duty Trucks_Diesel_Rigid 28 - 32 t_Euro II,,,0.02,0.5,12,86,0.003269358,0.006267761,-1.158724928,19.71648039,0.002288618,-0.058784881,0.607556169,0,1,1,1 
HDVD_45,Heavy Duty Trucks_Diesel_Rigid 28 - 32 t_Euro II,,,0.02,1,12,83,0.002250435,-0.14294307,5.365421867,7.928362424,0.0009122,-0.03441935,1.120347473,0,1,1,1 
HDVD_45,Heavy Duty Trucks_Diesel_Rigid 28 - 32 t_Euro II,,,0.04,0,12,86,-0.000405756,0.032517524,0.390044745,-8.103605486,-0.00024958,0.02519627,-0.254844737,0,1,1,1 
HDVD_45,Heavy Duty Trucks_Diesel_Rigid 28 - 32 t_Euro II,,,0.04,0.5,12,75,0.001007078,-0.072961519,5.251761177,2.565020613,0.000405699,-0.003212462,0.86445517,0,1,1,1 
HDVD_45,Heavy Duty Trucks_Diesel_Rigid 28 - 32 t_Euro II,,,0.04,1,12,59,0.004336788,-0.313190915,17.00879631,7.242334419,0.001307886,-0.015371763,2.131716122,0,1,1,1 
HDVD_45,Heavy Duty Trucks_Diesel_Rigid 28 - 32 t_Euro II,,,0.06,0,12,83,-0.000969615,0.425829859,10.8415945,12.34014839,0.001360264,0.160374016,1.526453186,0,1,1,1 
HDVD_45,Heavy Duty Trucks_Diesel_Rigid 28 - 32 t_Euro II,,,0.06,0.5,12,58,0.003255022,-0.207173992,9.852993178,-4.076382891,0.000970591,-0.014405566,1.21521228,0,1,1,1 
HDVD_45,Heavy Duty Trucks_Diesel_Rigid 28 - 32 t_Euro II,,,0.06,1,12,44,0.000623384,-0.122911093,7.957404831,8.376918757,-0.000164591,0.021347747,0.659962053,0,1,1,1 
HDVD_46,Heavy Duty Trucks_Diesel_Rigid 28 - 32 t_Euro III,,,-0.06,0,12,86,1.72E-05,-0.005495875,0.524646723,2.80643725,1.67E-05,0.008428468,0.108738526,0,1,1,1 
HDVD_46,Heavy Duty Trucks_Diesel_Rigid 28 - 32 t_Euro III,,,-0.06,0.5,12,86,1.55E-19,-2.62E-17,3.983748988,5.43E-14,0.001968727,0.028042327,0.712531922,0,1,1,1 
HDVD_46,Heavy Duty Trucks_Diesel_Rigid 28 - 32 t_Euro III,,,-0.06,1,12,86,-9.13E-06,0.002666198,1.338864857,-5.81215653,0.000732048,0.008811665,0.085210337,0,1,1,1 
HDVD_46,Heavy Duty Trucks_Diesel_Rigid 28 - 32 t_Euro III,,,-0.04,0,12,86,1.17E-05,-0.003996425,0.413023384,2.469134876,-9.37E-06,0.006050809,0.074397748,0,1,1,1 
HDVD_46,Heavy Duty Trucks_Diesel_Rigid 28 - 32 t_Euro III,,,-0.04,0.5,12,86,0.000150962,-0.026037865,2.064175388,4.403569287,0.000204357,0.014855767,0.382475997,0,1,1,1 
HDVD_46,Heavy Duty Trucks_Diesel_Rigid 28 - 32 t_Euro III,,,-0.04,1,12,86,-6.06E-05,0.014363628,-0.261478623,6.073828577,0.00037849,-0.011282098,0.189500946,0,1,1,1 
HDVD_46,Heavy Duty Trucks_Diesel_Rigid 28 - 32 t_Euro III,,,-0.02,0,12,86,0.000609873,-0.018722838,1.64297943,5.663173712,0.000435364,0.005241398,0.326089805,0,1,1,1 
HDVD_46,Heavy Duty Trucks_Diesel_Rigid 28 - 32 t_Euro III,,,-0.02,0.5,12,86,0.000911027,-0.049819104,2.616340294,6.509422245,0.000706366,-0.006274937,0.594904834,0,1,1,1 
HDVD_46,Heavy Duty Trucks_Diesel_Rigid 28 - 32 t_Euro III,,,-0.02,1,12,86,0.000194984,-0.002443055,0.141911837,6.834388828,0.000320054,-0.0105113,0.234060708,0,1,1,1 
HDVD_46,Heavy Duty Trucks_Diesel_Rigid 28 - 32 t_Euro III,,,0,0,12,86,0.000516544,-0.02401166,0.509021457,9.561601192,0.00036364,-0.015204064,0.370930414,0,1,1,1 
HDVD_46,Heavy Duty Trucks_Diesel_Rigid 28 - 32 t_Euro III,,,0,0.5,12,86,0.003272452,-0.151997289,4.473760934,15.297035,0.00169946,-0.05259387,1.308246622,0,1,1,1 
HDVD_46,Heavy Duty Trucks_Diesel_Rigid 28 - 32 t_Euro III,,,0,1,12,86,0.00157371,-0.082728511,1.659267657,8.372468436,0.000710208,-0.031421807,0.576919612,0,1,1,1 
HDVD_46,Heavy Duty Trucks_Diesel_Rigid 28 - 32 t_Euro III,,,0.02,0,12,86,0.000593024,-0.013505066,-0.245772802,12.3994555,0.000487716,-0.022228175,0.347945446,0,1,1,1 
HDVD_46,Heavy Duty Trucks_Diesel_Rigid 28 - 32 t_Euro III,,,0.02,0.5,12,86,0.000752941,-0.015949291,0.077950353,9.574043309,0.000479326,-0.017736878,0.2957508,0,1,1,1 
HDVD_46,Heavy Duty Trucks_Diesel_Rigid 28 - 32 t_Euro III,,,0.02,1,12,84,0.001550001,-0.096612297,2.856497368,7.379817963,0.000620086,-0.026565805,0.65510423,0,1,1,1 
HDVD_46,Heavy Duty Trucks_Diesel_Rigid 28 - 32 t_Euro III,,,0.04,0,12,86,0.000607508,-0.000943115,-0.486164601,8.324909627,0.000521293,-0.0187302,0.208233113,0,1,1,1 
HDVD_46,Heavy Duty Trucks_Diesel_Rigid 28 - 32 t_Euro III,,,0.04,0.5,12,77,0.000608672,-0.003937165,1.761599197,6.60211776,0.000502211,-0.005890862,0.408273597,0,1,1,1 
HDVD_46,Heavy Duty Trucks_Diesel_Rigid 28 - 32 t_Euro III,,,0.04,1,12,61,0.001091485,-0.08325065,4.799360714,2.601672674,0.000352487,-0.002375704,0.581662778,0,1,1,1 
HDVD_46,Heavy Duty Trucks_Diesel_Rigid 28 - 32 t_Euro III,,,0.06,0,12,84,6.65E-05,-0.000769823,1.747033226,3.317280257,7.90E-06,0.012935335,0.247626975,0,1,1,1 
HDVD_46,Heavy Duty Trucks_Diesel_Rigid 28 - 32 t_Euro III,,,0.06,0.5,12,59,0.001977461,-0.136249044,7.002101101,3.630425287,0.00065967,-0.01036078,0.992688242,0,1,1,1 
HDVD_46,Heavy Duty Trucks_Diesel_Rigid 28 - 32 t_Euro III,,,0.06,1,12,45,0.001022498,-0.192996869,6.948876105,13.21828382,-0.000497749,0.012455514,0.669092182,0,1,1,1 
HDVD_47,Heavy Duty Trucks_Diesel_Rigid 28 - 32 t_Euro IV,,,-0.06,0,12,86,3.59E-05,-0.007227367,0.369507514,3.15416113,0.000386923,0.007149875,0.281500702,0,1,1,1 
HDVD_47,Heavy Duty Trucks_Diesel_Rigid 28 - 32 t_Euro IV,,,-0.06,0.5,12,86,4.33E-05,-0.009085322,0.547128152,2.823775518,0.001055969,0.00238632,0.399949587,0,1,1,1 
HDVD_47,Heavy Duty Trucks_Diesel_Rigid 28 - 32 t_Euro IV,,,-0.06,1,12,86,-0.000203014,-0.000396316,1.585030968,1.531855775,0.006331855,-0.05354697,1.247488371,0,1,1,1 
HDVD_47,Heavy Duty Trucks_Diesel_Rigid 28 - 32 t_Euro IV,,,-0.04,0,12,86,-4.64E-05,-0.012509772,1.768826421,-3.221912968,0.00057509,0.065800153,-0.059576199,0,1,1,1 
HDVD_47,Heavy Duty Trucks_Diesel_Rigid 28 - 32 t_Euro IV,,,-0.04,0.5,12,86,5.28E-05,-0.012132217,0.748735725,3.706671459,0.000360738,0.016689709,0.368011985,0,1,1,1 
HDVD_47,Heavy Duty Trucks_Diesel_Rigid 28 - 32 t_Euro IV,,,-0.04,1,12,86,-0.000500601,0.014855726,2.827455982,-1.371903845,0.004904732,0.022684888,1.005450044,0,1,1,1 
HDVD_47,Heavy Duty Trucks_Diesel_Rigid 28 - 32 t_Euro IV,,,-0.02,0,12,86,0.000235693,-0.003079699,0.715485516,4.976389058,0.000499002,0.01807105,0.253942004,0,1,1,1 
HDVD_47,Heavy Duty Trucks_Diesel_Rigid 28 - 32 t_Euro IV,,,-0.02,0.5,12,86,-0.000225349,0.030986349,1.838824782,0.690159676,0.001394119,0.068210381,0.127073746,0,1,1,1 
HDVD_47,Heavy Duty Trucks_Diesel_Rigid 28 - 32 t_Euro IV,,,-0.02,1,12,86,-0.000248344,0.02062519,1.552873836,1.59799374,0.000886277,0.053833517,0.190727955,0,1,1,1 
HDVD_47,Heavy Duty Trucks_Diesel_Rigid 28 - 32 t_Euro IV,,,0,0,12,86,0.00037129,0.11897408,1.942226143,-5.669441989,0.001804127,0.122763412,-0.568023611,0,1,1,1 
HDVD_47,Heavy Duty Trucks_Diesel_Rigid 28 - 32 t_Euro IV,,,0,0.5,12,86,0.000345217,0.108712444,1.691349655,-5.876426619,0.001513231,0.103980047,-0.470401765,0,1,1,1 
HDVD_47,Heavy Duty Trucks_Diesel_Rigid 28 - 32 t_Euro IV,,,0,1,12,86,0.000146368,0.060422619,1.150528629,-6.470940237,0.000726507,0.05710806,-0.28144271,0,1,1,1 
HDVD_47,Heavy Duty Trucks_Diesel_Rigid 28 - 32 t_Euro IV,,,0.02,0,12,86,4.59E-05,0.025962258,0.818471243,4.637251815,9.21E-05,0.034558116,0.116273669,0,1,1,1 
HDVD_47,Heavy Duty Trucks_Diesel_Rigid 28 - 32 t_Euro IV,,,0.02,0.5,12,86,0.001590142,0.474620303,4.34483535,-2.49518706,0.003852278,0.297916095,-0.789926528,0,1,1,1 
HDVD_47,Heavy Duty Trucks_Diesel_Rigid 28 - 32 t_Euro IV,,,0.02,1,12,84,0.000754076,0.206468259,-0.19721695,-17.73605265,0.001779139,0.077771898,-0.910211747,0,1,1,1 
HDVD_47,Heavy Duty Trucks_Diesel_Rigid 28 - 32 t_Euro IV,,,0.04,0,12,86,0.000260247,0.075998823,1.132385661,8.729994542,0.000379088,0.063323283,0.076863023,0,1,1,1 
HDVD_47,Heavy Duty Trucks_Diesel_Rigid 28 - 32 t_Euro IV,,,0.04,0.5,12,79,3.72E-05,-0.004606866,0.050367603,7.195042689,4.09E-05,-0.006085486,0.233702353,0,1,1,1 
HDVD_47,Heavy Duty Trucks_Diesel_Rigid 28 - 32 t_Euro IV,,,0.04,1,12,62,-0.000644379,-0.000583618,3.534530923,-10.60647314,-0.000648483,0.046744296,0.194898936,0,1,1,1 
HDVD_47,Heavy Duty Trucks_Diesel_Rigid 28 - 32 t_Euro IV,,,0.06,0,12,84,0.00440582,0.988476135,1.725948531,4.129039506,0.00758881,0.430274502,-1.901809428,0,1,1,1 
HDVD_47,Heavy Duty Trucks_Diesel_Rigid 28 - 32 t_Euro IV,,,0.06,0.5,12,61,-0.000524996,-0.018119181,4.2250132,-8.606873722,-0.000613075,0.042596225,0.41490611,0,1,1,1 
HDVD_47,Heavy Duty Trucks_Diesel_Rigid 28 - 32 t_Euro IV,,,0.06,1,12,46,2.16E-05,-0.055105283,2.964087976,-5.475334204,-0.000446264,0.020034088,0.209493913,0,1,1,1 
HDVD_47,Heavy Duty Trucks_Diesel_Rigid 28 - 32 t_Euro IV,,,-0.06,0,12,86,3.59E-05,-0.007227367,0.369507514,3.15416113,0.000386923,0.007149875,0.281500702,0,1,1,1 
HDVD_47,Heavy Duty Trucks_Diesel_Rigid 28 - 32 t_Euro IV,,,-0.06,0.5,12,86,4.33E-05,-0.009085322,0.547128152,2.823775518,0.001055969,0.00238632,0.399949587,0,1,1,1 
HDVD_47,Heavy Duty Trucks_Diesel_Rigid 28 - 32 t_Euro IV,,,-0.06,1,12,86,-0.000203014,-0.000396316,1.585030968,1.531855775,0.006331855,-0.05354697,1.247488371,0,1,1,1 
HDVD_47,Heavy Duty Trucks_Diesel_Rigid 28 - 32 t_Euro IV,,,-0.04,0,12,86,-4.64E-05,-0.012509772,1.768826421,-3.221912968,0.00057509,0.065800153,-0.059576199,0,1,1,1 
HDVD_47,Heavy Duty Trucks_Diesel_Rigid 28 - 32 t_Euro IV,,,-0.04,1,12,86,-0.000500601,0.014855726,2.827455982,-1.371903845,0.004904732,0.022684888,1.005450044,0,1,1,1 
HDVD_47,Heavy Duty Trucks_Diesel_Rigid 28 - 32 t_Euro IV,,,-0.02,0,12,86,0.000235693,-0.003079699,0.715485516,4.976389058,0.000499002,0.01807105,0.253942004,0,1,1,1 
HDVD_47,Heavy Duty Trucks_Diesel_Rigid 28 - 32 t_Euro IV,,,-0.02,1,12,86,-0.000248344,0.02062519,1.552873836,1.59799374,0.000886277,0.053833517,0.190727955,0,1,1,1 
HDVD_47,Heavy Duty Trucks_Diesel_Rigid 28 - 32 t_Euro IV,,,0,0,12,86,0.00037129,0.11897408,1.942226143,-5.669441989,0.001804127,0.122763412,-0.568023611,0,1,1,1 
HDVD_47,Heavy Duty Trucks_Diesel_Rigid 28 - 32 t_Euro IV,,,0,1,12,86,0.000146368,0.060422619,1.150528629,-6.470940237,0.000726507,0.05710806,-0.28144271,0,1,1,1 
HDVD_47,Heavy Duty Trucks_Diesel_Rigid 28 - 32 t_Euro IV,,,0.02,0,12,86,4.59E-05,0.025962258,0.818471243,4.637251815,9.21E-05,0.034558116,0.116273669,0,1,1,1 
HDVD_47,Heavy Duty Trucks_Diesel_Rigid 28 - 32 t_Euro IV,,,0.02,1,12,84,0.000754076,0.206468259,-0.19721695,-17.73605265,0.001779139,0.077771898,-0.910211747,0,1,1,1 
HDVD_47,Heavy Duty Trucks_Diesel_Rigid 28 - 32 t_Euro IV,,,0.04,0,12,86,0.000260247,0.075998823,1.132385661,8.729994542,0.000379088,0.063323283,0.076863023,0,1,1,1 
HDVD_47,Heavy Duty Trucks_Diesel_Rigid 28 - 32 t_Euro IV,,,0.04,1,12,62,-0.000644379,-0.000583618,3.534530923,-10.60647314,-0.000648483,0.046744296,0.194898936,0,1,1,1 
HDVD_47,Heavy Duty Trucks_Diesel_Rigid 28 - 32 t_Euro IV,,,0.06,0,12,84,0.00440582,0.988476135,1.725948531,4.129039506,0.00758881,0.430274502,-1.901809428,0,1,1,1 
HDVD_47,Heavy Duty Trucks_Diesel_Rigid 28 - 32 t_Euro IV,,,0.06,0.5,12,61,-0.000524996,-0.018119181,4.2250132,-8.606873722,-0.000613075,0.042596225,0.41490611,0,1,1,1 
HDVD_47,Heavy Duty Trucks_Diesel_Rigid 28 - 32 t_Euro IV,,,0.06,1,12,46,2.16E-05,-0.055105283,2.964087976,-5.475334204,-0.000446264,0.020034088,0.209493913,0,1,1,1 
HDVD_48,Heavy Duty Trucks_Diesel_Rigid 28 - 32 t_Euro V,SCR,,-0.06,0,5,70,-0.001726965,0.140185721,-1.105911315,2.35709256,0.00506588,-0.044651619,0.100804785,0,1,1,1 
HDVD_48,Heavy Duty Trucks_Diesel_Rigid 28 - 32 t_Euro V,SCR,,-0.06,0.5,5,65,-0.001632056,0.123635934,-0.963463638,2.056678284,0.004438741,-0.039137793,0.089265934,0,1,1,1 
HDVD_48,Heavy Duty Trucks_Diesel_Rigid 28 - 32 t_Euro V,SCR,,-0.06,1,5,75,-0.000734951,0.063061318,-0.514786132,2.956721685,0.00324856,-0.036075782,0.169706576,0,1,1,1 
HDVD_48,Heavy Duty Trucks_Diesel_Rigid 28 - 32 t_Euro V,SCR,,-0.04,0,5,85,-0.003042532,0.323852766,-2.055856337,3.906475045,0.010148825,-0.07137647,0.148212796,0,1,1,1 
HDVD_48,Heavy Duty Trucks_Diesel_Rigid 28 - 32 t_Euro V,SCR,,-0.04,0.5,5,80,-0.004570932,0.389384473,-1.648170506,1.242630622,0.010294785,-0.039352705,0.011592174,0,1,1,1 
HDVD_48,Heavy Duty Trucks_Diesel_Rigid 28 - 32 t_Euro V,SCR,,-0.04,1,5,85,-0.002106804,0.197919781,-1.190234443,2.359372935,0.00561194,-0.039250296,0.090302683,0,1,1,1 
HDVD_48,Heavy Duty Trucks_Diesel_Rigid 28 - 32 t_Euro V,SCR,,-0.02,0,5,85,0.00128685,0.285672087,-1.727453827,3.455898945,0.009193646,-0.058778798,0.12423741,0,1,1,1 
HDVD_48,Heavy Duty Trucks_Diesel_Rigid 28 - 32 t_Euro V,SCR,,-0.02,0.5,5,85,-0.001001635,0.366410864,-1.897443446,3.315737723,0.009062332,-0.04918865,0.098422513,0,1,1,1 
HDVD_48,Heavy Duty Trucks_Diesel_Rigid 28 - 32 t_Euro V,SCR,,-0.02,1,5,85,-0.003703187,0.630090658,-2.565192009,1.618330777,0.011678925,-0.032180978,-0.026281963,0,1,1,1 
HDVD_48,Heavy Duty Trucks_Diesel_Rigid 28 - 32 t_Euro V,SCR,,0,0,5,85,0.00877007,0.31829291,-1.638000167,4.281797954,0.011154055,-0.063243115,0.16447069,0,1,1,1 
HDVD_48,Heavy Duty Trucks_Diesel_Rigid 28 - 32 t_Euro V,SCR,,0,0.5,5,85,0.011463418,0.580976487,-2.76268735,1.737396591,0.0135389,-0.050192421,1.17E-13,0,1,1,1 
HDVD_48,Heavy Duty Trucks_Diesel_Rigid 28 - 32 t_Euro V,SCR,,0,1,5,85,0.011807643,0.735829715,-3.41168124,2.477431558,0.013983513,-0.048911431,-5.62E-12,0,1,1,1 
HDVD_48,Heavy Duty Trucks_Diesel_Rigid 28 - 32 t_Euro V,SCR,,0.02,0,5,85,0.013059598,-0.001167702,9.097020604,0.73210793,0.004730422,0.112970826,0.373738905,0,1,1,1 
HDVD_48,Heavy Duty Trucks_Diesel_Rigid 28 - 32 t_Euro V,SCR,,0.02,0.5,5,85,0.019141114,0.048530979,-0.303988503,9.778229353,0.007561895,-0.062380921,0.343446095,0,1,1,1 
HDVD_48,Heavy Duty Trucks_Diesel_Rigid 28 - 32 t_Euro V,SCR,,0.02,1,5,85,-0.001440205,0.102184834,3.931428565,-1.232701143,-0.000567968,0.061657462,0.036546064,0,1,1,1 
HDVD_48,Heavy Duty Trucks_Diesel_Rigid 28 - 32 t_Euro V,SCR,,0.04,0,5,85,0.025353564,-0.198675434,2.16185076,19.98454415,0.007872307,-0.077724497,0.762391195,0,1,1,1 
HDVD_48,Heavy Duty Trucks_Diesel_Rigid 28 - 32 t_Euro V,SCR,,0.04,0.5,5,75,-0.003226311,0.238300011,4.419401351,-1.483760899,-0.000755317,0.0850708,2.87E-11,0,1,1,1 
HDVD_48,Heavy Duty Trucks_Diesel_Rigid 28 - 32 t_Euro V,SCR,,0.04,1,5,60,0.000140238,-0.017028407,0.553236943,6.710420572,1.85E-06,-0.001261477,0.120152381,0,1,1,1 
HDVD_48,Heavy Duty Trucks_Diesel_Rigid 28 - 32 t_Euro V,SCR,,0.06,0,5,80,5.84E-05,-0.008340508,0.257271716,4.770425706,2.06E-05,-0.003010724,0.120145899,0,1,1,1 
HDVD_48,Heavy Duty Trucks_Diesel_Rigid 28 - 32 t_Euro V,SCR,,0.06,0.5,5,60,0.000187998,-0.005333167,0.118680197,6.610196776,0.000105781,-0.0045318,0.111832938,0,1,1,1 
HDVD_48,Heavy Duty Trucks_Diesel_Rigid 28 - 32 t_Euro V,SCR,,0.06,1,5,45,0.040070305,2.067868411,-6.239646392,0.416947559,0.023459092,-0.066097792,-4.36E-12,0,1,1,1 
HDVD_48,Heavy Duty Trucks_Diesel_Rigid 28 - 32 t_Euro V,EGR,,-0.06,0,5,85,-0.002496864,0.288668672,-1.852530826,3.491009802,0.028711679,-0.217255419,0.480446021,0,1,1,1 
HDVD_48,Heavy Duty Trucks_Diesel_Rigid 28 - 32 t_Euro V,EGR,,-0.06,0.5,5,70,-0.003642915,0.28827786,-1.646796144,1.548565843,0.019985789,-0.088545179,-0.049235591,0,1,1,1 
HDVD_48,Heavy Duty Trucks_Diesel_Rigid 28 - 32 t_Euro V,EGR,,-0.06,1,5,85,-0.00129365,0.148682183,-1.096221605,2.231925131,0.017056217,-0.148400625,0.342848978,0,1,1,1 
HDVD_48,Heavy Duty Trucks_Diesel_Rigid 28 - 32 t_Euro V,EGR,,-0.04,0,5,85,-0.002825039,0.384585125,-1.842460344,2.841893465,0.027217231,-0.141884006,0.286079923,0,1,1,1 
HDVD_48,Heavy Duty Trucks_Diesel_Rigid 28 - 32 t_Euro V,EGR,,-0.04,0.5,5,85,-0.002421624,0.304188596,-1.624183316,2.6965138,0.022885854,-0.144194672,0.306051605,0,1,1,1 
HDVD_48,Heavy Duty Trucks_Diesel_Rigid 28 - 32 t_Euro V,EGR,,-0.04,1,5,85,-0.003173577,0.375696476,-2.07792969,3.552960144,0.028227525,-0.190763186,0.417292491,0,1,1,1 
HDVD_48,Heavy Duty Trucks_Diesel_Rigid 28 - 32 t_Euro V,EGR,,-0.02,0,5,85,0.00249596,0.447537476,-1.932026452,2.814048027,0.030915876,-0.139433933,0.26145016,0,1,1,1 
HDVD_48,Heavy Duty Trucks_Diesel_Rigid 28 - 32 t_Euro V,EGR,,-0.02,0.5,5,85,-0.001251824,0.421272388,-1.902720711,2.831590519,0.024185316,-0.116294096,0.231566132,0,1,1,1 
HDVD_48,Heavy Duty Trucks_Diesel_Rigid 28 - 32 t_Euro V,EGR,,-0.02,1,5,85,-0.001738892,0.370623679,-1.692629587,2.56217303,0.020352892,-0.107158824,0.225799741,0,1,1,1 
HDVD_48,Heavy Duty Trucks_Diesel_Rigid 28 - 32 t_Euro V,EGR,,0,0,5,85,0.007690209,0.673158062,-2.100877712,2.18014427,0.035412636,-0.08543055,0.126473803,0,1,1,1 
HDVD_48,Heavy Duty Trucks_Diesel_Rigid 28 - 32 t_Euro V,EGR,,0,0.5,5,85,0.003325775,0.391698208,-2.007542229,2.115069718,0.018627615,-0.075479937,0.035411331,0,1,1,1 
HDVD_48,Heavy Duty Trucks_Diesel_Rigid 28 - 32 t_Euro V,EGR,,0,1,5,85,0.000455905,0.198728624,-1.722486827,2.136539391,0.007374856,-0.054279883,0.015125355,0,1,1,1 
HDVD_48,Heavy Duty Trucks_Diesel_Rigid 28 - 32 t_Euro V,EGR,,0.02,0,5,85,0.014238654,1.03768371,-2.587900185,2.371596057,0.048667715,-0.095534137,0.175931119,0,1,1,1 
HDVD_48,Heavy Duty Trucks_Diesel_Rigid 28 - 32 t_Euro V,EGR,,0.02,0.5,5,85,0.007224111,0.539885958,-2.167171899,3.508374615,0.024513477,-0.10430679,0.218132158,0,1,1,1 
HDVD_48,Heavy Duty Trucks_Diesel_Rigid 28 - 32 t_Euro V,EGR,,0.02,1,5,85,0.002955587,0.52604555,-2.138893935,3.115178495,0.018431006,-0.075010303,0.133604461,0,1,1,1 
HDVD_48,Heavy Duty Trucks_Diesel_Rigid 28 - 32 t_Euro V,EGR,,0.04,0,5,85,0.002329103,0.212509564,-1.887671937,1.953429274,0.008449619,-0.059789946,7.36E-15,0,1,1,1 
HDVD_48,Heavy Duty Trucks_Diesel_Rigid 28 - 32 t_Euro V,EGR,,0.04,0.5,5,75,-0.00016364,-0.015123564,2.655983198,-2.040848588,-0.000819477,0.077653489,0.026592921,0,1,1,1 
HDVD_48,Heavy Duty Trucks_Diesel_Rigid 28 - 32 t_Euro V,EGR,,0.04,1,5,60,-0.000513073,1.040990154,-3.509080569,1.683504429,0.027017725,-0.076042459,-7.79E-14,0,1,1,1 
HDVD_48,Heavy Duty Trucks_Diesel_Rigid 28 - 32 t_Euro V,EGR,,0.06,0,5,80,-0.000266755,0.003493079,2.112392232,-1.525000603,-0.000661962,0.070387048,0.03895845,0,1,1,1 
HDVD_48,Heavy Duty Trucks_Diesel_Rigid 28 - 32 t_Euro V,EGR,,0.06,0.5,5,60,0.000621806,0.792380091,-2.58651742,1.123336777,0.02146906,-0.059146039,-7.00E-14,0,1,1,1 
HDVD_48,Heavy Duty Trucks_Diesel_Rigid 28 - 32 t_Euro V,EGR,,0.06,1,5,45,-0.000978784,0.376639562,-2.443443057,1.291350645,0.009124896,-0.061510815,0.040045269,0,1,1,1 
HDVD_49,Heavy Duty Trucks_Diesel_Rigid 28 - 32 t_Euro VI,,,-0.06,0,5,80,-0.004260734,0.377806171,-1.708757828,2.453924217,0.124793935,-0.588428449,1.289336977,0,1,1,1 
HDVD_49,Heavy Duty Trucks_Diesel_Rigid 28 - 32 t_Euro VI,,,-0.06,0.5,5,80,-0.002544658,0.2288438,-1.161916925,1.910289143,0.096428696,-0.608586274,1.446544222,0,1,1,1 
HDVD_49,Heavy Duty Trucks_Diesel_Rigid 28 - 32 t_Euro VI,,,-0.06,1,5,80,-0.002551627,0.222924221,-1.111698148,1.938609003,0.103621266,-0.699244387,1.805547679,0,1,1,1 
HDVD_49,Heavy Duty Trucks_Diesel_Rigid 28 - 32 t_Euro VI,,,-0.04,0,5,85,-0.004956034,0.518022955,-1.850974604,1.987436071,0.103755479,-0.099270268,0.125211051,0,1,1,1 
HDVD_49,Heavy Duty Trucks_Diesel_Rigid 28 - 32 t_Euro VI,,,-0.04,0.5,5,85,-0.005026222,0.456294279,-1.978978092,1.68098501,0.087303371,-0.026535238,-0.943469661,0,1,1,1 
HDVD_49,Heavy Duty Trucks_Diesel_Rigid 28 - 32 t_Euro VI,,,-0.04,1,5,80,-0.003552342,0.312431584,-1.413534849,1.404183467,0.064853187,-0.117727876,-0.319009521,0,1,1,1 
HDVD_49,Heavy Duty Trucks_Diesel_Rigid 28 - 32 t_Euro VI,,,-0.02,0,5,85,0.000100093,-0.048624587,3.741820448,-3.767046434,-0.006181096,0.524153266,2.203516914,0,1,1,1 
HDVD_49,Heavy Duty Trucks_Diesel_Rigid 28 - 32 t_Euro VI,,,-0.02,0.5,5,85,-0.002502573,0.329861067,-1.574547544,0.86313806,0.038712977,0.121709346,-1.254556518,0,1,1,1 
HDVD_49,Heavy Duty Trucks_Diesel_Rigid 28 - 32 t_Euro VI,,,-0.02,1,5,85,-0.003112756,0.356454054,-1.755565142,1.278640779,0.044928286,0.05429632,-1.055834127,0,1,1,1 
HDVD_49,Heavy Duty Trucks_Diesel_Rigid 28 - 32 t_Euro VI,,,0,0,5,85,-9.53E-05,-0.021562789,2.674792393,-2.360320645,-0.003449245,0.283176839,1.571121902,0,1,1,1 
HDVD_49,Heavy Duty Trucks_Diesel_Rigid 28 - 32 t_Euro VI,,,0,0.5,5,85,-0.000109629,-0.020652953,2.680007369,-2.705165748,-0.003896257,0.327181,0.999849671,0,1,1,1 
HDVD_49,Heavy Duty Trucks_Diesel_Rigid 28 - 32 t_Euro VI,,,0,1,5,85,-0.0003731,-0.03367011,5.817491222,-7.117433215,-0.009952809,0.853182077,0.771152889,0,1,1,1 
HDVD_49,Heavy Duty Trucks_Diesel_Rigid 28 - 32 t_Euro VI,,,0.02,0,5,85,-0.001135595,0.111729861,2.053296632,-3.131864942,0.000149227,0.436679324,0.09710424,0,1,1,1 
HDVD_49,Heavy Duty Trucks_Diesel_Rigid 28 - 32 t_Euro VI,,,0.02,0.5,5,85,-0.003569888,0.719298291,-2.169028687,-3.343221473,0.051727631,0.383078801,-2.55033191,0,1,1,1 
HDVD_49,Heavy Duty Trucks_Diesel_Rigid 28 - 32 t_Euro VI,,,0.02,1,5,85,0.000506096,0.521701419,-1.671747182,1.353638091,0.065084764,-0.121256662,-1.14E-12,0,1,1,1 
HDVD_49,Heavy Duty Trucks_Diesel_Rigid 28 - 32 t_Euro VI,,,0.04,0,5,85,-0.001320371,0.156239942,2.391971521,0.348666099,0.008465539,0.318072553,1.374299614,0,1,1,1 
HDVD_49,Heavy Duty Trucks_Diesel_Rigid 28 - 32 t_Euro VI,,,0.04,0.5,5,80,0.001443181,0.726492148,-2.374088359,1.513122165,0.091109207,-0.214988141,1.30E-12,0,1,1,1 
HDVD_49,Heavy Duty Trucks_Diesel_Rigid 28 - 32 t_Euro VI,,,0.04,1,5,60,0.010733294,1.055988393,-2.635648175,-1.10535831,0.160623355,-0.453444433,-2.11E-09,0,1,1,1 
HDVD_49,Heavy Duty Trucks_Diesel_Rigid 28 - 32 t_Euro VI,,,0.06,0,5,85,-0.002167496,0.564764371,-1.476411589,1.805911052,0.050605814,0.024607309,-1.02E-11,0,1,1,1 
HDVD_49,Heavy Duty Trucks_Diesel_Rigid 28 - 32 t_Euro VI,,,0.06,0.5,5,60,0.009841176,1.035356791,-2.638223347,-0.875302674,0.150324689,-0.422260974,2.71E-09,0,1,1,1 
HDVD_49,Heavy Duty Trucks_Diesel_Rigid 28 - 32 t_Euro VI,,,0.06,1,5,45,0.00686736,0.915121163,-3.814290177,-2.42045946,0.111212475,-0.511706059,9.14E-12,0,1,1,1 
HDVD_50,Heavy Duty Trucks_Diesel_Rigid >32 t_Conventional,,,-0.06,0,12,86,9.19E-06,-0.011915378,1.633120044,-3.934758255,0.000180042,0.023384176,-0.05157951,0,1,1,1 
HDVD_50,Heavy Duty Trucks_Diesel_Rigid >32 t_Conventional,,,-0.06,0.5,12,86,-3.02E-06,0.000844241,1.46804244,-5.065787934,0.000777659,0.007335198,0.040350535,0,1,1,1 
HDVD_50,Heavy Duty Trucks_Diesel_Rigid >32 t_Conventional,,,-0.06,1,12,86,2.10E-07,-0.000417835,1.469037406,-5.384429694,0.000741861,0.006342304,0.050034718,0,1,1,1 
HDVD_50,Heavy Duty Trucks_Diesel_Rigid >32 t_Conventional,,,-0.04,0,12,86,3.23E-05,-0.031705952,4.244821958,1.220989613,0.00024323,0.054118302,0.055126001,0,1,1,1 
HDVD_50,Heavy Duty Trucks_Diesel_Rigid >32 t_Conventional,,,-0.04,0.5,12,86,6.59E-05,-0.018928957,1.689375375,3.368986092,0.000122484,0.015616696,0.133871292,0,1,1,1 
HDVD_50,Heavy Duty Trucks_Diesel_Rigid >32 t_Conventional,,,-0.04,1,12,86,5.36E-05,-0.014306107,1.072168489,4.108795452,6.58E-05,0.007663878,0.136701817,0,1,1,1 
HDVD_50,Heavy Duty Trucks_Diesel_Rigid >32 t_Conventional,,,-0.02,0,12,86,0.000663425,-0.018824468,2.429824364,16.67644015,0.000530165,0.017980999,0.309046986,0,1,1,1 
HDVD_50,Heavy Duty Trucks_Diesel_Rigid >32 t_Conventional,,,-0.02,0.5,12,86,0.000147928,-0.012818898,1.654621012,5.084117936,0.000132585,0.013029484,0.147125036,0,1,1,1 
HDVD_50,Heavy Duty Trucks_Diesel_Rigid >32 t_Conventional,,,-0.02,1,12,86,8.44E-05,0.018951761,-0.610231444,13.96297991,0.000472622,-0.016713877,0.262301644,0,1,1,1 
HDVD_50,Heavy Duty Trucks_Diesel_Rigid >32 t_Conventional,,,0,0,12,86,2.27E-05,0.003857146,0.774211057,5.910662112,-2.57E-05,0.01090969,0.0647007,0,1,1,1 
HDVD_50,Heavy Duty Trucks_Diesel_Rigid >32 t_Conventional,,,0,0.5,12,86,0.000738809,-0.019001581,1.578455473,5.834548322,0.000310105,0.002070737,0.2185175,0,1,1,1 
HDVD_50,Heavy Duty Trucks_Diesel_Rigid >32 t_Conventional,,,0,1,12,86,0.002138772,-0.093429724,3.564152915,9.884724531,0.00077606,-0.017458351,0.610048813,0,1,1,1 
HDVD_50,Heavy Duty Trucks_Diesel_Rigid >32 t_Conventional,,,0.02,0,12,86,7.52E-05,0.013102669,2.01746308,12.84296926,-7.86E-05,0.026309113,0.143905679,0,1,1,1 
HDVD_50,Heavy Duty Trucks_Diesel_Rigid >32 t_Conventional,,,0.02,0.5,12,86,0.000964715,0.009112748,-0.847260389,13.89029596,0.000632462,-0.02045808,0.231095756,0,1,1,1 
HDVD_50,Heavy Duty Trucks_Diesel_Rigid >32 t_Conventional,,,0.02,1,12,78,0.001775546,-0.10496538,4.820143354,5.326767103,0.000515788,-0.013108555,0.640001673,0,1,1,1 
HDVD_50,Heavy Duty Trucks_Diesel_Rigid >32 t_Conventional,,,0.04,0,12,86,0.001187107,0.494193995,4.29818691,-9.652253548,0.00245205,0.116236971,-0.482677555,0,1,1,1 
HDVD_50,Heavy Duty Trucks_Diesel_Rigid >32 t_Conventional,,,0.04,0.5,12,69,-0.000320667,0.151392563,4.356507297,6.775576455,0.000412848,0.039917584,0.32420466,0,1,1,1 
HDVD_50,Heavy Duty Trucks_Diesel_Rigid >32 t_Conventional,,,0.04,1,12,53,8.91E-05,-0.036706661,3.402773796,3.76300116,-8.36E-05,0.00762522,0.299254986,0,1,1,1 
HDVD_50,Heavy Duty Trucks_Diesel_Rigid >32 t_Conventional,,,0.06,0,12,79,2.12E-05,0.007527556,0.91751616,5.93095136,-2.92E-05,0.009529385,0.080786382,0,1,1,1 
HDVD_50,Heavy Duty Trucks_Diesel_Rigid >32 t_Conventional,,,0.06,0.5,12,53,0.00028175,0.111716585,2.996896703,6.514289459,0.000290644,0.0268291,0.226054,0,1,1,1 
HDVD_50,Heavy Duty Trucks_Diesel_Rigid >32 t_Conventional,,,0.06,1,12,39,-0.004439721,0.929546137,7.837034498,1.300113975,0.001377531,0.102987948,0.466975105,0,1,1,1 
HDVD_51,Heavy Duty Trucks_Diesel_Rigid >32 t_Euro I,,,-0.06,0,12,86,1.15E-05,-0.003647056,0.337063496,2.740672286,4.82E-05,0.006693626,0.071690754,0,1,1,1 
HDVD_51,Heavy Duty Trucks_Diesel_Rigid >32 t_Euro I,,,-0.06,0.5,12,86,3.61E-05,-0.011710851,1.94734478,1.442327481,0.000876686,0.018745938,0.250401542,0,1,1,1 
HDVD_51,Heavy Duty Trucks_Diesel_Rigid >32 t_Euro I,,,-0.06,1,12,86,-0.000307414,0.022740395,3.743881059,-2.609910334,0.002979031,0.019005524,0.508521289,0,1,1,1 
HDVD_51,Heavy Duty Trucks_Diesel_Rigid >32 t_Euro I,,,-0.04,0,12,86,1.31E-05,-0.004327193,0.424368542,2.862156718,3.15E-05,0.006692844,0.071498083,0,1,1,1 
HDVD_51,Heavy Duty Trucks_Diesel_Rigid >32 t_Euro I,,,-0.04,0.5,12,86,6.64E-05,-0.016246883,1.24382863,4.212413507,0.000118131,0.012310144,0.206274616,0,1,1,1 
HDVD_51,Heavy Duty Trucks_Diesel_Rigid >32 t_Euro I,,,-0.04,1,12,86,0.000103488,-0.026240145,1.847959651,4.681422218,0.000152142,0.013161894,0.31297838,0,1,1,1 
HDVD_51,Heavy Duty Trucks_Diesel_Rigid >32 t_Euro I,,,-0.02,0,12,86,0.000198203,-0.005611987,0.664561132,4.352778148,0.000194858,0.005631549,0.120575683,0,1,1,1 
HDVD_51,Heavy Duty Trucks_Diesel_Rigid >32 t_Euro I,,,-0.02,0.5,12,86,0.000462641,-0.035868923,3.259783491,8.615577346,0.000462225,0.020006436,0.497491613,0,1,1,1 
HDVD_51,Heavy Duty Trucks_Diesel_Rigid >32 t_Euro I,,,-0.02,1,12,86,0.0097193,3.849491728,-91.66338138,1833.836371,0.09594366,-2.967734767,44.55189062,0,1,1,1 
HDVD_51,Heavy Duty Trucks_Diesel_Rigid >32 t_Euro I,,,0,0,12,86,2.17E-05,0.00427927,0.760378459,5.282566678,-3.51E-05,0.013679648,0.081752384,0,1,1,1 
HDVD_51,Heavy Duty Trucks_Diesel_Rigid >32 t_Euro I,,,0,0.5,12,86,0.001317015,-0.037591305,2.544433282,6.884605475,0.000639228,-0.001059795,0.478492685,0,1,1,1 
HDVD_51,Heavy Duty Trucks_Diesel_Rigid >32 t_Euro I,,,0,1,12,86,0.001758123,-0.097536246,2.022979821,8.629874302,0.000710387,-0.033508248,0.635572558,0,1,1,1 
HDVD_51,Heavy Duty Trucks_Diesel_Rigid >32 t_Euro I,,,0.02,0,12,86,9.49E-05,0.014148554,2.052695811,12.72404964,-0.000117235,0.035873806,0.182218142,0,1,1,1 
HDVD_51,Heavy Duty Trucks_Diesel_Rigid >32 t_Euro I,,,0.02,0.5,12,86,0.003248878,-0.128216452,3.999983753,9.984481629,0.001138861,-0.031828574,0.880279705,0,1,1,1 
HDVD_51,Heavy Duty Trucks_Diesel_Rigid >32 t_Euro I,,,0.02,1,12,79,0.002623826,-0.110351636,4.584723095,4.318625029,0.000940874,-0.029424134,0.828239824,0,1,1,1 
HDVD_51,Heavy Duty Trucks_Diesel_Rigid >32 t_Euro I,,,0.04,0,12,86,0.000785934,0.07954607,8.521757098,-2.66413777,-0.000612614,0.149247696,-0.084752337,0,1,1,1 
HDVD_51,Heavy Duty Trucks_Diesel_Rigid >32 t_Euro I,,,0.04,0.5,12,70,0.003092598,0.149000676,0.100666831,10.9571422,0.001683538,-0.006858866,0.339950646,0,1,1,1 
HDVD_51,Heavy Duty Trucks_Diesel_Rigid >32 t_Euro I,,,0.04,1,12,54,-0.011291634,1.345283622,-10.30470454,-7.351207694,0.000684188,0.135151748,-1.262334036,0,1,1,1 
HDVD_51,Heavy Duty Trucks_Diesel_Rigid >32 t_Euro I,,,0.06,0,12,80,0.001480063,0.288970358,1.188967202,13.30862433,0.000962962,0.081948228,-0.136885184,0,1,1,1 
HDVD_51,Heavy Duty Trucks_Diesel_Rigid >32 t_Euro I,,,0.06,0.5,12,54,-0.001893477,0.089385646,2.625384387,-10.09779639,-0.000468309,0.033860856,0.008782979,0,1,1,1 
HDVD_51,Heavy Duty Trucks_Diesel_Rigid >32 t_Euro I,,,0.06,1,12,39,0.000344171,-0.027955015,0.464093552,5.778150195,6.85E-05,-0.005825082,0.131759753,0,1,1,1 
HDVD_52,Heavy Duty Trucks_Diesel_Rigid >32 t_Euro II,,,-0.06,0,12,86,8.79E-05,-0.019152019,1.770554123,2.792034472,0.000438471,0.039269564,0.281758374,0,1,1,1 
HDVD_52,Heavy Duty Trucks_Diesel_Rigid >32 t_Euro II,,,-0.06,0.5,12,86,2.91E-06,-0.001499062,1.273292872,-5.285681352,0.001111843,0.00844523,0.1101179,0,1,1,1 
HDVD_52,Heavy Duty Trucks_Diesel_Rigid >32 t_Euro II,,,-0.06,1,12,86,8.88E-06,-0.003607005,1.388733253,-6.356462514,0.001079575,0.00578375,0.140011636,0,1,1,1 
HDVD_52,Heavy Duty Trucks_Diesel_Rigid >32 t_Euro II,,,-0.04,0,12,86,2.74E-05,-0.007925031,0.818778618,2.032612337,8.96E-05,0.01740369,0.12319048,0,1,1,1 
HDVD_52,Heavy Duty Trucks_Diesel_Rigid >32 t_Euro II,,,-0.04,0.5,12,86,0.000108217,-0.033302261,3.739124113,1.48045792,0.001004878,0.035449608,0.765087804,0,1,1,1 
HDVD_52,Heavy Duty Trucks_Diesel_Rigid >32 t_Euro II,,,-0.04,1,12,86,1.13E-05,-0.00579273,2.150531527,-11.22624686,0.001119009,0.004294133,0.205278902,0,1,1,1 
HDVD_52,Heavy Duty Trucks_Diesel_Rigid >32 t_Euro II,,,-0.02,0,12,86,0.000293217,-0.010651048,0.818737776,4.463977853,0.00038865,0.004626557,0.250124771,0,1,1,1 
HDVD_52,Heavy Duty Trucks_Diesel_Rigid >32 t_Euro II,,,-0.02,0.5,12,86,0.000148955,1.06E-06,-0.016513217,6.115144803,0.000403301,-0.014182365,0.276784816,0,1,1,1 
HDVD_52,Heavy Duty Trucks_Diesel_Rigid >32 t_Euro II,,,-0.02,1,12,86,0.000579044,-0.044338859,1.451100563,4.838727603,0.000582793,-0.024303646,0.617971381,0,1,1,1 
HDVD_52,Heavy Duty Trucks_Diesel_Rigid >32 t_Euro II,,,0,0,12,86,0.000189748,0.033335135,4.068240841,5.25056335,-0.000373913,0.112442579,0.130326912,0,1,1,1 
HDVD_52,Heavy Duty Trucks_Diesel_Rigid >32 t_Euro II,,,0,0.5,12,86,0.001003355,-0.08056881,3.136611847,4.916995172,0.000244799,-0.006625001,0.780337855,0,1,1,1 
HDVD_52,Heavy Duty Trucks_Diesel_Rigid >32 t_Euro II,,,0,1,12,86,0.001303798,-0.073768256,1.117512668,7.369364484,0.000636161,-0.034695982,0.574686426,0,1,1,1 
HDVD_52,Heavy Duty Trucks_Diesel_Rigid >32 t_Euro II,,,0.02,0,12,86,5.28E-05,0.008478598,0.777567608,5.832475178,-5.90E-05,0.015108577,0.185526202,0,1,1,1 
HDVD_52,Heavy Duty Trucks_Diesel_Rigid >32 t_Euro II,,,0.02,0.5,12,86,0.03024404,1.020487099,-7.064837902,-0.006680208,0.021509494,-0.087112268,0.097652862,0,1,1,1 
HDVD_52,Heavy Duty Trucks_Diesel_Rigid >32 t_Euro II,,,0.02,1,12,81,0.002913911,-0.171814622,6.112092787,7.439745176,0.001327515,-0.056100921,1.482906741,0,1,1,1 
HDVD_52,Heavy Duty Trucks_Diesel_Rigid >32 t_Euro II,,,0.04,0,12,86,4.96E-05,-0.008319144,0.265368284,7.68593956,2.99E-05,-0.005452099,0.252146444,0,1,1,1 
HDVD_52,Heavy Duty Trucks_Diesel_Rigid >32 t_Euro II,,,0.04,0.5,12,75,0.000876131,-0.087139274,6.336803489,2.094390904,0.000338203,-0.006264262,1.143476894,0,1,1,1 
HDVD_52,Heavy Duty Trucks_Diesel_Rigid >32 t_Euro II,,,0.04,1,12,57,0.001776101,-0.167987686,7.522302239,2.346361131,0.000542381,-0.022455381,1.184291097,0,1,1,1 
HDVD_52,Heavy Duty Trucks_Diesel_Rigid >32 t_Euro II,,,0.06,0,12,83,-0.002877014,0.883360488,8.965030945,0.4761268,0.002597186,0.228895566,1.01758415,0,1,1,1 
HDVD_52,Heavy Duty Trucks_Diesel_Rigid >32 t_Euro II,,,0.06,0.5,12,56,0.001224618,-0.169171489,7.673469847,-0.064473295,1.98E-05,-0.005184754,1.077746659,0,1,1,1 
HDVD_52,Heavy Duty Trucks_Diesel_Rigid >32 t_Euro II,,,0.06,1,12,42,0.002252729,-0.233766785,7.728971651,-1.362968557,0.000149506,-0.01501269,0.917929205,0,1,1,1 
HDVD_53,Heavy Duty Trucks_Diesel_Rigid >32 t_Euro III,,,-0.06,0,12,86,2.12E-05,-0.007123215,0.719325739,4.489187257,3.48E-05,0.011351509,0.125740452,0,1,1,1 
HDVD_53,Heavy Duty Trucks_Diesel_Rigid >32 t_Euro III,,,-0.06,0.5,12,86,6.15E-05,-0.013132125,1.199516327,2.971695817,0.000122976,0.014865989,0.167233449,0,1,1,1 
HDVD_53,Heavy Duty Trucks_Diesel_Rigid >32 t_Euro III,,,-0.06,1,12,86,-1.21E-05,0.004237104,1.568787847,-6.227226088,0.000803931,0.010687119,0.068414052,0,1,1,1 
HDVD_53,Heavy Duty Trucks_Diesel_Rigid >32 t_Euro III,,,-0.04,0,12,86,1.08E-05,-0.00382973,0.419566253,2.659618561,6.28E-06,0.005902625,0.064051594,0,1,1,1 
HDVD_53,Heavy Duty Trucks_Diesel_Rigid >32 t_Euro III,,,-0.04,0.5,12,86,2.47E-05,-0.007320087,0.632722757,2.616195131,1.91E-05,0.006484351,0.105027053,0,1,1,1 
HDVD_53,Heavy Duty Trucks_Diesel_Rigid >32 t_Euro III,,,-0.04,1,12,86,0.000157057,-0.02687907,1.93069268,2.432817978,0.000228695,0.007988445,0.312112129,0,1,1,1 
HDVD_53,Heavy Duty Trucks_Diesel_Rigid >32 t_Euro III,,,-0.02,0,12,86,0.000418187,-0.012152743,1.146465476,6.28817339,0.000320528,0.005448707,0.209918407,0,1,1,1 
HDVD_53,Heavy Duty Trucks_Diesel_Rigid >32 t_Euro III,,,-0.02,0.5,12,86,0.00062628,-0.043246242,3.829816241,9.64216351,0.000517632,0.018333303,0.581779031,0,1,1,1 
HDVD_53,Heavy Duty Trucks_Diesel_Rigid >32 t_Euro III,,,-0.02,1,12,86,0.000295328,0.007885424,0.004889371,15.68355949,0.000719547,-0.022676098,0.46147246,0,1,1,1 
HDVD_53,Heavy Duty Trucks_Diesel_Rigid >32 t_Euro III,,,0,0,12,86,0.00043324,-0.00894506,1.400472739,5.627721365,0.000280166,0.008647145,0.211431482,0,1,1,1 
HDVD_53,Heavy Duty Trucks_Diesel_Rigid >32 t_Euro III,,,0,0.5,12,86,0.001702875,-0.070622325,2.524332326,8.520054371,0.000857393,-0.019230774,0.6165073,0,1,1,1 
HDVD_53,Heavy Duty Trucks_Diesel_Rigid >32 t_Euro III,,,0,1,12,86,0.001520642,-0.078790353,1.690496962,7.733172656,0.000659869,-0.027933985,0.534271345,0,1,1,1 
HDVD_53,Heavy Duty Trucks_Diesel_Rigid >32 t_Euro III,,,0.02,0,12,86,0.000559838,-0.00593744,1.277053779,5.502293277,0.000305087,0.0071163,0.212408675,0,1,1,1 
HDVD_53,Heavy Duty Trucks_Diesel_Rigid >32 t_Euro III,,,0.02,0.5,12,86,0.000870276,-0.011614696,-0.287593064,11.20773397,0.000567935,-0.021098031,0.286663414,0,1,1,1 
HDVD_53,Heavy Duty Trucks_Diesel_Rigid >32 t_Euro III,,,0.02,1,12,82,0.002064365,-0.135551133,4.929948072,7.817496225,0.000786693,-0.030757361,0.970051415,0,1,1,1 
HDVD_53,Heavy Duty Trucks_Diesel_Rigid >32 t_Euro III,,,0.04,0,12,86,0.000629257,0.175187302,2.188084655,-12.03356249,0.001015517,0.070764511,-0.355281016,0,1,1,1 
HDVD_53,Heavy Duty Trucks_Diesel_Rigid >32 t_Euro III,,,0.04,0.5,12,76,0.000536862,0.009211026,1.790414157,5.679746471,0.000516903,-0.003397384,0.398197014,0,1,1,1 
HDVD_53,Heavy Duty Trucks_Diesel_Rigid >32 t_Euro III,,,0.04,1,12,58,0.002234343,-0.300401579,12.63881541,-0.027811681,9.81E-06,-0.004131975,1.475036044,0,1,1,1 
HDVD_53,Heavy Duty Trucks_Diesel_Rigid >32 t_Euro III,,,0.06,0,12,84,2.20E-06,0.057413426,2.234194733,5.229337298,0.000255391,0.028960455,0.251442682,0,1,1,1 
HDVD_53,Heavy Duty Trucks_Diesel_Rigid >32 t_Euro III,,,0.06,0.5,12,57,0.001495784,-0.202034694,9.291254381,-1.05E-06,1.32E-08,-0.000125314,1.185644298,0,1,1,1 
HDVD_53,Heavy Duty Trucks_Diesel_Rigid >32 t_Euro III,,,0.06,1,12,43,-0.020843389,1.930077324,6.147274343,-6.833337569,0.002829101,0.253891634,0.22935769,0,1,1,1 
HDVD_54,Heavy Duty Trucks_Diesel_Rigid >32 t_Euro IV,,,-0.06,0,12,86,2.01E-05,-0.003976346,0.187283784,3.400234299,0.000265372,0.004917254,0.197586721,0,1,1,1 
HDVD_54,Heavy Duty Trucks_Diesel_Rigid >32 t_Euro IV,,,-0.06,0.5,12,85,-0.000305579,-0.000517268,2.271540441,1.550677963,0.007971584,-0.058419594,1.363410039,0,1,1,1 
HDVD_54,Heavy Duty Trucks_Diesel_Rigid >32 t_Euro IV,,,-0.06,1,12,86,-0.000258044,-0.001403055,2.026181559,1.710334546,0.007607552,-0.061293534,1.322361254,0,1,1,1 
HDVD_54,Heavy Duty Trucks_Diesel_Rigid >32 t_Euro IV,,,-0.04,0,12,86,-4.94E-05,-0.003651164,0.841793004,-4.02084587,0.000431751,0.029136388,-0.14580778,0,1,1,1 
HDVD_54,Heavy Duty Trucks_Diesel_Rigid >32 t_Euro IV,,,-0.04,0.5,12,86,4.31E-05,-0.009694352,0.578603822,3.566565035,0.000320374,0.012831631,0.290089695,0,1,1,1 
HDVD_54,Heavy Duty Trucks_Diesel_Rigid >32 t_Euro IV,,,-0.04,1,12,86,-0.000508764,0.015863025,2.70300156,-2.192771661,0.00468252,0.031001151,0.6636989,0,1,1,1 
HDVD_54,Heavy Duty Trucks_Diesel_Rigid >32 t_Euro IV,,,-0.02,0,12,86,0.00019847,-0.004724211,0.656119278,5.753488993,0.00050009,0.016262812,0.250950712,0,1,1,1 
HDVD_54,Heavy Duty Trucks_Diesel_Rigid >32 t_Euro IV,,,-0.02,0.5,12,86,-0.000335777,0.035711082,2.361409067,-0.700553839,0.001805202,0.082039429,0.081832118,0,1,1,1 
HDVD_54,Heavy Duty Trucks_Diesel_Rigid >32 t_Euro IV,,,-0.02,1,12,86,-0.000250871,0.018680789,1.471200747,1.421722942,0.000847771,0.050169829,0.16425879,0,1,1,1 
HDVD_54,Heavy Duty Trucks_Diesel_Rigid >32 t_Euro IV,,,0,0,12,86,4.03E-05,0.016578724,0.470131056,2.591251361,0.000185495,0.024254608,0.024100644,0,1,1,1 
HDVD_54,Heavy Duty Trucks_Diesel_Rigid >32 t_Euro IV,,,0,0.5,12,86,5.84E-05,0.02322073,0.754219102,2.345007529,0.000232857,0.032942991,0.043248451,0,1,1,1 
HDVD_54,Heavy Duty Trucks_Diesel_Rigid >32 t_Euro IV,,,0,1,12,86,0.000207442,0.084212611,1.266986773,-5.337580635,0.001043747,0.069855069,-0.297932616,0,1,1,1 
HDVD_54,Heavy Duty Trucks_Diesel_Rigid >32 t_Euro IV,,,0.02,0,12,86,0.000454879,0.036436956,1.01084023,5.903867621,0.000624336,0.037687105,0.149129073,0,1,1,1 
HDVD_54,Heavy Duty Trucks_Diesel_Rigid >32 t_Euro IV,,,0.02,0.5,12,86,0.003505486,0.787547707,-1.473888004,-6.136789174,0.008227303,0.294432896,-2.162065459,0,1,1,1 
HDVD_54,Heavy Duty Trucks_Diesel_Rigid >32 t_Euro IV,,,0.02,1,12,83,0.000836798,0.209204799,0.162230391,-9.371441805,0.001647501,0.081261558,-0.605965962,0,1,1,1 
HDVD_54,Heavy Duty Trucks_Diesel_Rigid >32 t_Euro IV,,,0.04,0,12,86,0.001172609,0.270556469,0.249585974,4.55176041,0.002491784,0.121835592,-0.568747912,0,1,1,1 
HDVD_54,Heavy Duty Trucks_Diesel_Rigid >32 t_Euro IV,,,0.04,0.5,12,75,-3.52E-05,0.028998086,2.06902642,6.887015308,-0.000130212,0.037136511,0.41112193,0,1,1,1 
HDVD_54,Heavy Duty Trucks_Diesel_Rigid >32 t_Euro IV,,,0.04,1,12,60,-0.00151848,0.10018061,0.182338686,-11.70803034,-0.000660698,0.053271755,-0.495849572,0,1,1,1 
HDVD_54,Heavy Duty Trucks_Diesel_Rigid >32 t_Euro IV,,,0.06,0,12,86,0.003240997,0.691394404,0.691717121,6.534418232,0.005029722,0.286623138,-1.285153702,0,1,1,1 
HDVD_54,Heavy Duty Trucks_Diesel_Rigid >32 t_Euro IV,,,0.06,0.5,12,59,-0.000827356,0.051158814,0.255817805,-7.467319096,-0.00039935,0.030956498,-0.28171039,0,1,1,1 
HDVD_54,Heavy Duty Trucks_Diesel_Rigid >32 t_Euro IV,,,0.06,1,12,43,0.000241157,-0.02051409,0.251680466,11.33979262,0.000166782,-0.014773696,0.358593703,0,1,1,1 
HDVD_54,Heavy Duty Trucks_Diesel_Rigid >32 t_Euro IV,,,-0.06,0,12,86,2.01E-05,-0.003976346,0.187283784,3.400234299,0.000265372,0.004917254,0.197586721,0,1,1,1 
HDVD_54,Heavy Duty Trucks_Diesel_Rigid >32 t_Euro IV,,,-0.06,0.5,12,85,-0.000305579,-0.000517268,2.271540441,1.550677963,0.007971584,-0.058419594,1.363410039,0,1,1,1 
HDVD_54,Heavy Duty Trucks_Diesel_Rigid >32 t_Euro IV,,,-0.06,1,12,86,-0.000258044,-0.001403055,2.026181559,1.710334546,0.007607552,-0.061293534,1.322361254,0,1,1,1 
HDVD_54,Heavy Duty Trucks_Diesel_Rigid >32 t_Euro IV,,,-0.04,0,12,86,-4.94E-05,-0.003651164,0.841793004,-4.02084587,0.000431751,0.029136388,-0.14580778,0,1,1,1 
HDVD_54,Heavy Duty Trucks_Diesel_Rigid >32 t_Euro IV,,,-0.04,1,12,86,-0.000508764,0.015863025,2.70300156,-2.192771661,0.00468252,0.031001151,0.6636989,0,1,1,1 
HDVD_54,Heavy Duty Trucks_Diesel_Rigid >32 t_Euro IV,,,-0.02,0,12,86,0.00019847,-0.004724211,0.656119278,5.753488993,0.00050009,0.016262812,0.250950712,0,1,1,1 
HDVD_54,Heavy Duty Trucks_Diesel_Rigid >32 t_Euro IV,,,-0.02,1,12,86,-0.000250871,0.018680789,1.471200747,1.421722942,0.000847771,0.050169829,0.16425879,0,1,1,1 
HDVD_54,Heavy Duty Trucks_Diesel_Rigid >32 t_Euro IV,,,0,0,12,86,4.03E-05,0.016578724,0.470131056,2.591251361,0.000185495,0.024254608,0.024100644,0,1,1,1 
HDVD_54,Heavy Duty Trucks_Diesel_Rigid >32 t_Euro IV,,,0,1,12,86,0.000207442,0.084212611,1.266986773,-5.337580635,0.001043747,0.069855069,-0.297932616,0,1,1,1 
HDVD_54,Heavy Duty Trucks_Diesel_Rigid >32 t_Euro IV,,,0.02,0,12,86,0.000454879,0.036436956,1.01084023,5.903867621,0.000624336,0.037687105,0.149129073,0,1,1,1 
HDVD_54,Heavy Duty Trucks_Diesel_Rigid >32 t_Euro IV,,,0.02,1,12,83,0.000836798,0.209204799,0.162230391,-9.371441805,0.001647501,0.081261558,-0.605965962,0,1,1,1 
HDVD_54,Heavy Duty Trucks_Diesel_Rigid >32 t_Euro IV,,,0.04,0,12,86,0.001172609,0.270556469,0.249585974,4.55176041,0.002491784,0.121835592,-0.568747912,0,1,1,1 
HDVD_54,Heavy Duty Trucks_Diesel_Rigid >32 t_Euro IV,,,0.04,1,12,60,-0.00151848,0.10018061,0.182338686,-11.70803034,-0.000660698,0.053271755,-0.495849572,0,1,1,1 
HDVD_54,Heavy Duty Trucks_Diesel_Rigid >32 t_Euro IV,,,0.06,0,12,86,0.003240997,0.691394404,0.691717121,6.534418232,0.005029722,0.286623138,-1.285153702,0,1,1,1 
HDVD_54,Heavy Duty Trucks_Diesel_Rigid >32 t_Euro IV,,,0.06,0.5,12,59,-0.000827356,0.051158814,0.255817805,-7.467319096,-0.00039935,0.030956498,-0.28171039,0,1,1,1 
HDVD_54,Heavy Duty Trucks_Diesel_Rigid >32 t_Euro IV,,,0.06,1,12,43,0.000241157,-0.02051409,0.251680466,11.33979262,0.000166782,-0.014773696,0.358593703,0,1,1,1 
HDVD_55,Heavy Duty Trucks_Diesel_Rigid >32 t_Euro V,SCR,,-0.06,0,5,65,-0.002196204,0.162997102,-1.094582707,2.015250675,0.005195636,-0.039044449,0.076718604,0,1,1,1 
HDVD_55,Heavy Duty Trucks_Diesel_Rigid >32 t_Euro V,SCR,,-0.06,0.5,5,60,-0.007723008,0.50686033,-2.006760652,0.924714811,0.014727942,-0.055824293,2.71E-14,0,1,1,1 
HDVD_55,Heavy Duty Trucks_Diesel_Rigid >32 t_Euro V,SCR,,-0.06,1,5,65,-0.001868817,0.135603201,-0.896213464,1.674947277,0.004361281,-0.033134594,0.067984338,0,1,1,1 
HDVD_55,Heavy Duty Trucks_Diesel_Rigid >32 t_Euro V,SCR,,-0.04,0,5,85,-0.002718395,0.25592881,-1.675744027,3.087480902,0.007422207,-0.053412074,0.104966989,0,1,1,1 
HDVD_55,Heavy Duty Trucks_Diesel_Rigid >32 t_Euro V,SCR,,-0.04,0.5,5,75,-0.007411618,0.616144396,-2.740634986,2.339036028,0.015941341,-0.068811261,0.040724606,0,1,1,1 
HDVD_55,Heavy Duty Trucks_Diesel_Rigid >32 t_Euro V,SCR,,-0.04,1,5,85,-0.002879809,0.275397683,-1.706481276,3.036812648,0.00768735,-0.053828375,0.10670569,0,1,1,1 
HDVD_55,Heavy Duty Trucks_Diesel_Rigid >32 t_Euro V,SCR,,-0.02,0,5,85,-0.000268918,0.303293981,-1.934044005,3.218510406,0.008574295,-0.055959993,0.095124603,0,1,1,1 
HDVD_55,Heavy Duty Trucks_Diesel_Rigid >32 t_Euro V,SCR,,-0.02,0.5,5,85,-0.00116322,0.331024633,-1.865542512,2.982444146,0.007982558,-0.046036301,0.077793538,0,1,1,1 
HDVD_55,Heavy Duty Trucks_Diesel_Rigid >32 t_Euro V,SCR,,-0.02,1,5,85,-0.002598711,0.539994756,-2.407190208,3.586239485,0.011012555,-0.047527375,0.083444356,0,1,1,1 
HDVD_55,Heavy Duty Trucks_Diesel_Rigid >32 t_Euro V,SCR,,0,0,5,85,0.004512305,0.192079784,-1.374699622,2.50195769,0.006206227,-0.040787216,0.072734851,0,1,1,1 
HDVD_55,Heavy Duty Trucks_Diesel_Rigid >32 t_Euro V,SCR,,0,0.5,5,85,0.026692358,1.008609515,-4.879700058,6.103039113,0.026937993,-0.117601073,0.143347723,0,1,1,1 
HDVD_55,Heavy Duty Trucks_Diesel_Rigid >32 t_Euro V,SCR,,0,1,5,85,0.029411514,1.502869302,-4.813450761,3.036679194,0.029643863,-0.064576532,4.26E-14,0,1,1,1 
HDVD_55,Heavy Duty Trucks_Diesel_Rigid >32 t_Euro V,SCR,,0.02,0,5,85,0.004813651,0.12528909,9.824168427,-0.001644347,0.000607415,0.201264049,0.138233065,0,1,1,1 
HDVD_55,Heavy Duty Trucks_Diesel_Rigid >32 t_Euro V,SCR,,0.02,0.5,5,85,0.022918976,0.112195817,-1.86030317,5.566380496,0.008545069,-0.068249312,0.164905043,0,1,1,1 
HDVD_55,Heavy Duty Trucks_Diesel_Rigid >32 t_Euro V,SCR,,0.02,1,5,80,-0.0040468,0.340160821,5.371744774,-2.136547178,-0.001039304,0.121682585,1.19E-11,0,1,1,1 
HDVD_55,Heavy Duty Trucks_Diesel_Rigid >32 t_Euro V,SCR,,0.04,0,5,85,0.013231467,-0.053555178,1.633343623,10.06113799,0.003641043,-0.012927181,0.347042144,0,1,1,1 
HDVD_55,Heavy Duty Trucks_Diesel_Rigid >32 t_Euro V,SCR,,0.04,0.5,5,75,0.000162251,-0.02281575,0.753321308,8.214838345,3.76E-05,-0.005469036,0.227463556,0,1,1,1 
HDVD_55,Heavy Duty Trucks_Diesel_Rigid >32 t_Euro V,SCR,,0.04,1,5,60,-0.002844562,0.337381558,0.32321111,-10.38278291,0.000363531,0.049855299,-0.268841556,0,1,1,1 
HDVD_55,Heavy Duty Trucks_Diesel_Rigid >32 t_Euro V,SCR,,0.06,0,5,85,5.62E-05,-0.010274328,0.501481838,7.310825453,3.32E-05,-0.004512598,0.204311201,0,1,1,1 
HDVD_55,Heavy Duty Trucks_Diesel_Rigid >32 t_Euro V,SCR,,0.06,0.5,5,60,0.000172176,-0.017007326,0.689859568,5.790248772,5.85E-05,-0.003509965,0.152644193,0,1,1,1 
HDVD_55,Heavy Duty Trucks_Diesel_Rigid >32 t_Euro V,SCR,,0.06,1,5,45,0.000526483,-0.034942021,0.489259142,7.329675959,9.65E-05,-0.006848277,0.151515618,0,1,1,1 
HDVD_55,Heavy Duty Trucks_Diesel_Rigid >32 t_Euro V,EGR,,-0.06,0,5,80,-0.003055459,0.268517774,-1.273134424,2.078670797,0.018713134,-0.103360254,0.216928522,0,1,1,1 
HDVD_55,Heavy Duty Trucks_Diesel_Rigid >32 t_Euro V,EGR,,-0.06,0.5,5,85,-0.002861093,0.262997442,-1.38054724,2.291655478,0.021104721,-0.131168172,0.266753338,0,1,1,1 
HDVD_55,Heavy Duty Trucks_Diesel_Rigid >32 t_Euro V,EGR,,-0.06,1,5,70,-0.005473294,0.42464123,-2.610840674,2.783370594,0.025775729,-0.135607856,1.63E-11,0,1,1,1 
HDVD_55,Heavy Duty Trucks_Diesel_Rigid >32 t_Euro V,EGR,,-0.04,0,5,85,-0.004613847,0.464218643,-1.955109762,2.851444162,0.025708393,-0.111365444,0.213990178,0,1,1,1 
HDVD_55,Heavy Duty Trucks_Diesel_Rigid >32 t_Euro V,EGR,,-0.04,0.5,5,85,-0.00386485,0.376514441,-1.597672238,2.319816352,0.021842633,-0.098826106,0.19584322,0,1,1,1 
HDVD_55,Heavy Duty Trucks_Diesel_Rigid >32 t_Euro V,EGR,,-0.04,1,5,75,-0.005377578,0.446845535,-2.203589705,1.606377549,0.019733014,-0.047130146,-0.168735352,0,1,1,1 
HDVD_55,Heavy Duty Trucks_Diesel_Rigid >32 t_Euro V,EGR,,-0.02,0,5,85,-0.000903214,0.416214811,-1.713657658,2.127227983,0.02188221,-0.085135188,0.115619566,0,1,1,1 
HDVD_55,Heavy Duty Trucks_Diesel_Rigid >32 t_Euro V,EGR,,-0.02,0.5,5,85,-0.003146287,0.489753084,-1.982539952,2.463794332,0.022373129,-0.077159702,0.105120116,0,1,1,1 
HDVD_55,Heavy Duty Trucks_Diesel_Rigid >32 t_Euro V,EGR,,-0.02,1,5,85,-0.003861486,0.421117524,-1.92771884,0.756704955,0.014631251,-0.016422424,-0.206225935,0,1,1,1 
HDVD_55,Heavy Duty Trucks_Diesel_Rigid >32 t_Euro V,EGR,,0,0,5,85,0.000370971,0.035038915,-0.540486409,2.29396693,0.001975784,-0.028184815,0.118964173,0,1,1,1 
HDVD_55,Heavy Duty Trucks_Diesel_Rigid >32 t_Euro V,EGR,,0,0.5,5,85,0.003376071,0.419165982,-2.331578397,1.889694822,0.019090461,-0.083677009,5.53E-12,0,1,1,1 
HDVD_55,Heavy Duty Trucks_Diesel_Rigid >32 t_Euro V,EGR,,0,1,5,85,0.006432516,0.813789937,-3.386390679,3.724291404,0.036799831,-0.135586034,0.141628113,0,1,1,1 
HDVD_55,Heavy Duty Trucks_Diesel_Rigid >32 t_Euro V,EGR,,0.02,0,5,85,0.008041297,0.619914891,-2.227193217,1.923869031,0.02711629,-0.074454078,0.040593476,0,1,1,1 
HDVD_55,Heavy Duty Trucks_Diesel_Rigid >32 t_Euro V,EGR,,0.02,0.5,5,85,0.003636017,0.315060499,-1.950592092,1.639703807,0.012348725,-0.059856304,-2.61E-14,0,1,1,1 
HDVD_55,Heavy Duty Trucks_Diesel_Rigid >32 t_Euro V,EGR,,0.02,1,5,80,0.012242654,1.119146902,-2.32456922,1.135075507,0.04286242,-0.059510423,0.020338685,0,1,1,1 
HDVD_55,Heavy Duty Trucks_Diesel_Rigid >32 t_Euro V,EGR,,0.04,0,5,85,-0.00047076,0.009786316,2.909638154,-2.338071027,-0.001176981,0.106572291,0.041883375,0,1,1,1 
HDVD_55,Heavy Duty Trucks_Diesel_Rigid >32 t_Euro V,EGR,,0.04,0.5,5,75,-0.000469144,0.024564165,2.578929695,-2.351988843,-0.000522488,0.087267752,0.012828224,0,1,1,1 
HDVD_55,Heavy Duty Trucks_Diesel_Rigid >32 t_Euro V,EGR,,0.04,1,5,60,6.33E-05,-0.031873306,1.723424686,1.80162981,-0.000608782,0.035041469,0.191715624,0,1,1,1 
HDVD_55,Heavy Duty Trucks_Diesel_Rigid >32 t_Euro V,EGR,,0.06,0,5,85,-0.000864705,0.051370359,3.776203863,-3.108824529,-0.000963221,0.135289176,0.045979238,0,1,1,1 
HDVD_55,Heavy Duty Trucks_Diesel_Rigid >32 t_Euro V,EGR,,0.06,0.5,5,60,-0.00095562,0.110311533,3.430073496,-1.839120529,0.001127544,0.1074025,0.073851861,0,1,1,1 
HDVD_55,Heavy Duty Trucks_Diesel_Rigid >32 t_Euro V,EGR,,0.06,1,5,45,0.002490738,0.738937747,-2.459809398,1.350149963,0.020331673,-0.052817421,-1.35E-14,0,1,1,1 
HDVD_56,Heavy Duty Trucks_Diesel_Rigid >32 t_Euro VI,,,-0.06,0,5,65,-0.009423527,0.698767327,-3.287934828,2.273050852,0.164644716,-0.399081182,-1.281747014,0,1,1,1 
HDVD_56,Heavy Duty Trucks_Diesel_Rigid >32 t_Euro VI,,,-0.06,0.5,5,80,-0.004975812,0.445542803,-2.212471367,3.32009064,0.176795327,-1.062027752,2.009579982,0,1,1,1 
HDVD_56,Heavy Duty Trucks_Diesel_Rigid >32 t_Euro VI,,,-0.06,1,5,80,-0.004963035,0.434055576,-2.102316269,3.099083546,0.187898863,-1.113237238,2.104099017,0,1,1,1 
HDVD_56,Heavy Duty Trucks_Diesel_Rigid >32 t_Euro VI,,,-0.04,0,5,85,-0.00482502,0.505943326,-2.129287519,2.747560485,0.124159838,-0.509920863,0.805521243,0,1,1,1 
HDVD_56,Heavy Duty Trucks_Diesel_Rigid >32 t_Euro VI,,,-0.04,0.5,5,75,-0.003696124,0.308001661,-1.458297502,0.906883051,0.058636854,-0.070207867,-0.790000408,0,1,1,1 
HDVD_56,Heavy Duty Trucks_Diesel_Rigid >32 t_Euro VI,,,-0.04,1,5,80,-0.005515983,0.484605438,-1.777888928,1.921465087,0.120305266,-0.37041132,0.494924606,0,1,1,1 
HDVD_56,Heavy Duty Trucks_Diesel_Rigid >32 t_Euro VI,,,-0.02,0,5,85,0.000453831,0.264688283,-1.414593766,1.10442576,0.06361907,-0.277839427,5.03E-14,0,1,1,1 
HDVD_56,Heavy Duty Trucks_Diesel_Rigid >32 t_Euro VI,,,-0.02,0.5,5,85,-0.003975711,0.658419331,-2.248998063,1.986670806,0.126950436,-0.241186574,-4.84E-11,0,1,1,1 
HDVD_56,Heavy Duty Trucks_Diesel_Rigid >32 t_Euro VI,,,-0.02,1,5,85,-0.000418655,0.017917645,2.54252732,-2.747163307,0.004527779,0.533149057,0.381888211,0,1,1,1 
HDVD_56,Heavy Duty Trucks_Diesel_Rigid >32 t_Euro VI,,,0,0,5,85,0.007918232,0.576225956,-2.033343791,1.381624668,0.122457027,-0.301185994,6.62E-12,0,1,1,1 
HDVD_56,Heavy Duty Trucks_Diesel_Rigid >32 t_Euro VI,,,0,0.5,5,85,0.006948928,0.602470516,-2.128411271,1.34735873,0.125850205,-0.325613508,4.34E-13,0,1,1,1 
HDVD_56,Heavy Duty Trucks_Diesel_Rigid >32 t_Euro VI,,,0,1,5,85,0.0040685,0.334013268,-1.789074757,1.10459356,0.074427533,-0.325409057,-2.43E-13,0,1,1,1 
HDVD_56,Heavy Duty Trucks_Diesel_Rigid >32 t_Euro VI,,,0.02,0,5,85,-0.000498569,0.031861098,2.68449542,1.23799237,-0.002914056,0.449418869,1.11895387,0,1,1,1 
HDVD_56,Heavy Duty Trucks_Diesel_Rigid >32 t_Euro VI,,,0.02,0.5,5,85,-0.000392656,0.044511926,2.196867685,0.070503588,0.000736022,0.383675966,0.47966217,0,1,1,1 
HDVD_56,Heavy Duty Trucks_Diesel_Rigid >32 t_Euro VI,,,0.02,1,5,85,1.13E-05,-0.010083814,1.095947278,1.491908033,-0.001269164,0.134041558,0.625583418,0,1,1,1 
HDVD_56,Heavy Duty Trucks_Diesel_Rigid >32 t_Euro VI,,,0.04,0,5,85,-0.000965802,0.106789161,2.542779564,-0.152906101,0.00353828,0.461204904,0.532078887,0,1,1,1 
HDVD_56,Heavy Duty Trucks_Diesel_Rigid >32 t_Euro VI,,,0.04,0.5,5,80,0.009309229,1.551241524,-0.53669026,-0.467119127,0.235480268,0.091230924,-0.004540466,0,1,1,1 
HDVD_56,Heavy Duty Trucks_Diesel_Rigid >32 t_Euro VI,,,0.04,1,5,60,0.006225215,0.607438559,-1.968246323,0.585926688,0.099718782,-0.283289335,1.89E-08,0,1,1,1 
HDVD_56,Heavy Duty Trucks_Diesel_Rigid >32 t_Euro VI,,,0.06,0,5,85,6.07E-05,-0.015350739,0.966417192,1.261130492,-0.000928554,0.082650995,0.633420804,0,1,1,1 
HDVD_56,Heavy Duty Trucks_Diesel_Rigid >32 t_Euro VI,,,0.06,0.5,5,60,0.004312036,0.629297382,-2.076023263,0.876210458,0.093503023,-0.25760165,-1.71E-11,0,1,1,1 
HDVD_56,Heavy Duty Trucks_Diesel_Rigid >32 t_Euro VI,,,0.06,1,5,45,0.002289437,0.194057713,-1.392025186,2.297355457,0.030543543,-0.205793648,0.333507582,0,1,1,1 
HDVD_57,Heavy Duty Trucks_Diesel_Articulated 14 - 20 t_Conventional,,,-0.06,0,12,86,7.46E-05,-0.017330405,1.465492908,6.800068606,0.000183629,0.016468728,0.145519241,0,1,1,1 
HDVD_57,Heavy Duty Trucks_Diesel_Articulated 14 - 20 t_Conventional,,,-0.06,0.5,12,86,1.04E-06,-0.000607093,1.406270869,-4.86320507,0.000709713,0.005688519,0.040961027,0,1,1,1 
HDVD_57,Heavy Duty Trucks_Diesel_Articulated 14 - 20 t_Conventional,,,-0.06,1,12,86,1.70E-06,-0.000861537,1.437495689,-5.066760152,0.000731246,0.005766748,0.045160225,0,1,1,1 
HDVD_57,Heavy Duty Trucks_Diesel_Articulated 14 - 20 t_Conventional,,,-0.04,0,12,86,5.62E-05,-0.014047222,1.449019518,3.658259908,0.000104723,0.014250809,0.085661827,0,1,1,1 
HDVD_57,Heavy Duty Trucks_Diesel_Articulated 14 - 20 t_Conventional,,,-0.04,0.5,12,86,3.37E-05,-0.010110224,0.877479276,5.210640782,5.11E-05,0.008504886,0.104912392,0,1,1,1 
HDVD_57,Heavy Duty Trucks_Diesel_Articulated 14 - 20 t_Conventional,,,-0.04,1,12,86,8.25E-05,-0.019475897,1.525008099,6.154131241,0.000117163,0.011856144,0.172840744,0,1,1,1 
HDVD_57,Heavy Duty Trucks_Diesel_Articulated 14 - 20 t_Conventional,,,-0.02,0,12,86,0.000470776,-0.013553745,1.169545635,8.465762355,0.000289018,0.004076817,0.171760258,0,1,1,1 
HDVD_57,Heavy Duty Trucks_Diesel_Articulated 14 - 20 t_Conventional,,,-0.02,0.5,12,86,0.000182429,-0.009180669,0.92066845,3.942800992,0.000133691,0.004916014,0.097317617,0,1,1,1 
HDVD_57,Heavy Duty Trucks_Diesel_Articulated 14 - 20 t_Conventional,,,-0.02,1,12,86,-3.35E-05,0.038414512,2.438274765,-6.122167571,0.000687527,0.021845679,-0.005765734,0,1,1,1 
HDVD_57,Heavy Duty Trucks_Diesel_Articulated 14 - 20 t_Conventional,,,0,0,12,86,1.21E-05,0.005932563,1.156897245,8.988830243,-2.80E-05,0.012727713,0.108891668,0,1,1,1 
HDVD_57,Heavy Duty Trucks_Diesel_Articulated 14 - 20 t_Conventional,,,0,0.5,12,86,9.08E-06,0.003868149,0.655740437,5.002829104,-1.73E-05,0.007070043,0.061282672,0,1,1,1 
HDVD_57,Heavy Duty Trucks_Diesel_Articulated 14 - 20 t_Conventional,,,0,1,12,86,0.000472099,0.004993236,2.073375602,6.423489463,0.000175896,0.013207293,0.160998317,0,1,1,1 
HDVD_57,Heavy Duty Trucks_Diesel_Articulated 14 - 20 t_Conventional,,,0.02,0,12,86,0.000659891,0.008973815,2.54519563,9.071417397,0.000258023,0.017991375,0.170834208,0,1,1,1 
HDVD_57,Heavy Duty Trucks_Diesel_Articulated 14 - 20 t_Conventional,,,0.02,0.5,12,86,8.64E-05,0.021641579,2.411397015,17.52374489,-7.46E-05,0.02271856,0.224463807,0,1,1,1 
HDVD_57,Heavy Duty Trucks_Diesel_Articulated 14 - 20 t_Conventional,,,0.02,1,12,86,9.61E-05,0.042886516,3.504583536,16.29297233,-8.95E-05,0.027365021,0.285689828,0,1,1,1 
HDVD_57,Heavy Duty Trucks_Diesel_Articulated 14 - 20 t_Conventional,,,0.04,0,12,86,0.000168184,0.0219083,2.611945057,8.444809948,-0.000106401,0.028645147,0.079232528,0,1,1,1 
HDVD_57,Heavy Duty Trucks_Diesel_Articulated 14 - 20 t_Conventional,,,0.04,0.5,12,79,8.75E-05,0.008253351,0.778734083,9.482998597,-2.64E-05,0.005363561,0.119418301,0,1,1,1 
HDVD_57,Heavy Duty Trucks_Diesel_Articulated 14 - 20 t_Conventional,,,0.04,1,12,66,0.000216985,0.118515917,5.528979605,13.75795918,-0.000131262,0.034458534,0.407463716,0,1,1,1 
HDVD_57,Heavy Duty Trucks_Diesel_Articulated 14 - 20 t_Conventional,,,0.06,0,12,81,0.00243193,0.117273248,13.75903607,-19.13547571,-0.00081302,0.159139666,-0.288988219,0,1,1,1 
HDVD_57,Heavy Duty Trucks_Diesel_Articulated 14 - 20 t_Conventional,,,0.06,0.5,12,62,0.002542302,0.198317504,1.867637787,25.74966663,0.000224788,0.036169259,0.197951522,0,1,1,1 
HDVD_57,Heavy Duty Trucks_Diesel_Articulated 14 - 20 t_Conventional,,,0.06,1,12,50,0.009086,0.944406614,2.709700288,6.228971497,0.000978015,0.106173366,-0.095682433,0,1,1,1 
HDVD_58,Heavy Duty Trucks_Diesel_Articulated 14 - 20 t_Euro I,,,-0.06,0,12,86,8.83E-05,-0.018615594,1.551717125,3.593406702,0.000425812,0.032964884,0.308993957,0,1,1,1 
HDVD_58,Heavy Duty Trucks_Diesel_Articulated 14 - 20 t_Euro I,,,-0.06,0.5,12,86,4.19E-06,-0.001705075,0.959142981,-3.872274824,0.000946179,0.006321447,0.088283249,0,1,1,1 
HDVD_58,Heavy Duty Trucks_Diesel_Articulated 14 - 20 t_Euro I,,,-0.06,1,12,86,7.69E-06,-0.002931244,1.133984779,-4.886365947,0.001077589,0.005960885,0.120159446,0,1,1,1 
HDVD_58,Heavy Duty Trucks_Diesel_Articulated 14 - 20 t_Euro I,,,-0.04,0,12,86,2.02E-05,-0.007923432,3.086987828,0.680326721,0.001557033,0.04456781,0.441792176,0,1,1,1 
HDVD_58,Heavy Duty Trucks_Diesel_Articulated 14 - 20 t_Euro I,,,-0.04,0.5,12,86,8.79E-05,-0.017493252,1.340756822,4.091236046,0.000239342,0.018955034,0.345143427,0,1,1,1 
HDVD_58,Heavy Duty Trucks_Diesel_Articulated 14 - 20 t_Euro I,,,-0.04,1,12,86,7.73E-05,-0.014836714,1.059917787,1.983929787,0.000214324,0.010603941,0.273838996,0,1,1,1 
HDVD_58,Heavy Duty Trucks_Diesel_Articulated 14 - 20 t_Euro I,,,-0.02,0,12,86,0.000419952,-0.014481359,0.869378053,5.465984616,0.000541537,0.000397902,0.328910439,0,1,1,1 
HDVD_58,Heavy Duty Trucks_Diesel_Articulated 14 - 20 t_Euro I,,,-0.02,0.5,12,86,0.000270549,-0.014669794,0.921134579,3.254416119,0.000374216,0.002123604,0.281527899,0,1,1,1 
HDVD_58,Heavy Duty Trucks_Diesel_Articulated 14 - 20 t_Euro I,,,-0.02,1,12,86,0.000120432,0.003004565,-0.223022593,7.469038854,0.000448599,-0.017818527,0.301077166,0,1,1,1 
HDVD_58,Heavy Duty Trucks_Diesel_Articulated 14 - 20 t_Euro I,,,0,0,12,86,0.000319086,0.004730136,1.465527379,4.558812408,0.000310144,0.025332214,0.237649324,0,1,1,1 
HDVD_58,Heavy Duty Trucks_Diesel_Articulated 14 - 20 t_Euro I,,,0,0.5,12,86,0.000429207,-0.006123352,1.003993291,3.886644683,0.000347498,0.00715336,0.251151578,0,1,1,1 
HDVD_58,Heavy Duty Trucks_Diesel_Articulated 14 - 20 t_Euro I,,,0,1,12,86,0.002902488,-0.103645023,4.74091974,12.7704629,0.001990189,-0.029141689,1.479291575,0,1,1,1 
HDVD_58,Heavy Duty Trucks_Diesel_Articulated 14 - 20 t_Euro I,,,0.02,0,12,86,0.000413896,-0.005600808,0.856254563,4.293445608,0.000330886,0.005834144,0.21725038,0,1,1,1 
HDVD_58,Heavy Duty Trucks_Diesel_Articulated 14 - 20 t_Euro I,,,0.02,0.5,12,86,1.23E-17,-4.17E-16,7.260990191,1.30E-12,-0.000926811,0.123890112,0.603118968,0,1,1,1 
HDVD_58,Heavy Duty Trucks_Diesel_Articulated 14 - 20 t_Euro I,,,0.02,1,12,86,0.032498417,-1.078131838,13.42934887,311.9903075,0.019760538,-0.805368571,14.5611602,0,1,1,1 
HDVD_58,Heavy Duty Trucks_Diesel_Articulated 14 - 20 t_Euro I,,,0.04,0,12,86,0.00020293,0.023261372,2.465540809,-3.073101956,-0.000259083,0.06570015,-0.090106115,0,1,1,1 
HDVD_58,Heavy Duty Trucks_Diesel_Articulated 14 - 20 t_Euro I,,,0.04,0.5,12,80,-0.000160108,0.05061752,3.595303459,10.46096047,-0.000198296,0.0509834,0.65520214,0,1,1,1 
HDVD_58,Heavy Duty Trucks_Diesel_Articulated 14 - 20 t_Euro I,,,0.04,1,12,67,-1.65E-05,-0.022002648,4.410435902,3.840250646,-0.000129013,0.015339888,0.80913096,0,1,1,1 
HDVD_58,Heavy Duty Trucks_Diesel_Articulated 14 - 20 t_Euro I,,,0.06,0,12,82,0.001265557,0.189899309,0.092526811,13.37013475,0.00102132,0.077372906,-0.164952486,0,1,1,1 
HDVD_58,Heavy Duty Trucks_Diesel_Articulated 14 - 20 t_Euro I,,,0.06,0.5,12,62,-0.001386192,0.087132783,0.79860883,-11.1543319,-0.000577917,0.045756915,-0.307169974,0,1,1,1 
HDVD_58,Heavy Duty Trucks_Diesel_Articulated 14 - 20 t_Euro I,,,0.06,1,12,51,-0.000951844,-0.010219937,5.205639495,-5.021501187,-0.000506902,0.030448931,0.557541869,0,1,1,1 
HDVD_59,Heavy Duty Trucks_Diesel_Articulated 14 - 20 t_Euro II,,,-0.06,0,12,86,-6.52E-06,0.002235482,1.371700781,-4.826813239,0.001994104,0.022167858,0.102479143,0,1,1,1 
HDVD_59,Heavy Duty Trucks_Diesel_Articulated 14 - 20 t_Euro II,,,-0.06,0.5,12,86,5.20E-06,-0.002085321,0.950257634,-4.053095548,0.00121899,0.007444418,0.131719337,0,1,1,1 
HDVD_59,Heavy Duty Trucks_Diesel_Articulated 14 - 20 t_Euro II,,,-0.06,1,12,86,8.18E-06,-0.003061015,0.970648951,-4.447186243,0.001157701,0.005284341,0.150800937,0,1,1,1 
HDVD_59,Heavy Duty Trucks_Diesel_Articulated 14 - 20 t_Euro II,,,-0.04,0,12,86,-1.53E-05,0.006544066,1.456503292,-5.072188684,0.00165708,0.025556993,0.071739939,0,1,1,1 
HDVD_59,Heavy Duty Trucks_Diesel_Articulated 14 - 20 t_Euro II,,,-0.04,0.5,12,86,4.30E-05,-0.014965609,2.578071551,0.875077487,0.001373755,0.044430237,0.672827733,0,1,1,1 
HDVD_59,Heavy Duty Trucks_Diesel_Articulated 14 - 20 t_Euro II,,,-0.04,1,12,86,9.17E-06,-0.003026526,2.017746232,0.347305179,0.002099006,-0.007069135,0.936401054,0,1,1,1 
HDVD_59,Heavy Duty Trucks_Diesel_Articulated 14 - 20 t_Euro II,,,-0.02,0,12,86,0.000319125,-0.010824175,0.632932012,4.041271312,0.00058133,-0.000232767,0.350817561,0,1,1,1 
HDVD_59,Heavy Duty Trucks_Diesel_Articulated 14 - 20 t_Euro II,,,-0.02,0.5,12,86,0.000122938,-0.007421017,0.197793403,2.852000249,0.000220599,-0.008740101,0.252554449,0,1,1,1 
HDVD_59,Heavy Duty Trucks_Diesel_Articulated 14 - 20 t_Euro II,,,-0.02,1,12,86,0.000126884,-0.003822594,0.163898514,3.893709635,0.00037074,-0.012226874,0.304985383,0,1,1,1 
HDVD_59,Heavy Duty Trucks_Diesel_Articulated 14 - 20 t_Euro II,,,0,0,12,86,4.26E-16,-1.39E-14,3.415914852,5.57E-11,-0.00077812,0.111751981,0.239983713,0,1,1,1 
HDVD_59,Heavy Duty Trucks_Diesel_Articulated 14 - 20 t_Euro II,,,0,0.5,12,86,0.00188203,-0.061133904,2.267978261,7.937792714,0.001746713,-0.032096487,1.138480614,0,1,1,1 
HDVD_59,Heavy Duty Trucks_Diesel_Articulated 14 - 20 t_Euro II,,,0,1,12,86,0.000714294,-0.052935405,1.847514578,5.082678593,0.000314261,-0.011366928,0.73112566,0,1,1,1 
HDVD_59,Heavy Duty Trucks_Diesel_Articulated 14 - 20 t_Euro II,,,0.02,0,12,86,3.16E-05,0.01042839,0.881630201,4.473189813,-8.33E-05,0.02466038,0.253995859,0,1,1,1 
HDVD_59,Heavy Duty Trucks_Diesel_Articulated 14 - 20 t_Euro II,,,0.02,0.5,12,86,0.003159924,-0.075203192,4.70005166,8.927607542,0.002076198,-0.016149435,1.63088212,0,1,1,1 
HDVD_59,Heavy Duty Trucks_Diesel_Articulated 14 - 20 t_Euro II,,,0.02,1,12,86,0.008659652,0.433028058,-9.120392625,39.00463497,0.011055449,-0.146672123,0.342682646,0,1,1,1 
HDVD_59,Heavy Duty Trucks_Diesel_Articulated 14 - 20 t_Euro II,,,0.04,0,12,86,-0.000260399,0.020514471,0.291660759,-5.16792318,-0.000229494,0.023076718,-0.21907241,0,1,1,1 
HDVD_59,Heavy Duty Trucks_Diesel_Articulated 14 - 20 t_Euro II,,,0.04,0.5,12,84,-0.002426954,0.733130268,6.783100007,-0.662642294,0.003152537,0.259019074,0.955019397,0,1,1,1 
HDVD_59,Heavy Duty Trucks_Diesel_Articulated 14 - 20 t_Euro II,,,0.04,1,12,72,0.000479042,-0.083453666,8.956013279,5.143233229,0.000138119,0.022605895,1.950315173,0,1,1,1 
HDVD_59,Heavy Duty Trucks_Diesel_Articulated 14 - 20 t_Euro II,,,0.06,0,12,85,-0.002761188,0.813323299,4.716788225,-3.713192557,0.003461889,0.27803227,0.499230917,0,1,1,1 
HDVD_59,Heavy Duty Trucks_Diesel_Articulated 14 - 20 t_Euro II,,,0.06,0.5,12,68,-0.002600434,0.685047233,6.280695274,-0.251888795,0.003146845,0.213714631,0.708830972,0,1,1,1 
HDVD_59,Heavy Duty Trucks_Diesel_Articulated 14 - 20 t_Euro II,,,0.06,1,12,52,-0.005442934,1.110906539,1.134332483,-8.876925105,0.004780319,0.226257179,-0.417950331,0,1,1,1 
HDVD_60,Heavy Duty Trucks_Diesel_Articulated 14 - 20 t_Euro III,,,-0.06,0,12,86,1.14E-05,-0.003960941,0.417754476,2.730900218,2.95E-05,0.010021978,0.105615503,0,1,1,1 
HDVD_60,Heavy Duty Trucks_Diesel_Articulated 14 - 20 t_Euro III,,,-0.06,0.5,12,86,9.40E-05,-0.015162333,1.304905796,3.843881896,0.000270261,0.021584129,0.29393109,0,1,1,1 
HDVD_60,Heavy Duty Trucks_Diesel_Articulated 14 - 20 t_Euro III,,,-0.06,1,12,86,-9.91E-06,0.003926694,1.045839447,-3.90081184,0.000824537,0.012152338,0.054104714,0,1,1,1 
HDVD_60,Heavy Duty Trucks_Diesel_Articulated 14 - 20 t_Euro III,,,-0.04,0,12,86,6.65E-06,-0.002607218,0.32736509,2.274051617,3.89E-06,0.0073682,0.071753262,0,1,1,1 
HDVD_60,Heavy Duty Trucks_Diesel_Articulated 14 - 20 t_Euro III,,,-0.04,0.5,12,86,6.28E-05,-0.011146804,0.996283719,3.1832654,0.000128351,0.013953554,0.215886911,0,1,1,1 
HDVD_60,Heavy Duty Trucks_Diesel_Articulated 14 - 20 t_Euro III,,,-0.04,1,12,86,0.000205432,-0.033170418,2.475124263,5.424974831,0.000400634,0.021885188,0.610446824,0,1,1,1 
HDVD_60,Heavy Duty Trucks_Diesel_Articulated 14 - 20 t_Euro III,,,-0.02,0,12,86,0.000350462,-0.009092086,0.741813781,4.887805389,0.000376903,0.00343816,0.230273691,0,1,1,1 
HDVD_60,Heavy Duty Trucks_Diesel_Articulated 14 - 20 t_Euro III,,,-0.02,0.5,12,86,0.000360211,-0.015613614,0.959030538,3.785747114,0.000409599,0.000662822,0.286875511,0,1,1,1 
HDVD_60,Heavy Duty Trucks_Diesel_Articulated 14 - 20 t_Euro III,,,-0.02,1,12,86,0.000199887,-0.00549224,0.060044146,7.179868757,0.000387548,-0.015311864,0.321852716,0,1,1,1 
HDVD_60,Heavy Duty Trucks_Diesel_Articulated 14 - 20 t_Euro III,,,0,0,12,86,0.000484423,-0.014470732,1.301324493,4.762337136,0.000452972,0.005894125,0.331125692,0,1,1,1 
HDVD_60,Heavy Duty Trucks_Diesel_Articulated 14 - 20 t_Euro III,,,0,0.5,12,86,0.000783435,-0.027882231,1.336225114,4.883439304,0.000631964,-0.006722388,0.425036598,0,1,1,1 
HDVD_60,Heavy Duty Trucks_Diesel_Articulated 14 - 20 t_Euro III,,,0,1,12,86,0.001473248,-0.061824394,1.991536398,7.455390427,0.001058057,-0.026681991,0.743704608,0,1,1,1 
HDVD_60,Heavy Duty Trucks_Diesel_Articulated 14 - 20 t_Euro III,,,0.02,0,12,86,0.000417454,-0.006671221,1.136939988,3.858082065,0.000342794,0.008636353,0.262554655,0,1,1,1 
HDVD_60,Heavy Duty Trucks_Diesel_Articulated 14 - 20 t_Euro III,,,0.02,0.5,12,86,0.002855545,-0.086626761,5.530565168,13.57942619,0.001921704,-0.007498679,1.485585788,0,1,1,1 
HDVD_60,Heavy Duty Trucks_Diesel_Articulated 14 - 20 t_Euro III,,,0.02,1,12,86,0.00051108,-0.00569425,-0.079413143,6.6543674,0.000494112,-0.017017286,0.256474412,0,1,1,1 
HDVD_60,Heavy Duty Trucks_Diesel_Articulated 14 - 20 t_Euro III,,,0.04,0,12,86,-2.16E-05,0.004650727,0.718259045,3.47368965,-5.35E-05,0.01343841,0.140231984,0,1,1,1 
HDVD_60,Heavy Duty Trucks_Diesel_Articulated 14 - 20 t_Euro III,,,0.04,0.5,12,85,3.36E-05,-0.002418819,1.257574862,2.489301944,-8.82E-06,0.011624789,0.236455786,0,1,1,1 
HDVD_60,Heavy Duty Trucks_Diesel_Articulated 14 - 20 t_Euro III,,,0.04,1,12,72,0.000444133,-0.045659349,5.137213452,3.829754633,0.000212443,0.017909748,0.954077985,0,1,1,1 
HDVD_60,Heavy Duty Trucks_Diesel_Articulated 14 - 20 t_Euro III,,,0.06,0,12,86,-2.30E-05,-0.008796415,1.51448387,3.931410968,-0.000134581,0.014914604,0.322511519,0,1,1,1 
HDVD_60,Heavy Duty Trucks_Diesel_Articulated 14 - 20 t_Euro III,,,0.06,0.5,12,69,-0.001054508,0.323008084,5.965618712,5.440567624,0.001799711,0.12882476,0.758523192,0,1,1,1 
HDVD_60,Heavy Duty Trucks_Diesel_Articulated 14 - 20 t_Euro III,,,0.06,1,12,55,0.00137013,-0.30127295,14.65000243,16.24590026,-0.000877489,0.029956238,2.63042248,0,1,1,1 
HDVD_61,Heavy Duty Trucks_Diesel_Articulated 14 - 20 t_Euro IV,,,-0.06,0,12,84,0.000169573,-0.031059727,1.466654216,-3.940850744,-0.000505348,0.102544358,-0.387963811,0,1,1,1 
HDVD_61,Heavy Duty Trucks_Diesel_Articulated 14 - 20 t_Euro IV,,,-0.06,0.5,12,82,-1.13E-05,-0.00972131,0.844429272,2.52598949,0.001472837,0.040105715,0.301803303,0,1,1,1 
HDVD_61,Heavy Duty Trucks_Diesel_Articulated 14 - 20 t_Euro IV,,,-0.06,1,12,83,9.43E-06,-0.01109179,0.824348238,3.425797822,0.00161387,0.036230623,0.428140234,0,1,1,1 
HDVD_61,Heavy Duty Trucks_Diesel_Articulated 14 - 20 t_Euro IV,,,-0.04,0,12,86,1.29E-05,-0.003492672,0.260445706,2.799979561,0.000170221,0.013361103,0.184048876,0,1,1,1 
HDVD_61,Heavy Duty Trucks_Diesel_Articulated 14 - 20 t_Euro IV,,,-0.04,0.5,12,86,-8.53E-05,-0.003695381,1.073809561,-6.006913519,0.000776426,0.057309873,-0.347144754,0,1,1,1 
HDVD_61,Heavy Duty Trucks_Diesel_Articulated 14 - 20 t_Euro IV,,,-0.04,1,12,86,1.67E-05,-0.0150227,1.149010458,3.900727336,0.000390882,0.061752556,0.392584629,0,1,1,1 
HDVD_61,Heavy Duty Trucks_Diesel_Articulated 14 - 20 t_Euro IV,,,-0.02,0,12,86,0.000115141,-0.002888398,0.239721266,2.868357794,0.000352953,0.004282128,0.201207154,0,1,1,1 
HDVD_61,Heavy Duty Trucks_Diesel_Articulated 14 - 20 t_Euro IV,,,-0.02,0.5,12,86,2.07E-16,-7.84E-14,2.122736907,1.01E-10,0.000691439,0.117153623,-0.052897324,0,1,1,1 
HDVD_61,Heavy Duty Trucks_Diesel_Articulated 14 - 20 t_Euro IV,,,-0.02,1,12,86,-0.000337136,0.033731929,2.29552089,-0.724458686,0.002413106,0.109117487,0.187808967,0,1,1,1 
HDVD_61,Heavy Duty Trucks_Diesel_Articulated 14 - 20 t_Euro IV,,,0,0,12,86,1.41E-05,0.007807019,0.329932491,1.995367014,8.68E-05,0.021527247,0.055071892,0,1,1,1 
HDVD_61,Heavy Duty Trucks_Diesel_Articulated 14 - 20 t_Euro IV,,,0,0.5,12,86,0.000458727,0.145681851,2.375179474,-6.756624783,0.003072743,0.209093941,-0.977413146,0,1,1,1 
HDVD_61,Heavy Duty Trucks_Diesel_Articulated 14 - 20 t_Euro IV,,,0,1,12,86,1.12E-06,0.006664723,1.111033875,6.807336022,-0.000123446,0.047369581,0.398652795,0,1,1,1 
HDVD_61,Heavy Duty Trucks_Diesel_Articulated 14 - 20 t_Euro IV,,,0.02,0,12,86,1.36E-05,0.005524868,0.687268153,4.421466231,-8.06E-05,0.027610143,0.242939405,0,1,1,1 
HDVD_61,Heavy Duty Trucks_Diesel_Articulated 14 - 20 t_Euro IV,,,0.02,0.5,12,86,0.000212671,0.067012708,1.571457711,4.979774243,0.000588693,0.093278139,0.135894746,0,1,1,1 
HDVD_61,Heavy Duty Trucks_Diesel_Articulated 14 - 20 t_Euro IV,,,0.02,1,12,86,0.000434521,0.13365717,0.530379557,-5.312835726,0.001776413,0.088566488,-0.526722132,0,1,1,1 
HDVD_61,Heavy Duty Trucks_Diesel_Articulated 14 - 20 t_Euro IV,,,0.04,0,12,86,0.000236473,0.07455054,1.527503395,7.148897729,0.000553205,0.094368823,0.156867627,0,1,1,1 
HDVD_61,Heavy Duty Trucks_Diesel_Articulated 14 - 20 t_Euro IV,,,0.04,0.5,12,85,0.000905516,0.226865134,0.137496685,-6.496866557,0.002715097,0.12181348,-0.829186119,0,1,1,1 
HDVD_61,Heavy Duty Trucks_Diesel_Articulated 14 - 20 t_Euro IV,,,0.04,1,12,73,0.000119765,0.030605244,2.127010852,9.409832457,-0.000235157,0.059779051,0.608341072,0,1,1,1 
HDVD_61,Heavy Duty Trucks_Diesel_Articulated 14 - 20 t_Euro IV,,,0.06,0,12,86,0.001025682,0.256471578,0.226343627,-6.081069134,0.003051964,0.142359379,-0.908386198,0,1,1,1 
HDVD_61,Heavy Duty Trucks_Diesel_Articulated 14 - 20 t_Euro IV,,,0.06,0.5,12,69,0.001795557,0.27984835,-1.566523101,-6.433691538,0.003530738,0.092498382,-1.039091681,0,1,1,1 
HDVD_61,Heavy Duty Trucks_Diesel_Articulated 14 - 20 t_Euro IV,,,0.06,1,12,57,0.001172706,0.168203339,0.382422547,5.166417097,0.00108686,0.083343324,-0.119072331,0,1,1,1 
HDVD_61,Heavy Duty Trucks_Diesel_Articulated 14 - 20 t_Euro IV,,,-0.06,0,12,84,0.000169573,-0.031059727,1.466654216,-3.940850744,-0.000505348,0.102544358,-0.387963811,0,1,1,1 
HDVD_61,Heavy Duty Trucks_Diesel_Articulated 14 - 20 t_Euro IV,,,-0.06,0.5,12,82,-1.13E-05,-0.00972131,0.844429272,2.52598949,0.001472837,0.040105715,0.301803303,0,1,1,1 
HDVD_61,Heavy Duty Trucks_Diesel_Articulated 14 - 20 t_Euro IV,,,-0.06,1,12,83,9.43E-06,-0.01109179,0.824348238,3.425797822,0.00161387,0.036230623,0.428140234,0,1,1,1 
HDVD_61,Heavy Duty Trucks_Diesel_Articulated 14 - 20 t_Euro IV,,,-0.04,0,12,86,1.29E-05,-0.003492672,0.260445706,2.799979561,0.000170221,0.013361103,0.184048876,0,1,1,1 
HDVD_61,Heavy Duty Trucks_Diesel_Articulated 14 - 20 t_Euro IV,,,-0.04,1,12,86,1.67E-05,-0.0150227,1.149010458,3.900727336,0.000390882,0.061752556,0.392584629,0,1,1,1 
HDVD_61,Heavy Duty Trucks_Diesel_Articulated 14 - 20 t_Euro IV,,,-0.02,0,12,86,0.000115141,-0.002888398,0.239721266,2.868357794,0.000352953,0.004282128,0.201207154,0,1,1,1 
HDVD_61,Heavy Duty Trucks_Diesel_Articulated 14 - 20 t_Euro IV,,,-0.02,1,12,86,-0.000337136,0.033731929,2.29552089,-0.724458686,0.002413106,0.109117487,0.187808967,0,1,1,1 
HDVD_61,Heavy Duty Trucks_Diesel_Articulated 14 - 20 t_Euro IV,,,0,0,12,86,1.41E-05,0.007807019,0.329932491,1.995367014,8.68E-05,0.021527247,0.055071892,0,1,1,1 
HDVD_61,Heavy Duty Trucks_Diesel_Articulated 14 - 20 t_Euro IV,,,0,1,12,86,1.12E-06,0.006664723,1.111033875,6.807336022,-0.000123446,0.047369581,0.398652795,0,1,1,1 
HDVD_61,Heavy Duty Trucks_Diesel_Articulated 14 - 20 t_Euro IV,,,0.02,0,12,86,1.36E-05,0.005524868,0.687268153,4.421466231,-8.06E-05,0.027610143,0.242939405,0,1,1,1 
HDVD_61,Heavy Duty Trucks_Diesel_Articulated 14 - 20 t_Euro IV,,,0.02,1,12,86,0.000434521,0.13365717,0.530379557,-5.312835726,0.001776413,0.088566488,-0.526722132,0,1,1,1 
HDVD_61,Heavy Duty Trucks_Diesel_Articulated 14 - 20 t_Euro IV,,,0.04,0,12,86,0.000236473,0.07455054,1.527503395,7.148897729,0.000553205,0.094368823,0.156867627,0,1,1,1 
HDVD_61,Heavy Duty Trucks_Diesel_Articulated 14 - 20 t_Euro IV,,,0.04,1,12,73,0.000119765,0.030605244,2.127010852,9.409832457,-0.000235157,0.059779051,0.608341072,0,1,1,1 
HDVD_61,Heavy Duty Trucks_Diesel_Articulated 14 - 20 t_Euro IV,,,0.06,0,12,86,0.001025682,0.256471578,0.226343627,-6.081069134,0.003051964,0.142359379,-0.908386198,0,1,1,1 
HDVD_61,Heavy Duty Trucks_Diesel_Articulated 14 - 20 t_Euro IV,,,0.06,0.5,12,69,0.001795557,0.27984835,-1.566523101,-6.433691538,0.003530738,0.092498382,-1.039091681,0,1,1,1 
HDVD_61,Heavy Duty Trucks_Diesel_Articulated 14 - 20 t_Euro IV,,,0.06,1,12,57,0.001172706,0.168203339,0.382422547,5.166417097,0.00108686,0.083343324,-0.119072331,0,1,1,1 
HDVD_62,Heavy Duty Trucks_Diesel_Articulated 14 - 20 t_Euro V,SCR,,-0.06,0,5,65,-0.001470849,0.115188787,-0.913946022,1.99657765,0.005361053,-0.048093378,0.111885559,0,1,1,1 
HDVD_62,Heavy Duty Trucks_Diesel_Articulated 14 - 20 t_Euro V,SCR,,-0.06,0.5,5,65,-0.001760308,0.1349225,-1.081961659,2.378321304,0.006483438,-0.05924789,0.139393086,0,1,1,1 
HDVD_62,Heavy Duty Trucks_Diesel_Articulated 14 - 20 t_Euro V,SCR,,-0.06,1,5,65,-0.0013998,0.103523856,-0.777413161,1.640668984,0.004927001,-0.042500598,0.097042184,0,1,1,1 
HDVD_62,Heavy Duty Trucks_Diesel_Articulated 14 - 20 t_Euro V,SCR,,-0.04,0,5,85,-0.001232696,0.124388868,-0.980224682,2.088024681,0.005095165,-0.044227426,0.099504362,0,1,1,1 
HDVD_62,Heavy Duty Trucks_Diesel_Articulated 14 - 20 t_Euro V,SCR,,-0.04,0.5,5,85,-0.001672599,0.162169038,-1.15252545,2.358611541,0.006822599,-0.054915786,0.122116454,0,1,1,1 
HDVD_62,Heavy Duty Trucks_Diesel_Articulated 14 - 20 t_Euro V,SCR,,-0.04,1,5,85,-0.002641034,0.244119368,-1.533371588,2.9513428,0.009797722,-0.070472147,0.151929194,0,1,1,1 
HDVD_62,Heavy Duty Trucks_Diesel_Articulated 14 - 20 t_Euro V,SCR,,-0.02,0,5,85,0.000316487,0.184696466,-1.277866118,2.999461568,0.00797262,-0.059423579,0.143685908,0,1,1,1 
HDVD_62,Heavy Duty Trucks_Diesel_Articulated 14 - 20 t_Euro V,SCR,,-0.02,0.5,5,85,-0.00183006,0.540932292,-2.813706494,4.935855705,0.019055699,-0.105805058,0.204854021,0,1,1,1 
HDVD_62,Heavy Duty Trucks_Diesel_Articulated 14 - 20 t_Euro V,SCR,,-0.02,1,5,85,-0.001236743,0.278397678,-1.399010904,2.442587943,0.008757955,-0.045948052,0.092205955,0,1,1,1 
HDVD_62,Heavy Duty Trucks_Diesel_Articulated 14 - 20 t_Euro V,SCR,,0,0,5,85,0.004504284,0.186452257,-1.255200075,3.35647037,0.008950941,-0.061546561,0.158697561,0,1,1,1 
HDVD_62,Heavy Duty Trucks_Diesel_Articulated 14 - 20 t_Euro V,SCR,,0,0.5,5,85,0.01122016,0.4523692,-2.261518301,4.829518987,0.018420904,-0.094805613,0.209800879,0,1,1,1 
HDVD_62,Heavy Duty Trucks_Diesel_Articulated 14 - 20 t_Euro V,SCR,,0,1,5,85,0.013047411,0.654213704,-2.447344026,3.648882305,0.020757082,-0.07190955,0.121310367,0,1,1,1 
HDVD_62,Heavy Duty Trucks_Diesel_Articulated 14 - 20 t_Euro V,SCR,,0.02,0,5,85,0.011781063,0.03342983,4.038513653,3.250503247,0.00764979,0.042924005,0.358377368,0,1,1,1 
HDVD_62,Heavy Duty Trucks_Diesel_Articulated 14 - 20 t_Euro V,SCR,,0.02,0.5,5,85,0.012022188,0.052256343,0.117312364,4.413996868,0.00688234,-0.03870855,0.238171087,0,1,1,1 
HDVD_62,Heavy Duty Trucks_Diesel_Articulated 14 - 20 t_Euro V,SCR,,0.02,1,5,85,-0.002207727,0.156747251,3.748857909,-1.967119396,-0.0012348,0.112260482,-2.09E-10,0,1,1,1 
HDVD_62,Heavy Duty Trucks_Diesel_Articulated 14 - 20 t_Euro V,SCR,,0.04,0,5,85,0.024254626,-0.10114617,1.318306239,9.586825096,0.010602176,-0.073826453,0.558894786,0,1,1,1 
HDVD_62,Heavy Duty Trucks_Diesel_Articulated 14 - 20 t_Euro V,SCR,,0.04,0.5,5,85,0.000121794,-0.018560218,0.636658809,8.215695707,4.69E-05,-0.007427829,0.315859807,0,1,1,1 
HDVD_62,Heavy Duty Trucks_Diesel_Articulated 14 - 20 t_Euro V,SCR,,0.04,1,5,70,-0.01088502,0.938074663,8.991437731,-0.951162219,-0.001631857,0.304327988,1.92E-09,0,1,1,1 
HDVD_62,Heavy Duty Trucks_Diesel_Articulated 14 - 20 t_Euro V,SCR,,0.06,0,5,85,7.83E-05,-0.011655936,0.404974486,5.789294108,3.87E-05,-0.005572853,0.225714106,0,1,1,1 
HDVD_62,Heavy Duty Trucks_Diesel_Articulated 14 - 20 t_Euro V,SCR,,0.06,0.5,5,70,8.02E-05,-0.012389513,0.633650071,7.649086989,5.93E-05,-0.005289576,0.258324882,0,1,1,1 
HDVD_62,Heavy Duty Trucks_Diesel_Articulated 14 - 20 t_Euro V,SCR,,0.06,1,5,55,-0.002255786,0.176046548,1.377697336,-5.071830703,-0.000145399,0.05139927,-0.140855252,0,1,1,1 
HDVD_62,Heavy Duty Trucks_Diesel_Articulated 14 - 20 t_Euro V,EGR,,-0.06,0,5,85,-0.002758342,0.26841124,-1.615462646,3.051399215,0.031663272,-0.231900079,0.523506228,0,1,1,1 
HDVD_62,Heavy Duty Trucks_Diesel_Articulated 14 - 20 t_Euro V,EGR,,-0.06,0.5,5,85,-0.003056992,0.298031316,-1.888140582,3.619617003,0.038164437,-0.296287506,0.671985183,0,1,1,1 
HDVD_62,Heavy Duty Trucks_Diesel_Articulated 14 - 20 t_Euro V,EGR,,-0.06,1,5,85,-0.002039571,0.19684972,-1.244720842,2.359779419,0.026178493,-0.202885359,0.454107046,0,1,1,1 
HDVD_62,Heavy Duty Trucks_Diesel_Articulated 14 - 20 t_Euro V,EGR,,-0.04,0,5,85,-0.001964935,0.232739658,-1.302472631,2.258730008,0.021777216,-0.13957377,0.289291544,0,1,1,1 
HDVD_62,Heavy Duty Trucks_Diesel_Articulated 14 - 20 t_Euro V,EGR,,-0.04,0.5,5,85,-0.002212092,0.256817412,-1.414751894,2.440057302,0.025742405,-0.170220812,0.361520081,0,1,1,1 
HDVD_62,Heavy Duty Trucks_Diesel_Articulated 14 - 20 t_Euro V,EGR,,-0.04,1,5,85,-0.004497492,0.407434585,-1.913634377,1.947110589,0.032430982,-0.131954101,0.060407253,0,1,1,1 
HDVD_62,Heavy Duty Trucks_Diesel_Articulated 14 - 20 t_Euro V,EGR,,-0.02,0,5,85,0.000672456,0.385636184,-1.80013961,2.976682866,0.035169459,-0.185133608,0.370644338,0,1,1,1 
HDVD_62,Heavy Duty Trucks_Diesel_Articulated 14 - 20 t_Euro V,EGR,,-0.02,0.5,5,85,-0.001478056,0.463607495,-2.243406583,3.588171594,0.038193035,-0.209164712,0.410340221,0,1,1,1 
HDVD_62,Heavy Duty Trucks_Diesel_Articulated 14 - 20 t_Euro V,EGR,,-0.02,1,5,85,-0.002453937,0.35318727,-1.541643248,1.113932814,0.022674327,-0.070388508,-0.046102624,0,1,1,1 
HDVD_62,Heavy Duty Trucks_Diesel_Articulated 14 - 20 t_Euro V,EGR,,0,0,5,85,0.004635329,0.371563338,-1.466585908,2.27052192,0.030548859,-0.129684506,0.253873815,0,1,1,1 
HDVD_62,Heavy Duty Trucks_Diesel_Articulated 14 - 20 t_Euro V,EGR,,0,0.5,5,85,0.00525716,0.486739538,-1.996848974,2.858950759,0.037103067,-0.155633387,0.27172858,0,1,1,1 
HDVD_62,Heavy Duty Trucks_Diesel_Articulated 14 - 20 t_Euro V,EGR,,0,1,5,85,0.004259302,0.478207825,-1.957082129,2.706119531,0.033623084,-0.13720331,0.229007447,0,1,1,1 
HDVD_62,Heavy Duty Trucks_Diesel_Articulated 14 - 20 t_Euro V,EGR,,0.02,0,5,85,0.001831762,0.175182338,-1.589230359,1.730954383,0.010985459,-0.082780245,0.026397544,0,1,1,1 
HDVD_62,Heavy Duty Trucks_Diesel_Articulated 14 - 20 t_Euro V,EGR,,0.02,0.5,5,85,0.006308015,0.436377403,-1.750819312,2.333166632,0.028403825,-0.107436171,0.167493766,0,1,1,1 
HDVD_62,Heavy Duty Trucks_Diesel_Articulated 14 - 20 t_Euro V,EGR,,0.02,1,5,85,0.009033763,0.796632975,-3.226832373,3.954478458,0.045653718,-0.167189403,0.223228115,0,1,1,1 
HDVD_62,Heavy Duty Trucks_Diesel_Articulated 14 - 20 t_Euro V,EGR,,0.04,0,5,85,0.007247617,0.439108386,-1.782977623,2.344660295,0.027908257,-0.104563764,0.158665459,0,1,1,1 
HDVD_62,Heavy Duty Trucks_Diesel_Articulated 14 - 20 t_Euro V,EGR,,0.04,0.5,5,85,0.002153785,0.259009984,-2.245013336,2.092445828,0.01270055,-0.090994958,-1.43E-16,0,1,1,1 
HDVD_62,Heavy Duty Trucks_Diesel_Articulated 14 - 20 t_Euro V,EGR,,0.04,1,5,75,-0.000455247,0.002935033,4.012924979,-2.964963143,-0.001391494,0.17306994,0.056271798,0,1,1,1 
HDVD_62,Heavy Duty Trucks_Diesel_Articulated 14 - 20 t_Euro V,EGR,,0.06,0,5,85,-0.000459363,0.021311743,2.489072812,-2.47441521,-0.001035542,0.125706458,0.010449479,0,1,1,1 
HDVD_62,Heavy Duty Trucks_Diesel_Articulated 14 - 20 t_Euro V,EGR,,0.06,0.5,5,70,-0.000393195,0.019204073,2.264679747,-1.015482392,-0.000461775,0.0992575,0.068587694,0,1,1,1 
HDVD_62,Heavy Duty Trucks_Diesel_Articulated 14 - 20 t_Euro V,EGR,,0.06,1,5,55,-0.000678754,0.675683687,-2.820591353,-1.768291435,0.023016229,-0.055392955,-0.258158213,0,1,1,1 
HDVD_63,Heavy Duty Trucks_Diesel_Articulated 14 - 20 t_Euro VI,,,-0.06,0,5,75,-0.003668145,0.293746124,-1.111931004,1.692745444,0.129115187,-0.606784825,1.553978854,0,1,1,1 
HDVD_63,Heavy Duty Trucks_Diesel_Articulated 14 - 20 t_Euro VI,,,-0.06,0.5,5,65,-0.005698938,0.418121753,-1.923642471,1.971272568,0.162745045,-0.555088949,-5.20E-11,0,1,1,1 
HDVD_63,Heavy Duty Trucks_Diesel_Articulated 14 - 20 t_Euro VI,,,-0.06,1,5,75,-0.002047605,0.162374343,-0.398311385,1.191654277,0.100350314,-0.614316969,2.574183405,0,1,1,1 
HDVD_63,Heavy Duty Trucks_Diesel_Articulated 14 - 20 t_Euro VI,,,-0.04,0,5,85,-0.005798065,0.548941506,-2.429826057,2.164296137,0.159536918,-0.408672092,-0.476214986,0,1,1,1 
HDVD_63,Heavy Duty Trucks_Diesel_Articulated 14 - 20 t_Euro VI,,,-0.04,0.5,5,85,-0.004408695,0.398513938,-1.815401891,1.84573741,0.121818563,-0.361922045,-0.111291785,0,1,1,1 
HDVD_63,Heavy Duty Trucks_Diesel_Articulated 14 - 20 t_Euro VI,,,-0.04,1,5,80,-0.007108652,0.598625784,-1.015709739,1.283707884,0.201032245,-0.290801916,2.005551017,0,1,1,1 
HDVD_63,Heavy Duty Trucks_Diesel_Articulated 14 - 20 t_Euro VI,,,-0.02,0,5,85,0.00017006,-0.040556121,2.553771881,-3.3236234,-0.006926634,0.621860743,0.46200139,0,1,1,1 
HDVD_63,Heavy Duty Trucks_Diesel_Articulated 14 - 20 t_Euro VI,,,-0.02,0.5,5,85,-0.003564493,0.507280052,1.562730365,-3.060800026,0.119179414,0.81521515,1.30E-10,0,1,1,1 
HDVD_63,Heavy Duty Trucks_Diesel_Articulated 14 - 20 t_Euro VI,,,-0.02,1,5,85,-0.008021118,0.901437196,0.708879467,-2.159199903,0.19879689,0.963125726,1.78E-10,0,1,1,1 
HDVD_63,Heavy Duty Trucks_Diesel_Articulated 14 - 20 t_Euro VI,,,0,0,5,85,0.002293988,0.250875046,-2.249522354,2.75461835,0.066983101,-0.471911127,0.03006808,0,1,1,1 
HDVD_63,Heavy Duty Trucks_Diesel_Articulated 14 - 20 t_Euro VI,,,0,0.5,5,85,0.001592493,0.211128477,-1.881517525,2.20134015,0.054481797,-0.387518633,3.18E-10,0,1,1,1 
HDVD_63,Heavy Duty Trucks_Diesel_Articulated 14 - 20 t_Euro VI,,,0,1,5,85,0.002494203,0.39627941,-2.522474667,2.654654538,0.098952269,-0.478285913,2.64E-13,0,1,1,1 
HDVD_63,Heavy Duty Trucks_Diesel_Articulated 14 - 20 t_Euro VI,,,0.02,0,5,85,-0.000218037,0.050774162,1.807691559,-2.505726295,0.002683665,0.453734666,-2.50E-11,0,1,1,1 
HDVD_63,Heavy Duty Trucks_Diesel_Articulated 14 - 20 t_Euro VI,,,0.02,0.5,5,85,-0.000534898,0.089729883,2.154504427,-2.696279282,0.007114785,0.549810086,4.40E-12,0,1,1,1 
HDVD_63,Heavy Duty Trucks_Diesel_Articulated 14 - 20 t_Euro VI,,,0.02,1,5,85,-0.000284856,0.069753867,1.664585524,-1.936716113,0.008324114,0.394715136,2.46E-10,0,1,1,1 
HDVD_63,Heavy Duty Trucks_Diesel_Articulated 14 - 20 t_Euro VI,,,0.04,0,5,85,-0.001146028,0.147802503,2.47226436,-3.195466066,0.010521823,0.644871273,-6.19E-09,0,1,1,1 
HDVD_63,Heavy Duty Trucks_Diesel_Articulated 14 - 20 t_Euro VI,,,0.04,0.5,5,85,-0.000178813,0.096078191,1.499598687,-1.817043173,0.014561411,0.323887264,2.64E-12,0,1,1,1 
HDVD_63,Heavy Duty Trucks_Diesel_Articulated 14 - 20 t_Euro VI,,,0.04,1,5,75,0.001510692,0.433386043,-1.777675006,1.298230185,0.085707245,-0.278432203,0.034904212,0,1,1,1 
HDVD_63,Heavy Duty Trucks_Diesel_Articulated 14 - 20 t_Euro VI,,,0.06,0,5,85,-0.001233708,0.247859588,2.511506853,-3.186419687,0.02981544,0.614426803,-8.84E-08,0,1,1,1 
HDVD_63,Heavy Duty Trucks_Diesel_Articulated 14 - 20 t_Euro VI,,,0.06,0.5,5,70,0.000315778,0.116086527,-1.312142785,1.5534018,0.022512957,-0.237767966,0.177346281,0,1,1,1 
HDVD_63,Heavy Duty Trucks_Diesel_Articulated 14 - 20 t_Euro VI,,,0.06,1,5,55,0.006067642,0.694357511,-2.561572748,1.354134917,0.144749258,-0.495991763,0.185123828,0,1,1,1 
HDVD_64,Heavy Duty Trucks_Diesel_Articulated 20 - 28 t_Conventional,,,-0.06,0,12,86,-4.84E-06,0.001506249,1.499972112,-5.292915182,0.00094059,0.009606635,0.051159429,0,1,1,1 
HDVD_64,Heavy Duty Trucks_Diesel_Articulated 20 - 28 t_Conventional,,,-0.06,0.5,12,86,2.98E-06,-0.001559799,1.744941299,-6.821384201,0.00104777,0.00828621,0.087339959,0,1,1,1 
HDVD_64,Heavy Duty Trucks_Diesel_Articulated 20 - 28 t_Conventional,,,-0.06,1,12,86,3.50E-06,-0.001771615,1.761199545,-6.979028204,0.001040517,0.008094464,0.090356078,0,1,1,1 
HDVD_64,Heavy Duty Trucks_Diesel_Articulated 20 - 28 t_Conventional,,,-0.04,0,12,86,0.000151422,-0.027407476,2.677970093,3.402237935,0.000364621,0.030132381,0.207798025,0,1,1,1 
HDVD_64,Heavy Duty Trucks_Diesel_Articulated 20 - 28 t_Conventional,,,-0.04,0.5,12,86,-5.77E-06,0.001348235,1.869011465,-7.573389374,0.00086518,0.008978481,0.078219209,0,1,1,1 
HDVD_64,Heavy Duty Trucks_Diesel_Articulated 20 - 28 t_Conventional,,,-0.04,1,12,86,-2.35E-06,-3.77E-05,1.883773236,-7.883803223,0.000824932,0.007664681,0.082884342,0,1,1,1 
HDVD_64,Heavy Duty Trucks_Diesel_Articulated 20 - 28 t_Conventional,,,-0.02,0,12,86,0.00042746,-0.017048992,1.240707447,7.219936518,0.000382487,0.00433888,0.241204666,0,1,1,1 
HDVD_64,Heavy Duty Trucks_Diesel_Articulated 20 - 28 t_Conventional,,,-0.02,0.5,12,86,0.000400825,-0.028649619,2.725216249,8.416159452,0.000394501,0.01793519,0.370073976,0,1,1,1 
HDVD_64,Heavy Duty Trucks_Diesel_Articulated 20 - 28 t_Conventional,,,-0.02,1,12,86,0.000118628,0.010226955,-0.428735516,11.89620091,0.000444362,-0.016741992,0.275860431,0,1,1,1 
HDVD_64,Heavy Duty Trucks_Diesel_Articulated 20 - 28 t_Conventional,,,0,0,12,86,0.000765243,0.000796639,2.337932745,11.31313271,0.000465651,0.022052704,0.281682015,0,1,1,1 
HDVD_64,Heavy Duty Trucks_Diesel_Articulated 20 - 28 t_Conventional,,,0,0.5,12,86,0.000963932,-0.023354827,1.969311725,7.994547776,0.000485485,0.003280062,0.331526989,0,1,1,1 
HDVD_64,Heavy Duty Trucks_Diesel_Articulated 20 - 28 t_Conventional,,,0,1,12,86,0.001951885,-0.081402729,3.168279383,9.600609998,0.000859863,-0.017545758,0.641070438,0,1,1,1 
HDVD_64,Heavy Duty Trucks_Diesel_Articulated 20 - 28 t_Conventional,,,0.02,0,12,86,0.001117538,-0.001602164,3.155363585,13.47938709,0.000559224,0.02280841,0.395169134,0,1,1,1 
HDVD_64,Heavy Duty Trucks_Diesel_Articulated 20 - 28 t_Conventional,,,0.02,0.5,12,86,0.000912363,0.00691899,-0.763027243,13.70550725,0.000707135,-0.023322917,0.274447812,0,1,1,1 
HDVD_64,Heavy Duty Trucks_Diesel_Articulated 20 - 28 t_Conventional,,,0.02,1,12,81,0.000851887,0.03523662,-0.372610312,11.50361887,0.000773386,-0.016238158,0.255627758,0,1,1,1 
HDVD_64,Heavy Duty Trucks_Diesel_Articulated 20 - 28 t_Conventional,,,0.04,0,12,86,0.000138525,0.061541885,0.614872388,-8.898705955,0.0003571,0.017976011,-0.166910752,0,1,1,1 
HDVD_64,Heavy Duty Trucks_Diesel_Articulated 20 - 28 t_Conventional,,,0.04,0.5,12,71,0.000556419,-0.002450705,4.789857487,7.521376452,0.000167501,0.025225063,0.501389063,0,1,1,1 
HDVD_64,Heavy Duty Trucks_Diesel_Articulated 20 - 28 t_Conventional,,,0.04,1,12,55,-0.003485421,0.650031724,-5.424970726,-9.900042829,0.00165521,0.051325652,-0.711855117,0,1,1,1 
HDVD_64,Heavy Duty Trucks_Diesel_Articulated 20 - 28 t_Conventional,,,0.06,0,12,74,0.000999336,0.352071718,2.787161114,-8.509199783,0.001821548,0.089140414,-0.360018896,0,1,1,1 
HDVD_64,Heavy Duty Trucks_Diesel_Articulated 20 - 28 t_Conventional,,,0.06,0.5,12,53,-7.37E-05,0.245714404,6.980429009,11.06811494,0.000691251,0.071191959,0.566066759,0,1,1,1 
HDVD_64,Heavy Duty Trucks_Diesel_Articulated 20 - 28 t_Conventional,,,0.06,1,12,42,-0.001358926,0.633849507,14.17902554,15.5642624,0.00136534,0.129354908,0.983438124,0,1,1,1 
HDVD_65,Heavy Duty Trucks_Diesel_Articulated 20 - 28 t_Euro I,,,-0.06,0,12,86,4.19E-05,-0.014301916,2.876382671,1.687504657,0.001602736,0.03645544,0.43413501,0,1,1,1 
HDVD_65,Heavy Duty Trucks_Diesel_Articulated 20 - 28 t_Euro I,,,-0.06,0.5,12,86,6.49E-06,-0.002579284,1.22278934,-5.105251392,0.000963519,0.006004452,0.098558278,0,1,1,1 
HDVD_65,Heavy Duty Trucks_Diesel_Articulated 20 - 28 t_Euro I,,,-0.06,1,12,86,7.63E-06,-0.002979841,1.290208018,-5.464142626,0.000987872,0.005869338,0.10509274,0,1,1,1 
HDVD_65,Heavy Duty Trucks_Diesel_Articulated 20 - 28 t_Euro I,,,-0.04,0,12,86,3.54E-05,-0.008792466,0.797705675,3.02903622,8.64E-05,0.012819469,0.137770464,0,1,1,1 
HDVD_65,Heavy Duty Trucks_Diesel_Articulated 20 - 28 t_Euro I,,,-0.04,0.5,12,86,0.000122062,-0.03694588,4.068687568,1.861998039,0.001047107,0.034219123,0.728457944,0,1,1,1 
HDVD_65,Heavy Duty Trucks_Diesel_Articulated 20 - 28 t_Euro I,,,-0.04,1,12,86,0.000166346,-0.047292717,4.439875303,2.134771165,0.000941085,0.031597994,0.801595423,0,1,1,1 
HDVD_65,Heavy Duty Trucks_Diesel_Articulated 20 - 28 t_Euro I,,,-0.02,0,12,86,0.000333174,-0.013152828,1.005763188,4.988098528,0.000375107,0.004795337,0.249912981,0,1,1,1 
HDVD_65,Heavy Duty Trucks_Diesel_Articulated 20 - 28 t_Euro I,,,-0.02,0.5,12,86,0.000257173,-0.018902692,1.504003353,3.789095895,0.000294458,0.008201635,0.309252113,0,1,1,1 
HDVD_65,Heavy Duty Trucks_Diesel_Articulated 20 - 28 t_Euro I,,,-0.02,1,12,86,7.28E-05,0.012159182,-0.318148227,7.448409662,0.00046137,-0.014892021,0.231759111,0,1,1,1 
HDVD_65,Heavy Duty Trucks_Diesel_Articulated 20 - 28 t_Euro I,,,0,0,12,86,8.96E-06,0.002778325,0.429185344,4.703749794,-2.30E-05,0.008495978,0.107130325,0,1,1,1 
HDVD_65,Heavy Duty Trucks_Diesel_Articulated 20 - 28 t_Euro I,,,0,0.5,12,86,0.001142182,-0.029638424,2.184313538,6.295518838,0.000668225,0.00056779,0.490475785,0,1,1,1 
HDVD_65,Heavy Duty Trucks_Diesel_Articulated 20 - 28 t_Euro I,,,0,1,12,86,0.001260806,-0.066254546,1.526691445,5.626789389,0.00062165,-0.026360743,0.53408285,0,1,1,1 
HDVD_65,Heavy Duty Trucks_Diesel_Articulated 20 - 28 t_Euro I,,,0.02,0,12,86,0.000142429,0.02478782,3.133196359,9.618394856,-0.000217096,0.06565199,0.188231202,0,1,1,1 
HDVD_65,Heavy Duty Trucks_Diesel_Articulated 20 - 28 t_Euro I,,,0.02,0.5,12,86,0.002134879,-0.078092648,0.431697293,26.64540805,0.001125041,-0.053394903,0.899525977,0,1,1,1 
HDVD_65,Heavy Duty Trucks_Diesel_Articulated 20 - 28 t_Euro I,,,0.02,1,12,82,0.004197765,-0.250742652,7.16559491,12.70502904,0.001471223,-0.067963345,1.701628152,0,1,1,1 
HDVD_65,Heavy Duty Trucks_Diesel_Articulated 20 - 28 t_Euro I,,,0.04,0,12,86,0.00027808,0.027632153,0.676867005,6.867772754,0.000121609,0.018120279,0.103495907,0,1,1,1 
HDVD_65,Heavy Duty Trucks_Diesel_Articulated 20 - 28 t_Euro I,,,0.04,0.5,12,73,-0.001943646,0.62633662,8.853710787,3.55805435,0.001320272,0.146418186,1.089050033,0,1,1,1 
HDVD_65,Heavy Duty Trucks_Diesel_Articulated 20 - 28 t_Euro I,,,0.04,1,12,57,-0.002791387,0.756516018,7.919125672,1.710649782,0.001313265,0.131433539,0.786216509,0,1,1,1 
HDVD_65,Heavy Duty Trucks_Diesel_Articulated 20 - 28 t_Euro I,,,0.06,0,12,78,0.0018244,0.276401736,0.110594523,13.56250616,0.001122559,0.081643532,-0.201605107,0,1,1,1 
HDVD_65,Heavy Duty Trucks_Diesel_Articulated 20 - 28 t_Euro I,,,0.06,0.5,12,53,0.01421617,-0.215019505,-1.005774703,20.33379096,0.00398464,-0.096713126,0.611048611,0,1,1,1 
HDVD_65,Heavy Duty Trucks_Diesel_Articulated 20 - 28 t_Euro I,,,0.06,1,12,43,-0.034475852,4.528243802,14.31697913,-11.90909432,0.005534177,0.560872811,0.714546849,0,1,1,1 
HDVD_66,Heavy Duty Trucks_Diesel_Articulated 20 - 28 t_Euro II,,,-0.06,0,12,86,-1.13E-06,7.33E-05,0.967920043,-3.811934024,0.001098615,0.01029119,0.091128838,0,1,1,1 
HDVD_66,Heavy Duty Trucks_Diesel_Articulated 20 - 28 t_Euro II,,,-0.06,0.5,12,86,1.44E-05,-0.005104749,1.288862472,-6.173209692,0.001258097,0.004013002,0.182978565,0,1,1,1 
HDVD_66,Heavy Duty Trucks_Diesel_Articulated 20 - 28 t_Euro II,,,-0.06,1,12,86,1.07E-05,-0.004007247,1.241356036,-5.774971274,0.001162502,0.005101229,0.157271744,0,1,1,1 
HDVD_66,Heavy Duty Trucks_Diesel_Articulated 20 - 28 t_Euro II,,,-0.04,0,12,86,-5.96E-06,0.001970432,0.993422159,-3.875102854,0.000881746,0.010754333,0.069410003,0,1,1,1 
HDVD_66,Heavy Duty Trucks_Diesel_Articulated 20 - 28 t_Euro II,,,-0.04,0.5,12,86,-1.05E-06,-0.000654271,1.237913001,-5.868427078,0.000925074,0.007340172,0.134567646,0,1,1,1 
HDVD_66,Heavy Duty Trucks_Diesel_Articulated 20 - 28 t_Euro II,,,-0.04,1,12,86,9.11E-06,-0.00479589,1.818538205,-9.514444384,0.001160211,0.004484593,0.214310561,0,1,1,1 
HDVD_66,Heavy Duty Trucks_Diesel_Articulated 20 - 28 t_Euro II,,,-0.02,0,12,86,0.000261601,-0.010344884,0.789793595,3.650737602,0.000416907,0.00513964,0.279662359,0,1,1,1 
HDVD_66,Heavy Duty Trucks_Diesel_Articulated 20 - 28 t_Euro II,,,-0.02,0.5,12,86,0.000133968,-0.001395638,0.03321556,5.061809985,0.000397492,-0.014008732,0.288278474,0,1,1,1 
HDVD_66,Heavy Duty Trucks_Diesel_Articulated 20 - 28 t_Euro II,,,-0.02,1,12,86,0.000603558,-0.046392844,1.746367644,4.600580691,0.000740013,-0.025380559,0.779495019,0,1,1,1 
HDVD_66,Heavy Duty Trucks_Diesel_Articulated 20 - 28 t_Euro II,,,0,0,12,86,4.07E-16,-1.70E-14,4.726155881,4.31E-11,-0.000851109,0.121365087,0.320862141,0,1,1,1 
HDVD_66,Heavy Duty Trucks_Diesel_Articulated 20 - 28 t_Euro II,,,0,0.5,12,86,0.000860687,-0.061733989,2.103915417,6.667101838,0.000357596,-0.013484714,0.76000497,0,1,1,1 
HDVD_66,Heavy Duty Trucks_Diesel_Articulated 20 - 28 t_Euro II,,,0,1,12,86,0.002818303,-0.153783237,2.632158706,14.2688685,0.001682986,-0.084386306,1.448137904,0,1,1,1 
HDVD_66,Heavy Duty Trucks_Diesel_Articulated 20 - 28 t_Euro II,,,0.02,0,12,86,0.000197552,0.014247364,1.774503918,7.290482744,-3.55E-05,0.033747259,0.40115256,0,1,1,1 
HDVD_66,Heavy Duty Trucks_Diesel_Articulated 20 - 28 t_Euro II,,,0.02,0.5,12,86,0.001748269,0.010455867,-0.790794733,8.198759495,0.001390516,-0.032129283,0.256657734,0,1,1,1 
HDVD_66,Heavy Duty Trucks_Diesel_Articulated 20 - 28 t_Euro II,,,0.02,1,12,84,0.001064003,-0.072081413,3.85822528,2.88179425,0.000496868,-0.014375379,0.868410553,0,1,1,1 
HDVD_66,Heavy Duty Trucks_Diesel_Articulated 20 - 28 t_Euro II,,,0.04,0,12,86,-0.000289815,0.02133313,0.517261301,-5.780214843,-0.000207519,0.020886773,-0.15016596,0,1,1,1 
HDVD_66,Heavy Duty Trucks_Diesel_Articulated 20 - 28 t_Euro II,,,0.04,0.5,12,76,-0.0059485,1.415312147,-8.520187978,-19.79540807,0.004801225,0.239235214,-2.223106461,0,1,1,1 
HDVD_66,Heavy Duty Trucks_Diesel_Articulated 20 - 28 t_Euro II,,,0.04,1,12,60,0.000461418,-0.107055543,7.587432626,4.472534833,-3.88E-05,0.009853452,1.185169437,0,1,1,1 
HDVD_66,Heavy Duty Trucks_Diesel_Articulated 20 - 28 t_Euro II,,,0.06,0,12,82,-0.003199681,0.936371888,7.082874966,-2.529988813,0.003271762,0.260682411,0.733150332,0,1,1,1 
HDVD_66,Heavy Duty Trucks_Diesel_Articulated 20 - 28 t_Euro II,,,0.06,0.5,12,59,-0.00372238,0.877919303,5.925154344,-2.281542079,0.003132539,0.190441349,0.408153504,0,1,1,1 
HDVD_66,Heavy Duty Trucks_Diesel_Articulated 20 - 28 t_Euro II,,,0.06,1,12,45,-0.00197211,0.066211677,2.429329696,-15.81312469,-0.000761812,0.048132598,-0.199088762,0,1,1,1 
HDVD_67,Heavy Duty Trucks_Diesel_Articulated 20 - 28 t_Euro III,,,-0.06,0,12,86,4.50E-05,-0.009378449,0.913622943,3.045816998,0.000107048,0.014923347,0.150759049,0,1,1,1 
HDVD_67,Heavy Duty Trucks_Diesel_Articulated 20 - 28 t_Euro III,,,-0.06,0.5,12,86,-1.07E-05,0.004158347,1.152728687,-4.381270596,0.000736695,0.01074122,0.052867187,0,1,1,1 
HDVD_67,Heavy Duty Trucks_Diesel_Articulated 20 - 28 t_Euro III,,,-0.06,1,12,86,-1.11E-05,0.004436745,1.128103376,-4.234916553,0.000719909,0.010825303,0.04902073,0,1,1,1 
HDVD_67,Heavy Duty Trucks_Diesel_Articulated 20 - 28 t_Euro III,,,-0.04,0,12,86,5.69E-05,-0.009591722,0.945697578,3.324420969,9.97E-05,0.012217705,0.149563345,0,1,1,1 
HDVD_67,Heavy Duty Trucks_Diesel_Articulated 20 - 28 t_Euro III,,,-0.04,0.5,12,86,9.39E-05,-0.017397659,1.432129521,3.837103089,0.000148598,0.013797494,0.275179787,0,1,1,1 
HDVD_67,Heavy Duty Trucks_Diesel_Articulated 20 - 28 t_Euro III,,,-0.04,1,12,86,0.000123698,-0.019745631,1.375528807,2.457674193,0.000193573,0.007164264,0.285366035,0,1,1,1 
HDVD_67,Heavy Duty Trucks_Diesel_Articulated 20 - 28 t_Euro III,,,-0.02,0,12,86,0.000478809,-0.014313716,0.968239458,6.682774528,0.000433832,0.001801945,0.263164798,0,1,1,1 
HDVD_67,Heavy Duty Trucks_Diesel_Articulated 20 - 28 t_Euro III,,,-0.02,0.5,12,86,0.00036533,-0.022559512,1.653517134,4.024872295,0.000358776,0.005211131,0.334169153,0,1,1,1 
HDVD_67,Heavy Duty Trucks_Diesel_Articulated 20 - 28 t_Euro III,,,-0.02,1,12,86,0.000173205,0.002140826,-0.071210718,8.322876642,0.000423374,-0.014716833,0.280202316,0,1,1,1 
HDVD_67,Heavy Duty Trucks_Diesel_Articulated 20 - 28 t_Euro III,,,0,0,12,86,0.000799957,-0.026612811,1.825831011,6.481946242,0.000576933,0.001606195,0.411061239,0,1,1,1 
HDVD_67,Heavy Duty Trucks_Diesel_Articulated 20 - 28 t_Euro III,,,0,0.5,12,86,0.001454995,-0.059006564,2.043074582,7.745487764,0.000882561,-0.019655859,0.606257883,0,1,1,1 
HDVD_67,Heavy Duty Trucks_Diesel_Articulated 20 - 28 t_Euro III,,,0,1,12,86,0.001084411,-0.052689162,1.243300733,5.461743284,0.000574472,-0.021424818,0.436336868,0,1,1,1 
HDVD_67,Heavy Duty Trucks_Diesel_Articulated 20 - 28 t_Euro III,,,0.02,0,12,86,0.000688366,-0.015135961,1.614295941,5.148876618,0.000433979,0.005574234,0.326546331,0,1,1,1 
HDVD_67,Heavy Duty Trucks_Diesel_Articulated 20 - 28 t_Euro III,,,0.02,0.5,12,86,0.000701178,-0.018272157,0.045535034,10.16726403,0.000492541,-0.02013598,0.337030894,0,1,1,1 
HDVD_67,Heavy Duty Trucks_Diesel_Articulated 20 - 28 t_Euro III,,,0.02,1,12,85,0.001706557,0.006765852,0.301410111,21.9138269,0.001473794,-0.038752246,0.72554316,0,1,1,1 
HDVD_67,Heavy Duty Trucks_Diesel_Articulated 20 - 28 t_Euro III,,,0.04,0,12,86,0.000463922,0.176818249,1.365584352,-9.335169804,0.001256194,0.065259189,-0.352202164,0,1,1,1 
HDVD_67,Heavy Duty Trucks_Diesel_Articulated 20 - 28 t_Euro III,,,0.04,0.5,12,78,-0.00068042,0.21302147,3.670163445,2.871470826,0.000975489,0.065969095,0.341168479,0,1,1,1 
HDVD_67,Heavy Duty Trucks_Diesel_Articulated 20 - 28 t_Euro III,,,0.04,1,12,61,0.000392611,-0.092454382,6.443929146,5.521746144,-8.34E-05,0.013331887,0.895949708,0,1,1,1 
HDVD_67,Heavy Duty Trucks_Diesel_Articulated 20 - 28 t_Euro III,,,0.06,0,12,83,-1.07E-05,-0.009758491,1.905204297,4.266908982,-0.000101791,0.014050275,0.321866888,0,1,1,1 
HDVD_67,Heavy Duty Trucks_Diesel_Articulated 20 - 28 t_Euro III,,,0.06,0.5,12,59,-0.002669454,0.505342676,-4.668782346,-8.255694162,0.001846074,0.054492551,-0.857113413,0,1,1,1 
HDVD_67,Heavy Duty Trucks_Diesel_Articulated 20 - 28 t_Euro III,,,0.06,1,12,46,-0.012443323,1.126929507,10.15718658,-0.9668692,0.002506222,0.201591671,0.807542479,0,1,1,1 
HDVD_68,Heavy Duty Trucks_Diesel_Articulated 20 - 28 t_Euro IV,,,-0.06,0,12,86,2.03E-05,-0.003999729,0.190229727,2.862673758,0.000303429,0.005036688,0.217831609,0,1,1,1 
HDVD_68,Heavy Duty Trucks_Diesel_Articulated 20 - 28 t_Euro IV,,,-0.06,0.5,12,86,2.04E-05,-0.003847023,0.171503647,2.678434431,0.000339611,0.003496514,0.231325509,0,1,1,1 
HDVD_68,Heavy Duty Trucks_Diesel_Articulated 20 - 28 t_Euro IV,,,-0.06,1,12,79,-5.46E-05,0.005636091,-0.137108154,3.074232274,0.000576544,-0.013954615,0.255369373,0,1,1,1 
HDVD_68,Heavy Duty Trucks_Diesel_Articulated 20 - 28 t_Euro IV,,,-0.04,0,12,86,-5.00E-05,-0.015404228,1.924583787,-5.630613429,0.000706208,0.084419532,-0.229147101,0,1,1,1 
HDVD_68,Heavy Duty Trucks_Diesel_Articulated 20 - 28 t_Euro IV,,,-0.04,0.5,12,85,-6.65E-05,-0.024940681,2.677908193,-4.401404245,0.000692917,0.130729215,-0.164804737,0,1,1,1 
HDVD_68,Heavy Duty Trucks_Diesel_Articulated 20 - 28 t_Euro IV,,,-0.04,1,12,86,1.06E-05,-0.03301174,2.764169775,1.624571835,0.000911103,0.117259568,0.383438034,0,1,1,1 
HDVD_68,Heavy Duty Trucks_Diesel_Articulated 20 - 28 t_Euro IV,,,-0.02,0,12,86,0.000137478,-0.004592619,0.692971039,3.659118003,0.000447112,0.021656107,0.215808385,0,1,1,1 
HDVD_68,Heavy Duty Trucks_Diesel_Articulated 20 - 28 t_Euro IV,,,-0.02,0.5,12,86,-0.000408665,0.040574554,2.784556435,0.744074022,0.002310986,0.115693395,0.203107951,0,1,1,1 
HDVD_68,Heavy Duty Trucks_Diesel_Articulated 20 - 28 t_Euro IV,,,-0.02,1,12,86,1.58E-05,-0.005009986,0.473832176,2.500166382,3.06E-05,0.014475755,0.189121813,0,1,1,1 
HDVD_68,Heavy Duty Trucks_Diesel_Articulated 20 - 28 t_Euro IV,,,0,0,12,86,0.000372028,0.120764386,2.022572965,-5.3807667,0.002196078,0.148062145,-0.704409765,0,1,1,1 
HDVD_68,Heavy Duty Trucks_Diesel_Articulated 20 - 28 t_Euro IV,,,0,0.5,12,86,7.94E-05,0.032620242,1.216227681,3.801813611,0.000386119,0.059079181,0.098032662,0,1,1,1 
HDVD_68,Heavy Duty Trucks_Diesel_Articulated 20 - 28 t_Euro IV,,,0,1,12,86,-9.30E-06,0.002181619,0.448083535,2.493145429,-5.06E-05,0.013967725,0.131902373,0,1,1,1 
HDVD_68,Heavy Duty Trucks_Diesel_Articulated 20 - 28 t_Euro IV,,,0.02,0,12,86,8.99E-06,0.004831426,0.581759389,3.47105656,-5.35E-05,0.01840546,0.162848192,0,1,1,1 
HDVD_68,Heavy Duty Trucks_Diesel_Articulated 20 - 28 t_Euro IV,,,0.02,0.5,12,86,0.000953119,0.306083912,2.739391635,-6.94840929,0.003038191,0.21147524,-0.73187049,0,1,1,1 
HDVD_68,Heavy Duty Trucks_Diesel_Articulated 20 - 28 t_Euro IV,,,0.02,1,12,85,0.000391741,0.097666361,-0.077240252,-13.1259073,0.000969719,0.048481587,-0.700968207,0,1,1,1 
HDVD_68,Heavy Duty Trucks_Diesel_Articulated 20 - 28 t_Euro IV,,,0.04,0,12,86,0.001572554,0.452141357,3.38583996,2.506629892,0.00421964,0.297703335,-0.842242409,0,1,1,1 
HDVD_68,Heavy Duty Trucks_Diesel_Articulated 20 - 28 t_Euro IV,,,0.04,0.5,12,80,0.001619535,0.352608746,2.688237923,-10.77495158,0.002356427,0.209513547,-0.805721803,0,1,1,1 
HDVD_68,Heavy Duty Trucks_Diesel_Articulated 20 - 28 t_Euro IV,,,0.04,1,12,63,0.001024081,0.128365909,-0.086745063,4.963012365,0.000831723,0.050726383,-0.137233668,0,1,1,1 
HDVD_68,Heavy Duty Trucks_Diesel_Articulated 20 - 28 t_Euro IV,,,0.06,0,12,84,-0.00048706,0.034429426,0.813140537,-12.36281153,-0.000491211,0.048545992,-0.468441746,0,1,1,1 
HDVD_68,Heavy Duty Trucks_Diesel_Articulated 20 - 28 t_Euro IV,,,0.06,0.5,12,60,0.000244765,0.032569606,1.935758444,8.686347391,-0.000212581,0.041564674,0.446672842,0,1,1,1 
HDVD_68,Heavy Duty Trucks_Diesel_Articulated 20 - 28 t_Euro IV,,,0.06,1,12,47,-0.002272853,0.120098095,0.102475595,-13.97822615,-0.001039696,0.066549448,-0.635709483,0,1,1,1 
HDVD_68,Heavy Duty Trucks_Diesel_Articulated 20 - 28 t_Euro IV,,,-0.06,0,12,86,2.03E-05,-0.003999729,0.190229727,2.862673758,0.000303429,0.005036688,0.217831609,0,1,1,1 
HDVD_68,Heavy Duty Trucks_Diesel_Articulated 20 - 28 t_Euro IV,,,-0.06,0.5,12,86,2.04E-05,-0.003847023,0.171503647,2.678434431,0.000339611,0.003496514,0.231325509,0,1,1,1 
HDVD_68,Heavy Duty Trucks_Diesel_Articulated 20 - 28 t_Euro IV,,,-0.06,1,12,79,-5.46E-05,0.005636091,-0.137108154,3.074232274,0.000576544,-0.013954615,0.255369373,0,1,1,1 
HDVD_68,Heavy Duty Trucks_Diesel_Articulated 20 - 28 t_Euro IV,,,-0.04,0,12,86,-5.00E-05,-0.015404228,1.924583787,-5.630613429,0.000706208,0.084419532,-0.229147101,0,1,1,1 
HDVD_68,Heavy Duty Trucks_Diesel_Articulated 20 - 28 t_Euro IV,,,-0.04,1,12,86,1.06E-05,-0.03301174,2.764169775,1.624571835,0.000911103,0.117259568,0.383438034,0,1,1,1 
HDVD_68,Heavy Duty Trucks_Diesel_Articulated 20 - 28 t_Euro IV,,,-0.02,0,12,86,0.000137478,-0.004592619,0.692971039,3.659118003,0.000447112,0.021656107,0.215808385,0,1,1,1 
HDVD_68,Heavy Duty Trucks_Diesel_Articulated 20 - 28 t_Euro IV,,,-0.02,1,12,86,1.58E-05,-0.005009986,0.473832176,2.500166382,3.06E-05,0.014475755,0.189121813,0,1,1,1 
HDVD_68,Heavy Duty Trucks_Diesel_Articulated 20 - 28 t_Euro IV,,,0,0,12,86,0.000372028,0.120764386,2.022572965,-5.3807667,0.002196078,0.148062145,-0.704409765,0,1,1,1 
HDVD_68,Heavy Duty Trucks_Diesel_Articulated 20 - 28 t_Euro IV,,,0,1,12,86,-9.30E-06,0.002181619,0.448083535,2.493145429,-5.06E-05,0.013967725,0.131902373,0,1,1,1 
HDVD_68,Heavy Duty Trucks_Diesel_Articulated 20 - 28 t_Euro IV,,,0.02,0,12,86,8.99E-06,0.004831426,0.581759389,3.47105656,-5.35E-05,0.01840546,0.162848192,0,1,1,1 
HDVD_68,Heavy Duty Trucks_Diesel_Articulated 20 - 28 t_Euro IV,,,0.02,1,12,85,0.000391741,0.097666361,-0.077240252,-13.1259073,0.000969719,0.048481587,-0.700968207,0,1,1,1 
HDVD_68,Heavy Duty Trucks_Diesel_Articulated 20 - 28 t_Euro IV,,,0.04,0,12,86,0.001572554,0.452141357,3.38583996,2.506629892,0.00421964,0.297703335,-0.842242409,0,1,1,1 
HDVD_68,Heavy Duty Trucks_Diesel_Articulated 20 - 28 t_Euro IV,,,0.04,1,12,63,0.001024081,0.128365909,-0.086745063,4.963012365,0.000831723,0.050726383,-0.137233668,0,1,1,1 
HDVD_68,Heavy Duty Trucks_Diesel_Articulated 20 - 28 t_Euro IV,,,0.06,0,12,84,-0.00048706,0.034429426,0.813140537,-12.36281153,-0.000491211,0.048545992,-0.468441746,0,1,1,1 
HDVD_68,Heavy Duty Trucks_Diesel_Articulated 20 - 28 t_Euro IV,,,0.06,0.5,12,60,0.000244765,0.032569606,1.935758444,8.686347391,-0.000212581,0.041564674,0.446672842,0,1,1,1 
HDVD_68,Heavy Duty Trucks_Diesel_Articulated 20 - 28 t_Euro IV,,,0.06,1,12,47,-0.002272853,0.120098095,0.102475595,-13.97822615,-0.001039696,0.066549448,-0.635709483,0,1,1,1 
HDVD_69,Heavy Duty Trucks_Diesel_Articulated 20 - 28 t_Euro V,SCR,,-0.06,0,5,65,-0.001779929,0.137889762,-1.092477754,2.389049709,0.005520523,-0.049539491,0.115456824,0,1,1,1 
HDVD_69,Heavy Duty Trucks_Diesel_Articulated 20 - 28 t_Euro V,SCR,,-0.06,0.5,5,65,-0.002898526,0.219228549,-1.774347382,3.927023876,0.008914552,-0.082289017,0.194828879,0,1,1,1 
HDVD_69,Heavy Duty Trucks_Diesel_Articulated 20 - 28 t_Euro V,SCR,,-0.06,1,5,65,-0.001651164,0.121032805,-0.897747478,1.873861728,0.004780048,-0.040821027,0.09248625,0,1,1,1 
HDVD_69,Heavy Duty Trucks_Diesel_Articulated 20 - 28 t_Euro V,SCR,,-0.04,0,5,85,-0.001556765,0.156730186,-1.156947502,2.431180773,0.005672322,-0.046921018,0.105863794,0,1,1,1 
HDVD_69,Heavy Duty Trucks_Diesel_Articulated 20 - 28 t_Euro V,SCR,,-0.04,0.5,5,85,-0.002579227,0.242676998,-1.570468144,3.024117646,0.008416572,-0.061806405,0.131402233,0,1,1,1 
HDVD_69,Heavy Duty Trucks_Diesel_Articulated 20 - 28 t_Euro V,SCR,,-0.04,1,5,85,-0.005624545,0.52551933,-3.296672944,6.387826238,0.01729255,-0.125290423,0.275463838,0,1,1,1 
HDVD_69,Heavy Duty Trucks_Diesel_Articulated 20 - 28 t_Euro V,SCR,,-0.02,0,5,85,-0.000227229,0.205997575,-1.377669459,2.86971348,0.00694933,-0.049779183,0.10914653,0,1,1,1 
HDVD_69,Heavy Duty Trucks_Diesel_Articulated 20 - 28 t_Euro V,SCR,,-0.02,0.5,5,85,-0.001206781,0.314990261,-1.77616402,3.092536487,0.008860636,-0.052522306,0.100944033,0,1,1,1 
HDVD_69,Heavy Duty Trucks_Diesel_Articulated 20 - 28 t_Euro V,SCR,,-0.02,1,5,85,-0.001949517,0.391996175,-1.742663684,2.903982979,0.009472411,-0.043266686,0.091433181,0,1,1,1 
HDVD_69,Heavy Duty Trucks_Diesel_Articulated 20 - 28 t_Euro V,SCR,,0,0,5,85,0.004864871,0.199356058,-1.272592825,3.090674791,0.007708096,-0.04993806,0.119930764,0,1,1,1 
HDVD_69,Heavy Duty Trucks_Diesel_Articulated 20 - 28 t_Euro V,SCR,,0,0.5,5,85,0.015275639,0.749881857,-2.669819579,4.112509183,0.020764738,-0.069143718,0.122202722,0,1,1,1 
HDVD_69,Heavy Duty Trucks_Diesel_Articulated 20 - 28 t_Euro V,SCR,,0,1,5,85,-0.000754091,0.007215937,5.089484345,-0.115978099,-0.001109324,0.094816048,0.168653089,0,1,1,1 
HDVD_69,Heavy Duty Trucks_Diesel_Articulated 20 - 28 t_Euro V,SCR,,0.02,0,5,85,0.014585856,0.063474518,1.424355224,4.52329752,0.00814301,-0.022878828,0.277581545,0,1,1,1 
HDVD_69,Heavy Duty Trucks_Diesel_Articulated 20 - 28 t_Euro V,SCR,,0.02,0.5,5,85,0.031145693,0.280465615,-1.946979013,5.684760761,0.014483152,-0.08358255,0.206573436,0,1,1,1 
HDVD_69,Heavy Duty Trucks_Diesel_Articulated 20 - 28 t_Euro V,SCR,,0.02,1,5,85,-0.002669904,0.229193541,4.148828879,-2.169160414,-0.000842703,0.101601814,1.20E-12,0,1,1,1 
HDVD_69,Heavy Duty Trucks_Diesel_Articulated 20 - 28 t_Euro V,SCR,,0.04,0,5,85,0.027895834,-0.053342165,-0.855489621,8.251312288,0.010196993,-0.094302721,0.352012812,0,1,1,1 
HDVD_69,Heavy Duty Trucks_Diesel_Articulated 20 - 28 t_Euro V,SCR,,0.04,0.5,5,80,-0.006052854,0.517390522,4.954682741,-1.225639384,-0.000998148,0.144829729,1.77E-11,0,1,1,1 
HDVD_69,Heavy Duty Trucks_Diesel_Articulated 20 - 28 t_Euro V,SCR,,0.04,1,5,60,-0.007759694,0.741457554,6.503776376,-0.728046247,0.000113557,0.16754999,-1.23E-10,0,1,1,1 
HDVD_69,Heavy Duty Trucks_Diesel_Articulated 20 - 28 t_Euro V,SCR,,0.06,0,5,85,9.38E-05,-0.014177878,0.565183915,6.77014292,4.07E-05,-0.00528052,0.222696717,0,1,1,1 
HDVD_69,Heavy Duty Trucks_Diesel_Articulated 20 - 28 t_Euro V,SCR,,0.06,0.5,5,60,-0.002451229,0.242771577,0.68245209,-8.552463183,1.98E-05,0.048671993,-0.23354466,0,1,1,1 
HDVD_69,Heavy Duty Trucks_Diesel_Articulated 20 - 28 t_Euro V,SCR,,0.06,1,5,45,0.000185314,-0.011714645,0.164468262,4.252323931,5.48E-05,-0.003519126,0.085571988,0,1,1,1 
HDVD_69,Heavy Duty Trucks_Diesel_Articulated 20 - 28 t_Euro V,EGR,,-0.06,0,5,85,-0.002988622,0.295181919,-1.74987347,3.292732627,0.03048137,-0.221867938,0.506392762,0,1,1,1 
HDVD_69,Heavy Duty Trucks_Diesel_Articulated 20 - 28 t_Euro V,EGR,,-0.06,0.5,5,85,-0.003575285,0.358756371,-2.307015812,4.501494728,0.040915561,-0.324515712,0.749526094,0,1,1,1 
HDVD_69,Heavy Duty Trucks_Diesel_Articulated 20 - 28 t_Euro V,EGR,,-0.06,1,5,85,-0.002061112,0.20125452,-1.260347882,2.364760982,0.023130914,-0.178308126,0.397584097,0,1,1,1 
HDVD_69,Heavy Duty Trucks_Diesel_Articulated 20 - 28 t_Euro V,EGR,,-0.04,0,5,85,-0.003323515,0.314074575,-1.408022693,1.29008589,0.02022762,-0.07008529,-2.65E-13,0,1,1,1 
HDVD_69,Heavy Duty Trucks_Diesel_Articulated 20 - 28 t_Euro V,EGR,,-0.04,0.5,5,85,-0.002655916,0.312146195,-1.733435733,2.951994198,0.026809639,-0.179380404,0.37860462,0,1,1,1 
HDVD_69,Heavy Duty Trucks_Diesel_Articulated 20 - 28 t_Euro V,EGR,,-0.04,1,5,85,-0.002986993,0.317464678,-1.640251068,2.699501462,0.025863307,-0.16185901,0.344775043,0,1,1,1 
HDVD_69,Heavy Duty Trucks_Diesel_Articulated 20 - 28 t_Euro V,EGR,,-0.02,0,5,85,-0.00066234,0.448739569,-1.895214503,2.965483322,0.031634488,-0.148150099,0.301260105,0,1,1,1 
HDVD_69,Heavy Duty Trucks_Diesel_Articulated 20 - 28 t_Euro V,EGR,,-0.02,0.5,5,85,-0.001763721,0.374599196,-1.824178367,2.841423615,0.02410988,-0.127035708,0.248059314,0,1,1,1 
HDVD_69,Heavy Duty Trucks_Diesel_Articulated 20 - 28 t_Euro V,EGR,,-0.02,1,5,85,-0.00251855,0.421013711,-1.869895743,2.784278715,0.025639908,-0.125697568,0.255027441,0,1,1,1 
HDVD_69,Heavy Duty Trucks_Diesel_Articulated 20 - 28 t_Euro V,EGR,,0,0,5,85,0.004946354,0.426030701,-1.516771859,2.185167208,0.027765896,-0.10262241,0.199360054,0,1,1,1 
HDVD_69,Heavy Duty Trucks_Diesel_Articulated 20 - 28 t_Euro V,EGR,,0,0.5,5,85,0.005395182,0.579777769,-2.197452048,2.964082873,0.03402956,-0.126608894,0.218187018,0,1,1,1 
HDVD_69,Heavy Duty Trucks_Diesel_Articulated 20 - 28 t_Euro V,EGR,,0,1,5,85,0.003436145,0.464304339,-1.84733107,2.585395491,0.025221419,-0.101284105,0.180063257,0,1,1,1 
HDVD_69,Heavy Duty Trucks_Diesel_Articulated 20 - 28 t_Euro V,EGR,,0.02,0,5,85,0.010060187,0.683128056,-2.298689973,2.940258518,0.038380005,-0.12262935,0.209214945,0,1,1,1 
HDVD_69,Heavy Duty Trucks_Diesel_Articulated 20 - 28 t_Euro V,EGR,,0.02,0.5,5,85,0.002917942,0.293778956,-2.643844406,2.62490882,0.013407892,-0.098183528,0.002839911,0,1,1,1 
HDVD_69,Heavy Duty Trucks_Diesel_Articulated 20 - 28 t_Euro V,EGR,,0.02,1,5,85,0.005697972,0.759963542,-2.808919478,3.048976862,0.031156572,-0.095143278,0.104049581,0,1,1,1 
HDVD_69,Heavy Duty Trucks_Diesel_Articulated 20 - 28 t_Euro V,EGR,,0.04,0,5,85,-0.000402328,0.006615268,2.698156964,-2.877905476,-0.001241425,0.114395481,0.019408376,0,1,1,1 
HDVD_69,Heavy Duty Trucks_Diesel_Articulated 20 - 28 t_Euro V,EGR,,0.04,0.5,5,80,0.001937132,0.351094628,-3.012156496,2.887519163,0.012910805,-0.092990263,1.10E-11,0,1,1,1 
HDVD_69,Heavy Duty Trucks_Diesel_Articulated 20 - 28 t_Euro V,EGR,,0.04,1,5,65,0.000424149,0.514522468,-2.623654907,0.81975477,0.015697163,-0.057009953,-0.084178858,0,1,1,1 
HDVD_69,Heavy Duty Trucks_Diesel_Articulated 20 - 28 t_Euro V,EGR,,0.06,0,5,85,-0.000521739,0.028817174,2.707762493,-2.51573738,-0.000722288,0.107988601,0.034753208,0,1,1,1 
HDVD_69,Heavy Duty Trucks_Diesel_Articulated 20 - 28 t_Euro V,EGR,,0.06,0.5,5,60,0.001035362,1.384040231,-3.216012839,-1.852842608,0.040498407,-0.012809128,-0.28538324,0,1,1,1 
HDVD_69,Heavy Duty Trucks_Diesel_Articulated 20 - 28 t_Euro V,EGR,,0.06,1,5,45,0.001803932,0.801465153,-2.544944639,0.866889342,0.025788399,-0.072011058,1.47E-12,0,1,1,1 
HDVD_70,Heavy Duty Trucks_Diesel_Articulated 20 - 28 t_Euro VI,,,-0.06,0,5,75,-0.004081247,0.334588521,-1.438477689,2.202760289,0.134222206,-0.718601196,1.710580165,0,1,1,1 
HDVD_70,Heavy Duty Trucks_Diesel_Articulated 20 - 28 t_Euro VI,,,-0.06,0.5,5,75,-0.002976594,0.238827457,-0.985415885,1.70097092,0.110639247,-0.649129915,1.81147171,0,1,1,1 
HDVD_70,Heavy Duty Trucks_Diesel_Articulated 20 - 28 t_Euro VI,,,-0.06,1,5,65,-0.00422265,0.3100358,-1.46164367,1.594497553,0.117323614,-0.44514462,0.168368394,0,1,1,1 
HDVD_70,Heavy Duty Trucks_Diesel_Articulated 20 - 28 t_Euro VI,,,-0.04,0,5,85,-0.003249176,0.305775122,-1.39240676,1.379894738,0.076881308,-0.209950293,-0.155671453,0,1,1,1 
HDVD_70,Heavy Duty Trucks_Diesel_Articulated 20 - 28 t_Euro VI,,,-0.04,0.5,5,85,-0.006800463,0.605490001,-1.936986853,2.308576101,0.169824581,-0.452061472,1.195820784,0,1,1,1 
HDVD_70,Heavy Duty Trucks_Diesel_Articulated 20 - 28 t_Euro VI,,,-0.04,1,5,80,-0.004672712,0.413913813,-1.924474747,2.063786244,0.1132323,-0.363694599,-1.09E-13,0,1,1,1 
HDVD_70,Heavy Duty Trucks_Diesel_Articulated 20 - 28 t_Euro VI,,,-0.02,0,5,85,-0.000452377,0.367754898,-1.804514153,1.831970682,0.09085716,-0.322869041,-1.83E-09,0,1,1,1 
HDVD_70,Heavy Duty Trucks_Diesel_Articulated 20 - 28 t_Euro VI,,,-0.02,0.5,5,85,-0.004385698,0.582456678,-2.459374803,2.153961715,0.110539552,-0.161865301,-0.54645272,0,1,1,1 
HDVD_70,Heavy Duty Trucks_Diesel_Articulated 20 - 28 t_Euro VI,,,-0.02,1,5,85,9.81E-05,-0.025312062,1.766015237,-1.960249699,-0.00108077,0.308330007,0.790548946,0,1,1,1 
HDVD_70,Heavy Duty Trucks_Diesel_Articulated 20 - 28 t_Euro VI,,,0,0,5,85,-0.000181855,-0.025814039,4.053562249,-5.159844384,-0.008261862,0.732201859,0.674793775,0,1,1,1 
HDVD_70,Heavy Duty Trucks_Diesel_Articulated 20 - 28 t_Euro VI,,,0,0.5,5,85,-0.000118331,-0.034656669,4.268023116,-4.766044433,-0.008450874,0.741545519,0.851408441,0,1,1,1 
HDVD_70,Heavy Duty Trucks_Diesel_Articulated 20 - 28 t_Euro VI,,,0,1,5,85,-0.000158311,-0.017817618,2.912407475,-3.842631941,-0.00655437,0.575829813,6.64E-13,0,1,1,1 
HDVD_70,Heavy Duty Trucks_Diesel_Articulated 20 - 28 t_Euro VI,,,0.02,0,5,85,-0.000319571,0.062542849,2.121142454,-3.016306794,0.002451279,0.439056998,-1.80E-11,0,1,1,1 
HDVD_70,Heavy Duty Trucks_Diesel_Articulated 20 - 28 t_Euro VI,,,0.02,0.5,5,85,-0.000426906,0.076048362,2.00463705,-2.593752919,0.005613903,0.397579514,-8.77E-11,0,1,1,1 
HDVD_70,Heavy Duty Trucks_Diesel_Articulated 20 - 28 t_Euro VI,,,0.02,1,5,85,0.002019391,0.63821004,-2.345712526,1.858850382,0.1071785,-0.267009367,7.85E-13,0,1,1,1 
HDVD_70,Heavy Duty Trucks_Diesel_Articulated 20 - 28 t_Euro VI,,,0.04,0,5,85,-0.001094977,0.147699656,2.413699896,-3.314094058,0.009643989,0.499947515,-6.74E-13,0,1,1,1 
HDVD_70,Heavy Duty Trucks_Diesel_Articulated 20 - 28 t_Euro VI,,,0.04,0.5,5,80,0.001227565,0.386573005,-1.861582841,1.822798454,0.062137305,-0.240826719,0.104302263,0,1,1,1 
HDVD_70,Heavy Duty Trucks_Diesel_Articulated 20 - 28 t_Euro VI,,,0.04,1,5,65,0.0028753,0.366812621,-1.603384614,1.423693539,0.063801981,-0.249375466,0.168561973,0,1,1,1 
HDVD_70,Heavy Duty Trucks_Diesel_Articulated 20 - 28 t_Euro VI,,,0.06,0,5,85,9.47E-05,0.261029123,-2.174011937,2.435382498,0.036883588,-0.258953216,1.77E-13,0,1,1,1 
HDVD_70,Heavy Duty Trucks_Diesel_Articulated 20 - 28 t_Euro VI,,,0.06,0.5,5,65,0.00297087,0.411129019,-1.776710785,1.566768885,0.069098124,-0.267952085,0.180685416,0,1,1,1 
HDVD_70,Heavy Duty Trucks_Diesel_Articulated 20 - 28 t_Euro VI,,,0.06,1,5,50,0.010562756,0.587667587,-2.329652687,-0.176896193,0.111499231,-0.420651698,-0.031962559,0,1,1,1 
HDVD_71,Heavy Duty Trucks_Diesel_Articulated 28 - 34 t_Conventional,,,-0.06,0,12,86,-2.79E-06,0.000622836,1.679555738,-6.108293895,0.001037623,0.009827249,0.065666548,0,1,1,1 
HDVD_71,Heavy Duty Trucks_Diesel_Articulated 28 - 34 t_Conventional,,,-0.06,0.5,12,86,4.64E-06,-0.002165431,1.806391646,-7.187782969,0.001072364,0.008047389,0.094716956,0,1,1,1 
HDVD_71,Heavy Duty Trucks_Diesel_Articulated 28 - 34 t_Conventional,,,-0.06,1,12,86,4.92E-06,-0.002312315,1.825408783,-7.397755176,0.001057312,0.007865755,0.098263966,0,1,1,1 
HDVD_71,Heavy Duty Trucks_Diesel_Articulated 28 - 34 t_Conventional,,,-0.04,0,12,86,-1.33E-05,0.005373887,1.510289462,-5.23032717,0.00076313,0.010604556,0.03211818,0,1,1,1 
HDVD_71,Heavy Duty Trucks_Diesel_Articulated 28 - 34 t_Conventional,,,-0.04,0.5,12,86,-6.21E-06,0.001510288,1.929192005,-7.777361023,0.000888868,0.009300764,0.078969234,0,1,1,1 
HDVD_71,Heavy Duty Trucks_Diesel_Articulated 28 - 34 t_Conventional,,,-0.04,1,12,86,2.30E-06,-0.001882371,2.152717996,-9.313085282,0.000901944,0.007220551,0.100147288,0,1,1,1 
HDVD_71,Heavy Duty Trucks_Diesel_Articulated 28 - 34 t_Conventional,,,-0.02,0,12,86,0.000443076,-0.020001798,1.382872122,7.63331541,0.000397565,0.004236787,0.271742746,0,1,1,1 
HDVD_71,Heavy Duty Trucks_Diesel_Articulated 28 - 34 t_Conventional,,,-0.02,0.5,12,86,0.000351368,-0.028372577,2.591568111,8.563610085,0.000333157,0.01614294,0.363906799,0,1,1,1 
HDVD_71,Heavy Duty Trucks_Diesel_Articulated 28 - 34 t_Conventional,,,-0.02,1,12,86,9.76E-05,0.013591041,-0.460002531,12.13267551,0.000467147,-0.016746103,0.27286575,0,1,1,1 
HDVD_71,Heavy Duty Trucks_Diesel_Articulated 28 - 34 t_Conventional,,,0,0,12,86,0.000623533,-0.001157547,1.818699642,9.079882773,0.000370942,0.015823874,0.235792377,0,1,1,1 
HDVD_71,Heavy Duty Trucks_Diesel_Articulated 28 - 34 t_Conventional,,,0,0.5,12,86,0.00117587,-0.040802335,2.084590448,6.888556091,0.000561031,-0.00520935,0.391283348,0,1,1,1 
HDVD_71,Heavy Duty Trucks_Diesel_Articulated 28 - 34 t_Conventional,,,0,1,12,86,0.000973266,-0.046466968,1.489027487,4.638961737,0.000409213,-0.012052501,0.327271648,0,1,1,1 
HDVD_71,Heavy Duty Trucks_Diesel_Articulated 28 - 34 t_Conventional,,,0.02,0,12,86,0.001244006,-0.003626355,3.467962883,14.17340188,0.000606744,0.023445866,0.441517023,0,1,1,1 
HDVD_71,Heavy Duty Trucks_Diesel_Articulated 28 - 34 t_Conventional,,,0.02,0.5,12,86,0.00103987,0.011389862,-0.694549508,14.4959815,0.000797329,-0.024077611,0.302151726,0,1,1,1 
HDVD_71,Heavy Duty Trucks_Diesel_Articulated 28 - 34 t_Conventional,,,0.02,1,12,74,0.000546416,0.030731385,0.454100622,7.430699152,0.000549944,-0.007377791,0.229867781,0,1,1,1 
HDVD_71,Heavy Duty Trucks_Diesel_Articulated 28 - 34 t_Conventional,,,0.04,0,12,86,0.000101959,0.043182832,0.32968465,-6.933425236,0.000249015,0.011651035,-0.130739728,0,1,1,1 
HDVD_71,Heavy Duty Trucks_Diesel_Articulated 28 - 34 t_Conventional,,,0.04,0.5,12,65,-0.001654048,0.49502545,9.027871899,8.054549308,0.001551661,0.113136825,0.684149625,0,1,1,1 
HDVD_71,Heavy Duty Trucks_Diesel_Articulated 28 - 34 t_Conventional,,,0.04,1,12,51,-0.000811512,0.263783336,5.701708235,6.376953772,0.000694353,0.055791667,0.389245845,0,1,1,1 
HDVD_71,Heavy Duty Trucks_Diesel_Articulated 28 - 34 t_Conventional,,,0.06,0,12,73,0.001818832,0.396167105,4.464428359,-16.6898412,0.001875517,0.125231324,-0.559811191,0,1,1,1 
HDVD_71,Heavy Duty Trucks_Diesel_Articulated 28 - 34 t_Conventional,,,0.06,0.5,12,49,-0.000245395,0.4313202,11.45757678,16.34382854,0.001083685,0.111997997,0.890196983,0,1,1,1 
HDVD_71,Heavy Duty Trucks_Diesel_Articulated 28 - 34 t_Conventional,,,0.06,1,11,36,-0.001347534,0.299507968,4.583913817,3.646438652,0.000804526,0.046017619,0.232993055,0,1,1,1 
HDVD_72,Heavy Duty Trucks_Diesel_Articulated 28 - 34 t_Euro I,,,-0.06,0,12,86,-6.78E-07,-7.27E-05,1.250931011,-4.637891042,0.001051067,0.009394891,0.072474826,0,1,1,1 
HDVD_72,Heavy Duty Trucks_Diesel_Articulated 28 - 34 t_Euro I,,,-0.06,0.5,12,86,6.88E-06,-0.002726395,1.24915433,-5.265858398,0.0009767,0.005984316,0.102475961,0,1,1,1 
HDVD_72,Heavy Duty Trucks_Diesel_Articulated 28 - 34 t_Euro I,,,-0.06,1,12,86,9.08E-06,-0.003494561,1.370733187,-5.936659367,0.001020801,0.005694173,0.115185109,0,1,1,1 
HDVD_72,Heavy Duty Trucks_Diesel_Articulated 28 - 34 t_Euro I,,,-0.04,0,12,86,4.87E-05,-0.012176633,1.11904064,2.377911866,0.000132729,0.017048122,0.158128137,0,1,1,1 
HDVD_72,Heavy Duty Trucks_Diesel_Articulated 28 - 34 t_Euro I,,,-0.04,0.5,12,86,0.000126377,-0.038010992,4.134363262,1.951100363,0.001052927,0.033947588,0.727531583,0,1,1,1 
HDVD_72,Heavy Duty Trucks_Diesel_Articulated 28 - 34 t_Euro I,,,-0.04,1,12,86,-0.000359642,0.018484791,4.931078439,-1.012361177,0.003062402,0.004747532,1.073653833,0,1,1,1 
HDVD_72,Heavy Duty Trucks_Diesel_Articulated 28 - 34 t_Euro I,,,-0.02,0,12,86,0.000387475,-0.01722997,1.247151675,5.427129975,0.000440412,0.005008509,0.30746685,0,1,1,1 
HDVD_72,Heavy Duty Trucks_Diesel_Articulated 28 - 34 t_Euro I,,,-0.02,0.5,12,86,8.78E-05,0.004853976,-0.237745482,6.364567433,0.000331737,-0.012656912,0.202928598,0,1,1,1 
HDVD_72,Heavy Duty Trucks_Diesel_Articulated 28 - 34 t_Euro I,,,-0.02,1,12,86,0.002322516,1.675785576,-34.44303989,649.6041167,0.044017707,-1.264821241,18.83591065,0,1,1,1 
HDVD_72,Heavy Duty Trucks_Diesel_Articulated 28 - 34 t_Euro I,,,0,0,12,86,3.30E-16,2.54E-15,3.042432133,6.85E-11,-0.00037973,0.059928024,0.06362403,0,1,1,1 
HDVD_72,Heavy Duty Trucks_Diesel_Articulated 28 - 34 t_Euro I,,,0,0.5,12,86,0.001394229,-0.053657362,2.181910763,5.822832951,0.00076382,-0.014649637,0.579993629,0,1,1,1 
HDVD_72,Heavy Duty Trucks_Diesel_Articulated 28 - 34 t_Euro I,,,0,1,12,86,0.001868571,-0.105604624,2.030656951,9.906486123,0.000870577,-0.043164397,0.786642663,0,1,1,1 
HDVD_72,Heavy Duty Trucks_Diesel_Articulated 28 - 34 t_Euro I,,,0.02,0,12,86,0.000333454,0.051701189,6.173612625,12.99339427,-0.000459019,0.131335168,0.247490391,0,1,1,1 
HDVD_72,Heavy Duty Trucks_Diesel_Articulated 28 - 34 t_Euro I,,,0.02,0.5,12,86,0.004154195,-0.084223805,-0.362519003,35.45250783,0.002268046,-0.083544917,1.10871763,0,1,1,1 
HDVD_72,Heavy Duty Trucks_Diesel_Articulated 28 - 34 t_Euro I,,,0.02,1,12,76,0.003567967,-0.22021249,6.621780067,9.580868629,0.001130315,-0.051462144,1.363984758,0,1,1,1 
HDVD_72,Heavy Duty Trucks_Diesel_Articulated 28 - 34 t_Euro I,,,0.04,0,12,86,0.009844947,0.280696341,4.117031513,13.13239378,0.005383071,0.097920622,0.120218005,0,1,1,1 
HDVD_72,Heavy Duty Trucks_Diesel_Articulated 28 - 34 t_Euro I,,,0.04,0.5,12,67,-0.001085634,0.421930414,8.211853993,5.034075345,0.000737465,0.102672509,1.04374498,0,1,1,1 
HDVD_72,Heavy Duty Trucks_Diesel_Articulated 28 - 34 t_Euro I,,,0.04,1,12,52,-0.006415578,0.642852171,8.915523485,1.2885827,0.000528499,0.106178842,0.865702787,0,1,1,1 
HDVD_72,Heavy Duty Trucks_Diesel_Articulated 28 - 34 t_Euro I,,,0.06,0,12,73,0.001290651,0.253467112,0.731569875,-15.04904287,0.001014618,0.075227357,-0.523168067,0,1,1,1 
HDVD_72,Heavy Duty Trucks_Diesel_Articulated 28 - 34 t_Euro I,,,0.06,0.5,12,51,-0.002619311,0.083442382,5.999437306,-12.58992202,-0.00080139,0.05379618,0.310383594,0,1,1,1 
HDVD_72,Heavy Duty Trucks_Diesel_Articulated 28 - 34 t_Euro I,,,0.06,1,11,37,-0.012240294,0.600113482,-2.760576507,-25.87771062,-0.001962806,0.10679313,-0.936395777,0,1,1,1 
HDVD_73,Heavy Duty Trucks_Diesel_Articulated 28 - 34 t_Euro II,,,-0.06,0,12,86,-5.39E-07,-0.000123144,0.880199898,-3.503511694,0.000991614,0.008996215,0.085393258,0,1,1,1 
HDVD_73,Heavy Duty Trucks_Diesel_Articulated 28 - 34 t_Euro II,,,-0.06,0.5,12,86,7.31E-06,-0.002927179,1.118087094,-5.069983415,0.001109927,0.00595745,0.140552057,0,1,1,1 
HDVD_73,Heavy Duty Trucks_Diesel_Articulated 28 - 34 t_Euro II,,,-0.06,1,12,86,1.46E-05,-0.005256579,1.382590007,-6.62239495,0.001230993,0.004197796,0.179030201,0,1,1,1 
HDVD_73,Heavy Duty Trucks_Diesel_Articulated 28 - 34 t_Euro II,,,-0.04,0,12,86,-5.90E-06,0.001911684,0.998889446,-3.941212281,0.000877811,0.010635324,0.072229558,0,1,1,1 
HDVD_73,Heavy Duty Trucks_Diesel_Articulated 28 - 34 t_Euro II,,,-0.04,0.5,12,86,1.98E-06,-0.001927716,1.436649472,-7.026759488,0.001022128,0.006662374,0.160366614,0,1,1,1 
HDVD_73,Heavy Duty Trucks_Diesel_Articulated 28 - 34 t_Euro II,,,-0.04,1,12,86,1.45E-05,-0.006602723,2.025370762,-10.7489716,0.001210354,0.003442915,0.22994309,0,1,1,1 
HDVD_73,Heavy Duty Trucks_Diesel_Articulated 28 - 34 t_Euro II,,,-0.02,0,12,86,0.000448126,-0.022671302,1.320887433,4.371997513,0.00068419,6.30E-05,0.504532555,0,1,1,1 
HDVD_73,Heavy Duty Trucks_Diesel_Articulated 28 - 34 t_Euro II,,,-0.02,0.5,12,86,0.000123913,-0.001791373,0.12734513,4.383034128,0.000362195,-0.011505015,0.269918744,0,1,1,1 
HDVD_73,Heavy Duty Trucks_Diesel_Articulated 28 - 34 t_Euro II,,,-0.02,1,12,86,0.000689129,-0.05475929,2.011221522,5.521713466,0.000798349,-0.029309416,0.85927447,0,1,1,1 
HDVD_73,Heavy Duty Trucks_Diesel_Articulated 28 - 34 t_Euro II,,,0,0,12,86,0.001231288,-0.031036059,1.835312566,6.976315825,0.001060097,-0.005319495,0.688315792,0,1,1,1 
HDVD_73,Heavy Duty Trucks_Diesel_Articulated 28 - 34 t_Euro II,,,0,0.5,12,86,0.000840668,-0.064216823,2.373346837,5.213953118,0.00028046,-0.009082126,0.722664272,0,1,1,1 
HDVD_73,Heavy Duty Trucks_Diesel_Articulated 28 - 34 t_Euro II,,,0,1,12,86,0.001020086,-0.05643907,0.942811111,5.552551059,0.000570021,-0.02915099,0.496350813,0,1,1,1 
HDVD_73,Heavy Duty Trucks_Diesel_Articulated 28 - 34 t_Euro II,,,0.02,0,12,86,0.000127905,0.006304461,1.216475203,5.287284783,-3.60E-05,0.020227015,0.292882302,0,1,1,1 
HDVD_73,Heavy Duty Trucks_Diesel_Articulated 28 - 34 t_Euro II,,,0.02,0.5,12,86,0.001915518,0.092513173,-1.964507269,8.131080359,0.001941144,-0.025313707,0.048891636,0,1,1,1 
HDVD_73,Heavy Duty Trucks_Diesel_Articulated 28 - 34 t_Euro II,,,0.02,1,12,80,0.001053208,-0.082473458,3.966447772,2.938614877,0.000481034,-0.017615812,0.855373563,0,1,1,1 
HDVD_73,Heavy Duty Trucks_Diesel_Articulated 28 - 34 t_Euro II,,,0.04,0,12,86,-0.000202297,0.159255615,4.839339963,6.279378147,0.000510154,0.080594992,0.925197111,0,1,1,1 
HDVD_73,Heavy Duty Trucks_Diesel_Articulated 28 - 34 t_Euro II,,,0.04,0.5,12,71,0.000696932,-0.084689955,7.800951714,3.068292537,0.000279161,0.006420139,1.441595292,0,1,1,1 
HDVD_73,Heavy Duty Trucks_Diesel_Articulated 28 - 34 t_Euro II,,,0.04,1,12,54,0.001185023,-0.163620581,7.004068539,-0.027288391,1.16E-05,-0.00366682,0.975910563,0,1,1,1 
HDVD_73,Heavy Duty Trucks_Diesel_Articulated 28 - 34 t_Euro II,,,0.06,0,12,79,-0.003074184,0.880823886,7.035203076,-1.916756875,0.00314033,0.242155025,0.720946549,0,1,1,1 
HDVD_73,Heavy Duty Trucks_Diesel_Articulated 28 - 34 t_Euro II,,,0.06,0.5,12,52,-0.004283308,0.832722453,-3.593226688,-9.132759168,0.002739831,0.11453346,-0.817530809,0,1,1,1 
HDVD_73,Heavy Duty Trucks_Diesel_Articulated 28 - 34 t_Euro II,,,0.06,1,12,41,-0.012786095,1.430054373,-2.074482675,-9.360089379,0.003133786,0.170639476,-0.575969879,0,1,1,1 
HDVD_74,Heavy Duty Trucks_Diesel_Articulated 28 - 34 t_Euro III,,,-0.06,0,12,86,4.27E-05,-0.008798715,0.855719873,2.844882662,0.000101539,0.014012979,0.143732036,0,1,1,1 
HDVD_74,Heavy Duty Trucks_Diesel_Articulated 28 - 34 t_Euro III,,,-0.06,0.5,12,86,-1.10E-05,0.004436494,1.097045401,-4.090699456,0.000708377,0.010754796,0.046739084,0,1,1,1 
HDVD_74,Heavy Duty Trucks_Diesel_Articulated 28 - 34 t_Euro III,,,-0.06,1,12,86,-1.06E-05,0.003858702,1.26075848,-4.941311586,0.000778592,0.010758523,0.063328627,0,1,1,1 
HDVD_74,Heavy Duty Trucks_Diesel_Articulated 28 - 34 t_Euro III,,,-0.04,0,12,86,1.12E-05,-0.003795518,0.392504396,2.328671082,6.83E-06,0.006356784,0.074276328,0,1,1,1 
HDVD_74,Heavy Duty Trucks_Diesel_Articulated 28 - 34 t_Euro III,,,-0.04,0.5,12,86,0.000234697,-0.037754375,2.7934787,5.884239536,0.000376022,0.019445398,0.565847754,0,1,1,1 
HDVD_74,Heavy Duty Trucks_Diesel_Articulated 28 - 34 t_Euro III,,,-0.04,1,12,86,0.000149029,-0.023747536,1.602131436,2.665390277,0.000226942,0.006847112,0.33404674,0,1,1,1 
HDVD_74,Heavy Duty Trucks_Diesel_Articulated 28 - 34 t_Euro III,,,-0.02,0,12,86,0.000515377,-0.017230027,1.150152888,6.773541257,0.000473102,0.002059241,0.297081928,0,1,1,1 
HDVD_74,Heavy Duty Trucks_Diesel_Articulated 28 - 34 t_Euro III,,,-0.02,0.5,12,86,0.000211286,-0.000954044,-0.09850186,9.311363977,0.000436039,-0.016745301,0.314552223,0,1,1,1 
HDVD_74,Heavy Duty Trucks_Diesel_Articulated 28 - 34 t_Euro III,,,-0.02,1,12,86,0.000118691,0.003239474,-0.031053429,6.386405115,0.000333719,-0.010816576,0.212837352,0,1,1,1 
HDVD_74,Heavy Duty Trucks_Diesel_Articulated 28 - 34 t_Euro III,,,0,0,12,86,0.000648256,-0.022832624,1.334483692,4.683088789,0.000457475,-0.001504578,0.317726953,0,1,1,1 
HDVD_74,Heavy Duty Trucks_Diesel_Articulated 28 - 34 t_Euro III,,,0,0.5,12,86,0.001790306,-0.076360059,2.358858178,9.026731504,0.001037363,-0.027665022,0.731957555,0,1,1,1 
HDVD_74,Heavy Duty Trucks_Diesel_Articulated 28 - 34 t_Euro III,,,0,1,12,86,0.001317206,-0.067020812,1.455876304,6.854517574,0.00065944,-0.02701387,0.519093473,0,1,1,1 
HDVD_74,Heavy Duty Trucks_Diesel_Articulated 28 - 34 t_Euro III,,,0.02,0,12,86,0.000854847,-0.020434612,1.844794021,5.793247963,0.000521369,0.00400949,0.386061069,0,1,1,1 
HDVD_74,Heavy Duty Trucks_Diesel_Articulated 28 - 34 t_Euro III,,,0.02,0.5,12,86,0.000685873,-0.010879862,0.004398047,8.704810467,0.000506893,-0.017800974,0.286188606,0,1,1,1 
HDVD_74,Heavy Duty Trucks_Diesel_Articulated 28 - 34 t_Euro III,,,0.02,1,12,81,0.001669537,-0.115406892,4.886141748,6.114733253,0.000742403,-0.02494185,0.990744747,0,1,1,1 
HDVD_74,Heavy Duty Trucks_Diesel_Articulated 28 - 34 t_Euro III,,,0.04,0,12,86,0.000101068,0.035863454,0.176228145,-5.474564194,0.000259458,0.012573816,-0.152237424,0,1,1,1 
HDVD_74,Heavy Duty Trucks_Diesel_Articulated 28 - 34 t_Euro III,,,0.04,0.5,12,71,0.000382789,-0.042332516,4.732752951,3.458656476,0.00014023,0.013260027,0.714779051,0,1,1,1 
HDVD_74,Heavy Duty Trucks_Diesel_Articulated 28 - 34 t_Euro III,,,0.04,1,12,56,0.001727218,-0.229344753,9.71565966,3.29E-05,1.28E-07,0.000387716,1.20319402,0,1,1,1 
HDVD_74,Heavy Duty Trucks_Diesel_Articulated 28 - 34 t_Euro III,,,0.06,0,12,81,-0.00011801,0.072317036,2.433499069,4.544403834,0.000343063,0.036251556,0.313311904,0,1,1,1 
HDVD_74,Heavy Duty Trucks_Diesel_Articulated 28 - 34 t_Euro III,,,0.06,0.5,12,54,0.001909101,-0.415609686,20.22891803,20.98841239,-0.00095265,0.032571098,2.928559172,0,1,1,1 
HDVD_74,Heavy Duty Trucks_Diesel_Articulated 28 - 34 t_Euro III,,,0.06,1,12,41,0.000771093,-0.14397127,7.129166523,4.504045941,-0.000204687,0.012291694,0.778811829,0,1,1,1 
HDVD_75,Heavy Duty Trucks_Diesel_Articulated 28 - 34 t_Euro IV,,,-0.06,0,12,86,3.76E-05,-0.00790997,0.480750809,2.823485614,0.001029844,0.001699802,0.368287431,0,1,1,1 
HDVD_75,Heavy Duty Trucks_Diesel_Articulated 28 - 34 t_Euro IV,,,-0.06,0.5,12,86,1.72E-05,-0.003263737,0.144781507,2.546576411,0.000302155,0.003547488,0.210428522,0,1,1,1 
HDVD_75,Heavy Duty Trucks_Diesel_Articulated 28 - 34 t_Euro IV,,,-0.06,1,12,86,-0.000174069,-0.00065096,1.336233655,1.315344189,0.00610686,-0.051616629,1.131184902,0,1,1,1 
HDVD_75,Heavy Duty Trucks_Diesel_Articulated 28 - 34 t_Euro IV,,,-0.04,0,12,86,-1.52E-05,-0.02660844,2.584054831,-0.781219224,0.000682218,0.119454762,0.027622803,0,1,1,1 
HDVD_75,Heavy Duty Trucks_Diesel_Articulated 28 - 34 t_Euro IV,,,-0.04,0.5,12,85,-1.04E-05,-0.022675265,2.016498595,0.844259411,0.000483762,0.095921947,0.153870857,0,1,1,1 
HDVD_75,Heavy Duty Trucks_Diesel_Articulated 28 - 34 t_Euro IV,,,-0.04,1,12,86,6.32E-05,-0.013753582,0.792367077,3.901583678,0.000519649,0.017021016,0.470110226,0,1,1,1 
HDVD_75,Heavy Duty Trucks_Diesel_Articulated 28 - 34 t_Euro IV,,,-0.02,0,12,86,0.000141446,-0.006833347,1.204125356,3.163978209,0.000536054,0.041302919,0.225187738,0,1,1,1 
HDVD_75,Heavy Duty Trucks_Diesel_Articulated 28 - 34 t_Euro IV,,,-0.02,0.5,12,86,1.06E-05,-0.003591682,0.370894964,2.224727582,1.95E-05,0.012683981,0.14587372,0,1,1,1 
HDVD_75,Heavy Duty Trucks_Diesel_Articulated 28 - 34 t_Euro IV,,,-0.02,1,12,86,-0.000279043,0.018845266,1.537421475,1.35067134,0.00096117,0.059037823,0.22483206,0,1,1,1 
HDVD_75,Heavy Duty Trucks_Diesel_Articulated 28 - 34 t_Euro IV,,,0,0,12,86,0.000381033,0.124646008,2.0935532,-5.644883659,0.002253209,0.15187428,-0.716907591,0,1,1,1 
HDVD_75,Heavy Duty Trucks_Diesel_Articulated 28 - 34 t_Euro IV,,,0,0.5,12,86,-2.02E-06,0.002455319,0.428949561,2.548513559,-4.04E-05,0.014676347,0.126655742,0,1,1,1 
HDVD_75,Heavy Duty Trucks_Diesel_Articulated 28 - 34 t_Euro IV,,,0,1,12,86,9.31E-05,0.041625499,0.766661476,-5.787789237,0.000611455,0.043265916,-0.271533916,0,1,1,1 
HDVD_75,Heavy Duty Trucks_Diesel_Articulated 28 - 34 t_Euro IV,,,0.02,0,12,86,8.69E-06,0.005375416,0.633619243,3.664741144,-5.73E-05,0.019638971,0.175475,0,1,1,1 
HDVD_75,Heavy Duty Trucks_Diesel_Articulated 28 - 34 t_Euro IV,,,0.02,0.5,12,86,0.000573047,0.170366313,0.498200892,-6.66907863,0.00187258,0.087777847,-0.561125711,0,1,1,1 
HDVD_75,Heavy Duty Trucks_Diesel_Articulated 28 - 34 t_Euro IV,,,0.02,1,12,82,-0.000556227,0.038443399,0.910640642,-12.99720406,-0.000554045,0.053687191,-0.490975275,0,1,1,1 
HDVD_75,Heavy Duty Trucks_Diesel_Articulated 28 - 34 t_Euro IV,,,0.04,0,12,86,0.000500539,0.14239017,1.482059582,-6.841939482,0.001275176,0.101652094,-0.437633958,0,1,1,1 
HDVD_75,Heavy Duty Trucks_Diesel_Articulated 28 - 34 t_Euro IV,,,0.04,0.5,12,73,3.66E-05,0.015798409,1.037096238,3.930208038,-8.42E-05,0.022861936,0.237042467,0,1,1,1 
HDVD_75,Heavy Duty Trucks_Diesel_Articulated 28 - 34 t_Euro IV,,,0.04,1,12,57,9.91E-05,-0.011013168,0.218077759,5.537742265,6.08E-05,-0.007528837,0.237024775,0,1,1,1 
HDVD_75,Heavy Duty Trucks_Diesel_Articulated 28 - 34 t_Euro IV,,,0.06,0,12,82,-0.000439752,0.031311948,0.603736249,-10.18590611,-0.000418516,0.040360551,-0.401280141,0,1,1,1 
HDVD_75,Heavy Duty Trucks_Diesel_Articulated 28 - 34 t_Euro IV,,,0.06,0.5,12,56,0.001935918,0.281288097,0.534350174,6.292803376,0.001558524,0.108839027,-0.210726165,0,1,1,1 
HDVD_75,Heavy Duty Trucks_Diesel_Articulated 28 - 34 t_Euro IV,,,0.06,1,12,41,0.000965875,-0.153371067,5.973466349,0.844987543,0.000118258,-0.023159249,1.307609619,0,1,1,1 
HDVD_75,Heavy Duty Trucks_Diesel_Articulated 28 - 34 t_Euro IV,,,-0.06,0,12,86,3.76E-05,-0.00790997,0.480750809,2.823485614,0.001029844,0.001699802,0.368287431,0,1,1,1 
HDVD_75,Heavy Duty Trucks_Diesel_Articulated 28 - 34 t_Euro IV,,,-0.06,0.5,12,86,1.72E-05,-0.003263737,0.144781507,2.546576411,0.000302155,0.003547488,0.210428522,0,1,1,1 
HDVD_75,Heavy Duty Trucks_Diesel_Articulated 28 - 34 t_Euro IV,,,-0.06,1,12,86,-0.000174069,-0.00065096,1.336233655,1.315344189,0.00610686,-0.051616629,1.131184902,0,1,1,1 
HDVD_75,Heavy Duty Trucks_Diesel_Articulated 28 - 34 t_Euro IV,,,-0.04,0,12,86,-1.52E-05,-0.02660844,2.584054831,-0.781219224,0.000682218,0.119454762,0.027622803,0,1,1,1 
HDVD_75,Heavy Duty Trucks_Diesel_Articulated 28 - 34 t_Euro IV,,,-0.04,1,12,86,6.32E-05,-0.013753582,0.792367077,3.901583678,0.000519649,0.017021016,0.470110226,0,1,1,1 
HDVD_75,Heavy Duty Trucks_Diesel_Articulated 28 - 34 t_Euro IV,,,-0.02,0,12,86,0.000141446,-0.006833347,1.204125356,3.163978209,0.000536054,0.041302919,0.225187738,0,1,1,1 
HDVD_75,Heavy Duty Trucks_Diesel_Articulated 28 - 34 t_Euro IV,,,-0.02,1,12,86,-0.000279043,0.018845266,1.537421475,1.35067134,0.00096117,0.059037823,0.22483206,0,1,1,1 
HDVD_75,Heavy Duty Trucks_Diesel_Articulated 28 - 34 t_Euro IV,,,0,0,12,86,0.000381033,0.124646008,2.0935532,-5.644883659,0.002253209,0.15187428,-0.716907591,0,1,1,1 
HDVD_75,Heavy Duty Trucks_Diesel_Articulated 28 - 34 t_Euro IV,,,0,1,12,86,9.31E-05,0.041625499,0.766661476,-5.787789237,0.000611455,0.043265916,-0.271533916,0,1,1,1 
HDVD_75,Heavy Duty Trucks_Diesel_Articulated 28 - 34 t_Euro IV,,,0.02,0,12,86,8.69E-06,0.005375416,0.633619243,3.664741144,-5.73E-05,0.019638971,0.175475,0,1,1,1 
HDVD_75,Heavy Duty Trucks_Diesel_Articulated 28 - 34 t_Euro IV,,,0.02,1,12,82,-0.000556227,0.038443399,0.910640642,-12.99720406,-0.000554045,0.053687191,-0.490975275,0,1,1,1 
HDVD_75,Heavy Duty Trucks_Diesel_Articulated 28 - 34 t_Euro IV,,,0.04,0,12,86,0.000500539,0.14239017,1.482059582,-6.841939482,0.001275176,0.101652094,-0.437633958,0,1,1,1 
HDVD_75,Heavy Duty Trucks_Diesel_Articulated 28 - 34 t_Euro IV,,,0.04,1,12,57,9.91E-05,-0.011013168,0.218077759,5.537742265,6.08E-05,-0.007528837,0.237024775,0,1,1,1 
HDVD_75,Heavy Duty Trucks_Diesel_Articulated 28 - 34 t_Euro IV,,,0.06,0,12,82,-0.000439752,0.031311948,0.603736249,-10.18590611,-0.000418516,0.040360551,-0.401280141,0,1,1,1 
HDVD_75,Heavy Duty Trucks_Diesel_Articulated 28 - 34 t_Euro IV,,,0.06,0.5,12,56,0.001935918,0.281288097,0.534350174,6.292803376,0.001558524,0.108839027,-0.210726165,0,1,1,1 
HDVD_75,Heavy Duty Trucks_Diesel_Articulated 28 - 34 t_Euro IV,,,0.06,1,12,41,0.000965875,-0.153371067,5.973466349,0.844987543,0.000118258,-0.023159249,1.307609619,0,1,1,1 
HDVD_76,Heavy Duty Trucks_Diesel_Articulated 28 - 34 t_Euro V,SCR,,-0.06,0,5,65,-0.001724867,0.133157499,-1.05859488,2.318861651,0.005349614,-0.048211867,0.112599909,0,1,1,1 
HDVD_76,Heavy Duty Trucks_Diesel_Articulated 28 - 34 t_Euro V,SCR,,-0.06,0.5,5,65,-0.001877305,0.138945221,-1.061631442,2.248505455,0.005566705,-0.048616699,0.110846993,0,1,1,1 
HDVD_76,Heavy Duty Trucks_Diesel_Articulated 28 - 34 t_Euro V,SCR,,-0.06,1,5,65,-0.001802583,0.131724442,-0.965055435,2.002813833,0.005150496,-0.043680209,0.098947129,0,1,1,1 
HDVD_76,Heavy Duty Trucks_Diesel_Articulated 28 - 34 t_Euro V,SCR,,-0.04,0,5,85,-0.001231065,0.124206419,-0.941916044,1.991941004,0.004515513,-0.038277243,0.086662268,0,1,1,1 
HDVD_76,Heavy Duty Trucks_Diesel_Articulated 28 - 34 t_Euro V,SCR,,-0.04,0.5,5,85,-0.003088655,0.288935184,-1.854433872,3.576768185,0.009859563,-0.072208062,0.155078885,0,1,1,1 
HDVD_76,Heavy Duty Trucks_Diesel_Articulated 28 - 34 t_Euro V,SCR,,-0.04,1,5,85,-0.002167741,0.203602671,-1.270968801,2.439893322,0.006526822,-0.047249943,0.103709793,0,1,1,1 
HDVD_76,Heavy Duty Trucks_Diesel_Articulated 28 - 34 t_Euro V,SCR,,-0.02,0,5,85,-0.000424935,0.211417039,-1.353741935,2.717293531,0.006888973,-0.047446209,0.101306678,0,1,1,1 
HDVD_76,Heavy Duty Trucks_Diesel_Articulated 28 - 34 t_Euro V,SCR,,-0.02,0.5,5,85,-0.001528283,0.359224037,-1.790912764,3.154886531,0.009620372,-0.050760705,0.105590345,0,1,1,1 
HDVD_76,Heavy Duty Trucks_Diesel_Articulated 28 - 34 t_Euro V,SCR,,-0.02,1,5,85,-0.004015375,0.695717398,-2.78115431,4.307890884,0.015382036,-0.058109248,0.121351414,0,1,1,1 
HDVD_76,Heavy Duty Trucks_Diesel_Articulated 28 - 34 t_Euro V,SCR,,0,0,5,85,0.004969788,0.200102044,-1.290542536,3.08592104,0.007646177,-0.049675992,0.117930506,0,1,1,1 
HDVD_76,Heavy Duty Trucks_Diesel_Articulated 28 - 34 t_Euro V,SCR,,0,0.5,5,85,-0.001059833,0.025990592,5.871397463,-2.467417148,-0.001488123,0.129710967,0.08616267,0,1,1,1 
HDVD_76,Heavy Duty Trucks_Diesel_Articulated 28 - 34 t_Euro V,SCR,,0,1,5,85,-0.000610255,-0.004341049,4.94563001,1.580123137,-0.000972842,0.081751714,0.230401797,0,1,1,1 
HDVD_76,Heavy Duty Trucks_Diesel_Articulated 28 - 34 t_Euro V,SCR,,0.02,0,5,85,0.013816282,0.05836963,0.362927813,4.827501941,0.007617316,-0.040897713,0.249893565,0,1,1,1 
HDVD_76,Heavy Duty Trucks_Diesel_Articulated 28 - 34 t_Euro V,SCR,,0.02,0.5,5,85,-0.002832526,0.204707985,4.741615637,-2.646439797,-0.001285928,0.118207375,-1.30E-12,0,1,1,1 
HDVD_76,Heavy Duty Trucks_Diesel_Articulated 28 - 34 t_Euro V,SCR,,0.02,1,5,80,-0.00250073,0.228305069,3.976274843,-2.19059762,-0.000592965,0.091770855,3.84E-13,0,1,1,1 
HDVD_76,Heavy Duty Trucks_Diesel_Articulated 28 - 34 t_Euro V,SCR,,0.04,0,5,85,0.127148686,0.523255073,-9.124544129,9.230563531,0.048452461,-0.340534148,0.318310814,0,1,1,1 
HDVD_76,Heavy Duty Trucks_Diesel_Articulated 28 - 34 t_Euro V,SCR,,0.04,0.5,5,75,-0.005209181,0.444047995,4.391935766,-1.078048678,-0.000679385,0.12039477,8.95E-12,0,1,1,1 
HDVD_76,Heavy Duty Trucks_Diesel_Articulated 28 - 34 t_Euro V,SCR,,0.04,1,5,55,-0.00229488,0.308663279,1.508873184,-6.93549427,0.000640748,0.056095466,-0.169571222,0,1,1,1 
HDVD_76,Heavy Duty Trucks_Diesel_Articulated 28 - 34 t_Euro V,SCR,,0.06,0,5,80,0.000117464,-0.019808023,0.921169891,10.27319921,5.74E-05,-0.007210463,0.333962919,0,1,1,1 
HDVD_76,Heavy Duty Trucks_Diesel_Articulated 28 - 34 t_Euro V,SCR,,0.06,0.5,5,55,-0.004404155,0.391090501,2.133521734,-9.337028792,9.86E-05,0.079493391,-0.232224911,0,1,1,1 
HDVD_76,Heavy Duty Trucks_Diesel_Articulated 28 - 34 t_Euro V,SCR,,0.06,1,5,40,0.050187071,1.708390876,-5.417666903,1.238665621,0.025941402,-0.069987316,1.71E-12,0,1,1,1 
HDVD_76,Heavy Duty Trucks_Diesel_Articulated 28 - 34 t_Euro V,EGR,,-0.06,0,5,85,-0.003048215,0.302461793,-1.818621455,3.446465239,0.031741507,-0.234549336,0.536650229,0,1,1,1 
HDVD_76,Heavy Duty Trucks_Diesel_Articulated 28 - 34 t_Euro V,EGR,,-0.06,0.5,5,85,-0.002170686,0.228987765,-1.569253373,3.127793177,0.02730698,-0.227430327,0.525314107,0,1,1,1 
HDVD_76,Heavy Duty Trucks_Diesel_Articulated 28 - 34 t_Euro V,EGR,,-0.06,1,5,85,-0.002311219,0.221681337,-1.366610314,2.521414176,0.025437236,-0.1935193,0.426143192,0,1,1,1 
HDVD_76,Heavy Duty Trucks_Diesel_Articulated 28 - 34 t_Euro V,EGR,,-0.04,0,5,85,-0.002526611,0.290201505,-1.500849449,2.554496396,0.023464038,-0.143477032,0.312110085,0,1,1,1 
HDVD_76,Heavy Duty Trucks_Diesel_Articulated 28 - 34 t_Euro V,EGR,,-0.04,0.5,5,80,-0.003165273,0.279279801,-1.271901553,1.197353782,0.017839651,-0.063346169,3.84E-14,0,1,1,1 
HDVD_76,Heavy Duty Trucks_Diesel_Articulated 28 - 34 t_Euro V,EGR,,-0.04,1,5,85,-0.003004717,0.320329764,-1.682797779,2.754563578,0.026163677,-0.166738258,0.34975619,0,1,1,1 
HDVD_76,Heavy Duty Trucks_Diesel_Articulated 28 - 34 t_Euro V,EGR,,-0.02,0,5,85,-0.001157494,0.445831212,-1.866166127,2.824114596,0.030276765,-0.137644388,0.272032423,0,1,1,1 
HDVD_76,Heavy Duty Trucks_Diesel_Articulated 28 - 34 t_Euro V,EGR,,-0.02,0.5,5,85,-0.002457127,0.367553004,-1.684411822,1.556376312,0.020117149,-0.070421164,2.78E-14,0,1,1,1 
HDVD_76,Heavy Duty Trucks_Diesel_Articulated 28 - 34 t_Euro V,EGR,,-0.02,1,5,85,-0.002046107,0.319984831,-1.46878946,2.214545378,0.019150814,-0.099455861,0.203064331,0,1,1,1 
HDVD_76,Heavy Duty Trucks_Diesel_Articulated 28 - 34 t_Euro V,EGR,,0,0,5,85,0.004920586,0.425993602,-1.563235244,2.269708129,0.027696151,-0.105801365,0.203793687,0,1,1,1 
HDVD_76,Heavy Duty Trucks_Diesel_Articulated 28 - 34 t_Euro V,EGR,,0,0.5,5,85,0.004501432,0.536676744,-2.031052898,2.590852519,0.030316302,-0.109443424,0.173518594,0,1,1,1 
HDVD_76,Heavy Duty Trucks_Diesel_Articulated 28 - 34 t_Euro V,EGR,,0,1,5,85,0.003248532,0.484067596,-1.945233229,2.723587065,0.025620978,-0.104843574,0.1847683,0,1,1,1 
HDVD_76,Heavy Duty Trucks_Diesel_Articulated 28 - 34 t_Euro V,EGR,,0.02,0,5,85,0.008492431,0.575862876,-1.969744882,2.569769501,0.032076542,-0.105219941,0.182190107,0,1,1,1 
HDVD_76,Heavy Duty Trucks_Diesel_Articulated 28 - 34 t_Euro V,EGR,,0.02,0.5,5,85,0.005605444,0.505419756,-1.877940279,2.293582115,0.023342589,-0.075903911,0.108302918,0,1,1,1 
HDVD_76,Heavy Duty Trucks_Diesel_Articulated 28 - 34 t_Euro V,EGR,,0.02,1,5,80,0.002902462,0.642399689,-2.297586013,2.011936263,0.023764995,-0.062828526,0.030282591,0,1,1,1 
HDVD_76,Heavy Duty Trucks_Diesel_Articulated 28 - 34 t_Euro V,EGR,,0.04,0,5,85,-0.000446409,0.007009548,3.10179896,-3.194474176,-0.001370558,0.128501236,0.030016334,0,1,1,1 
HDVD_76,Heavy Duty Trucks_Diesel_Articulated 28 - 34 t_Euro V,EGR,,0.04,0.5,5,75,-0.000208972,-0.001293055,2.035195379,-1.58692484,-0.00060304,0.070259258,0.0333284,0,1,1,1 
HDVD_76,Heavy Duty Trucks_Diesel_Articulated 28 - 34 t_Euro V,EGR,,0.04,1,5,55,0.00114652,0.605794275,-2.11347376,1.18072205,0.019783672,-0.055145591,2.15E-13,0,1,1,1 
HDVD_76,Heavy Duty Trucks_Diesel_Articulated 28 - 34 t_Euro V,EGR,,0.06,0,5,85,-0.000611542,0.036954102,2.930109063,-2.762087382,-0.00068449,0.117492571,0.025777271,0,1,1,1 
HDVD_76,Heavy Duty Trucks_Diesel_Articulated 28 - 34 t_Euro V,EGR,,0.06,0.5,5,55,-0.000715778,0.490827872,-2.293664214,-1.184144654,0.01319342,-0.033317304,-0.181725794,0,1,1,1 
HDVD_76,Heavy Duty Trucks_Diesel_Articulated 28 - 34 t_Euro V,EGR,,0.06,1,5,40,0.001215402,0.916473039,-2.758199729,0.525994253,0.028537088,-0.080660648,-2.56E-13,0,1,1,1 
HDVD_77,Heavy Duty Trucks_Diesel_Articulated 28 - 34 t_Euro VI,,,-0.06,0,5,75,-0.004090498,0.33399077,-1.438039466,2.224110072,0.135867992,-0.736473914,1.774878584,0,1,1,1 
HDVD_77,Heavy Duty Trucks_Diesel_Articulated 28 - 34 t_Euro VI,,,-0.06,0.5,5,65,-0.00421127,0.30336779,-1.399589382,1.461536068,0.106150968,-0.357327856,-1.01E-13,0,1,1,1 
HDVD_77,Heavy Duty Trucks_Diesel_Articulated 28 - 34 t_Euro VI,,,-0.06,1,5,70,-0.00292265,0.226773451,-0.7489806,1.389699041,0.116368829,-0.658620462,2.123959436,0,1,1,1 
HDVD_77,Heavy Duty Trucks_Diesel_Articulated 28 - 34 t_Euro VI,,,-0.04,0,5,85,-0.003452022,0.322383902,-1.466652666,1.456326336,0.081893098,-0.225285187,-0.156747384,0,1,1,1 
HDVD_77,Heavy Duty Trucks_Diesel_Articulated 28 - 34 t_Euro VI,,,-0.04,0.5,5,80,-0.006944923,0.600850597,-1.698056613,2.068982575,0.168400554,-0.390492926,1.377567861,0,1,1,1 
HDVD_77,Heavy Duty Trucks_Diesel_Articulated 28 - 34 t_Euro VI,,,-0.04,1,5,80,-0.004604068,0.398439382,-1.849578473,1.985088852,0.108495897,-0.347189683,2.22E-13,0,1,1,1 
HDVD_77,Heavy Duty Trucks_Diesel_Articulated 28 - 34 t_Euro VI,,,-0.02,0,5,85,0.000144242,-0.036582408,2.191106164,-2.790920594,-0.005014736,0.438870092,0.480478631,0,1,1,1 
HDVD_77,Heavy Duty Trucks_Diesel_Articulated 28 - 34 t_Euro VI,,,-0.02,0.5,5,85,-0.004307889,0.535598279,-2.259019338,1.957950332,0.100309951,-0.137206692,-0.539980642,0,1,1,1 
HDVD_77,Heavy Duty Trucks_Diesel_Articulated 28 - 34 t_Euro VI,,,-0.02,1,5,85,-0.004429423,0.511621977,-2.247554126,2.174819582,0.100800455,-0.220012927,-0.277145897,0,1,1,1 
HDVD_77,Heavy Duty Trucks_Diesel_Articulated 28 - 34 t_Euro VI,,,0,0,5,85,-0.000158167,-0.027400669,4.007972772,-5.013236743,-0.008057484,0.713977288,0.705622503,0,1,1,1 
HDVD_77,Heavy Duty Trucks_Diesel_Articulated 28 - 34 t_Euro VI,,,0,0.5,5,85,-0.000158314,-0.02783554,3.900913572,-4.817794131,-0.008211144,0.72123147,0.394442475,0,1,1,1 
HDVD_77,Heavy Duty Trucks_Diesel_Articulated 28 - 34 t_Euro VI,,,0,1,5,85,-0.000136297,-0.02016251,2.958345938,-3.778245603,-0.006575763,0.578602082,8.71E-12,0,1,1,1 
HDVD_77,Heavy Duty Trucks_Diesel_Articulated 28 - 34 t_Euro VI,,,0.02,0,5,85,0.003587923,0.461212263,-2.078059812,2.067202393,0.082580458,-0.236074568,1.26E-13,0,1,1,1 
HDVD_77,Heavy Duty Trucks_Diesel_Articulated 28 - 34 t_Euro VI,,,0.02,0.5,5,85,-0.000248987,0.06496094,1.516106771,-1.903649446,0.006291369,0.293021382,-1.07E-07,0,1,1,1 
HDVD_77,Heavy Duty Trucks_Diesel_Articulated 28 - 34 t_Euro VI,,,0.02,1,5,80,0.003212178,0.785912023,-2.288059351,1.415631874,0.134651599,-0.264665614,1.23E-12,0,1,1,1 
HDVD_77,Heavy Duty Trucks_Diesel_Articulated 28 - 34 t_Euro VI,,,0.04,0,5,85,-0.000968914,0.138658614,2.118977176,-2.853385249,0.010128554,0.434966324,1.91E-12,0,1,1,1 
HDVD_77,Heavy Duty Trucks_Diesel_Articulated 28 - 34 t_Euro VI,,,0.04,0.5,5,75,0.004808803,1.066460909,-2.267242886,0.791340702,0.175318037,-0.250857601,1.16E-08,0,1,1,1 
HDVD_77,Heavy Duty Trucks_Diesel_Articulated 28 - 34 t_Euro VI,,,0.04,1,5,55,0.003239444,0.457055714,-1.634439649,0.676862501,0.075093184,-0.229470433,3.27E-10,0,1,1,1 
HDVD_77,Heavy Duty Trucks_Diesel_Articulated 28 - 34 t_Euro VI,,,0.06,0,5,85,6.15E-05,-0.026430761,2.063840167,-1.997420303,-0.002829359,0.260895537,0.260562405,0,1,1,1 
HDVD_77,Heavy Duty Trucks_Diesel_Articulated 28 - 34 t_Euro VI,,,0.06,0.5,5,55,0.003028725,0.299532357,-1.37213438,1.363117083,0.052395386,-0.225990879,0.207307881,0,1,1,1 
HDVD_77,Heavy Duty Trucks_Diesel_Articulated 28 - 34 t_Euro VI,,,0.06,1,5,40,0.001756859,0.173646579,-1.37019485,2.495564172,0.02770311,-0.208116216,0.376357988,0,1,1,1 
HDVD_78,Heavy Duty Trucks_Diesel_Articulated 34 - 40 t_Conventional,,,-0.06,0,12,86,8.35E-05,-0.022944777,2.302095577,2.400807991,0.000296638,0.029370926,0.109861982,0,1,1,1 
HDVD_78,Heavy Duty Trucks_Diesel_Articulated 34 - 40 t_Conventional,,,-0.06,0.5,12,86,-9.06E-07,2.22E-05,1.377022257,-4.964798766,0.000715936,0.006373018,0.04505027,0,1,1,1 
HDVD_78,Heavy Duty Trucks_Diesel_Articulated 34 - 40 t_Conventional,,,-0.06,1,12,86,1.70E-06,-0.001009906,1.569965401,-5.934940856,0.000781921,0.006381621,0.058768186,0,1,1,1 
HDVD_78,Heavy Duty Trucks_Diesel_Articulated 34 - 40 t_Conventional,,,-0.04,0,12,86,2.99E-05,-0.020381307,2.630901668,-0.827799853,0.000211468,0.03067262,0.041187112,0,1,1,1 
HDVD_78,Heavy Duty Trucks_Diesel_Articulated 34 - 40 t_Conventional,,,-0.04,0.5,12,86,3.97E-05,-0.010839571,0.835238879,3.700851843,5.41E-05,0.006829017,0.109204029,0,1,1,1 
HDVD_78,Heavy Duty Trucks_Diesel_Articulated 34 - 40 t_Conventional,,,-0.04,1,12,86,3.13E-06,-0.001610339,1.147541188,-4.976153815,0.000400221,0.002896502,0.0448004,0,1,1,1 
HDVD_78,Heavy Duty Trucks_Diesel_Articulated 34 - 40 t_Conventional,,,-0.02,0,12,86,0.000518002,-0.023600094,2.813143036,13.03236826,0.000458661,0.02112178,0.292534169,0,1,1,1 
HDVD_78,Heavy Duty Trucks_Diesel_Articulated 34 - 40 t_Conventional,,,-0.02,0.5,12,86,0.000139811,-0.013949839,1.196308155,3.467345792,0.000113949,0.005844359,0.139230815,0,1,1,1 
HDVD_78,Heavy Duty Trucks_Diesel_Articulated 34 - 40 t_Conventional,,,-0.02,1,12,86,3.56E-05,0.022612139,-0.632303291,13.41100891,0.000467505,-0.015817819,0.2445632,0,1,1,1 
HDVD_78,Heavy Duty Trucks_Diesel_Articulated 34 - 40 t_Conventional,,,0,0,12,86,2.53E-05,0.004114714,0.823253132,6.348649545,-2.84E-05,0.011774616,0.068944174,0,1,1,1 
HDVD_78,Heavy Duty Trucks_Diesel_Articulated 34 - 40 t_Conventional,,,0,0.5,12,86,0.001132395,-0.036901818,2.19330568,7.185866756,0.000463738,-0.001861698,0.327039964,0,1,1,1 
HDVD_78,Heavy Duty Trucks_Diesel_Articulated 34 - 40 t_Conventional,,,0,1,12,86,0.002537061,-0.117885048,4.214268997,11.91093042,0.000904749,-0.023245589,0.729283742,0,1,1,1 
HDVD_78,Heavy Duty Trucks_Diesel_Articulated 34 - 40 t_Conventional,,,0.02,0,12,86,0.001176782,-0.001311574,3.081955113,15.51029404,0.000506503,0.019418582,0.325282862,0,1,1,1 
HDVD_78,Heavy Duty Trucks_Diesel_Articulated 34 - 40 t_Conventional,,,0.02,0.5,12,86,-3.03E-06,0.006585377,0.936277258,8.879026488,7.78E-06,0.005739074,0.164220547,0,1,1,1 
HDVD_78,Heavy Duty Trucks_Diesel_Articulated 34 - 40 t_Conventional,,,0.02,1,12,74,0.00117187,-0.083212442,4.549938371,3.229422182,0.000334587,-0.006684183,0.537651621,0,1,1,1 
HDVD_78,Heavy Duty Trucks_Diesel_Articulated 34 - 40 t_Conventional,,,0.04,0,12,86,0.000469017,0.201743637,3.323981669,-11.28332957,0.000934596,0.062256731,-0.241194194,0,1,1,1 
HDVD_78,Heavy Duty Trucks_Diesel_Articulated 34 - 40 t_Conventional,,,0.04,0.5,12,64,-8.95E-05,0.084646659,2.638591313,4.497337689,0.00021522,0.023306467,0.197403266,0,1,1,1 
HDVD_78,Heavy Duty Trucks_Diesel_Articulated 34 - 40 t_Conventional,,,0.04,1,12,47,-0.008793544,0.992862963,-6.151175162,-8.495358733,0.001231105,0.075919998,-0.668502875,0,1,1,1 
HDVD_78,Heavy Duty Trucks_Diesel_Articulated 34 - 40 t_Conventional,,,0.06,0,12,78,2.06E-05,0.007125546,0.870158338,5.664862887,-2.80E-05,0.009070973,0.076563115,0,1,1,1 
HDVD_78,Heavy Duty Trucks_Diesel_Articulated 34 - 40 t_Conventional,,,0.06,0.5,12,48,-0.001810447,0.447141691,6.417360681,3.930222423,0.001001374,0.070559523,0.400271251,0,1,1,1 
HDVD_78,Heavy Duty Trucks_Diesel_Articulated 34 - 40 t_Conventional,,,0.06,1,11,35,0.001270843,-0.214817907,6.10653505,3.873003955,-0.000285613,-0.001545091,0.448666267,0,1,1,1 
HDVD_79,Heavy Duty Trucks_Diesel_Articulated 34 - 40 t_Euro I,,,-0.06,0,12,86,1.85E-05,-0.005480253,0.466892222,3.229756576,6.44E-05,0.008440348,0.09942918,0,1,1,1 
HDVD_79,Heavy Duty Trucks_Diesel_Articulated 34 - 40 t_Euro I,,,-0.06,0.5,12,86,2.88E-06,-0.001321014,1.226061729,-4.700218155,0.000832013,0.006302498,0.066265854,0,1,1,1 
HDVD_79,Heavy Duty Trucks_Diesel_Articulated 34 - 40 t_Euro I,,,-0.06,1,12,86,5.55E-06,-0.002392817,1.649271917,-6.570479413,0.001059247,0.007558297,0.094592166,0,1,1,1 
HDVD_79,Heavy Duty Trucks_Diesel_Articulated 34 - 40 t_Euro I,,,-0.04,0,12,86,1.85E-05,-0.005757683,0.523611158,3.250715717,4.13E-05,0.00776734,0.090645936,0,1,1,1 
HDVD_79,Heavy Duty Trucks_Diesel_Articulated 34 - 40 t_Euro I,,,-0.04,0.5,12,86,5.53E-05,-0.014402636,1.047740982,3.429246406,9.00E-05,0.009253567,0.185566659,0,1,1,1 
HDVD_79,Heavy Duty Trucks_Diesel_Articulated 34 - 40 t_Euro I,,,-0.04,1,12,86,-0.000259098,0.013179991,2.792366202,-0.351518806,0.001439042,0.003330081,0.482039415,0,1,1,1 
HDVD_79,Heavy Duty Trucks_Diesel_Articulated 34 - 40 t_Euro I,,,-0.02,0,12,86,0.000507741,-0.021822804,2.57506466,11.92374938,0.0005559,0.023913617,0.381407614,0,1,1,1 
HDVD_79,Heavy Duty Trucks_Diesel_Articulated 34 - 40 t_Euro I,,,-0.02,0.5,12,86,9.59E-05,0.012724859,-0.475682538,10.68904741,0.000486521,-0.017794025,0.274605433,0,1,1,1 
HDVD_79,Heavy Duty Trucks_Diesel_Articulated 34 - 40 t_Euro I,,,-0.02,1,12,86,-1.66E-05,0.023921761,-0.461188519,8.107660731,0.000458906,-0.012767305,0.18903478,0,1,1,1 
HDVD_79,Heavy Duty Trucks_Diesel_Articulated 34 - 40 t_Euro I,,,0,0,12,86,2.10E-05,0.00409629,0.700535322,4.755462181,-3.41E-05,0.012798741,0.075309678,0,1,1,1 
HDVD_79,Heavy Duty Trucks_Diesel_Articulated 34 - 40 t_Euro I,,,0,0.5,12,86,0.001442909,-0.053179173,2.457006285,6.294020938,0.000675445,-0.010024925,0.516688166,0,1,1,1 
HDVD_79,Heavy Duty Trucks_Diesel_Articulated 34 - 40 t_Euro I,,,0,1,12,86,0.003191466,-0.180426304,3.561804918,16.99580417,0.001251175,-0.061215465,1.129655674,0,1,1,1 
HDVD_79,Heavy Duty Trucks_Diesel_Articulated 34 - 40 t_Euro I,,,0.02,0,12,86,7.09E-05,0.012676359,1.795542427,9.772695976,-9.53E-05,0.030557423,0.150821638,0,1,1,1 
HDVD_79,Heavy Duty Trucks_Diesel_Articulated 34 - 40 t_Euro I,,,0.02,0.5,12,86,0.002123558,-0.093268071,2.455194882,19.19832589,0.000769382,-0.03001682,0.799146959,0,1,1,1 
HDVD_79,Heavy Duty Trucks_Diesel_Articulated 34 - 40 t_Euro I,,,0.02,1,12,76,0.000200245,0.30020147,-4.571516399,12.95907079,0.001348618,-0.00144116,-0.15691685,0,1,1,1 
HDVD_79,Heavy Duty Trucks_Diesel_Articulated 34 - 40 t_Euro I,,,0.04,0,12,86,2.96E-05,0.004274957,0.544749443,17.90383034,-1.99E-05,0.004280306,0.314293452,0,1,1,1 
HDVD_79,Heavy Duty Trucks_Diesel_Articulated 34 - 40 t_Euro I,,,0.04,0.5,12,64,0.002815243,-0.331408567,14.12786464,-0.776301231,5.70E-05,-0.012888787,1.708040966,0,1,1,1 
HDVD_79,Heavy Duty Trucks_Diesel_Articulated 34 - 40 t_Euro I,,,0.04,1,12,49,-0.001045926,-0.015238211,6.719113972,-2.514387785,-0.000280203,0.016681614,0.592098815,0,1,1,1 
HDVD_79,Heavy Duty Trucks_Diesel_Articulated 34 - 40 t_Euro I,,,0.06,0,12,79,0.00349372,0.671541623,1.009964289,16.226901,0.002618245,0.164298058,-0.558494952,0,1,1,1 
HDVD_79,Heavy Duty Trucks_Diesel_Articulated 34 - 40 t_Euro I,,,0.06,0.5,12,49,-0.005864659,0.3132201,2.948445447,-22.91620761,-0.001204206,0.08165423,-0.29612701,0,1,1,1 
HDVD_79,Heavy Duty Trucks_Diesel_Articulated 34 - 40 t_Euro I,,,0.06,1,11,36,0.001122447,-0.140582626,6.062959668,0.470247129,0.000155068,-0.009651723,0.569571039,0,1,1,1 
HDVD_80,Heavy Duty Trucks_Diesel_Articulated 34 - 40 t_Euro II,,,-0.06,0,12,86,3.62E-05,-0.01268052,2.717164359,1.26517186,0.001687734,0.042390854,0.503908168,0,1,1,1 
HDVD_80,Heavy Duty Trucks_Diesel_Articulated 34 - 40 t_Euro II,,,-0.06,0.5,12,86,6.07E-06,-0.00256962,1.246957634,-5.443811851,0.001052821,0.006605866,0.120529172,0,1,1,1 
HDVD_80,Heavy Duty Trucks_Diesel_Articulated 34 - 40 t_Euro II,,,-0.06,1,12,86,7.99E-06,-0.003370726,1.393731354,-6.397664195,0.001068346,0.005978819,0.139571037,0,1,1,1 
HDVD_80,Heavy Duty Trucks_Diesel_Articulated 34 - 40 t_Euro II,,,-0.04,0,12,86,6.62E-05,-0.016585622,1.63506869,2.117705919,0.000252965,0.030465696,0.229997703,0,1,1,1 
HDVD_80,Heavy Duty Trucks_Diesel_Articulated 34 - 40 t_Euro II,,,-0.04,0.5,12,86,3.12E-06,-0.002379532,1.654571742,-7.967007115,0.000997918,0.006560044,0.149620166,0,1,1,1 
HDVD_80,Heavy Duty Trucks_Diesel_Articulated 34 - 40 t_Euro II,,,-0.04,1,12,86,6.83E-06,-0.003126599,0.93613469,-5.029163523,0.000463881,0.00116315,0.090886985,0,1,1,1 
HDVD_80,Heavy Duty Trucks_Diesel_Articulated 34 - 40 t_Euro II,,,-0.02,0,12,86,0.000169207,-0.007213437,0.774211695,3.24989552,0.000249652,0.008819222,0.183017873,0,1,1,1 
HDVD_80,Heavy Duty Trucks_Diesel_Articulated 34 - 40 t_Euro II,,,-0.02,0.5,12,86,9.92E-05,0.002005497,0.053396107,4.635522785,0.000352843,-0.01056403,0.22905765,0,1,1,1 
HDVD_80,Heavy Duty Trucks_Diesel_Articulated 34 - 40 t_Euro II,,,-0.02,1,12,86,0.00061117,-0.048360334,1.600987089,5.221087856,0.000613287,-0.026170573,0.658612446,0,1,1,1 
HDVD_80,Heavy Duty Trucks_Diesel_Articulated 34 - 40 t_Euro II,,,0,0,12,86,0.000176816,0.03447972,4.223485153,-6.7274159,-0.000380205,0.119261774,-0.191251972,0,1,1,1 
HDVD_80,Heavy Duty Trucks_Diesel_Articulated 34 - 40 t_Euro II,,,0,0.5,12,86,0.001065073,-0.08857808,3.606206907,4.489674597,0.000231605,-0.005074107,0.837478021,0,1,1,1 
HDVD_80,Heavy Duty Trucks_Diesel_Articulated 34 - 40 t_Euro II,,,0,1,12,86,0.001362705,-0.078132133,1.178278444,8.321742376,0.000649707,-0.035902011,0.597547453,0,1,1,1 
HDVD_80,Heavy Duty Trucks_Diesel_Articulated 34 - 40 t_Euro II,,,0.02,0,12,86,6.20E-05,0.012127873,1.074700096,6.832504845,-7.74E-05,0.020815532,0.229917269,0,1,1,1 
HDVD_80,Heavy Duty Trucks_Diesel_Articulated 34 - 40 t_Euro II,,,0.02,0.5,12,86,0.003708002,0.177822177,-3.651613716,14.31663019,0.003151213,-0.037497976,0.041990684,0,1,1,1 
HDVD_80,Heavy Duty Trucks_Diesel_Articulated 34 - 40 t_Euro II,,,0.02,1,12,78,0.00236215,-0.138626052,4.743492689,7.31029801,0.00110803,-0.047369129,1.165126354,0,1,1,1 
HDVD_80,Heavy Duty Trucks_Diesel_Articulated 34 - 40 t_Euro II,,,0.04,0,12,86,-0.000371203,0.029251275,0.429594491,-7.230925343,-0.000219402,0.022145298,-0.204029201,0,1,1,1 
HDVD_80,Heavy Duty Trucks_Diesel_Articulated 34 - 40 t_Euro II,,,0.04,0.5,12,70,0.001722248,-0.188472312,13.0491855,3.993198694,0.000639744,-0.012446135,2.231189833,0,1,1,1 
HDVD_80,Heavy Duty Trucks_Diesel_Articulated 34 - 40 t_Euro II,,,0.04,1,12,52,0.002046766,-0.187382556,7.651944304,2.206673569,0.000577924,-0.025356054,1.167660508,0,1,1,1 
HDVD_80,Heavy Duty Trucks_Diesel_Articulated 34 - 40 t_Euro II,,,0.06,0,12,82,-0.003214973,0.962839089,9.159507343,-0.376576983,0.002950938,0.243506167,0.946322457,0,1,1,1 
HDVD_80,Heavy Duty Trucks_Diesel_Articulated 34 - 40 t_Euro II,,,0.06,0.5,12,52,0.000312843,-0.173764413,17.40194396,0.019418259,8.96E-05,0.023300112,2.340517802,0,1,1,1 
HDVD_80,Heavy Duty Trucks_Diesel_Articulated 34 - 40 t_Euro II,,,0.06,1,12,38,0.001504613,-0.173297287,6.86731313,0.97102462,0.000342447,-0.01541131,0.844237853,0,1,1,1 
HDVD_81,Heavy Duty Trucks_Diesel_Articulated 34 - 40 t_Euro III,,,-0.06,0,12,86,2.69E-05,-0.008752241,0.848733537,5.052079611,4.30E-05,0.013009096,0.151475101,0,1,1,1 
HDVD_81,Heavy Duty Trucks_Diesel_Articulated 34 - 40 t_Euro III,,,-0.06,0.5,12,86,-1.21E-05,0.00459072,1.409405659,-5.359787191,0.000751482,0.01055815,0.053690386,0,1,1,1 
HDVD_81,Heavy Duty Trucks_Diesel_Articulated 34 - 40 t_Euro III,,,-0.06,1,12,86,-1.21E-05,0.004151635,1.604168096,-6.441657487,0.000818405,0.010744429,0.072759232,0,1,1,1 
HDVD_81,Heavy Duty Trucks_Diesel_Articulated 34 - 40 t_Euro III,,,-0.04,0,12,86,1.52E-05,-0.00511483,0.521705172,3.093605006,1.18E-05,0.006975436,0.081142825,0,1,1,1 
HDVD_81,Heavy Duty Trucks_Diesel_Articulated 34 - 40 t_Euro III,,,-0.04,0.5,12,86,0.000174681,-0.031801912,2.412933122,5.54733678,0.000236975,0.015965055,0.38946148,0,1,1,1 
HDVD_81,Heavy Duty Trucks_Diesel_Articulated 34 - 40 t_Euro III,,,-0.04,1,12,86,0.000171299,-0.027621167,1.817645957,2.723627771,0.000227111,0.005127654,0.32174476,0,1,1,1 
HDVD_81,Heavy Duty Trucks_Diesel_Articulated 34 - 40 t_Euro III,,,-0.02,0,12,86,0.000344528,-0.011976519,1.180337317,5.695883949,0.000285269,0.006705906,0.19849987,0,1,1,1 
HDVD_81,Heavy Duty Trucks_Diesel_Articulated 34 - 40 t_Euro III,,,-0.02,0.5,12,86,0.000232965,-0.019589511,1.624298032,3.31289463,0.000194584,0.006761997,0.247948973,0,1,1,1 
HDVD_81,Heavy Duty Trucks_Diesel_Articulated 34 - 40 t_Euro III,,,-0.02,1,12,86,0.000123401,0.004087928,0.111445389,7.409699262,0.000347556,-0.010103994,0.228782132,0,1,1,1 
HDVD_81,Heavy Duty Trucks_Diesel_Articulated 34 - 40 t_Euro III,,,0,0,12,86,0.000492065,-0.011930191,1.496688544,5.885520157,0.000315911,0.007725411,0.235517187,0,1,1,1 
HDVD_81,Heavy Duty Trucks_Diesel_Articulated 34 - 40 t_Euro III,,,0,0.5,12,86,0.002103698,-0.095819367,2.845072103,10.30247689,0.001035905,-0.030790659,0.772678897,0,1,1,1 
HDVD_81,Heavy Duty Trucks_Diesel_Articulated 34 - 40 t_Euro III,,,0,1,12,86,0.002058599,-0.158215061,5.632881993,16.18909355,0.000478456,-0.015915563,1.040958881,0,1,1,1 
HDVD_81,Heavy Duty Trucks_Diesel_Articulated 34 - 40 t_Euro III,,,0.02,0,12,86,0.00050774,-0.00492212,1.209384429,5.135092979,0.000276489,0.00714413,0.194966586,0,1,1,1 
HDVD_81,Heavy Duty Trucks_Diesel_Articulated 34 - 40 t_Euro III,,,0.02,0.5,12,86,0.001357276,-0.005453603,-0.604469325,16.36031751,0.000939684,-0.031292193,0.398568236,0,1,1,1 
HDVD_81,Heavy Duty Trucks_Diesel_Articulated 34 - 40 t_Euro III,,,0.02,1,12,79,0.00263591,-0.186152412,6.585399263,10.27300299,0.000988176,-0.041656034,1.26343501,0,1,1,1 
HDVD_81,Heavy Duty Trucks_Diesel_Articulated 34 - 40 t_Euro III,,,0.04,0,12,86,0.000585306,0.168037727,2.160480352,-11.71700381,0.000975852,0.067528476,-0.337660914,0,1,1,1 
HDVD_81,Heavy Duty Trucks_Diesel_Articulated 34 - 40 t_Euro III,,,0.04,0.5,12,72,0.000419583,-0.051133104,5.580586858,3.903644325,0.000129738,0.012534964,0.739205152,0,1,1,1 
HDVD_81,Heavy Duty Trucks_Diesel_Articulated 34 - 40 t_Euro III,,,0.04,1,12,52,0.002216971,-0.275017331,10.32583644,-0.262997845,4.19E-05,-0.008227641,1.169296293,0,1,1,1 
HDVD_81,Heavy Duty Trucks_Diesel_Articulated 34 - 40 t_Euro III,,,0.06,0,12,83,-2.07E-05,0.058757643,2.287547215,5.286365421,0.000260836,0.029303525,0.253191927,0,1,1,1 
HDVD_81,Heavy Duty Trucks_Diesel_Articulated 34 - 40 t_Euro III,,,0.06,0.5,12,52,0.000655561,-0.125356387,8.981051462,4.055868529,5.42E-05,0.009605474,1.165213696,0,1,1,1 
HDVD_81,Heavy Duty Trucks_Diesel_Articulated 34 - 40 t_Euro III,,,0.06,1,12,38,0.002058101,-0.235656571,6.424711279,3.344913288,-0.000122791,-0.009448035,0.698957128,0,1,1,1 
HDVD_82,Heavy Duty Trucks_Diesel_Articulated 34 - 40 t_Euro IV,,,-0.06,0,12,86,2.30E-05,-0.004458196,0.204785999,3.437955575,0.000301112,0.004384025,0.214303556,0,1,1,1 
HDVD_82,Heavy Duty Trucks_Diesel_Articulated 34 - 40 t_Euro IV,,,-0.06,0.5,12,86,-0.000271267,-0.001867571,2.186219347,1.738671348,0.008026672,-0.064097323,1.366697115,0,1,1,1 
HDVD_82,Heavy Duty Trucks_Diesel_Articulated 34 - 40 t_Euro IV,,,-0.06,1,12,86,7.25E-05,-0.015042126,1.08979351,-3.721756014,0.002829834,-0.028322422,0.430803584,0,1,1,1 
HDVD_82,Heavy Duty Trucks_Diesel_Articulated 34 - 40 t_Euro IV,,,-0.04,0,12,86,3.17E-05,-0.007764013,0.510267777,4.638497385,0.000269818,0.015434135,0.255743598,0,1,1,1 
HDVD_82,Heavy Duty Trucks_Diesel_Articulated 34 - 40 t_Euro IV,,,-0.04,0.5,12,86,-0.000483791,0.016887966,2.279308621,-2.566427024,0.003702165,0.042219921,0.382995647,0,1,1,1 
HDVD_82,Heavy Duty Trucks_Diesel_Articulated 34 - 40 t_Euro IV,,,-0.04,1,12,86,-0.000511633,0.015422403,2.709479171,-2.121649812,0.004675585,0.030462714,0.705069285,0,1,1,1 
HDVD_82,Heavy Duty Trucks_Diesel_Articulated 34 - 40 t_Euro IV,,,-0.02,0,12,86,6.52E-07,-0.000384447,0.135924519,4.031662007,-9.94E-06,0.007611125,0.133247328,0,1,1,1 
HDVD_82,Heavy Duty Trucks_Diesel_Articulated 34 - 40 t_Euro IV,,,-0.02,0.5,12,86,1.29E-05,-0.004282223,0.428731904,2.505941002,2.50E-05,0.012318552,0.145306766,0,1,1,1 
HDVD_82,Heavy Duty Trucks_Diesel_Articulated 34 - 40 t_Euro IV,,,-0.02,1,12,86,-0.000290163,0.018664627,1.557697703,1.899430889,0.000809323,0.052017532,0.212395935,0,1,1,1 
HDVD_82,Heavy Duty Trucks_Diesel_Articulated 34 - 40 t_Euro IV,,,0,0,12,86,4.92E-05,0.022404746,0.817085236,4.20800125,0.000232969,0.038389861,0.068389244,0,1,1,1 
HDVD_82,Heavy Duty Trucks_Diesel_Articulated 34 - 40 t_Euro IV,,,0,0.5,12,86,0.000274731,0.097803575,1.636217313,-5.952663289,0.001383857,0.092337168,-0.410584307,0,1,1,1 
HDVD_82,Heavy Duty Trucks_Diesel_Articulated 34 - 40 t_Euro IV,,,0,1,12,86,0.000301007,0.128409012,0.849018864,-6.465662248,0.001803074,0.072806464,-0.436716107,0,1,1,1 
HDVD_82,Heavy Duty Trucks_Diesel_Articulated 34 - 40 t_Euro IV,,,0.02,0,12,86,1.25E-05,0.014205429,0.445037784,3.037521268,2.82E-05,0.01923794,0.065373545,0,1,1,1 
HDVD_82,Heavy Duty Trucks_Diesel_Articulated 34 - 40 t_Euro IV,,,0.02,0.5,12,86,0.002046581,0.493964365,-0.621061648,-11.71730777,0.005033388,0.182176555,-1.44111188,0,1,1,1 
HDVD_82,Heavy Duty Trucks_Diesel_Articulated 34 - 40 t_Euro IV,,,0.02,1,12,81,-4.36E-05,-0.001971631,1.068689399,9.874775831,-6.68E-05,0.005996254,0.48861952,0,1,1,1 
HDVD_82,Heavy Duty Trucks_Diesel_Articulated 34 - 40 t_Euro IV,,,0.04,0,12,86,0.001579149,0.381359365,1.185210034,8.06948547,0.003242845,0.190508913,-0.692718529,0,1,1,1 
HDVD_82,Heavy Duty Trucks_Diesel_Articulated 34 - 40 t_Euro IV,,,0.04,0.5,12,73,-0.000692454,0.04656412,0.648339991,-11.47432854,-0.000474542,0.042263598,-0.396322566,0,1,1,1 
HDVD_82,Heavy Duty Trucks_Diesel_Articulated 34 - 40 t_Euro IV,,,0.04,1,12,54,-0.000777887,0.046762812,-0.085544844,-5.45613461,-0.000333595,0.023193272,-0.252398807,0,1,1,1 
HDVD_82,Heavy Duty Trucks_Diesel_Articulated 34 - 40 t_Euro IV,,,0.06,0,12,85,0.008010785,1.810151293,2.676044271,-3.288803563,0.01326521,0.740460108,-3.53581168,0,1,1,1 
HDVD_82,Heavy Duty Trucks_Diesel_Articulated 34 - 40 t_Euro IV,,,0.06,0.5,12,55,0.001516301,0.255237394,1.363555749,7.563637065,0.000777508,0.094414578,0.052568336,0,1,1,1 
HDVD_82,Heavy Duty Trucks_Diesel_Articulated 34 - 40 t_Euro IV,,,0.06,1,12,40,0.002487324,-0.193211295,3.199553434,24.50054849,0.000733507,-0.061072661,1.286730193,0,1,1,1 
HDVD_82,Heavy Duty Trucks_Diesel_Articulated 34 - 40 t_Euro IV,,,-0.06,0,12,86,2.30E-05,-0.004458196,0.204785999,3.437955575,0.000301112,0.004384025,0.214303556,0,1,1,1 
HDVD_82,Heavy Duty Trucks_Diesel_Articulated 34 - 40 t_Euro IV,,,-0.06,0.5,12,86,-0.000271267,-0.001867571,2.186219347,1.738671348,0.008026672,-0.064097323,1.366697115,0,1,1,1 
HDVD_82,Heavy Duty Trucks_Diesel_Articulated 34 - 40 t_Euro IV,,,-0.06,1,12,86,7.25E-05,-0.015042126,1.08979351,-3.721756014,0.002829834,-0.028322422,0.430803584,0,1,1,1 
HDVD_82,Heavy Duty Trucks_Diesel_Articulated 34 - 40 t_Euro IV,,,-0.04,0,12,86,3.17E-05,-0.007764013,0.510267777,4.638497385,0.000269818,0.015434135,0.255743598,0,1,1,1 
HDVD_82,Heavy Duty Trucks_Diesel_Articulated 34 - 40 t_Euro IV,,,-0.04,1,12,86,-0.000511633,0.015422403,2.709479171,-2.121649812,0.004675585,0.030462714,0.705069285,0,1,1,1 
HDVD_82,Heavy Duty Trucks_Diesel_Articulated 34 - 40 t_Euro IV,,,-0.02,0,12,86,6.52E-07,-0.000384447,0.135924519,4.031662007,-9.94E-06,0.007611125,0.133247328,0,1,1,1 
HDVD_82,Heavy Duty Trucks_Diesel_Articulated 34 - 40 t_Euro IV,,,-0.02,1,12,86,-0.000290163,0.018664627,1.557697703,1.899430889,0.000809323,0.052017532,0.212395935,0,1,1,1 
HDVD_82,Heavy Duty Trucks_Diesel_Articulated 34 - 40 t_Euro IV,,,0,0,12,86,4.92E-05,0.022404746,0.817085236,4.20800125,0.000232969,0.038389861,0.068389244,0,1,1,1 
HDVD_82,Heavy Duty Trucks_Diesel_Articulated 34 - 40 t_Euro IV,,,0,1,12,86,0.000301007,0.128409012,0.849018864,-6.465662248,0.001803074,0.072806464,-0.436716107,0,1,1,1 
HDVD_82,Heavy Duty Trucks_Diesel_Articulated 34 - 40 t_Euro IV,,,0.02,0,12,86,1.25E-05,0.014205429,0.445037784,3.037521268,2.82E-05,0.01923794,0.065373545,0,1,1,1 
HDVD_82,Heavy Duty Trucks_Diesel_Articulated 34 - 40 t_Euro IV,,,0.02,1,12,81,-4.36E-05,-0.001971631,1.068689399,9.874775831,-6.68E-05,0.005996254,0.48861952,0,1,1,1 
HDVD_82,Heavy Duty Trucks_Diesel_Articulated 34 - 40 t_Euro IV,,,0.04,0,12,86,0.001579149,0.381359365,1.185210034,8.06948547,0.003242845,0.190508913,-0.692718529,0,1,1,1 
HDVD_82,Heavy Duty Trucks_Diesel_Articulated 34 - 40 t_Euro IV,,,0.04,1,12,54,-0.000777887,0.046762812,-0.085544844,-5.45613461,-0.000333595,0.023193272,-0.252398807,0,1,1,1 
HDVD_82,Heavy Duty Trucks_Diesel_Articulated 34 - 40 t_Euro IV,,,0.06,0,12,85,0.008010785,1.810151293,2.676044271,-3.288803563,0.01326521,0.740460108,-3.53581168,0,1,1,1 
HDVD_82,Heavy Duty Trucks_Diesel_Articulated 34 - 40 t_Euro IV,,,0.06,0.5,12,55,0.001516301,0.255237394,1.363555749,7.563637065,0.000777508,0.094414578,0.052568336,0,1,1,1 
HDVD_82,Heavy Duty Trucks_Diesel_Articulated 34 - 40 t_Euro IV,,,0.06,1,12,40,0.002487324,-0.193211295,3.199553434,24.50054849,0.000733507,-0.061072661,1.286730193,0,1,1,1 
HDVD_83,Heavy Duty Trucks_Diesel_Articulated 34 - 40 t_Euro V,SCR,,-0.06,0,5,65,-0.0029048,0.2148714,-1.433575257,2.651887293,0.006999897,-0.052499725,0.103995752,0,1,1,1 
HDVD_83,Heavy Duty Trucks_Diesel_Articulated 34 - 40 t_Euro V,SCR,,-0.06,0.5,5,60,-0.008012515,0.525208317,-2.099511621,1.006171049,0.015289314,-0.058291468,-9.53E-14,0,1,1,1 
HDVD_83,Heavy Duty Trucks_Diesel_Articulated 34 - 40 t_Euro V,SCR,,-0.06,1,5,60,-0.007783971,0.508137444,-2.061412337,1.153944023,0.014107813,-0.053173384,9.13E-13,0,1,1,1 
HDVD_83,Heavy Duty Trucks_Diesel_Articulated 34 - 40 t_Euro V,SCR,,-0.04,0,5,75,-0.010629155,0.870836446,-3.470831474,1.565483334,0.023203091,-0.086669581,9.49E-14,0,1,1,1 
HDVD_83,Heavy Duty Trucks_Diesel_Articulated 34 - 40 t_Euro V,SCR,,-0.04,0.5,5,85,-0.002298126,0.214287383,-1.346718971,2.433082715,0.006231045,-0.044051991,0.08758843,0,1,1,1 
HDVD_83,Heavy Duty Trucks_Diesel_Articulated 34 - 40 t_Euro V,SCR,,-0.04,1,5,85,-0.002854518,0.278321562,-1.727985877,3.082283474,0.007838033,-0.055141577,0.109743398,0,1,1,1 
HDVD_83,Heavy Duty Trucks_Diesel_Articulated 34 - 40 t_Euro V,SCR,,-0.02,0,5,85,-0.000872468,0.28058188,-1.690621635,2.756718964,0.007632673,-0.047544526,0.079964437,0,1,1,1 
HDVD_83,Heavy Duty Trucks_Diesel_Articulated 34 - 40 t_Euro V,SCR,,-0.02,0.5,5,85,-0.004268506,0.68989057,-1.960317372,-1.848316902,0.013724974,-0.013538484,-0.139805643,0,1,1,1 
HDVD_83,Heavy Duty Trucks_Diesel_Articulated 34 - 40 t_Euro V,SCR,,-0.02,1,5,85,-0.002919631,0.52527995,-2.149943614,2.996768395,0.010130515,-0.037904455,0.064049023,0,1,1,1 
HDVD_83,Heavy Duty Trucks_Diesel_Articulated 34 - 40 t_Euro V,SCR,,0,0,5,85,0.008587289,0.3937917,-2.651188311,4.547641554,0.012407163,-0.07753738,0.131092786,0,1,1,1 
HDVD_83,Heavy Duty Trucks_Diesel_Articulated 34 - 40 t_Euro V,SCR,,0,0.5,5,85,0.022922169,1.14105297,-3.662769827,1.961132152,0.025597187,-0.061608737,0.00272161,0,1,1,1 
HDVD_83,Heavy Duty Trucks_Diesel_Articulated 34 - 40 t_Euro V,SCR,,0,1,5,85,0.014443542,0.836483415,-2.537813301,1.784463692,0.015509323,-0.029052027,3.54E-14,0,1,1,1 
HDVD_83,Heavy Duty Trucks_Diesel_Articulated 34 - 40 t_Euro V,SCR,,0.02,0,5,85,0.004933998,0.114144983,7.058607743,0.133158169,0.00126505,0.143207512,0.10639361,0,1,1,1 
HDVD_83,Heavy Duty Trucks_Diesel_Articulated 34 - 40 t_Euro V,SCR,,0.02,0.5,5,85,0.003376499,-0.015124496,-0.638826067,5.795156635,0.001304916,-0.025816983,0.147447165,0,1,1,1 
HDVD_83,Heavy Duty Trucks_Diesel_Articulated 34 - 40 t_Euro V,SCR,,0.02,1,5,80,-0.003258641,0.301777603,4.423246891,-1.834885581,-0.000643006,0.098804167,-1.45E-11,0,1,1,1 
HDVD_83,Heavy Duty Trucks_Diesel_Articulated 34 - 40 t_Euro V,SCR,,0.04,0,5,85,7.01E-05,-0.010522169,0.333606065,7.575434506,3.26E-05,-0.005104902,0.210620663,0,1,1,1 
HDVD_83,Heavy Duty Trucks_Diesel_Articulated 34 - 40 t_Euro V,SCR,,0.04,0.5,5,75,-0.006587165,0.617610066,4.727398657,-0.48126088,-0.000504275,0.130623769,1.51E-12,0,1,1,1 
HDVD_83,Heavy Duty Trucks_Diesel_Articulated 34 - 40 t_Euro V,SCR,,0.04,1,5,55,-0.004022308,0.449682232,1.721344274,-7.989047867,0.000475144,0.071144565,-0.198588563,0,1,1,1 
HDVD_83,Heavy Duty Trucks_Diesel_Articulated 34 - 40 t_Euro V,SCR,,0.06,0,5,85,0.000180345,-0.030470888,1.405102548,19.69496107,9.61E-05,-0.012591975,0.553643155,0,1,1,1 
HDVD_83,Heavy Duty Trucks_Diesel_Articulated 34 - 40 t_Euro V,SCR,,0.06,0.5,5,55,0.000148412,-0.015584835,0.615234403,4.638806347,3.61E-05,-0.002225284,0.120514787,0,1,1,1 
HDVD_83,Heavy Duty Trucks_Diesel_Articulated 34 - 40 t_Euro V,SCR,,0.06,1,5,40,0.000295891,-0.021645224,0.391087752,4.595895623,3.99E-05,-0.003068432,0.091405652,0,1,1,1 
HDVD_83,Heavy Duty Trucks_Diesel_Articulated 34 - 40 t_Euro V,EGR,,-0.06,0,5,80,-0.003112361,0.271782026,-1.243149085,1.967785643,0.019390601,-0.10387526,0.21387797,0,1,1,1 
HDVD_83,Heavy Duty Trucks_Diesel_Articulated 34 - 40 t_Euro V,EGR,,-0.06,0.5,5,85,-0.002632826,0.242749907,-1.272807343,2.064520075,0.019890684,-0.122947766,0.242744596,0,1,1,1 
HDVD_83,Heavy Duty Trucks_Diesel_Articulated 34 - 40 t_Euro V,EGR,,-0.06,1,5,75,-0.00789827,0.643756881,-2.985167303,2.5559429,0.045925678,-0.179697314,1.36E-12,0,1,1,1 
HDVD_83,Heavy Duty Trucks_Diesel_Articulated 34 - 40 t_Euro V,EGR,,-0.04,0,5,85,-0.004818933,0.472179119,-1.925936693,2.773337324,0.026410693,-0.111049862,0.217834092,0,1,1,1 
HDVD_83,Heavy Duty Trucks_Diesel_Articulated 34 - 40 t_Euro V,EGR,,-0.04,0.5,5,75,-0.005465288,0.458172431,-2.222452091,1.489841283,0.020375508,-0.045614706,-0.186975919,0,1,1,1 
HDVD_83,Heavy Duty Trucks_Diesel_Articulated 34 - 40 t_Euro V,EGR,,-0.04,1,5,85,-0.003052002,0.298867285,-1.42997596,1.320926441,0.017097513,-0.066667202,-1.25E-14,0,1,1,1 
HDVD_83,Heavy Duty Trucks_Diesel_Articulated 34 - 40 t_Euro V,EGR,,-0.02,0,5,85,-0.003373173,0.6732061,-2.505469687,2.731452613,0.03216679,-0.098250794,0.103380858,0,1,1,1 
HDVD_83,Heavy Duty Trucks_Diesel_Articulated 34 - 40 t_Euro V,EGR,,-0.02,0.5,5,85,-0.003850491,0.54960941,-2.026739831,2.380348089,0.024869112,-0.074519639,0.10438658,0,1,1,1 
HDVD_83,Heavy Duty Trucks_Diesel_Articulated 34 - 40 t_Euro V,EGR,,-0.02,1,5,85,-0.004794875,0.640644284,-2.47298379,2.986010207,0.028708227,-0.097291586,0.146833371,0,1,1,1 
HDVD_83,Heavy Duty Trucks_Diesel_Articulated 34 - 40 t_Euro V,EGR,,0,0,5,85,0.004508191,0.586866763,-2.157155092,1.839657483,0.027542777,-0.077109848,0.035253497,0,1,1,1 
HDVD_83,Heavy Duty Trucks_Diesel_Articulated 34 - 40 t_Euro V,EGR,,0,0.5,5,85,0.001385208,0.240423073,-2.074683815,1.908585524,0.010352492,-0.07531408,3.73E-15,0,1,1,1 
HDVD_83,Heavy Duty Trucks_Diesel_Articulated 34 - 40 t_Euro V,EGR,,0,1,5,85,0.003079329,0.477954737,-2.649757479,2.175756073,0.020549581,-0.090130749,-1.29E-14,0,1,1,1 
HDVD_83,Heavy Duty Trucks_Diesel_Articulated 34 - 40 t_Euro V,EGR,,0.02,0,5,85,0.007255903,0.595788685,-2.136153862,1.656017995,0.0254489,-0.065812946,0.015977313,0,1,1,1 
HDVD_83,Heavy Duty Trucks_Diesel_Articulated 34 - 40 t_Euro V,EGR,,0.02,0.5,5,85,0.003285972,0.294049198,-2.61204681,2.31403671,0.011634869,-0.084435121,2.11E-13,0,1,1,1 
HDVD_83,Heavy Duty Trucks_Diesel_Articulated 34 - 40 t_Euro V,EGR,,0.02,1,5,80,0.0019454,0.299126417,-1.761762631,1.4836013,0.010211379,-0.047900758,-1.18E-11,0,1,1,1 
HDVD_83,Heavy Duty Trucks_Diesel_Articulated 34 - 40 t_Euro V,EGR,,0.04,0,5,85,0.019784345,1.33311092,-1.743054324,0.398164972,0.051738795,-0.015374602,-8.22E-05,0,1,1,1 
HDVD_83,Heavy Duty Trucks_Diesel_Articulated 34 - 40 t_Euro V,EGR,,0.04,0.5,5,75,-0.000511566,0.03270621,2.37511647,-2.257744085,-0.000328629,0.081517406,0.002490052,0,1,1,1 
HDVD_83,Heavy Duty Trucks_Diesel_Articulated 34 - 40 t_Euro V,EGR,,0.04,1,5,55,0.003019685,0.619669061,-2.191982157,1.405583822,0.018494922,-0.048952528,1.24E-12,0,1,1,1 
HDVD_83,Heavy Duty Trucks_Diesel_Articulated 34 - 40 t_Euro V,EGR,,0.06,0,5,85,-0.000962602,0.064747553,3.815314009,-3.538755892,-0.000867165,0.141057679,0.016768491,0,1,1,1 
HDVD_83,Heavy Duty Trucks_Diesel_Articulated 34 - 40 t_Euro V,EGR,,0.06,0.5,5,55,0.003233843,0.642549975,-2.27690938,1.537104876,0.018763086,-0.048353171,4.75E-14,0,1,1,1 
HDVD_83,Heavy Duty Trucks_Diesel_Articulated 34 - 40 t_Euro V,EGR,,0.06,1,5,40,0.00308125,0.719035714,-2.300974261,0.930242703,0.020812617,-0.056194063,2.13E-13,0,1,1,1 
HDVD_84,Heavy Duty Trucks_Diesel_Articulated 34 - 40 t_Euro VI,,,-0.06,0,5,70,-0.005067954,0.398650953,-2.127795417,2.250925899,0.108937819,-0.468773008,2.34E-12,0,1,1,1 
HDVD_84,Heavy Duty Trucks_Diesel_Articulated 34 - 40 t_Euro VI,,,-0.06,0.5,5,70,-0.003256517,0.251290469,-1.370395566,1.504049402,0.074798058,-0.325435217,6.94E-11,0,1,1,1 
HDVD_84,Heavy Duty Trucks_Diesel_Articulated 34 - 40 t_Euro VI,,,-0.06,1,5,75,-0.007153423,0.576939016,-2.44579681,3.305431928,0.232509604,-1.167068407,2.16747846,0,1,1,1 
HDVD_84,Heavy Duty Trucks_Diesel_Articulated 34 - 40 t_Euro VI,,,-0.04,0,5,85,-0.005181,0.524871969,-2.03664662,2.478017278,0.131823017,-0.498951457,0.795878927,0,1,1,1 
HDVD_84,Heavy Duty Trucks_Diesel_Articulated 34 - 40 t_Euro VI,,,-0.04,0.5,5,85,-0.002365128,0.232862865,-1.295459705,1.43957692,0.057590177,-0.250816253,-3.69E-13,0,1,1,1 
HDVD_84,Heavy Duty Trucks_Diesel_Articulated 34 - 40 t_Euro VI,,,-0.04,1,5,85,-0.002355989,0.22174152,-1.235401027,1.381421875,0.056573225,-0.246807397,2.27E-13,0,1,1,1 
HDVD_84,Heavy Duty Trucks_Diesel_Articulated 34 - 40 t_Euro VI,,,-0.02,0,5,85,-0.000403941,0.266459436,-1.452178118,1.267980884,0.059624468,-0.262308711,-1.20E-13,0,1,1,1 
HDVD_84,Heavy Duty Trucks_Diesel_Articulated 34 - 40 t_Euro VI,,,-0.02,0.5,5,85,-0.003960966,0.45883361,-1.894266624,-0.036864748,0.069376296,0.048984607,-1.516851799,0,1,1,1 
HDVD_84,Heavy Duty Trucks_Diesel_Articulated 34 - 40 t_Euro VI,,,-0.02,1,5,85,-0.000450181,0.012452691,3.045856063,-4.064878349,0.003496821,0.664180147,0.117461503,0,1,1,1 
HDVD_84,Heavy Duty Trucks_Diesel_Articulated 34 - 40 t_Euro VI,,,0,0,5,85,-0.000145508,-0.011632079,2.213169193,-0.093324502,-0.004142163,0.355363794,0.904221726,0,1,1,1 
HDVD_84,Heavy Duty Trucks_Diesel_Articulated 34 - 40 t_Euro VI,,,0,0.5,5,85,0.005353366,0.433649726,-2.394114345,1.739640207,0.095804487,-0.418915956,-1.79E-12,0,1,1,1 
HDVD_84,Heavy Duty Trucks_Diesel_Articulated 34 - 40 t_Euro VI,,,0,1,5,85,-0.000154191,-0.009225627,2.015633242,-0.709707407,-0.004266882,0.36908363,0.349225995,0,1,1,1 
HDVD_84,Heavy Duty Trucks_Diesel_Articulated 34 - 40 t_Euro VI,,,0.02,0,5,85,-0.000649138,0.063045472,2.891021298,-1.403842238,-0.001915909,0.562995002,0.33698775,0,1,1,1 
HDVD_84,Heavy Duty Trucks_Diesel_Articulated 34 - 40 t_Euro VI,,,0.02,0.5,5,85,-0.000698498,0.126275498,3.530226381,-2.577909385,0.006666932,0.68433479,9.61E-09,0,1,1,1 
HDVD_84,Heavy Duty Trucks_Diesel_Articulated 34 - 40 t_Euro VI,,,0.02,1,5,80,1.43E-05,-0.011910993,1.5014835,1.350086945,-0.001718025,0.193403729,0.67140344,0,1,1,1 
HDVD_84,Heavy Duty Trucks_Diesel_Articulated 34 - 40 t_Euro VI,,,0.04,0,5,85,-0.001026599,0.118721532,2.401848072,-1.763995003,0.004116337,0.477767475,0.039425997,0,1,1,1 
HDVD_84,Heavy Duty Trucks_Diesel_Articulated 34 - 40 t_Euro VI,,,0.04,0.5,5,75,0.002665332,0.462636582,-2.682208973,1.871013103,0.069656452,-0.336455071,-6.76E-11,0,1,1,1 
HDVD_84,Heavy Duty Trucks_Diesel_Articulated 34 - 40 t_Euro VI,,,0.04,1,5,55,0.011163448,0.665256729,-2.142701033,0.398972044,0.117169585,-0.340311542,1.74E-09,0,1,1,1 
HDVD_84,Heavy Duty Trucks_Diesel_Articulated 34 - 40 t_Euro VI,,,0.06,0,5,85,5.47E-05,-0.01881476,1.328978781,0.796422786,-0.001465625,0.13010928,0.628537797,0,1,1,1 
HDVD_84,Heavy Duty Trucks_Diesel_Articulated 34 - 40 t_Euro VI,,,0.06,0.5,5,55,0.008262517,0.614032554,-2.027390015,0.651331518,0.098903262,-0.281392849,-1.02E-09,0,1,1,1 
HDVD_84,Heavy Duty Trucks_Diesel_Articulated 34 - 40 t_Euro VI,,,0.06,1,5,40,0.005211094,0.262230238,-1.588265409,1.945051632,0.042740568,-0.235733191,0.281333085,0,1,1,1 
HDVD_85,Heavy Duty Trucks_Diesel_Articulated 40 - 50 t_Conventional,,,-0.06,0,12,86,1.56E-05,-0.004804927,0.428456891,3.115383454,4.07E-05,0.005777307,0.064513815,0,1,1,1 
HDVD_85,Heavy Duty Trucks_Diesel_Articulated 40 - 50 t_Conventional,,,-0.06,0.5,12,86,3.04E-06,-0.001492332,1.652536805,-6.293983759,0.000800583,0.006250954,0.062170552,0,1,1,1 
HDVD_85,Heavy Duty Trucks_Diesel_Articulated 40 - 50 t_Conventional,,,-0.06,1,12,86,3.92E-06,-0.001884291,1.7813689,-6.981034799,0.000830033,0.006369303,0.070054266,0,1,1,1 
HDVD_85,Heavy Duty Trucks_Diesel_Articulated 40 - 50 t_Conventional,,,-0.04,0,12,86,1.90E-05,-0.006069374,0.570315687,3.864948893,3.51E-05,0.006363106,0.069680542,0,1,1,1 
HDVD_85,Heavy Duty Trucks_Diesel_Articulated 40 - 50 t_Conventional,,,-0.04,0.5,12,86,-0.000408491,0.028565149,5.33599084,-3.290435918,0.002252578,0.01474154,0.511764724,0,1,1,1 
HDVD_85,Heavy Duty Trucks_Diesel_Articulated 40 - 50 t_Conventional,,,-0.04,1,12,86,4.03E-05,-0.020789552,2.612195462,-1.587687331,0.000411602,0.012245643,0.198367774,0,1,1,1 
HDVD_85,Heavy Duty Trucks_Diesel_Articulated 40 - 50 t_Conventional,,,-0.02,0,12,86,0.000225795,-0.010654824,1.10884647,5.25890001,0.000186978,0.006999762,0.122418378,0,1,1,1 
HDVD_85,Heavy Duty Trucks_Diesel_Articulated 40 - 50 t_Conventional,,,-0.02,0.5,12,86,0.000218511,-0.021217994,1.638604513,3.871543733,0.000162103,0.005624159,0.19083012,0,1,1,1 
HDVD_85,Heavy Duty Trucks_Diesel_Articulated 40 - 50 t_Conventional,,,-0.02,1,12,86,3.59E-05,0.023051829,-0.559914381,12.8280576,0.000440453,-0.014201292,0.225440309,0,1,1,1 
HDVD_85,Heavy Duty Trucks_Diesel_Articulated 40 - 50 t_Conventional,,,0,0,12,86,0.000759833,-0.001367265,2.448887583,12.00424065,0.000384908,0.018340286,0.228574225,0,1,1,1 
HDVD_85,Heavy Duty Trucks_Diesel_Articulated 40 - 50 t_Conventional,,,0,0.5,12,86,0.001614056,-0.059716887,2.858616164,8.600891145,0.000606734,-0.007385076,0.438269479,0,1,1,1 
HDVD_85,Heavy Duty Trucks_Diesel_Articulated 40 - 50 t_Conventional,,,0,1,12,86,0.001520323,-0.07908811,2.144145171,7.590970668,0.00049724,-0.018308972,0.415779189,0,1,1,1 
HDVD_85,Heavy Duty Trucks_Diesel_Articulated 40 - 50 t_Conventional,,,0.02,0,12,86,0.001474274,-0.006594543,3.580802413,18.12264001,0.000600935,0.019402436,0.380211533,0,1,1,1 
HDVD_85,Heavy Duty Trucks_Diesel_Articulated 40 - 50 t_Conventional,,,0.02,0.5,12,83,0.000977729,0.031013312,-0.915675053,12.07819881,0.000680382,-0.017030142,0.184416133,0,1,1,1 
HDVD_85,Heavy Duty Trucks_Diesel_Articulated 40 - 50 t_Conventional,,,0.02,1,12,66,0.000881948,-0.085904002,5.829435748,2.078914196,0.000234109,-0.001473056,0.573552438,0,1,1,1 
HDVD_85,Heavy Duty Trucks_Diesel_Articulated 40 - 50 t_Conventional,,,0.04,0,12,86,0.001030893,0.445317351,3.645055109,-13.5473133,0.002173237,0.095817523,-0.450908581,0,1,1,1 
HDVD_85,Heavy Duty Trucks_Diesel_Articulated 40 - 50 t_Conventional,,,0.04,0.5,12,60,0.000184159,-0.017626867,2.958523186,2.835289617,1.41E-05,0.007932335,0.264021368,0,1,1,1 
HDVD_85,Heavy Duty Trucks_Diesel_Articulated 40 - 50 t_Conventional,,,0.04,1,12,43,-0.008320463,1.474557094,-3.388150747,-13.59901201,0.002794397,0.108075626,-0.521728761,0,1,1,1 
HDVD_85,Heavy Duty Trucks_Diesel_Articulated 40 - 50 t_Conventional,,,0.06,0,12,77,1.91E-05,0.007864584,0.940628664,5.726336808,-2.88E-05,0.009333007,0.077309129,0,1,1,1 
HDVD_85,Heavy Duty Trucks_Diesel_Articulated 40 - 50 t_Conventional,,,0.06,0.5,12,45,-0.000117831,0.239050095,5.68952098,6.650831388,0.00041247,0.045958776,0.381480009,0,1,1,1 
HDVD_85,Heavy Duty Trucks_Diesel_Articulated 40 - 50 t_Conventional,,,0.06,1,11,31,-0.002788102,0.041725252,3.45687584,-7.620756663,-0.000517654,0.022781962,0.049048361,0,1,1,1 
HDVD_86,Heavy Duty Trucks_Diesel_Articulated 40 - 50 t_Euro I,,,-0.06,0,12,86,4.56E-05,-0.011786779,1.012754704,3.134975773,0.000151121,0.015958926,0.136246957,0,1,1,1 
HDVD_86,Heavy Duty Trucks_Diesel_Articulated 40 - 50 t_Euro I,,,-0.06,0.5,12,86,8.32E-06,-0.003342356,1.824161407,-7.345592673,0.001152442,0.00760179,0.107021423,0,1,1,1 
HDVD_86,Heavy Duty Trucks_Diesel_Articulated 40 - 50 t_Euro I,,,-0.06,1,12,86,8.94E-06,-0.00366028,1.902053322,-7.915825996,0.001128945,0.007339374,0.114106264,0,1,1,1 
HDVD_86,Heavy Duty Trucks_Diesel_Articulated 40 - 50 t_Euro I,,,-0.04,0,12,86,1.51E-05,-0.004626349,0.414474381,2.477040883,3.07E-05,0.005801397,0.069826413,0,1,1,1 
HDVD_86,Heavy Duty Trucks_Diesel_Articulated 40 - 50 t_Euro I,,,-0.04,0.5,12,86,-0.000137128,0.001798386,2.768562031,-0.840462074,0.001249688,0.007048075,0.433192625,0,1,1,1 
HDVD_86,Heavy Duty Trucks_Diesel_Articulated 40 - 50 t_Euro I,,,-0.04,1,12,86,-0.000280679,0.013296518,2.954883659,-0.41824726,0.00135667,0.002953599,0.491004651,0,1,1,1 
HDVD_86,Heavy Duty Trucks_Diesel_Articulated 40 - 50 t_Euro I,,,-0.02,0,12,86,0.000643255,-0.028678859,3.008078845,13.8951948,0.000663341,0.023760479,0.464959667,0,1,1,1 
HDVD_86,Heavy Duty Trucks_Diesel_Articulated 40 - 50 t_Euro I,,,-0.02,0.5,12,86,5.60E-05,0.009869407,-0.308066378,6.540664529,0.000310638,-0.010644841,0.160755586,0,1,1,1 
HDVD_86,Heavy Duty Trucks_Diesel_Articulated 40 - 50 t_Euro I,,,-0.02,1,12,86,-0.000670221,0.726150579,-10.53315801,230.0978456,0.012582888,-0.321107469,5.274860641,0,1,1,1 
HDVD_86,Heavy Duty Trucks_Diesel_Articulated 40 - 50 t_Euro I,,,0,0,12,86,3.33E-05,0.006848645,1.149117872,7.545548756,-5.36E-05,0.020104001,0.117964893,0,1,1,1 
HDVD_86,Heavy Duty Trucks_Diesel_Articulated 40 - 50 t_Euro I,,,0,0.5,12,86,0.002787878,-0.130906092,3.856367664,11.45405724,0.001182959,-0.038340167,0.962337366,0,1,1,1 
HDVD_86,Heavy Duty Trucks_Diesel_Articulated 40 - 50 t_Euro I,,,0,1,12,86,0.001390832,-0.080373285,1.46263416,8.198020436,0.000494195,-0.02553885,0.454798164,0,1,1,1 
HDVD_86,Heavy Duty Trucks_Diesel_Articulated 40 - 50 t_Euro I,,,0.02,0,12,86,0.000868166,-0.01508536,1.438068657,8.002710231,0.000428501,0.002953785,0.26813296,0,1,1,1 
HDVD_86,Heavy Duty Trucks_Diesel_Articulated 40 - 50 t_Euro I,,,0.02,0.5,12,84,0.003738405,-0.194697398,5.686036412,11.29630073,0.001149574,-0.044807028,1.140962942,0,1,1,1 
HDVD_86,Heavy Duty Trucks_Diesel_Articulated 40 - 50 t_Euro I,,,0.02,1,12,68,0.002123946,-0.135586345,4.905027457,3.557917752,0.000504399,-0.020927457,0.682310381,0,1,1,1 
HDVD_86,Heavy Duty Trucks_Diesel_Articulated 40 - 50 t_Euro I,,,0.04,0,12,86,7.65E-05,0.011371932,1.199824809,14.28077685,-5.86E-05,0.014867154,0.254547912,0,1,1,1 
HDVD_86,Heavy Duty Trucks_Diesel_Articulated 40 - 50 t_Euro I,,,0.04,0.5,12,61,-0.003626514,0.418121341,11.81823034,4.749469949,0.000195809,0.082998695,1.248602164,0,1,1,1 
HDVD_86,Heavy Duty Trucks_Diesel_Articulated 40 - 50 t_Euro I,,,0.04,1,12,44,0.002173792,-0.356195961,15.01148154,4.283258268,-8.49E-06,-0.013850975,1.394205253,0,1,1,1 
HDVD_86,Heavy Duty Trucks_Diesel_Articulated 40 - 50 t_Euro I,,,0.06,0,12,78,0.00159643,0.34153456,2.489230381,-10.83365106,0.001111097,0.097055656,-0.381612779,0,1,1,1 
HDVD_86,Heavy Duty Trucks_Diesel_Articulated 40 - 50 t_Euro I,,,0.06,0.5,12,45,0.001152801,-0.200200739,6.93405239,3.22744102,-0.00011394,-0.009445017,0.726638325,0,1,1,1 
HDVD_86,Heavy Duty Trucks_Diesel_Articulated 40 - 50 t_Euro I,,,0.06,1,11,32,0.002280625,-0.0838443,5.549745547,0.855005304,0.000639946,-0.01109071,0.490662668,0,1,1,1 
HDVD_87,Heavy Duty Trucks_Diesel_Articulated 40 - 50 t_Euro II,,,-0.06,0,12,86,3.69E-05,-0.012867391,2.665016567,1.26702349,0.001569612,0.039506791,0.479215092,0,1,1,1 
HDVD_87,Heavy Duty Trucks_Diesel_Articulated 40 - 50 t_Euro II,,,-0.06,0.5,12,86,7.38E-06,-0.003041102,1.312666967,-5.838111707,0.001032754,0.006054585,0.124275585,0,1,1,1 
HDVD_87,Heavy Duty Trucks_Diesel_Articulated 40 - 50 t_Euro II,,,-0.06,1,12,86,9.86E-06,-0.004041346,1.532299859,-7.10164806,0.001079012,0.005652498,0.144511878,0,1,1,1 
HDVD_87,Heavy Duty Trucks_Diesel_Articulated 40 - 50 t_Euro II,,,-0.04,0,12,86,5.15E-05,-0.013327762,1.309391988,2.174999365,0.000176143,0.024046241,0.1845309,0,1,1,1 
HDVD_87,Heavy Duty Trucks_Diesel_Articulated 40 - 50 t_Euro II,,,-0.04,0.5,12,86,1.33E-05,-0.00628817,2.149124892,-11.18811748,0.001144184,0.004119955,0.207618264,0,1,1,1 
HDVD_87,Heavy Duty Trucks_Diesel_Articulated 40 - 50 t_Euro II,,,-0.04,1,12,86,8.09E-06,-0.003560083,0.974868988,-5.315510119,0.000430737,0.000785376,0.087304884,0,1,1,1 
HDVD_87,Heavy Duty Trucks_Diesel_Articulated 40 - 50 t_Euro II,,,-0.02,0,12,86,0.000152362,-0.006206399,0.73252169,3.029570788,0.000215283,0.008696786,0.161517672,0,1,1,1 
HDVD_87,Heavy Duty Trucks_Diesel_Articulated 40 - 50 t_Euro II,,,-0.02,0.5,12,86,0.000657818,-0.051271432,2.007849664,4.827722247,0.000690795,-0.022893645,0.748853361,0,1,1,1 
HDVD_87,Heavy Duty Trucks_Diesel_Articulated 40 - 50 t_Euro II,,,-0.02,1,12,86,0.001531325,-0.118837735,3.660907055,13.92159436,0.001362231,-0.061329611,1.439172275,0,1,1,1 
HDVD_87,Heavy Duty Trucks_Diesel_Articulated 40 - 50 t_Euro II,,,0,0,12,86,0.00183994,-0.029982105,3.0600415,14.74776627,0.001355281,0.010034771,0.869082146,0,1,1,1 
HDVD_87,Heavy Duty Trucks_Diesel_Articulated 40 - 50 t_Euro II,,,0,0.5,12,86,0.003608885,-0.19840613,3.321631062,17.81657027,0.001851469,-0.094780713,1.614843703,0,1,1,1 
HDVD_87,Heavy Duty Trucks_Diesel_Articulated 40 - 50 t_Euro II,,,0,1,12,86,0.001321,-0.075731525,1.158292128,8.226825494,0.000566179,-0.031043403,0.518819886,0,1,1,1 
HDVD_87,Heavy Duty Trucks_Diesel_Articulated 40 - 50 t_Euro II,,,0.02,0,12,86,6.97E-05,0.014249237,1.233203604,7.458942541,-8.37E-05,0.022658667,0.248176961,0,1,1,1 
HDVD_87,Heavy Duty Trucks_Diesel_Articulated 40 - 50 t_Euro II,,,0.02,0.5,12,86,0.00195284,-0.125287574,4.8699525,5.532504864,0.000769969,-0.032155451,1.120083092,0,1,1,1 
HDVD_87,Heavy Duty Trucks_Diesel_Articulated 40 - 50 t_Euro II,,,0.02,1,12,72,0.001411805,-0.074302488,3.743631169,5.147438435,0.000816678,-0.028572869,0.804966056,0,1,1,1 
HDVD_87,Heavy Duty Trucks_Diesel_Articulated 40 - 50 t_Euro II,,,0.04,0,12,86,9.74E-05,0.058272888,2.791374589,12.5998065,0.000156183,0.031638534,0.630278954,0,1,1,1 
HDVD_87,Heavy Duty Trucks_Diesel_Articulated 40 - 50 t_Euro II,,,0.04,0.5,12,63,0.001935848,-0.181517032,8.1381137,2.967459324,0.000632265,-0.029681246,1.431556064,0,1,1,1 
HDVD_87,Heavy Duty Trucks_Diesel_Articulated 40 - 50 t_Euro II,,,0.04,1,12,46,0.003389638,-0.30260289,11.695211,3.030976994,0.000836775,-0.033873003,1.534956451,0,1,1,1 
HDVD_87,Heavy Duty Trucks_Diesel_Articulated 40 - 50 t_Euro II,,,0.06,0,12,81,-0.001464981,0.4378004,4.427712342,0.16649012,0.001310275,0.107140118,0.442342792,0,1,1,1 
HDVD_87,Heavy Duty Trucks_Diesel_Articulated 40 - 50 t_Euro II,,,0.06,0.5,12,48,0.00139646,-0.176631884,7.132349532,-0.223531661,4.87E-05,-0.007637482,0.895427122,0,1,1,1 
HDVD_87,Heavy Duty Trucks_Diesel_Articulated 40 - 50 t_Euro II,,,0.06,1,11,34,0.001433438,-0.141135802,4.230692033,-0.282549277,6.00E-05,-0.005490758,0.380182597,0,1,1,1 
HDVD_88,Heavy Duty Trucks_Diesel_Articulated 40 - 50 t_Euro III,,,-0.06,0,12,86,2.62E-05,-0.00858502,0.841566889,5.080919031,4.08E-05,0.01256896,0.144233705,0,1,1,1 
HDVD_88,Heavy Duty Trucks_Diesel_Articulated 40 - 50 t_Euro III,,,-0.06,0.5,12,86,-1.22E-05,0.004283577,1.597753022,-6.286353887,0.000799095,0.010593269,0.065575309,0,1,1,1 
HDVD_88,Heavy Duty Trucks_Diesel_Articulated 40 - 50 t_Euro III,,,-0.06,1,12,86,-9.24E-06,0.002731392,1.55266723,-6.506753035,0.000731628,0.008681078,0.07499145,0,1,1,1 
HDVD_88,Heavy Duty Trucks_Diesel_Articulated 40 - 50 t_Euro III,,,-0.04,0,12,86,1.73E-05,-0.005718023,0.571630702,3.287963836,1.21E-05,0.007182592,0.086274718,0,1,1,1 
HDVD_88,Heavy Duty Trucks_Diesel_Articulated 40 - 50 t_Euro III,,,-0.04,0.5,12,86,0.000149255,-0.02449471,1.763598724,2.597982503,0.000209842,0.007846136,0.27637466,0,1,1,1 
HDVD_88,Heavy Duty Trucks_Diesel_Articulated 40 - 50 t_Euro III,,,-0.04,1,12,86,0.000224437,-0.03562991,2.226257544,3.14442872,0.000258516,0.004226258,0.379965196,0,1,1,1 
HDVD_88,Heavy Duty Trucks_Diesel_Articulated 40 - 50 t_Euro III,,,-0.02,0,12,86,0.000351987,-0.012078626,1.20564797,5.870164108,0.000280382,0.006701796,0.194892662,0,1,1,1 
HDVD_88,Heavy Duty Trucks_Diesel_Articulated 40 - 50 t_Euro III,,,-0.02,0.5,12,86,0.000126123,0.003662397,-0.110235076,6.955220682,0.00029604,-0.010193388,0.186517302,0,1,1,1 
HDVD_88,Heavy Duty Trucks_Diesel_Articulated 40 - 50 t_Euro III,,,-0.02,1,12,86,0.00013991,-0.000152199,0.327085768,6.761260774,0.000296449,-0.008047573,0.219830088,0,1,1,1 
HDVD_88,Heavy Duty Trucks_Diesel_Articulated 40 - 50 t_Euro III,,,0,0,12,86,0.000545944,-0.013361755,1.588880252,6.310037271,0.000333751,0.007353904,0.245979595,0,1,1,1 
HDVD_88,Heavy Duty Trucks_Diesel_Articulated 40 - 50 t_Euro III,,,0,0.5,12,86,0.001292811,-0.062367367,1.597695272,6.299728196,0.000582462,-0.020576044,0.447660254,0,1,1,1 
HDVD_88,Heavy Duty Trucks_Diesel_Articulated 40 - 50 t_Euro III,,,0,1,12,86,0.001146491,-0.063098708,1.198131754,6.689071042,0.000443959,-0.021104612,0.378198797,0,1,1,1 
HDVD_88,Heavy Duty Trucks_Diesel_Articulated 40 - 50 t_Euro III,,,0.02,0,12,86,0.000560026,-0.005071716,1.313620343,5.581096422,0.000289784,0.00745716,0.204655171,0,1,1,1 
HDVD_88,Heavy Duty Trucks_Diesel_Articulated 40 - 50 t_Euro III,,,0.02,0.5,12,86,0.002481096,0.033664869,-1.115851453,28.79884127,0.001876152,-0.050150693,0.673807544,0,1,1,1 
HDVD_88,Heavy Duty Trucks_Diesel_Articulated 40 - 50 t_Euro III,,,0.02,1,12,74,0.001303021,-0.1049658,4.461168593,4.246476056,0.000460416,-0.016933036,0.684069905,0,1,1,1 
HDVD_88,Heavy Duty Trucks_Diesel_Articulated 40 - 50 t_Euro III,,,0.04,0,12,86,0.00043803,0.132507446,1.639410775,-11.13928016,0.000744111,0.049599091,-0.277700726,0,1,1,1 
HDVD_88,Heavy Duty Trucks_Diesel_Articulated 40 - 50 t_Euro III,,,0.04,0.5,12,65,0.000603645,-0.068138551,4.670777367,1.75314124,0.000202136,-0.000680823,0.628856152,0,1,1,1 
HDVD_88,Heavy Duty Trucks_Diesel_Articulated 40 - 50 t_Euro III,,,0.04,1,12,47,0.002053794,-0.257239755,9.796958073,-0.010702968,6.18E-06,-0.00256333,0.95188089,0,1,1,1 
HDVD_88,Heavy Duty Trucks_Diesel_Articulated 40 - 50 t_Euro III,,,0.06,0,12,82,-5.00E-05,0.065590647,2.48947689,5.491471632,0.000273559,0.030485358,0.26443629,0,1,1,1 
HDVD_88,Heavy Duty Trucks_Diesel_Articulated 40 - 50 t_Euro III,,,0.06,0.5,12,48,-0.016859355,1.794274716,-1.640608381,-11.54250976,0.002965177,0.22051706,-0.61875745,0,1,1,1 
HDVD_88,Heavy Duty Trucks_Diesel_Articulated 40 - 50 t_Euro III,,,0.06,1,11,34,0.001771039,-0.149324487,3.813122746,-1.311509348,0.000110154,-0.008202998,0.345392086,0,1,1,1 
HDVD_89,Heavy Duty Trucks_Diesel_Articulated 40 - 50 t_Euro IV,,,-0.06,0,12,86,4.59E-05,-0.008924139,0.413827284,6.765484306,0.000572583,0.008665114,0.408635579,0,1,1,1 
HDVD_89,Heavy Duty Trucks_Diesel_Articulated 40 - 50 t_Euro IV,,,-0.06,0.5,12,86,-0.000295327,-0.00279894,2.482921319,2.45280227,0.008979314,-0.078064777,1.5906946,0,1,1,1 
HDVD_89,Heavy Duty Trucks_Diesel_Articulated 40 - 50 t_Euro IV,,,-0.06,1,12,86,6.98E-05,-0.014389413,1.027339254,-3.72290042,0.002507369,-0.025870804,0.391553003,0,1,1,1 
HDVD_89,Heavy Duty Trucks_Diesel_Articulated 40 - 50 t_Euro IV,,,-0.04,0,12,86,3.41E-05,-0.008369624,0.55130805,4.945544989,0.000277201,0.015980442,0.263776401,0,1,1,1 
HDVD_89,Heavy Duty Trucks_Diesel_Articulated 40 - 50 t_Euro IV,,,-0.04,0.5,12,86,-0.000692293,0.022361024,3.546618297,-3.419639239,0.005668949,0.049094377,0.735379031,0,1,1,1 
HDVD_89,Heavy Duty Trucks_Diesel_Articulated 40 - 50 t_Euro IV,,,-0.04,1,12,86,-0.000718296,0.022635427,3.739658175,-3.021787351,0.005972669,0.045285309,0.902305507,0,1,1,1 
HDVD_89,Heavy Duty Trucks_Diesel_Articulated 40 - 50 t_Euro IV,,,-0.02,0,12,86,7.79E-07,-0.000708139,0.100572333,4.081102372,-3.08E-05,0.005912675,0.131838253,0,1,1,1 
HDVD_89,Heavy Duty Trucks_Diesel_Articulated 40 - 50 t_Euro IV,,,-0.02,0.5,12,86,-0.000247323,0.019650161,1.454072676,1.269840496,0.00087536,0.04867637,0.137804831,0,1,1,1 
HDVD_89,Heavy Duty Trucks_Diesel_Articulated 40 - 50 t_Euro IV,,,-0.02,1,12,86,-0.000347917,0.02195456,1.864806033,1.986760118,0.000853172,0.056919784,0.25807795,0,1,1,1 
HDVD_89,Heavy Duty Trucks_Diesel_Articulated 40 - 50 t_Euro IV,,,0,0,12,86,0.000337074,0.117225658,2.04458056,-5.593616962,0.001782781,0.118888913,-0.547629955,0,1,1,1 
HDVD_89,Heavy Duty Trucks_Diesel_Articulated 40 - 50 t_Euro IV,,,0,0.5,12,86,0.000253844,0.090411916,1.469752452,-6.041281892,0.001184181,0.078675507,-0.357451197,0,1,1,1 
HDVD_89,Heavy Duty Trucks_Diesel_Articulated 40 - 50 t_Euro IV,,,0,1,12,86,0.000198916,0.081718471,0.709774673,-11.70338861,0.000988358,0.050416886,-0.49023581,0,1,1,1 
HDVD_89,Heavy Duty Trucks_Diesel_Articulated 40 - 50 t_Euro IV,,,0.02,0,12,86,-1.19E-05,0.015196155,0.524880823,3.702714081,-1.11E-05,0.021207344,0.084542587,0,1,1,1 
HDVD_89,Heavy Duty Trucks_Diesel_Articulated 40 - 50 t_Euro IV,,,0.02,0.5,12,86,0.000955558,0.27189622,1.20879166,-8.461143766,0.002140577,0.125516532,-0.638552493,0,1,1,1 
HDVD_89,Heavy Duty Trucks_Diesel_Articulated 40 - 50 t_Euro IV,,,0.02,1,12,74,-0.000238724,0.202337537,5.866163118,7.531634533,0.000716233,0.10462196,1.115917547,0,1,1,1 
HDVD_89,Heavy Duty Trucks_Diesel_Articulated 40 - 50 t_Euro IV,,,0.04,0,12,86,0.001908664,0.452759177,0.976025976,7.334400728,0.003780329,0.206239155,-0.853264185,0,1,1,1 
HDVD_89,Heavy Duty Trucks_Diesel_Articulated 40 - 50 t_Euro IV,,,0.04,0.5,12,67,0.001914666,0.267484835,-0.473177816,5.398562378,0.001662757,0.084186111,-0.366393354,0,1,1,1 
HDVD_89,Heavy Duty Trucks_Diesel_Articulated 40 - 50 t_Euro IV,,,0.04,1,12,49,-0.002614579,0.148087769,-0.193698329,-13.89187812,-0.000947238,0.062445415,-0.602182268,0,1,1,1 
HDVD_89,Heavy Duty Trucks_Diesel_Articulated 40 - 50 t_Euro IV,,,0.06,0,12,84,0.002241326,0.552645516,3.566745642,5.676795651,0.003257563,0.265797516,-0.62784213,0,1,1,1 
HDVD_89,Heavy Duty Trucks_Diesel_Articulated 40 - 50 t_Euro IV,,,0.06,0.5,12,50,0.000450051,-0.042908945,0.79851794,13.6611066,0.000200697,-0.020651704,0.553162645,0,1,1,1 
HDVD_89,Heavy Duty Trucks_Diesel_Articulated 40 - 50 t_Euro IV,,,0.06,1,11,36,-0.003713373,0.140745025,1.677487374,-9.778312856,-0.000948748,0.053932158,-0.160796684,0,1,1,1 
HDVD_89,Heavy Duty Trucks_Diesel_Articulated 40 - 50 t_Euro IV,,,-0.06,0,12,86,4.59E-05,-0.008924139,0.413827284,6.765484306,0.000572583,0.008665114,0.408635579,0,1,1,1 
HDVD_89,Heavy Duty Trucks_Diesel_Articulated 40 - 50 t_Euro IV,,,-0.06,0.5,12,86,-0.000295327,-0.00279894,2.482921319,2.45280227,0.008979314,-0.078064777,1.5906946,0,1,1,1 
HDVD_89,Heavy Duty Trucks_Diesel_Articulated 40 - 50 t_Euro IV,,,-0.06,1,12,86,6.98E-05,-0.014389413,1.027339254,-3.72290042,0.002507369,-0.025870804,0.391553003,0,1,1,1 
HDVD_89,Heavy Duty Trucks_Diesel_Articulated 40 - 50 t_Euro IV,,,-0.04,0,12,86,3.41E-05,-0.008369624,0.55130805,4.945544989,0.000277201,0.015980442,0.263776401,0,1,1,1 
HDVD_89,Heavy Duty Trucks_Diesel_Articulated 40 - 50 t_Euro IV,,,-0.04,1,12,86,-0.000718296,0.022635427,3.739658175,-3.021787351,0.005972669,0.045285309,0.902305507,0,1,1,1 
HDVD_89,Heavy Duty Trucks_Diesel_Articulated 40 - 50 t_Euro IV,,,-0.02,0,12,86,7.79E-07,-0.000708139,0.100572333,4.081102372,-3.08E-05,0.005912675,0.131838253,0,1,1,1 
HDVD_89,Heavy Duty Trucks_Diesel_Articulated 40 - 50 t_Euro IV,,,-0.02,1,12,86,-0.000347917,0.02195456,1.864806033,1.986760118,0.000853172,0.056919784,0.25807795,0,1,1,1 
HDVD_89,Heavy Duty Trucks_Diesel_Articulated 40 - 50 t_Euro IV,,,0,0,12,86,0.000337074,0.117225658,2.04458056,-5.593616962,0.001782781,0.118888913,-0.547629955,0,1,1,1 
HDVD_89,Heavy Duty Trucks_Diesel_Articulated 40 - 50 t_Euro IV,,,0,1,12,86,0.000198916,0.081718471,0.709774673,-11.70338861,0.000988358,0.050416886,-0.49023581,0,1,1,1 
HDVD_89,Heavy Duty Trucks_Diesel_Articulated 40 - 50 t_Euro IV,,,0.02,0,12,86,-1.19E-05,0.015196155,0.524880823,3.702714081,-1.11E-05,0.021207344,0.084542587,0,1,1,1 
HDVD_89,Heavy Duty Trucks_Diesel_Articulated 40 - 50 t_Euro IV,,,0.02,1,12,74,-0.000238724,0.202337537,5.866163118,7.531634533,0.000716233,0.10462196,1.115917547,0,1,1,1 
HDVD_89,Heavy Duty Trucks_Diesel_Articulated 40 - 50 t_Euro IV,,,0.04,0,12,86,0.001908664,0.452759177,0.976025976,7.334400728,0.003780329,0.206239155,-0.853264185,0,1,1,1 
HDVD_89,Heavy Duty Trucks_Diesel_Articulated 40 - 50 t_Euro IV,,,0.04,1,12,49,-0.002614579,0.148087769,-0.193698329,-13.89187812,-0.000947238,0.062445415,-0.602182268,0,1,1,1 
HDVD_89,Heavy Duty Trucks_Diesel_Articulated 40 - 50 t_Euro IV,,,0.06,0,12,84,0.002241326,0.552645516,3.566745642,5.676795651,0.003257563,0.265797516,-0.62784213,0,1,1,1 
HDVD_89,Heavy Duty Trucks_Diesel_Articulated 40 - 50 t_Euro IV,,,0.06,0.5,12,50,0.000450051,-0.042908945,0.79851794,13.6611066,0.000200697,-0.020651704,0.553162645,0,1,1,1 
HDVD_89,Heavy Duty Trucks_Diesel_Articulated 40 - 50 t_Euro IV,,,0.06,1,11,36,-0.003713373,0.140745025,1.677487374,-9.778312856,-0.000948748,0.053932158,-0.160796684,0,1,1,1 
HDVD_90,Heavy Duty Trucks_Diesel_Articulated 40 - 50 t_Euro V,SCR,,-0.06,0,5,65,-0.003111175,0.230713841,-1.532129058,2.826696337,0.007164921,-0.053584145,0.106102353,0,1,1,1 
HDVD_90,Heavy Duty Trucks_Diesel_Articulated 40 - 50 t_Euro V,SCR,,-0.06,0.5,5,65,-0.002169825,0.157833031,-1.038051982,1.91210425,0.004896137,-0.036795722,0.073955617,0,1,1,1 
HDVD_90,Heavy Duty Trucks_Diesel_Articulated 40 - 50 t_Euro V,SCR,,-0.06,1,5,60,-0.008650431,0.565561885,-2.317481455,1.377537789,0.014615469,-0.055135302,3.73E-14,0,1,1,1 
HDVD_90,Heavy Duty Trucks_Diesel_Articulated 40 - 50 t_Euro V,SCR,,-0.04,0,5,75,-0.011449374,0.937992294,-3.762562437,1.756189091,0.023667701,-0.088599117,1.36E-13,0,1,1,1 
HDVD_90,Heavy Duty Trucks_Diesel_Articulated 40 - 50 t_Euro V,SCR,,-0.04,0.5,5,85,-0.002802229,0.264960168,-1.646622003,2.959466162,0.007226061,-0.050730064,0.101161312,0,1,1,1 
HDVD_90,Heavy Duty Trucks_Diesel_Articulated 40 - 50 t_Euro V,SCR,,-0.04,1,5,85,-0.002808113,0.28456135,-1.766182318,3.108975,0.007521785,-0.052870933,0.103948355,0,1,1,1 
HDVD_90,Heavy Duty Trucks_Diesel_Articulated 40 - 50 t_Euro V,SCR,,-0.02,0,5,85,-0.000617946,0.201678484,-1.225309677,2.031967291,0.005219335,-0.032838072,0.056350503,0,1,1,1 
HDVD_90,Heavy Duty Trucks_Diesel_Articulated 40 - 50 t_Euro V,SCR,,-0.02,0.5,5,85,-0.004949531,0.773547899,-2.078071951,-2.560782506,0.013693339,-0.00390922,-0.177556071,0,1,1,1 
HDVD_90,Heavy Duty Trucks_Diesel_Articulated 40 - 50 t_Euro V,SCR,,-0.02,1,5,85,-0.008020513,0.973999519,-2.209160314,-4.692987016,0.012890891,0.03455298,-0.314825469,0,1,1,1 
HDVD_90,Heavy Duty Trucks_Diesel_Articulated 40 - 50 t_Euro V,SCR,,0,0,5,85,0.007965003,0.360716483,-2.380590448,4.064529185,0.010823989,-0.066525812,0.112292573,0,1,1,1 
HDVD_90,Heavy Duty Trucks_Diesel_Articulated 40 - 50 t_Euro V,SCR,,0,0.5,5,85,0.033413431,1.668874778,-5.473583234,3.528078514,0.034172019,-0.082401797,0.014190619,0,1,1,1 
HDVD_90,Heavy Duty Trucks_Diesel_Articulated 40 - 50 t_Euro V,SCR,,0,1,5,85,0.004762417,0.309096963,-1.871123158,2.750587485,0.005022832,-0.020032509,0.008446407,0,1,1,1 
HDVD_90,Heavy Duty Trucks_Diesel_Articulated 40 - 50 t_Euro V,SCR,,0.02,0,5,85,0.005070187,0.103560384,6.524240827,0.665869255,0.001320194,0.122511559,0.117978232,0,1,1,1 
HDVD_90,Heavy Duty Trucks_Diesel_Articulated 40 - 50 t_Euro V,SCR,,0.02,0.5,5,85,-0.003191362,0.254765883,4.567083742,-1.744231178,-0.001019475,0.102395796,3.50E-12,0,1,1,1 
HDVD_90,Heavy Duty Trucks_Diesel_Articulated 40 - 50 t_Euro V,SCR,,0.02,1,5,75,-0.003014775,0.350857267,4.138328214,-1.556760578,-0.000121651,0.08971377,2.81E-15,0,1,1,1 
HDVD_90,Heavy Duty Trucks_Diesel_Articulated 40 - 50 t_Euro V,SCR,,0.04,0,5,85,0.021605787,-0.098092621,0.209489693,12.69154883,0.006153683,-0.05946177,0.410224075,0,1,1,1 
HDVD_90,Heavy Duty Trucks_Diesel_Articulated 40 - 50 t_Euro V,SCR,,0.04,0.5,5,65,-0.006594296,0.579176089,4.67324055,-0.862511284,-0.000357263,0.114724737,-7.38E-14,0,1,1,1 
HDVD_90,Heavy Duty Trucks_Diesel_Articulated 40 - 50 t_Euro V,SCR,,0.04,1,5,45,0.000411453,-0.029752127,0.597507985,6.52411882,7.18E-05,-0.004875411,0.142014942,0,1,1,1 
HDVD_90,Heavy Duty Trucks_Diesel_Articulated 40 - 50 t_Euro V,SCR,,0.06,0,5,85,0.000180178,-0.030273811,1.347941431,17.62516909,8.09E-05,-0.010801536,0.4783101,0,1,1,1 
HDVD_90,Heavy Duty Trucks_Diesel_Articulated 40 - 50 t_Euro V,SCR,,0.06,0.5,5,50,0.000333797,-0.026010969,0.593871097,5.762345152,6.49E-05,-0.004380969,0.133014042,0,1,1,1 
HDVD_90,Heavy Duty Trucks_Diesel_Articulated 40 - 50 t_Euro V,SCR,,0.06,1,5,35,0.000321847,-0.022666501,0.313619809,4.332594555,2.61E-05,-0.002769565,0.074351635,0,1,1,1 
HDVD_90,Heavy Duty Trucks_Diesel_Articulated 40 - 50 t_Euro V,EGR,,-0.06,0,5,80,-0.003149384,0.276082811,-1.269514338,1.993082942,0.018817999,-0.101469527,0.206265012,0,1,1,1 
HDVD_90,Heavy Duty Trucks_Diesel_Articulated 40 - 50 t_Euro V,EGR,,-0.06,0.5,5,70,-0.007806937,0.602095496,-2.911696286,2.15910943,0.034435224,-0.10935334,-0.162960551,0,1,1,1 
HDVD_90,Heavy Duty Trucks_Diesel_Articulated 40 - 50 t_Euro V,EGR,,-0.06,1,5,75,-0.004340432,0.353778256,-1.669875273,1.454500507,0.024150528,-0.096402813,2.44E-14,0,1,1,1 
HDVD_90,Heavy Duty Trucks_Diesel_Articulated 40 - 50 t_Euro V,EGR,,-0.04,0,5,85,-0.004945292,0.483192456,-1.950105542,2.766213786,0.02574842,-0.106568211,0.205745875,0,1,1,1 
HDVD_90,Heavy Duty Trucks_Diesel_Articulated 40 - 50 t_Euro V,EGR,,-0.04,0.5,5,85,-0.002867644,0.276717266,-1.496997348,1.541580527,0.014200957,-0.061629742,-3.88E-15,0,1,1,1 
HDVD_90,Heavy Duty Trucks_Diesel_Articulated 40 - 50 t_Euro V,EGR,,-0.04,1,5,85,-0.003495711,0.325919322,-1.791859453,1.904827817,0.01631948,-0.071438213,2.71E-11,0,1,1,1 
HDVD_90,Heavy Duty Trucks_Diesel_Articulated 40 - 50 t_Euro V,EGR,,-0.02,0,5,85,-0.002214534,0.444784699,-1.687618095,1.927443141,0.020430147,-0.065575241,0.077318496,0,1,1,1 
HDVD_90,Heavy Duty Trucks_Diesel_Articulated 40 - 50 t_Euro V,EGR,,-0.02,0.5,5,85,-0.004090847,0.580484269,-2.170629523,2.564609656,0.024996165,-0.077887026,0.111064898,0,1,1,1 
HDVD_90,Heavy Duty Trucks_Diesel_Articulated 40 - 50 t_Euro V,EGR,,-0.02,1,5,85,-0.004939724,0.647262643,-2.478012025,2.938620841,0.027171916,-0.08957195,0.13079039,0,1,1,1 
HDVD_90,Heavy Duty Trucks_Diesel_Articulated 40 - 50 t_Euro V,EGR,,0,0,5,85,0.002863138,0.354875504,-1.984441913,1.623076603,0.016247846,-0.071448779,-6.41E-13,0,1,1,1 
HDVD_90,Heavy Duty Trucks_Diesel_Articulated 40 - 50 t_Euro V,EGR,,0,0.5,5,85,0.004281,0.573811172,-2.272113067,2.284504527,0.024734488,-0.082188703,0.069494975,0,1,1,1 
HDVD_90,Heavy Duty Trucks_Diesel_Articulated 40 - 50 t_Euro V,EGR,,0,1,5,85,0.003141164,0.399844239,-1.73163373,2.098844391,0.017470268,-0.070936301,0.089749333,0,1,1,1 
HDVD_90,Heavy Duty Trucks_Diesel_Articulated 40 - 50 t_Euro V,EGR,,0.02,0,5,85,0.007834452,0.621554245,-2.302061065,1.916015652,0.025865428,-0.072391255,0.030465991,0,1,1,1 
HDVD_90,Heavy Duty Trucks_Diesel_Articulated 40 - 50 t_Euro V,EGR,,0.02,0.5,5,85,0.003812008,0.344224571,-1.950434222,1.589235568,0.012802511,-0.056372726,-1.05E-11,0,1,1,1 
HDVD_90,Heavy Duty Trucks_Diesel_Articulated 40 - 50 t_Euro V,EGR,,0.02,1,5,75,-0.000368233,0.016224346,3.462212538,-3.372568319,-0.000554328,0.110440016,-4.07E-12,0,1,1,1 
HDVD_90,Heavy Duty Trucks_Diesel_Articulated 40 - 50 t_Euro V,EGR,,0.04,0,5,85,-0.000350266,0.009620664,2.021930477,-1.870827874,-0.000782082,0.072793272,0.010826611,0,1,1,1 
HDVD_90,Heavy Duty Trucks_Diesel_Articulated 40 - 50 t_Euro V,EGR,,0.04,0.5,5,70,-0.000440899,0.039955719,2.117115024,-1.987327917,7.12E-05,0.068489965,-7.81E-13,0,1,1,1 
HDVD_90,Heavy Duty Trucks_Diesel_Articulated 40 - 50 t_Euro V,EGR,,0.04,1,5,45,0.003768905,0.863829286,-2.967484789,1.640194672,0.024599081,-0.066669243,-6.66E-14,0,1,1,1 
HDVD_90,Heavy Duty Trucks_Diesel_Articulated 40 - 50 t_Euro V,EGR,,0.06,0,5,85,-0.000946464,0.062144582,3.877339151,-3.650436879,-0.00083701,0.136149559,0.014012411,0,1,1,1 
HDVD_90,Heavy Duty Trucks_Diesel_Articulated 40 - 50 t_Euro V,EGR,,0.06,0.5,5,50,0.000165001,-0.048034177,2.041765479,2.317873564,-0.000755437,0.035953336,0.21414921,0,1,1,1 
HDVD_90,Heavy Duty Trucks_Diesel_Articulated 40 - 50 t_Euro V,EGR,,0.06,1,5,35,0.001060189,1.141109581,-3.550461904,1.317231742,0.029346658,-0.07872981,5.78E-14,0,1,1,1 
HDVD_91,Heavy Duty Trucks_Diesel_Articulated 40 - 50 t_Euro VI,,,-0.06,0,5,70,-0.004758968,0.375157184,-2.008298011,2.131590014,0.097390971,-0.419810994,1.86E-13,0,1,1,1 
HDVD_91,Heavy Duty Trucks_Diesel_Articulated 40 - 50 t_Euro VI,,,-0.06,0.5,5,70,-0.003047773,0.23448819,-1.283295329,1.414718037,0.067167756,-0.292800819,5.60E-15,0,1,1,1 
HDVD_91,Heavy Duty Trucks_Diesel_Articulated 40 - 50 t_Euro VI,,,-0.06,1,5,70,-0.007229265,0.56714238,-2.139758536,2.762586803,0.217948281,-0.973902056,1.884820338,0,1,1,1 
HDVD_91,Heavy Duty Trucks_Diesel_Articulated 40 - 50 t_Euro VI,,,-0.04,0,5,85,-0.002862692,0.296347033,-1.626274248,1.70788152,0.066809948,-0.291573931,1.40E-14,0,1,1,1 
HDVD_91,Heavy Duty Trucks_Diesel_Articulated 40 - 50 t_Euro VI,,,-0.04,0.5,5,75,-0.003474149,0.28655992,-1.422797622,1.096342431,0.053678501,-0.096299142,-0.594659904,0,1,1,1 
HDVD_91,Heavy Duty Trucks_Diesel_Articulated 40 - 50 t_Euro VI,,,-0.04,1,5,80,-0.007973929,0.685676855,-2.244299187,2.22760856,0.166893507,-0.416302352,0.555748532,0,1,1,1 
HDVD_91,Heavy Duty Trucks_Diesel_Articulated 40 - 50 t_Euro VI,,,-0.02,0,5,85,-0.001925568,0.533838079,-1.848765351,1.506074629,0.103020347,-0.22494657,1.28E-13,0,1,1,1 
HDVD_91,Heavy Duty Trucks_Diesel_Articulated 40 - 50 t_Euro VI,,,-0.02,0.5,5,85,-0.000273087,0.013468671,1.486780947,-1.812581207,0.002397578,0.311163875,0.108783305,0,1,1,1 
HDVD_91,Heavy Duty Trucks_Diesel_Articulated 40 - 50 t_Euro VI,,,-0.02,1,5,85,-0.000229716,0.007740425,1.405958919,-1.90806397,0.001756328,0.301651417,0.010711107,0,1,1,1 
HDVD_91,Heavy Duty Trucks_Diesel_Articulated 40 - 50 t_Euro VI,,,0,0,5,85,-0.00015586,-0.012631908,2.387516607,-0.184475145,-0.004300628,0.369414977,0.902076044,0,1,1,1 
HDVD_91,Heavy Duty Trucks_Diesel_Articulated 40 - 50 t_Euro VI,,,0,0.5,5,85,0.005381211,0.442371737,-2.421543958,1.689612421,0.094021538,-0.411160902,-8.40E-13,0,1,1,1 
HDVD_91,Heavy Duty Trucks_Diesel_Articulated 40 - 50 t_Euro VI,,,0,1,5,85,-0.000102645,-0.009370903,1.618507473,0.563433077,-0.003128284,0.267159797,0.586793575,0,1,1,1 
HDVD_91,Heavy Duty Trucks_Diesel_Articulated 40 - 50 t_Euro VI,,,0.02,0,5,85,-0.000662102,0.062877972,2.851472995,-1.400734827,-0.001877202,0.539170881,0.291938249,0,1,1,1 
HDVD_91,Heavy Duty Trucks_Diesel_Articulated 40 - 50 t_Euro VI,,,0.02,0.5,5,85,-0.000310032,0.149957533,2.288173484,-1.532731226,0.013179813,0.443861735,-9.75E-12,0,1,1,1 
HDVD_91,Heavy Duty Trucks_Diesel_Articulated 40 - 50 t_Euro VI,,,0.02,1,5,75,-8.36E-06,-0.006109778,1.284010057,0.9945678,-0.001325442,0.16833179,0.460599099,0,1,1,1 
HDVD_91,Heavy Duty Trucks_Diesel_Articulated 40 - 50 t_Euro VI,,,0.04,0,5,85,-0.001022625,0.122406052,2.369453287,-1.82837261,0.004562832,0.457722577,-7.16E-13,0,1,1,1 
HDVD_91,Heavy Duty Trucks_Diesel_Articulated 40 - 50 t_Euro VI,,,0.04,0.5,5,70,0.004991157,0.518870606,-1.839974691,0.871112049,0.081165444,-0.235791223,1.20E-11,0,1,1,1 
HDVD_91,Heavy Duty Trucks_Diesel_Articulated 40 - 50 t_Euro VI,,,0.04,1,5,50,-0.000685204,0.030289176,2.065635992,-6.126260755,-0.003426475,0.364072139,-1.02315408,0,1,1,1 
HDVD_91,Heavy Duty Trucks_Diesel_Articulated 40 - 50 t_Euro VI,,,0.06,0,5,85,6.35E-05,-0.020989721,1.492868289,0.876977603,-0.001586885,0.142953138,0.661409128,0,1,1,1 
HDVD_91,Heavy Duty Trucks_Diesel_Articulated 40 - 50 t_Euro VI,,,0.06,0.5,5,50,0.007996583,0.64705957,-2.045743646,0.445478726,0.099304787,-0.282896783,7.69E-10,0,1,1,1 
HDVD_91,Heavy Duty Trucks_Diesel_Articulated 40 - 50 t_Euro VI,,,0.06,1,5,35,-9.44E-05,0.228403582,-1.592107036,2.62516153,0.02661396,-0.186092158,0.307871715,0,1,1,1 
HDVD_92,Heavy Duty Trucks_Diesel_Articulated 50 - 60 t_Conventional,,,-0.06,0,12,86,-5.47E-06,0.001614685,2.123030014,-7.414008755,0.000960321,0.009396366,0.051182908,0,1,1,1 
HDVD_92,Heavy Duty Trucks_Diesel_Articulated 50 - 60 t_Conventional,,,-0.06,0.5,12,86,6.15E-06,-0.002657391,1.989973596,-7.759288446,0.000838527,0.006079346,0.070560193,0,1,1,1 
HDVD_92,Heavy Duty Trucks_Diesel_Articulated 50 - 60 t_Conventional,,,-0.06,1,12,86,5.02E-06,-0.002101693,1.218830749,-4.996802089,0.000483363,0.00327805,0.046814326,0,1,1,1 
HDVD_92,Heavy Duty Trucks_Diesel_Articulated 50 - 60 t_Conventional,,,-0.04,0,12,86,2.07E-05,-0.006562461,0.612076304,4.115950907,3.37E-05,0.006044187,0.066738592,0,1,1,1 
HDVD_92,Heavy Duty Trucks_Diesel_Articulated 50 - 60 t_Conventional,,,-0.04,0.5,12,86,-0.000171307,0.00615711,2.619239267,-1.835347396,0.000749766,0.010287883,0.184685791,0,1,1,1 
HDVD_92,Heavy Duty Trucks_Diesel_Articulated 50 - 60 t_Conventional,,,-0.04,1,12,86,-3.36E-05,-0.015486053,3.062859331,-1.896496394,0.000552939,0.009208324,0.23774019,0,1,1,1 
HDVD_92,Heavy Duty Trucks_Diesel_Articulated 50 - 60 t_Conventional,,,-0.02,0,12,86,0.000190157,-0.010127935,1.132869384,4.844657623,0.000146126,0.006993012,0.101081223,0,1,1,1 
HDVD_92,Heavy Duty Trucks_Diesel_Articulated 50 - 60 t_Conventional,,,-0.02,0.5,12,86,6.88E-05,0.01284948,-0.4290633,10.25457673,0.000295905,-0.010589714,0.168310486,0,1,1,1 
HDVD_92,Heavy Duty Trucks_Diesel_Articulated 50 - 60 t_Conventional,,,-0.02,1,12,86,2.70E-05,0.024245111,-0.447538103,12.98481608,0.000403371,-0.012201767,0.20862504,0,1,1,1 
HDVD_92,Heavy Duty Trucks_Diesel_Articulated 50 - 60 t_Conventional,,,0,0,12,86,0.000845037,-0.001144729,2.61458185,13.56014161,0.000372885,0.017167141,0.226702076,0,1,1,1 
HDVD_92,Heavy Duty Trucks_Diesel_Articulated 50 - 60 t_Conventional,,,0,0.5,12,86,0.002452371,-0.106903334,4.031000788,11.55536882,0.000782174,-0.017660679,0.606621459,0,1,1,1 
HDVD_92,Heavy Duty Trucks_Diesel_Articulated 50 - 60 t_Conventional,,,0,1,12,85,0.002439812,-0.131367625,3.291949059,12.61978301,0.000679532,-0.027161694,0.576600267,0,1,1,1 
HDVD_92,Heavy Duty Trucks_Diesel_Articulated 50 - 60 t_Conventional,,,0.02,0,12,86,0.001901736,-0.011492494,4.480650304,21.88071025,0.000665883,0.019548416,0.438039297,0,1,1,1 
HDVD_92,Heavy Duty Trucks_Diesel_Articulated 50 - 60 t_Conventional,,,0.02,0.5,12,79,0.000672106,-0.018298649,1.234170523,6.397379221,0.000250138,-0.005333647,0.212967739,0,1,1,1 
HDVD_92,Heavy Duty Trucks_Diesel_Articulated 50 - 60 t_Conventional,,,0.02,1,12,62,0.001672535,-0.211166307,9.400941365,0.017958358,4.01E-06,0.001463224,0.663020847,0,1,1,1 
HDVD_92,Heavy Duty Trucks_Diesel_Articulated 50 - 60 t_Conventional,,,0.04,0,12,86,0.00112262,0.47301212,3.980399049,-15.16728722,0.001968519,0.091279113,-0.422116447,0,1,1,1 
HDVD_92,Heavy Duty Trucks_Diesel_Articulated 50 - 60 t_Conventional,,,0.04,0.5,12,53,-0.004646968,0.982226598,2.690631053,-6.04031782,0.001810318,0.094385806,-0.036542993,0,1,1,1 
HDVD_92,Heavy Duty Trucks_Diesel_Articulated 50 - 60 t_Conventional,,,0.04,1,11,39,-0.015682216,2.696623466,2.767690726,-11.29993373,0.003925553,0.18502511,-0.178701464,0,1,1,1 
HDVD_92,Heavy Duty Trucks_Diesel_Articulated 50 - 60 t_Conventional,,,0.06,0,12,72,0.003439034,0.902852143,2.557107139,10.15223003,0.003429167,0.142861309,-0.60519009,0,1,1,1 
HDVD_92,Heavy Duty Trucks_Diesel_Articulated 50 - 60 t_Conventional,,,0.06,0.5,12,39,0.00365504,-0.292978811,7.26944152,-5.325780461,0.000127888,-0.011956013,0.477961546,0,1,1,1 
HDVD_92,Heavy Duty Trucks_Diesel_Articulated 50 - 60 t_Conventional,,,0.06,1,10,27,-0.005938291,0.114776633,4.590169476,-8.503952037,-0.000651652,0.027472942,0.057747705,0,1,1,1 
HDVD_93,Heavy Duty Trucks_Diesel_Articulated 50 - 60 t_Euro I,,,-0.06,0,12,86,1.63E-06,-0.001016166,1.660521638,-6.29750976,0.000981992,0.008072397,0.074371957,0,1,1,1 
HDVD_93,Heavy Duty Trucks_Diesel_Articulated 50 - 60 t_Euro I,,,-0.06,0.5,12,86,1.04E-05,-0.003991425,1.776309646,-7.320650712,0.000970578,0.005843449,0.096511313,0,1,1,1 
HDVD_93,Heavy Duty Trucks_Diesel_Articulated 50 - 60 t_Euro I,,,-0.06,1,12,86,1.42E-05,-0.00543942,2.0510042,-8.971930076,0.001022502,0.005537425,0.118393538,0,1,1,1 
HDVD_93,Heavy Duty Trucks_Diesel_Articulated 50 - 60 t_Euro I,,,-0.04,0,12,86,2.13E-05,-0.007750301,0.71399355,2.927263802,3.62E-05,0.009112667,0.082195394,0,1,1,1 
HDVD_93,Heavy Duty Trucks_Diesel_Articulated 50 - 60 t_Euro I,,,-0.04,0.5,12,86,-5.01E-05,-0.011521329,2.820747264,-1.697830844,0.000763756,0.011438761,0.317537688,0,1,1,1 
HDVD_93,Heavy Duty Trucks_Diesel_Articulated 50 - 60 t_Euro I,,,-0.04,1,12,86,-0.021374099,2.949325826,-58.32764064,843.4421424,0.042080473,-1.214095998,17.51106035,0,1,1,1 
HDVD_93,Heavy Duty Trucks_Diesel_Articulated 50 - 60 t_Euro I,,,-0.02,0,12,86,0.000601071,-0.030456023,3.271232759,13.64468079,0.000566261,0.024033416,0.42608876,0,1,1,1 
HDVD_93,Heavy Duty Trucks_Diesel_Articulated 50 - 60 t_Euro I,,,-0.02,0.5,12,86,5.64E-05,0.019061129,-0.461719964,9.48519509,0.000430528,-0.013442593,0.203210894,0,1,1,1 
HDVD_93,Heavy Duty Trucks_Diesel_Articulated 50 - 60 t_Euro I,,,-0.02,1,12,86,-2.18E-05,0.015117736,-0.114449851,4.732405492,0.000225381,-0.005197339,0.102427865,0,1,1,1 
HDVD_93,Heavy Duty Trucks_Diesel_Articulated 50 - 60 t_Euro I,,,0,0,12,86,3.62E-05,0.007518439,1.202848323,7.473304204,-5.14E-05,0.018634704,0.105837171,0,1,1,1 
HDVD_93,Heavy Duty Trucks_Diesel_Articulated 50 - 60 t_Euro I,,,0,0.5,12,86,0.002440368,-0.131010491,2.929974038,11.26761388,0.000868652,-0.038181387,0.757659536,0,1,1,1 
HDVD_93,Heavy Duty Trucks_Diesel_Articulated 50 - 60 t_Euro I,,,0,1,12,85,0.00247415,-0.143090034,2.698125714,14.0487141,0.000724466,-0.036842326,0.665302575,0,1,1,1 
HDVD_93,Heavy Duty Trucks_Diesel_Articulated 50 - 60 t_Euro I,,,0.02,0,12,86,0.00156372,-0.033464384,2.136166546,11.46622695,0.000643412,-0.001634313,0.390559046,0,1,1,1 
HDVD_93,Heavy Duty Trucks_Diesel_Articulated 50 - 60 t_Euro I,,,0.02,0.5,12,79,0.00389383,-0.230817415,6.255810377,11.61270825,0.000979186,-0.045526626,1.086831948,0,1,1,1 
HDVD_93,Heavy Duty Trucks_Diesel_Articulated 50 - 60 t_Euro I,,,0.02,1,12,63,0.001053081,-0.230071309,11.4804693,-2.022423739,-0.000176856,0.001765036,0.923270094,0,1,1,1 
HDVD_93,Heavy Duty Trucks_Diesel_Articulated 50 - 60 t_Euro I,,,0.04,0,12,86,0.000113883,0.030701024,2.762448118,15.69097613,-0.000105118,0.030486622,0.309671032,0,1,1,1 
HDVD_93,Heavy Duty Trucks_Diesel_Articulated 50 - 60 t_Euro I,,,0.04,0.5,12,53,0.001067116,-0.121916616,5.589314679,-0.052200528,1.01E-05,-0.00268502,0.515673337,0,1,1,1 
HDVD_93,Heavy Duty Trucks_Diesel_Articulated 50 - 60 t_Euro I,,,0.04,1,11,39,-6.33E-05,-0.192375753,13.01622903,-0.284632434,-0.000109906,0.00430056,0.897119423,0,1,1,1 
HDVD_93,Heavy Duty Trucks_Diesel_Articulated 50 - 60 t_Euro I,,,0.06,0,12,74,5.47E-05,0.035665698,1.800386045,8.404706502,5.69E-05,0.012309646,0.255555837,0,1,1,1 
HDVD_93,Heavy Duty Trucks_Diesel_Articulated 50 - 60 t_Euro I,,,0.06,0.5,12,40,0.003729837,-0.316599004,6.151439324,24.66034885,0.00046586,-0.041654949,0.930548556,0,1,1,1 
HDVD_93,Heavy Duty Trucks_Diesel_Articulated 50 - 60 t_Euro I,,,0.06,1,11,28,0.019060006,-1.237991226,19.8277071,3.658643266,0.001512866,-0.094677364,1.502720268,0,1,1,1 
HDVD_94,Heavy Duty Trucks_Diesel_Articulated 50 - 60 t_Euro II,,,-0.06,0,12,86,1.56E-18,-2.91E-16,2.212692549,-1.38E-13,0.001849048,0.015731219,0.441904602,0,1,1,1 
HDVD_94,Heavy Duty Trucks_Diesel_Articulated 50 - 60 t_Euro II,,,-0.06,0.5,12,86,1.07E-05,-0.004264884,1.603329591,-7.305912142,0.001071993,0.005668835,0.137465265,0,1,1,1 
HDVD_94,Heavy Duty Trucks_Diesel_Articulated 50 - 60 t_Euro II,,,-0.06,1,12,86,1.72E-05,-0.006623321,1.940811581,-9.464051871,0.001136637,0.004324202,0.172991654,0,1,1,1 
HDVD_94,Heavy Duty Trucks_Diesel_Articulated 50 - 60 t_Euro II,,,-0.04,0,12,86,3.99E-05,-0.011022205,1.038930944,2.303482292,0.000101379,0.016757977,0.153393036,0,1,1,1 
HDVD_94,Heavy Duty Trucks_Diesel_Articulated 50 - 60 t_Euro II,,,-0.04,0.5,12,86,4.86E-06,-0.002424283,0.863580977,-4.524542895,0.000389458,0.001415018,0.072013043,0,1,1,1 
HDVD_94,Heavy Duty Trucks_Diesel_Articulated 50 - 60 t_Euro II,,,-0.04,1,12,86,8.31E-06,-0.003574828,0.923722762,-5.09175136,0.000338203,0.000447389,0.07027728,0,1,1,1 
HDVD_94,Heavy Duty Trucks_Diesel_Articulated 50 - 60 t_Euro II,,,-0.02,0,12,86,0.000256558,-0.013665823,1.179171363,3.98000345,0.000308103,0.007924175,0.25496328,0,1,1,1 
HDVD_94,Heavy Duty Trucks_Diesel_Articulated 50 - 60 t_Euro II,,,-0.02,0.5,12,86,0.000544687,-0.042363959,1.478005489,4.29072776,0.000480028,-0.018982723,0.521199139,0,1,1,1 
HDVD_94,Heavy Duty Trucks_Diesel_Articulated 50 - 60 t_Euro II,,,-0.02,1,12,86,0.000759591,-0.05957306,1.854091768,6.97408722,0.000565122,-0.025324514,0.595098022,0,1,1,1 
HDVD_94,Heavy Duty Trucks_Diesel_Articulated 50 - 60 t_Euro II,,,0,0,12,86,0.003055081,-0.068183345,4.733344326,19.26008989,0.00190668,-0.001712852,1.23522728,0,1,1,1 
HDVD_94,Heavy Duty Trucks_Diesel_Articulated 50 - 60 t_Euro II,,,0,0.5,12,86,0.001390972,-0.078339674,1.21752704,7.62433678,0.000598728,-0.032226111,0.537277964,0,1,1,1 
HDVD_94,Heavy Duty Trucks_Diesel_Articulated 50 - 60 t_Euro II,,,0,1,12,86,0.001582444,-0.089482158,1.394475804,9.979865158,0.000569636,-0.030377691,0.507866228,0,1,1,1 
HDVD_94,Heavy Duty Trucks_Diesel_Articulated 50 - 60 t_Euro II,,,0.02,0,12,86,0.000371742,0.012511994,2.828908442,13.1107464,-5.79E-05,0.034105457,0.501729841,0,1,1,1 
HDVD_94,Heavy Duty Trucks_Diesel_Articulated 50 - 60 t_Euro II,,,0.02,0.5,12,83,0.002427055,-0.171445292,6.216995162,7.636491283,0.000833042,-0.039085072,1.229874317,0,1,1,1 
HDVD_94,Heavy Duty Trucks_Diesel_Articulated 50 - 60 t_Euro II,,,0.02,1,12,66,0.001549386,-0.126130441,5.265886628,2.903483031,0.000513645,-0.020833104,0.75406014,0,1,1,1 
HDVD_94,Heavy Duty Trucks_Diesel_Articulated 50 - 60 t_Euro II,,,0.04,0,12,86,-0.000456103,0.029283605,1.281016228,-9.662194013,-0.00025274,0.025114003,-0.111941811,0,1,1,1 
HDVD_94,Heavy Duty Trucks_Diesel_Articulated 50 - 60 t_Euro II,,,0.04,0.5,12,59,0.001856413,-0.173757767,7.799064805,2.557844549,0.000505682,-0.021709768,1.113471851,0,1,1,1 
HDVD_94,Heavy Duty Trucks_Diesel_Articulated 50 - 60 t_Euro II,,,0.04,1,12,42,0.001282022,-0.130323804,4.005895954,-0.724221254,5.33E-05,-0.005633289,0.355019065,0,1,1,1 
HDVD_94,Heavy Duty Trucks_Diesel_Articulated 50 - 60 t_Euro II,,,0.06,0,12,77,-0.002691534,0.816560933,10.4701524,3.638840434,0.002151123,0.185007519,1.01798151,0,1,1,1 
HDVD_94,Heavy Duty Trucks_Diesel_Articulated 50 - 60 t_Euro II,,,0.06,0.5,12,44,-0.006989763,0.843568085,-8.398703199,-5.890980454,0.000974128,0.070437554,-0.956082856,0,1,1,1 
HDVD_94,Heavy Duty Trucks_Diesel_Articulated 50 - 60 t_Euro II,,,0.06,1,11,30,0.001127076,-0.169456681,6.981960186,1.715647669,5.99E-05,-8.33E-05,0.49846141,0,1,1,1 
HDVD_95,Heavy Duty Trucks_Diesel_Articulated 50 - 60 t_Euro III,,,-0.06,0,12,86,1.51E-05,-0.004827497,0.458809219,2.624946476,1.93E-05,0.005898476,0.071342653,0,1,1,1 
HDVD_95,Heavy Duty Trucks_Diesel_Articulated 50 - 60 t_Euro III,,,-0.06,0.5,12,86,-1.38E-05,0.004729387,1.889416152,-7.541576138,0.000826683,0.010749644,0.071660848,0,1,1,1 
HDVD_95,Heavy Duty Trucks_Diesel_Articulated 50 - 60 t_Euro III,,,-0.06,1,12,86,-8.97E-06,0.00202776,2.059953902,-9.010937783,0.000829171,0.008793699,0.096843218,0,1,1,1 
HDVD_95,Heavy Duty Trucks_Diesel_Articulated 50 - 60 t_Euro III,,,-0.04,0,12,86,4.66E-05,-0.014861824,1.530216929,5.346253764,3.89E-05,0.016862096,0.153054407,0,1,1,1 
HDVD_95,Heavy Duty Trucks_Diesel_Articulated 50 - 60 t_Euro III,,,-0.04,0.5,12,86,0.000180977,-0.029860356,2.061461907,3.142968169,0.000212696,0.006726603,0.301725604,0,1,1,1 
HDVD_95,Heavy Duty Trucks_Diesel_Articulated 50 - 60 t_Euro III,,,-0.04,1,12,86,-6.73E-05,0.011212854,-0.102384255,4.787763016,0.000224891,-0.006033234,0.121647113,0,1,1,1 
HDVD_95,Heavy Duty Trucks_Diesel_Articulated 50 - 60 t_Euro III,,,-0.02,0,12,86,0.001194827,-0.048701389,4.703126717,19.51721946,0.000864193,0.022752002,0.648856731,0,1,1,1 
HDVD_95,Heavy Duty Trucks_Diesel_Articulated 50 - 60 t_Euro III,,,-0.02,0.5,12,86,0.000190641,0.004768186,-0.012936214,10.02477481,0.000394971,-0.012620246,0.253884842,0,1,1,1 
HDVD_95,Heavy Duty Trucks_Diesel_Articulated 50 - 60 t_Euro III,,,-0.02,1,12,86,0.000584659,-0.0503588,2.178513592,4.510271904,0.00034287,-0.009940497,0.389969175,0,1,1,1 
HDVD_95,Heavy Duty Trucks_Diesel_Articulated 50 - 60 t_Euro III,,,0,0,12,86,0.000848012,-0.024057955,2.1705829,8.13327091,0.000443247,0.005389932,0.322050176,0,1,1,1 
HDVD_95,Heavy Duty Trucks_Diesel_Articulated 50 - 60 t_Euro III,,,0,0.5,12,86,0.001656373,-0.084981424,1.847893844,8.512780572,0.000632742,-0.026263195,0.505980114,0,1,1,1 
HDVD_95,Heavy Duty Trucks_Diesel_Articulated 50 - 60 t_Euro III,,,0,1,12,86,0.001380311,-0.075988875,1.39276632,8.437501538,0.000454679,-0.021844838,0.384521603,0,1,1,1 
HDVD_95,Heavy Duty Trucks_Diesel_Articulated 50 - 60 t_Euro III,,,0.02,0,12,86,0.000756697,-0.008663487,1.597325862,6.865713016,0.000333652,0.006489772,0.231435213,0,1,1,1 
HDVD_95,Heavy Duty Trucks_Diesel_Articulated 50 - 60 t_Euro III,,,0.02,0.5,12,84,0.001022477,0.042812983,-0.460160093,13.09917976,0.000839588,-0.01727165,0.270885044,0,1,1,1 
HDVD_95,Heavy Duty Trucks_Diesel_Articulated 50 - 60 t_Euro III,,,0.02,1,12,67,0.000958999,-0.088695401,4.203134469,2.566657165,0.000277445,-0.008452854,0.486378302,0,1,1,1 
HDVD_95,Heavy Duty Trucks_Diesel_Articulated 50 - 60 t_Euro III,,,0.04,0,12,86,0.000158031,0.057833934,0.386791429,-8.154849338,0.000299723,0.015551342,-0.162729085,0,1,1,1 
HDVD_95,Heavy Duty Trucks_Diesel_Articulated 50 - 60 t_Euro III,,,0.04,0.5,12,60,0.001001941,-0.133409018,5.55298949,-0.032257382,6.37E-06,-0.002146189,0.573948098,0,1,1,1 
HDVD_95,Heavy Duty Trucks_Diesel_Articulated 50 - 60 t_Euro III,,,0.04,1,12,43,0.001187984,-0.126041182,4.043249448,-0.114358698,1.63E-05,-0.002724353,0.326207212,0,1,1,1 
HDVD_95,Heavy Duty Trucks_Diesel_Articulated 50 - 60 t_Euro III,,,0.06,0,12,77,-0.000138052,0.087389505,2.931313098,5.519172587,0.000309133,0.031987003,0.270215767,0,1,1,1 
HDVD_95,Heavy Duty Trucks_Diesel_Articulated 50 - 60 t_Euro III,,,0.06,0.5,12,44,-0.017388532,1.842973244,-6.455443538,8.739964079,0.003551127,0.131716298,-0.356659091,0,1,1,1 
HDVD_95,Heavy Duty Trucks_Diesel_Articulated 50 - 60 t_Euro III,,,0.06,1,11,31,-0.000221683,-0.185698163,9.040842613,-2.516946615,-0.000378124,0.014416575,0.532310883,0,1,1,1 
HDVD_96,Heavy Duty Trucks_Diesel_Articulated 50 - 60 t_Euro IV,,,-0.06,0,12,86,2.12E-05,-0.004061432,0.186200236,2.82313089,0.000230008,0.002932075,0.159790642,0,1,1,1 
HDVD_96,Heavy Duty Trucks_Diesel_Articulated 50 - 60 t_Euro IV,,,-0.06,0.5,12,86,-0.000138481,-0.002042397,1.246386109,1.434027765,0.004090211,-0.039171813,0.769930342,0,1,1,1 
HDVD_96,Heavy Duty Trucks_Diesel_Articulated 50 - 60 t_Euro IV,,,-0.06,1,12,86,8.31E-05,-0.016959833,1.182411902,-4.4112584,0.002530879,-0.027288484,0.404822335,0,1,1,1 
HDVD_96,Heavy Duty Trucks_Diesel_Articulated 50 - 60 t_Euro IV,,,-0.04,0,12,86,4.30E-05,-0.010432308,0.678786854,5.819189191,0.000305574,0.016997488,0.288474497,0,1,1,1 
HDVD_96,Heavy Duty Trucks_Diesel_Articulated 50 - 60 t_Euro IV,,,-0.04,0.5,12,86,-0.000575227,0.018492715,2.9447183,-2.75810538,0.00415964,0.035855883,0.558962572,0,1,1,1 
HDVD_96,Heavy Duty Trucks_Diesel_Articulated 50 - 60 t_Euro IV,,,-0.04,1,12,86,-0.000597067,0.019068792,3.119306234,-2.435253763,0.004351347,0.033867792,0.687502792,0,1,1,1 
HDVD_96,Heavy Duty Trucks_Diesel_Articulated 50 - 60 t_Euro IV,,,-0.02,0,12,86,8.70E-07,-0.001239231,0.431205282,3.225630227,4.59E-05,0.014656358,0.099316624,0,1,1,1 
HDVD_96,Heavy Duty Trucks_Diesel_Articulated 50 - 60 t_Euro IV,,,-0.02,0.5,12,86,-0.000309793,0.022642468,1.81934981,2.21054501,0.000871872,0.053279229,0.184914691,0,1,1,1 
HDVD_96,Heavy Duty Trucks_Diesel_Articulated 50 - 60 t_Euro IV,,,-0.02,1,12,86,-0.000250935,0.014798248,1.316342616,2.000047788,0.00045875,0.034897477,0.192481143,0,1,1,1 
HDVD_96,Heavy Duty Trucks_Diesel_Articulated 50 - 60 t_Euro IV,,,0,0,12,86,5.69E-05,0.024621176,0.780848531,3.36408704,0.000243871,0.032042623,0.035913957,0,1,1,1 
HDVD_96,Heavy Duty Trucks_Diesel_Articulated 50 - 60 t_Euro IV,,,0,0.5,12,86,0.000193613,0.073112042,1.146379431,-6.160639825,0.000829997,0.053041168,-0.267202662,0,1,1,1 
HDVD_96,Heavy Duty Trucks_Diesel_Articulated 50 - 60 t_Euro IV,,,0,1,12,86,2.23E-05,0.019100036,0.994101667,5.338886385,0.00014878,0.019168472,0.249156432,0,1,1,1 
HDVD_96,Heavy Duty Trucks_Diesel_Articulated 50 - 60 t_Euro IV,,,0.02,0,12,86,9.66E-05,0.037782522,0.974044901,5.500622809,0.000159605,0.036967599,0.091268829,0,1,1,1 
HDVD_96,Heavy Duty Trucks_Diesel_Articulated 50 - 60 t_Euro IV,,,0.02,0.5,12,85,0.000277637,0.072631472,0.313580335,-6.98919082,0.000466198,0.030896535,-0.270651518,0,1,1,1 
HDVD_96,Heavy Duty Trucks_Diesel_Articulated 50 - 60 t_Euro IV,,,0.02,1,12,69,-0.000949525,0.059699207,1.005175968,-11.97938758,-0.000501797,0.04232662,-0.298074246,0,1,1,1 
HDVD_96,Heavy Duty Trucks_Diesel_Articulated 50 - 60 t_Euro IV,,,0.04,0,12,86,0.00298887,0.700059095,1.228995324,7.386786497,0.005066501,0.271490071,-1.203506833,0,1,1,1 
HDVD_96,Heavy Duty Trucks_Diesel_Articulated 50 - 60 t_Euro IV,,,0.04,0.5,12,60,0.000292439,0.102513132,2.699997118,5.803272576,0.000365546,0.041834227,0.44101609,0,1,1,1 
HDVD_96,Heavy Duty Trucks_Diesel_Articulated 50 - 60 t_Euro IV,,,0.04,1,12,43,-0.00731317,0.376201234,0.772682737,-31.68468902,-0.001963092,0.128404853,-0.9767755,0,1,1,1 
HDVD_96,Heavy Duty Trucks_Diesel_Articulated 50 - 60 t_Euro IV,,,0.06,0,12,80,4.91E-06,0.045541087,3.479957737,13.28783738,-0.000182326,0.055896765,0.597140769,0,1,1,1 
HDVD_96,Heavy Duty Trucks_Diesel_Articulated 50 - 60 t_Euro IV,,,0.06,0.5,12,44,0.006738513,-0.272464599,4.7738961,18.62937224,0.001463718,-0.061081954,1.287745733,0,1,1,1 
HDVD_96,Heavy Duty Trucks_Diesel_Articulated 50 - 60 t_Euro IV,,,0.06,1,11,31,0.040285478,-2.310946651,33.094381,3.759552,0.007973886,-0.451584084,6.409486283,0,1,1,1 
HDVD_96,Heavy Duty Trucks_Diesel_Articulated 50 - 60 t_Euro IV,,,-0.06,0,12,86,2.12E-05,-0.004061432,0.186200236,2.82313089,0.000230008,0.002932075,0.159790642,0,1,1,1 
HDVD_96,Heavy Duty Trucks_Diesel_Articulated 50 - 60 t_Euro IV,,,-0.06,0.5,12,86,-0.000138481,-0.002042397,1.246386109,1.434027765,0.004090211,-0.039171813,0.769930342,0,1,1,1 
HDVD_96,Heavy Duty Trucks_Diesel_Articulated 50 - 60 t_Euro IV,,,-0.06,1,12,86,8.31E-05,-0.016959833,1.182411902,-4.4112584,0.002530879,-0.027288484,0.404822335,0,1,1,1 
HDVD_96,Heavy Duty Trucks_Diesel_Articulated 50 - 60 t_Euro IV,,,-0.04,0,12,86,4.30E-05,-0.010432308,0.678786854,5.819189191,0.000305574,0.016997488,0.288474497,0,1,1,1 
HDVD_96,Heavy Duty Trucks_Diesel_Articulated 50 - 60 t_Euro IV,,,-0.04,1,12,86,-0.000597067,0.019068792,3.119306234,-2.435253763,0.004351347,0.033867792,0.687502792,0,1,1,1 
HDVD_96,Heavy Duty Trucks_Diesel_Articulated 50 - 60 t_Euro IV,,,-0.02,0,12,86,8.70E-07,-0.001239231,0.431205282,3.225630227,4.59E-05,0.014656358,0.099316624,0,1,1,1 
HDVD_96,Heavy Duty Trucks_Diesel_Articulated 50 - 60 t_Euro IV,,,-0.02,1,12,86,-0.000250935,0.014798248,1.316342616,2.000047788,0.00045875,0.034897477,0.192481143,0,1,1,1 
HDVD_96,Heavy Duty Trucks_Diesel_Articulated 50 - 60 t_Euro IV,,,0,0,12,86,5.69E-05,0.024621176,0.780848531,3.36408704,0.000243871,0.032042623,0.035913957,0,1,1,1 
HDVD_96,Heavy Duty Trucks_Diesel_Articulated 50 - 60 t_Euro IV,,,0,1,12,86,2.23E-05,0.019100036,0.994101667,5.338886385,0.00014878,0.019168472,0.249156432,0,1,1,1 
HDVD_96,Heavy Duty Trucks_Diesel_Articulated 50 - 60 t_Euro IV,,,0.02,0,12,86,9.66E-05,0.037782522,0.974044901,5.500622809,0.000159605,0.036967599,0.091268829,0,1,1,1 
HDVD_96,Heavy Duty Trucks_Diesel_Articulated 50 - 60 t_Euro IV,,,0.02,1,12,69,-0.000949525,0.059699207,1.005175968,-11.97938758,-0.000501797,0.04232662,-0.298074246,0,1,1,1 
HDVD_96,Heavy Duty Trucks_Diesel_Articulated 50 - 60 t_Euro IV,,,0.04,0,12,86,0.00298887,0.700059095,1.228995324,7.386786497,0.005066501,0.271490071,-1.203506833,0,1,1,1 
HDVD_96,Heavy Duty Trucks_Diesel_Articulated 50 - 60 t_Euro IV,,,0.04,1,12,43,-0.00731317,0.376201234,0.772682737,-31.68468902,-0.001963092,0.128404853,-0.9767755,0,1,1,1 
HDVD_96,Heavy Duty Trucks_Diesel_Articulated 50 - 60 t_Euro IV,,,0.06,0,12,80,4.91E-06,0.045541087,3.479957737,13.28783738,-0.000182326,0.055896765,0.597140769,0,1,1,1 
HDVD_96,Heavy Duty Trucks_Diesel_Articulated 50 - 60 t_Euro IV,,,0.06,0.5,12,44,0.006738513,-0.272464599,4.7738961,18.62937224,0.001463718,-0.061081954,1.287745733,0,1,1,1 
HDVD_96,Heavy Duty Trucks_Diesel_Articulated 50 - 60 t_Euro IV,,,0.06,1,11,31,0.040285478,-2.310946651,33.094381,3.759552,0.007973886,-0.451584084,6.409486283,0,1,1,1 
HDVD_97,Heavy Duty Trucks_Diesel_Articulated 50 - 60 t_Euro V,SCR,,-0.06,0,5,60,-0.008948089,0.59848749,-2.388823566,1.039947985,0.014906734,-0.057378635,6.46E-14,0,1,1,1 
HDVD_97,Heavy Duty Trucks_Diesel_Articulated 50 - 60 t_Euro V,SCR,,-0.06,0.5,5,60,-0.009407948,0.61669746,-2.513954137,1.39768407,0.014573067,-0.055328594,5.56E-12,0,1,1,1 
HDVD_97,Heavy Duty Trucks_Diesel_Articulated 50 - 60 t_Euro V,SCR,,-0.06,1,5,65,-0.002080834,0.154414317,-1.006088202,1.847460589,0.004190465,-0.031645616,0.06442997,0,1,1,1 
HDVD_97,Heavy Duty Trucks_Diesel_Articulated 50 - 60 t_Euro V,SCR,,-0.04,0,5,85,-0.003787925,0.346781854,-1.800554215,0.827686123,0.008820924,-0.052838841,0.044217216,0,1,1,1 
HDVD_97,Heavy Duty Trucks_Diesel_Articulated 50 - 60 t_Euro V,SCR,,-0.04,0.5,5,85,-0.003294366,0.318186425,-1.971850987,3.519767439,0.007626633,-0.05340112,0.106076499,0,1,1,1 
HDVD_97,Heavy Duty Trucks_Diesel_Articulated 50 - 60 t_Euro V,SCR,,-0.04,1,5,85,-0.002277501,0.229402864,-1.393712211,2.455220621,0.005199102,-0.036046779,0.072134527,0,1,1,1 
HDVD_97,Heavy Duty Trucks_Diesel_Articulated 50 - 60 t_Euro V,SCR,,-0.02,0,5,85,-0.001085862,0.317008143,-1.870002397,3.028490933,0.007164722,-0.04375191,0.073502775,0,1,1,1 
HDVD_97,Heavy Duty Trucks_Diesel_Articulated 50 - 60 t_Euro V,SCR,,-0.02,0.5,5,85,-0.006387871,0.896688165,-2.045570958,-4.580376078,0.012592615,0.016590713,-0.248076687,0,1,1,1 
HDVD_97,Heavy Duty Trucks_Diesel_Articulated 50 - 60 t_Euro V,SCR,,-0.02,1,5,85,-0.004495651,0.590077584,-1.653793141,1.616137228,0.007447768,-0.004699688,-1.24E-13,0,1,1,1 
HDVD_97,Heavy Duty Trucks_Diesel_Articulated 50 - 60 t_Euro V,SCR,,0,0,5,85,0.015535789,0.68321363,-4.328239897,7.178065956,0.017912822,-0.105812557,0.17401589,0,1,1,1 
HDVD_97,Heavy Duty Trucks_Diesel_Articulated 50 - 60 t_Euro V,SCR,,0,0.5,5,85,0.007054635,0.588066413,-0.996371913,-6.31423913,0.007608985,0.019468607,-0.210271601,0,1,1,1 
HDVD_97,Heavy Duty Trucks_Diesel_Articulated 50 - 60 t_Euro V,SCR,,0,1,5,85,0.018546737,1.320701468,-2.443737048,2.609893147,0.017045263,0.001160516,-1.91E-13,0,1,1,1 
HDVD_97,Heavy Duty Trucks_Diesel_Articulated 50 - 60 t_Euro V,SCR,,0.02,0,5,85,0.005906081,0.137134691,7.230870198,1.227115049,0.001361518,0.119792478,0.128233116,0,1,1,1 
HDVD_97,Heavy Duty Trucks_Diesel_Articulated 50 - 60 t_Euro V,SCR,,0.02,0.5,5,80,-0.012628877,1.064687998,16.92761163,-6.552679568,-0.002924275,0.333914076,5.37E-11,0,1,1,1 
HDVD_97,Heavy Duty Trucks_Diesel_Articulated 50 - 60 t_Euro V,SCR,,0.02,1,5,70,-0.002857956,0.453640101,4.692945268,-1.841977038,0.000448802,0.087016597,1.47E-13,0,1,1,1 
HDVD_97,Heavy Duty Trucks_Diesel_Articulated 50 - 60 t_Euro V,SCR,,0.04,0,5,85,0.000335138,-0.048189415,1.433913949,24.49751664,0.000101178,-0.015448822,0.597620382,0,1,1,1 
HDVD_97,Heavy Duty Trucks_Diesel_Articulated 50 - 60 t_Euro V,SCR,,0.04,0.5,5,60,-0.005947389,0.983807696,5.605086701,-0.165541027,0.001539446,0.131048498,-1.33E-11,0,1,1,1 
HDVD_97,Heavy Duty Trucks_Diesel_Articulated 50 - 60 t_Euro V,SCR,,0.04,1,5,40,0.000244696,-0.016196566,0.122461174,7.847121026,6.29E-05,-0.005190744,0.118585457,0,1,1,1 
HDVD_97,Heavy Duty Trucks_Diesel_Articulated 50 - 60 t_Euro V,SCR,,0.06,0,5,80,9.17E-05,-0.019921562,1.233630429,14.43472073,5.78E-05,-0.006742437,0.346843816,0,1,1,1 
HDVD_97,Heavy Duty Trucks_Diesel_Articulated 50 - 60 t_Euro V,SCR,,0.06,0.5,5,40,0.000791347,-0.057648415,1.009486496,11.82944764,0.00011103,-0.008570755,0.222776605,0,1,1,1 
HDVD_97,Heavy Duty Trucks_Diesel_Articulated 50 - 60 t_Euro V,SCR,,0.06,1,5,30,0.000675565,-0.06007533,1.126695411,11.51895356,-4.52E-05,-0.002869554,0.161404665,0,1,1,1 
HDVD_97,Heavy Duty Trucks_Diesel_Articulated 50 - 60 t_Euro V,EGR,,-0.06,0,5,80,-0.00299772,0.266724771,-1.275226696,2.012103871,0.016528925,-0.092488855,0.184815344,0,1,1,1 
HDVD_97,Heavy Duty Trucks_Diesel_Articulated 50 - 60 t_Euro V,EGR,,-0.06,0.5,5,75,-0.004597564,0.372464453,-1.730508462,1.440401975,0.021532439,-0.081438713,-0.015817127,0,1,1,1 
HDVD_97,Heavy Duty Trucks_Diesel_Articulated 50 - 60 t_Euro V,EGR,,-0.06,1,5,70,-0.005017871,0.396332492,-1.884768885,1.501213244,0.022693638,-0.081174821,-0.054235774,0,1,1,1 
HDVD_97,Heavy Duty Trucks_Diesel_Articulated 50 - 60 t_Euro V,EGR,,-0.04,0,5,85,-0.005347982,0.521892213,-2.150023944,3.043114377,0.024799317,-0.104741242,0.19900464,0,1,1,1 
HDVD_97,Heavy Duty Trucks_Diesel_Articulated 50 - 60 t_Euro V,EGR,,-0.04,0.5,5,85,-0.004180164,0.413882061,-1.835456961,2.595698901,0.021105063,-0.102153575,0.189089598,0,1,1,1 
HDVD_97,Heavy Duty Trucks_Diesel_Articulated 50 - 60 t_Euro V,EGR,,-0.04,1,5,85,-0.002857556,0.298120926,-1.418691645,2.06454622,0.016156283,-0.087069453,0.160462332,0,1,1,1 
HDVD_97,Heavy Duty Trucks_Diesel_Articulated 50 - 60 t_Euro V,EGR,,-0.02,0,5,85,-0.004129518,0.730520974,-2.696569277,2.877720622,0.029039578,-0.08521607,0.083260646,0,1,1,1 
HDVD_97,Heavy Duty Trucks_Diesel_Articulated 50 - 60 t_Euro V,EGR,,-0.02,0.5,5,85,-0.003923637,0.431897258,-2.002882756,0.859925167,0.01284233,-0.016054093,-0.175055125,0,1,1,1 
HDVD_97,Heavy Duty Trucks_Diesel_Articulated 50 - 60 t_Euro V,EGR,,-0.02,1,5,85,-0.003896349,0.405963368,-1.896623862,0.996128829,0.011739029,-0.015750387,-0.150309302,0,1,1,1 
HDVD_97,Heavy Duty Trucks_Diesel_Articulated 50 - 60 t_Euro V,EGR,,0,0,5,85,0.004348647,0.568134249,-2.131077276,1.932397851,0.022716851,-0.06699792,0.040538727,0,1,1,1 
HDVD_97,Heavy Duty Trucks_Diesel_Articulated 50 - 60 t_Euro V,EGR,,0,0.5,5,85,0.002151721,0.301445303,-1.676674834,1.37802699,0.011257752,-0.049388245,-7.56E-15,0,1,1,1 
HDVD_97,Heavy Duty Trucks_Diesel_Articulated 50 - 60 t_Euro V,EGR,,0,1,5,85,0.00407427,0.567967341,-2.419658394,2.819573675,0.021267332,-0.083539497,0.098576219,0,1,1,1 
HDVD_97,Heavy Duty Trucks_Diesel_Articulated 50 - 60 t_Euro V,EGR,,0.02,0,5,85,0.008416954,0.650510416,-2.435984962,2.075516741,0.024041632,-0.069092893,0.033180825,0,1,1,1 
HDVD_97,Heavy Duty Trucks_Diesel_Articulated 50 - 60 t_Euro V,EGR,,0.02,0.5,5,80,0.010212462,1.088097064,-2.313553617,1.215149802,0.033623928,-0.038165111,0.002162019,0,1,1,1 
HDVD_97,Heavy Duty Trucks_Diesel_Articulated 50 - 60 t_Euro V,EGR,,0.02,1,5,70,0.004557614,0.947024181,-3.454931369,2.365153815,0.025832459,-0.069391797,-1.01E-13,0,1,1,1 
HDVD_97,Heavy Duty Trucks_Diesel_Articulated 50 - 60 t_Euro V,EGR,,0.04,0,5,85,-0.000438246,0.014234933,2.482788287,-2.289366817,-0.000805416,0.078592547,0.012431571,0,1,1,1 
HDVD_97,Heavy Duty Trucks_Diesel_Articulated 50 - 60 t_Euro V,EGR,,0.04,0.5,5,60,-0.000896929,0.116153043,3.590206469,-2.876362476,0.001008033,0.107267066,0.006330052,0,1,1,1 
HDVD_97,Heavy Duty Trucks_Diesel_Articulated 50 - 60 t_Euro V,EGR,,0.04,1,5,40,0.008961005,1.157578548,-3.843659509,1.668631123,0.030242559,-0.083266975,-1.29E-11,0,1,1,1 
HDVD_97,Heavy Duty Trucks_Diesel_Articulated 50 - 60 t_Euro V,EGR,,0.06,0,5,80,-0.000952949,0.07125047,3.518188343,-3.391499086,-0.000459094,0.110520006,0.002801041,0,1,1,1 
HDVD_97,Heavy Duty Trucks_Diesel_Articulated 50 - 60 t_Euro V,EGR,,0.06,0.5,5,45,0.011118629,2.311337021,-0.626281959,-0.721072446,0.055661771,0.024468,-2.35E-06,0,1,1,1 
HDVD_97,Heavy Duty Trucks_Diesel_Articulated 50 - 60 t_Euro V,EGR,,0.06,1,5,30,0.005925601,1.449563097,-4.349460474,1.1830061,0.032824501,-0.087821539,5.53E-13,0,1,1,1 
HDVD_98,Heavy Duty Trucks_Diesel_Articulated 50 - 60 t_Euro VI,,,-0.06,0,5,80,-0.005136013,0.457680073,-2.162340975,3.073073702,0.140107959,-0.791601847,1.426716616,0,1,1,1 
HDVD_98,Heavy Duty Trucks_Diesel_Articulated 50 - 60 t_Euro VI,,,-0.06,0.5,5,65,-0.003149766,0.238160522,-1.309652585,1.461280069,0.061129748,-0.266893956,6.75E-11,0,1,1,1 
HDVD_98,Heavy Duty Trucks_Diesel_Articulated 50 - 60 t_Euro VI,,,-0.06,1,5,70,-0.004805567,0.371012568,-1.349532017,1.783182454,0.129058442,-0.573317381,1.193505027,0,1,1,1 
HDVD_98,Heavy Duty Trucks_Diesel_Articulated 50 - 60 t_Euro VI,,,-0.04,0,5,85,-0.005382094,0.535296683,-2.037210537,2.369636835,0.112659529,-0.396919629,0.580874982,0,1,1,1 
HDVD_98,Heavy Duty Trucks_Diesel_Articulated 50 - 60 t_Euro VI,,,-0.04,0.5,5,80,-0.005947717,0.523163109,-1.830427029,1.894682974,0.109293813,-0.30643703,0.39298673,0,1,1,1 
HDVD_98,Heavy Duty Trucks_Diesel_Articulated 50 - 60 t_Euro VI,,,-0.04,1,5,80,-0.008080241,0.68762049,-2.114238363,1.955879067,0.150533731,-0.318995994,0.390163954,0,1,1,1 
HDVD_98,Heavy Duty Trucks_Diesel_Articulated 50 - 60 t_Euro VI,,,-0.02,0,5,85,-0.005698637,0.841243943,-2.919158722,-2.762699574,0.110743342,0.159821961,-2.811308133,0,1,1,1 
HDVD_98,Heavy Duty Trucks_Diesel_Articulated 50 - 60 t_Euro VI,,,-0.02,0.5,5,85,-0.000327134,0.018263172,1.46864587,-1.850350421,0.00274039,0.280610752,0.06765554,0,1,1,1 
HDVD_98,Heavy Duty Trucks_Diesel_Articulated 50 - 60 t_Euro VI,,,-0.02,1,5,85,-0.000511935,0.035136842,1.408380651,-1.893052877,0.005150035,0.294391686,-5.63E-13,0,1,1,1 
HDVD_98,Heavy Duty Trucks_Diesel_Articulated 50 - 60 t_Euro VI,,,0,0,5,85,-0.000168961,-0.016156344,2.813850077,-0.081265375,-0.004458155,0.382632098,0.98326433,0,1,1,1 
HDVD_98,Heavy Duty Trucks_Diesel_Articulated 50 - 60 t_Euro VI,,,0,0.5,5,85,-0.000153846,-0.0083489,1.934428087,-0.506891453,-0.003462643,0.298917289,0.347568047,0,1,1,1 
HDVD_98,Heavy Duty Trucks_Diesel_Articulated 50 - 60 t_Euro VI,,,0,1,5,85,-8.87E-05,-0.012920752,1.80906264,1.053406848,-0.003003621,0.253202463,0.675532669,0,1,1,1 
HDVD_98,Heavy Duty Trucks_Diesel_Articulated 50 - 60 t_Euro VI,,,0.02,0,5,85,-0.00057572,0.051372473,2.451645367,-1.260525286,-0.001523121,0.409110381,0.198879958,0,1,1,1 
HDVD_98,Heavy Duty Trucks_Diesel_Articulated 50 - 60 t_Euro VI,,,0.02,0.5,5,85,0.000465372,0.28458137,2.384538832,-1.637223869,0.030112096,0.417000765,1.17E-09,0,1,1,1 
HDVD_98,Heavy Duty Trucks_Diesel_Articulated 50 - 60 t_Euro VI,,,0.02,1,5,70,0.007078562,0.725811476,-2.513081123,1.084557261,0.105123451,-0.302640902,-4.05E-10,0,1,1,1 
HDVD_98,Heavy Duty Trucks_Diesel_Articulated 50 - 60 t_Euro VI,,,0.04,0,5,85,-0.000844194,0.123044287,2.092072041,-1.622989904,0.005848849,0.355173093,-2.41E-13,0,1,1,1 
HDVD_98,Heavy Duty Trucks_Diesel_Articulated 50 - 60 t_Euro VI,,,0.04,0.5,5,65,0.005850254,0.530455216,-1.805106476,0.668344338,0.075249221,-0.218056087,-2.88E-11,0,1,1,1 
HDVD_98,Heavy Duty Trucks_Diesel_Articulated 50 - 60 t_Euro VI,,,0.04,1,5,45,-0.000573955,-0.014942822,2.20844886,-0.24137812,-0.005829354,0.289625755,0.000325154,0,1,1,1 
HDVD_98,Heavy Duty Trucks_Diesel_Articulated 50 - 60 t_Euro VI,,,0.06,0,5,85,5.84E-05,-0.024043454,1.968328159,0.354383928,-0.001966184,0.186695471,0.546300634,0,1,1,1 
HDVD_98,Heavy Duty Trucks_Diesel_Articulated 50 - 60 t_Euro VI,,,0.06,0.5,5,45,0.006115151,0.396530667,-2.091169803,0.480058829,0.053868352,-0.252677994,-2.16E-12,0,1,1,1 
HDVD_98,Heavy Duty Trucks_Diesel_Articulated 50 - 60 t_Euro VI,,,0.06,1,5,30,0.014643823,0.608837873,-2.464050131,-1.286316626,0.086023068,-0.355440884,-1.45E-12,0,1,1,1 
BD_1,Buses_Diesel_Urban Buses Midi <=15 t_Conventional,,,-0.06,0,11,86,-9.71E-05,0.022412832,2.552200859,-1.785514506,0.00121752,0.011196289,0.164182885,0,1,1,1 
BD_1,Buses_Diesel_Urban Buses Midi <=15 t_Conventional,,,-0.06,0.5,11,86,-6.01E-06,0.001793114,1.157982035,-4.207099426,0.000449267,0.004823984,0.030732731,0,1,1,1 
BD_1,Buses_Diesel_Urban Buses Midi <=15 t_Conventional,,,-0.06,1,11,86,-5.03E-18,9.07E-16,2.8322191,3.88E-13,0.001161067,0.006524171,0.28634861,0,1,1,1 
BD_1,Buses_Diesel_Urban Buses Midi <=15 t_Conventional,,,-0.04,0,11,86,0.001909909,-0.012773761,4.228312514,3.502484516,0.002609181,-0.019058636,0.555000177,0,1,1,1 
BD_1,Buses_Diesel_Urban Buses Midi <=15 t_Conventional,,,-0.04,0.5,11,86,-3.04E-05,0.017745789,1.786133056,-5.420085975,0.000544565,0.011894267,0.01701502,0,1,1,1 
BD_1,Buses_Diesel_Urban Buses Midi <=15 t_Conventional,,,-0.04,1,11,86,-3.70E-05,0.016937344,2.479085569,-8.570414906,0.000726135,0.012999217,0.045557094,0,1,1,1 
BD_1,Buses_Diesel_Urban Buses Midi <=15 t_Conventional,,,-0.02,0,11,86,0.002427375,-0.085481449,2.176102485,14.61909338,0.000927646,-0.021432361,0.476043337,0,1,1,1 
BD_1,Buses_Diesel_Urban Buses Midi <=15 t_Conventional,,,-0.02,0.5,11,86,0.0009574,-0.035515695,0.930793618,6.653092623,0.000397354,-0.009082733,0.20506333,0,1,1,1 
BD_1,Buses_Diesel_Urban Buses Midi <=15 t_Conventional,,,-0.02,1,11,86,0.000686088,-0.027999656,1.033656334,5.435188736,0.000308284,-0.004844256,0.16929807,0,1,1,1 
BD_1,Buses_Diesel_Urban Buses Midi <=15 t_Conventional,,,0,0,11,86,0.001482558,-0.044263787,2.709083458,9.160672555,0.000470451,-0.000459836,0.292379633,0,1,1,1 
BD_1,Buses_Diesel_Urban Buses Midi <=15 t_Conventional,,,0,0.5,11,86,0.001512792,-0.045576914,2.779884711,9.446344161,0.000463568,-0.000513694,0.288255162,0,1,1,1 
BD_1,Buses_Diesel_Urban Buses Midi <=15 t_Conventional,,,0,1,11,86,0.001006078,-0.022630172,2.260357041,7.584659457,0.000291449,0.003839265,0.194601538,0,1,1,1 
BD_1,Buses_Diesel_Urban Buses Midi <=15 t_Conventional,,,0.02,0,11,86,0.000935508,-0.018834278,1.953310729,7.945995,0.0002731,0.003622584,0.171126512,0,1,1,1 
BD_1,Buses_Diesel_Urban Buses Midi <=15 t_Conventional,,,0.02,0.5,11,86,0.001031692,0.065526572,6.61480553,-9.42340465,0.000123059,0.056931867,-0.073833665,0,1,1,1 
BD_1,Buses_Diesel_Urban Buses Midi <=15 t_Conventional,,,0.02,1,11,86,0.00049584,0.043003813,1.381219615,13.65526335,0.000102691,0.014371034,0.073715286,0,1,1,1 
BD_1,Buses_Diesel_Urban Buses Midi <=15 t_Conventional,,,0.04,0,11,86,0.001461119,-0.039701241,0.802246696,8.930060031,0.000341929,-0.007471507,0.155888887,0,1,1,1 
BD_1,Buses_Diesel_Urban Buses Midi <=15 t_Conventional,,,0.04,0.5,11,82,0.003364609,-0.091340861,0.846406326,12.7782304,0.000591158,-0.016383545,0.214790459,0,1,1,1 
BD_1,Buses_Diesel_Urban Buses Midi <=15 t_Conventional,,,0.04,1,11,71,0.006616063,-0.181615033,1.53203912,13.77924744,0.000903622,-0.025156371,0.273152999,0,1,1,1 
BD_1,Buses_Diesel_Urban Buses Midi <=15 t_Conventional,,,0.06,0,11,80,0.003579087,-0.098715899,0.856538262,10.76551793,0.000638716,-0.017866273,0.21073394,0,1,1,1 
BD_1,Buses_Diesel_Urban Buses Midi <=15 t_Conventional,,,0.06,0.5,11,66,0.011164702,-0.314569675,5.044339647,-21.17497718,0.001199086,-0.018969603,0.129750543,0,1,1,1 
BD_1,Buses_Diesel_Urban Buses Midi <=15 t_Conventional,,,0.06,1,11,55,0.004289423,0.102344288,11.12607543,-22.24713103,-0.000554039,0.075013751,-0.175037734,0,1,1,1 
BD_2,Buses_Diesel_Urban Buses Midi <=15 t_Euro I,,,-0.06,0,11,86,-1.06E-05,0.004890225,2.707878996,-0.482369485,0.002188993,0.058797266,0.304948325,0,1,1,1 
BD_2,Buses_Diesel_Urban Buses Midi <=15 t_Euro I,,,-0.06,0.5,11,86,3.06E-05,-0.011166411,3.137387832,0.8146016,0.002045486,0.055980435,0.585598384,0,1,1,1 
BD_2,Buses_Diesel_Urban Buses Midi <=15 t_Euro I,,,-0.06,1,11,86,-5.88E-06,0.001388674,1.423612946,-5.542161881,0.001399535,0.014036677,0.122497738,0,1,1,1 
BD_2,Buses_Diesel_Urban Buses Midi <=15 t_Euro I,,,-0.04,0,11,86,0.000892381,-0.020192043,2.518321882,-0.263151056,0.00278327,0.001663642,0.573826678,0,1,1,1 
BD_2,Buses_Diesel_Urban Buses Midi <=15 t_Euro I,,,-0.04,0.5,11,86,0.0003744,0.0126709,2.378200711,-0.438845988,0.003112637,0.005511153,0.570868159,0,1,1,1 
BD_2,Buses_Diesel_Urban Buses Midi <=15 t_Euro I,,,-0.04,1,11,86,0.000180681,0.013416705,2.362348076,-0.502322703,0.00259813,0.007704677,0.601280895,0,1,1,1 
BD_2,Buses_Diesel_Urban Buses Midi <=15 t_Euro I,,,-0.02,0,11,86,0.000602582,-0.020930459,0.673501363,3.999165395,0.000688467,-0.012212349,0.359252379,0,1,1,1 
BD_2,Buses_Diesel_Urban Buses Midi <=15 t_Euro I,,,-0.02,0.5,11,86,0.000655353,-0.024179258,0.734096297,4.547274404,0.000764974,-0.015063063,0.402170819,0,1,1,1 
BD_2,Buses_Diesel_Urban Buses Midi <=15 t_Euro I,,,-0.02,1,11,86,0.000704216,-0.02826512,1.239637088,5.245473028,0.000825551,-0.008795096,0.482661095,0,1,1,1 
BD_2,Buses_Diesel_Urban Buses Midi <=15 t_Euro I,,,0,0,11,86,0.000458237,-0.008847899,1.126327279,4.429471836,0.000464909,0.009708453,0.288504116,0,1,1,1 
BD_2,Buses_Diesel_Urban Buses Midi <=15 t_Euro I,,,0,0.5,11,86,0.000328276,-0.00260785,0.939606999,3.64799857,0.000300302,0.011215489,0.208550812,0,1,1,1 
BD_2,Buses_Diesel_Urban Buses Midi <=15 t_Euro I,,,0,1,11,86,0.000329672,0.042902291,2.479215192,-2.886198831,0.000389959,0.063616689,-0.022723869,0,1,1,1 
BD_2,Buses_Diesel_Urban Buses Midi <=15 t_Euro I,,,0.02,0,11,86,0.000340933,0.014358605,0.905238602,-6.678270438,0.000451358,0.021760862,-0.161358933,0,1,1,1 
BD_2,Buses_Diesel_Urban Buses Midi <=15 t_Euro I,,,0.02,0.5,11,86,0.000110844,0.035908923,0.716912942,4.560080481,0.000197119,0.028637114,0.031440704,0,1,1,1 
BD_2,Buses_Diesel_Urban Buses Midi <=15 t_Euro I,,,0.02,1,11,86,0.000249054,0.072583613,0.864667947,4.492532139,0.000449442,0.03826172,-0.032143465,0,1,1,1 
BD_2,Buses_Diesel_Urban Buses Midi <=15 t_Euro I,,,0.04,0,11,86,4.69E-05,0.023706757,0.370728736,5.251460551,6.24E-05,0.02025838,0.028897655,0,1,1,1 
BD_2,Buses_Diesel_Urban Buses Midi <=15 t_Euro I,,,0.04,0.5,11,83,0.000930042,0.209068865,1.466923638,17.89084814,0.001180291,0.095252513,-0.100974351,0,1,1,1 
BD_2,Buses_Diesel_Urban Buses Midi <=15 t_Euro I,,,0.04,1,11,70,5.95E-05,0.014429472,1.478691575,9.320495823,-8.25E-05,0.022501262,0.184688848,0,1,1,1 
BD_2,Buses_Diesel_Urban Buses Midi <=15 t_Euro I,,,0.06,0,11,82,0.000251904,0.051643562,0.385602178,6.725865013,0.000241133,0.027392525,-0.001076199,0,1,1,1 
BD_2,Buses_Diesel_Urban Buses Midi <=15 t_Euro I,,,0.06,0.5,11,68,0.00880268,0.407981058,-4.636450182,-0.184713405,0.008348198,-0.075319147,-0.024255381,0,1,1,1 
BD_2,Buses_Diesel_Urban Buses Midi <=15 t_Euro I,,,0.06,1,11,57,7.87E-05,0.006401426,-1.476392751,54.64587221,0.000259499,-0.027002083,0.744310391,0,1,1,1 
BD_3,Buses_Diesel_Urban Buses Midi <=15 t_Euro II,,,-0.06,0,11,86,-1.12E-05,-0.014446683,2.547492024,-1.06421568,0.000395852,0.111662975,0.04459571,0,1,1,1 
BD_3,Buses_Diesel_Urban Buses Midi <=15 t_Euro II,,,-0.06,0.5,11,86,3.05E-05,-0.008843171,0.743363439,3.321167205,9.22E-05,0.022498728,0.309735525,0,1,1,1 
BD_3,Buses_Diesel_Urban Buses Midi <=15 t_Euro II,,,-0.06,1,11,86,-3.38E-05,0.003235665,1.916524638,0.420907073,0.002722908,-0.008048309,1.007129382,0,1,1,1 
BD_3,Buses_Diesel_Urban Buses Midi <=15 t_Euro II,,,-0.04,0,11,86,0.000191286,-0.010975082,1.164001671,1.902528274,0.00057262,0.024478034,0.275866781,0,1,1,1 
BD_3,Buses_Diesel_Urban Buses Midi <=15 t_Euro II,,,-0.04,0.5,11,86,-4.31E-05,0.028520958,2.472374634,-1.761167579,0.002777545,0.045679652,0.455129161,0,1,1,1 
BD_3,Buses_Diesel_Urban Buses Midi <=15 t_Euro II,,,-0.04,1,11,86,-0.000144275,0.027791424,3.16627502,-1.320462587,0.002958106,0.036817832,0.863205747,0,1,1,1 
BD_3,Buses_Diesel_Urban Buses Midi <=15 t_Euro II,,,-0.02,0,11,86,0.000434021,-0.010954599,0.726832525,4.71142361,0.000659348,0.00206401,0.349405916,0,1,1,1 
BD_3,Buses_Diesel_Urban Buses Midi <=15 t_Euro II,,,-0.02,0.5,11,86,0.000430352,-0.015367738,0.869230425,3.66498931,0.000616752,-0.00070749,0.366973387,0,1,1,1 
BD_3,Buses_Diesel_Urban Buses Midi <=15 t_Euro II,,,-0.02,1,11,86,0.000761531,-0.034838629,1.889878569,4.377227162,0.001085589,-0.005510758,0.665295565,0,1,1,1 
BD_3,Buses_Diesel_Urban Buses Midi <=15 t_Euro II,,,0,0,11,86,0.00032748,-0.006450087,1.027738024,2.910195578,0.000406972,0.012786036,0.255723104,0,1,1,1 
BD_3,Buses_Diesel_Urban Buses Midi <=15 t_Euro II,,,0,0.5,11,86,0.00228971,0.035083138,3.586660802,-1.552720273,0.003924967,0.02289144,0.560971739,0,1,1,1 
BD_3,Buses_Diesel_Urban Buses Midi <=15 t_Euro II,,,0,1,11,86,0.002298069,0.000514397,3.151856277,0.77840033,0.003237545,-0.009439697,0.68168063,0,1,1,1 
BD_3,Buses_Diesel_Urban Buses Midi <=15 t_Euro II,,,0.02,0,11,86,3.70E-05,0.017838147,0.503167783,-4.395067915,0.000242679,0.017641398,-0.135173953,0,1,1,1 
BD_3,Buses_Diesel_Urban Buses Midi <=15 t_Euro II,,,0.02,0.5,11,86,-4.98E-05,-0.005181751,0.8541499,5.816163493,-0.000184224,0.015316951,0.174192321,0,1,1,1 
BD_3,Buses_Diesel_Urban Buses Midi <=15 t_Euro II,,,0.02,1,11,86,0.000831052,0.089479178,3.56408542,-4.502019413,0.001824874,0.052421439,0.056642508,0,1,1,1 
BD_3,Buses_Diesel_Urban Buses Midi <=15 t_Euro II,,,0.04,0,11,86,0.000184301,0.122266583,2.34531153,-5.108904216,0.001440683,0.073861004,-0.21546706,0,1,1,1 
BD_3,Buses_Diesel_Urban Buses Midi <=15 t_Euro II,,,0.04,0.5,11,86,7.27E-05,0.063020785,2.553737638,-4.689468432,0.000662133,0.049403201,-0.099256187,0,1,1,1 
BD_3,Buses_Diesel_Urban Buses Midi <=15 t_Euro II,,,0.04,1,11,77,0.000426844,0.045885104,2.468338428,-3.355806486,0.00108099,0.020532992,0.046681607,0,1,1,1 
BD_3,Buses_Diesel_Urban Buses Midi <=15 t_Euro II,,,0.06,0,11,85,5.87E-05,0.053345075,1.099211342,-6.602510876,0.000604535,0.026075327,-0.144478276,0,1,1,1 
BD_3,Buses_Diesel_Urban Buses Midi <=15 t_Euro II,,,0.06,0.5,11,66,0.0037467,0.022172694,5.623387903,-3.1806555,0.003767102,0.003185688,0.396227882,0,1,1,1 
BD_3,Buses_Diesel_Urban Buses Midi <=15 t_Euro II,,,0.06,1,11,60,-6.91E-05,0.042645425,2.789193939,-6.798265999,0.000823829,0.017984953,0.00268699,0,1,1,1 
BD_4,Buses_Diesel_Urban Buses Midi <=15 t_Euro III,,,-0.06,0,11,86,0.000369099,0.014117996,2.195203168,-0.585262403,0.003006061,0.010815998,0.552116599,0,1,1,1 
BD_4,Buses_Diesel_Urban Buses Midi <=15 t_Euro III,,,-0.06,0.5,11,86,0.000152905,-0.015622497,1.335557293,1.741903839,0.000436025,0.019132368,0.346893299,0,1,1,1 
BD_4,Buses_Diesel_Urban Buses Midi <=15 t_Euro III,,,-0.06,1,11,86,0.000344823,-0.032120351,2.233182562,1.228181287,0.001084676,0.007539683,0.744901803,0,1,1,1 
BD_4,Buses_Diesel_Urban Buses Midi <=15 t_Euro III,,,-0.04,0,11,86,0.000526648,-0.024087343,0.868628045,3.946249015,0.000796537,-0.014650894,0.47265143,0,1,1,1 
BD_4,Buses_Diesel_Urban Buses Midi <=15 t_Euro III,,,-0.04,0.5,11,86,0.000901601,-0.007339634,2.319961696,1.74332104,0.003208881,-0.025170952,0.883373445,0,1,1,1 
BD_4,Buses_Diesel_Urban Buses Midi <=15 t_Euro III,,,-0.04,1,11,86,0.000500703,0.004521908,2.427880964,0.519868542,0.002649448,-0.007558535,0.776636127,0,1,1,1 
BD_4,Buses_Diesel_Urban Buses Midi <=15 t_Euro III,,,-0.02,0,11,86,0.000686329,-0.027153017,1.046777461,3.312991615,0.000728104,-0.012634161,0.46614143,0,1,1,1 
BD_4,Buses_Diesel_Urban Buses Midi <=15 t_Euro III,,,-0.02,0.5,11,86,0.000829724,-0.035082271,1.277420256,4.038137448,0.000851375,-0.017125946,0.56141168,0,1,1,1 
BD_4,Buses_Diesel_Urban Buses Midi <=15 t_Euro III,,,-0.02,1,11,86,0.001001702,-0.044863649,1.408575023,5.4259948,0.001016429,-0.025037066,0.652434829,0,1,1,1 
BD_4,Buses_Diesel_Urban Buses Midi <=15 t_Euro III,,,0,0,11,86,0.000901849,-0.033958708,1.480525579,4.818885524,0.000914751,-0.011596393,0.574602907,0,1,1,1 
BD_4,Buses_Diesel_Urban Buses Midi <=15 t_Euro III,,,0,0.5,11,86,0.000923936,-0.034206901,1.589481117,5.113041534,0.000856906,-0.009104901,0.540001937,0,1,1,1 
BD_4,Buses_Diesel_Urban Buses Midi <=15 t_Euro III,,,0,1,11,86,0.00147422,-0.05813183,2.203188267,6.412668872,0.001260083,-0.022577981,0.733208918,0,1,1,1 
BD_4,Buses_Diesel_Urban Buses Midi <=15 t_Euro III,,,0.02,0,11,86,0.001653868,0.046416162,3.611169631,-2.318704557,0.003164888,0.030555049,0.473477145,0,1,1,1 
BD_4,Buses_Diesel_Urban Buses Midi <=15 t_Euro III,,,0.02,0.5,11,86,0.001629491,0.055317924,3.789685219,-2.680487965,0.002785283,0.032881997,0.396079237,0,1,1,1 
BD_4,Buses_Diesel_Urban Buses Midi <=15 t_Euro III,,,0.02,1,11,86,0.001664502,0.050964709,3.861998009,-2.491410589,0.00249552,0.025504926,0.370832216,0,1,1,1 
BD_4,Buses_Diesel_Urban Buses Midi <=15 t_Euro III,,,0.04,0,11,86,0.000345294,0.069369645,2.507899987,-1.10370814,0.001290631,0.054472909,0.055626103,0,1,1,1 
BD_4,Buses_Diesel_Urban Buses Midi <=15 t_Euro III,,,0.04,0.5,11,86,0.001095804,0.093093906,4.305269279,-5.248326748,0.002352,0.055089729,0.136062438,0,1,1,1 
BD_4,Buses_Diesel_Urban Buses Midi <=15 t_Euro III,,,0.04,1,11,78,0.000405047,0.050022655,2.567262065,-2.879121077,0.001155816,0.024602278,0.071549143,0,1,1,1 
BD_4,Buses_Diesel_Urban Buses Midi <=15 t_Euro III,,,0.06,0,11,86,0.000464441,0.081250026,2.972914414,-2.705582797,0.001454719,0.055725899,0.019127002,0,1,1,1 
BD_4,Buses_Diesel_Urban Buses Midi <=15 t_Euro III,,,0.06,0.5,11,70,-9.58E-06,0.112763398,4.453506193,-3.533968635,0.001612491,0.062129311,0.021393044,0,1,1,1 
BD_4,Buses_Diesel_Urban Buses Midi <=15 t_Euro III,,,0.06,1,11,61,0.000104598,-0.024754205,1.623511514,6.304564697,-6.57E-05,0.010203983,0.148576306,0,1,1,1 
BD_5,Buses_Diesel_Urban Buses Midi <=15 t_Euro IV,,,-0.06,0,11,86,0.000149225,-0.01069356,0.758263704,3.056868112,0.001425346,0.021289762,0.510654595,0,1,1,1 
BD_5,Buses_Diesel_Urban Buses Midi <=15 t_Euro IV,,,-0.06,0.5,11,86,0.000128469,-0.011502347,0.659931075,2.503982957,0.001230439,0.011291581,0.563520026,0,1,1,1 
BD_5,Buses_Diesel_Urban Buses Midi <=15 t_Euro IV,,,-0.06,1,11,86,-3.94E-06,0.001144189,1.249276055,-4.127826472,0.003670762,0.034558957,0.178443936,0,1,1,1 
BD_5,Buses_Diesel_Urban Buses Midi <=15 t_Euro IV,,,-0.04,0,11,86,3.02E-05,0.008099681,0.834298415,6.426796483,0.001147678,0.070466705,0.230737174,0,1,1,1 
BD_5,Buses_Diesel_Urban Buses Midi <=15 t_Euro IV,,,-0.04,0.5,11,86,0.000527188,-0.001614241,1.704231255,1.279499836,0.006767363,-0.040741202,1.239145198,0,1,1,1 
BD_5,Buses_Diesel_Urban Buses Midi <=15 t_Euro IV,,,-0.04,1,11,86,-1.88E-05,0.009891608,1.178111198,-3.528054046,0.002476845,0.046850023,0.029232499,0,1,1,1 
BD_5,Buses_Diesel_Urban Buses Midi <=15 t_Euro IV,,,-0.02,0,11,86,1.00E-05,0.002037231,0.476841517,3.443396764,-5.06E-05,0.030829555,0.187060157,0,1,1,1 
BD_5,Buses_Diesel_Urban Buses Midi <=15 t_Euro IV,,,-0.02,0.5,11,86,0.000247764,-0.007378813,0.66423186,3.201887201,0.00065121,0.010988536,0.403781802,0,1,1,1 
BD_5,Buses_Diesel_Urban Buses Midi <=15 t_Euro IV,,,-0.02,1,11,86,0.000283278,-0.009874451,0.692200329,3.644547576,0.000802989,0.007146585,0.457855144,0,1,1,1 
BD_5,Buses_Diesel_Urban Buses Midi <=15 t_Euro IV,,,0,0,11,86,0.000441588,0.062920539,2.15417927,-1.562235295,0.002752628,0.105807245,0.098769456,0,1,1,1 
BD_5,Buses_Diesel_Urban Buses Midi <=15 t_Euro IV,,,0,0.5,11,86,1.56E-05,0.014307877,0.812002464,5.567890156,0.000343768,0.037177997,0.375403542,0,1,1,1 
BD_5,Buses_Diesel_Urban Buses Midi <=15 t_Euro IV,,,0,1,11,86,5.39E-06,0.029072026,1.324045184,4.174001376,0.000704771,0.057943679,0.370791742,0,1,1,1 
BD_5,Buses_Diesel_Urban Buses Midi <=15 t_Euro IV,,,0.02,0,11,86,1.30E-07,0.021342778,0.95696556,2.90562784,0.000463526,0.039517059,0.261673515,0,1,1,1 
BD_5,Buses_Diesel_Urban Buses Midi <=15 t_Euro IV,,,0.02,0.5,11,86,-3.09E-05,0.0252211,1.004245154,2.52812683,0.000437473,0.038095472,0.269398379,0,1,1,1 
BD_5,Buses_Diesel_Urban Buses Midi <=15 t_Euro IV,,,0.02,1,11,86,-2.23E-05,0.027277274,1.097416591,2.733192571,0.000395978,0.037795763,0.283584531,0,1,1,1 
BD_5,Buses_Diesel_Urban Buses Midi <=15 t_Euro IV,,,0.04,0,11,86,5.94E-05,0.029769237,0.261987869,-4.205905768,0.00060662,0.023503046,-0.235044952,0,1,1,1 
BD_5,Buses_Diesel_Urban Buses Midi <=15 t_Euro IV,,,0.04,0.5,11,86,0.000231947,0.087484871,1.124706085,-6.01247873,0.001232717,0.07713731,-0.362662985,0,1,1,1 
BD_5,Buses_Diesel_Urban Buses Midi <=15 t_Euro IV,,,0.04,1,11,80,0.000678365,0.193040874,2.032163588,4.903618571,0.001969758,0.150545247,-0.214194958,0,1,1,1 
BD_5,Buses_Diesel_Urban Buses Midi <=15 t_Euro IV,,,0.06,0,11,86,0.000196132,0.071788493,0.820595725,-5.728762478,0.001003762,0.06103396,-0.335663049,0,1,1,1 
BD_5,Buses_Diesel_Urban Buses Midi <=15 t_Euro IV,,,0.06,0.5,11,74,6.35E-05,0.00600587,0.252320893,4.032511431,2.57E-05,0.008688175,0.142672022,0,1,1,1 
BD_5,Buses_Diesel_Urban Buses Midi <=15 t_Euro IV,,,0.06,1,11,63,0.001522533,-0.002702945,-0.786577982,8.862281052,0.001659899,-0.047003969,0.37111607,0,1,1,1 
BD_6,Buses_Diesel_Urban Buses Midi <=15 t_Euro V,SCR,,-0.06,0,5,85,-0.002378219,0.222171699,-1.462267569,3.302554766,0.010074377,-0.076293748,0.190473179,0,1,1,1 
BD_6,Buses_Diesel_Urban Buses Midi <=15 t_Euro V,SCR,,-0.06,0.5,5,80,-0.002351299,0.211444368,-1.162815223,3.212622789,0.010214943,-0.073499863,0.228160304,0,1,1,1 
BD_6,Buses_Diesel_Urban Buses Midi <=15 t_Euro V,SCR,,-0.06,1,5,80,-0.002961163,0.259697901,-1.39997628,3.424741507,0.011970284,-0.0844443,0.242629421,0,1,1,1 
BD_6,Buses_Diesel_Urban Buses Midi <=15 t_Euro V,SCR,,-0.04,0,5,85,-0.002314975,0.312563313,-1.764059244,3.540156662,0.012112116,-0.077797721,0.180467983,0,1,1,1 
BD_6,Buses_Diesel_Urban Buses Midi <=15 t_Euro V,SCR,,-0.04,0.5,5,85,-0.003385429,0.383208273,-2.082684584,4.149242144,0.013922838,-0.088512746,0.211407605,0,1,1,1 
BD_6,Buses_Diesel_Urban Buses Midi <=15 t_Euro V,SCR,,-0.04,1,5,85,-0.004380926,0.469771591,-2.587245338,5.017913469,0.015975926,-0.103669773,0.245812165,0,1,1,1 
BD_6,Buses_Diesel_Urban Buses Midi <=15 t_Euro V,SCR,,-0.02,0,5,85,0.001436182,0.329288001,-1.812853426,3.544272392,0.012322937,-0.074931678,0.168539253,0,1,1,1 
BD_6,Buses_Diesel_Urban Buses Midi <=15 t_Euro V,SCR,,-0.02,0.5,5,85,0.000451599,0.408096852,-2.110141481,4.03280866,0.013385061,-0.078936269,0.182919471,0,1,1,1 
BD_6,Buses_Diesel_Urban Buses Midi <=15 t_Euro V,SCR,,-0.02,1,5,85,-0.000858104,0.491497488,-2.41875987,4.516735304,0.014178665,-0.081296519,0.193691079,0,1,1,1 
BD_6,Buses_Diesel_Urban Buses Midi <=15 t_Euro V,SCR,,0,0,5,85,0.003999206,0.341348661,-1.41977436,4.058645582,0.011898261,-0.063839284,0.191626336,0,1,1,1 
BD_6,Buses_Diesel_Urban Buses Midi <=15 t_Euro V,SCR,,0,0.5,5,85,0.004288411,0.419753072,-1.811615517,4.497233728,0.012469432,-0.067216511,0.188149517,0,1,1,1 
BD_6,Buses_Diesel_Urban Buses Midi <=15 t_Euro V,SCR,,0,1,5,85,0.003960509,0.521028813,-2.163795978,4.466193534,0.012880001,-0.063541127,0.161076319,0,1,1,1 
BD_6,Buses_Diesel_Urban Buses Midi <=15 t_Euro V,SCR,,0.02,0,5,85,0.007549005,0.288704885,-0.229066834,3.454236111,0.010381914,-0.039207889,0.170958682,0,1,1,1 
BD_6,Buses_Diesel_Urban Buses Midi <=15 t_Euro V,SCR,,0.02,0.5,5,85,0.007287047,0.381563365,-1.350341952,3.827636784,0.009917057,-0.046114754,0.128148399,0,1,1,1 
BD_6,Buses_Diesel_Urban Buses Midi <=15 t_Euro V,SCR,,0.02,1,5,85,0.007420787,0.766287202,-3.468724657,3.916797678,0.013635408,-0.057974105,0.063469218,0,1,1,1 
BD_6,Buses_Diesel_Urban Buses Midi <=15 t_Euro V,SCR,,0.04,0,5,85,0.005210239,0.286311758,-1.624502838,2.28683497,0.006525401,-0.035220845,0.049573331,0,1,1,1 
BD_6,Buses_Diesel_Urban Buses Midi <=15 t_Euro V,SCR,,0.04,0.5,5,85,0.006610001,0.560755159,-2.440218293,2.337924023,0.009136678,-0.036484519,0.031165703,0,1,1,1 
BD_6,Buses_Diesel_Urban Buses Midi <=15 t_Euro V,SCR,,0.04,1,5,80,0.002911176,0.817790082,-2.889673529,1.646802447,0.009618451,-0.026901331,1.50E-14,0,1,1,1 
BD_6,Buses_Diesel_Urban Buses Midi <=15 t_Euro V,SCR,,0.06,0,5,85,0.006272585,0.399242997,-1.929470505,2.162301551,0.00704536,-0.031977558,0.034667119,0,1,1,1 
BD_6,Buses_Diesel_Urban Buses Midi <=15 t_Euro V,SCR,,0.06,0.5,5,70,0.003828496,1.047451986,-3.681348232,1.938663494,0.011891465,-0.033905215,-4.68E-13,0,1,1,1 
BD_6,Buses_Diesel_Urban Buses Midi <=15 t_Euro V,SCR,,0.06,1,5,60,-0.005077813,1.477177478,-5.164212711,3.129531827,0.012691483,-0.035103096,9.78E-13,0,1,1,1 
BD_6,Buses_Diesel_Urban Buses Midi <=15 t_Euro V,EGR,,-0.06,0,5,85,-0.00377784,0.409640809,-2.144603142,3.713018639,0.045721477,-0.268032597,0.586962015,0,1,1,1 
BD_6,Buses_Diesel_Urban Buses Midi <=15 t_Euro V,EGR,,-0.06,0.5,5,85,-0.002773408,0.277590377,-1.423555946,2.499373084,0.031083469,-0.192005895,0.453091069,0,1,1,1 
BD_6,Buses_Diesel_Urban Buses Midi <=15 t_Euro V,EGR,,-0.06,1,5,85,-0.003290061,0.326500337,-1.739113347,3.024980334,0.036164368,-0.240091251,0.561648338,0,1,1,1 
BD_6,Buses_Diesel_Urban Buses Midi <=15 t_Euro V,EGR,,-0.04,0,5,85,-0.002060026,0.372625368,-1.883298442,3.146833383,0.034771626,-0.193961351,0.425855484,0,1,1,1 
BD_6,Buses_Diesel_Urban Buses Midi <=15 t_Euro V,EGR,,-0.04,0.5,5,85,-0.00228793,0.302408487,-1.569907151,2.633822043,0.026592849,-0.159845336,0.357480328,0,1,1,1 
BD_6,Buses_Diesel_Urban Buses Midi <=15 t_Euro V,EGR,,-0.04,1,5,85,-0.003045611,0.365702853,-1.960619195,3.297755726,0.03067409,-0.198102806,0.447444641,0,1,1,1 
BD_6,Buses_Diesel_Urban Buses Midi <=15 t_Euro V,EGR,,-0.02,0,5,85,0.003073687,0.26964474,-1.442924455,2.606482799,0.027251699,-0.165436697,0.380949266,0,1,1,1 
BD_6,Buses_Diesel_Urban Buses Midi <=15 t_Euro V,EGR,,-0.02,0.5,5,85,0.001755807,0.343098728,-1.830864867,3.252419625,0.029832476,-0.189979843,0.443966285,0,1,1,1 
BD_6,Buses_Diesel_Urban Buses Midi <=15 t_Euro V,EGR,,-0.02,1,5,85,0.000151001,0.413135513,-2.223371565,3.855862141,0.031512443,-0.208792817,0.482844743,0,1,1,1 
BD_6,Buses_Diesel_Urban Buses Midi <=15 t_Euro V,EGR,,0,0,5,85,0.000407726,-0.04767571,3.058793314,-2.96411408,-0.00092269,0.131766963,0.18105,0,1,1,1 
BD_6,Buses_Diesel_Urban Buses Midi <=15 t_Euro V,EGR,,0,0.5,5,85,0.002463743,0.320764569,-1.44910583,3.041497854,0.022720235,-0.135527441,0.358296648,0,1,1,1 
BD_6,Buses_Diesel_Urban Buses Midi <=15 t_Euro V,EGR,,0,1,5,85,0.001709668,0.406967456,-1.948720141,3.732470211,0.024604069,-0.152237238,0.37337045,0,1,1,1 
BD_6,Buses_Diesel_Urban Buses Midi <=15 t_Euro V,EGR,,0.02,0,5,85,0.003205116,0.533636207,-1.506736115,3.567170746,0.032477107,-0.135059079,0.388679376,0,1,1,1 
BD_6,Buses_Diesel_Urban Buses Midi <=15 t_Euro V,EGR,,0.02,0.5,5,85,0.000718824,0.327123739,-1.359842377,2.674101293,0.016226728,-0.085439164,0.203144227,0,1,1,1 
BD_6,Buses_Diesel_Urban Buses Midi <=15 t_Euro V,EGR,,0.02,1,5,85,-0.000506093,0.375434478,-1.77669597,3.098324598,0.015095801,-0.084923916,0.177699943,0,1,1,1 
BD_6,Buses_Diesel_Urban Buses Midi <=15 t_Euro V,EGR,,0.04,0,5,85,-0.000356374,0.561656498,-2.607231016,3.190162643,0.023181405,-0.107584056,0.13537798,0,1,1,1 
BD_6,Buses_Diesel_Urban Buses Midi <=15 t_Euro V,EGR,,0.04,0.5,5,85,-0.001413152,0.359169128,-1.733253874,2.320221691,0.011776188,-0.059526705,0.086035556,0,1,1,1 
BD_6,Buses_Diesel_Urban Buses Midi <=15 t_Euro V,EGR,,0.04,1,5,80,-0.004433106,0.713769492,-3.472603359,5.169419296,0.019662236,-0.10603405,0.179570498,0,1,1,1 
BD_6,Buses_Diesel_Urban Buses Midi <=15 t_Euro V,EGR,,0.06,0,5,85,-0.002043468,0.573100116,-2.696963223,3.33359095,0.019059135,-0.091245865,0.116347584,0,1,1,1 
BD_6,Buses_Diesel_Urban Buses Midi <=15 t_Euro V,EGR,,0.06,0.5,5,70,-0.002954984,0.406610785,-1.977345194,2.656918649,0.010327854,-0.05346303,0.07750919,0,1,1,1 
BD_6,Buses_Diesel_Urban Buses Midi <=15 t_Euro V,EGR,,0.06,1,5,60,-0.003404027,0.293629873,-1.798300652,1.87627041,0.004834522,-0.028051754,0.015319376,0,1,1,1 
BD_7,Buses_Diesel_Urban Buses Midi <=15 t_Euro VI,,,-0.06,0,5,85,-0.005535543,0.537952626,-2.19118561,3.12058331,0.206241373,-0.714459252,1.649531809,0,1,1,1 
BD_7,Buses_Diesel_Urban Buses Midi <=15 t_Euro VI,,,-0.06,0.5,5,85,-0.003240684,0.307600324,-1.423702142,1.484775063,0.12476844,-0.408893996,-2.37E-11,0,1,1,1 
BD_7,Buses_Diesel_Urban Buses Midi <=15 t_Euro VI,,,-0.06,1,5,80,-0.003856164,0.340876064,-1.592140235,1.690312348,0.137488838,-0.455669257,-6.79E-11,0,1,1,1 
BD_7,Buses_Diesel_Urban Buses Midi <=15 t_Euro VI,,,-0.04,0,5,85,-0.002853796,0.510051164,-1.983439192,2.556853628,0.161078253,-0.468342121,0.977351433,0,1,1,1 
BD_7,Buses_Diesel_Urban Buses Midi <=15 t_Euro VI,,,-0.04,0.5,5,85,-0.004047496,0.44319474,-1.876918812,1.383771394,0.118205571,-0.109902246,-1.069172683,0,1,1,1 
BD_7,Buses_Diesel_Urban Buses Midi <=15 t_Euro VI,,,-0.04,1,5,85,-0.004201347,0.413915718,-1.785220491,1.39416337,0.110581769,-0.136315508,-0.911824539,0,1,1,1 
BD_7,Buses_Diesel_Urban Buses Midi <=15 t_Euro VI,,,-0.02,0,5,85,0.003454186,0.266497823,-1.349529035,1.331246639,0.085763768,-0.266589229,-0.134426191,0,1,1,1 
BD_7,Buses_Diesel_Urban Buses Midi <=15 t_Euro VI,,,-0.02,0.5,5,85,0.001766836,0.263561552,-1.327397015,1.300033127,0.077484322,-0.244629914,-0.146533087,0,1,1,1 
BD_7,Buses_Diesel_Urban Buses Midi <=15 t_Euro VI,,,-0.02,1,5,85,0.000333392,0.239698248,-1.209559724,1.263379327,0.067512618,-0.246136027,1.33E-13,0,1,1,1 
BD_7,Buses_Diesel_Urban Buses Midi <=15 t_Euro VI,,,0,0,5,85,0.000224929,-0.017882994,1.953070373,-2.268321493,-0.002333076,0.37839371,0.255300904,0,1,1,1 
BD_7,Buses_Diesel_Urban Buses Midi <=15 t_Euro VI,,,0,0.5,5,85,0.00029076,-0.024490005,2.035442597,-2.449846364,-0.002057078,0.366503644,0.150352625,0,1,1,1 
BD_7,Buses_Diesel_Urban Buses Midi <=15 t_Euro VI,,,0,1,5,85,0.000403012,-0.030633343,2.158021212,-2.800672878,-0.001313443,0.362221095,0.034108615,0,1,1,1 
BD_7,Buses_Diesel_Urban Buses Midi <=15 t_Euro VI,,,0.02,0,5,85,0.001252261,0.4751987,-2.077132674,2.036662637,0.092610664,-0.356482289,0.262126447,0,1,1,1 
BD_7,Buses_Diesel_Urban Buses Midi <=15 t_Euro VI,,,0.02,0.5,5,85,-0.000375206,0.412058655,-1.85671806,2.013743806,0.073485732,-0.319204218,0.324609663,0,1,1,1 
BD_7,Buses_Diesel_Urban Buses Midi <=15 t_Euro VI,,,0.02,1,5,85,-0.001712061,0.595570577,-2.786836448,3.264211249,0.099703282,-0.470376635,0.553021069,0,1,1,1 
BD_7,Buses_Diesel_Urban Buses Midi <=15 t_Euro VI,,,0.04,0,5,85,-0.001418825,0.368539427,-1.566658426,1.492699414,0.055459158,-0.220334421,0.172603433,0,1,1,1 
BD_7,Buses_Diesel_Urban Buses Midi <=15 t_Euro VI,,,0.04,0.5,5,85,-0.002154674,0.360351773,-1.754631656,2.21819274,0.050934072,-0.258969251,0.339723962,0,1,1,1 
BD_7,Buses_Diesel_Urban Buses Midi <=15 t_Euro VI,,,0.04,1,5,80,-0.00122494,0.304806261,-0.958979632,2.429037138,0.05085058,-0.244737413,0.6071724,0,1,1,1 
BD_7,Buses_Diesel_Urban Buses Midi <=15 t_Euro VI,,,0.06,0,5,85,-0.00163381,0.24928247,-1.193327476,1.473104487,0.033298266,-0.165704491,0.210897548,0,1,1,1 
BD_7,Buses_Diesel_Urban Buses Midi <=15 t_Euro VI,,,0.06,0.5,5,75,-0.004074695,0.386595695,-2.416047444,1.62377629,0.036644734,-0.214107904,-2.46E-14,0,1,1,1 
BD_7,Buses_Diesel_Urban Buses Midi <=15 t_Euro VI,,,0.06,1,5,65,0.000887437,0.145604999,1.201311553,1.524606898,0.041132921,-0.128875594,0.797528128,0,1,1,1 
BD_8,Buses_Diesel_Urban Buses Standard 15 - 18 t_Conventional,,,-0.06,0,11,86,3.41E-05,-0.010211854,0.885857249,5.73879178,5.66E-05,0.008375803,0.089881801,0,1,1,1 
BD_8,Buses_Diesel_Urban Buses Standard 15 - 18 t_Conventional,,,-0.06,0.5,11,86,-2.51E-06,0.000547559,1.122806953,-3.974955689,0.00041073,0.003779891,0.02613963,0,1,1,1 
BD_8,Buses_Diesel_Urban Buses Standard 15 - 18 t_Conventional,,,-0.06,1,11,86,-7.89E-07,-0.000200971,1.26064449,-4.702019653,0.00044267,0.00375603,0.03388691,0,1,1,1 
BD_8,Buses_Diesel_Urban Buses Standard 15 - 18 t_Conventional,,,-0.04,0,11,86,0.000223571,0.023179777,3.197332437,-1.722432544,0.00137496,0.006758183,0.185890992,0,1,1,1 
BD_8,Buses_Diesel_Urban Buses Standard 15 - 18 t_Conventional,,,-0.04,0.5,11,86,-1.46E-05,0.005942111,1.247941247,-4.266601665,0.000358806,0.005369969,0.018889942,0,1,1,1 
BD_8,Buses_Diesel_Urban Buses Standard 15 - 18 t_Conventional,,,-0.04,1,11,86,-1.14E-05,0.003801108,1.37970485,-5.169812675,0.000371773,0.004617247,0.028925641,0,1,1,1 
BD_8,Buses_Diesel_Urban Buses Standard 15 - 18 t_Conventional,,,-0.02,0,11,86,0.000994409,-0.039054694,2.043162944,10.35226676,0.000448472,-0.001089555,0.256124855,0,1,1,1 
BD_8,Buses_Diesel_Urban Buses Standard 15 - 18 t_Conventional,,,-0.02,0.5,11,86,0.000743414,-0.035398765,2.201880017,8.509369048,0.000360852,0.002166003,0.225441201,0,1,1,1 
BD_8,Buses_Diesel_Urban Buses Standard 15 - 18 t_Conventional,,,-0.02,1,11,86,-4.57E-05,0.066473092,3.633707644,-7.691273018,0.000768058,0.025795006,0.005437121,0,1,1,1 
BD_8,Buses_Diesel_Urban Buses Standard 15 - 18 t_Conventional,,,0,0,11,86,0.000421818,-0.003753259,2.535164469,9.09443943,0.000162208,0.014147001,0.154389896,0,1,1,1 
BD_8,Buses_Diesel_Urban Buses Standard 15 - 18 t_Conventional,,,0,0.5,11,86,-1.91E-05,0.002583189,0.93294343,5.534022943,-2.82E-05,0.007132259,0.060967438,0,1,1,1 
BD_8,Buses_Diesel_Urban Buses Standard 15 - 18 t_Conventional,,,0,1,11,86,0.000619106,0.308801798,2.345415794,-12.65556918,0.001278088,0.043313024,-0.229548929,0,1,1,1 
BD_8,Buses_Diesel_Urban Buses Standard 15 - 18 t_Conventional,,,0.02,0,11,86,0.000511931,0.029792726,0.875850795,-9.845852187,0.000257558,0.007814107,-0.084415084,0,1,1,1 
BD_8,Buses_Diesel_Urban Buses Standard 15 - 18 t_Conventional,,,0.02,0.5,11,86,0.001388228,0.301820186,3.616349207,6.549823063,0.000719189,0.065536094,-0.201080503,0,1,1,1 
BD_8,Buses_Diesel_Urban Buses Standard 15 - 18 t_Conventional,,,0.02,1,11,85,0.003955101,0.751883876,7.776797092,14.88356125,0.001406403,0.137154702,-0.411006753,0,1,1,1 
BD_8,Buses_Diesel_Urban Buses Standard 15 - 18 t_Conventional,,,0.04,0,11,85,0.000482745,0.031597998,0.820226191,12.28634007,6.78E-05,0.011274408,0.049539259,0,1,1,1 
BD_8,Buses_Diesel_Urban Buses Standard 15 - 18 t_Conventional,,,0.04,0.5,11,75,0.002491062,0.402625362,2.754602928,20.95551876,0.000360377,0.075654993,-0.254801082,0,1,1,1 
BD_8,Buses_Diesel_Urban Buses Standard 15 - 18 t_Conventional,,,0.04,1,11,62,0.000232077,0.033599693,2.923588595,24.7119269,-6.53E-05,0.014043138,0.159291609,0,1,1,1 
BD_8,Buses_Diesel_Urban Buses Standard 15 - 18 t_Conventional,,,0.06,0,11,72,0.001379791,0.154785939,0.876558737,10.44142662,0.00013862,0.032080841,-0.119299863,0,1,1,1 
BD_8,Buses_Diesel_Urban Buses Standard 15 - 18 t_Conventional,,,0.06,0.5,11,58,0.007718554,-0.180067907,3.759756166,14.97047224,0.000807591,-0.013871185,0.276647595,0,1,1,1 
BD_8,Buses_Diesel_Urban Buses Standard 15 - 18 t_Conventional,,,0.06,1,11,40,-0.00088095,-0.007375891,7.234740898,-14.70915326,0.000220906,-0.001049955,0.240089671,0,1,1,1 
BD_9,Buses_Diesel_Urban Buses Standard 15 - 18 t_Euro I,,,-0.06,0,11,86,4.70E-05,-0.018684477,2.027371397,0.771500032,0.000322137,0.043518963,0.160456174,0,1,1,1 
BD_9,Buses_Diesel_Urban Buses Standard 15 - 18 t_Euro I,,,-0.06,0.5,11,86,4.75E-05,-0.014793123,2.015650493,0.977627686,0.000883277,0.023219312,0.358343005,0,1,1,1 
BD_9,Buses_Diesel_Urban Buses Standard 15 - 18 t_Euro I,,,-0.06,1,11,86,0.000124505,-0.037022415,4.225259447,2.024326941,0.001561423,0.044161534,0.81158791,0,1,1,1 
BD_9,Buses_Diesel_Urban Buses Standard 15 - 18 t_Euro I,,,-0.04,0,11,86,-3.68E-05,0.020605853,2.213502457,-6.67246122,0.001513765,0.031347912,0.03466518,0,1,1,1 
BD_9,Buses_Diesel_Urban Buses Standard 15 - 18 t_Euro I,,,-0.04,0.5,11,86,-2.12E-05,0.008886344,1.563818641,-5.608219117,0.000976668,0.015970082,0.069215713,0,1,1,1 
BD_9,Buses_Diesel_Urban Buses Standard 15 - 18 t_Euro I,,,-0.04,1,11,86,-1.69E-05,0.004546922,2.02241548,-8.614994251,0.001119487,0.012451344,0.13578236,0,1,1,1 
BD_9,Buses_Diesel_Urban Buses Standard 15 - 18 t_Euro I,,,-0.02,0,11,86,0.000800061,-0.030437586,1.270399499,6.403858718,0.000783602,-0.008608243,0.431278033,0,1,1,1 
BD_9,Buses_Diesel_Urban Buses Standard 15 - 18 t_Euro I,,,-0.02,0.5,11,86,0.000719068,-0.033523716,1.641080544,5.585073843,0.000719921,-0.005385184,0.460458902,0,1,1,1 
BD_9,Buses_Diesel_Urban Buses Standard 15 - 18 t_Euro I,,,-0.02,1,11,86,0.000331146,-0.017691213,2.810884843,3.157141463,0.000375557,0.029300789,0.346516618,0,1,1,1 
BD_9,Buses_Diesel_Urban Buses Standard 15 - 18 t_Euro I,,,0,0,11,86,0.000517509,0.000738303,2.262023157,6.57629996,0.000422573,0.029324141,0.299316473,0,1,1,1 
BD_9,Buses_Diesel_Urban Buses Standard 15 - 18 t_Euro I,,,0,0.5,11,86,0.00056702,0.215438609,3.338565012,-7.785683771,0.001684565,0.114036633,-0.376142225,0,1,1,1 
BD_9,Buses_Diesel_Urban Buses Standard 15 - 18 t_Euro I,,,0,1,11,86,0.000475072,0.006328294,-0.482169387,5.682244721,0.000498852,-0.015298703,0.141104134,0,1,1,1 
BD_9,Buses_Diesel_Urban Buses Standard 15 - 18 t_Euro I,,,0.02,0,11,86,0.000481227,0.014676328,0.210665195,-4.455489442,0.000436634,0.003641715,-0.087665961,0,1,1,1 
BD_9,Buses_Diesel_Urban Buses Standard 15 - 18 t_Euro I,,,0.02,0.5,11,86,0.000590931,0.135806469,0.523823614,7.008836762,0.000772488,0.046265215,-0.116291542,0,1,1,1 
BD_9,Buses_Diesel_Urban Buses Standard 15 - 18 t_Euro I,,,0.02,1,11,86,0.002318879,0.667217057,3.889718747,-2.884321798,0.003284134,0.186664776,-0.655819185,0,1,1,1 
BD_9,Buses_Diesel_Urban Buses Standard 15 - 18 t_Euro I,,,0.04,0,11,86,0.000293061,0.051247589,0.153815523,5.33083505,0.000252609,0.019591419,-0.027090684,0,1,1,1 
BD_9,Buses_Diesel_Urban Buses Standard 15 - 18 t_Euro I,,,0.04,0.5,11,76,0.000183485,-0.021635923,0.171454461,33.17928781,0.000116428,-0.016982337,0.631168834,0,1,1,1 
BD_9,Buses_Diesel_Urban Buses Standard 15 - 18 t_Euro I,,,0.04,1,11,61,0.003650399,0.093756846,1.067719385,-8.875155761,0.001180729,0.017362093,-0.124141382,0,1,1,1 
BD_9,Buses_Diesel_Urban Buses Standard 15 - 18 t_Euro I,,,0.06,0,11,74,0.004255383,0.775557613,6.972946564,4.191717891,0.002981229,0.272886327,-0.744838004,0,1,1,1 
BD_9,Buses_Diesel_Urban Buses Standard 15 - 18 t_Euro I,,,0.06,0.5,11,59,-4.17E-05,0.081625913,2.812003119,6.302180599,0.000336634,0.02649292,0.166982465,0,1,1,1 
BD_9,Buses_Diesel_Urban Buses Standard 15 - 18 t_Euro I,,,0.06,1,11,45,0.001628546,-0.154020376,4.78592755,0.919692634,0.000228451,-0.015160065,0.466479133,0,1,1,1 
BD_10,Buses_Diesel_Urban Buses Standard 15 - 18 t_Euro II,,,-0.06,0,11,86,2.25E-05,-0.0069315,0.630775356,3.451483425,6.97E-05,0.018149849,0.20773468,0,1,1,1 
BD_10,Buses_Diesel_Urban Buses Standard 15 - 18 t_Euro II,,,-0.06,0.5,11,86,7.46E-05,-0.023113981,2.81015376,0.991953997,0.001201255,0.039569426,0.733379078,0,1,1,1 
BD_10,Buses_Diesel_Urban Buses Standard 15 - 18 t_Euro II,,,-0.06,1,11,86,-1.45E-06,0.000986956,2.231565524,1.088692731,0.002713559,-0.020665105,1.05629683,0,1,1,1 
BD_10,Buses_Diesel_Urban Buses Standard 15 - 18 t_Euro II,,,-0.04,0,11,86,6.74E-06,-0.00275014,0.36504352,2.517602083,-9.72E-06,0.011138726,0.099581451,0,1,1,1 
BD_10,Buses_Diesel_Urban Buses Standard 15 - 18 t_Euro II,,,-0.04,0.5,11,86,-0.000382068,0.042089278,3.306108396,-2.013650862,0.002228397,0.060872026,0.459068101,0,1,1,1 
BD_10,Buses_Diesel_Urban Buses Standard 15 - 18 t_Euro II,,,-0.04,1,11,86,-1.62E-05,0.003165676,1.967413708,-9.200354371,0.001209771,0.010870685,0.191465336,0,1,1,1 
BD_10,Buses_Diesel_Urban Buses Standard 15 - 18 t_Euro II,,,-0.02,0,11,86,0.000487381,-0.01415903,0.98743446,5.632430192,0.000604442,0.003664018,0.348668944,0,1,1,1 
BD_10,Buses_Diesel_Urban Buses Standard 15 - 18 t_Euro II,,,-0.02,0.5,11,86,0.000843694,-0.037802324,2.222873693,3.891048884,0.00105843,-0.002598556,0.607497129,0,1,1,1 
BD_10,Buses_Diesel_Urban Buses Standard 15 - 18 t_Euro II,,,-0.02,1,11,86,6.99E-05,0.009582818,-0.326539414,4.191880566,0.00036653,-0.01180156,0.132939906,0,1,1,1 
BD_10,Buses_Diesel_Urban Buses Standard 15 - 18 t_Euro II,,,0,0,11,86,0.000500603,-4.47E-05,2.098342502,7.192416576,0.000473309,0.03106946,0.358887809,0,1,1,1 
BD_10,Buses_Diesel_Urban Buses Standard 15 - 18 t_Euro II,,,0,0.5,11,86,0.002580571,0.000985465,3.462741029,0.460253232,0.00287566,-0.003528213,0.599637552,0,1,1,1 
BD_10,Buses_Diesel_Urban Buses Standard 15 - 18 t_Euro II,,,0,1,11,86,0.000348378,0.000252637,-0.411209949,8.604291712,0.00043136,-0.017458689,0.227327327,0,1,1,1 
BD_10,Buses_Diesel_Urban Buses Standard 15 - 18 t_Euro II,,,0.02,0,11,86,0.00024656,0.108193177,3.580483069,-0.287056087,0.000861443,0.089439335,-0.052063354,0,1,1,1 
BD_10,Buses_Diesel_Urban Buses Standard 15 - 18 t_Euro II,,,0.02,0.5,11,86,0.000830524,0.116318337,3.775474248,-2.001489008,0.001469595,0.059877596,0.058931207,0,1,1,1 
BD_10,Buses_Diesel_Urban Buses Standard 15 - 18 t_Euro II,,,0.02,1,11,86,0.000935822,0.061575025,3.155421508,-3.084142753,0.001249061,0.024717402,0.122125954,0,1,1,1 
BD_10,Buses_Diesel_Urban Buses Standard 15 - 18 t_Euro II,,,0.04,0,11,86,1.67E-05,0.011091381,0.653945208,5.111835477,7.75E-05,0.009545336,0.10371252,0,1,1,1 
BD_10,Buses_Diesel_Urban Buses Standard 15 - 18 t_Euro II,,,0.04,0.5,11,80,3.51E-05,0.033512786,1.447703773,5.117643789,0.000307767,0.017286392,0.081005999,0,1,1,1 
BD_10,Buses_Diesel_Urban Buses Standard 15 - 18 t_Euro II,,,0.04,1,11,69,-6.26E-05,0.059118455,3.268187058,-7.630969977,0.000733492,0.020696794,0.020160261,0,1,1,1 
BD_10,Buses_Diesel_Urban Buses Standard 15 - 18 t_Euro II,,,0.06,0,11,75,0.000347077,0.108770965,4.150247313,-1.859660311,0.001240186,0.047586358,0.072729747,0,1,1,1 
BD_10,Buses_Diesel_Urban Buses Standard 15 - 18 t_Euro II,,,0.06,0.5,11,54,0.004786299,-0.133383732,1.980997329,7.558308691,0.001795703,-0.042772586,0.444353162,0,1,1,1 
BD_10,Buses_Diesel_Urban Buses Standard 15 - 18 t_Euro II,,,0.06,1,10,52,0.003552442,-0.362504158,9.861837729,-8.53777141,0.000117757,-0.01226509,0.56296564,0,1,1,1 
BD_11,Buses_Diesel_Urban Buses Standard 15 - 18 t_Euro III,,,-0.06,0,11,86,-2.11E-05,0.01043177,1.322450566,-4.442943875,0.000944139,0.018245301,0.054443742,0,1,1,1 
BD_11,Buses_Diesel_Urban Buses Standard 15 - 18 t_Euro III,,,-0.06,0.5,11,86,0.000282269,-0.026006678,2.747745514,-0.785005044,0.001239346,0.014468178,0.599319306,0,1,1,1 
BD_11,Buses_Diesel_Urban Buses Standard 15 - 18 t_Euro III,,,-0.06,1,11,86,0.000261706,-0.0023103,2.56096705,1.598656749,0.002610164,-0.022362252,0.950786019,0,1,1,1 
BD_11,Buses_Diesel_Urban Buses Standard 15 - 18 t_Euro III,,,-0.04,0,11,86,0.000794611,-0.027238034,3.260803656,-0.771277658,0.0018719,0.008232876,0.613652423,0,1,1,1 
BD_11,Buses_Diesel_Urban Buses Standard 15 - 18 t_Euro III,,,-0.04,0.5,11,86,0.000546704,0.02732812,4.790639083,-0.780628794,0.003836166,0.012197483,0.981774753,0,1,1,1 
BD_11,Buses_Diesel_Urban Buses Standard 15 - 18 t_Euro III,,,-0.04,1,11,86,0.000507876,-0.004223397,3.268562376,1.799337496,0.002645362,-0.022373734,0.994976501,0,1,1,1 
BD_11,Buses_Diesel_Urban Buses Standard 15 - 18 t_Euro III,,,-0.02,0,11,86,0.001304815,-0.056845673,2.13899487,6.574412761,0.00111017,-0.021531787,0.743760024,0,1,1,1 
BD_11,Buses_Diesel_Urban Buses Standard 15 - 18 t_Euro III,,,-0.02,0.5,11,86,0.000642057,-0.02968894,0.942292249,3.601100234,0.000543983,-0.013521933,0.354433743,0,1,1,1 
BD_11,Buses_Diesel_Urban Buses Standard 15 - 18 t_Euro III,,,-0.02,1,11,86,0.000204103,-0.008058411,0.134161381,4.69673203,0.000226743,-0.008975505,0.191731933,0,1,1,1 
BD_11,Buses_Diesel_Urban Buses Standard 15 - 18 t_Euro III,,,0,0,11,86,0.001042164,-0.04095979,1.909412903,5.507123235,0.000804865,-0.009106615,0.534701736,0,1,1,1 
BD_11,Buses_Diesel_Urban Buses Standard 15 - 18 t_Euro III,,,0,0.5,11,86,0.001623567,-0.069061092,2.523908529,7.947913499,0.001110505,-0.022657823,0.733589129,0,1,1,1 
BD_11,Buses_Diesel_Urban Buses Standard 15 - 18 t_Euro III,,,0,1,11,86,0.000653365,-0.010521968,-0.343926372,14.3425957,0.000638168,-0.026661942,0.402388785,0,1,1,1 
BD_11,Buses_Diesel_Urban Buses Standard 15 - 18 t_Euro III,,,0.02,0,11,86,0.00179608,0.05985292,3.976857295,-2.723589411,0.002497076,0.030272896,0.367031821,0,1,1,1 
BD_11,Buses_Diesel_Urban Buses Standard 15 - 18 t_Euro III,,,0.02,0.5,11,86,0.000467918,0.014459149,-0.783625615,10.44285228,0.000665774,-0.022055008,0.234600396,0,1,1,1 
BD_11,Buses_Diesel_Urban Buses Standard 15 - 18 t_Euro III,,,0.02,1,11,86,0.002187032,0.056346241,5.363595556,-2.527388112,0.002421135,0.018729675,0.450056852,0,1,1,1 
BD_11,Buses_Diesel_Urban Buses Standard 15 - 18 t_Euro III,,,0.04,0,11,86,0.001019217,0.145829102,6.501576294,-5.261766518,0.002141578,0.092561408,0.15735485,0,1,1,1 
BD_11,Buses_Diesel_Urban Buses Standard 15 - 18 t_Euro III,,,0.04,0.5,11,81,0.000167067,0.001838114,2.819873211,0.184490851,0.0001512,0.027108213,0.110829395,0,1,1,1 
BD_11,Buses_Diesel_Urban Buses Standard 15 - 18 t_Euro III,,,0.04,1,11,70,-6.52E-05,0.060771843,3.331156189,-8.368261938,0.000783119,0.02226796,0.03861176,0,1,1,1 
BD_11,Buses_Diesel_Urban Buses Standard 15 - 18 t_Euro III,,,0.06,0,11,79,0.000258963,0.058470303,3.168004105,-2.131905383,0.000783446,0.037090722,0.078090838,0,1,1,1 
BD_11,Buses_Diesel_Urban Buses Standard 15 - 18 t_Euro III,,,0.06,0.5,11,62,3.39E-05,0.025040702,-0.700072078,6.094538861,0.000297303,-0.008372071,0.072022856,0,1,1,1 
BD_11,Buses_Diesel_Urban Buses Standard 15 - 18 t_Euro III,,,0.06,1,11,54,0.006836657,-0.701184157,19.29842197,-30.10346155,0.000256215,-0.027356073,1.17146341,0,1,1,1 
BD_12,Buses_Diesel_Urban Buses Standard 15 - 18 t_Euro IV,,,-0.06,0,11,86,1.62E-05,-0.016560669,1.383287028,1.430858368,0.000580506,0.069313635,0.204977255,0,1,1,1 
BD_12,Buses_Diesel_Urban Buses Standard 15 - 18 t_Euro IV,,,-0.06,0.5,11,86,3.80E-05,-0.014908546,1.033502387,2.882622317,0.000522294,0.043934682,0.401465009,0,1,1,1 
BD_12,Buses_Diesel_Urban Buses Standard 15 - 18 t_Euro IV,,,-0.06,1,11,86,5.94E-05,-0.013048375,0.766197626,3.453404444,0.000556054,0.02250997,0.503738046,0,1,1,1 
BD_12,Buses_Diesel_Urban Buses Standard 15 - 18 t_Euro IV,,,-0.04,0,11,86,-0.00029499,0.029723656,1.818185623,-5.272746522,0.002919675,0.080138124,-0.203218023,0,1,1,1 
BD_12,Buses_Diesel_Urban Buses Standard 15 - 18 t_Euro IV,,,-0.04,0.5,11,86,-0.00055578,0.037176586,2.645502959,-1.921403975,0.0032932,0.130990027,0.045140747,0,1,1,1 
BD_12,Buses_Diesel_Urban Buses Standard 15 - 18 t_Euro IV,,,-0.04,1,11,86,-0.000913058,0.053505967,3.975674798,0.287312022,0.004519894,0.201986792,0.277903763,0,1,1,1 
BD_12,Buses_Diesel_Urban Buses Standard 15 - 18 t_Euro IV,,,-0.02,0,11,86,0.000594968,-0.018643842,1.833424515,8.299795371,0.00125759,0.0281217,0.826070067,0,1,1,1 
BD_12,Buses_Diesel_Urban Buses Standard 15 - 18 t_Euro IV,,,-0.02,0.5,11,86,0.00019529,-0.007357716,0.577210033,3.077307355,0.000472974,0.007535889,0.283699697,0,1,1,1 
BD_12,Buses_Diesel_Urban Buses Standard 15 - 18 t_Euro IV,,,-0.02,1,11,86,-2.56E-05,0.026424174,2.187914759,-1.336698198,0.001980993,0.076015668,0.17328744,0,1,1,1 
BD_12,Buses_Diesel_Urban Buses Standard 15 - 18 t_Euro IV,,,0,0,11,86,4.40E-17,8.16E-15,2.433747311,1.54E-12,-0.00034447,0.086310551,0.199383984,0,1,1,1 
BD_12,Buses_Diesel_Urban Buses Standard 15 - 18 t_Euro IV,,,0,0.5,11,86,0.000284761,0.079473494,2.85209668,1.260297737,0.002033414,0.106050958,0.28632944,0,1,1,1 
BD_12,Buses_Diesel_Urban Buses Standard 15 - 18 t_Euro IV,,,0,1,11,86,-1.92E-06,0.018858883,0.836487354,2.481241715,0.000321534,0.027946561,0.188608052,0,1,1,1 
BD_12,Buses_Diesel_Urban Buses Standard 15 - 18 t_Euro IV,,,0.02,0,11,86,4.80E-06,0.006629898,0.481862843,3.586222031,8.46E-05,0.013099345,0.20253052,0,1,1,1 
BD_12,Buses_Diesel_Urban Buses Standard 15 - 18 t_Euro IV,,,0.02,0.5,11,86,2.37E-06,0.005351284,0.495942587,4.09208532,4.36E-05,0.01082267,0.223302625,0,1,1,1 
BD_12,Buses_Diesel_Urban Buses Standard 15 - 18 t_Euro IV,,,0.02,1,11,86,0.00023688,0.092721783,0.574525621,-7.038282129,0.00115819,0.050508689,-0.361231608,0,1,1,1 
BD_12,Buses_Diesel_Urban Buses Standard 15 - 18 t_Euro IV,,,0.04,0,11,86,0.001447242,0.482110384,4.059354484,0.016322764,0.005645792,0.321576776,-0.963219192,0,1,1,1 
BD_12,Buses_Diesel_Urban Buses Standard 15 - 18 t_Euro IV,,,0.04,0.5,11,83,0.000158706,0.048865831,0.821065407,5.449139386,0.000234549,0.042381746,0.066392355,0,1,1,1 
BD_12,Buses_Diesel_Urban Buses Standard 15 - 18 t_Euro IV,,,0.04,1,11,68,0.001031614,0.079632595,1.924935723,12.94808502,0.000808661,0.064790239,0.252500643,0,1,1,1 
BD_12,Buses_Diesel_Urban Buses Standard 15 - 18 t_Euro IV,,,0.06,0,11,81,0.002282652,0.0172936,2.114958675,5.569363786,0.001667721,0.035391294,0.353201259,0,1,1,1 
BD_12,Buses_Diesel_Urban Buses Standard 15 - 18 t_Euro IV,,,0.06,0.5,11,65,8.52E-05,0.021544369,1.717255459,8.416818667,-0.000154032,0.037647373,0.305135852,0,1,1,1 
BD_12,Buses_Diesel_Urban Buses Standard 15 - 18 t_Euro IV,,,0.06,1,11,55,0.002635528,-0.228568235,11.90188911,-0.605973454,0.001392628,-0.002021466,2.110360769,0,1,1,1 
BD_13,Buses_Diesel_Urban Buses Standard 15 - 18 t_Euro V,SCR,,-0.06,0,5,75,-0.005264564,0.455177824,-2.955809746,6.379514052,0.016705887,-0.126025095,0.30589804,0,1,1,1 
BD_13,Buses_Diesel_Urban Buses Standard 15 - 18 t_Euro V,SCR,,-0.06,0.5,5,75,-0.002270425,0.192617016,-1.219469188,2.561458101,0.006912629,-0.051799492,0.124871781,0,1,1,1 
BD_13,Buses_Diesel_Urban Buses Standard 15 - 18 t_Euro V,SCR,,-0.06,1,5,75,-0.002637363,0.222560416,-1.415621951,2.901261073,0.007692023,-0.058525719,0.139375003,0,1,1,1 
BD_13,Buses_Diesel_Urban Buses Standard 15 - 18 t_Euro V,SCR,,-0.04,0,5,85,-0.003228103,0.356554196,-1.798724354,3.551575197,0.010821195,-0.063153924,0.149591333,0,1,1,1 
BD_13,Buses_Diesel_Urban Buses Standard 15 - 18 t_Euro V,SCR,,-0.04,0.5,5,85,-0.002058785,0.214252731,-1.181701431,2.258859003,0.006071184,-0.038855072,0.089251816,0,1,1,1 
BD_13,Buses_Diesel_Urban Buses Standard 15 - 18 t_Euro V,SCR,,-0.04,1,5,85,-0.002603618,0.263204489,-1.390088011,2.645319632,0.00703456,-0.044828644,0.107892318,0,1,1,1 
BD_13,Buses_Diesel_Urban Buses Standard 15 - 18 t_Euro V,SCR,,-0.02,0,5,85,0.000856847,0.411396449,-2.077229044,4.079018504,0.011714526,-0.067013565,0.156663013,0,1,1,1 
BD_13,Buses_Diesel_Urban Buses Standard 15 - 18 t_Euro V,SCR,,-0.02,0.5,5,85,-0.000480248,0.245928263,-1.192749363,2.254892462,0.005989061,-0.033839936,0.080687497,0,1,1,1 
BD_13,Buses_Diesel_Urban Buses Standard 15 - 18 t_Euro V,SCR,,-0.02,1,5,85,-0.00144406,0.285255987,-1.283116177,2.281778502,0.005934637,-0.03099948,0.07473649,0,1,1,1 
BD_13,Buses_Diesel_Urban Buses Standard 15 - 18 t_Euro V,SCR,,0,0,5,85,0.005866021,0.46563878,-1.931585346,6.09450032,0.012736494,-0.069964164,0.225988102,0,1,1,1 
BD_13,Buses_Diesel_Urban Buses Standard 15 - 18 t_Euro V,SCR,,0,0.5,5,85,0.002667496,0.272214824,-1.083889762,2.887866365,0.006080955,-0.031418847,0.09534498,0,1,1,1 
BD_13,Buses_Diesel_Urban Buses Standard 15 - 18 t_Euro V,SCR,,0,1,5,85,0.002238686,0.333639321,-1.268491847,3.014939251,0.006237345,-0.030095443,0.089094825,0,1,1,1 
BD_13,Buses_Diesel_Urban Buses Standard 15 - 18 t_Euro V,SCR,,0.02,0,5,85,0.005153955,0.138940786,0.094214397,3.497633831,0.004497174,-0.018512429,0.119415898,0,1,1,1 
BD_13,Buses_Diesel_Urban Buses Standard 15 - 18 t_Euro V,SCR,,0.02,0.5,5,85,0.004212985,0.198902236,-0.710468684,3.290081026,0.004070124,-0.020954892,0.080328057,0,1,1,1 
BD_13,Buses_Diesel_Urban Buses Standard 15 - 18 t_Euro V,SCR,,0.02,1,5,85,0.010920813,1.097089517,-4.895525011,5.418692321,0.014730651,-0.061243049,0.064924509,0,1,1,1 
BD_13,Buses_Diesel_Urban Buses Standard 15 - 18 t_Euro V,SCR,,0.04,0,5,85,0.046034682,2.546250191,0.318092395,0.724838446,0.038960018,0.004658035,0.010675222,0,1,1,1 
BD_13,Buses_Diesel_Urban Buses Standard 15 - 18 t_Euro V,SCR,,0.04,0.5,5,80,0.005675862,0.72747793,-4.107779495,2.494083843,0.008051235,-0.039241033,0.004236088,0,1,1,1 
BD_13,Buses_Diesel_Urban Buses Standard 15 - 18 t_Euro V,SCR,,0.04,1,5,70,0.0010383,1.168618511,-3.936221302,2.18239237,0.009911844,-0.026388184,-5.79E-14,0,1,1,1 
BD_13,Buses_Diesel_Urban Buses Standard 15 - 18 t_Euro V,SCR,,0.06,0,5,75,0.014139466,1.325778388,-4.445896547,1.657407152,0.015324963,-0.043583593,-8.54E-13,0,1,1,1 
BD_13,Buses_Diesel_Urban Buses Standard 15 - 18 t_Euro V,SCR,,0.06,0.5,5,60,-0.000382573,1.061915238,-5.317562378,1.765003476,0.008221433,-0.034308303,-0.019860648,0,1,1,1 
BD_13,Buses_Diesel_Urban Buses Standard 15 - 18 t_Euro V,SCR,,0.06,1,5,55,-0.019543974,3.692319605,-4.914561346,-2.621305443,0.023700833,-0.020911508,-0.012478018,0,1,1,1 
BD_13,Buses_Diesel_Urban Buses Standard 15 - 18 t_Euro V,EGR,,-0.06,0,5,85,-0.002747212,0.285048555,-1.488359333,2.546970144,0.026593445,-0.161843901,0.365513074,0,1,1,1 
BD_13,Buses_Diesel_Urban Buses Standard 15 - 18 t_Euro V,EGR,,-0.06,0.5,5,85,-0.003356407,0.343719573,-1.870271384,3.239668442,0.032267879,-0.21429304,0.49105168,0,1,1,1 
BD_13,Buses_Diesel_Urban Buses Standard 15 - 18 t_Euro V,EGR,,-0.06,1,5,85,-0.003904152,0.401248106,-2.299782079,4.051241438,0.037254721,-0.267897959,0.61889543,0,1,1,1 
BD_13,Buses_Diesel_Urban Buses Standard 15 - 18 t_Euro V,EGR,,-0.04,0,5,85,-0.003030108,0.395697253,-1.76701747,2.667423091,0.028149591,-0.134866073,0.287110118,0,1,1,1 
BD_13,Buses_Diesel_Urban Buses Standard 15 - 18 t_Euro V,EGR,,-0.04,0.5,5,85,-0.003106482,0.37199684,-1.864048661,3.023992269,0.025959154,-0.153983923,0.346079524,0,1,1,1 
BD_13,Buses_Diesel_Urban Buses Standard 15 - 18 t_Euro V,EGR,,-0.04,1,5,85,-0.003929074,0.441733803,-2.242123823,3.643703625,0.029608799,-0.188360177,0.435271853,0,1,1,1 
BD_13,Buses_Diesel_Urban Buses Standard 15 - 18 t_Euro V,EGR,,-0.02,0,5,85,0.001579696,0.321200491,-1.439421448,2.314651721,0.022327914,-0.114486802,0.261552274,0,1,1,1 
BD_13,Buses_Diesel_Urban Buses Standard 15 - 18 t_Euro V,EGR,,-0.02,0.5,5,85,-0.000308724,0.400890937,-1.8937529,3.093431775,0.024493916,-0.141470732,0.32871869,0,1,1,1 
BD_13,Buses_Diesel_Urban Buses Standard 15 - 18 t_Euro V,EGR,,-0.02,1,5,85,-0.003075944,0.360987099,-1.734719657,1.839631066,0.014053696,-0.049241906,-1.49E-12,0,1,1,1 
BD_13,Buses_Diesel_Urban Buses Standard 15 - 18 t_Euro V,EGR,,0,0,5,85,0.002153423,0.323400136,-1.300260274,2.365323687,0.017976429,-0.086251138,0.213395301,0,1,1,1 
BD_13,Buses_Diesel_Urban Buses Standard 15 - 18 t_Euro V,EGR,,0,0.5,5,85,0.001499743,0.400156911,-1.767591988,3.227172515,0.019553372,-0.107750253,0.261216502,0,1,1,1 
BD_13,Buses_Diesel_Urban Buses Standard 15 - 18 t_Euro V,EGR,,0,1,5,85,0.000631814,0.465783697,-2.215627182,3.812948984,0.020082756,-0.118140908,0.264543996,0,1,1,1 
BD_13,Buses_Diesel_Urban Buses Standard 15 - 18 t_Euro V,EGR,,0.02,0,5,85,0.000867017,0.466018344,-2.02513657,2.527692567,0.018204077,-0.078101902,0.105334722,0,1,1,1 
BD_13,Buses_Diesel_Urban Buses Standard 15 - 18 t_Euro V,EGR,,0.02,0.5,5,85,-0.00023134,0.290517449,-1.373644848,2.057168295,0.009655094,-0.049230858,0.0849209,0,1,1,1 
BD_13,Buses_Diesel_Urban Buses Standard 15 - 18 t_Euro V,EGR,,0.02,1,5,85,-0.001086853,0.477812474,-2.362018293,4.37809964,0.014387363,-0.085069594,0.185655951,0,1,1,1 
BD_13,Buses_Diesel_Urban Buses Standard 15 - 18 t_Euro V,EGR,,0.04,0,5,85,-0.001443427,0.808861316,-3.594618179,4.071436512,0.024075121,-0.104392233,0.116285626,0,1,1,1 
BD_13,Buses_Diesel_Urban Buses Standard 15 - 18 t_Euro V,EGR,,0.04,0.5,5,80,-0.001742858,0.335391988,-1.613466912,2.118716198,0.007950573,-0.039707362,0.055309348,0,1,1,1 
BD_13,Buses_Diesel_Urban Buses Standard 15 - 18 t_Euro V,EGR,,0.04,1,5,70,-0.00160135,0.248291206,-1.26625058,2.728561504,0.005476499,-0.034340692,0.083604705,0,1,1,1 
BD_13,Buses_Diesel_Urban Buses Standard 15 - 18 t_Euro V,EGR,,0.06,0,5,80,-0.003307383,0.635759202,-2.818198117,3.184641612,0.014859924,-0.065299845,0.07286281,0,1,1,1 
BD_13,Buses_Diesel_Urban Buses Standard 15 - 18 t_Euro V,EGR,,0.06,0.5,5,60,-0.005512795,0.5912871,-2.785520529,3.660537772,0.010351778,-0.051259205,0.072064901,0,1,1,1 
BD_13,Buses_Diesel_Urban Buses Standard 15 - 18 t_Euro V,EGR,,0.06,1,5,55,-0.002824625,0.281954262,-1.165420722,4.035904164,0.005061553,-0.032613143,0.110334955,0,1,1,1 
BD_14,Buses_Diesel_Urban Buses Standard 15 - 18 t_Euro VI,,,-0.06,0,5,85,-0.003822918,0.347973925,-1.493949056,2.102723556,0.113041617,-0.430020389,0.962404712,0,1,1,1 
BD_14,Buses_Diesel_Urban Buses Standard 15 - 18 t_Euro VI,,,-0.06,0.5,5,85,-0.003850442,0.351992129,-1.522902744,2.137658721,0.129245012,-0.587855632,1.326457696,0,1,1,1 
BD_14,Buses_Diesel_Urban Buses Standard 15 - 18 t_Euro VI,,,-0.06,1,5,85,-0.003717989,0.343857597,-1.586965652,2.335183933,0.138995867,-0.748707003,1.68469465,0,1,1,1 
BD_14,Buses_Diesel_Urban Buses Standard 15 - 18 t_Euro VI,,,-0.04,0,5,85,-0.003840665,0.47992709,-1.699654857,1.860279657,0.11577495,-0.201227891,0.285796682,0,1,1,1 
BD_14,Buses_Diesel_Urban Buses Standard 15 - 18 t_Euro VI,,,-0.04,0.5,5,85,-0.004659739,0.528297971,-2.047338064,2.489845825,0.13741857,-0.41332478,0.759676436,0,1,1,1 
BD_14,Buses_Diesel_Urban Buses Standard 15 - 18 t_Euro VI,,,-0.04,1,5,85,-0.00381864,0.41026999,-1.627043945,2.047350496,0.113738079,-0.431368952,0.87801808,0,1,1,1 
BD_14,Buses_Diesel_Urban Buses Standard 15 - 18 t_Euro VI,,,-0.02,0,5,85,0.002234654,0.320334283,-1.5634957,1.397978644,0.073058423,-0.17751285,-0.325852542,0,1,1,1 
BD_14,Buses_Diesel_Urban Buses Standard 15 - 18 t_Euro VI,,,-0.02,0.5,5,85,0.000254697,-0.03626303,1.909236832,-2.32219284,-0.002457662,0.280970319,0.709379841,0,1,1,1 
BD_14,Buses_Diesel_Urban Buses Standard 15 - 18 t_Euro VI,,,-0.02,1,5,85,-0.001361303,0.296248926,-1.452805487,1.520253864,0.061724035,-0.22044145,-1.30E-11,0,1,1,1 
BD_14,Buses_Diesel_Urban Buses Standard 15 - 18 t_Euro VI,,,0,0,5,85,0.000165743,-0.026600394,2.137750628,-2.044942949,-0.002950355,0.312695501,0.384305821,0,1,1,1 
BD_14,Buses_Diesel_Urban Buses Standard 15 - 18 t_Euro VI,,,0,0.5,5,85,0.013675099,1.476615105,-1.045549063,-0.625404675,0.280615392,0.110456489,0.004273698,0,1,1,1 
BD_14,Buses_Diesel_Urban Buses Standard 15 - 18 t_Euro VI,,,0,1,5,85,0.000314451,-0.040611899,2.528269332,-3.188253488,-0.00294723,0.349650126,2.06E-14,0,1,1,1 
BD_14,Buses_Diesel_Urban Buses Standard 15 - 18 t_Euro VI,,,0.02,0,5,85,-0.00019408,0.406361028,-2.487498825,1.940652074,0.056164398,-0.293505411,1.69E-14,0,1,1,1 
BD_14,Buses_Diesel_Urban Buses Standard 15 - 18 t_Euro VI,,,0.02,0.5,5,85,-0.000816603,0.295376304,-1.261334006,1.122515596,0.0388135,-0.150833165,0.097246722,0,1,1,1 
BD_14,Buses_Diesel_Urban Buses Standard 15 - 18 t_Euro VI,,,0.02,1,5,85,-5.57E-05,0.00835599,0.463781153,-2.722262159,0.001226296,0.060807869,-0.362146451,0,1,1,1 
BD_14,Buses_Diesel_Urban Buses Standard 15 - 18 t_Euro VI,,,0.04,0,5,85,-0.002115802,0.394958938,-2.844274026,3.195895475,0.043759475,-0.308789095,0.27090682,0,1,1,1 
BD_14,Buses_Diesel_Urban Buses Standard 15 - 18 t_Euro VI,,,0.04,0.5,5,85,-0.000571681,0.255974972,2.249383955,-3.078950221,0.042968309,0.103395113,-1.08E-12,0,1,1,1 
BD_14,Buses_Diesel_Urban Buses Standard 15 - 18 t_Euro VI,,,0.04,1,5,70,-0.003264784,0.362507251,-1.749037507,2.069719596,0.034136626,-0.170795467,0.203504195,0,1,1,1 
BD_14,Buses_Diesel_Urban Buses Standard 15 - 18 t_Euro VI,,,0.06,0,5,80,-0.002413369,0.305924013,-1.422055446,1.569219905,0.030109969,-0.141997785,0.152818637,0,1,1,1 
BD_14,Buses_Diesel_Urban Buses Standard 15 - 18 t_Euro VI,,,0.06,0.5,5,65,0.000397761,0.144173054,2.193918117,-3.272151005,0.030837225,0.0489135,-4.77E-12,0,1,1,1 
BD_14,Buses_Diesel_Urban Buses Standard 15 - 18 t_Euro VI,,,0.06,1,5,55,0.001656178,0.00815319,2.010537671,-2.676667341,0.014449874,0.053919489,-5.51E-14,0,1,1,1 
BD_15,Buses_Diesel_Urban Buses Articulated >18 t_Conventional,,,-0.06,0,11,86,0.000101585,-0.021337815,1.756329391,2.611811119,0.000156863,0.011365049,0.097243739,0,1,1,1 
BD_15,Buses_Diesel_Urban Buses Articulated >18 t_Conventional,,,-0.06,0.5,11,86,6.42E-07,-0.000866504,1.527194825,-5.888475223,0.00047193,0.003765082,0.040173716,0,1,1,1 
BD_15,Buses_Diesel_Urban Buses Articulated >18 t_Conventional,,,-0.06,1,11,86,9.62E-05,-0.019750339,1.391677587,3.83455568,1.00E-04,0.006732445,0.12237381,0,1,1,1 
BD_15,Buses_Diesel_Urban Buses Articulated >18 t_Conventional,,,-0.04,0,11,86,-1.62E-05,0.006978458,1.26607134,-4.215792212,0.000333084,0.005291797,0.015188207,0,1,1,1 
BD_15,Buses_Diesel_Urban Buses Articulated >18 t_Conventional,,,-0.04,0.5,11,86,-0.000558187,0.055816767,5.733956479,-3.915690274,0.001495349,0.021726217,0.266590459,0,1,1,1 
BD_15,Buses_Diesel_Urban Buses Articulated >18 t_Conventional,,,-0.04,1,11,86,-0.000593685,0.041297843,3.608138903,-2.370482587,0.000693051,0.01806346,0.132073819,0,1,1,1 
BD_15,Buses_Diesel_Urban Buses Articulated >18 t_Conventional,,,-0.02,0,11,86,0.000821775,-0.0384846,2.368649888,9.32817324,0.000352259,0.001918816,0.224333517,0,1,1,1 
BD_15,Buses_Diesel_Urban Buses Articulated >18 t_Conventional,,,-0.02,0.5,11,86,-6.50E-05,0.082496437,4.713119066,-10.78719712,0.000856422,0.027991307,0.019573872,0,1,1,1 
BD_15,Buses_Diesel_Urban Buses Articulated >18 t_Conventional,,,-0.02,1,11,86,0.000130011,-0.04036767,3.302349948,17.43785513,-9.39E-05,0.015047604,0.231275012,0,1,1,1 
BD_15,Buses_Diesel_Urban Buses Articulated >18 t_Conventional,,,0,0,11,86,0.000151206,0.021796691,4.215442543,7.47955969,4.03E-05,0.028621739,0.119091636,0,1,1,1 
BD_15,Buses_Diesel_Urban Buses Articulated >18 t_Conventional,,,0,0.5,11,86,0.000451055,0.230788505,1.622022221,-14.25933906,0.000833998,0.026757926,-0.173897374,0,1,1,1 
BD_15,Buses_Diesel_Urban Buses Articulated >18 t_Conventional,,,0,1,11,86,-5.26E-06,0.009064605,1.561082966,16.73646715,8.99E-06,0.006003089,0.150400264,0,1,1,1 
BD_15,Buses_Diesel_Urban Buses Articulated >18 t_Conventional,,,0.02,0,11,86,0.001500196,0.334232098,4.094571641,7.177994361,0.000740605,0.066633236,-0.204483507,0,1,1,1 
BD_15,Buses_Diesel_Urban Buses Articulated >18 t_Conventional,,,0.02,0.5,11,83,0.004533024,0.84245689,8.454896904,15.38901046,0.001331089,0.129346212,-0.381806356,0,1,1,1 
BD_15,Buses_Diesel_Urban Buses Articulated >18 t_Conventional,,,0.02,1,11,75,0.002000364,0.012058916,4.96503006,12.03755684,0.00025648,0.011746942,0.163764582,0,1,1,1 
BD_15,Buses_Diesel_Urban Buses Articulated >18 t_Conventional,,,0.04,0,11,76,0.002687181,0.445652618,3.08741558,23.99639087,0.000359985,0.077704851,-0.265123925,0,1,1,1 
BD_15,Buses_Diesel_Urban Buses Articulated >18 t_Conventional,,,0.04,0.5,11,60,0.00933883,-0.244045407,5.567136278,18.44597835,0.000883398,-0.015980269,0.337894527,0,1,1,1 
BD_15,Buses_Diesel_Urban Buses Articulated >18 t_Conventional,,,0.04,1,10,45,0.130667767,-8.419365665,147.3623638,11.62084997,0.007238177,-0.410967996,6.670016394,0,1,1,1 
BD_15,Buses_Diesel_Urban Buses Articulated >18 t_Conventional,,,0.06,0,11,59,0.01069458,-0.283846181,4.047311698,17.71325284,0.001037018,-0.023830864,0.327868484,0,1,1,1 
BD_15,Buses_Diesel_Urban Buses Articulated >18 t_Conventional,,,0.06,0.5,10,44,0.005959879,-0.325925835,4.360180264,16.45457554,0.000391836,-0.020775768,0.30040761,0,1,1,1 
BD_15,Buses_Diesel_Urban Buses Articulated >18 t_Conventional,,,0.06,1,9,34,0.000296714,-0.058946096,2.796619837,-4.320946248,4.74E-05,-0.000158095,0.036288879,0,1,1,1 
BD_16,Buses_Diesel_Urban Buses Articulated >18 t_Euro I,,,-0.06,0,11,86,0.000102579,-0.031816039,4.251581242,2.053682806,0.001664505,0.044180643,0.694700867,0,1,1,1 
BD_16,Buses_Diesel_Urban Buses Articulated >18 t_Euro I,,,-0.06,0.5,11,86,-9.28E-05,0.007596633,2.603346699,0.385969988,0.002347166,-0.005934779,0.710898172,0,1,1,1 
BD_16,Buses_Diesel_Urban Buses Articulated >18 t_Euro I,,,-0.06,1,11,86,8.79E-05,-0.023933176,2.105598992,0.933606822,0.000483206,0.01572287,0.398515709,0,1,1,1 
BD_16,Buses_Diesel_Urban Buses Articulated >18 t_Euro I,,,-0.04,0,11,86,-2.35E-05,0.010165569,1.668095304,-5.898886311,0.000948836,0.016043302,0.06412581,0,1,1,1 
BD_16,Buses_Diesel_Urban Buses Articulated >18 t_Euro I,,,-0.04,0.5,11,86,-0.000289143,0.030153603,4.183804837,-1.510584925,0.002305451,0.020086033,0.694964843,0,1,1,1 
BD_16,Buses_Diesel_Urban Buses Articulated >18 t_Euro I,,,-0.04,1,11,86,-0.000464249,0.02923153,3.580150743,-1.378107835,0.001464278,0.021165112,0.530086465,0,1,1,1 
BD_16,Buses_Diesel_Urban Buses Articulated >18 t_Euro I,,,-0.02,0,11,86,0.000794446,-0.035579973,1.75520858,6.199355307,0.000711093,-0.00484124,0.447775929,0,1,1,1 
BD_16,Buses_Diesel_Urban Buses Articulated >18 t_Euro I,,,-0.02,0.5,11,86,0.000318954,0.043404433,3.09141482,-1.88513822,0.001341987,0.027446762,0.277780336,0,1,1,1 
BD_16,Buses_Diesel_Urban Buses Articulated >18 t_Euro I,,,-0.02,1,11,86,-0.001790685,0.754373748,-5.293226017,-0.227894971,0.009139145,-0.045716197,-0.050814208,0,1,1,1 
BD_16,Buses_Diesel_Urban Buses Articulated >18 t_Euro I,,,0,0,11,86,-2.50E-05,0.006384114,1.115695485,5.714709772,-6.32E-05,0.017167961,0.156953216,0,1,1,1 
BD_16,Buses_Diesel_Urban Buses Articulated >18 t_Euro I,,,0,0.5,11,86,0.000730797,0.01617221,-0.778289642,7.398553751,0.000691795,-0.018795641,0.151807263,0,1,1,1 
BD_16,Buses_Diesel_Urban Buses Articulated >18 t_Euro I,,,0,1,11,86,0.000490367,0.017905963,-0.627394007,5.513966216,0.000462511,-0.011701621,0.092755965,0,1,1,1 
BD_16,Buses_Diesel_Urban Buses Articulated >18 t_Euro I,,,0.02,0,11,86,0.001357062,0.305889614,1.152466672,16.57718151,0.00157988,0.096185588,-0.235402634,0,1,1,1 
BD_16,Buses_Diesel_Urban Buses Articulated >18 t_Euro I,,,0.02,0.5,11,84,0.000381877,0.118264193,0.825850447,-11.41586293,0.000511692,0.029405043,-0.228426004,0,1,1,1 
BD_16,Buses_Diesel_Urban Buses Articulated >18 t_Euro I,,,0.02,1,11,76,-0.000160491,0.006279849,0.558290955,-6.047896643,-8.50E-05,0.007556757,-0.06643754,0,1,1,1 
BD_16,Buses_Diesel_Urban Buses Articulated >18 t_Euro I,,,0.04,0,11,77,-0.001247129,0.066455368,2.526275713,-0.904655054,-0.000586935,0.047130299,-0.014998791,0,1,1,1 
BD_16,Buses_Diesel_Urban Buses Articulated >18 t_Euro I,,,0.04,0.5,11,61,0.001744449,0.054387399,5.011524251,-1.383146749,0.001125229,0.009925347,0.34248318,0,1,1,1 
BD_16,Buses_Diesel_Urban Buses Articulated >18 t_Euro I,,,0.04,1,10,48,0.002122895,-0.190067995,6.25582205,1.768564933,0.00029832,-0.014039263,0.474952583,0,1,1,1 
BD_16,Buses_Diesel_Urban Buses Articulated >18 t_Euro I,,,0.06,0,11,60,-1.51E-05,0.111987577,3.581856578,7.051037597,0.000372645,0.033422551,0.235081074,0,1,1,1 
BD_16,Buses_Diesel_Urban Buses Articulated >18 t_Euro I,,,0.06,0.5,10,44,0.00588872,-0.447380382,9.947156785,8.599596763,0.000802873,-0.045131508,0.909859336,0,1,1,1 
BD_16,Buses_Diesel_Urban Buses Articulated >18 t_Euro I,,,0.06,1,9,36,0.000752548,-0.249505809,9.531343077,1.39E-11,1.49E-14,3.87E-12,0.345174163,0,1,1,1 
BD_17,Buses_Diesel_Urban Buses Articulated >18 t_Euro II,,,-0.06,0,11,86,7.99E-05,-0.024727491,2.978182543,1.039094065,0.001142824,0.038038171,0.713867449,0,1,1,1 
BD_17,Buses_Diesel_Urban Buses Articulated >18 t_Euro II,,,-0.06,0.5,11,86,-7.71E-17,1.28E-14,3.996059078,3.72E-12,0.004251306,-0.038393533,1.666178277,0,1,1,1 
BD_17,Buses_Diesel_Urban Buses Articulated >18 t_Euro II,,,-0.06,1,11,86,-3.25E-15,5.12E-13,2.003625154,1.48E-10,0.002307215,-0.038751798,0.981690825,0,1,1,1 
BD_17,Buses_Diesel_Urban Buses Articulated >18 t_Euro II,,,-0.04,0,11,86,-0.00039183,0.038726131,2.591857114,-0.677915061,0.001326202,0.057912402,0.233140856,0,1,1,1 
BD_17,Buses_Diesel_Urban Buses Articulated >18 t_Euro II,,,-0.04,0.5,11,86,-1.50E-05,0.000969677,2.657111893,-13.09403129,0.001378375,0.009089475,0.245035696,0,1,1,1 
BD_17,Buses_Diesel_Urban Buses Articulated >18 t_Euro II,,,-0.04,1,11,86,-0.000204055,0.025711515,-0.36763405,3.141292747,0.000397642,-0.007494527,0.08532783,0,1,1,1 
BD_17,Buses_Diesel_Urban Buses Articulated >18 t_Euro II,,,-0.02,0,11,86,0.000681306,-0.030236483,1.721660231,4.096382148,0.00074454,-0.002029389,0.456666796,0,1,1,1 
BD_17,Buses_Diesel_Urban Buses Articulated >18 t_Euro II,,,-0.02,0.5,11,86,0.00018017,0.043280568,-1.263678408,13.58903635,0.001167711,-0.034557246,0.35264175,0,1,1,1 
BD_17,Buses_Diesel_Urban Buses Articulated >18 t_Euro II,,,-0.02,1,11,86,-3.59E-05,0.026743323,-0.601488805,4.673139558,0.000426214,-0.010549716,0.087596394,0,1,1,1 
BD_17,Buses_Diesel_Urban Buses Articulated >18 t_Euro II,,,0,0,11,86,0.00029372,-0.00065868,-0.334144228,7.426497959,0.000369747,-0.015353295,0.205004559,0,1,1,1 
BD_17,Buses_Diesel_Urban Buses Articulated >18 t_Euro II,,,0,0.5,11,86,0.003664561,-0.033681213,4.567883536,3.605412869,0.003011034,-0.025144833,0.789848602,0,1,1,1 
BD_17,Buses_Diesel_Urban Buses Articulated >18 t_Euro II,,,0,1,11,86,0.001895945,-0.036968854,2.169052702,3.972544862,0.001337307,-0.021056777,0.408459825,0,1,1,1 
BD_17,Buses_Diesel_Urban Buses Articulated >18 t_Euro II,,,0.02,0,11,86,0.000785755,0.10794571,3.489697917,-2.081500605,0.001259676,0.050621512,0.042106527,0,1,1,1 
BD_17,Buses_Diesel_Urban Buses Articulated >18 t_Euro II,,,0.02,0.5,11,86,0.000466271,-0.013120258,2.793905817,2.187542486,0.00026205,0.015656682,0.148205352,0,1,1,1 
BD_17,Buses_Diesel_Urban Buses Articulated >18 t_Euro II,,,0.02,1,11,79,0.000570938,-0.031846058,5.852510634,1.827837012,0.000350054,0.029925935,0.164200622,0,1,1,1 
BD_17,Buses_Diesel_Urban Buses Articulated >18 t_Euro II,,,0.04,0,11,81,0.000573026,0.091817004,3.898109314,-4.051287589,0.001170984,0.034429162,0.054440469,0,1,1,1 
BD_17,Buses_Diesel_Urban Buses Articulated >18 t_Euro II,,,0.04,0.5,11,60,0.000177039,0.026894253,-1.177719521,14.20156815,0.000324626,-0.011892426,0.129463595,0,1,1,1 
BD_17,Buses_Diesel_Urban Buses Articulated >18 t_Euro II,,,0.04,1,10,54,0.002856657,-0.286381735,7.622691559,-10.05321544,7.56E-05,-0.008102432,0.349271938,0,1,1,1 
BD_17,Buses_Diesel_Urban Buses Articulated >18 t_Euro II,,,0.06,0,11,55,0.006728583,-0.184754458,2.860511878,11.14026626,0.002377068,-0.055613638,0.582948081,0,1,1,1 
BD_17,Buses_Diesel_Urban Buses Articulated >18 t_Euro II,,,0.06,0.5,10,48,0.003030661,-0.231340978,4.548742031,12.31676444,0.000505532,-0.02815599,0.493537638,0,1,1,1 
BD_17,Buses_Diesel_Urban Buses Articulated >18 t_Euro II,,,0.06,1,9,39,0.011159454,-1.274310574,34.26944633,1.28E-10,3.08E-15,2.66E-14,0.838354105,0,1,1,1 
BD_18,Buses_Diesel_Urban Buses Articulated >18 t_Euro III,,,-0.06,0,11,86,-1.86E-05,0.006776621,1.469289968,-5.816288823,0.000905243,0.013197452,0.092415582,0,1,1,1 
BD_18,Buses_Diesel_Urban Buses Articulated >18 t_Euro III,,,-0.06,0.5,11,86,0.000283635,-0.003036013,3.044596781,1.91644097,0.002704246,-0.024130204,1.022235791,0,1,1,1 
BD_18,Buses_Diesel_Urban Buses Articulated >18 t_Euro III,,,-0.06,1,11,86,-1.41E-05,0.001129843,2.624178852,-12.65147016,0.001328358,0.009525657,0.222604369,0,1,1,1 
BD_18,Buses_Diesel_Urban Buses Articulated >18 t_Euro III,,,-0.04,0,11,86,-2.18E-05,0.014447955,1.202972099,-3.792710987,0.000620345,0.015417909,0.03980076,0,1,1,1 
BD_18,Buses_Diesel_Urban Buses Articulated >18 t_Euro III,,,-0.04,0.5,11,86,-3.74E-05,0.012147624,2.477762028,-10.960223,0.001074268,0.01427733,0.159557716,0,1,1,1 
BD_18,Buses_Diesel_Urban Buses Articulated >18 t_Euro III,,,-0.04,1,11,86,-3.08E-05,0.007088399,2.832552778,-13.38176012,0.001103042,0.010603293,0.184012856,0,1,1,1 
BD_18,Buses_Diesel_Urban Buses Articulated >18 t_Euro III,,,-0.02,0,11,86,0.000678371,-0.031509381,1.036983959,3.660977513,0.000516635,-0.012521473,0.344569184,0,1,1,1 
BD_18,Buses_Diesel_Urban Buses Articulated >18 t_Euro III,,,-0.02,0.5,11,86,0.0002044,-0.005532703,0.056642024,5.240898542,0.00023961,-0.00913093,0.17681483,0,1,1,1 
BD_18,Buses_Diesel_Urban Buses Articulated >18 t_Euro III,,,-0.02,1,11,86,0.000111364,0.012823693,-0.406529786,6.582513102,0.000367305,-0.011692067,0.148811406,0,1,1,1 
BD_18,Buses_Diesel_Urban Buses Articulated >18 t_Euro III,,,0,0,11,86,0.00195511,-0.082555751,3.122463166,9.507615697,0.001231144,-0.023741808,0.807034861,0,1,1,1 
BD_18,Buses_Diesel_Urban Buses Articulated >18 t_Euro III,,,0,0.5,11,86,0.000197828,-0.002097705,-0.149359474,4.664361912,0.000178766,-0.00741839,0.107295055,0,1,1,1 
BD_18,Buses_Diesel_Urban Buses Articulated >18 t_Euro III,,,0,1,11,86,0.001926841,-0.079714027,2.760813492,6.437358791,0.000975008,-0.020962547,0.510097056,0,1,1,1 
BD_18,Buses_Diesel_Urban Buses Articulated >18 t_Euro III,,,0.02,0,11,86,0.000196554,0.006319633,-0.336341696,4.433019685,0.000259141,-0.008568435,0.090726861,0,1,1,1 
BD_18,Buses_Diesel_Urban Buses Articulated >18 t_Euro III,,,0.02,0.5,11,86,0.001545393,0.019474626,3.63737709,-0.641644443,0.001458739,0.00278109,0.321082986,0,1,1,1 
BD_18,Buses_Diesel_Urban Buses Articulated >18 t_Euro III,,,0.02,1,11,81,0.001201845,0.015692199,4.315591124,-1.689645441,0.00133487,0.002165946,0.273418659,0,1,1,1 
BD_18,Buses_Diesel_Urban Buses Articulated >18 t_Euro III,,,0.04,0,11,82,0.000259884,0.000809187,3.374272913,0.027661734,0.000206003,0.02840643,0.126662179,0,1,1,1 
BD_18,Buses_Diesel_Urban Buses Articulated >18 t_Euro III,,,0.04,0.5,11,66,-0.000921926,0.081170159,4.538539177,5.665778281,0.000435384,0.030782163,0.171056504,0,1,1,1 
BD_18,Buses_Diesel_Urban Buses Articulated >18 t_Euro III,,,0.04,1,10,55,0.005634889,-0.575168543,15.55557592,-17.55364469,0.000159466,-0.0176854,0.807233131,0,1,1,1 
BD_18,Buses_Diesel_Urban Buses Articulated >18 t_Euro III,,,0.06,0,11,64,0.000115179,-0.02902294,1.525807211,7.3402305,-0.000112794,0.007700365,0.132882488,0,1,1,1 
BD_18,Buses_Diesel_Urban Buses Articulated >18 t_Euro III,,,0.06,0.5,11,49,0.105779884,-8.011247155,156.49486,22.12869666,0.013299227,-0.804083806,13.81551049,0,1,1,1 
BD_18,Buses_Diesel_Urban Buses Articulated >18 t_Euro III,,,0.06,1,9,40,0.00146198,-0.398378704,14.15961143,3.45E-10,1.78E-13,3.53E-11,0.470716454,0,1,1,1 
BD_19,Buses_Diesel_Urban Buses Articulated >18 t_Euro IV,,,-0.06,0,11,86,4.15E-05,-0.017203559,1.228533769,2.753677082,0.000561501,0.04746585,0.372392953,0,1,1,1 
BD_19,Buses_Diesel_Urban Buses Articulated >18 t_Euro IV,,,-0.06,0.5,11,86,6.20E-05,-0.013772837,0.820627809,3.666281984,0.000515529,0.022386025,0.481950881,0,1,1,1 
BD_19,Buses_Diesel_Urban Buses Articulated >18 t_Euro IV,,,-0.06,1,11,86,8.92E-05,-0.019409577,1.132897336,3.718280876,0.000671025,0.025489593,0.664314483,0,1,1,1 
BD_19,Buses_Diesel_Urban Buses Articulated >18 t_Euro IV,,,-0.04,0,11,86,-0.000568902,0.039579947,2.909342148,-2.575945118,0.003213694,0.13064908,0.005813709,0,1,1,1 
BD_19,Buses_Diesel_Urban Buses Articulated >18 t_Euro IV,,,-0.04,0.5,11,86,-0.000534265,0.029547368,2.360503718,1.069569979,0.002166644,0.107477036,0.233413632,0,1,1,1 
BD_19,Buses_Diesel_Urban Buses Articulated >18 t_Euro IV,,,-0.04,1,11,86,-0.000395662,0.018347051,1.675783967,1.526470668,0.001183688,0.072719805,0.29578,0,1,1,1 
BD_19,Buses_Diesel_Urban Buses Articulated >18 t_Euro IV,,,-0.02,0,11,86,0.000224245,-0.008435536,0.678699057,3.270552477,0.000470194,0.007847121,0.293975011,0,1,1,1 
BD_19,Buses_Diesel_Urban Buses Articulated >18 t_Euro IV,,,-0.02,0.5,11,86,-0.00020854,0.038032229,2.088766951,0.551834248,0.00157194,0.076911808,0.166049109,0,1,1,1 
BD_19,Buses_Diesel_Urban Buses Articulated >18 t_Euro IV,,,-0.02,1,11,86,-0.000419358,0.039816346,2.634034461,3.390788905,0.001313605,0.088273869,0.408494436,0,1,1,1 
BD_19,Buses_Diesel_Urban Buses Articulated >18 t_Euro IV,,,0,0,11,86,0.000322423,0.094239029,3.399146422,1.502684393,0.002169322,0.114134534,0.325272932,0,1,1,1 
BD_19,Buses_Diesel_Urban Buses Articulated >18 t_Euro IV,,,0,0.5,11,86,-1.32E-05,0.022030146,0.960122744,2.737072777,0.000321752,0.028010027,0.191594068,0,1,1,1 
BD_19,Buses_Diesel_Urban Buses Articulated >18 t_Euro IV,,,0,1,11,86,-4.45E-05,0.029354968,1.127421054,2.774005992,0.000373031,0.030350573,0.20597264,0,1,1,1 
BD_19,Buses_Diesel_Urban Buses Articulated >18 t_Euro IV,,,0.02,0,11,86,8.28E-06,0.009866271,0.681201536,4.764273889,8.97E-05,0.014896338,0.245021308,0,1,1,1 
BD_19,Buses_Diesel_Urban Buses Articulated >18 t_Euro IV,,,0.02,0.5,11,86,0.000454145,0.16689349,1.166009687,-8.848696723,0.001715499,0.083022889,-0.45579806,0,1,1,1 
BD_19,Buses_Diesel_Urban Buses Articulated >18 t_Euro IV,,,0.02,1,11,82,0.001712671,0.168644554,4.078097859,0.058810292,0.002171444,0.099499634,0.213200762,0,1,1,1 
BD_19,Buses_Diesel_Urban Buses Articulated >18 t_Euro IV,,,0.04,0,11,84,0.000351403,0.093782397,1.245871027,7.382899398,0.000566726,0.066535683,0.019900872,0,1,1,1 
BD_19,Buses_Diesel_Urban Buses Articulated >18 t_Euro IV,,,0.04,0.5,11,68,0.007118355,0.166914772,4.781324441,-7.682197483,0.00523945,0.071021698,0.096447466,0,1,1,1 
BD_19,Buses_Diesel_Urban Buses Articulated >18 t_Euro IV,,,0.04,1,10,56,-8.05E-05,0.037257903,1.302080469,-4.879880972,0.0005904,0.009029037,0.079913487,0,1,1,1 
BD_19,Buses_Diesel_Urban Buses Articulated >18 t_Euro IV,,,0.06,0,11,67,0.000864485,0.066317144,1.415211913,7.78183217,0.000600824,0.041701036,0.162689116,0,1,1,1 
BD_19,Buses_Diesel_Urban Buses Articulated >18 t_Euro IV,,,0.06,0.5,10,51,0.000321045,-0.068350431,2.934243103,-3.442860717,-0.000300317,0.013376392,0.256344598,0,1,1,1 
BD_19,Buses_Diesel_Urban Buses Articulated >18 t_Euro IV,,,0.06,1,6,41,0.00276297,-0.243260506,6.226624806,0.108546564,4.29E-05,0.002826074,0.335088168,0,1,1,1 
BD_20,Buses_Diesel_Urban Buses Articulated >18 t_Euro V,SCR,,-0.06,0,5,75,-0.002296985,0.196284918,-1.22704232,2.542335437,0.006390395,-0.046996319,0.111715343,0,1,1,1 
BD_20,Buses_Diesel_Urban Buses Articulated >18 t_Euro V,SCR,,-0.06,0.5,5,75,-0.002906068,0.248064407,-1.557396385,3.147499991,0.007647966,-0.057565285,0.136121979,0,1,1,1 
BD_20,Buses_Diesel_Urban Buses Articulated >18 t_Euro V,SCR,,-0.06,1,5,75,-0.003278123,0.279766985,-1.721073686,3.477904332,0.008153604,-0.06137676,0.148755309,0,1,1,1 
BD_20,Buses_Diesel_Urban Buses Articulated >18 t_Euro V,SCR,,-0.04,0,5,85,-0.002073319,0.219764493,-1.188696158,2.213755275,0.005662872,-0.035165872,0.078626286,0,1,1,1 
BD_20,Buses_Diesel_Urban Buses Articulated >18 t_Euro V,SCR,,-0.04,0.5,5,85,-0.002826199,0.285451833,-1.458481798,2.724223067,0.006658933,-0.040863686,0.098655779,0,1,1,1 
BD_20,Buses_Diesel_Urban Buses Articulated >18 t_Euro V,SCR,,-0.04,1,5,85,-0.003326079,0.32546749,-1.588448091,2.832718876,0.006923405,-0.040980186,0.098843778,0,1,1,1 
BD_20,Buses_Diesel_Urban Buses Articulated >18 t_Euro V,SCR,,-0.02,0,5,85,-0.00027726,0.255139112,-1.238473704,2.25699918,0.005719817,-0.031684227,0.072042191,0,1,1,1 
BD_20,Buses_Diesel_Urban Buses Articulated >18 t_Euro V,SCR,,-0.02,0.5,5,85,-0.001667794,0.309038684,-1.359647418,2.294131774,0.005495862,-0.02732271,0.06361924,0,1,1,1 
BD_20,Buses_Diesel_Urban Buses Articulated >18 t_Euro V,SCR,,-0.02,1,5,85,-0.002427811,0.355866284,-1.548580667,2.408848756,0.005543014,-0.026825253,0.058672431,0,1,1,1 
BD_20,Buses_Diesel_Urban Buses Articulated >18 t_Euro V,SCR,,0,0,5,85,0.003085925,0.31075763,-1.237145192,3.119887432,0.00631771,-0.031849013,0.092426114,0,1,1,1 
BD_20,Buses_Diesel_Urban Buses Articulated >18 t_Euro V,SCR,,0,0.5,5,85,0.00334886,0.593128534,-2.299329197,4.638997375,0.009289819,-0.042699075,0.1110625,0,1,1,1 
BD_20,Buses_Diesel_Urban Buses Articulated >18 t_Euro V,SCR,,0,1,5,85,0.002507554,0.753871167,-3.311577189,5.577251733,0.010119378,-0.049633388,0.105658485,0,1,1,1 
BD_20,Buses_Diesel_Urban Buses Articulated >18 t_Euro V,SCR,,0.02,0,5,85,0.010693426,0.767575093,-3.657866593,4.302035045,0.011556788,-0.051945598,0.059959099,0,1,1,1 
BD_20,Buses_Diesel_Urban Buses Articulated >18 t_Euro V,SCR,,0.02,0.5,5,85,0.010563029,1.372390613,-5.802353009,5.904487051,0.01506413,-0.057971665,0.053216417,0,1,1,1 
BD_20,Buses_Diesel_Urban Buses Articulated >18 t_Euro V,SCR,,0.02,1,5,80,0.003699011,1.208008559,-5.40861408,6.701674938,0.010812176,-0.046565244,0.059405134,0,1,1,1 
BD_20,Buses_Diesel_Urban Buses Articulated >18 t_Euro V,SCR,,0.04,0,5,80,0.012603759,1.399966054,-4.787269358,2.12762456,0.014465183,-0.040843767,-5.15E-14,0,1,1,1 
BD_20,Buses_Diesel_Urban Buses Articulated >18 t_Euro V,SCR,,0.04,0.5,5,65,-0.00257477,2.043933257,-4.022590047,1.860071468,0.014285475,-0.017391303,-9.08E-05,0,1,1,1 
BD_20,Buses_Diesel_Urban Buses Articulated >18 t_Euro V,SCR,,0.04,1,5,55,-0.004709428,1.295532418,-6.855636159,13.05566994,0.008145153,-0.047630395,0.10417203,0,1,1,1 
BD_20,Buses_Diesel_Urban Buses Articulated >18 t_Euro V,SCR,,0.06,0,5,65,0.000849029,1.295539862,-4.336215819,2.240549985,0.009618181,-0.026059054,-1.62E-15,0,1,1,1 
BD_20,Buses_Diesel_Urban Buses Articulated >18 t_Euro V,SCR,,0.06,0.5,5,50,-0.017689739,1.858367525,-6.09164668,4.060124442,0.008927612,-0.021623384,6.97E-13,0,1,1,1 
BD_20,Buses_Diesel_Urban Buses Articulated >18 t_Euro V,SCR,,0.06,1,5,40,-0.008123523,0.77125108,-3.103289035,3.45647989,0.003153688,-0.012408854,0.014081285,0,1,1,1 
BD_20,Buses_Diesel_Urban Buses Articulated >18 t_Euro V,EGR,,-0.06,0,5,85,-0.003385079,0.348156547,-1.863361685,3.161733004,0.029389576,-0.188894719,0.424237746,0,1,1,1 
BD_20,Buses_Diesel_Urban Buses Articulated >18 t_Euro V,EGR,,-0.06,0.5,5,85,-0.004480297,0.467132821,-2.700627475,4.731806824,0.038896151,-0.283109244,0.649949898,0,1,1,1 
BD_20,Buses_Diesel_Urban Buses Articulated >18 t_Euro V,EGR,,-0.06,1,5,85,-0.002257303,0.23629382,-1.403947599,2.452217031,0.018918948,-0.14402019,0.328839967,0,1,1,1 
BD_20,Buses_Diesel_Urban Buses Articulated >18 t_Euro V,EGR,,-0.04,0,5,85,-0.002859794,0.348580741,-1.733972393,2.749108978,0.021912341,-0.125619599,0.272941792,0,1,1,1 
BD_20,Buses_Diesel_Urban Buses Articulated >18 t_Euro V,EGR,,-0.04,0.5,5,85,-0.004431485,0.49754244,-2.539820682,4.055249464,0.029513004,-0.188984132,0.426165786,0,1,1,1 
BD_20,Buses_Diesel_Urban Buses Articulated >18 t_Euro V,EGR,,-0.04,1,5,85,-0.00251368,0.268294264,-1.391490234,2.180676065,0.01476373,-0.098266868,0.216795894,0,1,1,1 
BD_20,Buses_Diesel_Urban Buses Articulated >18 t_Euro V,EGR,,-0.02,0,5,85,8.72E-05,0.403180417,-1.924083999,3.096177532,0.022589675,-0.128397113,0.288852554,0,1,1,1 
BD_20,Buses_Diesel_Urban Buses Articulated >18 t_Euro V,EGR,,-0.02,0.5,5,85,-0.001548351,0.265132735,-1.303711522,2.009423101,0.011984609,-0.072137268,0.155245081,0,1,1,1 
BD_20,Buses_Diesel_Urban Buses Articulated >18 t_Euro V,EGR,,-0.02,1,5,85,-0.002033784,0.276395036,-1.371284711,2.068580372,0.011206532,-0.069356858,0.145231559,0,1,1,1 
BD_20,Buses_Diesel_Urban Buses Articulated >18 t_Euro V,EGR,,0,0,5,85,0.001451291,0.39367872,-1.733100882,3.062375563,0.017354539,-0.093148882,0.21865717,0,1,1,1 
BD_20,Buses_Diesel_Urban Buses Articulated >18 t_Euro V,EGR,,0,0.5,5,85,0.000233871,0.538878711,-2.572775602,4.33504661,0.019850172,-0.11700013,0.255344879,0,1,1,1 
BD_20,Buses_Diesel_Urban Buses Articulated >18 t_Euro V,EGR,,0,1,5,85,-0.001106321,0.683063263,-3.288278197,5.552206815,0.022089806,-0.135186637,0.295330531,0,1,1,1 
BD_20,Buses_Diesel_Urban Buses Articulated >18 t_Euro V,EGR,,0.02,0,5,85,-0.000512047,0.58455226,-2.74418826,3.874256685,0.017567322,-0.08691806,0.138486254,0,1,1,1 
BD_20,Buses_Diesel_Urban Buses Articulated >18 t_Euro V,EGR,,0.02,0.5,5,85,-0.000790143,0.241250583,-1.13049871,2.187785783,0.006159996,-0.035614088,0.082088977,0,1,1,1 
BD_20,Buses_Diesel_Urban Buses Articulated >18 t_Euro V,EGR,,0.02,1,5,80,-0.001819311,0.329402074,-1.663694249,3.39248009,0.00705385,-0.045477884,0.108460103,0,1,1,1 
BD_20,Buses_Diesel_Urban Buses Articulated >18 t_Euro V,EGR,,0.04,0,5,80,-0.002351053,0.463056391,-2.205235618,2.855497363,0.010043799,-0.049413796,0.067622218,0,1,1,1 
BD_20,Buses_Diesel_Urban Buses Articulated >18 t_Euro V,EGR,,0.04,0.5,5,65,-0.002300726,0.299720388,-1.519269706,3.362479399,0.00548331,-0.035148496,0.088264347,0,1,1,1 
BD_20,Buses_Diesel_Urban Buses Articulated >18 t_Euro V,EGR,,0.04,1,5,55,-0.002841832,0.282462154,-1.656383863,3.541803866,0.004027836,-0.029269255,0.070170885,0,1,1,1 
BD_20,Buses_Diesel_Urban Buses Articulated >18 t_Euro V,EGR,,0.06,0,5,65,-0.005598998,0.617116373,-2.893769024,3.754648124,0.009967998,-0.048973205,0.067702382,0,1,1,1 
BD_20,Buses_Diesel_Urban Buses Articulated >18 t_Euro V,EGR,,0.06,0.5,5,50,-0.001544379,0.143453598,-0.476346613,2.32925459,0.002321716,-0.015468393,0.059539565,0,1,1,1 
BD_20,Buses_Diesel_Urban Buses Articulated >18 t_Euro V,EGR,,0.06,1,5,40,-0.011004723,0.663153869,-3.169179456,5.117344281,0.005717144,-0.03428541,0.06534411,0,1,1,1 
BD_21,Buses_Diesel_Urban Buses Articulated >18 t_Euro VI,,,-0.06,0,5,85,-0.004158574,0.383920468,-1.630557112,2.238805995,0.125936874,-0.540625857,1.207094414,0,1,1,1 
BD_21,Buses_Diesel_Urban Buses Articulated >18 t_Euro VI,,,-0.06,0.5,5,85,-0.003804661,0.354319781,-1.646621644,2.411094559,0.131531371,-0.718736707,1.595674863,0,1,1,1 
BD_21,Buses_Diesel_Urban Buses Articulated >18 t_Euro VI,,,-0.06,1,5,85,-0.002528213,0.249380806,-1.277923624,1.968678704,0.103108558,-0.660598749,1.425269156,0,1,1,1 
BD_21,Buses_Diesel_Urban Buses Articulated >18 t_Euro VI,,,-0.04,0,5,85,-0.004330316,0.435990509,-1.816167918,1.185855455,0.083243671,-0.016307307,-1.032186765,0,1,1,1 
BD_21,Buses_Diesel_Urban Buses Articulated >18 t_Euro VI,,,-0.04,0.5,5,85,-0.003205358,0.309408346,-1.449579199,1.466964827,0.066483559,-0.176255433,-0.202768803,0,1,1,1 
BD_21,Buses_Diesel_Urban Buses Articulated >18 t_Euro VI,,,-0.04,1,5,85,-0.004460651,0.456955389,-1.927248641,2.505091609,0.122027828,-0.575626144,1.142978977,0,1,1,1 
BD_21,Buses_Diesel_Urban Buses Articulated >18 t_Euro VI,,,-0.02,0,5,85,0.00027364,-0.038808967,2.061130663,-2.358154517,-0.002379763,0.267104304,0.790645021,0,1,1,1 
BD_21,Buses_Diesel_Urban Buses Articulated >18 t_Euro VI,,,-0.02,0.5,5,85,-0.001954807,0.321109154,-1.539793228,1.464285775,0.055868053,-0.17148105,-0.135550004,0,1,1,1 
BD_21,Buses_Diesel_Urban Buses Articulated >18 t_Euro VI,,,-0.02,1,5,85,-0.002558956,0.335457358,-1.618569125,1.670321362,0.058667745,-0.209903022,1.19E-12,0,1,1,1 
BD_21,Buses_Diesel_Urban Buses Articulated >18 t_Euro VI,,,0,0,5,85,0.000208498,-0.033369773,2.500173413,-2.873692399,-0.00310505,0.334203224,0.121369627,0,1,1,1 
BD_21,Buses_Diesel_Urban Buses Articulated >18 t_Euro VI,,,0,0.5,5,85,0.000313631,-0.041218074,2.619783514,-3.207356543,-0.002637767,0.325939758,8.36E-15,0,1,1,1 
BD_21,Buses_Diesel_Urban Buses Articulated >18 t_Euro VI,,,0,1,5,85,0.000837212,-0.070259886,4.18768267,-5.135730637,-0.000771617,0.458847816,-4.45E-13,0,1,1,1 
BD_21,Buses_Diesel_Urban Buses Articulated >18 t_Euro VI,,,0.02,0,5,85,-0.001208083,0.439642523,-2.313218235,0.705256961,0.052439933,-0.259726173,-0.015039721,0,1,1,1 
BD_21,Buses_Diesel_Urban Buses Articulated >18 t_Euro VI,,,0.02,0.5,5,85,-0.001829713,0.34887072,-1.595661251,1.718366935,0.038390126,-0.175243646,0.181289455,0,1,1,1 
BD_21,Buses_Diesel_Urban Buses Articulated >18 t_Euro VI,,,0.02,1,5,80,0.000694548,0.076171344,2.701589536,-2.33614226,0.022332002,0.131892198,0.130457904,0,1,1,1 
BD_21,Buses_Diesel_Urban Buses Articulated >18 t_Euro VI,,,0.04,0,5,85,-0.000268979,0.156760083,1.97182986,-2.43945648,0.025531975,0.100087226,2.75E-13,0,1,1,1 
BD_21,Buses_Diesel_Urban Buses Articulated >18 t_Euro VI,,,0.04,0.5,5,70,0.001062306,0.029334894,2.706342745,-3.228311622,0.016805286,0.105026153,5.14E-15,0,1,1,1 
BD_21,Buses_Diesel_Urban Buses Articulated >18 t_Euro VI,,,0.04,1,5,55,0.001898107,-0.011041493,2.370840316,-2.135584878,0.013213798,0.061640593,0.101993903,0,1,1,1 
BD_21,Buses_Diesel_Urban Buses Articulated >18 t_Euro VI,,,0.06,0,5,65,0.000544367,0.102677401,2.341608677,-3.173027006,0.023240555,0.067395983,1.01E-14,0,1,1,1 
BD_21,Buses_Diesel_Urban Buses Articulated >18 t_Euro VI,,,0.06,0.5,5,50,0.002492018,-0.037504672,3.2055291,-2.888943068,0.014452799,0.078238413,0.133215146,0,1,1,1 
BD_21,Buses_Diesel_Urban Buses Articulated >18 t_Euro VI,,,0.06,1,5,40,-0.002084175,0.203179333,-1.272925516,2.403332883,0.014535629,-0.103437083,0.206684812,0,1,1,1 
BD_22,Buses_Diesel_Coaches Standard <=18 t_Conventional,,,-0.06,0,12,105,-8.81E-07,0.000132951,1.840587361,-6.295848424,0.000976312,0.008571895,0.049874028,0,1,1,1 
BD_22,Buses_Diesel_Coaches Standard <=18 t_Conventional,,,-0.06,0.5,12,105,6.03E-06,-0.002337287,1.017170085,-3.949098376,0.000521805,0.002887141,0.046859124,0,1,1,1 
BD_22,Buses_Diesel_Coaches Standard <=18 t_Conventional,,,-0.06,1,12,105,1.08E-05,-0.003895338,1.142991892,-4.598009865,0.000583709,0.002191619,0.060212279,0,1,1,1 
BD_22,Buses_Diesel_Coaches Standard <=18 t_Conventional,,,-0.04,0,12,105,6.12E-05,-0.0114852,1.001231786,3.14420603,0.000123099,0.007649867,0.107938466,0,1,1,1 
BD_22,Buses_Diesel_Coaches Standard <=18 t_Conventional,,,-0.04,0.5,12,105,-9.58E-08,-0.000212045,0.993858644,-3.963326208,0.000390975,0.00361296,0.03302908,0,1,1,1 
BD_22,Buses_Diesel_Coaches Standard <=18 t_Conventional,,,-0.04,1,12,105,6.56E-06,-0.002751413,1.259338466,-5.455044575,0.00047986,0.00287163,0.054330048,0,1,1,1 
BD_22,Buses_Diesel_Coaches Standard <=18 t_Conventional,,,-0.02,0,12,105,9.39E-05,-0.005215119,0.780653313,3.764504522,8.42E-05,0.005680405,0.095599725,0,1,1,1 
BD_22,Buses_Diesel_Coaches Standard <=18 t_Conventional,,,-0.02,0.5,12,105,0.000156683,-0.012053561,1.158501989,5.034989679,0.000152263,0.005858879,0.152743435,0,1,1,1 
BD_22,Buses_Diesel_Coaches Standard <=18 t_Conventional,,,-0.02,1,12,105,0.000214715,-0.020069281,1.599731338,6.309024615,0.000215711,0.00569447,0.221200286,0,1,1,1 
BD_22,Buses_Diesel_Coaches Standard <=18 t_Conventional,,,0,0,12,105,5.60E-07,0.003175428,0.419021862,5.164136891,2.30E-05,0.00436789,0.075459762,0,1,1,1 
BD_22,Buses_Diesel_Coaches Standard <=18 t_Conventional,,,0,0.5,12,105,4.38E-05,0.05006762,0.714471473,-5.800347328,0.00041264,0.01304518,-0.093859654,0,1,1,1 
BD_22,Buses_Diesel_Coaches Standard <=18 t_Conventional,,,0,1,12,105,9.06E-05,-0.002248972,0.80392312,3.065072225,5.21E-05,0.005195796,0.081308538,0,1,1,1 
BD_22,Buses_Diesel_Coaches Standard <=18 t_Conventional,,,0.02,0,12,105,-6.01E-07,0.002132407,0.653049222,4.818919428,-1.42E-05,0.007354244,0.063446745,0,1,1,1 
BD_22,Buses_Diesel_Coaches Standard <=18 t_Conventional,,,0.02,0.5,12,104,-7.87E-06,0.001364308,0.514993969,3.445286997,-1.73E-05,0.005175198,0.050864524,0,1,1,1 
BD_22,Buses_Diesel_Coaches Standard <=18 t_Conventional,,,0.02,1,12,101,0.000165451,-0.002978488,1.71221333,5.62437794,7.40E-05,0.009769487,0.151703761,0,1,1,1 
BD_22,Buses_Diesel_Coaches Standard <=18 t_Conventional,,,0.04,0,12,101,0.000144813,0.107437384,2.088751146,-4.464648794,0.00064378,0.034554467,-0.115100532,0,1,1,1 
BD_22,Buses_Diesel_Coaches Standard <=18 t_Conventional,,,0.04,0.5,12,89,0.000139388,0.079927845,3.090625462,9.977726274,0.00049323,0.030164847,0.163599345,0,1,1,1 
BD_22,Buses_Diesel_Coaches Standard <=18 t_Conventional,,,0.04,1,12,79,0.000514433,-0.013696226,1.487214544,5.44825874,0.000175015,0.0039291,0.129750583,0,1,1,1 
BD_22,Buses_Diesel_Coaches Standard <=18 t_Conventional,,,0.06,0,12,82,-2.85E-05,0.00378739,1.697001653,10.77824014,-5.99E-05,0.015998364,0.136167043,0,1,1,1 
BD_22,Buses_Diesel_Coaches Standard <=18 t_Conventional,,,0.06,0.5,12,72,-1.84E-05,0.003766866,1.142727695,6.741612711,-3.51E-05,0.00971637,0.077006804,0,1,1,1 
BD_22,Buses_Diesel_Coaches Standard <=18 t_Conventional,,,0.06,1,12,57,-0.000111512,0.113004431,4.820884503,-13.35327667,0.00087204,0.024067312,0.077094675,0,1,1,1 
BD_23,Buses_Diesel_Coaches Standard <=18 t_Euro I,,,-0.06,0,12,105,4.92E-05,-0.010471992,0.889744669,3.151391601,0.000219315,0.012011251,0.111924127,0,1,1,1 
BD_23,Buses_Diesel_Coaches Standard <=18 t_Euro I,,,-0.06,0.5,12,105,1.91E-05,-0.006706679,1.866293864,-7.208638224,0.001250181,0.004178055,0.122527048,0,1,1,1 
BD_23,Buses_Diesel_Coaches Standard <=18 t_Euro I,,,-0.06,1,12,105,1.13E-05,-0.003852629,0.945043168,-3.72902199,0.000636508,0.001647322,0.066583838,0,1,1,1 
BD_23,Buses_Diesel_Coaches Standard <=18 t_Euro I,,,-0.04,0,12,105,2.46E-05,-0.008071483,0.749350468,5.355781143,7.39E-05,0.009890926,0.13343467,0,1,1,1 
BD_23,Buses_Diesel_Coaches Standard <=18 t_Euro I,,,-0.04,0.5,12,105,3.65E-05,-0.007820917,0.640684769,3.042278107,9.83E-05,0.006481558,0.107567503,0,1,1,1 
BD_23,Buses_Diesel_Coaches Standard <=18 t_Euro I,,,-0.04,1,12,105,0.000154505,-0.025548882,1.781733281,6.411636137,0.000384525,0.009716314,0.342218205,0,1,1,1 
BD_23,Buses_Diesel_Coaches Standard <=18 t_Euro I,,,-0.02,0,12,105,0.000182498,-0.005757263,1.983738961,6.370916208,0.000226166,0.024969998,0.183741592,0,1,1,1 
BD_23,Buses_Diesel_Coaches Standard <=18 t_Euro I,,,-0.02,0.5,12,105,9.73E-05,-0.00655551,0.875790067,3.390888548,0.000121835,0.007983326,0.11796207,0,1,1,1 
BD_23,Buses_Diesel_Coaches Standard <=18 t_Euro I,,,-0.02,1,12,105,-3.09E-05,0.031721912,2.466316781,-3.439915078,0.000947831,0.027564158,0.064456791,0,1,1,1 
BD_23,Buses_Diesel_Coaches Standard <=18 t_Euro I,,,0,0,12,105,9.45E-05,0.084823951,2.234484392,-10.30655642,0.000793554,0.04550618,-0.215274671,0,1,1,1 
BD_23,Buses_Diesel_Coaches Standard <=18 t_Euro I,,,0,0.5,12,105,0.000282988,0.220067955,3.574936255,-10.37940428,0.001953217,0.089353786,-0.368251799,0,1,1,1 
BD_23,Buses_Diesel_Coaches Standard <=18 t_Euro I,,,0,1,12,105,0.000156117,0.005916041,1.72494956,4.719027974,0.000112393,0.019929417,0.148616473,0,1,1,1 
BD_23,Buses_Diesel_Coaches Standard <=18 t_Euro I,,,0.02,0,12,105,0.000439322,0.004565043,2.266883636,9.801204225,0.000303267,0.023491464,0.229570189,0,1,1,1 
BD_23,Buses_Diesel_Coaches Standard <=18 t_Euro I,,,0.02,0.5,12,105,0.000706282,-0.009103276,1.51506572,9.765863615,0.000379581,0.005784808,0.27622027,0,1,1,1 
BD_23,Buses_Diesel_Coaches Standard <=18 t_Euro I,,,0.02,1,12,104,0.000610062,-0.009332904,1.18132973,6.058884203,0.000279075,0.00249874,0.20542541,0,1,1,1 
BD_23,Buses_Diesel_Coaches Standard <=18 t_Euro I,,,0.04,0,12,102,9.63E-05,0.010015501,1.435057282,7.539931368,-8.46E-05,0.023412094,0.087110098,0,1,1,1 
BD_23,Buses_Diesel_Coaches Standard <=18 t_Euro I,,,0.04,0.5,12,95,0.000109019,0.03332068,3.653827393,24.03181881,-0.000133851,0.043655448,0.437417629,0,1,1,1 
BD_23,Buses_Diesel_Coaches Standard <=18 t_Euro I,,,0.04,1,12,83,-1.96E-05,0.01930921,1.84240725,7.866233098,-5.77E-05,0.017945295,0.18566467,0,1,1,1 
BD_23,Buses_Diesel_Coaches Standard <=18 t_Euro I,,,0.06,0,12,86,2.89E-05,0.00466758,0.620169506,22.20638213,-1.89E-05,0.004202494,0.337007284,0,1,1,1 
BD_23,Buses_Diesel_Coaches Standard <=18 t_Euro I,,,0.06,0.5,12,77,-2.76E-05,0.086997897,2.936825156,5.291879535,0.000215005,0.027620483,0.264687379,0,1,1,1 
BD_23,Buses_Diesel_Coaches Standard <=18 t_Euro I,,,0.06,1,12,65,0.003726297,0.526205661,-2.320650477,-35.28294203,0.001315259,0.083006104,-0.986587715,0,1,1,1 
BD_24,Buses_Diesel_Coaches Standard <=18 t_Euro II,,,-0.06,0,12,105,1.95E-05,-0.007156998,1.709971265,2.126352577,0.001223892,0.019789156,0.228326443,0,1,1,1 
BD_24,Buses_Diesel_Coaches Standard <=18 t_Euro II,,,-0.06,0.5,12,105,1.37E-05,-0.004878191,1.479181863,-5.651719618,0.001261003,0.004796239,0.118874864,0,1,1,1 
BD_24,Buses_Diesel_Coaches Standard <=18 t_Euro II,,,-0.06,1,12,105,2.58E-05,-0.0086674,1.876762389,-7.862779921,0.001530138,0.002718884,0.180372682,0,1,1,1 
BD_24,Buses_Diesel_Coaches Standard <=18 t_Euro II,,,-0.04,0,12,105,8.67E-05,-0.014894604,1.194896768,3.820569932,0.00030152,0.012948798,0.212511553,0,1,1,1 
BD_24,Buses_Diesel_Coaches Standard <=18 t_Euro II,,,-0.04,0.5,12,105,9.97E-05,-0.017114938,1.320104994,4.06711663,0.000340916,0.012734457,0.255139608,0,1,1,1 
BD_24,Buses_Diesel_Coaches Standard <=18 t_Euro II,,,-0.04,1,12,105,6.49E-06,-0.002844528,1.818759721,-7.386550186,0.001141277,0.007922801,0.108084326,0,1,1,1 
BD_24,Buses_Diesel_Coaches Standard <=18 t_Euro II,,,-0.02,0,12,105,0.000115021,-0.006445358,0.873213665,4.647815677,0.000181211,0.010391264,0.167122476,0,1,1,1 
BD_24,Buses_Diesel_Coaches Standard <=18 t_Euro II,,,-0.02,0.5,12,105,0.000236218,-0.016894591,1.491857634,5.845929183,0.000365341,0.00985801,0.303691996,0,1,1,1 
BD_24,Buses_Diesel_Coaches Standard <=18 t_Euro II,,,-0.02,1,12,105,0.000484672,-0.036130827,3.040400484,4.400366754,0.000829811,0.012813939,0.498033649,0,1,1,1 
BD_24,Buses_Diesel_Coaches Standard <=18 t_Euro II,,,0,0,12,105,0.000202735,-0.002167004,0.871292402,4.662007597,0.000186749,0.009174644,0.14702784,0,1,1,1 
BD_24,Buses_Diesel_Coaches Standard <=18 t_Euro II,,,0,0.5,12,105,0.000381654,-0.011385187,0.955539671,5.995108479,0.000306923,0.001914478,0.231185071,0,1,1,1 
BD_24,Buses_Diesel_Coaches Standard <=18 t_Euro II,,,0,1,12,105,0.000524399,-0.016565509,1.171030331,6.991349557,0.000389161,1.61E-05,0.281802746,0,1,1,1 
BD_24,Buses_Diesel_Coaches Standard <=18 t_Euro II,,,0.02,0,12,105,0.000955569,-0.014468095,1.269498998,8.470043169,0.000595728,0.001291326,0.281094629,0,1,1,1 
BD_24,Buses_Diesel_Coaches Standard <=18 t_Euro II,,,0.02,0.5,12,105,0.004649234,-0.026900557,3.701978482,2.970736024,0.003144565,-0.019914703,0.585121095,0,1,1,1 
BD_24,Buses_Diesel_Coaches Standard <=18 t_Euro II,,,0.02,1,12,105,0.004328227,-0.007273467,4.513742489,1.327572557,0.002862813,-0.010142748,0.605061327,0,1,1,1 
BD_24,Buses_Diesel_Coaches Standard <=18 t_Euro II,,,0.04,0,12,103,0.000943208,0.066531477,1.846072696,-5.724802863,0.000874594,0.027712091,-0.067452446,0,1,1,1 
BD_24,Buses_Diesel_Coaches Standard <=18 t_Euro II,,,0.04,0.5,12,99,0.000342698,0.107971892,4.198907566,2.869370984,0.00078247,0.049402955,0.190834047,0,1,1,1 
BD_24,Buses_Diesel_Coaches Standard <=18 t_Euro II,,,0.04,1,12,91,0.000550509,0.105436492,5.894028334,-3.282588903,0.001193974,0.039800544,0.326626579,0,1,1,1 
BD_24,Buses_Diesel_Coaches Standard <=18 t_Euro II,,,0.06,0,12,90,4.60E-05,0.09793149,4.079312978,-2.441505966,0.000684737,0.042837529,0.13082745,0,1,1,1 
BD_24,Buses_Diesel_Coaches Standard <=18 t_Euro II,,,0.06,0.5,12,81,0.001488521,0.041457983,4.957006587,-3.254321292,0.001367649,0.013249365,0.347680788,0,1,1,1 
BD_24,Buses_Diesel_Coaches Standard <=18 t_Euro II,,,0.06,1,12,72,0.000141329,0.030554837,-0.837604901,7.401046635,0.000335713,-0.009027783,0.079292603,0,1,1,1 
BD_25,Buses_Diesel_Coaches Standard <=18 t_Euro III,,,-0.06,0,12,105,3.57E-05,-0.006931354,0.606519326,2.957010865,8.89E-05,0.0063389,0.092696325,0,1,1,1 
BD_25,Buses_Diesel_Coaches Standard <=18 t_Euro III,,,-0.06,0.5,12,105,4.10E-05,-0.00761475,0.658308668,3.004630318,0.000103036,0.006799931,0.103407146,0,1,1,1 
BD_25,Buses_Diesel_Coaches Standard <=18 t_Euro III,,,-0.06,1,12,105,0.000107797,-0.017563056,1.470752759,4.331634083,0.000276735,0.013049188,0.21117817,0,1,1,1 
BD_25,Buses_Diesel_Coaches Standard <=18 t_Euro III,,,-0.04,0,12,105,8.22E-05,-0.012608019,1.058074916,4.064135956,0.000131609,0.00694425,0.15773169,0,1,1,1 
BD_25,Buses_Diesel_Coaches Standard <=18 t_Euro III,,,-0.04,0.5,12,105,8.01E-05,-0.013337918,1.153742607,3.57308203,0.000142022,0.008217399,0.154423165,0,1,1,1 
BD_25,Buses_Diesel_Coaches Standard <=18 t_Euro III,,,-0.04,1,12,105,6.25E-05,-0.011140944,0.95326721,3.572512387,0.000111498,0.007122599,0.138096089,0,1,1,1 
BD_25,Buses_Diesel_Coaches Standard <=18 t_Euro III,,,-0.02,0,12,105,0.000462847,-0.020424584,3.313063444,10.64094671,0.000366057,0.021524881,0.460065249,0,1,1,1 
BD_25,Buses_Diesel_Coaches Standard <=18 t_Euro III,,,-0.02,0.5,12,105,0.000247666,-0.013288018,1.475286855,4.990749346,0.000203769,0.007070696,0.221179774,0,1,1,1 
BD_25,Buses_Diesel_Coaches Standard <=18 t_Euro III,,,-0.02,1,12,105,0.000308847,-0.019078907,1.767465119,5.289416304,0.000270516,0.006431271,0.263852012,0,1,1,1 
BD_25,Buses_Diesel_Coaches Standard <=18 t_Euro III,,,0,0,12,105,0.000507413,-0.0236481,2.287718793,5.794693913,0.000348739,0.005810909,0.362475241,0,1,1,1 
BD_25,Buses_Diesel_Coaches Standard <=18 t_Euro III,,,0,0.5,12,105,0.000660995,-0.030003075,2.319791357,6.510898927,0.000434862,0.00149753,0.397102039,0,1,1,1 
BD_25,Buses_Diesel_Coaches Standard <=18 t_Euro III,,,0,1,12,105,0.000585361,-0.027056071,1.594005743,5.163569713,0.000366912,-0.003374749,0.309047944,0,1,1,1 
BD_25,Buses_Diesel_Coaches Standard <=18 t_Euro III,,,0.02,0,12,105,0.000299525,-0.008120321,1.342694407,4.478017807,0.000183411,0.006428675,0.193889887,0,1,1,1 
BD_25,Buses_Diesel_Coaches Standard <=18 t_Euro III,,,0.02,0.5,12,105,0.000513058,-0.017034343,1.821022579,5.59564037,0.000291927,0.004512662,0.28122814,0,1,1,1 
BD_25,Buses_Diesel_Coaches Standard <=18 t_Euro III,,,0.02,1,12,105,0.000169953,0.005216259,-0.322256147,4.669752177,0.000206008,-0.0075001,0.086816752,0,1,1,1 
BD_25,Buses_Diesel_Coaches Standard <=18 t_Euro III,,,0.04,0,12,104,2.10E-05,0.016327154,0.880175513,5.091085048,9.22E-05,0.011041773,0.106812911,0,1,1,1 
BD_25,Buses_Diesel_Coaches Standard <=18 t_Euro III,,,0.04,0.5,12,101,5.04E-05,0.033203845,1.38511354,4.358678253,0.000207612,0.016937023,0.1168552,0,1,1,1 
BD_25,Buses_Diesel_Coaches Standard <=18 t_Euro III,,,0.04,1,12,97,-6.01E-06,0.039149691,1.875019152,5.868869958,0.000205699,0.020654834,0.160340042,0,1,1,1 
BD_25,Buses_Diesel_Coaches Standard <=18 t_Euro III,,,0.06,0,12,92,1.28E-05,0.039795549,1.833226361,5.702894418,0.000222758,0.021330235,0.159341008,0,1,1,1 
BD_25,Buses_Diesel_Coaches Standard <=18 t_Euro III,,,0.06,0.5,12,84,-7.87E-05,0.049031258,1.902254656,4.772567727,0.000257496,0.021170461,0.148160582,0,1,1,1 
BD_25,Buses_Diesel_Coaches Standard <=18 t_Euro III,,,0.06,1,12,78,-1.18E-05,0.033724313,1.499863941,4.502727436,0.000183731,0.015725527,0.106739653,0,1,1,1 
BD_26,Buses_Diesel_Coaches Standard <=18 t_Euro IV,,,-0.06,0,12,105,2.11E-05,-0.00420937,0.177288343,5.321090475,0.000284853,0.001071696,0.223743234,0,1,1,1 
BD_26,Buses_Diesel_Coaches Standard <=18 t_Euro IV,,,-0.06,0.5,12,105,1.72E-05,-0.003398454,0.135446501,5.013065287,0.000256837,0.001073908,0.207359355,0,1,1,1 
BD_26,Buses_Diesel_Coaches Standard <=18 t_Euro IV,,,-0.06,1,12,105,2.40E-05,-0.004626,0.184455394,5.701436974,0.000351482,-0.000122143,0.263890864,0,1,1,1 
BD_26,Buses_Diesel_Coaches Standard <=18 t_Euro IV,,,-0.04,0,12,105,1.01E-05,-0.002628649,0.171362916,3.33387071,9.34E-05,0.00421831,0.102588243,0,1,1,1 
BD_26,Buses_Diesel_Coaches Standard <=18 t_Euro IV,,,-0.04,0.5,12,104,1.52E-05,-0.006242496,0.463308127,2.606892693,0.000179144,0.010249634,0.103628001,0,1,1,1 
BD_26,Buses_Diesel_Coaches Standard <=18 t_Euro IV,,,-0.04,1,12,105,1.99E-05,-0.004741835,0.280345687,4.092937388,0.000174608,0.004799116,0.158170376,0,1,1,1 
BD_26,Buses_Diesel_Coaches Standard <=18 t_Euro IV,,,-0.02,0,12,105,5.07E-05,-0.002713965,0.450331909,2.377424315,0.000127701,0.008937094,0.080096215,0,1,1,1 
BD_26,Buses_Diesel_Coaches Standard <=18 t_Euro IV,,,-0.02,0.5,12,105,6.97E-05,-0.006125734,0.982403976,2.234032807,0.000239271,0.020981429,0.085275222,0,1,1,1 
BD_26,Buses_Diesel_Coaches Standard <=18 t_Euro IV,,,-0.02,1,12,105,9.72E-05,-0.013362621,1.871307858,3.951591885,0.000417607,0.040727121,0.153769239,0,1,1,1 
BD_26,Buses_Diesel_Coaches Standard <=18 t_Euro IV,,,0,0,12,105,0.000637812,0.008841809,4.403285035,-0.223731702,0.000982579,0.087107075,0.173402898,0,1,1,1 
BD_26,Buses_Diesel_Coaches Standard <=18 t_Euro IV,,,0,0.5,12,105,0.000601374,0.010225177,3.891074963,-3.808749009,0.000954658,0.077220997,0.058143792,0,1,1,1 
BD_26,Buses_Diesel_Coaches Standard <=18 t_Euro IV,,,0,1,12,105,0.000505782,0.011209817,3.448409322,-3.649325146,0.000801484,0.071382539,0.017413562,0,1,1,1 
BD_26,Buses_Diesel_Coaches Standard <=18 t_Euro IV,,,0.02,0,12,105,0.00046496,0.020961917,2.691604616,3.477910441,0.000515516,0.056387997,0.16254888,0,1,1,1 
BD_26,Buses_Diesel_Coaches Standard <=18 t_Euro IV,,,0.02,0.5,12,105,0.000537394,0.018707821,2.473812527,6.057089975,0.00054152,0.048487469,0.237916136,0,1,1,1 
BD_26,Buses_Diesel_Coaches Standard <=18 t_Euro IV,,,0.02,1,12,105,8.59E-06,0.00280431,0.458095949,4.938754271,-2.51E-05,0.010086948,0.126325346,0,1,1,1 
BD_26,Buses_Diesel_Coaches Standard <=18 t_Euro IV,,,0.04,0,12,104,5.59E-05,0.023113786,0.661456054,4.014213899,0.000113408,0.021800604,0.040419255,0,1,1,1 
BD_26,Buses_Diesel_Coaches Standard <=18 t_Euro IV,,,0.04,0.5,12,102,9.57E-05,0.035439705,0.825413417,4.430107896,0.000187879,0.028394087,0.029438692,0,1,1,1 
BD_26,Buses_Diesel_Coaches Standard <=18 t_Euro IV,,,0.04,1,12,99,0.000320532,0.114666052,1.469780198,4.68523068,0.000783666,0.064465048,-0.110042925,0,1,1,1 
BD_26,Buses_Diesel_Coaches Standard <=18 t_Euro IV,,,0.06,0,12,94,0.000678695,0.230443591,3.134513605,8.998302144,0.001438611,0.128140431,-0.167219216,0,1,1,1 
BD_26,Buses_Diesel_Coaches Standard <=18 t_Euro IV,,,0.06,0.5,12,86,3.24E-05,0.00617166,0.761539933,12.71234539,-4.45E-05,0.012531872,0.283659825,0,1,1,1 
BD_26,Buses_Diesel_Coaches Standard <=18 t_Euro IV,,,0.06,1,12,78,2.80E-05,0.01936321,2.227019882,12.31041851,-0.000116853,0.038173149,0.324097258,0,1,1,1 
BD_27,Buses_Diesel_Coaches Standard <=18 t_Euro V,SCR,,-0.06,0,5,70,-0.000182718,0.017384946,-0.352037552,3.383920036,0.00028916,-0.005778386,0.054523483,0,1,1,1 
BD_27,Buses_Diesel_Coaches Standard <=18 t_Euro V,SCR,,-0.06,0.5,5,70,-0.000223297,0.021233759,-0.443354134,3.831948174,0.000334737,-0.007220833,0.062282443,0,1,1,1 
BD_27,Buses_Diesel_Coaches Standard <=18 t_Euro V,SCR,,-0.06,1,5,65,-0.000260203,0.024499417,-0.506181778,4.111129095,0.000383453,-0.008333056,0.067468586,0,1,1,1 
BD_27,Buses_Diesel_Coaches Standard <=18 t_Euro V,SCR,,-0.04,0,5,90,-0.000187205,0.006579255,1.011153783,2.280005138,0.000714564,0.009072691,0.044812731,0,1,1,1 
BD_27,Buses_Diesel_Coaches Standard <=18 t_Euro V,SCR,,-0.04,0.5,5,80,-0.00025707,0.023866101,-0.227351146,3.005292371,0.000455422,-0.004755117,0.047668764,0,1,1,1 
BD_27,Buses_Diesel_Coaches Standard <=18 t_Euro V,SCR,,-0.04,1,5,80,-0.00025901,0.025012804,-0.369866395,2.858860312,0.000398099,-0.006213615,0.044450305,0,1,1,1 
BD_27,Buses_Diesel_Coaches Standard <=18 t_Euro V,SCR,,-0.02,0,5,100,0.000150488,0.010651088,1.686457537,1.785993274,0.000813972,0.01500771,0.039767751,0,1,1,1 
BD_27,Buses_Diesel_Coaches Standard <=18 t_Euro V,SCR,,-0.02,0.5,5,100,-0.000120784,0.033819249,0.64084426,2.812494108,0.000873846,0.003231694,0.04938723,0,1,1,1 
BD_27,Buses_Diesel_Coaches Standard <=18 t_Euro V,SCR,,-0.02,1,5,100,-0.000265278,0.044060164,0.120278156,3.334541211,0.00086319,-0.002405486,0.053832961,0,1,1,1 
BD_27,Buses_Diesel_Coaches Standard <=18 t_Euro V,SCR,,0,0,5,100,0.000138466,0.01370151,-0.172469779,6.585645214,0.000267636,-0.002753309,0.0756398,0,1,1,1 
BD_27,Buses_Diesel_Coaches Standard <=18 t_Euro V,SCR,,0,0.5,5,100,7.13E-05,0.011005462,-0.233220546,3.561600019,0.000179086,-0.003115626,0.040721724,0,1,1,1 
BD_27,Buses_Diesel_Coaches Standard <=18 t_Euro V,SCR,,0,1,5,100,6.68E-05,0.015176144,-0.376517517,3.571827528,0.000218097,-0.004700388,0.04056632,0,1,1,1 
BD_27,Buses_Diesel_Coaches Standard <=18 t_Euro V,SCR,,0.02,0,5,100,0.001613071,-0.036565259,4.738569753,1.192068095,0.000255884,0.044677306,0.011169512,0,1,1,1 
BD_27,Buses_Diesel_Coaches Standard <=18 t_Euro V,SCR,,0.02,0.5,5,100,0.000177495,0.000394089,0.179347288,6.130057332,6.04E-05,0.001598531,0.058596682,0,1,1,1 
BD_27,Buses_Diesel_Coaches Standard <=18 t_Euro V,SCR,,0.02,1,5,100,0.000262761,0.001901576,0.125489373,7.034506235,0.000105513,0.000560457,0.066647044,0,1,1,1 
BD_27,Buses_Diesel_Coaches Standard <=18 t_Euro V,SCR,,0.04,0,5,100,-1.95E-05,0.002923541,-0.115402478,5.054179051,2.53E-06,-0.000515406,0.042651808,0,1,1,1 
BD_27,Buses_Diesel_Coaches Standard <=18 t_Euro V,SCR,,0.04,0.5,5,100,-2.51E-05,0.00352226,-0.129727502,6.346445221,2.93E-06,-0.000599728,0.051641422,0,1,1,1 
BD_27,Buses_Diesel_Coaches Standard <=18 t_Euro V,SCR,,0.04,1,5,100,-4.76E-05,0.005815024,-0.140992814,9.554313424,1.34E-06,-0.000436955,0.074622221,0,1,1,1 
BD_27,Buses_Diesel_Coaches Standard <=18 t_Euro V,SCR,,0.06,0,5,90,-0.000104676,0.011217043,-0.04413422,7.809400259,-6.23E-06,0.001159921,0.05654528,0,1,1,1 
BD_27,Buses_Diesel_Coaches Standard <=18 t_Euro V,SCR,,0.06,0.5,5,80,0.009498084,0.88418795,-5.574296352,8.177844151,0.007262981,-0.043336294,0.062227324,0,1,1,1 
BD_27,Buses_Diesel_Coaches Standard <=18 t_Euro V,SCR,,0.06,1,5,80,0.007460351,1.105622473,-5.744058914,4.165928104,0.007969785,-0.03998336,0.028708118,0,1,1,1 
BD_27,Buses_Diesel_Coaches Standard <=18 t_Euro V,EGR,,-0.06,0,5,80,-0.000382899,0.035848616,-0.365842378,2.857526922,0.001869998,-0.022371392,0.144321545,0,1,1,1 
BD_27,Buses_Diesel_Coaches Standard <=18 t_Euro V,EGR,,-0.06,0.5,5,80,-0.000415557,0.039025155,-0.448736396,3.071703863,0.001989829,-0.026029655,0.155078575,0,1,1,1 
BD_27,Buses_Diesel_Coaches Standard <=18 t_Euro V,EGR,,-0.06,1,5,80,-0.000424236,0.03987667,-0.477855796,3.133322077,0.002045884,-0.02771221,0.159533792,0,1,1,1 
BD_27,Buses_Diesel_Coaches Standard <=18 t_Euro V,EGR,,-0.04,0,5,90,-0.000878545,0.082294206,0.078443253,2.514115495,0.003892655,-0.011794028,0.140805507,0,1,1,1 
BD_27,Buses_Diesel_Coaches Standard <=18 t_Euro V,EGR,,-0.04,0.5,5,90,-0.000984788,0.093556007,-0.308033867,3.290361375,0.004176325,-0.025395759,0.168798774,0,1,1,1 
BD_27,Buses_Diesel_Coaches Standard <=18 t_Euro V,EGR,,-0.04,1,5,85,-0.001083897,0.103586899,-0.61448294,3.93297824,0.004449737,-0.036443461,0.192998315,0,1,1,1 
BD_27,Buses_Diesel_Coaches Standard <=18 t_Euro V,EGR,,-0.02,0,5,100,-0.000674121,0.16618761,-0.950005879,2.917268376,0.005689824,-0.038017795,0.119368098,0,1,1,1 
BD_27,Buses_Diesel_Coaches Standard <=18 t_Euro V,EGR,,-0.02,0.5,5,100,-0.000842304,0.151182694,-0.76801457,2.780561057,0.00513979,-0.03277535,0.118136994,0,1,1,1 
BD_27,Buses_Diesel_Coaches Standard <=18 t_Euro V,EGR,,-0.02,1,5,100,-0.001264068,0.184421982,-1.04740997,3.33017916,0.006021479,-0.041534676,0.136593235,0,1,1,1 
BD_27,Buses_Diesel_Coaches Standard <=18 t_Euro V,EGR,,0,0,5,100,0.000109641,0.034028671,-0.328605223,1.919556365,0.001169524,-0.011940631,0.061680556,0,1,1,1 
BD_27,Buses_Diesel_Coaches Standard <=18 t_Euro V,EGR,,0,0.5,5,100,9.82E-05,0.032192399,-0.308028624,1.82971343,0.00110242,-0.011315589,0.058549327,0,1,1,1 
BD_27,Buses_Diesel_Coaches Standard <=18 t_Euro V,EGR,,0,1,5,100,9.90E-05,0.036206195,-0.327190046,1.939926442,0.001225313,-0.012176441,0.062018652,0,1,1,1 
BD_27,Buses_Diesel_Coaches Standard <=18 t_Euro V,EGR,,0.02,0,5,100,9.27E-05,0.021461269,-0.29891175,2.054707927,0.000665339,-0.008968567,0.054414722,0,1,1,1 
BD_27,Buses_Diesel_Coaches Standard <=18 t_Euro V,EGR,,0.02,0.5,5,100,0.000106718,0.024659581,-0.319086358,2.224375923,0.000752248,-0.009569683,0.057609528,0,1,1,1 
BD_27,Buses_Diesel_Coaches Standard <=18 t_Euro V,EGR,,0.02,1,5,100,0.00011372,0.027541628,-0.335362331,2.334575924,0.000822803,-0.010029122,0.059212592,0,1,1,1 
BD_27,Buses_Diesel_Coaches Standard <=18 t_Euro V,EGR,,0.04,0,5,100,5.38E-05,0.019287416,-0.323559916,2.272764478,0.000494223,-0.007812013,0.050332792,0,1,1,1 
BD_27,Buses_Diesel_Coaches Standard <=18 t_Euro V,EGR,,0.04,0.5,5,100,3.28E-05,0.021782133,-0.328995444,2.10157448,0.000517566,-0.007549295,0.044460129,0,1,1,1 
BD_27,Buses_Diesel_Coaches Standard <=18 t_Euro V,EGR,,0.04,1,5,100,1.72E-05,0.047065872,-0.581555639,3.371057656,0.001046129,-0.012878061,0.06859016,0,1,1,1 
BD_27,Buses_Diesel_Coaches Standard <=18 t_Euro V,EGR,,0.06,0,5,95,5.88E-05,0.023609656,1.489572147,-4.315369583,0.000716316,0.025172133,-0.075722947,0,1,1,1 
BD_27,Buses_Diesel_Coaches Standard <=18 t_Euro V,EGR,,0.06,0.5,5,80,2.00E-05,0.014774117,2.147597194,-6.08975038,0.000611654,0.034131071,-0.100255621,0,1,1,1 
BD_27,Buses_Diesel_Coaches Standard <=18 t_Euro V,EGR,,0.06,1,5,80,-0.000258963,0.064831592,-0.746311703,2.844786921,0.001069557,-0.012667011,0.047711782,0,1,1,1 
BD_28,Buses_Diesel_Coaches Standard <=18 t_Euro VI,,,-0.06,0,5,75,-0.000534793,0.048382288,-0.612185505,3.50652216,0.008110135,-0.120622839,0.679358345,0,1,1,1 
BD_28,Buses_Diesel_Coaches Standard <=18 t_Euro VI,,,-0.06,0.5,5,60,-0.013480543,0.917079725,-3.13649959,1.445190383,0.125267304,-0.377024772,6.48E-10,0,1,1,1 
BD_28,Buses_Diesel_Coaches Standard <=18 t_Euro VI,,,-0.06,1,5,65,-0.003908881,0.277508589,-1.492118655,1.152661943,0.039306808,-0.215984949,0.122373521,0,1,1,1 
BD_28,Buses_Diesel_Coaches Standard <=18 t_Euro VI,,,-0.04,0,5,80,-0.005900043,0.515703283,-2.626755143,1.480191592,0.05865512,-0.277689728,-1.94E-14,0,1,1,1 
BD_28,Buses_Diesel_Coaches Standard <=18 t_Euro VI,,,-0.04,0.5,5,80,-0.005900425,0.523788517,-2.383153506,2.511419993,0.065661615,-0.299048074,0.294795506,0,1,1,1 
BD_28,Buses_Diesel_Coaches Standard <=18 t_Euro VI,,,-0.04,1,5,80,-0.004317651,0.369561618,-1.665818579,1.731718584,0.046481295,-0.20947694,0.202494042,0,1,1,1 
BD_28,Buses_Diesel_Coaches Standard <=18 t_Euro VI,,,-0.02,0,5,100,-0.002605084,0.729008591,2.851454853,-1.797566011,0.07983511,0.379422099,8.48E-12,0,1,1,1 
BD_28,Buses_Diesel_Coaches Standard <=18 t_Euro VI,,,-0.02,0.5,5,100,-0.002472002,0.422386551,2.303104596,-1.464289743,0.045574731,0.2917027,9.18E-12,0,1,1,1 
BD_28,Buses_Diesel_Coaches Standard <=18 t_Euro VI,,,-0.02,1,5,100,0.000314324,-0.077754159,4.764645912,-1.029088378,-0.004530585,0.491677453,0.321415907,0,1,1,1 
BD_28,Buses_Diesel_Coaches Standard <=18 t_Euro VI,,,0,0,5,100,-8.54E-05,-0.019034904,2.855652694,-0.655907829,-0.002866587,0.294442276,-0.007853668,0,1,1,1 
BD_28,Buses_Diesel_Coaches Standard <=18 t_Euro VI,,,0,0.5,5,100,0.002153211,0.852507094,-2.809856933,0.409300896,0.088316356,-0.275520979,-3.95E-14,0,1,1,1 
BD_28,Buses_Diesel_Coaches Standard <=18 t_Euro VI,,,0,1,5,100,0.000222842,0.109913656,-1.476811749,1.571223324,0.011548467,-0.150531355,0.151049142,0,1,1,1 
BD_28,Buses_Diesel_Coaches Standard <=18 t_Euro VI,,,0.02,0,5,100,-0.000182103,-0.002213576,2.718377865,-8.869142481,-0.001647298,0.257109233,-0.823136661,0,1,1,1 
BD_28,Buses_Diesel_Coaches Standard <=18 t_Euro VI,,,0.02,0.5,5,100,-8.19E-05,-0.002677462,1.504327059,-4.851039325,-0.000749144,0.136078054,-0.433510607,0,1,1,1 
BD_28,Buses_Diesel_Coaches Standard <=18 t_Euro VI,,,0.02,1,5,100,-5.90E-05,-0.010186512,2.129150951,-0.014013165,-0.000997166,0.180788573,-5.70E-10,0,1,1,1 
BD_28,Buses_Diesel_Coaches Standard <=18 t_Euro VI,,,0.04,0,5,100,-2.85E-05,-0.000311915,0.656123583,-3.407535011,7.67E-05,0.049527067,-0.260437327,0,1,1,1 
BD_28,Buses_Diesel_Coaches Standard <=18 t_Euro VI,,,0.04,0.5,5,100,-0.003047248,0.541185375,-2.322319606,-0.108325022,0.03838424,-0.169164776,-0.007888069,0,1,1,1 
BD_28,Buses_Diesel_Coaches Standard <=18 t_Euro VI,,,0.04,1,5,100,-0.001988156,0.297767457,-1.760116423,2.062391512,0.019982329,-0.122168061,0.144140325,0,1,1,1 
BD_28,Buses_Diesel_Coaches Standard <=18 t_Euro VI,,,0.06,0,5,95,-0.002829088,0.378119135,-1.949700797,1.391966325,0.024005011,-0.128297473,0.091929182,0,1,1,1 
BD_28,Buses_Diesel_Coaches Standard <=18 t_Euro VI,,,0.06,0.5,5,85,0.00022522,-0.019843488,1.985070217,-0.207714792,0.001100852,0.113908507,3.31E-11,0,1,1,1 
BD_28,Buses_Diesel_Coaches Standard <=18 t_Euro VI,,,0.06,1,5,80,0.000536166,-0.048957166,2.622126815,-0.275241286,0.000411829,0.142604851,5.23E-11,0,1,1,1 
BD_29,Buses_Diesel_Coaches Articulated >18 t_Conventional,,,-0.06,0,12,105,-1.73E-06,0.000511503,1.693041932,-5.698988626,0.00079609,0.007175407,0.036951253,0,1,1,1 
BD_29,Buses_Diesel_Coaches Articulated >18 t_Conventional,,,-0.06,0.5,12,105,0.00011591,-0.003531262,3.411897401,-3.119851306,0.002099643,-0.003048872,0.373392648,0,1,1,1 
BD_29,Buses_Diesel_Coaches Articulated >18 t_Conventional,,,-0.06,1,12,105,0.000272985,-0.012524373,2.594604468,1.241968561,0.001961296,-0.019991803,0.49570846,0,1,1,1 
BD_29,Buses_Diesel_Coaches Articulated >18 t_Conventional,,,-0.04,0,12,105,-9.04E-06,0.003649829,1.992828008,-7.131454092,0.000709343,0.008584152,0.033737723,0,1,1,1 
BD_29,Buses_Diesel_Coaches Articulated >18 t_Conventional,,,-0.04,0.5,12,105,-4.21E-07,-8.38E-05,1.212902046,-4.643148547,0.000429384,0.003992156,0.031730691,0,1,1,1 
BD_29,Buses_Diesel_Coaches Articulated >18 t_Conventional,,,-0.04,1,12,105,6.96E-06,-0.00287984,1.37406014,-5.750532679,0.000466101,0.002839694,0.048537313,0,1,1,1 
BD_29,Buses_Diesel_Coaches Articulated >18 t_Conventional,,,-0.02,0,12,105,0.000141333,-0.006627831,0.85534926,4.713586089,0.00011279,0.005002989,0.094860617,0,1,1,1 
BD_29,Buses_Diesel_Coaches Articulated >18 t_Conventional,,,-0.02,0.5,12,105,0.00022357,-0.016228421,1.495634299,5.982369449,0.000198857,0.006256081,0.161116977,0,1,1,1 
BD_29,Buses_Diesel_Coaches Articulated >18 t_Conventional,,,-0.02,1,12,105,0.000241035,-0.020986773,1.688754209,6.815062015,0.000214269,0.005324776,0.199533767,0,1,1,1 
BD_29,Buses_Diesel_Coaches Articulated >18 t_Conventional,,,0,0,12,105,8.19E-05,0.003112778,1.354550938,4.635105024,5.04E-05,0.012141054,0.078101465,0,1,1,1 
BD_29,Buses_Diesel_Coaches Articulated >18 t_Conventional,,,0,0.5,12,105,0.000125888,-0.000160431,0.959408139,3.826084599,6.66E-05,0.006712452,0.075683705,0,1,1,1 
BD_29,Buses_Diesel_Coaches Articulated >18 t_Conventional,,,0,1,12,105,0.000382875,-0.012266852,1.647504453,6.124048052,0.000175291,0.00510707,0.173136166,0,1,1,1 
BD_29,Buses_Diesel_Coaches Articulated >18 t_Conventional,,,0.02,0,12,105,1.07E-06,0.003302965,0.85700576,6.305060904,-1.64E-05,0.008521218,0.073629548,0,1,1,1 
BD_29,Buses_Diesel_Coaches Articulated >18 t_Conventional,,,0.02,0.5,12,103,-4.13E-06,0.003540183,0.808662124,5.377398498,-1.78E-05,0.007320435,0.067360394,0,1,1,1 
BD_29,Buses_Diesel_Coaches Articulated >18 t_Conventional,,,0.02,1,12,99,0.002123822,0.570174814,8.369191706,0.038230127,0.003666635,0.094155132,0.06677106,0,1,1,1 
BD_29,Buses_Diesel_Coaches Articulated >18 t_Conventional,,,0.04,0,12,100,-6.70E-06,0.002324086,0.681875077,4.545463633,-1.67E-05,0.006014966,0.055384197,0,1,1,1 
BD_29,Buses_Diesel_Coaches Articulated >18 t_Conventional,,,0.04,0.5,12,86,0.000809158,0.156986259,0.041126412,-9.696803115,0.001144628,0.007534949,-0.122668134,0,1,1,1 
BD_29,Buses_Diesel_Coaches Articulated >18 t_Conventional,,,0.04,1,12,75,0.001301192,-0.026591062,3.860398738,10.5929616,0.000359482,0.010474229,0.288830362,0,1,1,1 
BD_29,Buses_Diesel_Coaches Articulated >18 t_Conventional,,,0.06,0,12,81,-3.11E-05,0.002471316,1.03762825,6.066550332,-4.10E-05,0.008391924,0.078105957,0,1,1,1 
BD_29,Buses_Diesel_Coaches Articulated >18 t_Conventional,,,0.06,0.5,12,67,0.000670732,0.256614397,4.243133301,-6.100791925,0.000975463,0.059372469,-0.175254789,0,1,1,1 
BD_29,Buses_Diesel_Coaches Articulated >18 t_Conventional,,,0.06,1,12,57,9.55E-05,0.022745167,2.319972412,14.56835041,-6.90E-05,0.017868767,0.139062167,0,1,1,1 
BD_30,Buses_Diesel_Coaches Articulated >18 t_Euro I,,,-0.06,0,12,105,4.34E-05,-0.008735155,0.706986326,4.173253888,0.000169481,0.008803919,0.106930466,0,1,1,1 
BD_30,Buses_Diesel_Coaches Articulated >18 t_Euro I,,,-0.06,0.5,12,105,4.35E-05,-0.014369345,2.095765475,3.314544897,0.000950294,0.015025873,0.268369118,0,1,1,1 
BD_30,Buses_Diesel_Coaches Articulated >18 t_Euro I,,,-0.06,1,12,105,2.64E-05,-0.008935767,2.12644577,-8.215765282,0.001317816,0.003074591,0.135193265,0,1,1,1 
BD_30,Buses_Diesel_Coaches Articulated >18 t_Euro I,,,-0.04,0,12,105,3.79E-05,-0.007620764,0.652655301,3.059047132,9.46E-05,0.006270459,0.085298794,0,1,1,1 
BD_30,Buses_Diesel_Coaches Articulated >18 t_Euro I,,,-0.04,0.5,12,105,5.83E-05,-0.010553573,0.798467817,4.063840222,0.000138213,0.00611963,0.128859523,0,1,1,1 
BD_30,Buses_Diesel_Coaches Articulated >18 t_Euro I,,,-0.04,1,12,105,5.52E-06,-0.002239226,1.046388007,-4.291935592,0.000470004,0.002806426,0.04686543,0,1,1,1 
BD_30,Buses_Diesel_Coaches Articulated >18 t_Euro I,,,-0.02,0,12,105,1.29E-05,0.006743645,0.819703256,5.751518705,0.000113722,0.013250147,0.075168297,0,1,1,1 
BD_30,Buses_Diesel_Coaches Articulated >18 t_Euro I,,,-0.02,0.5,12,105,0.00010813,-0.00756498,0.814106982,4.195700512,0.00012021,0.005577297,0.117176659,0,1,1,1 
BD_30,Buses_Diesel_Coaches Articulated >18 t_Euro I,,,-0.02,1,12,105,0.000147613,-0.012557865,1.141827005,5.001947485,0.000163509,0.00607029,0.168549019,0,1,1,1 
BD_30,Buses_Diesel_Coaches Articulated >18 t_Euro I,,,0,0,12,105,-1.72E-06,0.001846995,0.622749045,4.570607039,-1.69E-05,0.008235857,0.071775035,0,1,1,1 
BD_30,Buses_Diesel_Coaches Articulated >18 t_Euro I,,,0,0.5,12,105,-8.04E-07,0.00372867,0.868547262,6.079356506,-2.44E-05,0.011302961,0.100977368,0,1,1,1 
BD_30,Buses_Diesel_Coaches Articulated >18 t_Euro I,,,0,1,12,105,0.000303555,-0.006352676,1.304762926,4.666075371,0.000160877,0.006077934,0.174516638,0,1,1,1 
BD_30,Buses_Diesel_Coaches Articulated >18 t_Euro I,,,0.02,0,12,105,0.000383959,-0.002946368,1.263993987,6.864564537,0.000214194,0.00797797,0.16506625,0,1,1,1 
BD_30,Buses_Diesel_Coaches Articulated >18 t_Euro I,,,0.02,0.5,12,104,0.000710905,-0.013138063,1.226977603,7.215034903,0.000306748,0.000939944,0.216109658,0,1,1,1 
BD_30,Buses_Diesel_Coaches Articulated >18 t_Euro I,,,0.02,1,12,100,0.001149133,-0.026759374,2.02407631,7.225362503,0.000413768,-0.000859619,0.311242753,0,1,1,1 
BD_30,Buses_Diesel_Coaches Articulated >18 t_Euro I,,,0.04,0,12,101,0.000476403,0.00078517,0.513627836,8.28105129,0.00018912,0.002326039,0.134396991,0,1,1,1 
BD_30,Buses_Diesel_Coaches Articulated >18 t_Euro I,,,0.04,0.5,12,90,0.001288287,0.125212845,5.537482811,8.431047949,0.000450674,0.06571476,0.241564918,0,1,1,1 
BD_30,Buses_Diesel_Coaches Articulated >18 t_Euro I,,,0.04,1,12,78,0.00010066,0.055330665,1.984623796,6.257258573,0.000147149,0.016803292,0.17716838,0,1,1,1 
BD_30,Buses_Diesel_Coaches Articulated >18 t_Euro I,,,0.06,0,12,86,6.57E-05,0.01778337,1.622622291,9.329272306,-5.85E-05,0.017046412,0.17203452,0,1,1,1 
BD_30,Buses_Diesel_Coaches Articulated >18 t_Euro I,,,0.06,0.5,12,71,-5.76E-05,0.107215324,3.430644078,5.762334907,0.000230575,0.028830942,0.270416351,0,1,1,1 
BD_30,Buses_Diesel_Coaches Articulated >18 t_Euro I,,,0.06,1,12,59,7.99E-05,0.060917751,3.235845347,16.96357767,0.000109602,0.019309898,0.33259872,0,1,1,1 
BD_31,Buses_Diesel_Coaches Articulated >18 t_Euro II,,,-0.06,0,12,105,9.35E-06,-0.00353126,1.740825548,-5.862551274,0.001431695,0.007710146,0.09762689,0,1,1,1 
BD_31,Buses_Diesel_Coaches Articulated >18 t_Euro II,,,-0.06,0.5,12,105,2.08E-05,-0.007091549,1.732612832,-6.677787465,0.001353934,0.003395793,0.137336769,0,1,1,1 
BD_31,Buses_Diesel_Coaches Articulated >18 t_Euro II,,,-0.06,1,12,105,2.10E-05,-0.00639119,0.979019168,-4.262897414,0.000712403,-0.001004423,0.097288787,0,1,1,1 
BD_31,Buses_Diesel_Coaches Articulated >18 t_Euro II,,,-0.04,0,12,105,1.39E-06,-0.000819198,1.593395961,-5.939068214,0.000964474,0.008083279,0.068263095,0,1,1,1 
BD_31,Buses_Diesel_Coaches Articulated >18 t_Euro II,,,-0.04,0.5,12,105,0.000142288,-0.021050672,1.4887395,6.144835549,0.000414902,0.010340755,0.307860966,0,1,1,1 
BD_31,Buses_Diesel_Coaches Articulated >18 t_Euro II,,,-0.04,1,12,105,1.93E-05,-0.006479103,1.256636447,-5.9477233,0.000647887,0.000515062,0.09560368,0,1,1,1 
BD_31,Buses_Diesel_Coaches Articulated >18 t_Euro II,,,-0.02,0,12,105,0.00020264,-0.010938001,1.128189794,6.248647008,0.000278692,0.00903958,0.222869466,0,1,1,1 
BD_31,Buses_Diesel_Coaches Articulated >18 t_Euro II,,,-0.02,0.5,12,105,0.00015755,-0.011007097,0.836711906,3.035784757,0.000219417,0.002949667,0.160431344,0,1,1,1 
BD_31,Buses_Diesel_Coaches Articulated >18 t_Euro II,,,-0.02,1,12,105,0.000294201,-0.022112312,1.311108062,4.313372555,0.000391765,-0.002182325,0.298991784,0,1,1,1 
BD_31,Buses_Diesel_Coaches Articulated >18 t_Euro II,,,0,0,12,105,0.000536181,-0.013903425,1.618539951,7.952452591,0.000421468,0.007259267,0.310011149,0,1,1,1 
BD_31,Buses_Diesel_Coaches Articulated >18 t_Euro II,,,0,0.5,12,105,0.000749028,-0.026646583,1.532897883,8.297393866,0.000509271,-0.003648632,0.36851177,0,1,1,1 
BD_31,Buses_Diesel_Coaches Articulated >18 t_Euro II,,,0,1,12,105,0.001328564,-0.055758165,2.384975734,11.1620353,0.000808273,-0.015343628,0.607940724,0,1,1,1 
BD_31,Buses_Diesel_Coaches Articulated >18 t_Euro II,,,0.02,0,12,105,0.000657247,-0.007287209,1.34307438,8.801647344,0.000369174,0.005573924,0.270453888,0,1,1,1 
BD_31,Buses_Diesel_Coaches Articulated >18 t_Euro II,,,0.02,0.5,12,105,0.001023768,-0.001203292,3.446077838,12.83434996,0.000509924,0.021415584,0.470389412,0,1,1,1 
BD_31,Buses_Diesel_Coaches Articulated >18 t_Euro II,,,0.02,1,12,103,0.00061372,0.025949183,-1.055666416,9.977806765,0.00062323,-0.017985057,0.153648299,0,1,1,1 
BD_31,Buses_Diesel_Coaches Articulated >18 t_Euro II,,,0.04,0,12,102,0.000620209,0.243437658,2.055061694,-5.317279588,0.001265928,0.074257324,-0.316444442,0,1,1,1 
BD_31,Buses_Diesel_Coaches Articulated >18 t_Euro II,,,0.04,0.5,12,94,-2.39E-05,0.052089776,2.343749357,6.626187825,0.000228187,0.023882149,0.194179413,0,1,1,1 
BD_31,Buses_Diesel_Coaches Articulated >18 t_Euro II,,,0.04,1,12,81,-1.23E-05,0.041673587,1.854136662,5.49806626,0.000195221,0.017494319,0.1236216,0,1,1,1 
BD_31,Buses_Diesel_Coaches Articulated >18 t_Euro II,,,0.06,0,12,88,-4.07E-05,0.050093573,2.146435283,5.761742956,0.000224088,0.022209667,0.17473171,0,1,1,1 
BD_31,Buses_Diesel_Coaches Articulated >18 t_Euro II,,,0.06,0.5,12,75,0.000354797,0.175170163,3.228423386,-8.807466614,0.000897103,0.051985846,-0.178554369,0,1,1,1 
BD_31,Buses_Diesel_Coaches Articulated >18 t_Euro II,,,0.06,1,12,62,0.000138169,0.106940304,1.966621878,-11.71241814,0.000609523,0.023905785,-0.130187165,0,1,1,1 
BD_32,Buses_Diesel_Coaches Articulated >18 t_Euro III,,,-0.06,0,12,105,6.70E-06,-0.002674531,0.311037152,4.124047775,3.07E-05,0.004719905,0.059896969,0,1,1,1 
BD_32,Buses_Diesel_Coaches Articulated >18 t_Euro III,,,-0.06,0.5,12,105,1.08E-05,-0.00423341,0.486420674,5.020065708,4.45E-05,0.007276381,0.081795236,0,1,1,1 
BD_32,Buses_Diesel_Coaches Articulated >18 t_Euro III,,,-0.06,1,12,105,1.10E-05,-0.004315495,0.500017468,5.067982644,4.55E-05,0.007625105,0.084792882,0,1,1,1 
BD_32,Buses_Diesel_Coaches Articulated >18 t_Euro III,,,-0.04,0,12,105,1.35E-05,-0.005195993,0.592019306,4.569173133,2.93E-05,0.006614134,0.073852515,0,1,1,1 
BD_32,Buses_Diesel_Coaches Articulated >18 t_Euro III,,,-0.04,0.5,12,105,1.10E-05,-0.004075719,0.443182826,3.279417479,2.33E-05,0.00493549,0.057678078,0,1,1,1 
BD_32,Buses_Diesel_Coaches Articulated >18 t_Euro III,,,-0.04,1,12,105,2.06E-05,-0.005563658,0.564499973,2.600761132,3.97E-05,0.0055071,0.060798983,0,1,1,1 
BD_32,Buses_Diesel_Coaches Articulated >18 t_Euro III,,,-0.02,0,12,105,0.000134297,-0.00212061,1.921199706,4.328761204,0.000128408,0.020058702,0.105451629,0,1,1,1 
BD_32,Buses_Diesel_Coaches Articulated >18 t_Euro III,,,-0.02,0.5,12,105,-2.06E-05,0.048123089,2.786043057,-3.264112474,0.000759183,0.030680895,0.023713638,0,1,1,1 
BD_32,Buses_Diesel_Coaches Articulated >18 t_Euro III,,,-0.02,1,12,105,-2.62E-05,0.033101154,2.339483494,-2.750186716,0.000644255,0.021620232,0.055294698,0,1,1,1 
BD_32,Buses_Diesel_Coaches Articulated >18 t_Euro III,,,0,0,12,105,0.000191496,-0.001033961,1.854501097,5.820983439,0.000135371,0.016654331,0.155069792,0,1,1,1 
BD_32,Buses_Diesel_Coaches Articulated >18 t_Euro III,,,0,0.5,12,105,0.000238054,-0.00607058,1.186970321,4.457585309,0.000144506,0.006488192,0.141046338,0,1,1,1 
BD_32,Buses_Diesel_Coaches Articulated >18 t_Euro III,,,0,1,12,105,0.000559559,-0.019520488,1.929221987,6.78126074,0.000306199,0.004161252,0.272267042,0,1,1,1 
BD_32,Buses_Diesel_Coaches Articulated >18 t_Euro III,,,0.02,0,12,105,0.000187481,0.012871247,2.04031458,3.630970131,0.000124671,0.023439449,0.098218767,0,1,1,1 
BD_32,Buses_Diesel_Coaches Articulated >18 t_Euro III,,,0.02,0.5,12,105,0.000208827,0.008484271,1.884349191,5.362802541,0.000112918,0.017537987,0.153619863,0,1,1,1 
BD_32,Buses_Diesel_Coaches Articulated >18 t_Euro III,,,0.02,1,12,104,0.00033737,0.012052399,-0.584763156,6.748719559,0.000339983,-0.010889081,0.10797365,0,1,1,1 
BD_32,Buses_Diesel_Coaches Articulated >18 t_Euro III,,,0.04,0,12,104,0.000292896,0.157857694,1.68459561,-8.989114653,0.000944111,0.045424235,-0.240344153,0,1,1,1 
BD_32,Buses_Diesel_Coaches Articulated >18 t_Euro III,,,0.04,0.5,12,97,3.54E-06,0.046991552,2.172907818,6.506606754,0.000217929,0.022782146,0.183450856,0,1,1,1 
BD_32,Buses_Diesel_Coaches Articulated >18 t_Euro III,,,0.04,1,12,86,-0.000185819,0.088387331,2.876721421,5.732747059,0.000364366,0.030020831,0.215862849,0,1,1,1 
BD_32,Buses_Diesel_Coaches Articulated >18 t_Euro III,,,0.06,0,12,90,-1.64E-05,0.044925887,1.998767329,5.660086822,0.000212341,0.021558227,0.170367299,0,1,1,1 
BD_32,Buses_Diesel_Coaches Articulated >18 t_Euro III,,,0.06,0.5,12,78,-0.000152706,0.072846459,2.356620055,4.674885555,0.000305681,0.024976179,0.17780849,0,1,1,1 
BD_32,Buses_Diesel_Coaches Articulated >18 t_Euro III,,,0.06,1,12,66,-0.001775993,0.44325074,3.804756044,-2.480881431,0.001702485,0.071996102,0.077587122,0,1,1,1 
BD_33,Buses_Diesel_Coaches Articulated >18 t_Euro IV,,,-0.06,0,12,105,5.06E-06,-0.000916633,0.012008275,3.895376905,9.97E-05,0.001254146,0.110063145,0,1,1,1 
BD_33,Buses_Diesel_Coaches Articulated >18 t_Euro IV,,,-0.06,0.5,12,105,6.20E-06,-0.00114269,0.031700347,2.717874427,0.000105991,0.000306827,0.091260734,0,1,1,1 
BD_33,Buses_Diesel_Coaches Articulated >18 t_Euro IV,,,-0.06,1,12,105,4.33E-06,-0.000766179,0.01366636,2.500772537,8.79E-05,0.000388815,0.081482437,0,1,1,1 
BD_33,Buses_Diesel_Coaches Articulated >18 t_Euro IV,,,-0.04,0,12,100,1.43E-05,-0.008467941,0.681871718,2.422105516,0.000230094,0.015116299,0.072488802,0,1,1,1 
BD_33,Buses_Diesel_Coaches Articulated >18 t_Euro IV,,,-0.04,0.5,12,98,2.81E-05,-0.016145616,1.297326177,2.261978255,0.000495577,0.027697399,0.087466433,0,1,1,1 
BD_33,Buses_Diesel_Coaches Articulated >18 t_Euro IV,,,-0.04,1,12,98,3.12E-05,-0.01426371,1.081524847,2.171748872,0.000470216,0.02128329,0.110411828,0,1,1,1 
BD_33,Buses_Diesel_Coaches Articulated >18 t_Euro IV,,,-0.02,0,12,105,8.54E-05,-0.007062179,1.03150949,2.657652274,0.000279269,0.019880419,0.077291787,0,1,1,1 
BD_33,Buses_Diesel_Coaches Articulated >18 t_Euro IV,,,-0.02,0.5,12,105,3.95E-05,-0.007248861,1.220095036,-5.751555328,0.000272047,0.023827615,-0.118876148,0,1,1,1 
BD_33,Buses_Diesel_Coaches Articulated >18 t_Euro IV,,,-0.02,1,12,105,2.25E-05,-0.010438499,1.496028615,2.02609569,0.000220739,0.035078175,0.042745436,0,1,1,1 
BD_33,Buses_Diesel_Coaches Articulated >18 t_Euro IV,,,0,0,12,105,0.000381434,0.00825122,2.528729034,-5.947899859,0.000579847,0.050049872,-0.09495549,0,1,1,1 
BD_33,Buses_Diesel_Coaches Articulated >18 t_Euro IV,,,0,0.5,12,105,0.000168553,0.005475136,1.188636945,-5.273524947,0.000263068,0.024793471,-0.108394837,0,1,1,1 
BD_33,Buses_Diesel_Coaches Articulated >18 t_Euro IV,,,0,1,12,105,9.11E-06,0.001781373,0.494452556,4.255968641,-1.86E-05,0.012796535,0.085649693,0,1,1,1 
BD_33,Buses_Diesel_Coaches Articulated >18 t_Euro IV,,,0.02,0,12,105,2.27E-05,0.007198688,1.277709782,4.13656281,-6.70E-05,0.029272812,0.094472251,0,1,1,1 
BD_33,Buses_Diesel_Coaches Articulated >18 t_Euro IV,,,0.02,0.5,12,105,0.000154572,0.009188518,0.387943715,-6.018409346,0.000183558,0.009662866,-0.137637969,0,1,1,1 
BD_33,Buses_Diesel_Coaches Articulated >18 t_Euro IV,,,0.02,1,12,104,0.000144233,0.057717887,1.503666828,5.312137549,0.000345917,0.047549054,0.033087859,0,1,1,1 
BD_33,Buses_Diesel_Coaches Articulated >18 t_Euro IV,,,0.04,0,12,104,0.000349614,0.124723352,1.483579362,6.019540022,0.000840897,0.068397321,-0.127601163,0,1,1,1 
BD_33,Buses_Diesel_Coaches Articulated >18 t_Euro IV,,,0.04,0.5,12,98,0.001814183,0.609933101,1.534212737,-7.718012408,0.004908759,0.198447462,-1.192613786,0,1,1,1 
BD_33,Buses_Diesel_Coaches Articulated >18 t_Euro IV,,,0.04,1,12,89,0.000572945,0.129019169,1.502020701,-5.802545132,0.000843356,0.062860888,-0.300457396,0,1,1,1 
BD_33,Buses_Diesel_Coaches Articulated >18 t_Euro IV,,,0.06,0,12,91,0.000831456,0.21213392,2.614563024,-12.15502171,0.001384874,0.102868207,-0.495462001,0,1,1,1 
BD_33,Buses_Diesel_Coaches Articulated >18 t_Euro IV,,,0.06,0.5,12,79,6.93E-06,0.046383411,1.75372277,4.046034185,0.000239216,0.025992259,0.217899244,0,1,1,1 
BD_33,Buses_Diesel_Coaches Articulated >18 t_Euro IV,,,0.06,1,12,69,1.86E-05,0.002100564,0.222503137,5.880793261,-1.17E-05,0.002062217,0.124334373,0,1,1,1 
BD_34,Buses_Diesel_Coaches Articulated >18 t_Euro V,SCR,,-0.06,0,5,70,-0.000234919,0.022364842,-0.461344351,4.081947516,0.000325796,-0.00687385,0.06037556,0,1,1,1 
BD_34,Buses_Diesel_Coaches Articulated >18 t_Euro V,SCR,,-0.06,0.5,5,65,-0.00031344,0.029330899,-0.596766028,4.646493964,0.000416379,-0.00900628,0.069808073,0,1,1,1 
BD_34,Buses_Diesel_Coaches Articulated >18 t_Euro V,SCR,,-0.06,1,5,65,-0.000517912,0.0477414,-0.948357203,6.662720991,0.000671315,-0.014527838,0.101482225,0,1,1,1 
BD_34,Buses_Diesel_Coaches Articulated >18 t_Euro V,SCR,,-0.04,0,5,85,-0.000220895,0.018588167,0.033941917,2.536330942,0.000430521,-0.001549616,0.038429503,0,1,1,1 
BD_34,Buses_Diesel_Coaches Articulated >18 t_Euro V,SCR,,-0.04,0.5,5,80,-0.000299921,0.029028933,-0.433263852,3.22989038,0.000416416,-0.006597181,0.045815134,0,1,1,1 
BD_34,Buses_Diesel_Coaches Articulated >18 t_Euro V,SCR,,-0.04,1,5,75,-0.000434874,0.042276114,-0.690810899,4.317704977,0.000563285,-0.010049893,0.060975995,0,1,1,1 
BD_34,Buses_Diesel_Coaches Articulated >18 t_Euro V,SCR,,-0.02,0,5,100,-6.20E-05,0.032651664,0.756404023,3.09473156,0.000827158,0.00394002,0.049332506,0,1,1,1 
BD_34,Buses_Diesel_Coaches Articulated >18 t_Euro V,SCR,,-0.02,0.5,5,100,-0.000318824,0.051064449,0.115263251,3.460950122,0.000883171,-0.002539086,0.051298813,0,1,1,1 
BD_34,Buses_Diesel_Coaches Articulated >18 t_Euro V,SCR,,-0.02,1,5,100,-0.000324623,0.046312369,-0.251590755,2.808824639,0.000672628,-0.005213569,0.039394446,0,1,1,1 
BD_34,Buses_Diesel_Coaches Articulated >18 t_Euro V,SCR,,0,0,5,100,7.36E-05,0.010874564,-0.22057428,3.83423238,0.000165302,-0.002720447,0.040064713,0,1,1,1 
BD_34,Buses_Diesel_Coaches Articulated >18 t_Euro V,SCR,,0,0.5,5,100,7.42E-05,0.017552113,-0.433843443,3.79017597,0.000225589,-0.004894215,0.039141431,0,1,1,1 
BD_34,Buses_Diesel_Coaches Articulated >18 t_Euro V,SCR,,0,1,5,100,0.000104948,0.025128907,-0.578720142,4.020447109,0.000308779,-0.006393712,0.041036552,0,1,1,1 
BD_34,Buses_Diesel_Coaches Articulated >18 t_Euro V,SCR,,0.02,0,5,100,0.001760157,-0.030400289,4.986534515,1.211800877,0.000283543,0.042258162,0.010014283,0,1,1,1 
BD_34,Buses_Diesel_Coaches Articulated >18 t_Euro V,SCR,,0.02,0.5,5,100,-2.54E-06,0.001561302,-0.133441133,6.017971976,7.14E-06,-0.000987776,0.050327391,0,1,1,1 
BD_34,Buses_Diesel_Coaches Articulated >18 t_Euro V,SCR,,0.02,1,5,100,0.000358495,0.00732403,-0.172263971,6.437091363,0.000167202,-0.002486376,0.054197029,0,1,1,1 
BD_34,Buses_Diesel_Coaches Articulated >18 t_Euro V,SCR,,0.04,0,5,100,-1.91E-05,0.002796185,-0.110407569,5.102574123,2.48E-06,-0.000484858,0.038525363,0,1,1,1 
BD_34,Buses_Diesel_Coaches Articulated >18 t_Euro V,SCR,,0.04,0.5,5,95,-4.69E-05,0.005558604,-0.113858555,8.901997328,7.73E-07,-0.000258026,0.062742871,0,1,1,1 
BD_34,Buses_Diesel_Coaches Articulated >18 t_Euro V,SCR,,0.04,1,5,85,0.012843022,1.721240471,-10.21008131,11.01775266,0.012197651,-0.069818852,0.074590048,0,1,1,1 
BD_34,Buses_Diesel_Coaches Articulated >18 t_Euro V,SCR,,0.06,0,5,85,0.012919558,1.133456973,-6.845148748,9.592878682,0.008815183,-0.050413203,0.069204212,0,1,1,1 
BD_34,Buses_Diesel_Coaches Articulated >18 t_Euro V,SCR,,0.06,0.5,5,75,0.015389505,1.696165914,-8.864051353,-1.883467517,0.012216501,-0.063501563,7.87E-12,0,1,1,1 
BD_34,Buses_Diesel_Coaches Articulated >18 t_Euro V,SCR,,0.06,1,5,65,0.003685874,0.875083218,-3.843656177,-0.01842288,0.005050605,-0.021737641,-7.71E-05,0,1,1,1 
BD_34,Buses_Diesel_Coaches Articulated >18 t_Euro V,EGR,,-0.06,0,5,80,-0.00043483,0.040814231,-0.448701889,3.179178789,0.001903294,-0.024090681,0.146465107,0,1,1,1 
BD_34,Buses_Diesel_Coaches Articulated >18 t_Euro V,EGR,,-0.06,0.5,5,80,-0.000475003,0.044594835,-0.530131121,3.437087252,0.002091048,-0.02820308,0.160326383,0,1,1,1 
BD_34,Buses_Diesel_Coaches Articulated >18 t_Euro V,EGR,,-0.06,1,5,80,-0.000620098,0.058789241,-0.718284297,4.588809279,0.002856027,-0.039535452,0.218787781,0,1,1,1 
BD_34,Buses_Diesel_Coaches Articulated >18 t_Euro V,EGR,,-0.04,0,5,90,-0.000987033,0.093520319,-0.192428539,2.944281568,0.003831833,-0.019324036,0.141770966,0,1,1,1 
BD_34,Buses_Diesel_Coaches Articulated >18 t_Euro V,EGR,,-0.04,0.5,5,85,-0.000588997,0.056282277,-0.335713222,2.122351594,0.002201016,-0.01814868,0.09515414,0,1,1,1 
BD_34,Buses_Diesel_Coaches Articulated >18 t_Euro V,EGR,,-0.04,1,5,85,-0.000568462,0.053867347,-0.402989254,2.05788936,0.002038698,-0.019512755,0.09036537,0,1,1,1 
BD_34,Buses_Diesel_Coaches Articulated >18 t_Euro V,EGR,,-0.02,0,5,100,-0.000871864,0.175865482,-0.983606213,3.140885979,0.005417565,-0.036147064,0.117943769,0,1,1,1 
BD_34,Buses_Diesel_Coaches Articulated >18 t_Euro V,EGR,,-0.02,0.5,5,100,-0.004614833,0.488724472,-1.939252142,0.959310286,0.011553707,-0.041218094,6.10E-13,0,1,1,1 
BD_34,Buses_Diesel_Coaches Articulated >18 t_Euro V,EGR,,-0.02,1,5,100,-0.000942133,0.121223846,-0.710857834,2.179367717,0.003522049,-0.02532061,0.080955154,0,1,1,1 
BD_34,Buses_Diesel_Coaches Articulated >18 t_Euro V,EGR,,0,0,5,100,0.000106809,0.035641219,-0.341738711,1.963966273,0.001108283,-0.011307605,0.057322781,0,1,1,1 
BD_34,Buses_Diesel_Coaches Articulated >18 t_Euro V,EGR,,0,0.5,5,100,0.000103681,0.038954127,-0.340371998,2.057354252,0.001198873,-0.011674042,0.059942306,0,1,1,1 
BD_34,Buses_Diesel_Coaches Articulated >18 t_Euro V,EGR,,0,1,5,100,9.24E-05,0.057469959,-0.46477413,2.432177848,0.001677809,-0.01545019,0.070216114,0,1,1,1 
BD_34,Buses_Diesel_Coaches Articulated >18 t_Euro V,EGR,,0.02,0,5,100,0.000108309,0.025019129,-0.335516204,2.323545649,0.000701733,-0.009186204,0.055416449,0,1,1,1 
BD_34,Buses_Diesel_Coaches Articulated >18 t_Euro V,EGR,,0.02,0.5,5,100,0.000124496,0.030632711,-0.347215649,2.484306934,0.000830709,-0.009606772,0.057244904,0,1,1,1 
BD_34,Buses_Diesel_Coaches Articulated >18 t_Euro V,EGR,,0.02,1,5,100,0.000106374,0.034336277,-0.308689029,2.136291773,0.000874336,-0.0085787,0.047811998,0,1,1,1 
BD_34,Buses_Diesel_Coaches Articulated >18 t_Euro V,EGR,,0.04,0,5,100,5.25E-05,0.026968893,-0.424576146,2.79634995,0.000601918,-0.009068888,0.054994355,0,1,1,1 
BD_34,Buses_Diesel_Coaches Articulated >18 t_Euro V,EGR,,0.04,0.5,5,95,-5.13E-06,0.052844442,-0.630274704,3.544288825,0.001046811,-0.01254275,0.064959408,0,1,1,1 
BD_34,Buses_Diesel_Coaches Articulated >18 t_Euro V,EGR,,0.04,1,5,85,-0.000257374,0.05890175,-0.778249806,2.655284763,0.00087327,-0.012103267,0.042019684,0,1,1,1 
BD_34,Buses_Diesel_Coaches Articulated >18 t_Euro V,EGR,,0.06,0,5,85,-0.000160927,0.044652782,-0.76298124,3.191176576,0.00068097,-0.01220856,0.051814505,0,1,1,1 
BD_34,Buses_Diesel_Coaches Articulated >18 t_Euro V,EGR,,0.06,0.5,5,75,-0.000458606,0.082418696,-0.949245578,2.840393973,0.001106768,-0.013450981,0.041060941,0,1,1,1 
BD_34,Buses_Diesel_Coaches Articulated >18 t_Euro V,EGR,,0.06,1,5,65,-0.000669874,0.099634488,-1.001007693,2.821805268,0.001252578,-0.013283272,0.03790952,0,1,1,1 
BD_35,Buses_Diesel_Coaches Articulated >18 t_Euro VI,,,-0.06,0,5,75,-0.000668907,0.060881721,-0.810697048,4.386196183,0.009298103,-0.144374613,0.777622389,0,1,1,1 
BD_35,Buses_Diesel_Coaches Articulated >18 t_Euro VI,,,-0.06,0.5,5,60,-0.013861828,0.93140927,-3.191568057,1.40314536,0.11863211,-0.362468555,-1.40E-13,0,1,1,1 
BD_35,Buses_Diesel_Coaches Articulated >18 t_Euro VI,,,-0.06,1,5,70,-0.000303234,0.027500732,-0.397411228,2.053441738,0.004395871,-0.073070902,0.375645676,0,1,1,1 
BD_35,Buses_Diesel_Coaches Articulated >18 t_Euro VI,,,-0.04,0,5,85,-0.004631214,0.415727055,-1.862473203,1.911291961,0.047317482,-0.21032363,0.197965098,0,1,1,1 
BD_35,Buses_Diesel_Coaches Articulated >18 t_Euro VI,,,-0.04,0.5,5,75,-0.010885559,0.86678982,-3.037827713,1.676464205,0.092392937,-0.271361476,1.00E-13,0,1,1,1 
BD_35,Buses_Diesel_Coaches Articulated >18 t_Euro VI,,,-0.04,1,5,85,-0.000181766,0.007164186,0.790965363,2.155067982,0.003877723,0.059808332,0.4863616,0,1,1,1 
BD_35,Buses_Diesel_Coaches Articulated >18 t_Euro VI,,,-0.02,0,5,100,-0.002394541,0.486630919,2.22865099,-1.358048402,0.047946511,0.268400046,1.26E-10,0,1,1,1 
BD_35,Buses_Diesel_Coaches Articulated >18 t_Euro VI,,,-0.02,0.5,5,100,0.0001711,-0.040506233,2.380561116,0.448135944,-0.002126258,0.222741252,0.262613079,0,1,1,1 
BD_35,Buses_Diesel_Coaches Articulated >18 t_Euro VI,,,-0.02,1,5,100,-0.00065146,0.083707328,-0.653762529,1.924275554,0.007749137,-0.062227158,0.194882336,0,1,1,1 
BD_35,Buses_Diesel_Coaches Articulated >18 t_Euro VI,,,0,0,5,100,-0.000950901,-0.334879582,4.176637581,-0.62594029,-0.032738301,0.389778015,-1.69E-05,0,1,1,1 
BD_35,Buses_Diesel_Coaches Articulated >18 t_Euro VI,,,0,0.5,5,100,0.002270674,1.291327765,0.246997789,0.725590138,0.120251162,0.030108265,0.077243533,0,1,1,1 
BD_35,Buses_Diesel_Coaches Articulated >18 t_Euro VI,,,0,1,5,100,0.000240506,0.062407181,2.323252779,-0.401478067,0.006748219,0.195832699,0.023243611,0,1,1,1 
BD_35,Buses_Diesel_Coaches Articulated >18 t_Euro VI,,,0.02,0,5,100,-0.000147045,-0.0038095,2.514827606,-8.167170538,-0.001242652,0.211462509,-0.676699926,0,1,1,1 
BD_35,Buses_Diesel_Coaches Articulated >18 t_Euro VI,,,0.02,0.5,5,100,-0.001955313,0.899033667,-4.002602256,0.207484131,0.066537497,-0.295888365,3.09E-12,0,1,1,1 
BD_35,Buses_Diesel_Coaches Articulated >18 t_Euro VI,,,0.02,1,5,100,-0.003526001,0.926214436,-2.996874115,0.094154568,0.066461369,-0.215500139,6.03E-10,0,1,1,1 
BD_35,Buses_Diesel_Coaches Articulated >18 t_Euro VI,,,0.04,0,5,100,-0.00038396,0.074628383,-0.893384068,2.096979365,0.004651843,-0.059169945,0.14112802,0,1,1,1 
BD_35,Buses_Diesel_Coaches Articulated >18 t_Euro VI,,,0.04,0.5,5,100,-0.00773341,1.129457327,-3.104647201,-0.757929173,0.070632416,-0.198005551,-0.048260937,0,1,1,1 
BD_35,Buses_Diesel_Coaches Articulated >18 t_Euro VI,,,0.04,1,5,90,-0.002111676,0.489910255,1.832232837,-1.73182627,0.040083074,0.037812322,-8.62E-13,0,1,1,1 
BD_35,Buses_Diesel_Coaches Articulated >18 t_Euro VI,,,0.06,0,5,90,0.000228937,-0.029970687,1.962325923,-0.122278382,-7.22E-05,0.108350167,7.45E-11,0,1,1,1 
BD_35,Buses_Diesel_Coaches Articulated >18 t_Euro VI,,,0.06,0.5,5,75,0.000559047,-0.038654294,2.53661762,-0.405758595,0.001463849,0.119826533,1.13E-12,0,1,1,1 
BD_35,Buses_Diesel_Coaches Articulated >18 t_Euro VI,,,0.06,1,5,70,-0.000614952,0.23604775,1.925672959,-1.945916703,0.022135095,0.031121463,-3.62E-13,0,1,1,1 
BCNG_1,Buses_CNG_Urban CNG Buses_Euro I,,Urban Peak,,,6,75,0,0,8.4,0,0,0,1,0,1,1,1 
BCNG_1,Buses_CNG_Urban CNG Buses_Euro I,,Urban Off Peak,,,6,75,0,0,8.4,0,0,0,1,0,1,1,1 
BCNG_1,Buses_CNG_Urban CNG Buses_Euro I,,Rural,,,6,75,0,0,8.4,0,0,0,1,0,1,1,1 
BCNG_1,Buses_CNG_Urban CNG Buses_Euro I,,Highway,,,6,75,0,0,8.4,0,0,0,1,0,1,1,1 
BCNG_2,Buses_CNG_Urban CNG Buses_Euro II,,Urban Peak,,,6,75,0,0,2.7,0,0,0,1,0,1,1,1 
BCNG_2,Buses_CNG_Urban CNG Buses_Euro II,,Urban Off Peak,,,6,75,0,0,2.7,0,0,0,1,0,1,1,1 
BCNG_2,Buses_CNG_Urban CNG Buses_Euro II,,Rural,,,6,75,0,0,2.7,0,0,0,1,0,1,1,1 
BCNG_2,Buses_CNG_Urban CNG Buses_Euro II,,Highway,,,6,75,0,0,2.7,0,0,0,1,0,1,1,1 
BCNG_3,Buses_CNG_Urban CNG Buses_Euro III,,Urban Peak,,,6,75,0,0,1,0,0,0,1,0,1,1,1 
BCNG_3,Buses_CNG_Urban CNG Buses_Euro III,,Urban Off Peak,,,6,75,0,0,1,0,0,0,1,0,1,1,1 
BCNG_3,Buses_CNG_Urban CNG Buses_Euro III,,Rural,,,6,75,0,0,1,0,0,0,1,0,1,1,1 
BCNG_3,Buses_CNG_Urban CNG Buses_Euro III,,Highway,,,6,75,0,0,1,0,0,0,1,0,1,1,1 
BCNG_4,Buses_CNG_Urban CNG Buses_EEV,,,,,11,86,0.000199049,0.127725334,6.521295745,30.26615797,0.003589325,0.344788101,2.375545003,0,1,1,1 
BCNG_5,Buses_CNG_Urban CNG Buses_Euro VI,,,,,11,86,0.000199049,0.127725334,6.521295745,30.26615797,0.003589325,0.344788101,2.375545003,0,1,1,1 
BBIO_1,Buses_Biodiesel_Urban Biodiesel Buses_Conventional,,,-0.06,0,11,86,0.011211507,-0.440323213,23.03566248,116.7180557,0.00505632,-0.012284828,2.887700043,0,1,1,1 
BBIO_1,Buses_Biodiesel_Urban Biodiesel Buses_Conventional,,,-0.06,0.5,11,86,0.007609382,-0.362332055,22.53783725,87.09973264,0.003693587,0.022170524,2.307556341,0,1,1,1 
BBIO_1,Buses_Biodiesel_Urban Biodiesel Buses_Conventional,,,-0.06,1,11,86,-0.000451546,0.656508762,35.88765508,-75.96153261,0.007585576,0.254759729,0.053697865,0,1,1,1 
BBIO_1,Buses_Biodiesel_Urban Biodiesel Buses_Conventional,,,-0.04,0,11,86,0.00106379,-0.318323047,27.61387092,178.8891585,0.001763364,0.26108984,2.801788351,0,1,1,1 
BBIO_1,Buses_Biodiesel_Urban Biodiesel Buses_Conventional,,,-0.04,0.5,11,86,-8.19E-05,0.017851207,36.60513949,-129.5893355,0.013390402,0.123229946,0.852189973,0,1,1,1 
BBIO_1,Buses_Biodiesel_Urban Biodiesel Buses_Conventional,,,-0.04,1,11,86,-2.55E-05,-0.006496759,40.75264032,-152.0013922,0.014310119,0.121420548,1.095456337,0,1,1,1 
BBIO_1,Buses_Biodiesel_Urban Biodiesel Buses_Conventional,,,-0.02,0,11,85,0.001588462,0.103972876,2.698938612,40.42813231,0.000223146,0.037098276,0.163008849,0,1,1,1 
BBIO_1,Buses_Biodiesel_Urban Biodiesel Buses_Conventional,,,-0.02,0.5,11,75,0.007762305,1.254605898,8.583515551,65.29871243,0.001122959,0.235745704,-0.793976155,0,1,1,1 
BBIO_1,Buses_Biodiesel_Urban Biodiesel Buses_Conventional,,,-0.02,1,11,62,0.000569596,0.082465744,7.1755006,60.64995904,-0.000160319,0.034466965,0.390946303,0,1,1,1 
BBIO_1,Buses_Biodiesel_Urban Biodiesel Buses_Conventional,,,0,0,11,86,0.004325492,-0.038487407,25.9965928,93.25804025,0.00166335,0.145069019,1.583176039,0,1,1,1 
BBIO_1,Buses_Biodiesel_Urban Biodiesel Buses_Conventional,,,0,0.5,11,86,-8.65E-05,0.011701825,4.226273712,25.0692724,-0.000127899,0.032309453,0.276184231,0,1,1,1 
BBIO_1,Buses_Biodiesel_Urban Biodiesel Buses_Conventional,,,0,1,11,86,0.002045488,1.020260396,7.749083499,-41.81289254,0.00422272,0.143103178,-0.758411945,0,1,1,1 
BBIO_1,Buses_Biodiesel_Urban Biodiesel Buses_Conventional,,,0.02,0,11,72,0.004427721,0.496704952,2.812859547,33.50632473,0.000444829,0.102946772,-0.382830866,0,1,1,1 
BBIO_1,Buses_Biodiesel_Urban Biodiesel Buses_Conventional,,,0.02,0.5,11,58,0.024371996,-0.568580424,11.87172906,47.27112122,0.002550038,-0.043799694,0.87354212,0,1,1,1 
BBIO_1,Buses_Biodiesel_Urban Biodiesel Buses_Conventional,,,0.02,1,11,40,-0.002290519,-0.01917868,18.81082485,-38.24482798,0.000574369,-0.002729958,0.624249397,0,1,1,1 
BBIO_1,Buses_Biodiesel_Urban Biodiesel Buses_Conventional,,,0.04,0,11,86,0.002629345,0.272610328,37.60285624,-20.25700754,0.016170483,0.079480938,2.186207536,0,1,1,1 
BBIO_1,Buses_Biodiesel_Urban Biodiesel Buses_Conventional,,,0.04,0.5,11,86,-0.000330071,0.134017885,28.1459647,-96.22858732,0.008092488,0.121113852,0.42604216,0,1,1,1 
BBIO_1,Buses_Biodiesel_Urban Biodiesel Buses_Conventional,,,0.04,1,11,86,-9.50E-05,0.031588451,11.46581092,-42.96288453,0.003089558,0.038370884,0.240381695,0,1,1,1 
BBIO_1,Buses_Biodiesel_Urban Biodiesel Buses_Conventional,,,0.06,0,11,86,0.001790195,0.104183443,3.06279828,-34.43092741,0.000900667,0.027325505,-0.295199509,0,1,1,1 
BBIO_1,Buses_Biodiesel_Urban Biodiesel Buses_Conventional,,,0.06,0.5,11,86,0.009579922,2.082801555,24.95566979,45.19941052,0.004962995,0.452251129,-1.387613058,0,1,1,1 
BBIO_1,Buses_Biodiesel_Urban Biodiesel Buses_Conventional,,,0.06,1,11,85,0.012644936,2.403853219,24.86320917,47.58476711,0.004496436,0.438497738,-1.31402863,0,1,1,1 
BBIO_2,Buses_Biodiesel_Urban Biodiesel Buses_Euro I,,,-0.06,0,11,86,0.008492892,-0.323104234,13.48568118,67.9788084,0.008318175,-0.091378983,4.578144876,0,1,1,1 
BBIO_2,Buses_Biodiesel_Urban Biodiesel Buses_Euro I,,,-0.06,0.5,11,86,0.012133884,-0.565694369,27.69232756,94.24530066,0.012148274,-0.090872393,7.769998653,0,1,1,1 
BBIO_2,Buses_Biodiesel_Urban Biodiesel Buses_Euro I,,,-0.06,1,11,86,0.004055481,-0.216660934,34.42437782,38.66491451,0.004599371,0.358841249,4.243723788,0,1,1,1 
BBIO_2,Buses_Biodiesel_Urban Biodiesel Buses_Euro I,,,-0.04,0,11,86,0.001140098,-0.453081662,49.16192841,18.70821739,0.007811533,1.055295592,3.890918873,0,1,1,1 
BBIO_2,Buses_Biodiesel_Urban Biodiesel Buses_Euro I,,,-0.04,0.5,11,86,0.001128415,-0.351519301,47.89657901,23.23070376,0.020988732,0.551745303,8.515068555,0,1,1,1 
BBIO_2,Buses_Biodiesel_Urban Biodiesel Buses_Euro I,,,-0.04,1,11,86,0.001277957,-0.380010527,43.36948294,20.77837677,0.016026968,0.453288826,8.33041119,0,1,1,1 
BBIO_2,Buses_Biodiesel_Urban Biodiesel Buses_Euro I,,,-0.02,0,11,86,0.002795761,0.488894838,1.467379394,50.85541192,0.002409857,0.186899424,-0.258441553,0,1,1,1 
BBIO_2,Buses_Biodiesel_Urban Biodiesel Buses_Euro I,,,-0.02,0.5,11,76,0.00055194,-0.065092349,0.517858577,99.66277213,0.000349842,-0.051030039,1.896439063,0,1,1,1 
BBIO_2,Buses_Biodiesel_Urban Biodiesel Buses_Euro I,,,-0.02,1,11,61,0.032017587,0.822338341,9.364868889,-77.84578002,0.010356155,0.15228233,-1.088871265,0,1,1,1 
BBIO_2,Buses_Biodiesel_Urban Biodiesel Buses_Euro I,,,0,0,11,86,0.005759824,0.008217242,25.17608293,73.19349881,0.004703192,0.326374668,3.331360328,0,1,1,1 
BBIO_2,Buses_Biodiesel_Urban Biodiesel Buses_Euro I,,,0,0.5,11,86,0.005602523,2.128670904,32.9871502,-76.9274751,0.016644581,1.126754614,-3.716524033,0,1,1,1 
BBIO_2,Buses_Biodiesel_Urban Biodiesel Buses_Euro I,,,0,1,11,86,0.004668508,0.062376227,-4.756850684,55.93313692,0.00490482,-0.150566264,1.387133448,0,1,1,1 
BBIO_2,Buses_Biodiesel_Urban Biodiesel Buses_Euro I,,,0.02,0,11,74,0.027710979,5.050402747,45.40752797,27.29710377,0.019413701,1.777024415,-4.850342587,0,1,1,1 
BBIO_2,Buses_Biodiesel_Urban Biodiesel Buses_Euro I,,,0.02,0.5,11,59,-0.00036857,0.720946508,24.83667489,55.66357073,0.002973257,0.233995019,1.47485799,0,1,1,1 
BBIO_2,Buses_Biodiesel_Urban Biodiesel Buses_Euro I,,,0.02,1,11,45,0.01056537,-0.999223793,31.04923377,5.966699355,0.001482102,-0.098352661,3.026336576,0,1,1,1 
BBIO_2,Buses_Biodiesel_Urban Biodiesel Buses_Euro I,,,0.04,0,11,86,-0.000499317,0.279675059,30.04300799,-90.56275223,0.020545735,0.425473062,0.470495766,0,1,1,1 
BBIO_2,Buses_Biodiesel_Urban Biodiesel Buses_Euro I,,,0.04,0.5,11,86,-0.00025208,0.105622212,18.58739044,-66.65872296,0.011608579,0.189818772,0.822691148,0,1,1,1 
BBIO_2,Buses_Biodiesel_Urban Biodiesel Buses_Euro I,,,0.04,1,11,86,-0.000157151,0.042162298,18.75328703,-79.88440842,0.010380686,0.115457805,1.25907129,0,1,1,1 
BBIO_2,Buses_Biodiesel_Urban Biodiesel Buses_Euro I,,,0.06,0,11,86,0.004928785,0.150088117,2.14845742,-45.86545066,0.004471997,0.037103236,-0.902500742,0,1,1,1 
BBIO_2,Buses_Biodiesel_Urban Biodiesel Buses_Euro I,,,0.06,0.5,11,86,0.004717776,1.084228044,4.182010718,55.95594672,0.006167257,0.369364142,-0.928427845,0,1,1,1 
BBIO_2,Buses_Biodiesel_Urban Biodiesel Buses_Euro I,,,0.06,1,11,86,0.016463735,4.737194249,27.61691454,-20.48452381,0.02331701,1.325312359,-4.656378651,0,1,1,1 
BBIO_3,Buses_Biodiesel_Urban Biodiesel Buses_Euro II,,,-0.06,0,11,86,0.00517984,-0.150480884,10.49436433,59.86093463,0.006423957,0.038940879,3.705621172,0,1,1,1 
BBIO_3,Buses_Biodiesel_Urban Biodiesel Buses_Euro II,,,-0.06,0.5,11,86,0.011198823,-0.501771173,29.50542387,51.64832124,0.014049137,-0.034492607,8.063655437,0,1,1,1 
BBIO_3,Buses_Biodiesel_Urban Biodiesel Buses_Euro II,,,-0.06,1,11,86,0.002595459,0.351444889,-11.95383607,154.463116,0.013515946,-0.434643157,4.912690842,0,1,1,1 
BBIO_3,Buses_Biodiesel_Urban Biodiesel Buses_Euro II,,,-0.04,0,11,86,0.000231099,-0.071195097,6.478846005,35.45102477,0.000716153,0.186421478,2.133693317,0,1,1,1 
BBIO_3,Buses_Biodiesel_Urban Biodiesel Buses_Euro II,,,-0.04,0.5,11,86,0.000932848,-0.289109471,35.14940054,12.40744165,0.015025307,0.494934148,9.173110136,0,1,1,1 
BBIO_3,Buses_Biodiesel_Urban Biodiesel Buses_Euro II,,,-0.04,1,11,86,-1.84E-05,0.012477592,28.21230241,13.76370603,0.034305852,-0.261256311,13.35411058,0,1,1,1 
BBIO_3,Buses_Biodiesel_Urban Biodiesel Buses_Euro II,,,-0.02,0,11,86,0.000160548,0.10657406,6.283597442,49.11847955,0.000744579,0.091718707,0.996550234,0,1,1,1 
BBIO_3,Buses_Biodiesel_Urban Biodiesel Buses_Euro II,,,-0.02,0.5,11,80,0.000361108,0.344510179,14.88228954,52.60880245,0.003163834,0.177702924,0.832732877,0,1,1,1 
BBIO_3,Buses_Biodiesel_Urban Biodiesel Buses_Euro II,,,-0.02,1,11,69,-0.000619577,0.585094547,32.34521107,-75.52363516,0.007259359,0.20483595,0.199525735,0,1,1,1 
BBIO_3,Buses_Biodiesel_Urban Biodiesel Buses_Euro II,,,0,0,11,86,0.005532513,-0.000494261,23.19024009,79.48881576,0.005230877,0.343369839,3.966331423,0,1,1,1 
BBIO_3,Buses_Biodiesel_Urban Biodiesel Buses_Euro II,,,0,0.5,11,86,0.050230702,0.019182028,67.40210435,8.958815686,0.05597459,-0.068676519,11.67191924,0,1,1,1 
BBIO_3,Buses_Biodiesel_Urban Biodiesel Buses_Euro II,,,0,1,11,86,0.012748213,0.007438981,-14.92827189,314.111481,0.015760488,-0.637269034,8.310767815,0,1,1,1 
BBIO_3,Buses_Biodiesel_Urban Biodiesel Buses_Euro II,,,0.02,0,11,75,0.002662506,0.834406051,31.83757207,-14.26603576,0.009513737,0.365046713,0.557925749,0,1,1,1 
BBIO_3,Buses_Biodiesel_Urban Biodiesel Buses_Euro II,,,0.02,0.5,11,54,0.046531624,-1.296734981,19.2589194,73.48096157,0.017457534,-0.415828504,4.319934055,0,1,1,1 
BBIO_3,Buses_Biodiesel_Urban Biodiesel Buses_Euro II,,,0.02,1,10,52,0.011323597,-1.155501246,31.43514253,-27.21530032,0.000375345,-0.039095113,1.794474325,0,1,1,1 
BBIO_3,Buses_Biodiesel_Urban Biodiesel Buses_Euro II,,,0.04,0,11,86,7.90E-05,-0.032268933,4.283263118,29.54047261,-0.000114079,0.130696998,1.168446359,0,1,1,1 
BBIO_3,Buses_Biodiesel_Urban Biodiesel Buses_Euro II,,,0.04,0.5,11,86,-0.003809213,0.419629614,32.9619222,-20.07618976,0.022217108,0.606894601,4.576907702,0,1,1,1 
BBIO_3,Buses_Biodiesel_Urban Biodiesel Buses_Euro II,,,0.04,1,11,86,-0.000169691,0.033165369,20.61163688,-96.38763135,0.012674187,0.113886813,2.005890172,0,1,1,1 
BBIO_3,Buses_Biodiesel_Urban Biodiesel Buses_Euro II,,,0.06,0,11,86,0.002871981,1.260223812,41.70482946,-3.330148994,0.010034136,1.041770357,-0.606126087,0,1,1,1 
BBIO_3,Buses_Biodiesel_Urban Biodiesel Buses_Euro II,,,0.06,0.5,11,86,0.007029636,0.984528287,31.95581152,-16.94048473,0.012438798,0.506807039,0.498801622,0,1,1,1 
BBIO_3,Buses_Biodiesel_Urban Biodiesel Buses_Euro II,,,0.06,1,11,86,0.007795815,0.51294737,26.28604309,-25.69214333,0.010405232,0.205906689,1.017365018,0,1,1,1 
BBIO_4,Buses_Biodiesel_Urban Biodiesel Buses_Euro III,,,-0.06,0,11,86,0.013324895,-0.580512978,21.8435881,67.13871075,0.011337167,-0.219885035,7.595349254,0,1,1,1 
BBIO_4,Buses_Biodiesel_Urban Biodiesel Buses_Euro III,,,-0.06,0.5,11,86,0.016398346,-0.758265372,24.06642601,91.97394219,0.013893511,-0.345355615,9.052372126,0,1,1,1 
BBIO_4,Buses_Biodiesel_Urban Biodiesel Buses_Euro III,,,-0.06,1,11,86,0.00401718,-0.15865222,2.643467249,92.42312522,0.004462009,-0.17661106,3.773449482,0,1,1,1 
BBIO_4,Buses_Biodiesel_Urban Biodiesel Buses_Euro III,,,-0.04,0,11,86,-0.000496285,0.245085641,31.06983591,-104.3831074,0.022181739,0.42865754,1.279110351,0,1,1,1 
BBIO_4,Buses_Biodiesel_Urban Biodiesel Buses_Euro III,,,-0.04,0.5,11,86,0.006166234,-0.568122348,60.02518114,-17.14864182,0.02707381,0.316060958,13.09227798,0,1,1,1 
BBIO_4,Buses_Biodiesel_Urban Biodiesel Buses_Euro III,,,-0.04,1,11,86,0.003498408,-0.030883343,34.23419882,21.3703476,0.034891847,-0.298931561,12.70980785,0,1,1,1 
BBIO_4,Buses_Biodiesel_Urban Biodiesel Buses_Euro III,,,-0.02,0,11,86,0.009618525,1.376214227,61.35635823,-49.65580899,0.020210445,0.873515839,1.484988022,0,1,1,1 
BBIO_4,Buses_Biodiesel_Urban Biodiesel Buses_Euro III,,,-0.02,0.5,11,81,0.001502563,0.016531225,25.36134772,1.659105118,0.001359857,0.243805655,0.996773385,0,1,1,1 
BBIO_4,Buses_Biodiesel_Urban Biodiesel Buses_Euro III,,,-0.02,1,11,70,-0.000646924,0.603271314,33.06776149,-83.07012994,0.007773879,0.22104983,0.383292329,0,1,1,1 
BBIO_4,Buses_Biodiesel_Urban Biodiesel Buses_Euro III,,,0,0,11,86,0.011421871,-0.448909285,20.92665216,60.35745877,0.008821145,-0.099807639,5.86021865,0,1,1,1 
BBIO_4,Buses_Biodiesel_Urban Biodiesel Buses_Euro III,,,0,0.5,11,86,0.017362879,-0.738557901,26.99130182,84.99794566,0.011876065,-0.242310463,7.845218935,0,1,1,1 
BBIO_4,Buses_Biodiesel_Urban Biodiesel Buses_Euro III,,,0,1,11,86,0.025078319,-0.404373421,-13.16658618,550.3155563,0.024488698,-1.022947182,15.44326996,0,1,1,1 
BBIO_4,Buses_Biodiesel_Urban Biodiesel Buses_Euro III,,,0.02,0,11,79,0.002225014,0.502377564,27.21946208,-18.31720188,0.006731377,0.318683101,0.670957923,0,1,1,1 
BBIO_4,Buses_Biodiesel_Urban Biodiesel Buses_Euro III,,,0.02,0.5,11,62,0.000247417,0.184999795,-5.177673471,45.02379314,0.00219379,-0.061836155,0.531512707,0,1,1,1 
BBIO_4,Buses_Biodiesel_Urban Biodiesel Buses_Euro III,,,0.02,1,11,54,0.014149924,-1.451251235,39.94225557,-62.30650411,0.000530278,-0.056618586,2.424583954,0,1,1,1 
BBIO_4,Buses_Biodiesel_Urban Biodiesel Buses_Euro III,,,0.04,0,11,86,0.009879066,-0.338639176,40.54021899,-9.588980829,0.023272558,0.102355948,7.629285718,0,1,1,1 
BBIO_4,Buses_Biodiesel_Urban Biodiesel Buses_Euro III,,,0.04,0.5,11,86,0.006614164,0.33062258,57.95835097,-9.444198902,0.046410898,0.147568099,11.87775888,0,1,1,1 
BBIO_4,Buses_Biodiesel_Urban Biodiesel Buses_Euro III,,,0.04,1,11,86,0.006106605,-0.050781335,39.30058204,21.63489719,0.03180734,-0.269017585,11.96341115,0,1,1,1 
BBIO_4,Buses_Biodiesel_Urban Biodiesel Buses_Euro III,,,0.06,0,11,86,0.020737541,0.691061726,45.91679312,-31.4465935,0.02883124,0.349530897,4.237748334,0,1,1,1 
BBIO_4,Buses_Biodiesel_Urban Biodiesel Buses_Euro III,,,0.06,0.5,11,86,0.002199939,0.067952839,-3.687498724,49.14712542,0.003130181,-0.103753509,1.103822161,0,1,1,1 
BBIO_4,Buses_Biodiesel_Urban Biodiesel Buses_Euro III,,,0.06,1,11,86,0.010121887,0.26077821,24.82346392,-11.69710448,0.011205349,0.086683538,2.082925462,0,1,1,1 
BBIO_5,Buses_Biodiesel_Urban Biodiesel Buses_Euro IV,,,-0.06,0,11,86,0.005749091,-0.180152651,17.71610594,80.19970143,0.012151907,0.271735737,7.982192477,0,1,1,1 
BBIO_5,Buses_Biodiesel_Urban Biodiesel Buses_Euro IV,,,-0.06,0.5,11,86,0.005780087,-0.2177701,17.083989,91.08002188,0.013998827,0.22304464,8.396770897,0,1,1,1 
BBIO_5,Buses_Biodiesel_Urban Biodiesel Buses_Euro IV,,,-0.06,1,11,86,-0.00026462,0.273013691,22.60551985,-13.81089207,0.020467568,0.785393508,1.790396593,0,1,1,1 
BBIO_5,Buses_Biodiesel_Urban Biodiesel Buses_Euro IV,,,-0.04,0,11,86,0.000175633,-0.179173196,14.96606356,15.48087567,0.006280615,0.749918303,2.217699121,0,1,1,1 
BBIO_5,Buses_Biodiesel_Urban Biodiesel Buses_Euro IV,,,-0.04,0.5,11,86,0.000372737,-0.146096136,10.12779459,28.24819223,0.005118215,0.430537434,3.934149186,0,1,1,1 
BBIO_5,Buses_Biodiesel_Urban Biodiesel Buses_Euro IV,,,-0.04,1,11,86,0.000462664,-0.101659246,5.969407715,26.90526568,0.004332183,0.175374116,3.924594877,0,1,1,1 
BBIO_5,Buses_Biodiesel_Urban Biodiesel Buses_Euro IV,,,-0.02,0,11,86,0.015407555,5.132707585,43.21784169,0.160166234,0.060106435,3.42364438,-10.25525542,0,1,1,1 
BBIO_5,Buses_Biodiesel_Urban Biodiesel Buses_Euro IV,,,-0.02,0.5,11,83,0.002510116,0.772868372,12.98607775,86.18430154,0.003709654,0.670315237,1.050070193,0,1,1,1 
BBIO_5,Buses_Biodiesel_Urban Biodiesel Buses_Euro IV,,,-0.02,1,11,68,0.003953686,0.305194315,7.377374701,49.62399865,0.003099213,0.248310594,0.96771804,0,1,1,1 
BBIO_5,Buses_Biodiesel_Urban Biodiesel Buses_Euro IV,,,0,0,11,86,3.82E-16,6.69E-15,24.66151659,6.17E-11,-0.003490564,0.874597409,2.020386997,0,1,1,1 
BBIO_5,Buses_Biodiesel_Urban Biodiesel Buses_Euro IV,,,0,0.5,11,86,0.002915839,0.813777929,29.20438419,12.90498074,0.020821369,1.085921375,2.931905118,0,1,1,1 
BBIO_5,Buses_Biodiesel_Urban Biodiesel Buses_Euro IV,,,0,1,11,86,-3.06E-05,0.301286421,13.3636613,39.6403496,0.00513676,0.446471557,3.013200322,0,1,1,1 
BBIO_5,Buses_Biodiesel_Urban Biodiesel Buses_Euro IV,,,0.02,0,11,81,0.01604007,0.12152122,14.86170146,39.13553124,0.011718985,0.248692812,2.481923166,0,1,1,1 
BBIO_5,Buses_Biodiesel_Urban Biodiesel Buses_Euro IV,,,0.02,0.5,11,65,0.000865634,0.2188591,17.44475985,85.50188792,-0.001564738,0.382441763,3.099711438,0,1,1,1 
BBIO_5,Buses_Biodiesel_Urban Biodiesel Buses_Euro IV,,,0.02,1,11,55,0.008654426,-0.75056209,39.08287983,-1.989948093,0.004573041,-0.006637833,6.929903131,0,1,1,1 
BBIO_5,Buses_Biodiesel_Urban Biodiesel Buses_Euro IV,,,0.04,0,11,86,-0.002894694,0.291673967,17.84159676,-51.74070315,0.028650349,0.786384012,-1.994149146,0,1,1,1 
BBIO_5,Buses_Biodiesel_Urban Biodiesel Buses_Euro IV,,,0.04,0.5,11,86,-0.005518934,0.369164191,26.27019894,-19.08006668,0.032701686,1.300748521,0.448236502,0,1,1,1 
BBIO_5,Buses_Biodiesel_Urban Biodiesel Buses_Euro IV,,,0.04,1,11,86,-0.008742719,0.512335121,38.06746343,2.750973667,0.043278924,1.934043449,2.660950555,0,1,1,1 
BBIO_5,Buses_Biodiesel_Urban Biodiesel Buses_Euro IV,,,0.06,0,11,86,4.97E-05,0.068653529,4.989751018,37.13576963,0.000875976,0.13564542,2.097228481,0,1,1,1 
BBIO_5,Buses_Biodiesel_Urban Biodiesel Buses_Euro IV,,,0.06,0.5,11,86,2.36E-05,0.053224572,4.932679307,40.70010934,0.000433181,0.107643176,2.220980581,0,1,1,1 
BBIO_5,Buses_Biodiesel_Urban Biodiesel Buses_Euro IV,,,0.06,1,11,86,0.002318512,0.907532495,5.623305372,-68.88761293,0.011336025,0.494363277,-3.535584622,0,1,1,1 
BBIO_6,Buses_Biodiesel_Urban Biodiesel Buses_Euro V,SCR,,-0.06,0,5,85,0.008554872,4.107436647,-20.73932996,40.72546113,0.116959377,-0.66907231,1.564144274,0,1,1,1 
BBIO_6,Buses_Biodiesel_Urban Biodiesel Buses_Euro V,SCR,,-0.06,0.5,5,85,-0.010545342,5.400124295,-26.19054327,49.51321747,0.131508565,-0.743061653,1.771746385,0,1,1,1 
BBIO_6,Buses_Biodiesel_Urban Biodiesel Buses_Euro V,SCR,,-0.06,1,5,85,-0.02982138,5.890840111,-26.49771635,47.12115755,0.122556575,-0.640172301,1.543388165,0,1,1,1 
BBIO_6,Buses_Biodiesel_Urban Biodiesel Buses_Euro V,SCR,,-0.04,0,5,75,-0.066869598,5.781591947,-37.54419688,81.03151155,0.212195365,-1.600749505,3.885465307,0,1,1,1 
BBIO_6,Buses_Biodiesel_Urban Biodiesel Buses_Euro V,SCR,,-0.04,0.5,5,75,-0.081282257,6.895777466,-43.65755599,91.70137433,0.247475293,-1.854445559,4.470467009,0,1,1,1 
BBIO_6,Buses_Biodiesel_Urban Biodiesel Buses_Euro V,SCR,,-0.04,1,5,75,-0.08301719,7.005612679,-44.56003129,91.3240178,0.242124535,-1.842234688,4.387156113,0,1,1,1 
BBIO_6,Buses_Biodiesel_Urban Biodiesel Buses_Euro V,SCR,,-0.02,0,5,85,0.390805105,21.68534424,6.502641024,5.298962166,0.330746263,0.098113918,0.077267385,0,1,1,1 
BBIO_6,Buses_Biodiesel_Urban Biodiesel Buses_Euro V,SCR,,-0.02,0.5,5,80,0.047302976,6.06284453,-34.23447971,20.78584374,0.067099473,-0.327037112,0.035303809,0,1,1,1 
BBIO_6,Buses_Biodiesel_Urban Biodiesel Buses_Euro V,SCR,,-0.02,1,5,70,0.00848462,9.549536619,-32.16540652,17.83373758,0.080996081,-0.215634897,-5.19E-12,0,1,1,1 
BBIO_6,Buses_Biodiesel_Urban Biodiesel Buses_Euro V,SCR,,0,0,5,85,0.058034926,4.606753419,-19.10995773,60.29536502,0.126007303,-0.692183865,2.235792005,0,1,1,1 
BBIO_6,Buses_Biodiesel_Urban Biodiesel Buses_Euro V,SCR,,0,0.5,5,85,0.052775758,5.385704456,-21.44449681,57.13573761,0.12031022,-0.621614286,1.886377361,0,1,1,1 
BBIO_6,Buses_Biodiesel_Urban Biodiesel Buses_Euro V,SCR,,0,1,5,85,0.038740684,5.773661846,-21.9513784,52.17382556,0.107937886,-0.520804658,1.541794869,0,1,1,1 
BBIO_6,Buses_Biodiesel_Urban Biodiesel Buses_Euro V,SCR,,0.02,0,5,75,0.115464303,10.82643976,-36.30563869,13.53455362,0.125145193,-0.35590801,2.82E-12,0,1,1,1 
BBIO_6,Buses_Biodiesel_Urban Biodiesel Buses_Euro V,SCR,,0.02,0.5,5,60,-0.003756518,10.42702669,-52.21355042,17.3307037,0.080726881,-0.336875843,-0.19501322,0,1,1,1 
BBIO_6,Buses_Biodiesel_Urban Biodiesel Buses_Euro V,SCR,,0.02,1,5,55,-0.094656964,17.87690885,-22.66025018,-14.67905555,0.114789803,-0.093963407,-0.069875856,0,1,1,1 
BBIO_6,Buses_Biodiesel_Urban Biodiesel Buses_Euro V,SCR,,0.04,0,5,85,-0.032498124,3.589521046,-18.10821185,35.7546035,0.108939696,-0.635786488,1.505973692,0,1,1,1 
BBIO_6,Buses_Biodiesel_Urban Biodiesel Buses_Euro V,SCR,,0.04,0.5,5,85,-0.047384611,4.931201857,-27.19782507,51.98948769,0.139733263,-0.894281266,2.054203556,0,1,1,1 
BBIO_6,Buses_Biodiesel_Urban Biodiesel Buses_Euro V,SCR,,0.04,1,5,85,-0.027217282,2.751444947,-14.53147952,27.6532189,0.07353676,-0.468622505,1.127867439,0,1,1,1 
BBIO_6,Buses_Biodiesel_Urban Biodiesel Buses_Euro V,SCR,,0.06,0,5,85,0.047518039,1.280995626,0.868630683,32.2472167,0.0414627,-0.170679477,1.100981556,0,1,1,1 
BBIO_6,Buses_Biodiesel_Urban Biodiesel Buses_Euro V,SCR,,0.06,0.5,5,85,0.034279935,1.618414531,-5.780894503,26.77051326,0.033117514,-0.170504377,0.653608007,0,1,1,1 
BBIO_6,Buses_Biodiesel_Urban Biodiesel Buses_Euro V,SCR,,0.06,1,5,85,0.053095305,5.33387968,-23.80128601,26.34484461,0.07161815,-0.297754238,0.315652929,0,1,1,1 
BBIO_6,Buses_Biodiesel_Urban Biodiesel Buses_Euro V,EGR,,-0.06,0,5,85,0.03971225,8.07471285,-36.18585648,58.18841667,0.561305167,-2.878102859,6.575206353,0,1,1,1 
BBIO_6,Buses_Biodiesel_Urban Biodiesel Buses_Euro V,EGR,,-0.06,0.5,5,85,-0.006496394,8.435835912,-39.84971288,65.09422009,0.51541863,-2.976929069,6.91713551,0,1,1,1 
BBIO_6,Buses_Biodiesel_Urban Biodiesel Buses_Euro V,EGR,,-0.06,1,5,85,-0.092518826,10.85783734,-52.17722164,55.33276659,0.422709677,-1.481107253,-6.58E-11,0,1,1,1 
BBIO_6,Buses_Biodiesel_Urban Biodiesel Buses_Euro V,EGR,,-0.04,0,5,85,-0.063070062,6.544100381,-34.16952199,58.47294427,0.610528167,-3.715587085,8.391392283,0,1,1,1 
BBIO_6,Buses_Biodiesel_Urban Biodiesel Buses_Euro V,EGR,,-0.04,0.5,5,85,-0.063669689,6.520220969,-35.47829004,61.45519715,0.612108577,-4.065052102,9.315051324,0,1,1,1 
BBIO_6,Buses_Biodiesel_Urban Biodiesel Buses_Euro V,EGR,,-0.04,1,5,85,-0.048668905,5.001932761,-28.66893364,50.50251195,0.46441492,-3.33959851,7.71511013,0,1,1,1 
BBIO_6,Buses_Biodiesel_Urban Biodiesel Buses_Euro V,EGR,,-0.02,0,5,85,-0.0148372,8.314403713,-36.94960577,41.85089112,0.247471693,-1.073063025,1.195316954,0,1,1,1 
BBIO_6,Buses_Biodiesel_Urban Biodiesel Buses_Euro V,EGR,,-0.02,0.5,5,80,-0.026921048,5.180630741,-24.92240899,32.72673968,0.122808494,-0.613339579,0.854335588,0,1,1,1 
BBIO_6,Buses_Biodiesel_Urban Biodiesel Buses_Euro V,EGR,,-0.02,1,5,70,-0.042951848,6.659735185,-33.96372216,73.18622892,0.146892157,-0.921095509,2.242468451,0,1,1,1 
BBIO_6,Buses_Biodiesel_Urban Biodiesel Buses_Euro V,EGR,,0,0,5,85,0.057003944,8.560829164,-34.4196085,62.61324511,0.475859846,-2.28318165,5.648855729,0,1,1,1 
BBIO_6,Buses_Biodiesel_Urban Biodiesel Buses_Euro V,EGR,,0,0.5,5,85,0.046062149,12.29016309,-54.28868829,99.11730982,0.600549732,-3.30937227,8.022836359,0,1,1,1 
BBIO_6,Buses_Biodiesel_Urban Biodiesel Buses_Euro V,EGR,,0,1,5,85,0.02113463,15.58080232,-74.1143354,127.5459076,0.67178275,-3.951899027,8.849188434,0,1,1,1 
BBIO_6,Buses_Biodiesel_Urban Biodiesel Buses_Euro V,EGR,,0.02,0,5,80,-0.039086941,7.513457925,-33.30571214,37.63637345,0.17561588,-0.771719285,0.861099075,0,1,1,1 
BBIO_6,Buses_Biodiesel_Urban Biodiesel Buses_Euro V,EGR,,0.02,0.5,5,60,-0.064679435,6.937336619,-32.68140566,42.94763532,0.121453299,-0.601403886,0.845508854,0,1,1,1 
BBIO_6,Buses_Biodiesel_Urban Biodiesel Buses_Euro V,EGR,,0.02,1,5,55,-0.027430629,2.738127634,-11.31768911,39.19366437,0.049153992,-0.3167143,1.071490061,0,1,1,1 
BBIO_6,Buses_Biodiesel_Urban Biodiesel Buses_Euro V,EGR,,0.04,0,5,85,-0.05153612,6.730024249,-30.05345709,45.36756811,0.478768619,-2.293803992,4.883172786,0,1,1,1 
BBIO_6,Buses_Biodiesel_Urban Biodiesel Buses_Euro V,EGR,,0.04,0.5,5,85,-0.058766942,7.037257681,-35.26317797,57.20643447,0.491082823,-2.912993949,6.546966348,0,1,1,1 
BBIO_6,Buses_Biodiesel_Urban Biodiesel Buses_Euro V,EGR,,0.04,1,5,85,-0.081881535,9.20569132,-46.72565171,75.93444428,0.617044621,-3.925408546,9.071024888,0,1,1,1 
BBIO_6,Buses_Biodiesel_Urban Biodiesel Buses_Euro V,EGR,,0.06,0,5,85,0.027456084,14.75753511,-64.13057422,80.04515748,0.576473655,-2.473275089,3.335664514,0,1,1,1 
BBIO_6,Buses_Biodiesel_Urban Biodiesel Buses_Euro V,EGR,,0.06,0.5,5,85,-0.005280748,6.631581057,-31.35590365,46.95855044,0.220394807,-1.123782511,1.938471625,0,1,1,1 
BBIO_6,Buses_Biodiesel_Urban Biodiesel Buses_Euro V,EGR,,0.06,1,5,85,-0.011114829,4.886403071,-24.15544607,44.77312901,0.147133991,-0.869973788,1.898631492,0,1,1,1 
BBIO_7,Buses_Biodiesel_Urban Biodiesel Buses_Euro VI,,,-0.06,0,5,85,0.027921494,4.002504056,-19.53552342,17.46742544,0.912848387,-2.217982715,-4.071453453,0,1,1,1 
BBIO_7,Buses_Biodiesel_Urban Biodiesel Buses_Euro VI,,,-0.06,0.5,5,85,0.002448384,-0.348594042,18.35336375,-22.32308176,-0.023625338,2.700948559,6.81922014,0,1,1,1 
BBIO_7,Buses_Biodiesel_Urban Biodiesel Buses_Euro VI,,,-0.06,1,5,85,-0.015169577,3.301226787,-16.1892246,16.94083031,0.687816972,-2.456472101,-2.36E-09,0,1,1,1 
BBIO_7,Buses_Biodiesel_Urban Biodiesel Buses_Euro VI,,,-0.04,0,5,85,-0.074856599,6.813680606,-29.25303515,41.17346378,2.213468915,-8.420234723,18.84485779,0,1,1,1 
BBIO_7,Buses_Biodiesel_Urban Biodiesel Buses_Euro VI,,,-0.04,0.5,5,85,-0.041543821,3.79777081,-16.43115143,23.06397922,1.394471323,-6.342588094,14.31163428,0,1,1,1 
BBIO_7,Buses_Biodiesel_Urban Biodiesel Buses_Euro VI,,,-0.04,1,5,85,-0.039819361,3.682686951,-16.99629882,25.00972554,1.488634288,-8.018600127,18.04297347,0,1,1,1 
BBIO_7,Buses_Biodiesel_Urban Biodiesel Buses_Euro VI,,,-0.02,0,5,85,-0.03105512,5.797091653,-41.74742143,46.90841812,0.642288755,-4.532315938,3.976290995,0,1,1,1 
BBIO_7,Buses_Biodiesel_Urban Biodiesel Buses_Euro VI,,,-0.02,0.5,5,85,-0.006005538,2.689030906,23.62990071,-32.34454393,0.451384412,1.086171316,-5.59E-07,0,1,1,1 
BBIO_7,Buses_Biodiesel_Urban Biodiesel Buses_Euro VI,,,-0.02,1,5,70,-0.134788744,14.7005723,-43.1590198,-13.1502492,1.409192753,-4.275440911,-1.37116461,0,1,1,1 
BBIO_7,Buses_Biodiesel_Urban Biodiesel Buses_Euro VI,,,0,0,5,85,0.001679421,-0.269533751,21.66118084,-20.72078869,-0.029895056,3.168448978,3.894054706,0,1,1,1 
BBIO_7,Buses_Biodiesel_Urban Biodiesel Buses_Euro VI,,,0,0.5,5,85,0.149474106,16.16496356,-8.738306612,-9.804313266,3.067233613,1.720349428,0.047736001,0,1,1,1 
BBIO_7,Buses_Biodiesel_Urban Biodiesel Buses_Euro VI,,,0,1,5,85,0.00289166,-0.373462527,23.24968496,-29.31882622,-0.027102398,3.215343863,-1.43E-12,0,1,1,1 
BBIO_7,Buses_Biodiesel_Urban Biodiesel Buses_Euro VI,,,0.02,0,5,80,-0.150483338,18.28426272,6.270246077,5.672167085,1.873019393,0.834652977,0.498313364,0,1,1,1 
BBIO_7,Buses_Biodiesel_Urban Biodiesel Buses_Euro VI,,,0.02,0.5,5,65,0.004388079,1.590509261,24.20318493,-36.09819129,0.340194578,0.539611062,-9.36E-12,0,1,1,1 
BBIO_7,Buses_Biodiesel_Urban Biodiesel Buses_Euro VI,,,0.02,1,5,55,0.028920709,0.142373567,35.10864159,-46.74080756,0.252328245,0.941559092,-5.96E-10,0,1,1,1 
BBIO_7,Buses_Biodiesel_Urban Biodiesel Buses_Euro VI,,,0.04,0,5,85,-0.047329974,5.914323229,-20.94549219,22.92493446,1.426738543,-2.479807943,3.521980656,0,1,1,1 
BBIO_7,Buses_Biodiesel_Urban Biodiesel Buses_Euro VI,,,0.04,0.5,5,85,-0.050228497,5.69465859,-22.06895702,26.83914449,1.481269344,-4.455378393,8.188797964,0,1,1,1 
BBIO_7,Buses_Biodiesel_Urban Biodiesel Buses_Euro VI,,,0.04,1,5,85,-0.040103079,4.308636148,-17.08832713,21.50475098,1.194468122,-4.530526497,9.221551913,0,1,1,1 
BBIO_7,Buses_Biodiesel_Urban Biodiesel Buses_Euro VI,,,0.06,0,5,85,-0.002165492,4.534071087,-27.75486751,21.65329313,0.626667801,-3.274857342,7.07E-13,0,1,1,1 
BBIO_7,Buses_Biodiesel_Urban Biodiesel Buses_Euro VI,,,0.06,0.5,5,85,-0.04143064,14.82318762,5.963709387,5.397516639,1.975101442,1.585478448,2.537907008,0,1,1,1 
BBIO_7,Buses_Biodiesel_Urban Biodiesel Buses_Euro VI,,,0.06,1,5,85,-0.001577053,0.237445401,12.99853775,-76.43432428,0.034770522,1.704562751,-10.16924129,0,1,1,1 
M_1,L-Category_Petrol_Mopeds 2-stroke <50 cm³_Conventional,,Urban Peak,,,0,120,0,0,14.7,0,0,0,1,0,1,1,1 
M_1,L-Category_Petrol_Mopeds 2-stroke <50 cm³_Conventional,,Urban Off Peak,,,0,120,0,0,14.7,0,0,0,1,0,1,1,1 
M_1,L-Category_Petrol_Mopeds 2-stroke <50 cm³_Conventional,,Rural,,,0,120,0,0,14.7,0,0,0,1,0,1,1,1 
M_1,L-Category_Petrol_Mopeds 2-stroke <50 cm³_Conventional,,Highway,,,0,120,0,0,14.7,0,0,0,1,0,1,1,1 
M_2,L-Category_Petrol_Mopeds 2-stroke <50 cm³_Euro 1,,Urban Peak,,,0,120,0,0,4.6,0,0,0,1,0,1,1,1 
M_2,L-Category_Petrol_Mopeds 2-stroke <50 cm³_Euro 1,,Urban Off Peak,,,0,120,0,0,4.6,0,0,0,1,0,1,1,1 
M_2,L-Category_Petrol_Mopeds 2-stroke <50 cm³_Euro 1,,Rural,,,0,120,0,0,4.6,0,0,0,1,0,1,1,1 
M_2,L-Category_Petrol_Mopeds 2-stroke <50 cm³_Euro 1,,Highway,,,0,120,0,0,4.6,0,0,0,1,0,1,1,1 
M_3,L-Category_Petrol_Mopeds 2-stroke <50 cm³_Euro 2,,Urban Peak,,,0,120,0,0,2.8,0,0,0,1,0,1,1,1 
M_3,L-Category_Petrol_Mopeds 2-stroke <50 cm³_Euro 2,,Urban Off Peak,,,0,120,0,0,2.8,0,0,0,1,0,1,1,1 
M_3,L-Category_Petrol_Mopeds 2-stroke <50 cm³_Euro 2,,Rural,,,0,120,0,0,2.8,0,0,0,1,0,1,1,1 
M_3,L-Category_Petrol_Mopeds 2-stroke <50 cm³_Euro 2,,Highway,,,0,120,0,0,2.8,0,0,0,1,0,1,1,1 
M_4,L-Category_Petrol_Mopeds 2-stroke <50 cm³_Euro 3,,Urban Peak,,,0,120,0,0,1.8,0,0,0,1,0,1,1,1 
M_4,L-Category_Petrol_Mopeds 2-stroke <50 cm³_Euro 3,,Urban Off Peak,,,0,120,0,0,1.8,0,0,0,1,0,1,1,1 
M_4,L-Category_Petrol_Mopeds 2-stroke <50 cm³_Euro 3,,Rural,,,0,120,0,0,1.8,0,0,0,1,0,1,1,1 
M_4,L-Category_Petrol_Mopeds 2-stroke <50 cm³_Euro 3,,Highway,,,0,120,0,0,1.8,0,0,0,1,0,1,1,1 
M_5,L-Category_Petrol_Mopeds 2-stroke <50 cm³_Euro 4,,Urban Peak,,,0,120,0,0,1.8,0,0,0,1,0,1,1,1 
M_5,L-Category_Petrol_Mopeds 2-stroke <50 cm³_Euro 4,,Urban Off Peak,,,0,120,0,0,1.8,0,0,0,1,0,1,1,1 
M_5,L-Category_Petrol_Mopeds 2-stroke <50 cm³_Euro 4,,Rural,,,0,120,0,0,1.8,0,0,0,1,0,1,1,1 
M_5,L-Category_Petrol_Mopeds 2-stroke <50 cm³_Euro 4,,Highway,,,0,120,0,0,1.8,0,0,0,1,0,1,1,1 
M_6,L-Category_Petrol_Mopeds 2-stroke <50 cm³_Euro 5,,Urban Peak,,,0,120,0,0,1.8,0,0,0,1,0,1,1,1 
M_6,L-Category_Petrol_Mopeds 2-stroke <50 cm³_Euro 5,,Urban Off Peak,,,0,120,0,0,1.8,0,0,0,1,0,1,1,1 
M_6,L-Category_Petrol_Mopeds 2-stroke <50 cm³_Euro 5,,Rural,,,0,120,0,0,1.8,0,0,0,1,0,1,1,1 
M_6,L-Category_Petrol_Mopeds 2-stroke <50 cm³_Euro 5,,Highway,,,0,120,0,0,1.8,0,0,0,1,0,1,1,1 
M_7,L-Category_Petrol_Mopeds 4-stroke <50 cm³_Conventional,,Urban Peak,,,0,120,0,0,14.7,0,0,0,1,0,1,1,1 
M_7,L-Category_Petrol_Mopeds 4-stroke <50 cm³_Conventional,,Urban Off Peak,,,0,120,0,0,14.7,0,0,0,1,0,1,1,1 
M_7,L-Category_Petrol_Mopeds 4-stroke <50 cm³_Conventional,,Rural,,,0,120,0,0,14.7,0,0,0,1,0,1,1,1 
M_7,L-Category_Petrol_Mopeds 4-stroke <50 cm³_Conventional,,Highway,,,0,120,0,0,14.7,0,0,0,1,0,1,1,1 
M_8,L-Category_Petrol_Mopeds 4-stroke <50 cm³_Euro 1,,Urban Peak,,,0,120,0,0,6.7,0,0,0,1,0,1,1,1 
M_8,L-Category_Petrol_Mopeds 4-stroke <50 cm³_Euro 1,,Urban Off Peak,,,0,120,0,0,6.7,0,0,0,1,0,1,1,1 
M_8,L-Category_Petrol_Mopeds 4-stroke <50 cm³_Euro 1,,Rural,,,0,120,0,0,6.7,0,0,0,1,0,1,1,1 
M_8,L-Category_Petrol_Mopeds 4-stroke <50 cm³_Euro 1,,Highway,,,0,120,0,0,6.7,0,0,0,1,0,1,1,1 
M_9,L-Category_Petrol_Mopeds 4-stroke <50 cm³_Euro 2,,Urban Peak,,,0,120,0,0,4.2,0,0,0,1,0,1,1,1 
M_9,L-Category_Petrol_Mopeds 4-stroke <50 cm³_Euro 2,,Urban Off Peak,,,0,120,0,0,4.2,0,0,0,1,0,1,1,1 
M_9,L-Category_Petrol_Mopeds 4-stroke <50 cm³_Euro 2,,Rural,,,0,120,0,0,4.2,0,0,0,1,0,1,1,1 
M_9,L-Category_Petrol_Mopeds 4-stroke <50 cm³_Euro 2,,Highway,,,0,120,0,0,4.2,0,0,0,1,0,1,1,1 
M_10,L-Category_Petrol_Mopeds 4-stroke <50 cm³_Euro 3,,Urban Peak,,,0,120,0,0,2.7,0,0,0,1,0,1,1,1 
M_10,L-Category_Petrol_Mopeds 4-stroke <50 cm³_Euro 3,,Urban Off Peak,,,0,120,0,0,2.7,0,0,0,1,0,1,1,1 
M_10,L-Category_Petrol_Mopeds 4-stroke <50 cm³_Euro 3,,Rural,,,0,120,0,0,2.7,0,0,0,1,0,1,1,1 
M_10,L-Category_Petrol_Mopeds 4-stroke <50 cm³_Euro 3,,Highway,,,0,120,0,0,2.7,0,0,0,1,0,1,1,1 
M_11,L-Category_Petrol_Mopeds 4-stroke <50 cm³_Euro 4,,Urban Peak,,,0,120,0,0,2.7,0,0,0,1,0,1,1,1 
M_11,L-Category_Petrol_Mopeds 4-stroke <50 cm³_Euro 4,,Urban Off Peak,,,0,120,0,0,2.7,0,0,0,1,0,1,1,1 
M_11,L-Category_Petrol_Mopeds 4-stroke <50 cm³_Euro 4,,Rural,,,0,120,0,0,2.7,0,0,0,1,0,1,1,1 
M_11,L-Category_Petrol_Mopeds 4-stroke <50 cm³_Euro 4,,Highway,,,0,120,0,0,2.7,0,0,0,1,0,1,1,1 
M_12,L-Category_Petrol_Mopeds 4-stroke <50 cm³_Euro 5,,Urban Peak,,,0,120,0,0,2.7,0,0,0,1,0,1,1,1 
M_12,L-Category_Petrol_Mopeds 4-stroke <50 cm³_Euro 5,,Urban Off Peak,,,0,120,0,0,2.7,0,0,0,1,0,1,1,1 
M_12,L-Category_Petrol_Mopeds 4-stroke <50 cm³_Euro 5,,Rural,,,0,120,0,0,2.7,0,0,0,1,0,1,1,1 
M_12,L-Category_Petrol_Mopeds 4-stroke <50 cm³_Euro 5,,Highway,,,0,120,0,0,2.7,0,0,0,1,0,1,1,1 
M_13,L-Category_Petrol_Motorcycles 2-stroke >50 cm³_Conventional,,,,,10,100,1.357752091,-61.76775155,4534.466145,4022.792928,-0.010734823,3.792853472,143.9222022,0,1,1,1 
M_14,L-Category_Petrol_Motorcycles 2-stroke >50 cm³_Euro 1,,,,,10,100,0.478177255,-21.77479257,1596.08445,1422.401834,-0.005700979,2.020031422,76.83083219,0,1,1,1 
M_15,L-Category_Petrol_Motorcycles 2-stroke >50 cm³_Euro 2,,,,,10,100,0.376701499,-17.25583937,1260.355351,1140.244497,-0.005578815,1.991870679,77.053139,0,1,1,1 
M_16,L-Category_Petrol_Motorcycles 2-stroke >50 cm³_Euro 3,,,,,10,100,0.110812453,-4.928032909,369.2477448,311.3961718,-0.003318159,1.121331091,40.07376407,0,1,1,1 
M_17,L-Category_Petrol_Motorcycles 2-stroke >50 cm³_Euro 4,,,,,10,100,0.110812453,-4.928032909,369.2477448,311.3961718,-0.003318159,1.121331091,40.07376407,0,1,1,1 
M_18,L-Category_Petrol_Motorcycles 2-stroke >50 cm³_Euro 5,,,,,10,100,0.110812453,-4.928032909,369.2477448,311.3961718,-0.003318159,1.121331091,40.07376407,0,1,1,1 
M_19,L-Category_Petrol_Motorcycles 4-stroke <250 cm³_Conventional,,,,,10,100,0.001123246,-0.058974142,4.304866952,-3.968983599,-1.67E-05,0.004753923,0.075649558,0,1,1,1 
M_20,L-Category_Petrol_Motorcycles 4-stroke <250 cm³_Euro 1,,,,,10,100,0.015352549,-0.978816049,46.79476584,135.4619887,-3.51E-05,0.016641891,2.829133318,0,1,1,1 
M_21,L-Category_Petrol_Motorcycles 4-stroke <250 cm³_Euro 2,,,,,10,100,0.259967975,-14.44972986,469.1211916,479.8758144,0.003978953,0.936299918,42.55562716,0,1,1,1 
M_22,L-Category_Petrol_Motorcycles 4-stroke <250 cm³_Euro 3,,,,,10,100,0.204085909,-11.3548435,367.9431727,396.8909974,0.00583729,1.305337044,61.19736386,0,1,1,1 
M_23,L-Category_Petrol_Motorcycles 4-stroke <250 cm³_Euro 4,,,,,10,100,0.204085909,-11.3548435,367.9431727,396.8909974,0.00583729,1.305337044,61.19736386,0,1,1,1 
M_24,L-Category_Petrol_Motorcycles 4-stroke <250 cm³_Euro 5,,,,,10,100,0.204085909,-11.3548435,367.9431727,396.8909974,0.00583729,1.305337044,61.19736386,0,1,1,1 
M_25,L-Category_Petrol_Motorcycles 4-stroke 250 - 750 cm³_Conventional,,,,,10,140,0.00080981,-0.010653415,5.969532963,-28.49495431,-3.57E-05,0.009247113,-0.016145094,0,1,1,1 
M_26,L-Category_Petrol_Motorcycles 4-stroke 250 - 750 cm³_Euro 1,,,,,10,140,0.000361815,-0.073577089,3.756642842,53.08166032,3.00E-05,-0.007584777,0.510960907,0,1,1,1 
M_27,L-Category_Petrol_Motorcycles 4-stroke 250 - 750 cm³_Euro 2,,,,,10,140,0.01479821,-1.550987833,56.62766839,165.666808,-0.000552674,0.052289946,8.62272148,0,1,1,1 
M_28,L-Category_Petrol_Motorcycles 4-stroke 250 - 750 cm³_Euro 3,,,,,10,140,0.003378296,-0.354219789,12.92976876,38.92054942,-0.000225297,0.020859008,3.609172951,0,1,1,1 
M_29,L-Category_Petrol_Motorcycles 4-stroke 250 - 750 cm³_Euro 4,,,,,10,140,0.003378296,-0.354219789,12.92976876,38.92054942,-0.000225297,0.020859008,3.609172951,0,1,1,1 
M_30,L-Category_Petrol_Motorcycles 4-stroke 250 - 750 cm³_Euro 5,,,,,10,140,0.003378296,-0.354219789,12.92976876,38.92054942,-0.000225297,0.020859008,3.609172951,0,1,1,1 
M_31,L-Category_Petrol_Motorcycles 4-stroke >750 cm³_Conventional,,,,,10,140,0.00080981,-0.010653415,5.969532963,-28.49495431,-3.57E-05,0.009247113,-0.016145094,0,1,1,1 
M_32,L-Category_Petrol_Motorcycles 4-stroke >750 cm³_Euro 1,,,,,10,140,0.000361815,-0.073577089,3.756642842,53.08166032,3.00E-05,-0.007584777,0.510960907,0,1,1,1 
M_33,L-Category_Petrol_Motorcycles 4-stroke >750 cm³_Euro 2,,,,,10,140,0.01479821,-1.550987833,56.62766839,165.666808,-0.000552674,0.052289946,8.62272148,0,1,1,1 
M_34,L-Category_Petrol_Motorcycles 4-stroke >750 cm³_Euro 3,,,,,10,140,0.003378296,-0.354219789,12.92976876,38.92054942,-0.000225297,0.020859008,3.609172951,0,1,1,1 
M_35,L-Category_Petrol_Motorcycles 4-stroke >750 cm³_Euro 4,,,,,10,140,0.003378296,-0.354219789,12.92976876,38.92054942,-0.000225297,0.020859008,3.609172951,0,1,1,1 
M_36,L-Category_Petrol_Motorcycles 4-stroke >750 cm³_Euro 5,,,,,10,140,0.003378296,-0.354219789,12.92976876,38.92054942,-0.000225297,0.020859008,3.609172951,0,1,1,1 
BH_1,Buses_Hybrid_Urban Buses Articulated >18 t_Euro V,SCR,,-0.06,0,5,75,-0.002296985,0.196284918,-1.22704232,2.542335437,0.006390395,-0.046996319,0.111715343,0,1,1,0.8 
BH_1,Buses_Hybrid_Urban Buses Articulated >18 t_Euro V,SCR,,-0.06,0.5,5,75,-0.002906068,0.248064407,-1.557396385,3.147499991,0.007647966,-0.057565285,0.136121979,0,1,1,0.8 
BH_1,Buses_Hybrid_Urban Buses Articulated >18 t_Euro V,SCR,,-0.06,1,5,75,-0.003278123,0.279766985,-1.721073686,3.477904332,0.008153604,-0.06137676,0.148755309,0,1,1,0.8 
BH_1,Buses_Hybrid_Urban Buses Articulated >18 t_Euro V,SCR,,-0.04,0,5,85,-0.002073319,0.219764493,-1.188696158,2.213755275,0.005662872,-0.035165872,0.078626286,0,1,1,0.8 
BH_1,Buses_Hybrid_Urban Buses Articulated >18 t_Euro V,SCR,,-0.04,0.5,5,85,-0.002826199,0.285451833,-1.458481798,2.724223067,0.006658933,-0.040863686,0.098655779,0,1,1,0.8 
BH_1,Buses_Hybrid_Urban Buses Articulated >18 t_Euro V,SCR,,-0.04,1,5,85,-0.003326079,0.32546749,-1.588448091,2.832718876,0.006923405,-0.040980186,0.098843778,0,1,1,0.8 
BH_1,Buses_Hybrid_Urban Buses Articulated >18 t_Euro V,SCR,,-0.02,0,5,85,-0.00027726,0.255139112,-1.238473704,2.25699918,0.005719817,-0.031684227,0.072042191,0,1,1,0.8 
BH_1,Buses_Hybrid_Urban Buses Articulated >18 t_Euro V,SCR,,-0.02,0.5,5,85,-0.001667794,0.309038684,-1.359647418,2.294131774,0.005495862,-0.02732271,0.06361924,0,1,1,0.8 
BH_1,Buses_Hybrid_Urban Buses Articulated >18 t_Euro V,SCR,,-0.02,1,5,85,-0.002427811,0.355866284,-1.548580667,2.408848756,0.005543014,-0.026825253,0.058672431,0,1,1,0.8 
BH_1,Buses_Hybrid_Urban Buses Articulated >18 t_Euro V,SCR,,0,0,5,85,0.003085925,0.31075763,-1.237145192,3.119887432,0.00631771,-0.031849013,0.092426114,0,1,1,0.8 
BH_1,Buses_Hybrid_Urban Buses Articulated >18 t_Euro V,SCR,,0,0.5,5,85,0.00334886,0.593128534,-2.299329197,4.638997375,0.009289819,-0.042699075,0.1110625,0,1,1,0.8 
BH_1,Buses_Hybrid_Urban Buses Articulated >18 t_Euro V,SCR,,0,1,5,85,0.002507554,0.753871167,-3.311577189,5.577251733,0.010119378,-0.049633388,0.105658485,0,1,1,0.8 
BH_1,Buses_Hybrid_Urban Buses Articulated >18 t_Euro V,SCR,,0.02,0,5,85,0.010693426,0.767575093,-3.657866593,4.302035045,0.011556788,-0.051945598,0.059959099,0,1,1,0.8 
BH_1,Buses_Hybrid_Urban Buses Articulated >18 t_Euro V,SCR,,0.02,0.5,5,85,0.010563029,1.372390613,-5.802353009,5.904487051,0.01506413,-0.057971665,0.053216417,0,1,1,0.8 
BH_1,Buses_Hybrid_Urban Buses Articulated >18 t_Euro V,SCR,,0.02,1,5,80,0.003699011,1.208008559,-5.40861408,6.701674938,0.010812176,-0.046565244,0.059405134,0,1,1,0.8 
BH_1,Buses_Hybrid_Urban Buses Articulated >18 t_Euro V,SCR,,0.04,0,5,80,0.012603759,1.399966054,-4.787269358,2.12762456,0.014465183,-0.040843767,-5.15E-14,0,1,1,0.8 
BH_1,Buses_Hybrid_Urban Buses Articulated >18 t_Euro V,SCR,,0.04,0.5,5,65,-0.00257477,2.043933257,-4.022590047,1.860071468,0.014285475,-0.017391303,-9.08E-05,0,1,1,0.8 
BH_1,Buses_Hybrid_Urban Buses Articulated >18 t_Euro V,SCR,,0.04,1,5,55,-0.004709428,1.295532418,-6.855636159,13.05566994,0.008145153,-0.047630395,0.10417203,0,1,1,0.8 
BH_1,Buses_Hybrid_Urban Buses Articulated >18 t_Euro V,SCR,,0.06,0,5,65,0.000849029,1.295539862,-4.336215819,2.240549985,0.009618181,-0.026059054,-1.62E-15,0,1,1,0.8 
BH_1,Buses_Hybrid_Urban Buses Articulated >18 t_Euro V,SCR,,0.06,0.5,5,50,-0.017689739,1.858367525,-6.09164668,4.060124442,0.008927612,-0.021623384,6.97E-13,0,1,1,0.8 
BH_1,Buses_Hybrid_Urban Buses Articulated >18 t_Euro V,SCR,,0.06,1,5,40,-0.008123523,0.77125108,-3.103289035,3.45647989,0.003153688,-0.012408854,0.014081285,0,1,1,0.8 
BH_1,Buses_Hybrid_Urban Buses Articulated >18 t_Euro V,EGR,,-0.06,0,5,85,-0.003385079,0.348156547,-1.863361685,3.161733004,0.029389576,-0.188894719,0.424237746,0,1,1,0.8 
BH_1,Buses_Hybrid_Urban Buses Articulated >18 t_Euro V,EGR,,-0.06,0.5,5,85,-0.004480297,0.467132821,-2.700627475,4.731806824,0.038896151,-0.283109244,0.649949898,0,1,1,0.8 
BH_1,Buses_Hybrid_Urban Buses Articulated >18 t_Euro V,EGR,,-0.06,1,5,85,-0.002257303,0.23629382,-1.403947599,2.452217031,0.018918948,-0.14402019,0.328839967,0,1,1,0.8 
BH_1,Buses_Hybrid_Urban Buses Articulated >18 t_Euro V,EGR,,-0.04,0,5,85,-0.002859794,0.348580741,-1.733972393,2.749108978,0.021912341,-0.125619599,0.272941792,0,1,1,0.8 
BH_1,Buses_Hybrid_Urban Buses Articulated >18 t_Euro V,EGR,,-0.04,0.5,5,85,-0.004431485,0.49754244,-2.539820682,4.055249464,0.029513004,-0.188984132,0.426165786,0,1,1,0.8 
BH_1,Buses_Hybrid_Urban Buses Articulated >18 t_Euro V,EGR,,-0.04,1,5,85,-0.00251368,0.268294264,-1.391490234,2.180676065,0.01476373,-0.098266868,0.216795894,0,1,1,0.8 
BH_1,Buses_Hybrid_Urban Buses Articulated >18 t_Euro V,EGR,,-0.02,0,5,85,8.72E-05,0.403180417,-1.924083999,3.096177532,0.022589675,-0.128397113,0.288852554,0,1,1,0.8 
BH_1,Buses_Hybrid_Urban Buses Articulated >18 t_Euro V,EGR,,-0.02,0.5,5,85,-0.001548351,0.265132735,-1.303711522,2.009423101,0.011984609,-0.072137268,0.155245081,0,1,1,0.8 
BH_1,Buses_Hybrid_Urban Buses Articulated >18 t_Euro V,EGR,,-0.02,1,5,85,-0.002033784,0.276395036,-1.371284711,2.068580372,0.011206532,-0.069356858,0.145231559,0,1,1,0.8 
BH_1,Buses_Hybrid_Urban Buses Articulated >18 t_Euro V,EGR,,0,0,5,85,0.001451291,0.39367872,-1.733100882,3.062375563,0.017354539,-0.093148882,0.21865717,0,1,1,0.8 
BH_1,Buses_Hybrid_Urban Buses Articulated >18 t_Euro V,EGR,,0,0.5,5,85,0.000233871,0.538878711,-2.572775602,4.33504661,0.019850172,-0.11700013,0.255344879,0,1,1,0.8 
BH_1,Buses_Hybrid_Urban Buses Articulated >18 t_Euro V,EGR,,0,1,5,85,-0.001106321,0.683063263,-3.288278197,5.552206815,0.022089806,-0.135186637,0.295330531,0,1,1,0.8 
BH_1,Buses_Hybrid_Urban Buses Articulated >18 t_Euro V,EGR,,0.02,0,5,85,-0.000512047,0.58455226,-2.74418826,3.874256685,0.017567322,-0.08691806,0.138486254,0,1,1,0.8 
BH_1,Buses_Hybrid_Urban Buses Articulated >18 t_Euro V,EGR,,0.02,0.5,5,85,-0.000790143,0.241250583,-1.13049871,2.187785783,0.006159996,-0.035614088,0.082088977,0,1,1,0.8 
BH_1,Buses_Hybrid_Urban Buses Articulated >18 t_Euro V,EGR,,0.02,1,5,80,-0.001819311,0.329402074,-1.663694249,3.39248009,0.00705385,-0.045477884,0.108460103,0,1,1,0.8 
BH_1,Buses_Hybrid_Urban Buses Articulated >18 t_Euro V,EGR,,0.04,0,5,80,-0.002351053,0.463056391,-2.205235618,2.855497363,0.010043799,-0.049413796,0.067622218,0,1,1,0.8 
BH_1,Buses_Hybrid_Urban Buses Articulated >18 t_Euro V,EGR,,0.04,0.5,5,65,-0.002300726,0.299720388,-1.519269706,3.362479399,0.00548331,-0.035148496,0.088264347,0,1,1,0.8 
BH_1,Buses_Hybrid_Urban Buses Articulated >18 t_Euro V,EGR,,0.04,1,5,55,-0.002841832,0.282462154,-1.656383863,3.541803866,0.004027836,-0.029269255,0.070170885,0,1,1,0.8 
BH_1,Buses_Hybrid_Urban Buses Articulated >18 t_Euro V,EGR,,0.06,0,5,65,-0.005598998,0.617116373,-2.893769024,3.754648124,0.009967998,-0.048973205,0.067702382,0,1,1,0.8 
BH_1,Buses_Hybrid_Urban Buses Articulated >18 t_Euro V,EGR,,0.06,0.5,5,50,-0.001544379,0.143453598,-0.476346613,2.32925459,0.002321716,-0.015468393,0.059539565,0,1,1,0.8 
BH_1,Buses_Hybrid_Urban Buses Articulated >18 t_Euro V,EGR,,0.06,1,5,40,-0.011004723,0.663153869,-3.169179456,5.117344281,0.005717144,-0.03428541,0.06534411,0,1,1,0.8 
BH_2,Buses_Hybrid_Urban Buses Articulated >18 t_Euro VI,,,-0.06,0,5,85,-0.004158574,0.383920468,-1.630557112,2.238805995,0.125936874,-0.540625857,1.207094414,0,1,1,1 
BH_2,Buses_Hybrid_Urban Buses Articulated >18 t_Euro VI,,,-0.06,0.5,5,85,-0.003804661,0.354319781,-1.646621644,2.411094559,0.131531371,-0.718736707,1.595674863,0,1,1,1 
BH_2,Buses_Hybrid_Urban Buses Articulated >18 t_Euro VI,,,-0.06,1,5,85,-0.002528213,0.249380806,-1.277923624,1.968678704,0.103108558,-0.660598749,1.425269156,0,1,1,1 
BH_2,Buses_Hybrid_Urban Buses Articulated >18 t_Euro VI,,,-0.04,0,5,85,-0.004330316,0.435990509,-1.816167918,1.185855455,0.083243671,-0.016307307,-1.032186765,0,1,1,1 
BH_2,Buses_Hybrid_Urban Buses Articulated >18 t_Euro VI,,,-0.04,0.5,5,85,-0.003205358,0.309408346,-1.449579199,1.466964827,0.066483559,-0.176255433,-0.202768803,0,1,1,1 
BH_2,Buses_Hybrid_Urban Buses Articulated >18 t_Euro VI,,,-0.04,1,5,85,-0.004460651,0.456955389,-1.927248641,2.505091609,0.122027828,-0.575626144,1.142978977,0,1,1,1 
BH_2,Buses_Hybrid_Urban Buses Articulated >18 t_Euro VI,,,-0.02,0,5,85,0.00027364,-0.038808967,2.061130663,-2.358154517,-0.002379763,0.267104304,0.790645021,0,1,1,1 
BH_2,Buses_Hybrid_Urban Buses Articulated >18 t_Euro VI,,,-0.02,0.5,5,85,-0.001954807,0.321109154,-1.539793228,1.464285775,0.055868053,-0.17148105,-0.135550004,0,1,1,1 
BH_2,Buses_Hybrid_Urban Buses Articulated >18 t_Euro VI,,,-0.02,1,5,85,-0.002558956,0.335457358,-1.618569125,1.670321362,0.058667745,-0.209903022,1.19E-12,0,1,1,1 
BH_2,Buses_Hybrid_Urban Buses Articulated >18 t_Euro VI,,,0,0,5,85,0.000208498,-0.033369773,2.500173413,-2.873692399,-0.00310505,0.334203224,0.121369627,0,1,1,1 
BH_2,Buses_Hybrid_Urban Buses Articulated >18 t_Euro VI,,,0,0.5,5,85,0.000313631,-0.041218074,2.619783514,-3.207356543,-0.002637767,0.325939758,8.36E-15,0,1,1,1 
BH_2,Buses_Hybrid_Urban Buses Articulated >18 t_Euro VI,,,0,1,5,85,0.000837212,-0.070259886,4.18768267,-5.135730637,-0.000771617,0.458847816,-4.45E-13,0,1,1,1 
BH_2,Buses_Hybrid_Urban Buses Articulated >18 t_Euro VI,,,0.02,0,5,85,-0.001208083,0.439642523,-2.313218235,0.705256961,0.052439933,-0.259726173,-0.015039721,0,1,1,1 
BH_2,Buses_Hybrid_Urban Buses Articulated >18 t_Euro VI,,,0.02,0.5,5,85,-0.001829713,0.34887072,-1.595661251,1.718366935,0.038390126,-0.175243646,0.181289455,0,1,1,1 
BH_2,Buses_Hybrid_Urban Buses Articulated >18 t_Euro VI,,,0.02,1,5,80,0.000694548,0.076171344,2.701589536,-2.33614226,0.022332002,0.131892198,0.130457904,0,1,1,1 
BH_2,Buses_Hybrid_Urban Buses Articulated >18 t_Euro VI,,,0.04,0,5,85,-0.000268979,0.156760083,1.97182986,-2.43945648,0.025531975,0.100087226,2.75E-13,0,1,1,1 
BH_2,Buses_Hybrid_Urban Buses Articulated >18 t_Euro VI,,,0.04,0.5,5,70,0.001062306,0.029334894,2.706342745,-3.228311622,0.016805286,0.105026153,5.14E-15,0,1,1,1 
BH_2,Buses_Hybrid_Urban Buses Articulated >18 t_Euro VI,,,0.04,1,5,55,0.001898107,-0.011041493,2.370840316,-2.135584878,0.013213798,0.061640593,0.101993903,0,1,1,1 
BH_2,Buses_Hybrid_Urban Buses Articulated >18 t_Euro VI,,,0.06,0,5,65,0.000544367,0.102677401,2.341608677,-3.173027006,0.023240555,0.067395983,1.01E-14,0,1,1,1 
BH_2,Buses_Hybrid_Urban Buses Articulated >18 t_Euro VI,,,0.06,0.5,5,50,0.002492018,-0.037504672,3.2055291,-2.888943068,0.014452799,0.078238413,0.133215146,0,1,1,1 
BH_2,Buses_Hybrid_Urban Buses Articulated >18 t_Euro VI,,,0.06,1,5,40,-0.002084175,0.203179333,-1.272925516,2.403332883,0.014535629,-0.103437083,0.206684812,0,1,1,1 
