Code,Copert_V_name,Technology,Mode,Road.Slope,Load,Min.Speed,Max.Speed,Alpha,Beta,Gamma,Delta,Epsilon,Zita,Hta,RF,Q,PF,T
PCG_44,Passenger Cars_Petrol_Mini_Euro 4,,,,,5,130,3.86E-05,-0.008580222,0.577346262,1.31E-12,2.70E-17,-1.31E-13,5.430520471,0,1,1,1 
PCG_45,Passenger Cars_Petrol_Mini_Euro 5,,,,,5,130,-0.000314541,0.103056777,0.239056576,-0.339279149,0.034535828,1.986012746,1.26376326,0,1,1,1 
PCG_46,Passenger Cars_Petrol_Mini_Euro 6 up to 2016,,,,,5,130,-0.000618305,0.138921401,0.19343893,-0.485843325,0.034166813,2.293105948,0.407899382,0,1,1,1 
PCG_47,Passenger Cars_Petrol_Mini_Euro 6 2017-2019,,,,,5,130,-0.000807147,0.16736765,0.127245423,-0.513614769,0.036874851,2.402432766,1.40E-06,0,1,1,1 
PCG_48,Passenger Cars_Petrol_Mini_Euro 6 2020+,,,,,5,130,-0.000807147,0.16736765,0.127245423,-0.513614769,0.036874851,2.402432766,1.40E-06,0,1,1,1 
PCG_1,Passenger Cars_Petrol_Small_PRE ECE,,,,,10,130,-0.003393053,0.545312077,28.42893629,4.29E-10,-9.70E-15,1.77E-12,24.23609231,0,1,1,1 
PCG_2,Passenger Cars_Petrol_Small_ECE 15/00-01,,,,,10,130,-0.003393053,0.545312077,28.42893629,4.29E-10,-9.70E-15,1.77E-12,24.23609231,0,1,1,1 
PCG_3,Passenger Cars_Petrol_Small_ECE 15/02,,,,,10,130,0.011071168,-0.227574,90.9680935,-2.80E-11,-3.60E-16,5.55E-14,61.50648648,0,1,1,1 
PCG_4,Passenger Cars_Petrol_Small_ECE 15/03,,,,,10,130,0.010376238,-0.348641586,67.07200036,-3.38E-12,-7.26E-17,1.74E-14,41.50495072,0,1,1,1 
PCG_5,Passenger Cars_Petrol_Small_ECE 15/04,,,,,10,130,0.006734955,0.180524563,99.4273746,-9.77E-10,-3.72E-14,1.12E-11,69.43252416,0,1,1,1 
PCG_6,Passenger Cars_Petrol_Small_Improved Conventional,,,,,10,130,0.021162493,2.643803456,3.868384444,-58.09580217,0.005020418,1.274392181,23.22457787,0,1,1,1 
PCG_7,Passenger Cars_Petrol_Small_Open Loop,,,,,10,130,0.022412692,2.693855337,0.440038024,-63.7846821,0.00643573,1.633636475,29.77104834,0,1,1,1 
PCG_8,Passenger Cars_Petrol_Small_Euro 1,,,,,5,130,0.000544944,-0.058220501,3.055055809,-3.25E-12,-6.54E-16,7.62E-14,5.822050053,0,1,1,1 
PCG_9,Passenger Cars_Petrol_Small_Euro 2,,,,,5,130,0.000383087,-0.029202016,0.952859261,-3.49E-10,0.001488664,-0.078633738,3.360416167,0,1,1,1 
PCG_10,Passenger Cars_Petrol_Small_Euro 3,,,,,5,130,1.83E-05,-0.004181358,0.260842825,6.56E-12,0.000111409,-0.034236625,2.806280749,0,1,1,1 
PCG_11,Passenger Cars_Petrol_Small_Euro 4,,,,,5,130,3.86E-05,-0.008580222,0.577346262,1.31E-12,2.70E-17,-1.31E-13,5.430520471,0,1,1,1 
PCG_12,Passenger Cars_Petrol_Small_Euro 5,,,,,5,130,-0.000314541,0.103056777,0.239056576,-0.339279149,0.034535828,1.986012746,1.26376326,0,1,1,1 
PCG_13,Passenger Cars_Petrol_Small_Euro 6 up to 2016,,,,,5,130,-0.000618305,0.138921401,0.19343893,-0.485843325,0.034166813,2.293105948,0.407899382,0,1,1,1 
PCG_14,Passenger Cars_Petrol_Small_Euro 6 2017-2019,,,,,5,130,-0.000807147,0.16736765,0.127245423,-0.513614769,0.036874851,2.402432766,1.40E-06,0,1,1,1 
PCG_15,Passenger Cars_Petrol_Small_Euro 6 2020+,,,,,5,130,-0.000807147,0.16736765,0.127245423,-0.513614769,0.036874851,2.402432766,1.40E-06,0,1,1,1 
PCG_16,Passenger Cars_Petrol_Medium_PRE ECE,,,,,10,130,-0.002513361,1.36349846,85.45428135,2.03E-09,-4.91E-14,1.80E-11,62.8340304,0,1,1,1 
PCG_17,Passenger Cars_Petrol_Medium_ECE 15/00-01,,,,,10,130,-0.002513361,1.36349846,85.45428135,2.03E-09,-4.91E-14,1.80E-11,62.8340304,0,1,1,1 
PCG_18,Passenger Cars_Petrol_Medium_ECE 15/02,,,,,10,130,0.014972268,-0.284473094,124.4944093,-1.68E-09,-1.82E-14,5.71E-12,74.86134053,0,1,1,1 
PCG_19,Passenger Cars_Petrol_Medium_ECE 15/03,,,,,10,130,0.002069444,0.925849146,166.4154001,-0.375756712,0.000722439,-0.556160623,128.9551287,0,1,1,1 
PCG_20,Passenger Cars_Petrol_Medium_ECE 15/04,,,,,10,130,0.008735899,1.534685006,175.1901961,9.43E-13,-1.78E-16,6.87E-14,118.0526928,0,1,1,1 
PCG_21,Passenger Cars_Petrol_Medium_Improved Conventional,,,,,10,130,0.028581314,-0.161999349,160.4950693,5.80E-08,6.17E-13,-2.18E-10,115.7138207,0,1,1,1 
PCG_22,Passenger Cars_Petrol_Medium_Open Loop,,,,,10,130,0.018885034,2.277633081,0.638651906,-53.58020621,0.006466297,1.641400277,29.91261916,0,1,1,1 
PCG_23,Passenger Cars_Petrol_Medium_Euro 1,,,,,5,130,0.000544944,-0.058220501,3.055055809,-3.25E-12,-6.54E-16,7.62E-14,5.822050053,0,1,1,1 
PCG_24,Passenger Cars_Petrol_Medium_Euro 2,,,,,5,130,0.000383087,-0.029202016,0.952859261,-3.49E-10,0.001488664,-0.078633738,3.360416167,0,1,1,1 
PCG_25,Passenger Cars_Petrol_Medium_Euro 3,,,,,5,130,1.83E-05,-0.004181358,0.260842825,6.56E-12,0.000111409,-0.034236625,2.806280749,0,1,1,1 
PCG_26,Passenger Cars_Petrol_Medium_Euro 4,,,,,5,130,3.86E-05,-0.008580222,0.577346262,1.31E-12,2.70E-17,-1.31E-13,5.430520471,0,1,1,1 
PCG_27,Passenger Cars_Petrol_Medium_Euro 5,,,,,5,130,-0.000314541,0.103056777,0.239056576,-0.339279149,0.034535828,1.986012746,1.26376326,0,1,1,1 
PCG_28,Passenger Cars_Petrol_Medium_Euro 6 up to 2016,,,,,5,130,-0.000618305,0.138921401,0.19343893,-0.485843325,0.034166813,2.293105948,0.407899382,0,1,1,1 
PCG_29,Passenger Cars_Petrol_Medium_Euro 6 2017-2019,,,,,5,130,-0.000807147,0.16736765,0.127245423,-0.513614769,0.036874851,2.402432766,1.40E-06,0,1,1,1 
PCG_30,Passenger Cars_Petrol_Medium_Euro 6 2020+,,,,,5,130,-0.000807147,0.16736765,0.127245423,-0.513614769,0.036874851,2.402432766,1.40E-06,0,1,1,1 
PCG_31,Passenger Cars_Petrol_Large-SUV-Executive_PRE ECE,,,,,10,130,0.015353282,4.605984639,230.2992319,-3.28E-09,-3.95E-13,1.86E-10,153.5328213,0,1,1,1 
PCG_32,Passenger Cars_Petrol_Large-SUV-Executive_ECE 15/00-01,,,,,10,130,0.015353282,4.605984639,230.2992319,-3.28E-09,-3.95E-13,1.86E-10,153.5328213,0,1,1,1 
PCG_33,Passenger Cars_Petrol_Large-SUV-Executive_ECE 15/02,,,,,10,130,0.016384265,-0.29044834,139.2662552,-9.72E-10,-5.93E-15,1.81E-12,74.47393324,0,1,1,1 
PCG_34,Passenger Cars_Petrol_Large-SUV-Executive_ECE 15/03,,,,,10,130,0.01623684,-0.6185463,153.7529374,-6.40E-11,-9.31E-16,2.28E-13,55.2273482,0,1,1,1 
PCG_35,Passenger Cars_Petrol_Large-SUV-Executive_ECE 15/04,,,,,10,130,0.008024475,-0.422340814,73.21579681,-3.57E-09,-5.61E-14,1.35E-11,30.16720099,0,1,1,1 
PCG_36,Passenger Cars_Petrol_Large-SUV-Executive_Euro 1,,,,,5,130,0.000544944,-0.058220501,3.055055809,-3.25E-12,-6.54E-16,7.62E-14,5.822050053,0,1,1,1 
PCG_37,Passenger Cars_Petrol_Large-SUV-Executive_Euro 2,,,,,5,130,0.000383087,-0.029202016,0.952859261,-3.49E-10,0.001488664,-0.078633738,3.360416167,0,1,1,1 
PCG_38,Passenger Cars_Petrol_Large-SUV-Executive_Euro 3,,,,,5,130,1.83E-05,-0.004181358,0.260842825,6.56E-12,0.000111409,-0.034236625,2.806280749,0,1,1,1 
PCG_39,Passenger Cars_Petrol_Large-SUV-Executive_Euro 4,,,,,5,130,3.86E-05,-0.008580222,0.577346262,1.31E-12,2.70E-17,-1.31E-13,5.430520471,0,1,1,1 
PCG_40,Passenger Cars_Petrol_Large-SUV-Executive_Euro 5,,,,,5,130,-0.000314541,0.103056777,0.239056576,-0.339279149,0.034535828,1.986012746,1.26376326,0,1,1,1 
PCG_41,Passenger Cars_Petrol_Large-SUV-Executive_Euro 6 up to 2016,,,,,5,130,-0.000618305,0.138921401,0.19343893,-0.485843325,0.034166813,2.293105948,0.407899382,0,1,1,1 
PCG_42,Passenger Cars_Petrol_Large-SUV-Executive_Euro 6 2017-2019,,,,,5,130,-0.000807147,0.16736765,0.127245423,-0.513614769,0.036874851,2.402432766,1.40E-06,0,1,1,1 
PCG_43,Passenger Cars_Petrol_Large-SUV-Executive_Euro 6 2020+,,,,,5,130,-0.000807147,0.16736765,0.127245423,-0.513614769,0.036874851,2.402432766,1.40E-06,0,1,1,1 
PCD_28,Passenger Cars_Diesel_Mini_Euro 4,,,,,10,130,0.000562369,-0.076397361,4.198823205,6.25E-10,4.61E-15,-2.03E-12,3.789551629,0,1,1,1 
PCD_29,Passenger Cars_Diesel_Mini_Euro 5,,,,,10,130,6.67E-05,-0.011381467,0.945951727,1.923608149,-5.15E-05,0.004264272,1,0,1,1,1 
PCD_30,Passenger Cars_Diesel_Mini_Euro 6 up to 2016,,,,,10,130,6.67E-05,-0.011381467,0.945951727,1.923608149,-5.15E-05,0.004264272,1,0.17630645,1,1,1 
PCD_31,Passenger Cars_Diesel_Mini_Euro 6 2017-2019,,,,,10,130,6.67E-05,-0.011381467,0.945951727,1.923608149,-5.15E-05,0.004264272,1,0.370710835,1,1,1 
PCD_32,Passenger Cars_Diesel_Mini_Euro 6 2020+,,,,,10,130,6.67E-05,-0.011381467,0.945951727,1.923608149,-5.15E-05,0.004264272,1,0.694345263,1,1,1 
PCD_1,Passenger Cars_Diesel_Small_Conventional,,,,,10,130,0.000356076,-0.049357079,3.236414184,8.29E-11,4.58E-16,-3.82E-13,3.525505647,0,1,1,1 
PCD_2,Passenger Cars_Diesel_Small_Euro 1,,,,,10,120,0.000436129,-0.006386918,3.199254481,5.43E-12,-0.000519841,0.145919642,1.03348181,0,1,1,1 
PCD_3,Passenger Cars_Diesel_Small_Euro 2,,,,,10,120,0.000129115,-0.012481156,2.580260924,3.96E-11,-0.000537981,0.082526262,1.075961693,0,1,1,1 
PCD_4,Passenger Cars_Diesel_Small_Euro 3,,,,,10,120,-0.000769688,0.111214128,4.681975128,1.15E-09,-0.002377223,0.329466291,1.66239354,0,1,1,1 
PCD_5,Passenger Cars_Diesel_Small_Euro 4,,,,,10,130,0.000562369,-0.076397361,4.198823205,6.25E-10,4.61E-15,-2.03E-12,3.789551629,0,1,1,1 
PCD_6,Passenger Cars_Diesel_Small_Euro 5,,,,,10,130,6.67E-05,-0.011381467,0.945951727,1.923608149,-5.15E-05,0.004264272,1,0,1,1,1 
PCD_7,Passenger Cars_Diesel_Small_Euro 6 up to 2016,,,,,10,130,6.67E-05,-0.011381467,0.945951727,1.923608149,-5.15E-05,0.004264272,1,0.17630645,1,1,1 
PCD_8,Passenger Cars_Diesel_Small_Euro 6 2017-2019,,,,,10,130,6.67E-05,-0.011381467,0.945951727,1.923608149,-5.15E-05,0.004264272,1,0.370710835,1,1,1 
PCD_9,Passenger Cars_Diesel_Small_Euro 6 2020+,,,,,10,130,6.67E-05,-0.011381467,0.945951727,1.923608149,-5.15E-05,0.004264272,1,0.694345263,1,1,1 
PCD_10,Passenger Cars_Diesel_Medium_Conventional,,,,,10,130,0.000356076,-0.049357079,3.236414184,8.29E-11,4.58E-16,-3.82E-13,3.525505647,0,1,1,1 
PCD_11,Passenger Cars_Diesel_Medium_Euro 1,,,,,10,120,0.000436129,-0.006386918,3.199254481,5.43E-12,-0.000519841,0.145919642,1.03348181,0,1,1,1 
PCD_12,Passenger Cars_Diesel_Medium_Euro 2,,,,,10,120,0.000129115,-0.012481156,2.580260924,3.96E-11,-0.000537981,0.082526262,1.075961693,0,1,1,1 
PCD_13,Passenger Cars_Diesel_Medium_Euro 3,,,,,10,120,-0.000769688,0.111214128,4.681975128,1.15E-09,-0.002377223,0.329466291,1.66239354,0,1,1,1 
PCD_14,Passenger Cars_Diesel_Medium_Euro 4,,,,,10,130,0.000562369,-0.076397361,4.198823205,6.25E-10,4.61E-15,-2.03E-12,3.789551629,0,1,1,1 
PCD_15,Passenger Cars_Diesel_Medium_Euro 5,,,,,10,130,6.67E-05,-0.011381467,0.945951727,1.923608149,-5.15E-05,0.004264272,1,0,1,1,1 
PCD_16,Passenger Cars_Diesel_Medium_Euro 6 up to 2016,,,,,10,130,6.67E-05,-0.011381467,0.945951727,1.923608149,-5.15E-05,0.004264272,1,0.17630645,1,1,1 
PCD_17,Passenger Cars_Diesel_Medium_Euro 6 2017-2019,,,,,10,130,6.67E-05,-0.011381467,0.945951727,1.923608149,-5.15E-05,0.004264272,1,0.370710835,1,1,1 
PCD_18,Passenger Cars_Diesel_Medium_Euro 6 2020+,,,,,10,130,6.67E-05,-0.011381467,0.945951727,1.923608149,-5.15E-05,0.004264272,1,0.694345263,1,1,1 
PCD_19,Passenger Cars_Diesel_Large-SUV-Executive_Conventional,,,,,10,130,0.000313088,-0.042372779,3.133231606,6.98E-12,-3.53E-16,-9.03E-15,2.35404328,0,1,1,1 
PCD_20,Passenger Cars_Diesel_Large-SUV-Executive_Euro 1,,,,,10,120,0.000436129,-0.006386918,3.199254481,5.43E-12,-0.000519841,0.145919642,1.03348181,0,1,1,1 
PCD_21,Passenger Cars_Diesel_Large-SUV-Executive_Euro 2,,,,,10,120,0.000129115,-0.012481156,2.580260924,3.96E-11,-0.000537981,0.082526262,1.075961693,0,1,1,1 
PCD_22,Passenger Cars_Diesel_Large-SUV-Executive_Euro 3,,,,,10,120,-0.000769688,0.111214128,4.681975128,1.15E-09,-0.002377223,0.329466291,1.66239354,0,1,1,1 
PCD_23,Passenger Cars_Diesel_Large-SUV-Executive_Euro 4,,,,,10,130,0.000562369,-0.076397361,4.198823205,6.25E-10,4.61E-15,-2.03E-12,3.789551629,0,1,1,1 
PCD_24,Passenger Cars_Diesel_Large-SUV-Executive_Euro 5,,,,,10,130,6.67E-05,-0.011381467,0.945951727,1.923608149,-5.15E-05,0.004264272,1,0,1,1,1 
PCD_25,Passenger Cars_Diesel_Large-SUV-Executive_Euro 6 up to 2016,,,,,10,130,6.67E-05,-0.011381467,0.945951727,1.923608149,-5.15E-05,0.004264272,1,0.17630645,1,1,1 
PCD_26,Passenger Cars_Diesel_Large-SUV-Executive_Euro 6 2017-2019,,,,,10,130,6.67E-05,-0.011381467,0.945951727,1.923608149,-5.15E-05,0.004264272,1,0.370710835,1,1,1 
PCD_27,Passenger Cars_Diesel_Large-SUV-Executive_Euro 6 2020+,,,,,10,130,6.67E-05,-0.011381467,0.945951727,1.923608149,-5.15E-05,0.004264272,1,0.694345263,1,1,1 
PCH_1,Passenger Cars_Petrol Hybrid_Mini_Euro 4,,,,,20,130,-6.24E-05,0.010848278,-0.16587581,-3.98E-11,1.00E-14,-2.05E-12,16.58758101,0,1,1,1 
PCH_2,Passenger Cars_Petrol Hybrid_Mini_Euro 5,,,,,20,130,-6.24E-05,0.010848278,-0.16587581,-3.98E-11,1.00E-14,-2.05E-12,16.58758101,0,1,1,1 
PCH_3,Passenger Cars_Petrol Hybrid_Mini_Euro 6 up to 2016,,,,,20,130,-6.24E-05,0.010848278,-0.16587581,-3.98E-11,1.00E-14,-2.05E-12,16.58758101,0,1,1,1 
PCH_4,Passenger Cars_Petrol Hybrid_Mini_Euro 6 2017-2019,,,,,20,130,-6.24E-05,0.010848278,-0.16587581,-3.98E-11,1.00E-14,-2.05E-12,16.58758101,0,1,1,1 
PCH_5,Passenger Cars_Petrol Hybrid_Mini_Euro 6 2020+,,,,,20,130,-6.24E-05,0.010848278,-0.16587581,-3.98E-11,1.00E-14,-2.05E-12,16.58758101,0,1,1,1 
PCH_6,Passenger Cars_Petrol Hybrid_Small_Euro 4,,,,,20,130,-6.24E-05,0.010848278,-0.16587581,-3.98E-11,1.00E-14,-2.05E-12,16.58758101,0,1,1,1 
PCH_7,Passenger Cars_Petrol Hybrid_Small_Euro 5,,,,,20,130,-6.24E-05,0.010848278,-0.16587581,-3.98E-11,1.00E-14,-2.05E-12,16.58758101,0,1,1,1 
PCH_8,Passenger Cars_Petrol Hybrid_Small_Euro 6 up to 2016,,,,,20,130,-6.24E-05,0.010848278,-0.16587581,-3.98E-11,1.00E-14,-2.05E-12,16.58758101,0,1,1,1 
PCH_9,Passenger Cars_Petrol Hybrid_Small_Euro 6 2017-2019,,,,,20,130,-6.24E-05,0.010848278,-0.16587581,-3.98E-11,1.00E-14,-2.05E-12,16.58758101,0,1,1,1 
PCH_10,Passenger Cars_Petrol Hybrid_Small_Euro 6 2020+,,,,,20,130,-6.24E-05,0.010848278,-0.16587581,-3.98E-11,1.00E-14,-2.05E-12,16.58758101,0,1,1,1 
PCH_11,Passenger Cars_Petrol Hybrid_Medium_Euro 4,,,,,20,130,-6.24E-05,0.010848278,-0.16587581,-3.98E-11,1.00E-14,-2.05E-12,16.58758101,0,1,1,1 
PCH_12,Passenger Cars_Petrol Hybrid_Medium_Euro 5,,,,,20,130,-6.24E-05,0.010848278,-0.16587581,-3.98E-11,1.00E-14,-2.05E-12,16.58758101,0,1,1,1 
PCH_13,Passenger Cars_Petrol Hybrid_Medium_Euro 6 up to 2016,,,,,20,130,-6.24E-05,0.010848278,-0.16587581,-3.98E-11,1.00E-14,-2.05E-12,16.58758101,0,1,1,1 
PCH_14,Passenger Cars_Petrol Hybrid_Medium_Euro 6 2017-2019,,,,,20,130,-6.24E-05,0.010848278,-0.16587581,-3.98E-11,1.00E-14,-2.05E-12,16.58758101,0,1,1,1 
PCH_15,Passenger Cars_Petrol Hybrid_Medium_Euro 6 2020+,,,,,20,130,-6.24E-05,0.010848278,-0.16587581,-3.98E-11,1.00E-14,-2.05E-12,16.58758101,0,1,1,1 
PCH_16,Passenger Cars_Petrol Hybrid_Large-SUV-Executive_Euro 4,,,,,20,130,-6.24E-05,0.010848278,-0.16587581,-3.98E-11,1.00E-14,-2.05E-12,16.58758101,0,1,1,1 
PCH_17,Passenger Cars_Petrol Hybrid_Large-SUV-Executive_Euro 5,,,,,20,130,-6.24E-05,0.010848278,-0.16587581,-3.98E-11,1.00E-14,-2.05E-12,16.58758101,0,1,1,1 
PCH_18,Passenger Cars_Petrol Hybrid_Large-SUV-Executive_Euro 6 up to 2016,,,,,20,130,-6.24E-05,0.010848278,-0.16587581,-3.98E-11,1.00E-14,-2.05E-12,16.58758101,0,1,1,1 
PCH_19,Passenger Cars_Petrol Hybrid_Large-SUV-Executive_Euro 6 2017-2019,,,,,20,130,-6.24E-05,0.010848278,-0.16587581,-3.98E-11,1.00E-14,-2.05E-12,16.58758101,0,1,1,1 
PCH_20,Passenger Cars_Petrol Hybrid_Large-SUV-Executive_Euro 6 2020+,,,,,20,130,-6.24E-05,0.010848278,-0.16587581,-3.98E-11,1.00E-14,-2.05E-12,16.58758101,0,1,1,1 
PCLPG_1,Passenger Cars_LPG Bifuel ~ LPG_Mini_Euro 4,,,,,5,130,3.86E-05,-0.008580222,0.577346262,1.31E-12,2.70E-17,-1.31E-13,5.430520471,0,1,1,1 
PCB_1,Passenger Cars_LPG Bifuel ~ Petrol_Mini_Euro 4,,,,,5,130,3.86E-05,-0.008580222,0.577346262,1.31E-12,2.70E-17,-1.31E-13,5.430520471,0,1,1,1 
PCLPG_2,Passenger Cars_LPG Bifuel ~ LPG_Mini_Euro 5,,,,,5,130,2.00E-05,-0.004460743,0.300154633,3.45E-10,3.19E-13,-4.13E-11,3.764340371,0,1,1,1 
PCB_2,Passenger Cars_LPG Bifuel ~ Petrol_Mini_Euro 5,,,,,5,130,-0.000314541,0.103056777,0.239056576,-0.339279149,0.034535828,1.986012746,1.26376326,0,1,1,1 
PCLPG_3,Passenger Cars_LPG Bifuel ~ LPG_Mini_Euro 6,,,,,5,130,2.00E-05,-0.004460743,0.300154633,3.45E-10,3.19E-13,-4.13E-11,3.764340371,0,1,1,1 
PCB_3,Passenger Cars_LPG Bifuel ~ Petrol_Mini_Euro 6,,,,,5,130,-0.000618305,0.138921401,0.19343893,-0.485843325,0.034166813,2.293105948,0.407899382,0,1,1,1 
PCLPG_4,Passenger Cars_LPG Bifuel ~ LPG_Small_Conventional,,,,,10,130,0.030583115,5.264288074,61.00992129,-56.02622685,0.005056895,2.078926924,53.57946506,0,1,1,1 
PCB_4,Passenger Cars_LPG Bifuel ~ Petrol_Small_Conventional,,,,,10,130,0.022412692,2.693855337,0.440038024,-63.7846821,0.00643573,1.633636475,29.77104834,0,1,1,1 
PCLPG_5,Passenger Cars_LPG Bifuel ~ LPG_Small_Euro 1,,,,,10,130,6.92E-05,-0.010891473,0.912463369,7.44E-10,2.07E-14,-9.12E-12,1.72880517,0,1,1,1 
PCB_5,Passenger Cars_LPG Bifuel ~ Petrol_Small_Euro 1,,,,,5,130,0.000544944,-0.058220501,3.055055809,-3.25E-12,-6.54E-16,7.62E-14,5.822050053,0,1,1,1 
PCLPG_6,Passenger Cars_LPG Bifuel ~ LPG_Small_Euro 2,,,,,10,130,3.12E-05,-0.004918529,0.412063456,-8.39E-12,-5.76E-15,3.65E-13,2.168663718,0,1,1,1 
PCB_6,Passenger Cars_LPG Bifuel ~ Petrol_Small_Euro 2,,,,,5,130,0.000383087,-0.029202016,0.952859261,-3.49E-10,0.001488664,-0.078633738,3.360416167,0,1,1,1 
PCLPG_7,Passenger Cars_LPG Bifuel ~ LPG_Small_Euro 3,,,,,5,130,1.83E-05,-0.004181358,0.260842825,6.56E-12,0.000111409,-0.034236625,2.806280749,0,1,1,1 
PCB_7,Passenger Cars_LPG Bifuel ~ Petrol_Small_Euro 3,,,,,5,130,1.83E-05,-0.004181358,0.260842825,6.56E-12,0.000111409,-0.034236625,2.806280749,0,1,1,1 
PCLPG_8,Passenger Cars_LPG Bifuel ~ LPG_Small_Euro 4,,,,,5,130,3.86E-05,-0.008580222,0.577346262,1.31E-12,2.70E-17,-1.31E-13,5.430520471,0,1,1,1 
PCB_8,Passenger Cars_LPG Bifuel ~ Petrol_Small_Euro 4,,,,,5,130,3.86E-05,-0.008580222,0.577346262,1.31E-12,2.70E-17,-1.31E-13,5.430520471,0,1,1,1 
PCLPG_9,Passenger Cars_LPG Bifuel ~ LPG_Small_Euro 5,,,,,5,130,2.00E-05,-0.004460743,0.300154633,3.45E-10,3.19E-13,-4.13E-11,3.764340371,0,1,1,1 
PCB_9,Passenger Cars_LPG Bifuel ~ Petrol_Small_Euro 5,,,,,5,130,-0.000314541,0.103056777,0.239056576,-0.339279149,0.034535828,1.986012746,1.26376326,0,1,1,1 
PCLPG_10,Passenger Cars_LPG Bifuel ~ LPG_Small_Euro 6,,,,,5,130,2.00E-05,-0.004460743,0.300154633,3.45E-10,3.19E-13,-4.13E-11,3.764340371,0,1,1,1 
PCB_10,Passenger Cars_LPG Bifuel ~ Petrol_Small_Euro 6,,,,,5,130,-0.000618305,0.138921401,0.19343893,-0.485843325,0.034166813,2.293105948,0.407899382,0,1,1,1 
PCLPG_11,Passenger Cars_LPG Bifuel ~ LPG_Medium_Conventional,,,,,10,130,0.030583115,5.264288074,61.00992129,-56.02622685,0.005056895,2.078926924,53.57946506,0,1,1,1 
PCB_11,Passenger Cars_LPG Bifuel ~ Petrol_Medium_Conventional,,,,,10,130,0.018885034,2.277633081,0.638651906,-53.58020621,0.006466297,1.641400277,29.91261916,0,1,1,1 
PCLPG_12,Passenger Cars_LPG Bifuel ~ LPG_Medium_Euro 1,,,,,10,130,6.92E-05,-0.010891473,0.912463369,7.44E-10,2.07E-14,-9.12E-12,1.72880517,0,1,1,1 
PCB_12,Passenger Cars_LPG Bifuel ~ Petrol_Medium_Euro 1,,,,,5,130,0.000544944,-0.058220501,3.055055809,-3.25E-12,-6.54E-16,7.62E-14,5.822050053,0,1,1,1 
PCLPG_13,Passenger Cars_LPG Bifuel ~ LPG_Medium_Euro 2,,,,,10,130,3.12E-05,-0.004918529,0.412063456,-8.39E-12,-5.76E-15,3.65E-13,2.168663718,0,1,1,1 
PCB_13,Passenger Cars_LPG Bifuel ~ Petrol_Medium_Euro 2,,,,,5,130,0.000383087,-0.029202016,0.952859261,-3.49E-10,0.001488664,-0.078633738,3.360416167,0,1,1,1 
PCLPG_14,Passenger Cars_LPG Bifuel ~ LPG_Medium_Euro 3,,,,,5,130,1.83E-05,-0.004181358,0.260842825,6.56E-12,0.000111409,-0.034236625,2.806280749,0,1,1,1 
PCB_14,Passenger Cars_LPG Bifuel ~ Petrol_Medium_Euro 3,,,,,5,130,1.83E-05,-0.004181358,0.260842825,6.56E-12,0.000111409,-0.034236625,2.806280749,0,1,1,1 
PCLPG_15,Passenger Cars_LPG Bifuel ~ LPG_Medium_Euro 4,,,,,5,130,3.86E-05,-0.008580222,0.577346262,1.31E-12,2.70E-17,-1.31E-13,5.430520471,0,1,1,1 
PCB_15,Passenger Cars_LPG Bifuel ~ Petrol_Medium_Euro 4,,,,,5,130,3.86E-05,-0.008580222,0.577346262,1.31E-12,2.70E-17,-1.31E-13,5.430520471,0,1,1,1 
PCLPG_16,Passenger Cars_LPG Bifuel ~ LPG_Medium_Euro 5,,,,,5,130,2.00E-05,-0.004460743,0.300154633,3.45E-10,3.19E-13,-4.13E-11,3.764340371,0,1,1,1 
PCB_16,Passenger Cars_LPG Bifuel ~ Petrol_Medium_Euro 5,,,,,5,130,-0.000314541,0.103056777,0.239056576,-0.339279149,0.034535828,1.986012746,1.26376326,0,1,1,1 
PCLPG_17,Passenger Cars_LPG Bifuel ~ LPG_Medium_Euro 6,,,,,5,130,2.00E-05,-0.004460743,0.300154633,3.45E-10,3.19E-13,-4.13E-11,3.764340371,0,1,1,1 
PCB_17,Passenger Cars_LPG Bifuel ~ Petrol_Medium_Euro 6,,,,,5,130,-0.000618305,0.138921401,0.19343893,-0.485843325,0.034166813,2.293105948,0.407899382,0,1,1,1 
PCLPG_18,Passenger Cars_LPG Bifuel ~ LPG_Large-SUV-Executive_Conventional,,,,,10,130,0.030583115,5.264288074,61.00992129,-56.02622685,0.005056895,2.078926924,53.57946506,0,1,1,1 
PCB_18,Passenger Cars_LPG Bifuel ~ Petrol_Large-SUV-Executive_Conventional,,,,,10,130,0.008024475,-0.422340814,73.21579681,-3.57E-09,-5.61E-14,1.35E-11,30.16720099,0,1,1,1 
PCLPG_19,Passenger Cars_LPG Bifuel ~ LPG_Large-SUV-Executive_Euro 1,,,,,10,130,6.92E-05,-0.010891473,0.912463369,7.44E-10,2.07E-14,-9.12E-12,1.72880517,0,1,1,1 
PCB_19,Passenger Cars_LPG Bifuel ~ Petrol_Large-SUV-Executive_Euro 1,,,,,5,130,0.000544944,-0.058220501,3.055055809,-3.25E-12,-6.54E-16,7.62E-14,5.822050053,0,1,1,1 
PCLPG_20,Passenger Cars_LPG Bifuel ~ LPG_Large-SUV-Executive_Euro 2,,,,,10,130,3.12E-05,-0.004918529,0.412063456,-8.39E-12,-5.76E-15,3.65E-13,2.168663718,0,1,1,1 
PCB_20,Passenger Cars_LPG Bifuel ~ Petrol_Large-SUV-Executive_Euro 2,,,,,5,130,0.000383087,-0.029202016,0.952859261,-3.49E-10,0.001488664,-0.078633738,3.360416167,0,1,1,1 
PCLPG_21,Passenger Cars_LPG Bifuel ~ LPG_Large-SUV-Executive_Euro 3,,,,,5,130,1.83E-05,-0.004181358,0.260842825,6.56E-12,0.000111409,-0.034236625,2.806280749,0,1,1,1 
PCB_21,Passenger Cars_LPG Bifuel ~ Petrol_Large-SUV-Executive_Euro 3,,,,,5,130,1.83E-05,-0.004181358,0.260842825,6.56E-12,0.000111409,-0.034236625,2.806280749,0,1,1,1 
PCLPG_22,Passenger Cars_LPG Bifuel ~ LPG_Large-SUV-Executive_Euro 4,,,,,5,130,3.86E-05,-0.008580222,0.577346262,1.31E-12,2.70E-17,-1.31E-13,5.430520471,0,1,1,1 
PCB_22,Passenger Cars_LPG Bifuel ~ Petrol_Large-SUV-Executive_Euro 4,,,,,5,130,3.86E-05,-0.008580222,0.577346262,1.31E-12,2.70E-17,-1.31E-13,5.430520471,0,1,1,1 
PCLPG_23,Passenger Cars_LPG Bifuel ~ LPG_Large-SUV-Executive_Euro 5,,,,,5,130,2.00E-05,-0.004460743,0.300154633,3.45E-10,3.19E-13,-4.13E-11,3.764340371,0,1,1,1 
PCB_23,Passenger Cars_LPG Bifuel ~ Petrol_Large-SUV-Executive_Euro 5,,,,,5,130,-0.000314541,0.103056777,0.239056576,-0.339279149,0.034535828,1.986012746,1.26376326,0,1,1,1 
PCLPG_24,Passenger Cars_LPG Bifuel ~ LPG_Large-SUV-Executive_Euro 6,,,,,5,130,2.00E-05,-0.004460743,0.300154633,3.45E-10,3.19E-13,-4.13E-11,3.764340371,0,1,1,1 
PCB_24,Passenger Cars_LPG Bifuel ~ Petrol_Large-SUV-Executive_Euro 6,,,,,5,130,-0.000618305,0.138921401,0.19343893,-0.485843325,0.034166813,2.293105948,0.407899382,0,1,1,1 
PCCNG_1,Passenger Cars_CNG Bifuel ~ CNG_Mini_Euro 4,,,,,5,130,3.86E-05,-0.008580222,0.577346262,1.31E-12,2.70E-17,-1.31E-13,5.430520471,0,1,1,1 
PCB_25,Passenger Cars_CNG Bifuel ~ Petrol_Mini_Euro 4,,,,,5,130,3.86E-05,-0.008580222,0.577346262,1.31E-12,2.70E-17,-1.31E-13,5.430520471,0,1,1,1 
PCCNG_2,Passenger Cars_CNG Bifuel ~ CNG_Mini_Euro 5,,,,,5,130,2.00E-05,-0.004460743,0.300154633,3.45E-10,3.19E-13,-4.13E-11,3.764340371,0,1,1,1 
PCB_26,Passenger Cars_CNG Bifuel ~ Petrol_Mini_Euro 5,,,,,5,130,-0.000314541,0.103056777,0.239056576,-0.339279149,0.034535828,1.986012746,1.26376326,0,1,1,1 
PCCNG_3,Passenger Cars_CNG Bifuel ~ CNG_Mini_Euro 6,,,,,5,130,2.00E-05,-0.004460743,0.300154633,3.45E-10,3.19E-13,-4.13E-11,3.764340371,0,1,1,1 
PCB_27,Passenger Cars_CNG Bifuel ~ Petrol_Mini_Euro 6,,,,,5,130,-0.000618305,0.138921401,0.19343893,-0.485843325,0.034166813,2.293105948,0.407899382,0,1,1,1 
PCCNG_4,Passenger Cars_CNG Bifuel ~ CNG_Small_Euro 4,,,,,5,130,3.86E-05,-0.008580222,0.577346262,1.31E-12,2.70E-17,-1.31E-13,5.430520471,0,1,1,1 
PCB_28,Passenger Cars_CNG Bifuel ~ Petrol_Small_Euro 4,,,,,5,130,3.86E-05,-0.008580222,0.577346262,1.31E-12,2.70E-17,-1.31E-13,5.430520471,0,1,1,1 
PCCNG_5,Passenger Cars_CNG Bifuel ~ CNG_Small_Euro 5,,,,,5,130,2.00E-05,-0.004460743,0.300154633,3.45E-10,3.19E-13,-4.13E-11,3.764340371,0,1,1,1 
PCB_29,Passenger Cars_CNG Bifuel ~ Petrol_Small_Euro 5,,,,,5,130,-0.000314541,0.103056777,0.239056576,-0.339279149,0.034535828,1.986012746,1.26376326,0,1,1,1 
PCCNG_6,Passenger Cars_CNG Bifuel ~ CNG_Small_Euro 6,,,,,5,130,2.00E-05,-0.004460743,0.300154633,3.45E-10,3.19E-13,-4.13E-11,3.764340371,0,1,1,1 
PCB_30,Passenger Cars_CNG Bifuel ~ Petrol_Small_Euro 6,,,,,5,130,-0.000618305,0.138921401,0.19343893,-0.485843325,0.034166813,2.293105948,0.407899382,0,1,1,1 
PCCNG_7,Passenger Cars_CNG Bifuel ~ CNG_Medium_Euro 4,,,,,5,130,3.86E-05,-0.008580222,0.577346262,1.31E-12,2.70E-17,-1.31E-13,5.430520471,0,1,1,1 
PCB_31,Passenger Cars_CNG Bifuel ~ Petrol_Medium_Euro 4,,,,,5,130,3.86E-05,-0.008580222,0.577346262,1.31E-12,2.70E-17,-1.31E-13,5.430520471,0,1,1,1 
PCCNG_8,Passenger Cars_CNG Bifuel ~ CNG_Medium_Euro 5,,,,,5,130,2.00E-05,-0.004460743,0.300154633,3.45E-10,3.19E-13,-4.13E-11,3.764340371,0,1,1,1 
PCB_32,Passenger Cars_CNG Bifuel ~ Petrol_Medium_Euro 5,,,,,5,130,-0.000314541,0.103056777,0.239056576,-0.339279149,0.034535828,1.986012746,1.26376326,0,1,1,1 
PCCNG_9,Passenger Cars_CNG Bifuel ~ CNG_Medium_Euro 6,,,,,5,130,2.00E-05,-0.004460743,0.300154633,3.45E-10,3.19E-13,-4.13E-11,3.764340371,0,1,1,1 
PCB_33,Passenger Cars_CNG Bifuel ~ Petrol_Medium_Euro 6,,,,,5,130,-0.000618305,0.138921401,0.19343893,-0.485843325,0.034166813,2.293105948,0.407899382,0,1,1,1 
PCCNG_10,Passenger Cars_CNG Bifuel ~ CNG_Large-SUV-Executive_Euro 4,,,,,5,130,3.86E-05,-0.008580222,0.577346262,1.31E-12,2.70E-17,-1.31E-13,5.430520471,0,1,1,1 
PCB_34,Passenger Cars_CNG Bifuel ~ Petrol_Large-SUV-Executive_Euro 4,,,,,5,130,3.86E-05,-0.008580222,0.577346262,1.31E-12,2.70E-17,-1.31E-13,5.430520471,0,1,1,1 
PCCNG_11,Passenger Cars_CNG Bifuel ~ CNG_Large-SUV-Executive_Euro 5,,,,,5,130,2.00E-05,-0.004460743,0.300154633,3.45E-10,3.19E-13,-4.13E-11,3.764340371,0,1,1,1 
PCB_35,Passenger Cars_CNG Bifuel ~ Petrol_Large-SUV-Executive_Euro 5,,,,,5,130,-0.000314541,0.103056777,0.239056576,-0.339279149,0.034535828,1.986012746,1.26376326,0,1,1,1 
PCCNG_12,Passenger Cars_CNG Bifuel ~ CNG_Large-SUV-Executive_Euro 6,,,,,5,130,2.00E-05,-0.004460743,0.300154633,3.45E-10,3.19E-13,-4.13E-11,3.764340371,0,1,1,1 
PCB_36,Passenger Cars_CNG Bifuel ~ Petrol_Large-SUV-Executive_Euro 6,,,,,5,130,-0.000618305,0.138921401,0.19343893,-0.485843325,0.034166813,2.293105948,0.407899382,0,1,1,1 
LDVG_1,Light Commercial Vehicles_Petrol_N1-I_Conventional,,,,,10,110,0.324131782,35.42046096,2.720004862,1.59E-06,-4.72E-11,18.10792077,1.391520489,0,1,1,1 
LDVG_2,Light Commercial Vehicles_Petrol_N1-I_Euro 1,,,,,10,120,0.000271082,-0.032314414,2.391266624,-1.39E-09,-1.09E-13,1.55E-11,3.590490426,0,1,1,1 
LDVG_3,Light Commercial Vehicles_Petrol_N1-I_Euro 2,,,,,10,120,7.77E-05,-0.009265278,0.685630594,-2.89E-14,-5.84E-17,3.19E-15,3.027868726,0,1,1,1 
LDVG_4,Light Commercial Vehicles_Petrol_N1-I_Euro 3,,,,,10,120,0.000109328,-0.01303251,0.964405746,-1.22E-10,-2.44E-13,1.46E-11,6.895507977,0,1,1,1 
LDVG_5,Light Commercial Vehicles_Petrol_N1-I_Euro 4,,,,,10,120,3.97E-05,-0.004737067,0.350542982,-3.37E-12,-4.21E-15,4.45E-13,5.263408132,0,1,1,1 
LDVG_6,Light Commercial Vehicles_Petrol_N1-I_Euro 5,,,,,5,120,0.000158705,0.054618642,-0.128094578,-0.122251104,0.044450918,1.318843564,-4.085327116,0,1,1,1 
LDVG_7,Light Commercial Vehicles_Petrol_N1-I_Euro 6 up to 2016,,,,,5,120,0.000158705,0.054618642,-0.128094578,-0.122251104,0.044450918,1.318843564,-4.085327116,0,1,1,1 
LDVG_8,Light Commercial Vehicles_Petrol_N1-I_Euro 6 2017-2019,,,,,5,120,0.000158705,0.054618642,-0.128094578,-0.122251104,0.044450918,1.318843564,-4.085327116,0,1,1,1 
LDVG_9,Light Commercial Vehicles_Petrol_N1-I_Euro 6 2020+,,,,,5,120,0.000158705,0.054618642,-0.128094578,-0.122251104,0.044450918,1.318843564,-4.085327116,0,1,1,1 
LDVG_10,Light Commercial Vehicles_Petrol_N1-II_Conventional,,,,,10,110,0.324131782,35.42046096,2.720004862,1.59E-06,-4.72E-11,18.10792077,1.391520489,0,1,1,1 
LDVG_11,Light Commercial Vehicles_Petrol_N1-II_Euro 1,,,,,10,120,0.000271082,-0.032314414,2.391266624,-1.39E-09,-1.09E-13,1.55E-11,3.590490426,0,1,1,1 
LDVG_12,Light Commercial Vehicles_Petrol_N1-II_Euro 2,,,,,10,120,7.77E-05,-0.009265278,0.685630594,-2.89E-14,-5.84E-17,3.19E-15,3.027868726,0,1,1,1 
LDVG_13,Light Commercial Vehicles_Petrol_N1-II_Euro 3,,,,,10,120,0.000109328,-0.01303251,0.964405746,-1.22E-10,-2.44E-13,1.46E-11,6.895507977,0,1,1,1 
LDVG_14,Light Commercial Vehicles_Petrol_N1-II_Euro 4,,,,,10,120,3.97E-05,-0.004737067,0.350542982,-3.37E-12,-4.21E-15,4.45E-13,5.263408132,0,1,1,1 
LDVG_15,Light Commercial Vehicles_Petrol_N1-II_Euro 5,,,,,5,120,0.000158705,0.054618642,-0.128094578,-0.122251104,0.044450918,1.318843564,-4.085327116,0,1,1,1 
LDVG_16,Light Commercial Vehicles_Petrol_N1-II_Euro 6 up to 2017,,,,,5,120,0.000158705,0.054618642,-0.128094578,-0.122251104,0.044450918,1.318843564,-4.085327116,0,1,1,1 
LDVG_17,Light Commercial Vehicles_Petrol_N1-II_Euro 6 2018-2020,,,,,5,120,0.000158705,0.054618642,-0.128094578,-0.122251104,0.044450918,1.318843564,-4.085327116,0,1,1,1 
LDVG_18,Light Commercial Vehicles_Petrol_N1-II_Euro 6 2021+,,,,,5,120,0.000158705,0.054618642,-0.128094578,-0.122251104,0.044450918,1.318843564,-4.085327116,0,1,1,1 
LDVG_19,Light Commercial Vehicles_Petrol_N1-III_Conventional,,,,,10,110,0.324131782,35.42046096,2.720004862,1.59E-06,-4.72E-11,18.10792077,1.391520489,0,1,1,1 
LDVG_20,Light Commercial Vehicles_Petrol_N1-III_Euro 1,,,,,10,120,0.000271082,-0.032314414,2.391266624,-1.39E-09,-1.09E-13,1.55E-11,3.590490426,0,1,1,1 
LDVG_21,Light Commercial Vehicles_Petrol_N1-III_Euro 2,,,,,10,120,7.77E-05,-0.009265278,0.685630594,-2.89E-14,-5.84E-17,3.19E-15,3.027868726,0,1,1,1 
LDVG_22,Light Commercial Vehicles_Petrol_N1-III_Euro 3,,,,,10,120,0.000109328,-0.01303251,0.964405746,-1.22E-10,-2.44E-13,1.46E-11,6.895507977,0,1,1,1 
LDVG_23,Light Commercial Vehicles_Petrol_N1-III_Euro 4,,,,,10,120,3.97E-05,-0.004737067,0.350542982,-3.37E-12,-4.21E-15,4.45E-13,5.263408132,0,1,1,1 
LDVG_24,Light Commercial Vehicles_Petrol_N1-III_Euro 5,,,,,5,120,0.000158705,0.054618642,-0.128094578,-0.122251104,0.044450918,1.318843564,-4.085327116,0,1,1,1 
LDVG_25,Light Commercial Vehicles_Petrol_N1-III_Euro 6 up to 2017,,,,,5,120,0.000158705,0.054618642,-0.128094578,-0.122251104,0.044450918,1.318843564,-4.085327116,0,1,1,1 
LDVG_26,Light Commercial Vehicles_Petrol_N1-III_Euro 6 2018-2020,,,,,5,120,0.000158705,0.054618642,-0.128094578,-0.122251104,0.044450918,1.318843564,-4.085327116,0,1,1,1 
LDVG_27,Light Commercial Vehicles_Petrol_N1-III_Euro 6 2021+,,,,,5,120,0.000158705,0.054618642,-0.128094578,-0.122251104,0.044450918,1.318843564,-4.085327116,0,1,1,1 
LDVD_1,Light Commercial Vehicles_Diesel_N1-I_Conventional,,,,,10,110,0.000934103,-0.136108947,5.864933375,2.52E-13,-3.54E-18,-7.12E-17,1.144734624,0,1,1,1 
LDVD_2,Light Commercial Vehicles_Diesel_N1-I_Euro 1,,,,,10,110,0.000275488,-0.036362065,2.314437977,2.26E-13,4.17E-18,-7.56E-16,1.143101683,0,1,1,1 
LDVD_3,Light Commercial Vehicles_Diesel_N1-I_Euro 2,,,,,10,110,0.000275488,-0.036362065,2.314437977,2.26E-13,4.17E-18,-7.56E-16,1.143101683,0,1,1,1 
LDVD_4,Light Commercial Vehicles_Diesel_N1-I_Euro 3,,,,,10,110,0.000266541,-0.035181222,2.239277567,4.00E-13,-4.16E-17,-5.33E-16,1.316642775,0,1,1,1 
LDVD_5,Light Commercial Vehicles_Diesel_N1-I_Euro 4,,,,,10,110,0.000222583,-0.02937915,1.869976869,5.43E-13,-7.97E-17,-6.21E-16,1.35820911,0,1,1,1 
LDVD_6,Light Commercial Vehicles_Diesel_N1-I_Euro 5,,,,,5,140,6.67E-05,-0.011381467,0.945951727,1.923608149,-5.15E-05,0.004264272,1,0,1,1,1 
LDVD_7,Light Commercial Vehicles_Diesel_N1-I_Euro 6 up to 2016,,,,,5,140,6.67E-05,-0.011381467,0.945951727,1.923608149,-5.15E-05,0.004264272,1,0.17630645,1,1,1 
LDVD_8,Light Commercial Vehicles_Diesel_N1-I_Euro 6 2017-2019,,,,,5,140,6.67E-05,-0.011381467,0.945951727,1.923608149,-5.15E-05,0.004264272,1,0.370710835,1,1,1 
LDVD_9,Light Commercial Vehicles_Diesel_N1-I_Euro 6 2020+,,,,,5,140,6.67E-05,-0.011381467,0.945951727,1.923608149,-5.15E-05,0.004264272,1,0.694345263,1,1,1 
LDVD_10,Light Commercial Vehicles_Diesel_N1-II_Conventional,,,,,10,110,0.000934103,-0.136108947,5.864933375,2.52E-13,-3.54E-18,-7.12E-17,1.144734624,0,1,1,1 
LDVD_11,Light Commercial Vehicles_Diesel_N1-II_Euro 1,,,,,10,110,0.000275488,-0.036362065,2.314437977,2.26E-13,4.17E-18,-7.56E-16,1.143101683,0,1,1,1 
LDVD_12,Light Commercial Vehicles_Diesel_N1-II_Euro 2,,,,,10,110,0.000275488,-0.036362065,2.314437977,2.26E-13,4.17E-18,-7.56E-16,1.143101683,0,1,1,1 
LDVD_13,Light Commercial Vehicles_Diesel_N1-II_Euro 3,,,,,10,110,0.000266541,-0.035181222,2.239277567,4.00E-13,-4.16E-17,-5.33E-16,1.316642775,0,1,1,1 
LDVD_14,Light Commercial Vehicles_Diesel_N1-II_Euro 4,,,,,10,110,0.000222583,-0.02937915,1.869976869,5.43E-13,-7.97E-17,-6.21E-16,1.35820911,0,1,1,1 
LDVD_15,Light Commercial Vehicles_Diesel_N1-II_Euro 5,,,,,5,140,1.54E-05,-0.003070531,0.183141472,1.22680252,5.72E-05,-0.014461691,1,-4.067862943,1,1,1 
LDVD_16,Light Commercial Vehicles_Diesel_N1-II_Euro 6 up to 2017,,,,,5,140,1.54E-05,-0.003070531,0.183141472,1.22680252,5.72E-05,-0.014461691,1,-3.094369647,1,1,1 
LDVD_17,Light Commercial Vehicles_Diesel_N1-II_Euro 6 2018-2020,,,,,5,140,8.16E-06,-0.001627381,0.097064977,0.650205352,5.72E-05,-0.01446169,1,-3.019373036,1,1,1 
LDVD_18,Light Commercial Vehicles_Diesel_N1-II_Euro 6 2021+,,,,,5,140,8.16E-06,-0.001627381,0.097064977,0.650205352,5.72E-05,-0.01446169,1,-1.009686518,1,1,1 
LDVD_19,Light Commercial Vehicles_Diesel_N1-III_Conventional,,,,,10,110,0.000934103,-0.136108947,5.864933375,2.52E-13,-3.54E-18,-7.12E-17,1.144734624,0,1,1,1 
LDVD_20,Light Commercial Vehicles_Diesel_N1-III_Euro 1,,,,,10,110,0.000275488,-0.036362065,2.314437977,2.26E-13,4.17E-18,-7.56E-16,1.143101683,0,1,1,1 
LDVD_21,Light Commercial Vehicles_Diesel_N1-III_Euro 2,,,,,10,110,0.000275488,-0.036362065,2.314437977,2.26E-13,4.17E-18,-7.56E-16,1.143101683,0,1,1,1 
LDVD_22,Light Commercial Vehicles_Diesel_N1-III_Euro 3,,,,,10,110,0.000266541,-0.035181222,2.239277567,4.00E-13,-4.16E-17,-5.33E-16,1.316642775,0,1,1,1 
LDVD_23,Light Commercial Vehicles_Diesel_N1-III_Euro 4,,,,,10,110,0.000222583,-0.02937915,1.869976869,5.43E-13,-7.97E-17,-6.21E-16,1.35820911,0,1,1,1 
LDVD_24,Light Commercial Vehicles_Diesel_N1-III_Euro 5,,,,,5,140,1.54E-05,-0.003070531,0.183141472,1.22680252,5.72E-05,-0.014461691,1,-4.067862943,1,1,1 
LDVD_25,Light Commercial Vehicles_Diesel_N1-III_Euro 6 up to 2017,,,,,5,140,1.54E-05,-0.003070531,0.183141472,1.22680252,5.72E-05,-0.014461691,1,-3.094369647,1,1,1 
LDVD_26,Light Commercial Vehicles_Diesel_N1-III_Euro 6 2018-2020,,,,,5,140,8.16E-06,-0.001627381,0.097064977,0.650205352,5.72E-05,-0.01446169,1,-3.019373036,1,1,1 
LDVD_27,Light Commercial Vehicles_Diesel_N1-III_Euro 6 2021+,,,,,5,140,8.16E-06,-0.001627381,0.097064977,0.650205352,5.72E-05,-0.01446169,1,-1.009686518,1,1,1 
HDVG_1,Heavy Duty Trucks_Petrol_>3.5 t_Conventional,,,-0.06,0,12,86,-8.20E-06,0.002953692,1.178410047,-4.40254445,0.000781927,0.010033888,0.051265858,0,1,1,1 
HDVG_1,Heavy Duty Trucks_Petrol_>3.5 t_Conventional,,,-0.06,0.5,12,86,1.96E-06,-0.001110624,1.232593058,-4.962760795,0.000857703,0.006834125,0.077626963,0,1,1,1 
HDVG_1,Heavy Duty Trucks_Petrol_>3.5 t_Conventional,,,-0.06,1,12,86,-0.000306197,0.019825136,3.204135867,-1.881675254,0.002749369,0.018302457,0.549867008,0,1,1,1 
HDVG_1,Heavy Duty Trucks_Petrol_>3.5 t_Conventional,,,-0.04,0,12,86,0.00046264,-0.043452574,1.340234511,2.445564217,8.26E-05,-0.002235769,0.309668837,0,1,1,1 
HDVG_1,Heavy Duty Trucks_Petrol_>3.5 t_Conventional,,,-0.04,0.5,12,86,0.000918541,-0.039683614,3.626165419,0.173091612,0.001548042,0.001774531,0.646175979,0,1,1,1 
HDVG_1,Heavy Duty Trucks_Petrol_>3.5 t_Conventional,,,-0.04,1,12,86,-1.80E-05,0.007772409,1.288657137,-5.271713784,0.00054563,0.009726458,0.059935597,0,1,1,1 
HDVG_1,Heavy Duty Trucks_Petrol_>3.5 t_Conventional,,,-0.02,0,12,86,0.000679827,0.032248811,3.918402964,-10.28510663,-0.000413874,0.083824732,-0.239036703,0,1,1,1 
HDVG_1,Heavy Duty Trucks_Petrol_>3.5 t_Conventional,,,-0.02,0.5,12,86,0.004738066,-0.36781735,12.30385864,28.72135048,0.000830744,-0.031196768,2.47002827,0,1,1,1 
HDVG_1,Heavy Duty Trucks_Petrol_>3.5 t_Conventional,,,-0.02,1,12,86,0.00231907,-0.178240651,5.969888601,17.09661354,0.000511322,-0.018979412,1.242990124,0,1,1,1 
HDVG_1,Heavy Duty Trucks_Petrol_>3.5 t_Conventional,,,0,0,12,86,0.000359348,0.034720039,2.837311102,19.72617848,-0.000123512,0.026684105,0.471597758,0,1,1,1 
HDVG_1,Heavy Duty Trucks_Petrol_>3.5 t_Conventional,,,0,0.5,12,86,0.000339388,0.04444833,3.212970002,17.27312903,-0.000124231,0.029183287,0.42652218,0,1,1,1 
HDVG_1,Heavy Duty Trucks_Petrol_>3.5 t_Conventional,,,0,1,12,86,0.000361242,0.059743895,4.035946156,18.68174787,-0.00013824,0.034475375,0.466379522,0,1,1,1 
HDVG_1,Heavy Duty Trucks_Petrol_>3.5 t_Conventional,,,0.02,0,12,86,0.000976033,0.149863515,8.86531009,33.05184133,-0.00025926,0.063478108,0.999620188,0,1,1,1 
HDVG_1,Heavy Duty Trucks_Petrol_>3.5 t_Conventional,,,0.02,0.5,12,84,0.000609653,0.126501079,6.617821428,19.96471204,-0.000162238,0.042451422,0.638919636,0,1,1,1 
HDVG_1,Heavy Duty Trucks_Petrol_>3.5 t_Conventional,,,0.02,1,12,82,0.000571896,0.157165976,7.514480922,19.26905565,-0.000157809,0.043636688,0.645676034,0,1,1,1 
HDVG_1,Heavy Duty Trucks_Petrol_>3.5 t_Conventional,,,0.04,0,12,83,0.001023748,0.248481996,11.68775766,29.10413381,-0.000247159,0.06738601,1.053164036,0,1,1,1 
HDVG_1,Heavy Duty Trucks_Petrol_>3.5 t_Conventional,,,0.04,0.5,12,76,0.000392259,0.171520068,6.904578815,13.03224423,-0.000120043,0.035308258,0.527468635,0,1,1,1 
HDVG_1,Heavy Duty Trucks_Petrol_>3.5 t_Conventional,,,0.04,1,12,68,8.07E-05,0.216235843,7.603002615,10.75180352,-0.000112405,0.034955795,0.514162812,0,1,1,1 
HDVG_1,Heavy Duty Trucks_Petrol_>3.5 t_Conventional,,,0.06,0,12,74,0.006653804,0.477924306,-0.134258587,-52.92731279,0.000428841,0.085928347,-0.900516227,0,1,1,1 
HDVG_1,Heavy Duty Trucks_Petrol_>3.5 t_Conventional,,,0.06,0.5,12,60,0.002723113,0.447516308,1.273324891,9.287196463,0.000305873,0.043929189,0.030940801,0,1,1,1 
HDVG_1,Heavy Duty Trucks_Petrol_>3.5 t_Conventional,,,0.06,1,12,51,0.01177076,1.202600434,3.289174819,9.378803575,0.000946997,0.105689904,-0.034193654,0,1,1,1 
HDVD_1,Heavy Duty Trucks_Diesel_Rigid <=7.5 t_Conventional,,,-0.06,0,12,86,-7.91E-06,0.002847515,1.136043991,-4.244263642,0.000784441,0.010066158,0.051430594,0,1,1,1 
HDVD_1,Heavy Duty Trucks_Diesel_Rigid <=7.5 t_Conventional,,,-0.06,0.5,12,86,1.89E-06,-0.001070754,1.188357545,-4.784654631,0.000860517,0.006856561,0.077881581,0,1,1,1 
HDVD_1,Heavy Duty Trucks_Diesel_Rigid <=7.5 t_Conventional,,,-0.06,1,12,86,-0.000294435,0.018903905,3.115865531,-1.913212849,0.002768855,0.018654459,0.552689708,0,1,1,1 
HDVD_1,Heavy Duty Trucks_Diesel_Rigid <=7.5 t_Conventional,,,-0.04,0,12,86,0.000484661,-0.045520937,1.404030042,2.561983108,9.01E-05,-0.002437359,0.337589326,0,1,1,1 
HDVD_1,Heavy Duty Trucks_Diesel_Rigid <=7.5 t_Conventional,,,-0.04,0.5,12,86,0.000889994,-0.039629139,3.539314301,0.261366002,0.001534399,0.002328109,0.654298572,0,1,1,1 
HDVD_1,Heavy Duty Trucks_Diesel_Rigid <=7.5 t_Conventional,,,-0.04,1,12,86,-1.72E-05,0.007415861,1.229540775,-5.029876621,0.00054175,0.009657293,0.059509443,0,1,1,1 
HDVD_1,Heavy Duty Trucks_Diesel_Rigid <=7.5 t_Conventional,,,-0.02,0,12,86,0.000681727,0.032338426,3.929335185,-10.3148401,-0.00043189,0.087473808,-0.249462552,0,1,1,1 
HDVD_1,Heavy Duty Trucks_Diesel_Rigid <=7.5 t_Conventional,,,-0.02,0.5,12,86,0.004116927,-0.319598212,10.69086214,24.95651463,0.000751166,-0.028208701,2.233421651,0,1,1,1 
HDVD_1,Heavy Duty Trucks_Diesel_Rigid <=7.5 t_Conventional,,,-0.02,1,12,86,0.001342597,-0.103190239,3.45618016,9.89815569,0.000308051,-0.01143456,0.748854581,0,1,1,1 
HDVD_1,Heavy Duty Trucks_Diesel_Rigid <=7.5 t_Conventional,,,0,0,12,86,0.00034564,0.033395604,2.729080964,18.9737398,-0.000123627,0.026708963,0.472037839,0,1,1,1 
HDVD_1,Heavy Duty Trucks_Diesel_Rigid <=7.5 t_Conventional,,,0,0.5,12,86,0.000426959,0.055917498,4.042008219,21.72995958,-0.000162636,0.038205101,0.558374135,0,1,1,1 
HDVD_1,Heavy Duty Trucks_Diesel_Rigid <=7.5 t_Conventional,,,0,1,12,86,0.000347567,0.057482189,3.88315811,17.97451346,-0.00013841,0.03451787,0.466954222,0,1,1,1 
HDVD_1,Heavy Duty Trucks_Diesel_Rigid <=7.5 t_Conventional,,,0.02,0,12,86,0.000592787,0.091018511,5.384284466,20.07381763,-0.000163857,0.040119273,0.631777962,0,1,1,1 
HDVD_1,Heavy Duty Trucks_Diesel_Rigid <=7.5 t_Conventional,,,0.02,0.5,12,84,0.000604299,0.125389673,6.559683534,19.7893361,-0.000167346,0.043787992,0.659036555,0,1,1,1 
HDVD_1,Heavy Duty Trucks_Diesel_Rigid <=7.5 t_Conventional,,,0.02,1,12,82,0.000548371,0.150701073,7.205377866,18.47643204,-0.000157465,0.043541636,0.644269611,0,1,1,1 
HDVD_1,Heavy Duty Trucks_Diesel_Rigid <=7.5 t_Conventional,,,0.04,0,12,83,0.000978736,0.237557188,11.1738796,27.82447015,-0.000245893,0.067040636,1.047764679,0,1,1,1 
HDVD_1,Heavy Duty Trucks_Diesel_Rigid <=7.5 t_Conventional,,,0.04,0.5,12,76,0.000368172,0.16098792,6.480602805,12.23199454,-0.000117249,0.034486558,0.515193016,0,1,1,1 
HDVD_1,Heavy Duty Trucks_Diesel_Rigid <=7.5 t_Conventional,,,0.04,1,12,68,7.77E-05,0.20818114,7.319788534,10.35128734,-0.000112615,0.035020961,0.515120857,0,1,1,1 
HDVD_1,Heavy Duty Trucks_Diesel_Rigid <=7.5 t_Conventional,,,0.06,0,12,74,0.005301476,0.372175935,-0.324954802,-43.7615788,0.00035895,0.070025988,-0.774802553,0,1,1,1 
HDVD_1,Heavy Duty Trucks_Diesel_Rigid <=7.5 t_Conventional,,,0.06,0.5,12,60,0.002625241,0.431426158,1.227507533,8.953251171,0.00030686,0.044070235,0.031037652,0,1,1,1 
HDVD_1,Heavy Duty Trucks_Diesel_Rigid <=7.5 t_Conventional,,,0.06,1,12,51,0.011218196,1.146127086,3.134677104,8.938093969,0.00093921,0.104819033,-0.033916862,0,1,1,1 
HDVD_2,Heavy Duty Trucks_Diesel_Rigid <=7.5 t_Euro I,,,-0.06,0,12,86,-6.04E-06,0.0021195,1.062293564,-3.83284351,0.000981192,0.011624774,0.055450661,0,1,1,1 
HDVD_2,Heavy Duty Trucks_Diesel_Rigid <=7.5 t_Euro I,,,-0.06,0.5,12,86,2.24E-06,-0.001075538,1.08098452,-4.171513757,0.00104017,0.008028958,0.084021079,0,1,1,1 
HDVD_2,Heavy Duty Trucks_Diesel_Rigid <=7.5 t_Euro I,,,-0.06,1,12,86,-0.00022012,0.014904079,2.679223398,-1.826854368,0.003230926,0.018192714,0.566754246,0,1,1,1 
HDVD_2,Heavy Duty Trucks_Diesel_Rigid <=7.5 t_Euro I,,,-0.04,0,12,86,0.000454489,-0.016651823,0.399632208,4.414427293,0.000586237,-0.013894373,0.308664652,0,1,1,1 
HDVD_2,Heavy Duty Trucks_Diesel_Rigid <=7.5 t_Euro I,,,-0.04,0.5,12,86,0.000526684,-0.023818338,2.708514483,-0.82354575,0.001400077,0.01664126,0.482981926,0,1,1,1 
HDVD_2,Heavy Duty Trucks_Diesel_Rigid <=7.5 t_Euro I,,,-0.04,1,12,86,-0.000196849,0.025916939,2.430261076,-1.810353618,0.001545117,0.031823714,0.329959609,0,1,1,1 
HDVD_2,Heavy Duty Trucks_Diesel_Rigid <=7.5 t_Euro I,,,-0.02,0,12,86,0.000497243,0.019365157,2.922064511,5.550268221,-0.00045264,0.088527185,0.030362513,0,1,1,1 
HDVD_2,Heavy Duty Trucks_Diesel_Rigid <=7.5 t_Euro I,,,-0.02,0.5,12,86,0.000119487,0.009187428,1.122388955,3.733826988,-0.000138416,0.031447266,0.067135214,0,1,1,1 
HDVD_2,Heavy Duty Trucks_Diesel_Rigid <=7.5 t_Euro I,,,-0.02,1,12,86,0.002603084,-0.081769923,2.49005036,13.91594791,0.001747079,-0.035062542,0.989606145,0,1,1,1 
HDVD_2,Heavy Duty Trucks_Diesel_Rigid <=7.5 t_Euro I,,,0,0,12,86,0.000129177,0.007634286,0.92232189,15.48390293,-5.02E-05,0.008623209,0.429909097,0,1,1,1 
HDVD_2,Heavy Duty Trucks_Diesel_Rigid <=7.5 t_Euro I,,,0,0.5,12,86,0.000518667,0.042993798,3.916109131,34.7972149,-0.000232189,0.047851165,1.008826341,0,1,1,1 
HDVD_2,Heavy Duty Trucks_Diesel_Rigid <=7.5 t_Euro I,,,0,1,12,86,0.000286166,0.034968124,2.653120028,15.73182748,-0.000141247,0.032611373,0.486419297,0,1,1,1 
HDVD_2,Heavy Duty Trucks_Diesel_Rigid <=7.5 t_Euro I,,,0.02,0,12,86,0.000452765,0.056217346,3.557587224,14.82618223,-0.000157322,0.036384469,0.618648101,0,1,1,1 
HDVD_2,Heavy Duty Trucks_Diesel_Rigid <=7.5 t_Euro I,,,0.02,0.5,12,85,0.004451045,0.289424585,4.499405147,-20.14548161,0.000318297,0.126955122,-0.433319905,0,1,1,1 
HDVD_2,Heavy Duty Trucks_Diesel_Rigid <=7.5 t_Euro I,,,0.02,1,12,83,0.000320205,0.109178716,5.028893096,11.80543581,-0.000141342,0.041263531,0.618609572,0,1,1,1 
HDVD_2,Heavy Duty Trucks_Diesel_Rigid <=7.5 t_Euro I,,,0.04,0,12,83,0.000197742,0.037382061,1.00280365,13.13289744,1.47E-05,0.007662317,0.29830408,0,1,1,1 
HDVD_2,Heavy Duty Trucks_Diesel_Rigid <=7.5 t_Euro I,,,0.04,0.5,12,77,0.000644473,0.094903182,1.894862873,18.05452902,5.90E-05,0.017948465,0.381962887,0,1,1,1 
HDVD_2,Heavy Duty Trucks_Diesel_Rigid <=7.5 t_Euro I,,,0.04,1,12,69,0.019471358,-0.561958024,5.482186131,13.17668989,0.00278632,-0.082021964,0.887269855,0,1,1,1 
HDVD_2,Heavy Duty Trucks_Diesel_Rigid <=7.5 t_Euro I,,,0.06,0,12,75,0.000961409,0.120811609,1.857176972,17.14316867,8.93E-05,0.022562476,0.342327752,0,1,1,1 
HDVD_2,Heavy Duty Trucks_Diesel_Rigid <=7.5 t_Euro I,,,0.06,0.5,12,62,0.001190475,0.133064857,1.684693067,12.96417249,0.000107518,0.020670802,0.224730747,0,1,1,1 
HDVD_2,Heavy Duty Trucks_Diesel_Rigid <=7.5 t_Euro I,,,0.06,1,12,51,0.022391656,-0.484866672,1.119287117,22.14934856,0.003007765,-0.080930706,0.572874858,0,1,1,1 
HDVD_3,Heavy Duty Trucks_Diesel_Rigid <=7.5 t_Euro II,,,-0.06,0,12,86,-1.52E-05,0.005743111,2.082155754,-7.388193751,0.001728598,0.02227338,0.087254133,0,1,1,1 
HDVD_3,Heavy Duty Trucks_Diesel_Rigid <=7.5 t_Euro II,,,-0.06,0.5,12,86,5.80E-07,-0.000542857,1.15442736,-4.442108847,0.000991156,0.00840909,0.077811507,0,1,1,1 
HDVD_3,Heavy Duty Trucks_Diesel_Rigid <=7.5 t_Euro II,,,-0.06,1,12,86,3.42E-06,-0.001526395,1.231747091,-4.816879456,0.001084491,0.008025292,0.091613929,0,1,1,1 
HDVD_3,Heavy Duty Trucks_Diesel_Rigid <=7.5 t_Euro II,,,-0.04,0,12,86,0.000417008,-0.015341021,0.442919914,4.253913817,0.000485165,-0.009807479,0.263580449,0,1,1,1 
HDVD_3,Heavy Duty Trucks_Diesel_Rigid <=7.5 t_Euro II,,,-0.04,0.5,12,86,-2.61E-05,0.022901472,1.693613313,-4.766670087,0.000989589,0.02879928,0.020004347,0,1,1,1 
HDVD_3,Heavy Duty Trucks_Diesel_Rigid <=7.5 t_Euro II,,,-0.04,1,12,86,-0.000207215,0.025081833,2.184110405,-1.66274978,0.00119235,0.028886617,0.239342056,0,1,1,1 
HDVD_3,Heavy Duty Trucks_Diesel_Rigid <=7.5 t_Euro II,,,-0.02,0,12,86,0.000340645,0.016899874,2.265132485,4.332429992,-0.000295677,0.060377163,0.037613911,0,1,1,1 
HDVD_3,Heavy Duty Trucks_Diesel_Rigid <=7.5 t_Euro II,,,-0.02,0.5,12,86,0.000192629,0.016953593,2.037238077,7.043478363,-0.000212959,0.050334534,0.122244533,0,1,1,1 
HDVD_3,Heavy Duty Trucks_Diesel_Rigid <=7.5 t_Euro II,,,-0.02,1,12,86,3.03E-17,1.53E-15,13.44876763,-1.57E-11,-0.001823634,0.252070818,0.450573209,0,1,1,1 
HDVD_3,Heavy Duty Trucks_Diesel_Rigid <=7.5 t_Euro II,,,0,0,12,86,0.000385326,0.030668551,2.959533368,30.93634189,-0.000171017,0.034631266,0.818438241,0,1,1,1 
HDVD_3,Heavy Duty Trucks_Diesel_Rigid <=7.5 t_Euro II,,,0,0.5,12,86,0.000269337,0.030196834,2.443474564,16.67071306,-0.000130914,0.029569238,0.461918426,0,1,1,1 
HDVD_3,Heavy Duty Trucks_Diesel_Rigid <=7.5 t_Euro II,,,0,1,12,86,0.000206539,0.032597753,2.371754671,12.42383842,-0.00011075,0.027394381,0.359519791,0,1,1,1 
HDVD_3,Heavy Duty Trucks_Diesel_Rigid <=7.5 t_Euro II,,,0.02,0,12,86,0.00045236,0.072899642,4.409144134,17.09541571,-0.000173135,0.042873172,0.643992444,0,1,1,1 
HDVD_3,Heavy Duty Trucks_Diesel_Rigid <=7.5 t_Euro II,,,0.02,0.5,12,86,0.000128846,0.050605927,2.073774028,28.99387665,1.10E-05,0.01060521,0.630276632,0,1,1,1 
HDVD_3,Heavy Duty Trucks_Diesel_Rigid <=7.5 t_Euro II,,,0.02,1,12,84,0.000524726,0.080517502,1.533089282,12.84665655,8.12E-05,0.018450814,0.256943544,0,1,1,1 
HDVD_3,Heavy Duty Trucks_Diesel_Rigid <=7.5 t_Euro II,,,0.04,0,12,84,0.010173757,-0.237494766,3.639240212,20.79461649,0.001937798,-0.046708817,0.832430528,0,1,1,1 
HDVD_3,Heavy Duty Trucks_Diesel_Rigid <=7.5 t_Euro II,,,0.04,0.5,12,80,0.001632358,0.250135879,0.384435042,9.241619238,0.000312277,0.040731072,-0.008828183,0,1,1,1 
HDVD_3,Heavy Duty Trucks_Diesel_Rigid <=7.5 t_Euro II,,,0.04,1,12,73,0.062629506,-0.984396336,14.92100704,18.24973826,0.009051342,-0.137436742,1.803141927,0,1,1,1 
HDVD_3,Heavy Duty Trucks_Diesel_Rigid <=7.5 t_Euro II,,,0.06,0,12,79,0.002470616,0.555173162,1.198833042,23.52241567,0.000426145,0.089404302,0.056466742,0,1,1,1 
HDVD_3,Heavy Duty Trucks_Diesel_Rigid <=7.5 t_Euro II,,,0.06,0.5,12,68,0.015827516,-0.381056075,6.132234214,18.62051672,0.002075329,-0.049275571,0.833958119,0,1,1,1 
HDVD_3,Heavy Duty Trucks_Diesel_Rigid <=7.5 t_Euro II,,,0.06,1,12,51,0.001372868,-0.126002608,2.441778915,26.68394674,0.00019991,-0.019739505,0.500878222,0,1,1,1 
HDVD_4,Heavy Duty Trucks_Diesel_Rigid <=7.5 t_Euro III,,,-0.06,0,12,86,0.000269392,0.004255885,2.224503735,0.864807406,0.003812584,-0.013263712,0.555455084,0,1,1,1 
HDVD_4,Heavy Duty Trucks_Diesel_Rigid <=7.5 t_Euro III,,,-0.06,0.5,12,86,0.000238059,-0.002998569,1.949093451,1.281153051,0.003617587,-0.025590951,0.642603266,0,1,1,1 
HDVD_4,Heavy Duty Trucks_Diesel_Rigid <=7.5 t_Euro III,,,-0.06,1,12,86,0.000227322,-0.004885011,1.768331386,1.612014417,0.003489931,-0.029909678,0.658615935,0,1,1,1 
HDVD_4,Heavy Duty Trucks_Diesel_Rigid <=7.5 t_Euro III,,,-0.04,0,12,86,0.000223787,-0.007462745,0.190651796,3.943081479,0.000330213,-0.006027527,0.174631977,0,1,1,1 
HDVD_4,Heavy Duty Trucks_Diesel_Rigid <=7.5 t_Euro III,,,-0.04,0.5,12,86,0.000180762,-0.010658826,0.813413753,3.192773253,0.000372534,0.007692646,0.17676583,0,1,1,1 
HDVD_4,Heavy Duty Trucks_Diesel_Rigid <=7.5 t_Euro III,,,-0.04,1,12,86,0.000187628,0.02227666,3.143523748,-2.217858401,0.00318671,0.017297685,0.418432863,0,1,1,1 
HDVD_4,Heavy Duty Trucks_Diesel_Rigid <=7.5 t_Euro III,,,-0.02,0,12,86,9.62E-05,0.00467444,0.782635207,5.811801177,-0.000118788,0.024911697,0.067133456,0,1,1,1 
HDVD_4,Heavy Duty Trucks_Diesel_Rigid <=7.5 t_Euro III,,,-0.02,0.5,12,86,0.000368961,-0.008767883,0.218788808,4.034375228,0.00028181,-0.004980617,0.14964935,0,1,1,1 
HDVD_4,Heavy Duty Trucks_Diesel_Rigid <=7.5 t_Euro III,,,-0.02,1,12,86,0.000396451,-0.010390372,0.40166489,4.299147981,0.00031572,-0.003703278,0.174841878,0,1,1,1 
HDVD_4,Heavy Duty Trucks_Diesel_Rigid <=7.5 t_Euro III,,,0,0,12,86,0.000498357,0.030321909,3.404037276,-6.455130563,-0.00036859,0.07842188,-0.169228927,0,1,1,1 
HDVD_4,Heavy Duty Trucks_Diesel_Rigid <=7.5 t_Euro III,,,0,0.5,12,86,0.000115346,0.009205608,0.872353056,-6.817067266,-8.89E-05,0.020205572,-0.141545943,0,1,1,1 
HDVD_4,Heavy Duty Trucks_Diesel_Rigid <=7.5 t_Euro III,,,0,1,12,86,1.91E-05,0.002109761,0.270458146,9.510333823,-9.63E-06,0.00162975,0.191022813,0,1,1,1 
HDVD_4,Heavy Duty Trucks_Diesel_Rigid <=7.5 t_Euro III,,,0.02,0,12,86,0.000230203,0.020102898,1.985772659,23.62188142,-0.000105699,0.021932953,0.525983571,0,1,1,1 
HDVD_4,Heavy Duty Trucks_Diesel_Rigid <=7.5 t_Euro III,,,0.02,0.5,12,86,0.000470734,0.039411316,0.807658406,12.60846675,6.52E-05,0.017749819,0.169632821,0,1,1,1 
HDVD_4,Heavy Duty Trucks_Diesel_Rigid <=7.5 t_Euro III,,,0.02,1,12,86,9.82E-05,0.01789685,1.278067986,6.278949114,-4.97E-05,0.012742063,0.159725151,0,1,1,1 
HDVD_4,Heavy Duty Trucks_Diesel_Rigid <=7.5 t_Euro III,,,0.04,0,12,86,0.001089861,0.091724431,1.84813242,29.73383932,0.000125143,0.036763946,0.393679834,0,1,1,1 
HDVD_4,Heavy Duty Trucks_Diesel_Rigid <=7.5 t_Euro III,,,0.04,0.5,12,82,0.00036304,0.063403759,4.195654254,18.91892553,-0.000149453,0.036826627,0.468435112,0,1,1,1 
HDVD_4,Heavy Duty Trucks_Diesel_Rigid <=7.5 t_Euro III,,,0.04,1,12,75,0.068687906,-1.111534914,14.95805879,18.05973666,0.013166895,-0.204958951,2.12697481,0,1,1,1 
HDVD_4,Heavy Duty Trucks_Diesel_Rigid <=7.5 t_Euro III,,,0.06,0,12,80,0.00030881,0.051543851,3.35497575,15.01964708,-0.000120903,0.02905497,0.369707444,0,1,1,1 
HDVD_4,Heavy Duty Trucks_Diesel_Rigid <=7.5 t_Euro III,,,0.06,0.5,12,69,0.026059531,-0.564687253,5.483744564,10.87875525,0.004510769,-0.09682102,0.895245873,0,1,1,1 
HDVD_4,Heavy Duty Trucks_Diesel_Rigid <=7.5 t_Euro III,,,0.06,1,12,57,0.058849405,-1.540003412,12.71199125,23.94750203,0.008408756,-0.220968643,1.909038302,0,1,1,1 
HDVD_5,Heavy Duty Trucks_Diesel_Rigid <=7.5 t_Euro IV,,,-0.06,0,12,86,-0.000161288,0.008431158,2.203159361,-0.23878108,0.005905124,-0.002560734,1.153523632,0,1,1,1 
HDVD_5,Heavy Duty Trucks_Diesel_Rigid <=7.5 t_Euro IV,,,-0.06,0.5,12,86,-0.000253901,0.005056778,2.148104614,0.267586491,0.005816794,-0.020075212,1.423732424,0,1,1,1 
HDVD_5,Heavy Duty Trucks_Diesel_Rigid <=7.5 t_Euro IV,,,-0.06,1,12,86,-0.000276767,0.004211695,2.109032368,0.397696415,0.005827477,-0.024951765,1.473868853,0,1,1,1 
HDVD_5,Heavy Duty Trucks_Diesel_Rigid <=7.5 t_Euro IV,,,-0.04,0,12,86,0.000255834,-0.009282574,0.196663945,2.852855529,0.000649506,-0.016351665,0.340385176,0,1,1,1 
HDVD_5,Heavy Duty Trucks_Diesel_Rigid <=7.5 t_Euro IV,,,-0.04,0.5,12,86,0.000816234,-0.047340628,4.177438552,0.119667345,0.004281576,0.02196681,1.614799521,0,1,1,1 
HDVD_5,Heavy Duty Trucks_Diesel_Rigid <=7.5 t_Euro IV,,,-0.04,1,12,86,-0.000158386,0.018727675,2.640984385,-1.320732916,0.003659969,0.031576508,0.912020236,0,1,1,1 
HDVD_5,Heavy Duty Trucks_Diesel_Rigid <=7.5 t_Euro IV,,,-0.02,0,12,86,0.000274152,0.013003616,1.803074354,4.255345656,-0.000464741,0.094149173,0.079880305,0,1,1,1 
HDVD_5,Heavy Duty Trucks_Diesel_Rigid <=7.5 t_Euro IV,,,-0.02,0.5,12,86,8.49E-19,-1.87E-16,2.741143793,2.53E-13,-0.000903468,0.10862193,0.1236426,0,1,1,1 
HDVD_5,Heavy Duty Trucks_Diesel_Rigid <=7.5 t_Euro IV,,,-0.02,1,12,86,0.000820029,-0.025033268,0.64075332,5.279464213,0.000980905,-0.02156732,0.528654934,0,1,1,1 
HDVD_5,Heavy Duty Trucks_Diesel_Rigid <=7.5 t_Euro IV,,,0,0,12,86,0.000167527,0.013541256,1.336859681,15.27447545,-0.00014551,0.029486595,0.730328779,0,1,1,1 
HDVD_5,Heavy Duty Trucks_Diesel_Rigid <=7.5 t_Euro IV,,,0,0.5,12,86,0.000109644,0.011818424,0.993493585,7.413988586,-0.000100515,0.022473432,0.363423394,0,1,1,1 
HDVD_5,Heavy Duty Trucks_Diesel_Rigid <=7.5 t_Euro IV,,,0,1,12,86,0.007302262,-0.199072877,2.543611896,22.78454038,0.004011194,-0.112125059,1.773534331,0,1,1,1 
HDVD_5,Heavy Duty Trucks_Diesel_Rigid <=7.5 t_Euro IV,,,0.02,0,12,86,0.000418057,0.032984974,0.454333456,8.63931443,7.17E-05,0.021840427,0.228058941,0,1,1,1 
HDVD_5,Heavy Duty Trucks_Diesel_Rigid <=7.5 t_Euro IV,,,0.02,0.5,12,86,0.000456069,0.04468916,0.523212236,7.864781867,9.89E-05,0.022686839,0.196969356,0,1,1,1 
HDVD_5,Heavy Duty Trucks_Diesel_Rigid <=7.5 t_Euro IV,,,0.02,1,12,86,0.000808487,0.096312571,1.037965068,8.467299973,0.000253873,0.038425622,0.233727347,0,1,1,1 
HDVD_5,Heavy Duty Trucks_Diesel_Rigid <=7.5 t_Euro IV,,,0.04,0,12,86,0.000638247,0.060997263,0.441212449,8.408882413,0.000134811,0.026434098,0.159214457,0,1,1,1 
HDVD_5,Heavy Duty Trucks_Diesel_Rigid <=7.5 t_Euro IV,,,0.04,0.5,12,82,0.001002531,0.212997627,0.818764167,7.531288172,0.000352616,0.065299294,0.064585488,0,1,1,1 
HDVD_5,Heavy Duty Trucks_Diesel_Rigid <=7.5 t_Euro IV,,,0.04,1,12,76,-0.000225436,0.265453273,10.53787014,16.17972675,-0.000322297,0.105202883,1.624619231,0,1,1,1 
HDVD_5,Heavy Duty Trucks_Diesel_Rigid <=7.5 t_Euro IV,,,0.06,0,12,81,0.001455882,0.239638253,0.423694601,8.920669557,0.000479487,0.069754774,0.006995134,0,1,1,1 
HDVD_5,Heavy Duty Trucks_Diesel_Rigid <=7.5 t_Euro IV,,,0.06,0.5,12,71,-0.000135131,0.144643401,5.359677218,7.463346931,-0.000162391,0.051356282,0.782870064,0,1,1,1 
HDVD_5,Heavy Duty Trucks_Diesel_Rigid <=7.5 t_Euro IV,,,0.06,1,12,61,0.000432007,-0.044656709,1.016383787,12.15191646,0.000112878,-0.012490858,0.363696963,0,1,1,1 
HDVD_5,Heavy Duty Trucks_Diesel_Rigid <=7.5 t_Euro IV,,,-0.06,0,12,86,-0.000161288,0.008431158,2.203159361,-0.23878108,0.005905124,-0.002560734,1.153523632,0,1,1,1 
HDVD_5,Heavy Duty Trucks_Diesel_Rigid <=7.5 t_Euro IV,,,-0.06,0.5,12,86,-0.000253901,0.005056778,2.148104614,0.267586491,0.005816794,-0.020075212,1.423732424,0,1,1,1 
HDVD_5,Heavy Duty Trucks_Diesel_Rigid <=7.5 t_Euro IV,,,-0.06,1,12,86,-0.000276767,0.004211695,2.109032368,0.397696415,0.005827477,-0.024951765,1.473868853,0,1,1,1 
HDVD_5,Heavy Duty Trucks_Diesel_Rigid <=7.5 t_Euro IV,,,-0.04,0,12,86,0.000255834,-0.009282574,0.196663945,2.852855529,0.000649506,-0.016351665,0.340385176,0,1,1,1 
HDVD_5,Heavy Duty Trucks_Diesel_Rigid <=7.5 t_Euro IV,,,-0.04,1,12,86,-0.000158386,0.018727675,2.640984385,-1.320732916,0.003659969,0.031576508,0.912020236,0,1,1,1 
HDVD_5,Heavy Duty Trucks_Diesel_Rigid <=7.5 t_Euro IV,,,-0.02,0,12,86,0.000274152,0.013003616,1.803074354,4.255345656,-0.000464741,0.094149173,0.079880305,0,1,1,1 
HDVD_5,Heavy Duty Trucks_Diesel_Rigid <=7.5 t_Euro IV,,,-0.02,1,12,86,0.000820029,-0.025033268,0.64075332,5.279464213,0.000980905,-0.02156732,0.528654934,0,1,1,1 
HDVD_5,Heavy Duty Trucks_Diesel_Rigid <=7.5 t_Euro IV,,,0,0,12,86,0.000167527,0.013541256,1.336859681,15.27447545,-0.00014551,0.029486595,0.730328779,0,1,1,1 
HDVD_5,Heavy Duty Trucks_Diesel_Rigid <=7.5 t_Euro IV,,,0,1,12,86,0.007302262,-0.199072877,2.543611896,22.78454038,0.004011194,-0.112125059,1.773534331,0,1,1,1 
HDVD_5,Heavy Duty Trucks_Diesel_Rigid <=7.5 t_Euro IV,,,0.02,0,12,86,0.000418057,0.032984974,0.454333456,8.63931443,7.17E-05,0.021840427,0.228058941,0,1,1,1 
HDVD_5,Heavy Duty Trucks_Diesel_Rigid <=7.5 t_Euro IV,,,0.02,1,12,86,0.000808487,0.096312571,1.037965068,8.467299973,0.000253873,0.038425622,0.233727347,0,1,1,1 
HDVD_5,Heavy Duty Trucks_Diesel_Rigid <=7.5 t_Euro IV,,,0.04,0,12,86,0.000638247,0.060997263,0.441212449,8.408882413,0.000134811,0.026434098,0.159214457,0,1,1,1 
HDVD_5,Heavy Duty Trucks_Diesel_Rigid <=7.5 t_Euro IV,,,0.04,1,12,76,-0.000225436,0.265453273,10.53787014,16.17972675,-0.000322297,0.105202883,1.624619231,0,1,1,1 
HDVD_5,Heavy Duty Trucks_Diesel_Rigid <=7.5 t_Euro IV,,,0.06,0,12,81,0.001455882,0.239638253,0.423694601,8.920669557,0.000479487,0.069754774,0.006995134,0,1,1,1 
HDVD_5,Heavy Duty Trucks_Diesel_Rigid <=7.5 t_Euro IV,,,0.06,0.5,12,71,-0.000135131,0.144643401,5.359677218,7.463346931,-0.000162391,0.051356282,0.782870064,0,1,1,1 
HDVD_5,Heavy Duty Trucks_Diesel_Rigid <=7.5 t_Euro IV,,,0.06,1,12,61,0.000432007,-0.044656709,1.016383787,12.15191646,0.000112878,-0.012490858,0.363696963,0,1,1,1 
HDVD_6,Heavy Duty Trucks_Diesel_Rigid <=7.5 t_Euro V,SCR,,-0.06,0,5,80,-0.002382158,0.213733767,-1.47149479,2.833481212,0.006379137,-0.047538737,0.096689065,0,1,1,1 
HDVD_6,Heavy Duty Trucks_Diesel_Rigid <=7.5 t_Euro V,SCR,,-0.06,0.5,5,75,-0.003253242,0.269208421,-1.88769622,3.723754953,0.007959923,-0.061167648,0.128432274,0,1,1,1 
HDVD_6,Heavy Duty Trucks_Diesel_Rigid <=7.5 t_Euro V,SCR,,-0.06,1,5,85,-0.000403855,0.041980373,-0.603696697,2.852992145,0.001473397,-0.024260994,0.115200186,0,1,1,1 
HDVD_6,Heavy Duty Trucks_Diesel_Rigid <=7.5 t_Euro V,SCR,,-0.04,0,5,85,0.000124126,-0.013618517,0.545046529,2.915633579,-7.18E-05,0.009152841,0.128081095,0,1,1,1 
HDVD_6,Heavy Duty Trucks_Diesel_Rigid <=7.5 t_Euro V,SCR,,-0.04,0.5,5,85,-0.001905945,0.352899005,-2.26594542,4.501461071,0.009528304,-0.06455495,0.14040834,0,1,1,1 
HDVD_6,Heavy Duty Trucks_Diesel_Rigid <=7.5 t_Euro V,SCR,,-0.04,1,5,85,-0.002596716,0.35479117,-2.138867199,4.256622038,0.008781932,-0.056047986,0.127274229,0,1,1,1 
HDVD_6,Heavy Duty Trucks_Diesel_Rigid <=7.5 t_Euro V,SCR,,-0.02,0,5,85,-0.001083013,0.037754426,5.183966387,3.271161282,-0.001408559,0.131677931,0.224254549,0,1,1,1 
HDVD_6,Heavy Duty Trucks_Diesel_Rigid <=7.5 t_Euro V,SCR,,-0.02,0.5,5,85,0.003371168,0.276687806,-1.359159778,2.854281991,0.007118668,-0.033088373,0.080251729,0,1,1,1 
HDVD_6,Heavy Duty Trucks_Diesel_Rigid <=7.5 t_Euro V,SCR,,-0.02,1,5,85,0.003210371,0.298063605,-1.651570863,3.742123763,0.007442205,-0.041012166,0.108002354,0,1,1,1 
HDVD_6,Heavy Duty Trucks_Diesel_Rigid <=7.5 t_Euro V,SCR,,0,0,5,85,7.90E-05,-0.012817627,0.503515928,3.022708423,-1.53E-05,0.000195668,0.1307162,0,1,1,1 
HDVD_6,Heavy Duty Trucks_Diesel_Rigid <=7.5 t_Euro V,SCR,,0,0.5,5,85,0.000185615,-0.030451503,1.265784843,4.511482539,-6.16E-05,0.004058664,0.22106549,0,1,1,1 
HDVD_6,Heavy Duty Trucks_Diesel_Rigid <=7.5 t_Euro V,SCR,,0,1,5,85,0.000124785,-0.019672833,0.841840918,2.00767213,-3.93E-05,0.003861838,0.11149013,0,1,1,1 
HDVD_6,Heavy Duty Trucks_Diesel_Rigid <=7.5 t_Euro V,SCR,,0.02,0,5,85,0.00031224,-0.029821479,1.056009234,3.810005859,0.000139831,-0.000795054,0.185478859,0,1,1,1 
HDVD_6,Heavy Duty Trucks_Diesel_Rigid <=7.5 t_Euro V,SCR,,0.02,0.5,5,85,0.00035619,-0.02594082,0.876166466,2.3984542,0.000203255,-0.000447639,0.12362224,0,1,1,1 
HDVD_6,Heavy Duty Trucks_Diesel_Rigid <=7.5 t_Euro V,SCR,,0.02,1,5,85,0.00060395,-0.033134026,1.121423072,2.54385767,0.000392148,0.000358397,0.13072119,0,1,1,1 
HDVD_6,Heavy Duty Trucks_Diesel_Rigid <=7.5 t_Euro V,SCR,,0.04,0,5,85,0.000493134,-0.028242362,0.794625554,2.75438343,0.000295287,-0.002433889,0.124300815,0,1,1,1 
HDVD_6,Heavy Duty Trucks_Diesel_Rigid <=7.5 t_Euro V,SCR,,0.04,0.5,5,80,0.001064336,-0.03976655,1.30990033,2.186428598,0.000725112,0.001167586,0.117818491,0,1,1,1 
HDVD_6,Heavy Duty Trucks_Diesel_Rigid <=7.5 t_Euro V,SCR,,0.04,1,5,75,0.002424348,-0.072611298,2.280338788,0.566576557,0.001386246,0.009798806,0.095788886,0,1,1,1 
HDVD_6,Heavy Duty Trucks_Diesel_Rigid <=7.5 t_Euro V,SCR,,0.06,0,5,80,0.001248755,-0.044776616,1.42340377,2.18861481,0.000820247,0.001456055,0.120513489,0,1,1,1 
HDVD_6,Heavy Duty Trucks_Diesel_Rigid <=7.5 t_Euro V,SCR,,0.06,0.5,5,70,0.003162992,-0.100413276,2.666094396,-0.352816548,0.001402645,0.014601381,0.074377168,0,1,1,1 
HDVD_6,Heavy Duty Trucks_Diesel_Rigid <=7.5 t_Euro V,SCR,,0.06,1,5,60,0.012664338,-0.352931384,7.193756721,-4.616532509,0.00415224,0.046524629,0.071894233,0,1,1,1 
HDVD_6,Heavy Duty Trucks_Diesel_Rigid <=7.5 t_Euro V,EGR,,-0.06,0,5,85,-0.001467572,0.16639801,-1.072910554,2.069886449,0.007515874,-0.051674185,0.105894378,0,1,1,1 
HDVD_6,Heavy Duty Trucks_Diesel_Rigid <=7.5 t_Euro V,EGR,,-0.06,0.5,5,85,-0.001788386,0.186071417,-1.252871375,2.490866375,0.008397264,-0.061105975,0.129604239,0,1,1,1 
HDVD_6,Heavy Duty Trucks_Diesel_Rigid <=7.5 t_Euro V,EGR,,-0.06,1,5,85,-0.001979284,0.198402777,-1.367385062,2.742436541,0.008948886,-0.06724551,0.144317486,0,1,1,1 
HDVD_6,Heavy Duty Trucks_Diesel_Rigid <=7.5 t_Euro V,EGR,,-0.04,0,5,75,-0.000119906,0.3071532,-2.103625886,3.92675527,0.014359017,-0.100284005,0.192981469,0,1,1,1 
HDVD_6,Heavy Duty Trucks_Diesel_Rigid <=7.5 t_Euro V,EGR,,-0.04,0.5,5,85,-0.003566579,0.621790355,-2.379114861,1.161997686,0.024751907,-0.082789269,-1.67E-13,0,1,1,1 
HDVD_6,Heavy Duty Trucks_Diesel_Rigid <=7.5 t_Euro V,EGR,,-0.04,1,5,85,-0.003126492,0.433129523,-2.270560267,4.295360298,0.016542098,-0.09019707,0.195674511,0,1,1,1 
HDVD_6,Heavy Duty Trucks_Diesel_Rigid <=7.5 t_Euro V,EGR,,-0.02,0,5,85,0.000986437,0.001191409,0.394186566,4.569424758,0.001513647,-0.008598109,0.291550349,0,1,1,1 
HDVD_6,Heavy Duty Trucks_Diesel_Rigid <=7.5 t_Euro V,EGR,,-0.02,0.5,5,85,0.001173193,0.023173558,-0.093823391,3.834479393,0.002514257,-0.025800874,0.237170409,0,1,1,1 
HDVD_6,Heavy Duty Trucks_Diesel_Rigid <=7.5 t_Euro V,EGR,,-0.02,1,5,80,0.002115359,0.178560129,-1.19048363,2.457789106,0.008149175,-0.054230689,0.116805773,0,1,1,1 
HDVD_6,Heavy Duty Trucks_Diesel_Rigid <=7.5 t_Euro V,EGR,,0,0,5,85,0.002008096,-0.005261076,2.384326985,5.063412914,0.001388652,0.041125543,0.416407139,0,1,1,1 
HDVD_6,Heavy Duty Trucks_Diesel_Rigid <=7.5 t_Euro V,EGR,,0,0.5,5,85,0.002604802,-0.000361561,2.990381017,4.060985153,0.00176292,0.051990674,0.400817712,0,1,1,1 
HDVD_6,Heavy Duty Trucks_Diesel_Rigid <=7.5 t_Euro V,EGR,,0,1,5,85,0.003094183,0.004450412,2.685380246,3.630808082,0.002228947,0.037291132,0.367571031,0,1,1,1 
HDVD_6,Heavy Duty Trucks_Diesel_Rigid <=7.5 t_Euro V,EGR,,0.02,0,5,85,0.004139154,0.023415872,6.253152654,3.437003969,0.001455064,0.133675476,0.524583763,0,1,1,1 
HDVD_6,Heavy Duty Trucks_Diesel_Rigid <=7.5 t_Euro V,EGR,,0.02,0.5,5,85,0.004194644,0.085446623,6.892553429,-1.897432085,0.001127183,0.169694936,0.227414999,0,1,1,1 
HDVD_6,Heavy Duty Trucks_Diesel_Rigid <=7.5 t_Euro V,EGR,,0.02,1,5,85,0.005671197,0.012627988,4.195129797,5.879881932,0.002329344,0.057057243,0.464183469,0,1,1,1 
HDVD_6,Heavy Duty Trucks_Diesel_Rigid <=7.5 t_Euro V,EGR,,0.04,0,5,85,0.005620231,0.0263234,5.723583368,7.581884545,0.001750708,0.100941508,0.58054563,0,1,1,1 
HDVD_6,Heavy Duty Trucks_Diesel_Rigid <=7.5 t_Euro V,EGR,,0.04,0.5,5,80,0.017532878,0.158536455,1.473898644,4.794687937,0.009001532,-0.003365559,0.281478718,0,1,1,1 
HDVD_6,Heavy Duty Trucks_Diesel_Rigid <=7.5 t_Euro V,EGR,,0.04,1,5,75,0.04501073,0.675049645,-4.311090154,-0.919062795,0.024184709,-0.101443372,-0.096713192,0,1,1,1 
HDVD_6,Heavy Duty Trucks_Diesel_Rigid <=7.5 t_Euro V,EGR,,0.06,0,5,80,0.03624364,0.328864131,-3.155776734,4.254545622,0.019684701,-0.121103963,0.146795324,0,1,1,1 
HDVD_6,Heavy Duty Trucks_Diesel_Rigid <=7.5 t_Euro V,EGR,,0.06,0.5,5,70,-0.005821649,0.392451768,7.65431532,-2.72762003,-0.002585858,0.22033132,3.61E-12,0,1,1,1 
HDVD_6,Heavy Duty Trucks_Diesel_Rigid <=7.5 t_Euro V,EGR,,0.06,1,5,60,0.059847475,0.530143556,-3.499180626,3.963423815,0.022669219,-0.105067878,0.107543753,0,1,1,1 
HDVD_7,Heavy Duty Trucks_Diesel_Rigid <=7.5 t_Euro VI,,,-0.06,0,5,85,-0.01535454,1.532083085,0.378865959,0.023172135,0.053719537,0.393854889,0.052475863,0,1,1,1 
HDVD_7,Heavy Duty Trucks_Diesel_Rigid <=7.5 t_Euro VI,,,-0.06,0.5,5,85,-0.006119666,0.530679686,0.374776898,1.736920072,0.019534663,0.159612974,-1.65E-13,0,1,1,1 
HDVD_7,Heavy Duty Trucks_Diesel_Rigid <=7.5 t_Euro VI,,,-0.06,1,5,80,-0.006219667,0.517610242,0.282166759,1.725839729,0.0204797,0.150145632,-5.87E-13,0,1,1,1 
HDVD_7,Heavy Duty Trucks_Diesel_Rigid <=7.5 t_Euro VI,,,-0.04,0,5,85,5.97E-05,-0.005668496,0.11752705,4.280844995,9.25E-05,-0.009163313,0.381067459,0,1,1,1 
HDVD_7,Heavy Duty Trucks_Diesel_Rigid <=7.5 t_Euro VI,,,-0.04,0.5,5,85,1.48E-05,0.004908374,-0.064485054,2.368047852,0.000422689,-0.011061094,0.209415571,0,1,1,1 
HDVD_7,Heavy Duty Trucks_Diesel_Rigid <=7.5 t_Euro VI,,,-0.04,1,5,85,-5.95E-05,0.01337632,-0.176209137,2.985351414,0.000716595,-0.015647089,0.253784683,0,1,1,1 
HDVD_7,Heavy Duty Trucks_Diesel_Rigid <=7.5 t_Euro VI,,,-0.02,0,5,85,2.45E-05,-0.003156731,0.055354726,3.721310389,4.70E-05,-0.006387395,0.291100911,0,1,1,1 
HDVD_7,Heavy Duty Trucks_Diesel_Rigid <=7.5 t_Euro VI,,,-0.02,0.5,5,85,7.25E-06,-4.01E-05,-0.093374253,4.828625677,9.84E-05,-0.010945349,0.357410879,0,1,1,1 
HDVD_7,Heavy Duty Trucks_Diesel_Rigid <=7.5 t_Euro VI,,,-0.02,1,5,85,-8.95E-05,0.389086184,-1.91680155,1.31354789,0.027972237,-0.138989668,0.095345252,0,1,1,1 
HDVD_7,Heavy Duty Trucks_Diesel_Rigid <=7.5 t_Euro VI,,,0,0,5,85,0.000413071,-0.053975113,2.281512481,-1.074742147,-0.000197751,0.119191935,-1.28E-13,0,1,1,1 
HDVD_7,Heavy Duty Trucks_Diesel_Rigid <=7.5 t_Euro VI,,,0,0.5,5,85,-0.0007298,0.078211096,-0.899311547,3.125067391,0.006164301,-0.070364906,0.230541653,0,1,1,1 
HDVD_7,Heavy Duty Trucks_Diesel_Rigid <=7.5 t_Euro VI,,,0,1,5,85,-0.000269652,0.037312011,-0.476338911,1.941992826,0.00391023,-0.042816047,0.148781717,0,1,1,1 
HDVD_7,Heavy Duty Trucks_Diesel_Rigid <=7.5 t_Euro VI,,,0.02,0,5,85,-0.000344196,0.075677863,-0.762593491,3.656343181,0.010712211,-0.094954022,0.318997209,0,1,1,1 
HDVD_7,Heavy Duty Trucks_Diesel_Rigid <=7.5 t_Euro VI,,,0.02,0.5,5,85,9.00E-06,0.076753874,-1.040707025,5.341503019,0.014424583,-0.129711652,0.435596662,0,1,1,1 
HDVD_7,Heavy Duty Trucks_Diesel_Rigid <=7.5 t_Euro VI,,,0.02,1,5,85,-4.32E-05,0.060123189,-0.90851058,4.45012427,0.010057139,-0.087844214,0.302188244,0,1,1,1 
HDVD_7,Heavy Duty Trucks_Diesel_Rigid <=7.5 t_Euro VI,,,0.04,0,5,85,-7.58E-06,0.035965236,-0.555455841,3.094621733,0.0060408,-0.055361936,0.211648621,0,1,1,1 
HDVD_7,Heavy Duty Trucks_Diesel_Rigid <=7.5 t_Euro VI,,,0.04,0.5,5,80,0.000121947,0.05607512,-0.855325999,4.241949737,0.010141417,-0.081323682,0.269493804,0,1,1,1 
HDVD_7,Heavy Duty Trucks_Diesel_Rigid <=7.5 t_Euro VI,,,0.04,1,5,75,0.000142581,0.057540182,-0.75071331,3.243774302,0.011351966,-0.077867576,0.208531538,0,1,1,1 
HDVD_7,Heavy Duty Trucks_Diesel_Rigid <=7.5 t_Euro VI,,,0.06,0,5,80,0.000119304,0.040130981,-0.614103689,3.182216075,0.007428189,-0.058852459,0.199059646,0,1,1,1 
HDVD_7,Heavy Duty Trucks_Diesel_Rigid <=7.5 t_Euro VI,,,0.06,0.5,5,70,0.000241623,0.053978652,-0.714173075,3.130131621,0.01096225,-0.072114783,0.191614507,0,1,1,1 
HDVD_7,Heavy Duty Trucks_Diesel_Rigid <=7.5 t_Euro VI,,,0.06,1,5,60,0.006017768,-0.145303869,1.79773778,-4.894875244,0.024540257,-0.084933183,-2.67E-12,0,1,1,1 
HDVD_8,Heavy Duty Trucks_Diesel_Rigid 7.5 - 12 t_Conventional,,,-0.06,0,12,86,4.62E-05,-0.012334307,0.917319896,5.938678848,9.05E-05,0.008168549,0.114701284,0,1,1,1 
HDVD_8,Heavy Duty Trucks_Diesel_Rigid 7.5 - 12 t_Conventional,,,-0.06,0.5,12,86,-0.00060113,0.030652951,4.65756708,-3.564804257,0.0023397,0.016750014,0.342655029,0,1,1,1 
HDVD_8,Heavy Duty Trucks_Diesel_Rigid 7.5 - 12 t_Conventional,,,-0.06,1,12,86,-0.0003348,0.015763257,3.124059506,-1.210154858,0.001705232,0.004758744,0.320447076,0,1,1,1 
HDVD_8,Heavy Duty Trucks_Diesel_Rigid 7.5 - 12 t_Conventional,,,-0.04,0,12,86,0.000118668,-0.011499934,1.085141089,3.143872234,9.94E-05,0.005882933,0.086688324,0,1,1,1 
HDVD_8,Heavy Duty Trucks_Diesel_Rigid 7.5 - 12 t_Conventional,,,-0.04,0.5,12,86,-0.000426712,0.031729649,2.698264979,-1.930538727,0.000580269,0.018569845,0.102620936,0,1,1,1 
HDVD_8,Heavy Duty Trucks_Diesel_Rigid 7.5 - 12 t_Conventional,,,-0.04,1,12,86,-0.000526128,0.031253269,2.933071595,-1.741337283,0.000561498,0.018535177,0.13997552,0,1,1,1 
HDVD_8,Heavy Duty Trucks_Diesel_Rigid 7.5 - 12 t_Conventional,,,-0.02,0,12,86,0.000213955,0.01865342,2.484278107,13.74786459,-0.000113428,0.027399367,0.098464678,0,1,1,1 
HDVD_8,Heavy Duty Trucks_Diesel_Rigid 7.5 - 12 t_Conventional,,,-0.02,0.5,12,86,0.001284002,-0.037444322,2.442778169,9.843045927,0.000384681,-6.66E-05,0.257537775,0,1,1,1 
HDVD_8,Heavy Duty Trucks_Diesel_Rigid 7.5 - 12 t_Conventional,,,-0.02,1,12,86,0.000855115,-0.039523277,5.350523153,9.883697555,0.000282092,0.014592115,0.364213597,0,1,1,1 
HDVD_8,Heavy Duty Trucks_Diesel_Rigid 7.5 - 12 t_Conventional,,,0,0,12,86,0.000149478,0.018050701,1.5337914,11.44192197,-3.71E-05,0.008613173,0.127587493,0,1,1,1 
HDVD_8,Heavy Duty Trucks_Diesel_Rigid 7.5 - 12 t_Conventional,,,0,0.5,12,86,0.000160798,0.033957978,2.466021978,11.91557026,-4.70E-05,0.012504664,0.148678109,0,1,1,1 
HDVD_8,Heavy Duty Trucks_Diesel_Rigid 7.5 - 12 t_Conventional,,,0,1,12,86,0.000443819,0.035617492,4.340528983,15.03750654,-2.65E-05,0.015358285,0.23744195,0,1,1,1 
HDVD_8,Heavy Duty Trucks_Diesel_Rigid 7.5 - 12 t_Conventional,,,0.02,0,12,86,0.000483819,0.091436268,5.404188578,19.91322046,-8.35E-05,0.021509867,0.308280305,0,1,1,1 
HDVD_8,Heavy Duty Trucks_Diesel_Rigid 7.5 - 12 t_Conventional,,,0.02,0.5,12,86,0.000856976,0.281571219,14.2633202,38.78204851,-0.000160579,0.046934833,0.679771639,0,1,1,1 
HDVD_8,Heavy Duty Trucks_Diesel_Rigid 7.5 - 12 t_Conventional,,,0.02,1,12,84,0.000226039,0.145012164,6.625431881,14.4730078,-5.83E-05,0.018628983,0.275618993,0,1,1,1 
HDVD_8,Heavy Duty Trucks_Diesel_Rigid 7.5 - 12 t_Conventional,,,0.04,0,12,86,0.00051211,0.171446468,7.975960545,18.73602206,-8.08E-05,0.024069269,0.372183116,0,1,1,1 
HDVD_8,Heavy Duty Trucks_Diesel_Rigid 7.5 - 12 t_Conventional,,,0.04,0.5,12,77,0.002814765,0.254612126,-0.82751491,-24.72188042,0.000128805,0.020410951,-0.23714874,0,1,1,1 
HDVD_8,Heavy Duty Trucks_Diesel_Rigid 7.5 - 12 t_Conventional,,,0.04,1,12,66,0.00238872,0.297896163,1.014601047,-6.265588482,0.000101044,0.017907798,-0.055573725,0,1,1,1 
HDVD_8,Heavy Duty Trucks_Diesel_Rigid 7.5 - 12 t_Conventional,,,0.06,0,12,77,0.000128351,0.072751005,3.202702839,26.60580025,3.58E-06,0.004177307,0.242563628,0,1,1,1 
HDVD_8,Heavy Duty Trucks_Diesel_Rigid 7.5 - 12 t_Conventional,,,0.06,0.5,12,63,0.000211257,0.036828276,0.755984437,4.013978919,8.39E-06,0.001891634,0.035058765,0,1,1,1 
HDVD_8,Heavy Duty Trucks_Diesel_Rigid 7.5 - 12 t_Conventional,,,0.06,1,12,50,0.009539914,1.014173907,0.707915374,-6.241274041,0.00043584,0.040103469,-0.103065765,0,1,1,1 
HDVD_9,Heavy Duty Trucks_Diesel_Rigid 7.5 - 12 t_Euro I,,,-0.06,0,12,86,6.09E-05,-0.020307628,4.079489484,3.179033163,0.001810192,0.035292292,0.404767301,0,1,1,1 
HDVD_9,Heavy Duty Trucks_Diesel_Rigid 7.5 - 12 t_Euro I,,,-0.06,0.5,12,86,-0.000331902,0.023974598,3.917773972,-2.825516932,0.003168641,0.017022867,0.447028401,0,1,1,1 
HDVD_9,Heavy Duty Trucks_Diesel_Rigid 7.5 - 12 t_Euro I,,,-0.06,1,12,86,1.03E-05,-0.003635513,1.422910217,-5.476571709,0.000918371,0.004987468,0.079336531,0,1,1,1 
HDVD_9,Heavy Duty Trucks_Diesel_Rigid 7.5 - 12 t_Euro I,,,-0.04,0,12,86,0.000131859,-0.013231752,1.465775438,4.797351548,0.000185811,0.015400213,0.159321126,0,1,1,1 
HDVD_9,Heavy Duty Trucks_Diesel_Rigid 7.5 - 12 t_Euro I,,,-0.04,0.5,12,86,-0.000466124,0.036508228,2.810276024,-1.836001888,0.000925726,0.035648332,0.108057294,0,1,1,1 
HDVD_9,Heavy Duty Trucks_Diesel_Rigid 7.5 - 12 t_Euro I,,,-0.04,1,12,86,-0.000527376,0.034594527,2.924975199,-1.63094799,0.000883533,0.034172124,0.158743239,0,1,1,1 
HDVD_9,Heavy Duty Trucks_Diesel_Rigid 7.5 - 12 t_Euro I,,,-0.02,0,12,86,7.75E-05,0.008096055,1.138791272,7.248248373,-7.51E-05,0.019790602,0.086032524,0,1,1,1 
HDVD_9,Heavy Duty Trucks_Diesel_Rigid 7.5 - 12 t_Euro I,,,-0.02,0.5,12,86,0.000665049,-0.015990968,1.888566984,6.984240539,0.000342966,0.00708736,0.26243002,0,1,1,1 
HDVD_9,Heavy Duty Trucks_Diesel_Rigid 7.5 - 12 t_Euro I,,,-0.02,1,12,86,1.96E-05,0.104924682,4.991887989,-6.124651305,0.000932718,0.05465613,0.13192781,0,1,1,1 
HDVD_9,Heavy Duty Trucks_Diesel_Rigid 7.5 - 12 t_Euro I,,,0,0,12,86,0.000128524,0.014030327,1.27057944,11.4196227,-5.18E-05,0.011672957,0.196837149,0,1,1,1 
HDVD_9,Heavy Duty Trucks_Diesel_Rigid 7.5 - 12 t_Euro I,,,0,0.5,12,86,8.62E-05,0.017373225,1.293495631,6.533912542,-4.17E-05,0.010992612,0.130187047,0,1,1,1 
HDVD_9,Heavy Duty Trucks_Diesel_Rigid 7.5 - 12 t_Euro I,,,0,1,12,86,0.000175192,0.081525215,5.52022236,21.13931908,-0.000134841,0.040660831,0.473660602,0,1,1,1 
HDVD_9,Heavy Duty Trucks_Diesel_Rigid 7.5 - 12 t_Euro I,,,0.02,0,12,86,0.00054387,0.104358637,6.107150847,22.11236056,-0.000156669,0.040521346,0.582668676,0,1,1,1 
HDVD_9,Heavy Duty Trucks_Diesel_Rigid 7.5 - 12 t_Euro I,,,0.02,0.5,12,86,0.00578161,-0.139971609,2.627872576,12.41841571,0.000796107,-0.019082371,0.387532092,0,1,1,1 
HDVD_9,Heavy Duty Trucks_Diesel_Rigid 7.5 - 12 t_Euro I,,,0.02,1,12,85,0.000113674,0.122115701,5.463986717,11.08261127,-7.48E-05,0.025070866,0.379850798,0,1,1,1 
HDVD_9,Heavy Duty Trucks_Diesel_Rigid 7.5 - 12 t_Euro I,,,0.04,0,12,86,0.00054108,0.097035506,2.351629322,22.70485032,4.06E-05,0.013494664,0.338222212,0,1,1,1 
HDVD_9,Heavy Duty Trucks_Diesel_Rigid 7.5 - 12 t_Euro I,,,0.04,0.5,12,78,0.001359475,0.23229223,-0.286470743,-25.01322484,4.40E-05,0.033312877,-0.359192088,0,1,1,1 
HDVD_9,Heavy Duty Trucks_Diesel_Rigid 7.5 - 12 t_Euro I,,,0.04,1,12,66,0.014587132,1.776889725,5.44767426,12.27133063,0.00127966,0.159820602,-0.158907719,0,1,1,1 
HDVD_9,Heavy Duty Trucks_Diesel_Rigid 7.5 - 12 t_Euro I,,,0.06,0,12,78,-0.000181711,0.048758981,3.705524946,32.8338001,-1.53E-05,0.003136761,0.508178046,0,1,1,1 
HDVD_9,Heavy Duty Trucks_Diesel_Rigid 7.5 - 12 t_Euro I,,,0.06,0.5,12,64,0.015949252,1.853657012,5.591948405,16.63211431,0.001250616,0.156961391,-0.092930782,0,1,1,1 
HDVD_9,Heavy Duty Trucks_Diesel_Rigid 7.5 - 12 t_Euro I,,,0.06,1,12,52,0.002451423,-0.179775983,3.163599646,17.04379459,0.000172948,-0.013477863,0.282484914,0,1,1,1 
HDVD_10,Heavy Duty Trucks_Diesel_Rigid 7.5 - 12 t_Euro II,,,-0.06,0,12,86,-9.48E-06,0.003105903,2.996509949,-9.942749448,0.001726804,0.016877795,0.072690919,0,1,1,1 
HDVD_10,Heavy Duty Trucks_Diesel_Rigid 7.5 - 12 t_Euro II,,,-0.06,0.5,12,86,-0.000325636,0.024876684,3.050116762,-3.229790801,0.002093735,0.020789448,0.215845828,0,1,1,1 
HDVD_10,Heavy Duty Trucks_Diesel_Rigid 7.5 - 12 t_Euro II,,,-0.06,1,12,86,-0.000307784,0.025139912,4.209646292,-2.672218476,0.003167531,0.015162166,0.475957621,0,1,1,1 
HDVD_10,Heavy Duty Trucks_Diesel_Rigid 7.5 - 12 t_Euro II,,,-0.04,0,12,86,0.000150933,-0.015078935,1.727101318,4.703235186,0.000191343,0.016297161,0.155790546,0,1,1,1 
HDVD_10,Heavy Duty Trucks_Diesel_Rigid 7.5 - 12 t_Euro II,,,-0.04,0.5,12,86,-0.000616707,0.048144526,3.620280501,-1.626354667,0.001018991,0.04376509,0.114776843,0,1,1,1 
HDVD_10,Heavy Duty Trucks_Diesel_Rigid 7.5 - 12 t_Euro II,,,-0.04,1,12,86,-0.000503573,0.033241245,2.801454797,-1.420930744,0.0007429,0.030579657,0.126856257,0,1,1,1 
HDVD_10,Heavy Duty Trucks_Diesel_Rigid 7.5 - 12 t_Euro II,,,-0.02,0,12,86,8.04E-05,0.009345021,1.305402486,8.097609664,-7.28E-05,0.019925051,0.090394578,0,1,1,1 
HDVD_10,Heavy Duty Trucks_Diesel_Rigid 7.5 - 12 t_Euro II,,,-0.02,0.5,12,86,0.001041958,-0.023629285,3.379276546,13.05147201,0.000491349,0.014146604,0.407576376,0,1,1,1 
HDVD_10,Heavy Duty Trucks_Diesel_Rigid 7.5 - 12 t_Euro II,,,-0.02,1,12,86,0.000511698,0.051531487,3.345791102,-2.388564576,0.000897796,0.019598938,0.192043689,0,1,1,1 
HDVD_10,Heavy Duty Trucks_Diesel_Rigid 7.5 - 12 t_Euro II,,,0,0,12,86,6.22E-05,0.008381931,0.722235445,5.311916299,-2.59E-05,0.006228891,0.08515838,0,1,1,1 
HDVD_10,Heavy Duty Trucks_Diesel_Rigid 7.5 - 12 t_Euro II,,,0,0.5,12,86,0.000208725,0.050778985,3.837714693,18.73057296,-0.000107829,0.029719774,0.335414578,0,1,1,1 
HDVD_10,Heavy Duty Trucks_Diesel_Rigid 7.5 - 12 t_Euro II,,,0,1,12,86,0.000148972,0.079734818,5.686887708,22.6232783,-0.000126151,0.038624615,0.436294529,0,1,1,1 
HDVD_10,Heavy Duty Trucks_Diesel_Rigid 7.5 - 12 t_Euro II,,,0.02,0,12,86,0.004520025,0.370431333,7.596776595,-17.28588493,0.000287339,0.105982865,-0.183274752,0,1,1,1 
HDVD_10,Heavy Duty Trucks_Diesel_Rigid 7.5 - 12 t_Euro II,,,0.02,0.5,12,86,0.003456471,-0.032462794,2.197755256,11.95634723,0.000459266,-0.003038821,0.259772527,0,1,1,1 
HDVD_10,Heavy Duty Trucks_Diesel_Rigid 7.5 - 12 t_Euro II,,,0.02,1,12,86,0.001988469,0.222164591,0.037668126,-27.68048598,0.000216489,0.032691151,-0.370493679,0,1,1,1 
HDVD_10,Heavy Duty Trucks_Diesel_Rigid 7.5 - 12 t_Euro II,,,0.04,0,12,86,0.000587785,0.095656848,2.02975186,18.36850015,5.22E-05,0.013431312,0.22957539,0,1,1,1 
HDVD_10,Heavy Duty Trucks_Diesel_Rigid 7.5 - 12 t_Euro II,,,0.04,0.5,12,81,0.002189291,0.090889279,0.150223279,-11.31744667,0.000201715,0.012007701,-0.130275206,0,1,1,1 
HDVD_10,Heavy Duty Trucks_Diesel_Rigid 7.5 - 12 t_Euro II,,,0.04,1,12,70,0.000133129,0.365248914,14.98103023,27.74437829,-0.00017541,0.052373395,0.71635065,0,1,1,1 
HDVD_10,Heavy Duty Trucks_Diesel_Rigid 7.5 - 12 t_Euro II,,,0.06,0,12,82,0.030892745,-0.001953467,4.016611599,-22.40313955,0.003043634,0.004711765,-0.029943139,0,1,1,1 
HDVD_10,Heavy Duty Trucks_Diesel_Rigid 7.5 - 12 t_Euro II,,,0.06,0.5,12,66,-0.006069149,0.428502082,0.827507848,-34.93605862,-0.000573887,0.046045443,-0.341360266,0,1,1,1 
HDVD_10,Heavy Duty Trucks_Diesel_Rigid 7.5 - 12 t_Euro II,,,0.06,1,12,56,0.044597725,5.060101791,13.77838271,3.79185969,0.003320026,0.343149936,-0.54016642,0,1,1,1 
HDVD_11,Heavy Duty Trucks_Diesel_Rigid 7.5 - 12 t_Euro III,,,-0.06,0,12,86,-1.19E-05,0.004471196,2.218408416,-6.614346042,0.001526776,0.014678838,0.020840361,0,1,1,1 
HDVD_11,Heavy Duty Trucks_Diesel_Rigid 7.5 - 12 t_Euro III,,,-0.06,0.5,12,86,0.000247082,0.002423798,3.158707259,0.734868153,0.003602464,-0.015327051,0.518469294,0,1,1,1 
HDVD_11,Heavy Duty Trucks_Diesel_Rigid 7.5 - 12 t_Euro III,,,-0.06,1,12,86,0.000401592,-0.006857242,3.100933542,2.538838697,0.003908722,-0.030563877,0.691945485,0,1,1,1 
HDVD_11,Heavy Duty Trucks_Diesel_Rigid 7.5 - 12 t_Euro III,,,-0.04,0,12,86,-2.17E-05,0.016740917,1.204852048,-3.550615893,0.000639321,0.01282913,-0.024954045,0,1,1,1 
HDVD_11,Heavy Duty Trucks_Diesel_Rigid 7.5 - 12 t_Euro III,,,-0.04,0.5,12,86,-2.94E-05,0.014389753,2.257912382,-7.24616675,0.00105745,0.017924043,0.007952131,0,1,1,1 
HDVD_11,Heavy Duty Trucks_Diesel_Rigid 7.5 - 12 t_Euro III,,,-0.04,1,12,86,-0.000188142,0.027024258,2.766404241,-3.193158417,0.001443876,0.019412045,0.142587952,0,1,1,1 
HDVD_11,Heavy Duty Trucks_Diesel_Rigid 7.5 - 12 t_Euro III,,,-0.02,0,12,86,0.000683407,-0.012690047,0.776460113,9.777205077,0.000364559,-0.000590049,0.20623347,0,1,1,1 
HDVD_11,Heavy Duty Trucks_Diesel_Rigid 7.5 - 12 t_Euro III,,,-0.02,0.5,12,86,0.000698928,-0.015964746,1.666812998,7.770560115,0.000415545,0.006747262,0.217119112,0,1,1,1 
HDVD_11,Heavy Duty Trucks_Diesel_Rigid 7.5 - 12 t_Euro III,,,-0.02,1,12,86,0.001819913,0.045775123,5.098896937,-3.151046152,0.002373557,0.01509391,0.367297875,0,1,1,1 
HDVD_11,Heavy Duty Trucks_Diesel_Rigid 7.5 - 12 t_Euro III,,,0,0,12,86,0.002423138,-0.047392333,1.199914337,18.52374179,0.000736334,-0.012580845,0.38811625,0,1,1,1 
HDVD_11,Heavy Duty Trucks_Diesel_Rigid 7.5 - 12 t_Euro III,,,0,0.5,12,86,0.001522738,-0.026393366,1.006480199,6.679613456,0.00041934,-0.004490733,0.17857582,0,1,1,1 
HDVD_11,Heavy Duty Trucks_Diesel_Rigid 7.5 - 12 t_Euro III,,,0,1,12,86,0.011665906,-0.101476914,5.302649516,4.596290689,0.003290987,-0.027964169,0.584972386,0,1,1,1 
HDVD_11,Heavy Duty Trucks_Diesel_Rigid 7.5 - 12 t_Euro III,,,0.02,0,12,86,0.005353825,-0.121121849,1.701198478,9.827118917,0.001107893,-0.023897074,0.33815692,0,1,1,1 
HDVD_11,Heavy Duty Trucks_Diesel_Rigid 7.5 - 12 t_Euro III,,,0.02,0.5,12,86,0.002404314,-0.021910312,1.419457037,10.71167321,0.000425876,-0.002325749,0.209748338,0,1,1,1 
HDVD_11,Heavy Duty Trucks_Diesel_Rigid 7.5 - 12 t_Euro III,,,0.02,1,12,86,0.005643054,0.207331713,6.246635921,16.350494,0.000893498,0.043982227,0.330966886,0,1,1,1 
HDVD_11,Heavy Duty Trucks_Diesel_Rigid 7.5 - 12 t_Euro III,,,0.04,0,12,86,0.017543001,-0.300279295,4.186643457,7.369539071,0.002877473,-0.047779094,0.520271347,0,1,1,1 
HDVD_11,Heavy Duty Trucks_Diesel_Rigid 7.5 - 12 t_Euro III,,,0.04,0.5,12,83,0.001044191,0.092952953,0.555796574,-16.67252043,0.00010096,0.018469062,-0.200519406,0,1,1,1 
HDVD_11,Heavy Duty Trucks_Diesel_Rigid 7.5 - 12 t_Euro III,,,0.04,1,12,72,0.010212919,-0.146568839,3.569093753,-18.10523945,0.001014344,-0.00537035,0.044974386,0,1,1,1 
HDVD_11,Heavy Duty Trucks_Diesel_Rigid 7.5 - 12 t_Euro III,,,0.06,0,12,83,0.030248279,-0.532210784,7.164699865,9.819942317,0.004015184,-0.068449774,0.741456304,0,1,1,1 
HDVD_11,Heavy Duty Trucks_Diesel_Rigid 7.5 - 12 t_Euro III,,,0.06,0.5,12,67,0.030831333,-0.620916845,8.520684671,-16.07203001,0.003024875,-0.049959547,0.451508078,0,1,1,1 
HDVD_11,Heavy Duty Trucks_Diesel_Rigid 7.5 - 12 t_Euro III,,,0.06,1,12,58,0.024620521,3.223773009,10.13726131,-29.51504544,0.002885365,0.27191109,-0.742405232,0,1,1,1 
HDVD_12,Heavy Duty Trucks_Diesel_Rigid 7.5 - 12 t_Euro IV,,,-0.06,0,12,86,2.42E-05,-0.005475799,0.325858522,2.655752412,0.000165368,0.006665449,0.141914911,0,1,1,1 
HDVD_12,Heavy Duty Trucks_Diesel_Rigid 7.5 - 12 t_Euro IV,,,-0.06,0.5,12,86,4.52E-05,-0.009454926,0.51473462,3.147900187,0.000292262,0.007205266,0.233778696,0,1,1,1 
HDVD_12,Heavy Duty Trucks_Diesel_Rigid 7.5 - 12 t_Euro IV,,,-0.06,1,12,86,5.64E-05,-0.011546673,0.613902163,3.292797199,0.000359385,0.00724342,0.28356227,0,1,1,1 
HDVD_12,Heavy Duty Trucks_Diesel_Rigid 7.5 - 12 t_Euro IV,,,-0.04,0,12,86,-1.38E-05,0.007003725,2.469130544,-0.761925499,0.001548119,0.04505712,0.213929825,0,1,1,1 
HDVD_12,Heavy Duty Trucks_Diesel_Rigid 7.5 - 12 t_Euro IV,,,-0.04,0.5,12,86,-0.000412034,0.025101906,2.102705347,-1.754784013,0.001312751,0.047053992,0.115201,0,1,1,1 
HDVD_12,Heavy Duty Trucks_Diesel_Rigid 7.5 - 12 t_Euro IV,,,-0.04,1,12,86,-0.000708235,0.035211251,3.23308487,-1.618191354,0.001711555,0.069806281,0.272709812,0,1,1,1 
HDVD_12,Heavy Duty Trucks_Diesel_Rigid 7.5 - 12 t_Euro IV,,,-0.02,0,12,86,0.00106092,-0.025794876,0.860965603,9.230607117,0.000862604,-0.012674827,0.469131142,0,1,1,1 
HDVD_12,Heavy Duty Trucks_Diesel_Rigid 7.5 - 12 t_Euro IV,,,-0.02,0.5,12,86,0.000547157,-0.013961067,1.079943001,5.462963452,0.000495164,0.00275814,0.309917048,0,1,1,1 
HDVD_12,Heavy Duty Trucks_Diesel_Rigid 7.5 - 12 t_Euro IV,,,-0.02,1,12,86,0.000620263,0.009567811,3.235506219,-3.0328868,0.001123157,0.03391537,0.312053699,0,1,1,1 
HDVD_12,Heavy Duty Trucks_Diesel_Rigid 7.5 - 12 t_Euro IV,,,0,0,12,86,0.001270969,-0.032199996,0.491799226,5.708977165,0.000556846,-0.014115146,0.266227826,0,1,1,1 
HDVD_12,Heavy Duty Trucks_Diesel_Rigid 7.5 - 12 t_Euro IV,,,0,0.5,12,86,0.003220941,-0.052855863,1.612827163,6.834345545,0.00126311,-0.015565448,0.428628143,0,1,1,1 
HDVD_12,Heavy Duty Trucks_Diesel_Rigid 7.5 - 12 t_Euro IV,,,0,1,12,86,0.00613791,0.107168028,6.557701243,5.729628478,0.002252912,0.068246912,0.621528936,0,1,1,1 
HDVD_12,Heavy Duty Trucks_Diesel_Rigid 7.5 - 12 t_Euro IV,,,0.02,0,12,86,0.001098266,0.113816133,1.527168647,19.98600457,0.000203613,0.042665462,0.347236591,0,1,1,1 
HDVD_12,Heavy Duty Trucks_Diesel_Rigid 7.5 - 12 t_Euro IV,,,0.02,0.5,12,86,0.043071224,-0.844330453,10.87633215,17.90597975,0.01045808,-0.202405648,2.305430236,0,1,1,1 
HDVD_12,Heavy Duty Trucks_Diesel_Rigid 7.5 - 12 t_Euro IV,,,0.02,1,12,86,0.019257046,3.603691466,10.69113908,2.947533694,0.006003685,0.7147758,-1.340278592,0,1,1,1 
HDVD_12,Heavy Duty Trucks_Diesel_Rigid 7.5 - 12 t_Euro IV,,,0.04,0,12,86,0.048438207,-1.328321004,10.8242266,20.27822884,0.01037681,-0.287709802,2.516771354,0,1,1,1 
HDVD_12,Heavy Duty Trucks_Diesel_Rigid 7.5 - 12 t_Euro IV,,,0.04,0.5,12,82,0.016704757,2.939978686,7.371933,8.902979237,0.004018918,0.506227811,-0.693583736,0,1,1,1 
HDVD_12,Heavy Duty Trucks_Diesel_Rigid 7.5 - 12 t_Euro IV,,,0.04,1,12,74,0.004521048,0.48429572,6.804929194,5.691197363,0.000924561,0.073980898,0.467959249,0,1,1,1 
HDVD_12,Heavy Duty Trucks_Diesel_Rigid 7.5 - 12 t_Euro IV,,,0.06,0,12,82,0.003804154,0.667261596,1.89925557,12.66750013,0.00083844,0.11759065,-0.005058601,0,1,1,1 
HDVD_12,Heavy Duty Trucks_Diesel_Rigid 7.5 - 12 t_Euro IV,,,0.06,0.5,12,69,0.002802025,0.382027617,5.816170466,7.836210865,0.000551482,0.055732399,0.445097114,0,1,1,1 
HDVD_12,Heavy Duty Trucks_Diesel_Rigid 7.5 - 12 t_Euro IV,,,0.06,1,12,59,0.003909468,-0.178460597,2.099732475,16.4448216,0.000487599,-0.024494253,0.386352295,0,1,1,1 
HDVD_12,Heavy Duty Trucks_Diesel_Rigid 7.5 - 12 t_Euro IV,,,-0.06,0,12,86,2.42E-05,-0.005475799,0.325858522,2.655752412,0.000165368,0.006665449,0.141914911,0,1,1,1 
HDVD_12,Heavy Duty Trucks_Diesel_Rigid 7.5 - 12 t_Euro IV,,,-0.06,0.5,12,86,4.52E-05,-0.009454926,0.51473462,3.147900187,0.000292262,0.007205266,0.233778696,0,1,1,1 
HDVD_12,Heavy Duty Trucks_Diesel_Rigid 7.5 - 12 t_Euro IV,,,-0.06,1,12,86,5.64E-05,-0.011546673,0.613902163,3.292797199,0.000359385,0.00724342,0.28356227,0,1,1,1 
HDVD_12,Heavy Duty Trucks_Diesel_Rigid 7.5 - 12 t_Euro IV,,,-0.04,0,12,86,-1.38E-05,0.007003725,2.469130544,-0.761925499,0.001548119,0.04505712,0.213929825,0,1,1,1 
HDVD_12,Heavy Duty Trucks_Diesel_Rigid 7.5 - 12 t_Euro IV,,,-0.04,1,12,86,-0.000708235,0.035211251,3.23308487,-1.618191354,0.001711555,0.069806281,0.272709812,0,1,1,1 
HDVD_12,Heavy Duty Trucks_Diesel_Rigid 7.5 - 12 t_Euro IV,,,-0.02,0,12,86,0.00106092,-0.025794876,0.860965603,9.230607117,0.000862604,-0.012674827,0.469131142,0,1,1,1 
HDVD_12,Heavy Duty Trucks_Diesel_Rigid 7.5 - 12 t_Euro IV,,,-0.02,1,12,86,0.000620263,0.009567811,3.235506219,-3.0328868,0.001123157,0.03391537,0.312053699,0,1,1,1 
HDVD_12,Heavy Duty Trucks_Diesel_Rigid 7.5 - 12 t_Euro IV,,,0,0,12,86,0.001270969,-0.032199996,0.491799226,5.708977165,0.000556846,-0.014115146,0.266227826,0,1,1,1 
HDVD_12,Heavy Duty Trucks_Diesel_Rigid 7.5 - 12 t_Euro IV,,,0,1,12,86,0.00613791,0.107168028,6.557701243,5.729628478,0.002252912,0.068246912,0.621528936,0,1,1,1 
HDVD_12,Heavy Duty Trucks_Diesel_Rigid 7.5 - 12 t_Euro IV,,,0.02,0,12,86,0.001098266,0.113816133,1.527168647,19.98600457,0.000203613,0.042665462,0.347236591,0,1,1,1 
HDVD_12,Heavy Duty Trucks_Diesel_Rigid 7.5 - 12 t_Euro IV,,,0.02,1,12,86,0.019257046,3.603691466,10.69113908,2.947533694,0.006003685,0.7147758,-1.340278592,0,1,1,1 
HDVD_12,Heavy Duty Trucks_Diesel_Rigid 7.5 - 12 t_Euro IV,,,0.04,0,12,86,0.048438207,-1.328321004,10.8242266,20.27822884,0.01037681,-0.287709802,2.516771354,0,1,1,1 
HDVD_12,Heavy Duty Trucks_Diesel_Rigid 7.5 - 12 t_Euro IV,,,0.04,1,12,74,0.004521048,0.48429572,6.804929194,5.691197363,0.000924561,0.073980898,0.467959249,0,1,1,1 
HDVD_12,Heavy Duty Trucks_Diesel_Rigid 7.5 - 12 t_Euro IV,,,0.06,0,12,82,0.003804154,0.667261596,1.89925557,12.66750013,0.00083844,0.11759065,-0.005058601,0,1,1,1 
HDVD_12,Heavy Duty Trucks_Diesel_Rigid 7.5 - 12 t_Euro IV,,,0.06,0.5,12,69,0.002802025,0.382027617,5.816170466,7.836210865,0.000551482,0.055732399,0.445097114,0,1,1,1 
HDVD_12,Heavy Duty Trucks_Diesel_Rigid 7.5 - 12 t_Euro IV,,,0.06,1,12,59,0.003909468,-0.178460597,2.099732475,16.4448216,0.000487599,-0.024494253,0.386352295,0,1,1,1 
HDVD_13,Heavy Duty Trucks_Diesel_Rigid 7.5 - 12 t_Euro V,SCR,,-0.06,0,5,80,-0.000474361,0.04416079,-0.406604702,2.109326183,0.000959474,-0.011033722,0.055092797,0,1,1,1 
HDVD_13,Heavy Duty Trucks_Diesel_Rigid 7.5 - 12 t_Euro V,SCR,,-0.06,0.5,5,80,-0.000479682,0.045054151,-0.477300389,2.481657258,0.001040288,-0.0135737,0.067111194,0,1,1,1 
HDVD_13,Heavy Duty Trucks_Diesel_Rigid 7.5 - 12 t_Euro V,SCR,,-0.06,1,5,80,-0.000528887,0.050136769,-0.55097636,2.856565128,0.001196518,-0.01618047,0.078903215,0,1,1,1 
HDVD_13,Heavy Duty Trucks_Diesel_Rigid 7.5 - 12 t_Euro V,SCR,,-0.04,0,5,85,-0.002728449,0.378209366,-2.207425532,4.009848562,0.005936949,-0.036195555,0.071455975,0,1,1,1 
HDVD_13,Heavy Duty Trucks_Diesel_Rigid 7.5 - 12 t_Euro V,SCR,,-0.04,0.5,5,85,-0.00272484,0.306049247,-1.612947219,3.325069696,0.00454535,-0.02596266,0.064362192,0,1,1,1 
HDVD_13,Heavy Duty Trucks_Diesel_Rigid 7.5 - 12 t_Euro V,SCR,,-0.04,1,5,85,-0.002557995,0.275075535,-1.475210289,2.979052324,0.003936662,-0.02310237,0.056995208,0,1,1,1 
HDVD_13,Heavy Duty Trucks_Diesel_Rigid 7.5 - 12 t_Euro V,SCR,,-0.02,0,5,85,0.002163954,0.089100143,-0.448954157,5.529385229,0.002185905,-0.018100065,0.130790786,0,1,1,1 
HDVD_13,Heavy Duty Trucks_Diesel_Rigid 7.5 - 12 t_Euro V,SCR,,-0.02,0.5,5,85,0.001670174,0.133389205,-0.594987326,4.705178105,0.00247399,-0.017588669,0.110368317,0,1,1,1 
HDVD_13,Heavy Duty Trucks_Diesel_Rigid 7.5 - 12 t_Euro V,SCR,,-0.02,1,5,85,0.000977064,0.475039106,-2.058709965,4.082572145,0.005691081,-0.022494704,0.060130836,0,1,1,1 
HDVD_13,Heavy Duty Trucks_Diesel_Rigid 7.5 - 12 t_Euro V,SCR,,0,0,5,85,-0.00233519,0.192413147,3.173870436,3.690664996,0.000396006,0.043507537,0.121450481,0,1,1,1 
HDVD_13,Heavy Duty Trucks_Diesel_Rigid 7.5 - 12 t_Euro V,SCR,,0,0.5,5,85,0.000190409,-0.032819375,1.40668963,4.669773448,-5.19E-05,0.003517523,0.133335358,0,1,1,1 
HDVD_13,Heavy Duty Trucks_Diesel_Rigid 7.5 - 12 t_Euro V,SCR,,0,1,5,85,0.00019039,-0.031013886,1.341218267,2.773788363,-4.65E-05,0.004363727,0.092541293,0,1,1,1 
HDVD_13,Heavy Duty Trucks_Diesel_Rigid 7.5 - 12 t_Euro V,SCR,,0.02,0,5,85,0.000204145,-0.021644018,0.723111694,3.132632454,4.11E-05,-0.000342405,0.081033803,0,1,1,1 
HDVD_13,Heavy Duty Trucks_Diesel_Rigid 7.5 - 12 t_Euro V,SCR,,0.02,0.5,5,85,0.000479205,-0.033712358,1.100438148,3.639716576,0.000190045,-0.000998743,0.099164868,0,1,1,1 
HDVD_13,Heavy Duty Trucks_Diesel_Rigid 7.5 - 12 t_Euro V,SCR,,0.02,1,5,85,0.000929479,-0.042949666,1.627934856,3.033870577,0.000448726,0.001041811,0.096783856,0,1,1,1 
HDVD_13,Heavy Duty Trucks_Diesel_Rigid 7.5 - 12 t_Euro V,SCR,,0.04,0,5,85,0.000652083,-0.039412631,1.095508922,4.253046838,0.000251662,-0.002437707,0.108220758,0,1,1,1 
HDVD_13,Heavy Duty Trucks_Diesel_Rigid 7.5 - 12 t_Euro V,SCR,,0.04,0.5,5,80,0.001844464,-0.063605376,2.086348219,2.520237819,0.000763616,0.00208379,0.092721056,0,1,1,1 
HDVD_13,Heavy Duty Trucks_Diesel_Rigid 7.5 - 12 t_Euro V,SCR,,0.04,1,5,75,0.005037387,-0.121917684,3.333223557,1.443321744,0.001793561,0.003823796,0.094830512,0,1,1,1 
HDVD_13,Heavy Duty Trucks_Diesel_Rigid 7.5 - 12 t_Euro V,SCR,,0.06,0,5,80,0.001697996,-0.063125825,1.87644192,3.120102845,0.000667536,0.000462499,0.099041367,0,1,1,1 
HDVD_13,Heavy Duty Trucks_Diesel_Rigid 7.5 - 12 t_Euro V,SCR,,0.06,0.5,5,70,0.005640132,-0.146899379,3.564615795,0.817827382,0.001678266,0.006451499,0.08258989,0,1,1,1 
HDVD_13,Heavy Duty Trucks_Diesel_Rigid 7.5 - 12 t_Euro V,SCR,,0.06,1,5,60,0.022994871,-0.291602349,5.117218262,6.379114258,0.007519468,-0.023277498,0.207455325,0,1,1,1 
HDVD_13,Heavy Duty Trucks_Diesel_Rigid 7.5 - 12 t_Euro V,EGR,,-0.06,0,5,85,-0.002553408,0.246811635,-1.544836302,2.869543626,0.006654009,-0.045402353,0.090319928,0,1,1,1 
HDVD_13,Heavy Duty Trucks_Diesel_Rigid 7.5 - 12 t_Euro V,EGR,,-0.06,0.5,5,85,-0.002045612,0.190813818,-1.232754453,2.320437105,0.005242648,-0.037142611,0.074845649,0,1,1,1 
HDVD_13,Heavy Duty Trucks_Diesel_Rigid 7.5 - 12 t_Euro V,EGR,,-0.06,1,5,80,-0.001960611,0.179577487,-1.180717965,2.250780658,0.004954246,-0.035913443,0.073517078,0,1,1,1 
HDVD_13,Heavy Duty Trucks_Diesel_Rigid 7.5 - 12 t_Euro V,EGR,,-0.04,0,5,85,-0.00163021,0.237704698,-1.325092654,2.299259502,0.005795916,-0.033887357,0.063277064,0,1,1,1 
HDVD_13,Heavy Duty Trucks_Diesel_Rigid 7.5 - 12 t_Euro V,EGR,,-0.04,0.5,5,85,-0.002244822,0.261812594,-1.247517582,2.207053807,0.006084354,-0.030425787,0.061905843,0,1,1,1 
HDVD_13,Heavy Duty Trucks_Diesel_Rigid 7.5 - 12 t_Euro V,EGR,,-0.04,1,5,85,-0.002879415,0.319268416,-1.591229208,2.951016599,0.007273307,-0.03866136,0.08369847,0,1,1,1 
HDVD_13,Heavy Duty Trucks_Diesel_Rigid 7.5 - 12 t_Euro V,EGR,,-0.02,0,5,85,0.000202749,-0.031595434,3.997550172,-1.216885848,-0.0006038,0.081842811,0.051577641,0,1,1,1 
HDVD_13,Heavy Duty Trucks_Diesel_Rigid 7.5 - 12 t_Euro V,EGR,,-0.02,0.5,5,85,0.00330848,1.08631115,-4.665116261,0.49610617,0.024185408,-0.083551185,-0.071230876,0,1,1,1 
HDVD_13,Heavy Duty Trucks_Diesel_Rigid 7.5 - 12 t_Euro V,EGR,,-0.02,1,5,85,0.000179989,0.478505544,-1.892482554,3.249143205,0.010059542,-0.038574825,0.079520824,0,1,1,1 
HDVD_13,Heavy Duty Trucks_Diesel_Rigid 7.5 - 12 t_Euro V,EGR,,0,0,5,85,0.002457312,0.076922408,3.609340797,-0.691671226,0.001603974,0.06531791,0.070679996,0,1,1,1 
HDVD_13,Heavy Duty Trucks_Diesel_Rigid 7.5 - 12 t_Euro V,EGR,,0,0.5,5,85,0.008987598,0.248562967,8.563838702,1.514549759,0.005875266,0.132795839,0.292492575,0,1,1,1 
HDVD_13,Heavy Duty Trucks_Diesel_Rigid 7.5 - 12 t_Euro V,EGR,,0,1,5,85,0.010739492,0.297676921,5.772152933,3.643793072,0.007159129,0.073312361,0.29615495,0,1,1,1 
HDVD_13,Heavy Duty Trucks_Diesel_Rigid 7.5 - 12 t_Euro V,EGR,,0.02,0,5,85,0.004174168,0.128173954,5.416898133,-4.397136671,0.0014021,0.099882179,-7.62E-15,0,1,1,1 
HDVD_13,Heavy Duty Trucks_Diesel_Rigid 7.5 - 12 t_Euro V,EGR,,0.02,0.5,5,85,0.006437917,0.130752393,5.265403108,-2.010752628,0.001949664,0.08113429,0.077264078,0,1,1,1 
HDVD_13,Heavy Duty Trucks_Diesel_Rigid 7.5 - 12 t_Euro V,EGR,,0.02,1,5,85,0.00649068,0.002210436,0.780039981,6.220561208,0.00213975,-0.013082855,0.203690682,0,1,1,1 
HDVD_13,Heavy Duty Trucks_Diesel_Rigid 7.5 - 12 t_Euro V,EGR,,0.04,0,5,85,0.009113816,-0.021425052,3.866372664,11.8125382,0.002494154,0.015875205,0.442357783,0,1,1,1 
HDVD_13,Heavy Duty Trucks_Diesel_Rigid 7.5 - 12 t_Euro V,EGR,,0.04,0.5,5,80,0.036183615,0.352939353,-0.178796814,6.116605874,0.011368726,-0.032253821,0.182597948,0,1,1,1 
HDVD_13,Heavy Duty Trucks_Diesel_Rigid 7.5 - 12 t_Euro V,EGR,,0.04,1,5,75,-0.011056836,0.740081722,13.29680772,-4.234262794,-0.003056515,0.252508252,1.84E-11,0,1,1,1 
HDVD_13,Heavy Duty Trucks_Diesel_Rigid 7.5 - 12 t_Euro V,EGR,,0.06,0,5,80,0.025916676,0.185417654,0.16759255,6.020002335,0.007812075,-0.026610095,0.182815119,0,1,1,1 
HDVD_13,Heavy Duty Trucks_Diesel_Rigid 7.5 - 12 t_Euro V,EGR,,0.06,0.5,5,70,0.162892825,1.793476828,-7.221910764,1.913042094,0.043725883,-0.13100912,0.012116876,0,1,1,1 
HDVD_13,Heavy Duty Trucks_Diesel_Rigid 7.5 - 12 t_Euro V,EGR,,0.06,1,5,60,0.000223638,-0.02374818,0.769791557,10.12615935,3.82E-05,-0.004463328,0.194099574,0,1,1,1 
HDVD_14,Heavy Duty Trucks_Diesel_Rigid 7.5 - 12 t_Euro VI,,,-0.06,0,5,85,4.14E-06,-0.004932238,0.36663897,2.397067884,4.28E-05,0.005548963,0.158895426,0,1,1,1 
HDVD_14,Heavy Duty Trucks_Diesel_Rigid 7.5 - 12 t_Euro VI,,,-0.06,0.5,5,75,-0.004081438,0.359160562,-2.010063685,2.460859418,0.008831256,-0.023228919,-0.062189162,0,1,1,1 
HDVD_14,Heavy Duty Trucks_Diesel_Rigid 7.5 - 12 t_Euro VI,,,-0.06,1,5,75,-0.003652789,0.280156298,0.684303317,-4.706278754,0.007054319,0.08147108,-0.318660712,0,1,1,1 
HDVD_14,Heavy Duty Trucks_Diesel_Rigid 7.5 - 12 t_Euro VI,,,-0.04,0,5,85,-0.000846674,0.090832765,0.779842158,-5.132914855,0.000944265,0.059762032,-0.281864618,0,1,1,1 
HDVD_14,Heavy Duty Trucks_Diesel_Rigid 7.5 - 12 t_Euro VI,,,-0.04,0.5,5,85,-4.77E-05,0.006265684,-0.016784511,3.121275706,0.000231612,-0.00478904,0.166763095,0,1,1,1 
HDVD_14,Heavy Duty Trucks_Diesel_Rigid 7.5 - 12 t_Euro VI,,,-0.04,1,5,85,-0.000141513,0.023027854,-0.43739739,4.790965597,0.000745152,-0.019743862,0.239145242,0,1,1,1 
HDVD_14,Heavy Duty Trucks_Diesel_Rigid 7.5 - 12 t_Euro VI,,,-0.02,0,5,85,-0.000610257,0.02822926,2.473816307,-0.640582606,-0.000543108,0.09940351,2.78E-13,0,1,1,1 
HDVD_14,Heavy Duty Trucks_Diesel_Rigid 7.5 - 12 t_Euro VI,,,-0.02,0.5,5,85,0.000840018,0.127225807,-1.071452633,2.203060597,0.006569217,-0.052683034,0.105339667,0,1,1,1 
HDVD_14,Heavy Duty Trucks_Diesel_Rigid 7.5 - 12 t_Euro VI,,,-0.02,1,5,85,0.000286206,0.117841967,-1.00442825,2.129306368,0.006173386,-0.050909018,0.104978584,0,1,1,1 
HDVD_14,Heavy Duty Trucks_Diesel_Rigid 7.5 - 12 t_Euro VI,,,0,0,5,85,-0.003417671,0.336739625,-2.483939485,4.84552276,0.014073416,-0.110035372,0.216244445,0,1,1,1 
HDVD_14,Heavy Duty Trucks_Diesel_Rigid 7.5 - 12 t_Euro VI,,,0,0.5,5,85,-0.000391833,0.088783065,-0.60820063,1.92148961,0.00807592,-0.057136398,0.130685944,0,1,1,1 
HDVD_14,Heavy Duty Trucks_Diesel_Rigid 7.5 - 12 t_Euro VI,,,0,1,5,85,9.77E-06,0.058733739,-0.488662201,1.840773507,0.007686593,-0.055703223,0.130327561,0,1,1,1 
HDVD_14,Heavy Duty Trucks_Diesel_Rigid 7.5 - 12 t_Euro VI,,,0.02,0,5,85,0.000215462,0.223978703,-1.118247254,5.16259088,0.030056514,-0.193007416,0.442903177,0,1,1,1 
HDVD_14,Heavy Duty Trucks_Diesel_Rigid 7.5 - 12 t_Euro VI,,,0.02,0.5,5,85,0.001412846,0.064495497,-0.455964577,2.892695683,0.018248983,-0.118486427,0.266696061,0,1,1,1 
HDVD_14,Heavy Duty Trucks_Diesel_Rigid 7.5 - 12 t_Euro VI,,,0.02,1,5,85,0.000810381,0.082300382,-0.802780616,3.15422604,0.015498365,-0.103616344,0.22473409,0,1,1,1 
HDVD_14,Heavy Duty Trucks_Diesel_Rigid 7.5 - 12 t_Euro VI,,,0.04,0,5,85,0.000891506,0.072412775,-0.679798491,3.5790626,0.014718053,-0.102622006,0.253504241,0,1,1,1 
HDVD_14,Heavy Duty Trucks_Diesel_Rigid 7.5 - 12 t_Euro VI,,,0.04,0.5,5,80,0.001050742,0.102351484,-1.097878926,4.215677856,0.017556489,-0.119041827,0.264703735,0,1,1,1 
HDVD_14,Heavy Duty Trucks_Diesel_Rigid 7.5 - 12 t_Euro VI,,,0.04,1,5,75,0.000495923,0.082000742,-0.859746615,2.761443045,0.011091134,-0.072779093,0.151989714,0,1,1,1 
HDVD_14,Heavy Duty Trucks_Diesel_Rigid 7.5 - 12 t_Euro VI,,,0.06,0,5,80,0.000870984,0.083105691,-0.891240539,3.623269191,0.014018437,-0.097341259,0.225645575,0,1,1,1 
HDVD_14,Heavy Duty Trucks_Diesel_Rigid 7.5 - 12 t_Euro VI,,,0.06,0.5,5,70,0.002148387,0.139901743,-1.672712554,6.008160984,0.022330069,-0.142783675,0.31068427,0,1,1,1 
HDVD_14,Heavy Duty Trucks_Diesel_Rigid 7.5 - 12 t_Euro VI,,,0.06,1,5,60,4.79E-05,0.146069753,-1.727823406,6.170351892,0.013802615,-0.074037137,0.19511477,0,1,1,1 
HDVD_15,Heavy Duty Trucks_Diesel_Rigid 12 - 14 t_Conventional,,,-0.06,0,12,86,2.02E-05,-0.005232084,0.371611696,2.825786669,4.06E-05,0.003017279,0.044045868,0,1,1,1 
HDVD_15,Heavy Duty Trucks_Diesel_Rigid 12 - 14 t_Conventional,,,-0.06,0.5,12,86,-0.000320618,0.015413516,2.648795173,-1.681238903,0.00129304,0.005875875,0.185394923,0,1,1,1 
HDVD_15,Heavy Duty Trucks_Diesel_Rigid 12 - 14 t_Conventional,,,-0.06,1,12,86,-0.000271402,0.01143477,3.009304381,-0.585075649,0.001577645,-0.00010256,0.304084675,0,1,1,1 
HDVD_15,Heavy Duty Trucks_Diesel_Rigid 12 - 14 t_Conventional,,,-0.04,0,12,86,-0.000377836,0.037485339,3.135569607,-3.571548388,0.000777146,0.018194317,0.071723155,0,1,1,1 
HDVD_15,Heavy Duty Trucks_Diesel_Rigid 12 - 14 t_Conventional,,,-0.04,0.5,12,86,-0.000540181,0.033989521,3.025849266,-2.407138361,0.00059885,0.018373319,0.090855417,0,1,1,1 
HDVD_15,Heavy Duty Trucks_Diesel_Rigid 12 - 14 t_Conventional,,,-0.04,1,12,86,-0.000568302,0.030930703,3.048284713,-2.06463599,0.000540322,0.016750683,0.12050421,0,1,1,1 
HDVD_15,Heavy Duty Trucks_Diesel_Rigid 12 - 14 t_Conventional,,,-0.02,0,12,86,0.001492106,-0.042321557,1.687070827,13.25301692,0.000424102,-0.005162007,0.23940926,0,1,1,1 
HDVD_15,Heavy Duty Trucks_Diesel_Rigid 12 - 14 t_Conventional,,,-0.02,0.5,12,86,0.000604388,-0.026182373,2.590259771,6.800802756,0.000190824,0.005049077,0.180894032,0,1,1,1 
HDVD_15,Heavy Duty Trucks_Diesel_Rigid 12 - 14 t_Conventional,,,-0.02,1,12,86,-0.000803228,0.172769809,10.47284009,-1.546662113,0.000952912,0.048226853,0.357650685,0,1,1,1 
HDVD_15,Heavy Duty Trucks_Diesel_Rigid 12 - 14 t_Conventional,,,0,0,12,86,0.000228036,0.034465061,2.939737425,20.0953123,-6.15E-05,0.015292642,0.19331484,0,1,1,1 
HDVD_15,Heavy Duty Trucks_Diesel_Rigid 12 - 14 t_Conventional,,,0,0.5,12,86,0.000456027,0.029692145,3.932773625,15.33320152,-2.07E-05,0.014361707,0.198998751,0,1,1,1 
HDVD_15,Heavy Duty Trucks_Diesel_Rigid 12 - 14 t_Conventional,,,0,1,12,86,0.010252721,-0.164699568,13.77648332,28.25818813,0.001136878,-0.000841539,0.781948113,0,1,1,1 
HDVD_15,Heavy Duty Trucks_Diesel_Rigid 12 - 14 t_Conventional,,,0.02,0,12,86,0.000786954,0.186102958,10.87068339,38.24037193,-0.000140783,0.038158341,0.519024112,0,1,1,1 
HDVD_15,Heavy Duty Trucks_Diesel_Rigid 12 - 14 t_Conventional,,,0.02,0.5,12,86,0.000232649,0.116465549,5.852045155,15.06456417,-5.31E-05,0.016474312,0.2340126,0,1,1,1 
HDVD_15,Heavy Duty Trucks_Diesel_Rigid 12 - 14 t_Conventional,,,0.02,1,12,84,0.000112769,0.178577879,8.232118918,17.33913237,-5.85E-05,0.019444219,0.286780048,0,1,1,1 
HDVD_15,Heavy Duty Trucks_Diesel_Rigid 12 - 14 t_Conventional,,,0.04,0,12,86,0.000560571,0.261156893,12.02939336,27.04239008,-9.92E-05,0.031132047,0.4720549,0,1,1,1 
HDVD_15,Heavy Duty Trucks_Diesel_Rigid 12 - 14 t_Conventional,,,0.04,0.5,12,75,6.06E-05,0.019295232,1.047847437,7.597771426,2.56E-06,0.001024977,0.061752243,0,1,1,1 
HDVD_15,Heavy Duty Trucks_Diesel_Rigid 12 - 14 t_Conventional,,,0.04,1,12,65,0.010591043,1.259479738,3.406741682,2.551429614,0.000501776,0.056395138,-0.078880026,0,1,1,1 
HDVD_15,Heavy Duty Trucks_Diesel_Rigid 12 - 14 t_Conventional,,,0.06,0,12,75,0.002682802,0.330813919,2.195177025,-6.610904696,9.69E-05,0.022194447,-0.043967477,0,1,1,1 
HDVD_15,Heavy Duty Trucks_Diesel_Rigid 12 - 14 t_Conventional,,,0.06,0.5,12,61,0.007578185,0.893782239,2.514571021,4.579184117,0.000321069,0.038049557,-0.037028972,0,1,1,1 
HDVD_15,Heavy Duty Trucks_Diesel_Rigid 12 - 14 t_Conventional,,,0.06,1,12,50,0.006006866,-0.179245252,1.045067558,7.285133851,0.000214727,-0.007250003,0.065851276,0,1,1,1 
HDVD_16,Heavy Duty Trucks_Diesel_Rigid 12 - 14 t_Euro I,,,-0.06,0,12,86,5.44E-05,-0.026035131,2.704728383,0.016980114,0.000365421,0.038273169,0.050626293,0,1,1,1 
HDVD_16,Heavy Duty Trucks_Diesel_Rigid 12 - 14 t_Euro I,,,-0.06,0.5,12,86,3.49E-05,-0.011107229,1.852177474,1.824928951,0.000780074,0.014145267,0.184595953,0,1,1,1 
HDVD_16,Heavy Duty Trucks_Diesel_Rigid 12 - 14 t_Euro I,,,-0.06,1,12,86,4.24E-05,-0.013077956,1.871028002,1.841448203,0.000737383,0.013993871,0.208210963,0,1,1,1 
HDVD_16,Heavy Duty Trucks_Diesel_Rigid 12 - 14 t_Euro I,,,-0.04,0,12,86,-0.000135436,0.000448653,2.586733318,-3.11863584,0.000338695,0.032260671,0.005486299,0,1,1,1 
HDVD_16,Heavy Duty Trucks_Diesel_Rigid 12 - 14 t_Euro I,,,-0.04,0.5,12,86,-0.000622486,0.040156507,3.219543856,-0.663474408,0.000846607,0.039547953,0.097160895,0,1,1,1 
HDVD_16,Heavy Duty Trucks_Diesel_Rigid 12 - 14 t_Euro I,,,-0.04,1,12,86,-0.00076929,0.045535577,3.861084832,-1.217296036,0.000956282,0.043043941,0.17038201,0,1,1,1 
HDVD_16,Heavy Duty Trucks_Diesel_Rigid 12 - 14 t_Euro I,,,-0.02,0,12,86,0.000583244,-0.01479679,0.982520993,6.581161958,0.000281005,0.000331859,0.172517651,0,1,1,1 
HDVD_16,Heavy Duty Trucks_Diesel_Rigid 12 - 14 t_Euro I,,,-0.02,0.5,12,86,0.000493715,-0.021743483,3.245027576,7.496433038,0.000268525,0.016521298,0.303988942,0,1,1,1 
HDVD_16,Heavy Duty Trucks_Diesel_Rigid 12 - 14 t_Euro I,,,-0.02,1,12,86,-0.000426308,0.060315351,3.197275026,3.341600196,0.000378173,0.028615503,0.183544003,0,1,1,1 
HDVD_16,Heavy Duty Trucks_Diesel_Rigid 12 - 14 t_Euro I,,,0,0,12,86,0.000108003,0.015053749,1.367877,11.04276272,-4.79E-05,0.01171661,0.159880128,0,1,1,1 
HDVD_16,Heavy Duty Trucks_Diesel_Rigid 12 - 14 t_Euro I,,,0,0.5,12,86,7.00E-05,0.022119676,1.704951605,7.983833226,-4.35E-05,0.01260651,0.136966881,0,1,1,1 
HDVD_16,Heavy Duty Trucks_Diesel_Rigid 12 - 14 t_Euro I,,,0,1,12,86,0.004601238,-0.052301549,6.87510244,16.9855516,0.000863418,0.004949788,0.630658779,0,1,1,1 
HDVD_16,Heavy Duty Trucks_Diesel_Rigid 12 - 14 t_Euro I,,,0.02,0,12,86,0.000504452,0.1236865,7.220159446,25.24521284,-0.000153125,0.04181905,0.565053946,0,1,1,1 
HDVD_16,Heavy Duty Trucks_Diesel_Rigid 12 - 14 t_Euro I,,,0.02,0.5,12,86,0.006816638,-0.107560428,4.15308378,16.55126715,0.000820573,-0.010803421,0.438961465,0,1,1,1 
HDVD_16,Heavy Duty Trucks_Diesel_Rigid 12 - 14 t_Euro I,,,0.02,1,12,85,1.86E-05,0.121888341,5.591074616,11.26170314,-6.27E-05,0.021411725,0.322704285,0,1,1,1 
HDVD_16,Heavy Duty Trucks_Diesel_Rigid 12 - 14 t_Euro I,,,0.04,0,12,86,6.09E-05,0.036870092,1.749865158,17.86014768,2.99E-06,0.003843891,0.240409362,0,1,1,1 
HDVD_16,Heavy Duty Trucks_Diesel_Rigid 12 - 14 t_Euro I,,,0.04,0.5,12,75,-0.00037809,0.273561157,-0.097768623,-17.21331084,-7.62E-05,0.029420946,-0.233472989,0,1,1,1 
HDVD_16,Heavy Duty Trucks_Diesel_Rigid 12 - 14 t_Euro I,,,0.04,1,12,65,0.004825666,0.948786226,4.781059541,17.45952696,0.00040557,0.069498508,0.108895565,0,1,1,1 
HDVD_16,Heavy Duty Trucks_Diesel_Rigid 12 - 14 t_Euro I,,,0.06,0,12,75,0.009907003,1.18498916,4.034318697,19.89161013,0.000768615,0.112489522,-0.072882088,0,1,1,1 
HDVD_16,Heavy Duty Trucks_Diesel_Rigid 12 - 14 t_Euro I,,,0.06,0.5,12,62,0.044156318,5.298218362,14.43048904,23.16894569,0.003100348,0.36974901,-0.37008607,0,1,1,1 
HDVD_16,Heavy Duty Trucks_Diesel_Rigid 12 - 14 t_Euro I,,,0.06,1,12,51,0.034918288,-0.935429544,4.446443186,34.20156228,0.002056641,-0.06322011,0.511034744,0,1,1,1 
HDVD_17,Heavy Duty Trucks_Diesel_Rigid 12 - 14 t_Euro II,,,-0.06,0,12,86,1.56E-05,-0.004718845,0.408087569,3.480338194,4.80E-05,0.005601923,0.063667607,0,1,1,1 
HDVD_17,Heavy Duty Trucks_Diesel_Rigid 12 - 14 t_Euro II,,,-0.06,0.5,12,86,0.00012091,-0.03443031,3.226624563,2.155731976,0.000467526,0.037847442,0.160043588,0,1,1,1 
HDVD_17,Heavy Duty Trucks_Diesel_Rigid 12 - 14 t_Euro II,,,-0.06,1,12,86,2.03E-06,-0.000984121,1.386066105,-4.95834449,0.00074967,0.005852506,0.048615788,0,1,1,1 
HDVD_17,Heavy Duty Trucks_Diesel_Rigid 12 - 14 t_Euro II,,,-0.04,0,12,86,-0.000520895,0.046992454,3.282261089,-2.381175824,0.000914308,0.037929215,0.031316949,0,1,1,1 
HDVD_17,Heavy Duty Trucks_Diesel_Rigid 12 - 14 t_Euro II,,,-0.04,0.5,12,86,-0.000910996,0.058300629,4.72877518,1.034569999,0.001044284,0.054360194,0.150996916,0,1,1,1 
HDVD_17,Heavy Duty Trucks_Diesel_Rigid 12 - 14 t_Euro II,,,-0.04,1,12,86,-0.000677763,0.04059897,3.417533639,-0.820110494,0.000751324,0.035039864,0.139037954,0,1,1,1 
HDVD_17,Heavy Duty Trucks_Diesel_Rigid 12 - 14 t_Euro II,,,-0.02,0,12,86,0.000739374,-0.015068433,1.528202197,9.350349461,0.000323462,0.004006056,0.208083327,0,1,1,1 
HDVD_17,Heavy Duty Trucks_Diesel_Rigid 12 - 14 t_Euro II,,,-0.02,0.5,12,86,0.000205246,-0.00764176,2.239368637,3.873737369,0.000107013,0.014097312,0.145732426,0,1,1,1 
HDVD_17,Heavy Duty Trucks_Diesel_Rigid 12 - 14 t_Euro II,,,-0.02,1,12,86,-0.000388797,0.054217331,3.303315222,3.578661235,0.000330201,0.026379526,0.169422336,0,1,1,1 
HDVD_17,Heavy Duty Trucks_Diesel_Rigid 12 - 14 t_Euro II,,,0,0,12,86,5.98E-05,0.011295321,0.970731655,6.029443784,-2.86E-05,0.007574418,0.085519555,0,1,1,1 
HDVD_17,Heavy Duty Trucks_Diesel_Rigid 12 - 14 t_Euro II,,,0,0.5,12,86,0.000142353,0.065195869,5.071729566,22.43968625,-0.000110688,0.033685481,0.361396877,0,1,1,1 
HDVD_17,Heavy Duty Trucks_Diesel_Rigid 12 - 14 t_Euro II,,,0,1,12,86,0.0019951,0.023043564,4.41539147,11.41329798,0.000357833,0.013950131,0.309591025,0,1,1,1 
HDVD_17,Heavy Duty Trucks_Diesel_Rigid 12 - 14 t_Euro II,,,0.02,0,12,86,0.000125172,0.049298248,2.848394242,9.192287836,-5.05E-05,0.014970783,0.194265196,0,1,1,1 
HDVD_17,Heavy Duty Trucks_Diesel_Rigid 12 - 14 t_Euro II,,,0.02,0.5,12,86,8.96E-05,0.105227639,5.507136328,14.14887733,-7.21E-05,0.02348165,0.324681158,0,1,1,1 
HDVD_17,Heavy Duty Trucks_Diesel_Rigid 12 - 14 t_Euro II,,,0.02,1,12,86,0.005419819,0.188963343,6.865322614,16.82072893,0.000553311,0.025860687,0.35608129,0,1,1,1 
HDVD_17,Heavy Duty Trucks_Diesel_Rigid 12 - 14 t_Euro II,,,0.04,0,12,86,6.45E-05,0.023855424,1.011638072,10.14586398,4.89E-06,0.002682563,0.119397738,0,1,1,1 
HDVD_17,Heavy Duty Trucks_Diesel_Rigid 12 - 14 t_Euro II,,,0.04,0.5,12,80,0.005121913,0.909406122,11.39783617,11.18092537,0.000347842,0.095048651,0.230229757,0,1,1,1 
HDVD_17,Heavy Duty Trucks_Diesel_Rigid 12 - 14 t_Euro II,,,0.04,1,12,69,0.012591835,1.900224408,11.10683545,-23.95924864,0.00091935,0.152938773,-0.242081673,0,1,1,1 
HDVD_17,Heavy Duty Trucks_Diesel_Rigid 12 - 14 t_Euro II,,,0.06,0,12,81,-3.45E-05,0.031944436,2.338342199,19.57805004,-3.53E-06,0.002664047,0.228516236,0,1,1,1 
HDVD_17,Heavy Duty Trucks_Diesel_Rigid 12 - 14 t_Euro II,,,0.06,0.5,12,64,0.010605306,-0.296828154,1.057192753,20.5595353,0.000797781,-0.027280754,0.248595819,0,1,1,1 
HDVD_17,Heavy Duty Trucks_Diesel_Rigid 12 - 14 t_Euro II,,,0.06,1,12,53,0.002797192,-0.3436104,9.293778488,72.3844086,0.000179548,-0.022984254,0.731666101,0,1,1,1 
HDVD_18,Heavy Duty Trucks_Diesel_Rigid 12 - 14 t_Euro III,,,-0.06,0,12,86,9.37E-05,-0.016477274,1.539191998,6.96305966,0.0002966,0.021182645,0.122329754,0,1,1,1 
HDVD_18,Heavy Duty Trucks_Diesel_Rigid 12 - 14 t_Euro III,,,-0.06,0.5,12,86,-1.03E-05,0.003721573,2.353149429,-7.146476442,0.001471537,0.014000587,0.032826859,0,1,1,1 
HDVD_18,Heavy Duty Trucks_Diesel_Rigid 12 - 14 t_Euro III,,,-0.06,1,12,86,-6.84E-06,0.002239391,2.659826818,-8.343140007,0.001650274,0.014862318,0.056381382,0,1,1,1 
HDVD_18,Heavy Duty Trucks_Diesel_Rigid 12 - 14 t_Euro III,,,-0.04,0,12,86,-0.000245872,0.030264935,1.852301934,-5.558451804,0.000736493,0.021449255,-0.055463357,0,1,1,1 
HDVD_18,Heavy Duty Trucks_Diesel_Rigid 12 - 14 t_Euro III,,,-0.04,0.5,12,86,1.43E-05,-0.004922687,0.510014508,3.482237873,2.36E-05,0.00598668,0.061747379,0,1,1,1 
HDVD_18,Heavy Duty Trucks_Diesel_Rigid 12 - 14 t_Euro III,,,-0.04,1,12,86,1.96E-05,-0.00604283,0.545570112,3.089822011,2.48E-05,0.005464393,0.067800779,0,1,1,1 
HDVD_18,Heavy Duty Trucks_Diesel_Rigid 12 - 14 t_Euro III,,,-0.02,0,12,86,0.000365247,-0.005908757,0.881867925,6.760807075,0.000196866,0.004550136,0.125433914,0,1,1,1 
HDVD_18,Heavy Duty Trucks_Diesel_Rigid 12 - 14 t_Euro III,,,-0.02,0.5,12,86,0.000238358,-0.008456459,1.824459859,6.057251381,0.000147394,0.012842952,0.151301414,0,1,1,1 
HDVD_18,Heavy Duty Trucks_Diesel_Rigid 12 - 14 t_Euro III,,,-0.02,1,12,86,-0.000232059,0.047346079,2.631961843,2.137959067,0.000410951,0.025434775,0.105737751,0,1,1,1 
HDVD_18,Heavy Duty Trucks_Diesel_Rigid 12 - 14 t_Euro III,,,0,0,12,86,6.02E-05,0.015871997,1.540063413,9.47044683,-4.84E-05,0.014235858,0.140948049,0,1,1,1 
HDVD_18,Heavy Duty Trucks_Diesel_Rigid 12 - 14 t_Euro III,,,0,0.5,12,86,2.64E-05,0.01908774,1.716856491,8.154479138,-4.23E-05,0.013549777,0.136025541,0,1,1,1 
HDVD_18,Heavy Duty Trucks_Diesel_Rigid 12 - 14 t_Euro III,,,0,1,12,86,0.00109609,0.078931052,4.235004761,2.146050059,0.000276028,0.031962259,0.146343072,0,1,1,1 
HDVD_18,Heavy Duty Trucks_Diesel_Rigid 12 - 14 t_Euro III,,,0.02,0,12,86,0.001686508,0.146935304,2.128506241,14.88691382,0.000337646,0.030343299,0.127855323,0,1,1,1 
HDVD_18,Heavy Duty Trucks_Diesel_Rigid 12 - 14 t_Euro III,,,0.02,0.5,12,86,0.001056997,0.256017958,2.670215193,9.944523655,0.000239109,0.041807083,0.059581439,0,1,1,1 
HDVD_18,Heavy Duty Trucks_Diesel_Rigid 12 - 14 t_Euro III,,,0.02,1,12,86,0.000912466,0.153280994,3.030624095,13.23681083,0.000159913,0.02283275,0.187396456,0,1,1,1 
HDVD_18,Heavy Duty Trucks_Diesel_Rigid 12 - 14 t_Euro III,,,0.04,0,12,86,0.002358937,0.460498231,2.194099569,15.21958582,0.000477375,0.061624146,-0.018933269,0,1,1,1 
HDVD_18,Heavy Duty Trucks_Diesel_Rigid 12 - 14 t_Euro III,,,0.04,0.5,12,81,0.004894024,0.623245276,3.915779893,-44.1513135,0.00049313,0.087794537,-0.519614362,0,1,1,1 
HDVD_18,Heavy Duty Trucks_Diesel_Rigid 12 - 14 t_Euro III,,,0.04,1,12,70,0.00551418,0.396684378,3.893559505,20.26745408,0.000548882,0.039274886,0.14609603,0,1,1,1 
HDVD_18,Heavy Duty Trucks_Diesel_Rigid 12 - 14 t_Euro III,,,0.06,0,12,82,1.97E-05,0.027895221,1.649737227,18.21527115,9.35E-07,0.00328842,0.213956646,0,1,1,1 
HDVD_18,Heavy Duty Trucks_Diesel_Rigid 12 - 14 t_Euro III,,,0.06,0.5,12,66,0.001971657,0.203206069,2.290219971,17.68646992,0.00014728,0.020445749,0.122331758,0,1,1,1 
HDVD_18,Heavy Duty Trucks_Diesel_Rigid 12 - 14 t_Euro III,,,0.06,1,12,54,0.007490084,0.778924465,2.724352138,10.06088457,0.000503709,0.060840717,-0.079925825,0,1,1,1 
HDVD_19,Heavy Duty Trucks_Diesel_Rigid 12 - 14 t_Euro IV,,,-0.06,0,12,86,2.81E-05,-0.006035548,0.333963284,3.183038482,0.000185877,0.005605801,0.146473135,0,1,1,1 
HDVD_19,Heavy Duty Trucks_Diesel_Rigid 12 - 14 t_Euro IV,,,-0.06,0.5,12,86,4.29E-05,-0.008780888,0.461704505,3.470513015,0.000271194,0.005730217,0.204037878,0,1,1,1 
HDVD_19,Heavy Duty Trucks_Diesel_Rigid 12 - 14 t_Euro IV,,,-0.06,1,12,86,4.46E-05,-0.009120441,0.479025234,3.474918112,0.000284612,0.005887711,0.214346596,0,1,1,1 
HDVD_19,Heavy Duty Trucks_Diesel_Rigid 12 - 14 t_Euro IV,,,-0.04,0,12,86,1.93E-05,-0.005709355,0.487079822,2.894827058,5.90E-05,0.009137734,0.114120225,0,1,1,1 
HDVD_19,Heavy Duty Trucks_Diesel_Rigid 12 - 14 t_Euro IV,,,-0.04,0.5,12,86,-0.000503039,0.025476639,2.399836874,-2.056592176,0.001366813,0.042627707,0.174692399,0,1,1,1 
HDVD_19,Heavy Duty Trucks_Diesel_Rigid 12 - 14 t_Euro IV,,,-0.04,1,12,86,-0.000532282,0.023668112,2.395728497,-1.506767788,0.001180054,0.039837906,0.246516619,0,1,1,1 
HDVD_19,Heavy Duty Trucks_Diesel_Rigid 12 - 14 t_Euro IV,,,-0.02,0,12,86,0.000642253,-0.016043532,1.001069365,6.783791489,0.000533663,-0.000489484,0.321293092,0,1,1,1 
HDVD_19,Heavy Duty Trucks_Diesel_Rigid 12 - 14 t_Euro IV,,,-0.02,0.5,12,86,0.000306556,-0.013054825,1.945446299,5.755513298,0.000285241,0.017477249,0.345231326,0,1,1,1 
HDVD_19,Heavy Duty Trucks_Diesel_Rigid 12 - 14 t_Euro IV,,,-0.02,1,12,86,-0.001792262,0.507300725,-3.394544969,0.183123584,0.006769415,-0.029950582,0.003841466,0,1,1,1 
HDVD_19,Heavy Duty Trucks_Diesel_Rigid 12 - 14 t_Euro IV,,,0,0,12,86,0.001145863,0.00654671,1.081135368,9.217577201,0.000460604,0.006758563,0.276374108,0,1,1,1 
HDVD_19,Heavy Duty Trucks_Diesel_Rigid 12 - 14 t_Euro IV,,,0,0.5,12,86,0.010122349,0.740532809,18.90244982,-19.87349586,0.003972014,0.360788146,0.164394853,0,1,1,1 
HDVD_19,Heavy Duty Trucks_Diesel_Rigid 12 - 14 t_Euro IV,,,0,1,12,86,-0.000245115,0.084994772,6.27852752,19.02798392,-0.000220162,0.060244348,0.796110548,0,1,1,1 
HDVD_19,Heavy Duty Trucks_Diesel_Rigid 12 - 14 t_Euro IV,,,0.02,0,12,86,-0.000738477,0.110042211,1.210259404,15.55491315,-0.000198632,0.030053833,0.276075757,0,1,1,1 
HDVD_19,Heavy Duty Trucks_Diesel_Rigid 12 - 14 t_Euro IV,,,0.02,0.5,12,86,0.008724683,1.415183985,0.277286859,10.10802618,0.002810726,0.259596968,-0.805712103,0,1,1,1 
HDVD_19,Heavy Duty Trucks_Diesel_Rigid 12 - 14 t_Euro IV,,,0.02,1,12,86,0.005989666,0.947923821,-3.239394667,-20.22151151,0.001978554,0.134321244,-0.996693821,0,1,1,1 
HDVD_19,Heavy Duty Trucks_Diesel_Rigid 12 - 14 t_Euro IV,,,0.04,0,12,86,0.009857712,1.541531953,-0.031910094,9.543136117,0.002597127,0.260768406,-0.73501721,0,1,1,1 
HDVD_19,Heavy Duty Trucks_Diesel_Rigid 12 - 14 t_Euro IV,,,0.04,0.5,12,83,0.002158456,0.302919991,-2.561930928,-12.90264554,0.000532622,0.037495439,-0.492292308,0,1,1,1 
HDVD_19,Heavy Duty Trucks_Diesel_Rigid 12 - 14 t_Euro IV,,,0.04,1,12,71,0.018466744,2.180269701,-6.232841223,10.96004881,0.00351903,0.236113739,-1.103961749,0,1,1,1 
HDVD_19,Heavy Duty Trucks_Diesel_Rigid 12 - 14 t_Euro IV,,,0.06,0,12,83,0.001063435,0.320899238,8.09582777,13.35815161,0.000280165,0.051539795,0.837896576,0,1,1,1 
HDVD_19,Heavy Duty Trucks_Diesel_Rigid 12 - 14 t_Euro IV,,,0.06,0.5,12,68,0.026597777,2.838574905,-12.44624989,2.117761171,0.004874169,0.276042899,-1.685525501,0,1,1,1 
HDVD_19,Heavy Duty Trucks_Diesel_Rigid 12 - 14 t_Euro IV,,,0.06,1,12,56,-0.000308998,0.030107394,4.03271475,12.82561299,-4.20E-05,0.005371144,0.364983959,0,1,1,1 
HDVD_19,Heavy Duty Trucks_Diesel_Rigid 12 - 14 t_Euro IV,,,-0.06,0,12,86,2.81E-05,-0.006035548,0.333963284,3.183038482,0.000185877,0.005605801,0.146473135,0,1,1,1 
HDVD_19,Heavy Duty Trucks_Diesel_Rigid 12 - 14 t_Euro IV,,,-0.06,0.5,12,86,4.29E-05,-0.008780888,0.461704505,3.470513015,0.000271194,0.005730217,0.204037878,0,1,1,1 
HDVD_19,Heavy Duty Trucks_Diesel_Rigid 12 - 14 t_Euro IV,,,-0.06,1,12,86,4.46E-05,-0.009120441,0.479025234,3.474918112,0.000284612,0.005887711,0.214346596,0,1,1,1 
HDVD_19,Heavy Duty Trucks_Diesel_Rigid 12 - 14 t_Euro IV,,,-0.04,0,12,86,1.93E-05,-0.005709355,0.487079822,2.894827058,5.90E-05,0.009137734,0.114120225,0,1,1,1 
HDVD_19,Heavy Duty Trucks_Diesel_Rigid 12 - 14 t_Euro IV,,,-0.04,1,12,86,-0.000532282,0.023668112,2.395728497,-1.506767788,0.001180054,0.039837906,0.246516619,0,1,1,1 
HDVD_19,Heavy Duty Trucks_Diesel_Rigid 12 - 14 t_Euro IV,,,-0.02,0,12,86,0.000642253,-0.016043532,1.001069365,6.783791489,0.000533663,-0.000489484,0.321293092,0,1,1,1 
HDVD_19,Heavy Duty Trucks_Diesel_Rigid 12 - 14 t_Euro IV,,,-0.02,1,12,86,-0.001792262,0.507300725,-3.394544969,0.183123584,0.006769415,-0.029950582,0.003841466,0,1,1,1 
HDVD_19,Heavy Duty Trucks_Diesel_Rigid 12 - 14 t_Euro IV,,,0,0,12,86,0.001145863,0.00654671,1.081135368,9.217577201,0.000460604,0.006758563,0.276374108,0,1,1,1 
HDVD_19,Heavy Duty Trucks_Diesel_Rigid 12 - 14 t_Euro IV,,,0,1,12,86,-0.000245115,0.084994772,6.27852752,19.02798392,-0.000220162,0.060244348,0.796110548,0,1,1,1 
HDVD_19,Heavy Duty Trucks_Diesel_Rigid 12 - 14 t_Euro IV,,,0.02,0,12,86,-0.000738477,0.110042211,1.210259404,15.55491315,-0.000198632,0.030053833,0.276075757,0,1,1,1 
HDVD_19,Heavy Duty Trucks_Diesel_Rigid 12 - 14 t_Euro IV,,,0.02,1,12,86,0.005989666,0.947923821,-3.239394667,-20.22151151,0.001978554,0.134321244,-0.996693821,0,1,1,1 
HDVD_19,Heavy Duty Trucks_Diesel_Rigid 12 - 14 t_Euro IV,,,0.04,0,12,86,0.009857712,1.541531953,-0.031910094,9.543136117,0.002597127,0.260768406,-0.73501721,0,1,1,1 
HDVD_19,Heavy Duty Trucks_Diesel_Rigid 12 - 14 t_Euro IV,,,0.04,1,12,71,0.018466744,2.180269701,-6.232841223,10.96004881,0.00351903,0.236113739,-1.103961749,0,1,1,1 
HDVD_19,Heavy Duty Trucks_Diesel_Rigid 12 - 14 t_Euro IV,,,0.06,0,12,83,0.001063435,0.320899238,8.09582777,13.35815161,0.000280165,0.051539795,0.837896576,0,1,1,1 
HDVD_19,Heavy Duty Trucks_Diesel_Rigid 12 - 14 t_Euro IV,,,0.06,0.5,12,68,0.026597777,2.838574905,-12.44624989,2.117761171,0.004874169,0.276042899,-1.685525501,0,1,1,1 
HDVD_19,Heavy Duty Trucks_Diesel_Rigid 12 - 14 t_Euro IV,,,0.06,1,12,56,-0.000308998,0.030107394,4.03271475,12.82561299,-4.20E-05,0.005371144,0.364983959,0,1,1,1 
HDVD_20,Heavy Duty Trucks_Diesel_Rigid 12 - 14 t_Euro V,SCR,,-0.06,0,5,80,-0.000542374,0.048918046,-0.463564472,2.645404578,0.000986929,-0.01201099,0.062501545,0,1,1,1 
HDVD_20,Heavy Duty Trucks_Diesel_Rigid 12 - 14 t_Euro V,SCR,,-0.06,0.5,5,80,-0.0006028,0.054821308,-0.533681189,3.008937044,0.00118201,-0.014892815,0.0751651,0,1,1,1 
HDVD_20,Heavy Duty Trucks_Diesel_Rigid 12 - 14 t_Euro V,SCR,,-0.06,1,5,80,-0.000603882,0.056159003,-0.571979993,3.238942473,0.001263485,-0.01659432,0.083029842,0,1,1,1 
HDVD_20,Heavy Duty Trucks_Diesel_Rigid 12 - 14 t_Euro V,SCR,,-0.04,0,5,85,-0.00228186,0.251185233,-1.500090328,3.35555592,0.003391484,-0.022671922,0.058292909,0,1,1,1 
HDVD_20,Heavy Duty Trucks_Diesel_Rigid 12 - 14 t_Euro V,SCR,,-0.04,0.5,5,85,-0.002726436,0.279586408,-1.57730607,3.316028824,0.003638748,-0.023115788,0.057864728,0,1,1,1 
HDVD_20,Heavy Duty Trucks_Diesel_Rigid 12 - 14 t_Euro V,SCR,,-0.04,1,5,85,-0.00309116,0.312499517,-1.747771623,3.589807297,0.003913859,-0.024765992,0.061896064,0,1,1,1 
HDVD_20,Heavy Duty Trucks_Diesel_Rigid 12 - 14 t_Euro V,SCR,,-0.02,0,5,85,0.000880457,0.03435441,-0.038304817,3.810612396,0.000914106,-0.008110263,0.082261111,0,1,1,1 
HDVD_20,Heavy Duty Trucks_Diesel_Rigid 12 - 14 t_Euro V,SCR,,-0.02,0.5,5,85,0.000528761,0.236768111,-1.125243888,2.776867751,0.002811503,-0.014179252,0.043286854,0,1,1,1 
HDVD_20,Heavy Duty Trucks_Diesel_Rigid 12 - 14 t_Euro V,SCR,,-0.02,1,5,85,-0.001258011,0.558274626,-2.181515601,3.819790247,0.005180368,-0.016214345,0.041194474,0,1,1,1 
HDVD_20,Heavy Duty Trucks_Diesel_Rigid 12 - 14 t_Euro V,SCR,,0,0,5,85,-0.001818674,0.138152933,3.93193491,3.20231433,0.000187242,0.040947704,0.112678225,0,1,1,1 
HDVD_20,Heavy Duty Trucks_Diesel_Rigid 12 - 14 t_Euro V,SCR,,0,0.5,5,85,0.000465961,-0.084984452,3.842073338,9.648961801,-0.000167557,0.012561624,0.255111598,0,1,1,1 
HDVD_20,Heavy Duty Trucks_Diesel_Rigid 12 - 14 t_Euro V,SCR,,0,1,5,85,0.000226054,-0.037478434,1.718918599,2.589019475,-5.78E-05,0.006432656,0.083569727,0,1,1,1 
HDVD_20,Heavy Duty Trucks_Diesel_Rigid 12 - 14 t_Euro V,SCR,,0.02,0,5,85,0.000313125,-0.031608859,1.030372355,4.179597784,6.02E-05,-8.26E-05,0.093479359,0,1,1,1 
HDVD_20,Heavy Duty Trucks_Diesel_Rigid 12 - 14 t_Euro V,SCR,,0.02,0.5,5,85,0.000773347,-0.051716124,1.563501142,4.75946581,0.000261371,-0.000687523,0.112701155,0,1,1,1 
HDVD_20,Heavy Duty Trucks_Diesel_Rigid 12 - 14 t_Euro V,SCR,,0.02,1,5,85,0.001545822,-0.071175407,2.512325017,2.51454679,0.000594338,0.004299155,0.092391117,0,1,1,1 
HDVD_20,Heavy Duty Trucks_Diesel_Rigid 12 - 14 t_Euro V,SCR,,0.04,0,5,85,0.000738453,-0.041981201,1.070875088,3.993585126,0.000247752,-0.001921266,0.087120742,0,1,1,1 
HDVD_20,Heavy Duty Trucks_Diesel_Rigid 12 - 14 t_Euro V,SCR,,0.04,0.5,5,80,0.003103322,-0.115005445,3.317297557,1.505357854,0.000957466,0.006514896,0.086702445,0,1,1,1 
HDVD_20,Heavy Duty Trucks_Diesel_Rigid 12 - 14 t_Euro V,SCR,,0.04,1,5,75,0.007317153,-0.156061713,3.885786395,0.913992715,0.002331387,0.001097402,0.08931528,0,1,1,1 
HDVD_20,Heavy Duty Trucks_Diesel_Rigid 12 - 14 t_Euro V,SCR,,0.06,0,5,80,0.002492468,-0.100723049,2.658515376,2.139940306,0.000710072,0.004036947,0.083902936,0,1,1,1 
HDVD_20,Heavy Duty Trucks_Diesel_Rigid 12 - 14 t_Euro V,SCR,,0.06,0.5,5,65,0.008179558,-0.180291634,3.827847537,0.870190597,0.002255861,0.001253452,0.082373501,0,1,1,1 
HDVD_20,Heavy Duty Trucks_Diesel_Rigid 12 - 14 t_Euro V,SCR,,0.06,1,5,55,0.033759829,-0.559208236,9.135334786,0.900510334,0.007848401,-0.007074308,0.167190087,0,1,1,1 
HDVD_20,Heavy Duty Trucks_Diesel_Rigid 12 - 14 t_Euro V,EGR,,-0.06,0,5,85,-0.000712555,0.072460857,-0.525677296,3.258991899,0.002210631,-0.022042183,0.115630736,0,1,1,1 
HDVD_20,Heavy Duty Trucks_Diesel_Rigid 12 - 14 t_Euro V,EGR,,-0.06,0.5,5,85,-0.000419002,0.043308528,-0.33186737,2.121742008,0.001414753,-0.015001732,0.078823673,0,1,1,1 
HDVD_20,Heavy Duty Trucks_Diesel_Rigid 12 - 14 t_Euro V,EGR,,-0.06,1,5,85,-0.000389021,0.041489858,-0.341309637,2.253109908,0.001427554,-0.016116486,0.085677299,0,1,1,1 
HDVD_20,Heavy Duty Trucks_Diesel_Rigid 12 - 14 t_Euro V,EGR,,-0.04,0,5,85,-0.004158397,0.426487976,-1.780744449,1.293635571,0.008280881,-0.032170913,0.013029755,0,1,1,1 
HDVD_20,Heavy Duty Trucks_Diesel_Rigid 12 - 14 t_Euro V,EGR,,-0.04,0.5,5,85,-0.002001193,0.216487925,-1.314020688,2.724638969,0.004551018,-0.031008471,0.072288619,0,1,1,1 
HDVD_20,Heavy Duty Trucks_Diesel_Rigid 12 - 14 t_Euro V,EGR,,-0.04,1,5,85,-0.001859827,0.196243915,-1.171349445,2.442633795,0.004047797,-0.027344308,0.065162087,0,1,1,1 
HDVD_20,Heavy Duty Trucks_Diesel_Rigid 12 - 14 t_Euro V,EGR,,-0.02,0,5,85,0.000677282,0.011821632,0.619767893,3.282585471,0.001032483,-0.0003892,0.119444348,0,1,1,1 
HDVD_20,Heavy Duty Trucks_Diesel_Rigid 12 - 14 t_Euro V,EGR,,-0.02,0.5,5,85,0.000216557,0.084236172,-0.379766539,2.470121604,0.00198004,-0.013195279,0.073505848,0,1,1,1 
HDVD_20,Heavy Duty Trucks_Diesel_Rigid 12 - 14 t_Euro V,EGR,,-0.02,1,5,85,-0.000869792,0.336231073,-1.605989547,3.229719881,0.005898835,-0.029025571,0.070248253,0,1,1,1 
HDVD_20,Heavy Duty Trucks_Diesel_Rigid 12 - 14 t_Euro V,EGR,,0,0,5,85,0.003029961,0.05344674,0.339556707,3.982564431,0.002216479,-0.009058059,0.131655785,0,1,1,1 
HDVD_20,Heavy Duty Trucks_Diesel_Rigid 12 - 14 t_Euro V,EGR,,0,0.5,5,85,0.003378523,0.072921473,-0.034390669,3.367811913,0.002351193,-0.012284678,0.103106763,0,1,1,1 
HDVD_20,Heavy Duty Trucks_Diesel_Rigid 12 - 14 t_Euro V,EGR,,0,1,5,85,0.025867027,1.01224254,-4.413203199,2.322950736,0.019457178,-0.066149261,6.18E-14,0,1,1,1 
HDVD_20,Heavy Duty Trucks_Diesel_Rigid 12 - 14 t_Euro V,EGR,,0.02,0,5,85,0.009221862,0.054893301,0.778025001,6.92373679,0.003753257,-0.016818908,0.222492502,0,1,1,1 
HDVD_20,Heavy Duty Trucks_Diesel_Rigid 12 - 14 t_Euro V,EGR,,0.02,0.5,5,85,0.007117301,0.01522954,-0.089999183,5.370493196,0.002406574,-0.021766711,0.149689855,0,1,1,1 
HDVD_20,Heavy Duty Trucks_Diesel_Rigid 12 - 14 t_Euro V,EGR,,0.02,1,5,85,0.01600918,0.117771162,-0.876030945,5.804533773,0.005002576,-0.034343811,0.144428962,0,1,1,1 
HDVD_20,Heavy Duty Trucks_Diesel_Rigid 12 - 14 t_Euro V,EGR,,0.04,0,5,85,0.008011826,-0.038608117,0.088944067,8.11906096,0.002240697,-0.027530826,0.219605349,0,1,1,1 
HDVD_20,Heavy Duty Trucks_Diesel_Rigid 12 - 14 t_Euro V,EGR,,0.04,0.5,5,80,-0.006035777,0.493159622,7.299488112,-2.181951089,-0.001448898,0.141911343,3.30E-13,0,1,1,1 
HDVD_20,Heavy Duty Trucks_Diesel_Rigid 12 - 14 t_Euro V,EGR,,0.04,1,5,70,-0.005527895,0.558024727,7.074664753,-1.645223472,-0.001031482,0.131020187,1.19E-11,0,1,1,1 
HDVD_20,Heavy Duty Trucks_Diesel_Rigid 12 - 14 t_Euro V,EGR,,0.06,0,5,80,-0.008404546,0.685813942,9.416367231,-2.395917013,-0.001959114,0.189917678,1.83E-11,0,1,1,1 
HDVD_20,Heavy Duty Trucks_Diesel_Rigid 12 - 14 t_Euro V,EGR,,0.06,0.5,5,70,-0.009920381,0.805826798,9.347188352,-1.163901494,-0.001767639,0.176781735,9.95E-13,0,1,1,1 
HDVD_20,Heavy Duty Trucks_Diesel_Rigid 12 - 14 t_Euro V,EGR,,0.06,1,5,55,-0.008726501,0.801211824,6.386827546,-24.35113712,-0.001329732,0.153652516,-0.426551652,0,1,1,1 
HDVD_21,Heavy Duty Trucks_Diesel_Rigid 12 - 14 t_Euro VI,,,-0.06,0,5,80,-1.34E-05,-0.001544567,0.200089203,2.206052504,9.76E-05,0.001407669,0.117015212,0,1,1,1 
HDVD_21,Heavy Duty Trucks_Diesel_Rigid 12 - 14 t_Euro VI,,,-0.06,0.5,5,75,-0.004335683,0.328269767,0.487982659,-3.861290598,0.007019742,0.066459208,-0.240446983,0,1,1,1 
HDVD_21,Heavy Duty Trucks_Diesel_Rigid 12 - 14 t_Euro VI,,,-0.06,1,5,75,-0.003009636,0.220934814,0.769372868,-3.740829614,0.005032574,0.067733329,-0.223985803,0,1,1,1 
HDVD_21,Heavy Duty Trucks_Diesel_Rigid 12 - 14 t_Euro VI,,,-0.04,0,5,85,-0.000131773,0.025270797,-0.462383813,5.15001853,0.000704952,-0.017525954,0.204794702,0,1,1,1 
HDVD_21,Heavy Duty Trucks_Diesel_Rigid 12 - 14 t_Euro VI,,,-0.04,0.5,5,85,-8.20E-05,0.013744961,-0.275900201,2.455144525,0.000394776,-0.010424496,0.102829905,0,1,1,1 
HDVD_21,Heavy Duty Trucks_Diesel_Rigid 12 - 14 t_Euro VI,,,-0.04,1,5,85,-8.08E-05,0.019493469,-0.39175621,2.081115394,0.00064304,-0.014657985,0.084609266,0,1,1,1 
HDVD_21,Heavy Duty Trucks_Diesel_Rigid 12 - 14 t_Euro VI,,,-0.02,0,5,85,4.21E-05,0.057007132,-1.184482336,6.126772099,0.001833965,-0.038958335,0.208610079,0,1,1,1 
HDVD_21,Heavy Duty Trucks_Diesel_Rigid 12 - 14 t_Euro VI,,,-0.02,0.5,5,85,0.000835927,0.18409366,-1.444934892,2.500334159,0.008198151,-0.060163857,0.095078542,0,1,1,1 
HDVD_21,Heavy Duty Trucks_Diesel_Rigid 12 - 14 t_Euro VI,,,-0.02,1,5,85,-6.30E-05,0.069074932,-0.976962974,3.722391915,0.00285955,-0.037445867,0.13939518,0,1,1,1 
HDVD_21,Heavy Duty Trucks_Diesel_Rigid 12 - 14 t_Euro VI,,,0,0,5,85,-0.001101706,0.142078159,-0.84863642,1.927237107,0.007466284,-0.047827281,0.095429585,0,1,1,1 
HDVD_21,Heavy Duty Trucks_Diesel_Rigid 12 - 14 t_Euro VI,,,0,0.5,5,85,-0.000353071,0.107955877,-0.605992327,2.229055542,0.010871439,-0.066571922,0.1438081,0,1,1,1 
HDVD_21,Heavy Duty Trucks_Diesel_Rigid 12 - 14 t_Euro VI,,,0,1,5,85,2.13E-05,0.087278593,-0.597370121,2.37022513,0.011806882,-0.074025984,0.157688161,0,1,1,1 
HDVD_21,Heavy Duty Trucks_Diesel_Rigid 12 - 14 t_Euro VI,,,0.02,0,5,85,0.000529694,0.171668071,-0.61965027,3.986496347,0.025532119,-0.144806148,0.315014666,0,1,1,1 
HDVD_21,Heavy Duty Trucks_Diesel_Rigid 12 - 14 t_Euro VI,,,0.02,0.5,5,85,0.001256665,0.107976157,-0.725986106,3.70529763,0.021604871,-0.127000285,0.264567084,0,1,1,1 
HDVD_21,Heavy Duty Trucks_Diesel_Rigid 12 - 14 t_Euro VI,,,0.02,1,5,85,0.0012044,0.205779646,-1.813514226,6.328857598,0.031179611,-0.193027093,0.386230394,0,1,1,1 
HDVD_21,Heavy Duty Trucks_Diesel_Rigid 12 - 14 t_Euro VI,,,0.04,0,5,85,0.001182721,0.117145062,-0.886317709,4.422880124,0.021037709,-0.127631205,0.281573385,0,1,1,1 
HDVD_21,Heavy Duty Trucks_Diesel_Rigid 12 - 14 t_Euro VI,,,0.04,0.5,5,80,0.001366843,0.176087031,-1.635489544,5.574169896,0.025581882,-0.15812725,0.318959826,0,1,1,1 
HDVD_21,Heavy Duty Trucks_Diesel_Rigid 12 - 14 t_Euro VI,,,0.04,1,5,75,0.000914307,0.087754761,-0.974414934,3.276139233,0.011586074,-0.072035696,0.153769716,0,1,1,1 
HDVD_21,Heavy Duty Trucks_Diesel_Rigid 12 - 14 t_Euro VI,,,0.06,0,5,80,0.001375007,0.1083709,-1.015030566,4.01164423,0.01820389,-0.11139452,0.234172358,0,1,1,1 
HDVD_21,Heavy Duty Trucks_Diesel_Rigid 12 - 14 t_Euro VI,,,0.06,0.5,5,70,0.005138236,-0.094764988,1.333828774,-3.883437005,0.015235653,-0.053371986,1.92E-15,0,1,1,1 
HDVD_21,Heavy Duty Trucks_Diesel_Rigid 12 - 14 t_Euro VI,,,0.06,1,5,60,0.004764913,0.061589883,-1.076554637,6.882677899,0.018264986,-0.01092669,0.090135495,0,1,1,1 
HDVD_22,Heavy Duty Trucks_Diesel_Rigid 14 - 20 t_Conventional,,,-0.06,0,12,86,2.24E-05,-0.005842557,0.417523472,3.476221464,3.47E-05,0.002566181,0.036805253,0,1,1,1 
HDVD_22,Heavy Duty Trucks_Diesel_Rigid 14 - 20 t_Conventional,,,-0.06,0.5,12,86,3.36E-05,-0.008371253,0.567740992,3.882417271,4.85E-05,0.003182125,0.051333888,0,1,1,1 
HDVD_22,Heavy Duty Trucks_Diesel_Rigid 14 - 20 t_Conventional,,,-0.06,1,12,86,-0.000301212,0.01368272,3.058006598,-1.197299583,0.001170623,0.001933524,0.199804804,0,1,1,1 
HDVD_22,Heavy Duty Trucks_Diesel_Rigid 14 - 20 t_Conventional,,,-0.04,0,12,86,3.48E-05,-0.010635263,0.946826011,5.462485743,2.34E-05,0.004581388,0.05655063,0,1,1,1 
HDVD_22,Heavy Duty Trucks_Diesel_Rigid 14 - 20 t_Conventional,,,-0.04,0.5,12,86,8.83E-05,-0.023980808,1.83805441,7.9593942,5.61E-05,0.006977656,0.113605142,0,1,1,1 
HDVD_22,Heavy Duty Trucks_Diesel_Rigid 14 - 20 t_Conventional,,,-0.04,1,12,86,-0.001482216,0.078734534,7.354604927,-4.90991965,0.000974707,0.032925652,0.177890059,0,1,1,1 
HDVD_22,Heavy Duty Trucks_Diesel_Rigid 14 - 20 t_Conventional,,,-0.02,0,12,86,0.001147707,-0.033251328,2.066459598,13.30783438,0.000267864,6.79E-05,0.165976658,0,1,1,1 
HDVD_22,Heavy Duty Trucks_Diesel_Rigid 14 - 20 t_Conventional,,,-0.02,0.5,12,86,-8.13E-05,0.228300742,11.03052587,-22.20987459,0.001186782,0.047288575,0.068892658,0,1,1,1 
HDVD_22,Heavy Duty Trucks_Diesel_Rigid 14 - 20 t_Conventional,,,-0.02,1,12,86,-0.001209215,0.109795106,8.003083821,14.16564216,0.000306627,0.031450269,0.25087447,0,1,1,1 
HDVD_22,Heavy Duty Trucks_Diesel_Rigid 14 - 20 t_Conventional,,,0,0,12,86,0.000206087,0.047055032,4.180312899,24.89115111,-6.06E-05,0.016943764,0.178311551,0,1,1,1 
HDVD_22,Heavy Duty Trucks_Diesel_Rigid 14 - 20 t_Conventional,,,0,0.5,12,86,6.38E-05,0.053732507,4.299592989,18.27901751,-4.53E-05,0.014363325,0.153557981,0,1,1,1 
HDVD_22,Heavy Duty Trucks_Diesel_Rigid 14 - 20 t_Conventional,,,0,1,12,86,-0.000191038,0.101466725,8.138284241,28.51643595,-7.47E-05,0.022318386,0.268093634,0,1,1,1 
HDVD_22,Heavy Duty Trucks_Diesel_Rigid 14 - 20 t_Conventional,,,0.02,0,12,86,0.000233069,0.063556983,3.995966561,15.21805234,-4.01E-05,0.011181355,0.140529153,0,1,1,1 
HDVD_22,Heavy Duty Trucks_Diesel_Rigid 14 - 20 t_Conventional,,,0.02,0.5,12,86,8.43E-05,0.055303777,2.944374949,8.057593891,-2.05E-05,0.00646148,0.087956263,0,1,1,1 
HDVD_22,Heavy Duty Trucks_Diesel_Rigid 14 - 20 t_Conventional,,,0.02,1,12,86,2.68E-05,0.120109085,5.875803055,13.12156333,-3.14E-05,0.010599911,0.154683642,0,1,1,1 
HDVD_22,Heavy Duty Trucks_Diesel_Rigid 14 - 20 t_Conventional,,,0.04,0,12,86,0.001506663,0.15450736,1.600957458,-9.225468157,4.69E-05,0.012416596,-0.049878212,0,1,1,1 
HDVD_22,Heavy Duty Trucks_Diesel_Rigid 14 - 20 t_Conventional,,,0.04,0.5,12,84,0.000994737,0.128304475,0.401139369,-6.336846241,3.47E-05,0.006540245,-0.037066786,0,1,1,1 
HDVD_22,Heavy Duty Trucks_Diesel_Rigid 14 - 20 t_Conventional,,,0.04,1,12,73,0.002898402,0.584171213,5.806915461,7.300278229,9.37E-05,0.0226922,0.065089926,0,1,1,1 
HDVD_22,Heavy Duty Trucks_Diesel_Rigid 14 - 20 t_Conventional,,,0.06,0,12,85,5.57E-05,0.022255056,0.93806552,8.163308874,1.56E-06,0.000971511,0.046319086,0,1,1,1 
HDVD_22,Heavy Duty Trucks_Diesel_Rigid 14 - 20 t_Conventional,,,0.06,0.5,12,68,0.00076098,0.176683727,0.860950937,4.401754618,2.81E-05,0.005845696,0.010272094,0,1,1,1 
HDVD_22,Heavy Duty Trucks_Diesel_Rigid 14 - 20 t_Conventional,,,0.06,1,12,54,-0.014564753,0.801698067,4.124597224,2.583499984,-0.000409455,0.024357987,0.009259384,0,1,1,1 
HDVD_23,Heavy Duty Trucks_Diesel_Rigid 14 - 20 t_Euro I,,,-0.06,0,12,86,1.66E-05,-0.019826575,2.365736152,-4.956506416,0.000234096,0.024582529,-0.042003069,0,1,1,1 
HDVD_23,Heavy Duty Trucks_Diesel_Rigid 14 - 20 t_Euro I,,,-0.06,0.5,12,86,0.000115285,-0.037755072,3.610526058,2.141379468,0.000416195,0.036065441,0.107798161,0,1,1,1 
HDVD_23,Heavy Duty Trucks_Diesel_Rigid 14 - 20 t_Euro I,,,-0.06,1,12,86,3.27E-05,-0.009159865,0.722528959,5.248564912,7.40E-05,0.007545921,0.095590837,0,1,1,1 
HDVD_23,Heavy Duty Trucks_Diesel_Rigid 14 - 20 t_Euro I,,,-0.04,0,12,86,-0.000476873,0.035198776,2.942817707,-2.581685045,0.000605608,0.02774271,0.001610586,0,1,1,1 
HDVD_23,Heavy Duty Trucks_Diesel_Rigid 14 - 20 t_Euro I,,,-0.04,0.5,12,86,-0.001169348,0.076859333,5.239022451,1.450758118,0.001102485,0.050389469,0.104160922,0,1,1,1 
HDVD_23,Heavy Duty Trucks_Diesel_Rigid 14 - 20 t_Euro I,,,-0.04,1,12,86,-0.000908304,0.051421714,4.401906425,0.488748578,0.000772328,0.03977014,0.121992224,0,1,1,1 
HDVD_23,Heavy Duty Trucks_Diesel_Rigid 14 - 20 t_Euro I,,,-0.02,0,12,86,0.000687429,-0.01752532,1.898360779,10.69887088,0.000272864,0.005512008,0.188786268,0,1,1,1 
HDVD_23,Heavy Duty Trucks_Diesel_Rigid 14 - 20 t_Euro I,,,-0.02,0.5,12,86,6.78E-05,-0.009630555,3.624520441,1.625702178,3.33E-05,0.023119411,0.112321058,0,1,1,1 
HDVD_23,Heavy Duty Trucks_Diesel_Rigid 14 - 20 t_Euro I,,,-0.02,1,12,86,-0.000752944,0.068646744,4.891010853,8.276963873,0.00032167,0.031334291,0.238331682,0,1,1,1 
HDVD_23,Heavy Duty Trucks_Diesel_Rigid 14 - 20 t_Euro I,,,0,0,12,86,9.18E-05,0.018768939,1.797355013,12.33898974,-4.40E-05,0.012171687,0.130562574,0,1,1,1 
HDVD_23,Heavy Duty Trucks_Diesel_Rigid 14 - 20 t_Euro I,,,0,0.5,12,86,0.003013272,-0.018985902,5.003765418,17.42547943,0.000514276,0.007527444,0.375656805,0,1,1,1 
HDVD_23,Heavy Duty Trucks_Diesel_Rigid 14 - 20 t_Euro I,,,0,1,12,86,0.002621057,0.036042161,7.665409132,11.15153315,0.000414315,0.021084779,0.382562251,0,1,1,1 
HDVD_23,Heavy Duty Trucks_Diesel_Rigid 14 - 20 t_Euro I,,,0.02,0,12,86,0.00015377,0.038674058,2.47910248,9.824878892,-4.20E-05,0.011533231,0.14454952,0,1,1,1 
HDVD_23,Heavy Duty Trucks_Diesel_Rigid 14 - 20 t_Euro I,,,0.02,0.5,12,86,0.009111928,-0.02216209,5.711224735,13.14344394,0.000889834,0.002572463,0.331826149,0,1,1,1 
HDVD_23,Heavy Duty Trucks_Diesel_Rigid 14 - 20 t_Euro I,,,0.02,1,12,86,0.00306186,0.693613684,8.710992532,14.94843103,0.000273982,0.066366095,0.180491906,0,1,1,1 
HDVD_23,Heavy Duty Trucks_Diesel_Rigid 14 - 20 t_Euro I,,,0.04,0,12,86,0.000488244,0.090175993,2.306026411,22.52360344,3.07E-05,0.009191537,0.20766522,0,1,1,1 
HDVD_23,Heavy Duty Trucks_Diesel_Rigid 14 - 20 t_Euro I,,,0.04,0.5,12,85,0.006540893,1.149452061,11.86933034,5.568379144,0.000364937,0.095201938,0.143955745,0,1,1,1 
HDVD_23,Heavy Duty Trucks_Diesel_Rigid 14 - 20 t_Euro I,,,0.04,1,12,74,0.005498456,0.614770871,-3.141626509,-44.60197216,0.00031578,0.03826795,-0.44974084,0,1,1,1 
HDVD_23,Heavy Duty Trucks_Diesel_Rigid 14 - 20 t_Euro I,,,0.06,0,12,86,0.001389777,0.21934047,3.386719439,20.51350833,8.76E-05,0.017004415,0.189504485,0,1,1,1 
HDVD_23,Heavy Duty Trucks_Diesel_Rigid 14 - 20 t_Euro I,,,0.06,0.5,12,70,0.00461291,0.570935631,1.794607126,4.861173149,0.000246171,0.032078588,-0.027303052,0,1,1,1 
HDVD_23,Heavy Duty Trucks_Diesel_Rigid 14 - 20 t_Euro I,,,0.06,1,12,56,0.006485329,0.717905785,1.944340845,4.051792382,0.00028132,0.031978939,-0.023739614,0,1,1,1 
HDVD_24,Heavy Duty Trucks_Diesel_Rigid 14 - 20 t_Euro II,,,-0.06,0,12,86,3.34E-05,-0.010148696,0.881789081,8.036724149,7.75E-05,0.008827456,0.100656759,0,1,1,1 
HDVD_24,Heavy Duty Trucks_Diesel_Rigid 14 - 20 t_Euro II,,,-0.06,0.5,12,86,4.70E-05,-0.014037525,1.312483984,1.804340897,0.000126599,0.011939134,0.050515833,0,1,1,1 
HDVD_24,Heavy Duty Trucks_Diesel_Rigid 14 - 20 t_Euro II,,,-0.06,1,12,86,3.56E-05,-0.010166362,0.823805629,5.748227238,6.97E-05,0.007849773,0.09715626,0,1,1,1 
HDVD_24,Heavy Duty Trucks_Diesel_Rigid 14 - 20 t_Euro II,,,-0.04,0,12,86,-0.00068945,0.055429064,3.981238811,-2.840825036,0.000793507,0.03313621,0.02264343,0,1,1,1 
HDVD_24,Heavy Duty Trucks_Diesel_Rigid 14 - 20 t_Euro II,,,-0.04,0.5,12,86,-0.001142473,0.070354182,5.795559534,1.314446082,0.000959619,0.04922312,0.119014594,0,1,1,1 
HDVD_24,Heavy Duty Trucks_Diesel_Rigid 14 - 20 t_Euro II,,,-0.04,1,12,86,-0.000928762,0.053705587,4.554235614,0.335054155,0.000717779,0.036834101,0.119233435,0,1,1,1 
HDVD_24,Heavy Duty Trucks_Diesel_Rigid 14 - 20 t_Euro II,,,-0.02,0,12,86,0.000739584,-0.012805476,2.809439337,13.18522078,0.000269029,0.011729208,0.201240459,0,1,1,1 
HDVD_24,Heavy Duty Trucks_Diesel_Rigid 14 - 20 t_Euro II,,,-0.02,0.5,12,86,-0.000355938,0.178895317,9.066374904,1.160587081,0.001171033,0.060812317,0.191517038,0,1,1,1 
HDVD_24,Heavy Duty Trucks_Diesel_Rigid 14 - 20 t_Euro II,,,-0.02,1,12,86,-0.000774467,0.072556582,5.111972321,9.139841067,0.000313068,0.029944082,0.22191882,0,1,1,1 
HDVD_24,Heavy Duty Trucks_Diesel_Rigid 14 - 20 t_Euro II,,,0,0,12,86,0.000174475,0.047943671,4.438114276,25.73009558,-9.03E-05,0.02644846,0.264767426,0,1,1,1 
HDVD_24,Heavy Duty Trucks_Diesel_Rigid 14 - 20 t_Euro II,,,0,0.5,12,86,1.91E-05,0.033617907,2.889385656,12.54066859,-4.41E-05,0.014277358,0.14958777,0,1,1,1 
HDVD_24,Heavy Duty Trucks_Diesel_Rigid 14 - 20 t_Euro II,,,0,1,12,86,0.001595249,0.130306781,9.342319369,12.96328566,0.000238935,0.037863493,0.327838891,0,1,1,1 
HDVD_24,Heavy Duty Trucks_Diesel_Rigid 14 - 20 t_Euro II,,,0.02,0,12,86,0.001186536,0.101580481,1.224165832,-23.36828293,9.36E-05,0.019021722,-0.198281544,0,1,1,1 
HDVD_24,Heavy Duty Trucks_Diesel_Rigid 14 - 20 t_Euro II,,,0.02,0.5,12,86,3.47E-05,0.025055834,1.444838968,16.63984121,2.86E-06,0.002676792,0.14426142,0,1,1,1 
HDVD_24,Heavy Duty Trucks_Diesel_Rigid 14 - 20 t_Euro II,,,0.02,1,12,86,0.000774975,0.27495247,6.434072186,14.41456906,4.73E-05,0.029018023,0.195458203,0,1,1,1 
HDVD_24,Heavy Duty Trucks_Diesel_Rigid 14 - 20 t_Euro II,,,0.04,0,12,86,-1.37E-05,0.034030098,2.358057118,27.9026858,-2.17E-06,0.002890656,0.242610694,0,1,1,1 
HDVD_24,Heavy Duty Trucks_Diesel_Rigid 14 - 20 t_Euro II,,,0.04,0.5,12,86,0.004623158,0.456814883,5.479517403,22.89121409,0.000341942,0.03254657,0.171292461,0,1,1,1 
HDVD_24,Heavy Duty Trucks_Diesel_Rigid 14 - 20 t_Euro II,,,0.04,1,12,77,0.000780336,0.185480401,2.278096418,4.095811475,4.41E-05,0.011893383,0.043849267,0,1,1,1 
HDVD_24,Heavy Duty Trucks_Diesel_Rigid 14 - 20 t_Euro II,,,0.06,0,12,86,0.004287274,0.400256639,4.226726388,20.91525318,0.000310283,0.028996409,0.135677176,0,1,1,1 
HDVD_24,Heavy Duty Trucks_Diesel_Rigid 14 - 20 t_Euro II,,,0.06,0.5,12,74,0.001426153,0.259518959,1.13727211,4.696158958,9.63E-05,0.013554264,0.004983066,0,1,1,1 
HDVD_24,Heavy Duty Trucks_Diesel_Rigid 14 - 20 t_Euro II,,,0.06,1,12,61,0.008628612,1.074453118,2.380028232,-6.796450392,0.000453048,0.046213903,-0.11373957,0,1,1,1 
HDVD_25,Heavy Duty Trucks_Diesel_Rigid 14 - 20 t_Euro III,,,-0.06,0,12,86,1.08E-05,-0.004685636,0.609479463,4.432287598,7.37E-05,0.007760899,0.036545478,0,1,1,1 
HDVD_25,Heavy Duty Trucks_Diesel_Rigid 14 - 20 t_Euro III,,,-0.06,0.5,12,86,8.71E-05,-0.012745758,1.10837297,3.762969085,0.000188152,0.010197566,0.060541053,0,1,1,1 
HDVD_25,Heavy Duty Trucks_Diesel_Rigid 14 - 20 t_Euro III,,,-0.06,1,12,86,-1.48E-05,0.005474677,2.924560088,-8.868095873,0.001369845,0.013409372,0.025951109,0,1,1,1 
HDVD_25,Heavy Duty Trucks_Diesel_Rigid 14 - 20 t_Euro III,,,-0.04,0,12,86,5.17E-06,-0.002286348,0.314705037,3.155697665,1.42E-05,0.00313883,0.030217517,0,1,1,1 
HDVD_25,Heavy Duty Trucks_Diesel_Rigid 14 - 20 t_Euro III,,,-0.04,0.5,12,86,8.49E-06,-0.035266365,4.994931501,-0.738886116,0.000178161,0.045275937,0.028766068,0,1,1,1 
HDVD_25,Heavy Duty Trucks_Diesel_Rigid 14 - 20 t_Euro III,,,-0.04,1,12,86,4.69E-06,-0.019916046,2.577202842,0.192837185,8.33E-05,0.022208031,0.03998804,0,1,1,1 
HDVD_25,Heavy Duty Trucks_Diesel_Rigid 14 - 20 t_Euro III,,,-0.02,0,12,86,0.000725409,-0.010051134,2.714362166,17.00990304,0.000321143,0.014793318,0.206732213,0,1,1,1 
HDVD_25,Heavy Duty Trucks_Diesel_Rigid 14 - 20 t_Euro III,,,-0.02,0.5,12,86,6.89E-05,-0.004526478,1.761142511,4.454859061,3.71E-05,0.012237154,0.065085011,0,1,1,1 
HDVD_25,Heavy Duty Trucks_Diesel_Rigid 14 - 20 t_Euro III,,,-0.02,1,12,86,4.87E-05,-0.015725352,1.352718007,7.756651191,-4.05E-05,0.007047549,0.108117195,0,1,1,1 
HDVD_25,Heavy Duty Trucks_Diesel_Rigid 14 - 20 t_Euro III,,,0,0,12,86,9.49E-05,0.018116737,0.603459561,8.617132244,2.85E-05,0.005531334,0.065356101,0,1,1,1 
HDVD_25,Heavy Duty Trucks_Diesel_Rigid 14 - 20 t_Euro III,,,0,0.5,12,86,0.001411122,0.1584129,4.226200984,-24.13674347,0.000415109,0.041673427,-0.206272782,0,1,1,1 
HDVD_25,Heavy Duty Trucks_Diesel_Rigid 14 - 20 t_Euro III,,,0,1,12,86,0.003290056,0.311282478,6.905827286,4.222186158,0.001063687,0.052402647,0.092131239,0,1,1,1 
HDVD_25,Heavy Duty Trucks_Diesel_Rigid 14 - 20 t_Euro III,,,0.02,0,12,86,0.000139075,0.119440784,1.388718692,13.5058246,3.07E-05,0.020237241,0.048464567,0,1,1,1 
HDVD_25,Heavy Duty Trucks_Diesel_Rigid 14 - 20 t_Euro III,,,0.02,0.5,12,86,0.010849069,1.826036099,11.94017306,3.007804738,0.001899147,0.223527168,-0.602506533,0,1,1,1 
HDVD_25,Heavy Duty Trucks_Diesel_Rigid 14 - 20 t_Euro III,,,0.02,1,12,86,0.009561925,1.958439483,7.740624348,18.15265134,0.001861699,0.178780938,-0.397983759,0,1,1,1 
HDVD_25,Heavy Duty Trucks_Diesel_Rigid 14 - 20 t_Euro III,,,0.04,0,12,86,0.004059943,0.662164363,1.217667173,31.67823709,0.000658937,0.065693272,-0.095629192,0,1,1,1 
HDVD_25,Heavy Duty Trucks_Diesel_Rigid 14 - 20 t_Euro III,,,0.04,0.5,12,86,0.006783748,1.038919506,-1.164979608,16.38843381,0.001002305,0.073560093,-0.291468047,0,1,1,1 
HDVD_25,Heavy Duty Trucks_Diesel_Rigid 14 - 20 t_Euro III,,,0.04,1,12,79,0.000482472,0.128662997,4.553765963,43.07561344,3.15E-05,0.010723712,0.326687991,0,1,1,1 
HDVD_25,Heavy Duty Trucks_Diesel_Rigid 14 - 20 t_Euro III,,,0.06,0,12,86,0.007189712,0.904130774,-3.796555913,16.04329875,0.001060037,0.058760525,-0.33889447,0,1,1,1 
HDVD_25,Heavy Duty Trucks_Diesel_Rigid 14 - 20 t_Euro III,,,0.06,0.5,12,73,0.010707363,1.426902832,6.323244666,20.29262923,0.000770519,0.108212031,-0.199415841,0,1,1,1 
HDVD_25,Heavy Duty Trucks_Diesel_Rigid 14 - 20 t_Euro III,,,0.06,1,12,62,0.04050211,5.144750005,18.26230863,-5.962191936,0.002814316,0.296237559,-0.612070903,0,1,1,1 
HDVD_26,Heavy Duty Trucks_Diesel_Rigid 14 - 20 t_Euro IV,,,-0.06,0,12,86,3.85E-05,-0.008118737,0.437449227,4.15803892,0.000186619,0.004935195,0.143161973,0,1,1,1 
HDVD_26,Heavy Duty Trucks_Diesel_Rigid 14 - 20 t_Euro IV,,,-0.06,0.5,12,86,3.96E-05,-0.007965937,0.408898775,3.028129402,0.000186986,0.00331547,0.137155801,0,1,1,1 
HDVD_26,Heavy Duty Trucks_Diesel_Rigid 14 - 20 t_Euro IV,,,-0.06,1,12,85,-0.000434305,0.008606854,2.462333054,-0.182397159,0.003104675,-0.00439779,0.523255239,0,1,1,1 
HDVD_26,Heavy Duty Trucks_Diesel_Rigid 14 - 20 t_Euro IV,,,-0.04,0,12,86,3.67E-05,-0.010090695,0.781515757,4.286802591,8.53E-05,0.009675156,0.13725835,0,1,1,1 
HDVD_26,Heavy Duty Trucks_Diesel_Rigid 14 - 20 t_Euro IV,,,-0.04,0.5,12,86,-0.000537476,0.025094305,2.358927194,-1.795480067,0.000941326,0.035005517,0.091732746,0,1,1,1 
HDVD_26,Heavy Duty Trucks_Diesel_Rigid 14 - 20 t_Euro IV,,,-0.04,1,12,86,-0.000467797,0.01980732,2.07738411,-1.556396201,0.000834911,0.024619859,0.153189775,0,1,1,1 
HDVD_26,Heavy Duty Trucks_Diesel_Rigid 14 - 20 t_Euro IV,,,-0.02,0,12,86,0.000441562,-0.010295276,1.088968952,6.427412502,0.000302466,0.005145739,0.202088516,0,1,1,1 
HDVD_26,Heavy Duty Trucks_Diesel_Rigid 14 - 20 t_Euro IV,,,-0.02,0.5,12,86,-3.21E-05,0.082840678,4.094404048,-8.297173952,0.001258196,0.049779101,0.065855245,0,1,1,1 
HDVD_26,Heavy Duty Trucks_Diesel_Rigid 14 - 20 t_Euro IV,,,-0.02,1,12,86,3.09E-05,-0.01654457,1.323692737,-10.53171612,-0.000153499,0.014925131,-0.109045467,0,1,1,1 
HDVD_26,Heavy Duty Trucks_Diesel_Rigid 14 - 20 t_Euro IV,,,0,0,12,86,0.001968568,0.021949759,2.639396877,14.39766534,0.000650253,0.017996848,0.356015668,0,1,1,1 
HDVD_26,Heavy Duty Trucks_Diesel_Rigid 14 - 20 t_Euro IV,,,0,0.5,12,86,0.004542586,0.219170782,3.486444638,-9.137763721,0.001779704,0.055878993,-0.100292168,0,1,1,1 
HDVD_26,Heavy Duty Trucks_Diesel_Rigid 14 - 20 t_Euro IV,,,0,1,12,86,0.00190925,0.201683883,4.280735907,3.130104974,0.000837321,0.050614406,0.185122169,0,1,1,1 
HDVD_26,Heavy Duty Trucks_Diesel_Rigid 14 - 20 t_Euro IV,,,0.02,0,12,86,0.023751089,0.442843421,4.464256389,13.00614752,0.005396375,0.077473912,0.05475983,0,1,1,1 
HDVD_26,Heavy Duty Trucks_Diesel_Rigid 14 - 20 t_Euro IV,,,0.02,0.5,12,86,0.002356849,0.446644781,1.832203239,11.67628155,0.000555626,0.071305052,-0.033514986,0,1,1,1 
HDVD_26,Heavy Duty Trucks_Diesel_Rigid 14 - 20 t_Euro IV,,,0.02,1,12,86,0.007979898,1.209955905,-3.506524748,-10.83378038,0.00198459,0.131728539,-0.821785104,0,1,1,1 
HDVD_26,Heavy Duty Trucks_Diesel_Rigid 14 - 20 t_Euro IV,,,0.04,0,12,86,0.002221541,0.257625569,-0.430600608,9.723565434,0.000408272,0.034386094,-0.085150041,0,1,1,1 
HDVD_26,Heavy Duty Trucks_Diesel_Rigid 14 - 20 t_Euro IV,,,0.04,0.5,12,86,0.00062731,0.202551985,5.395523967,9.924373701,0.000143394,0.025906422,0.415342131,0,1,1,1 
HDVD_26,Heavy Duty Trucks_Diesel_Rigid 14 - 20 t_Euro IV,,,0.04,1,12,81,0.000119504,0.088456117,4.434489564,14.19848992,2.56E-05,0.010935492,0.34980912,0,1,1,1 
HDVD_26,Heavy Duty Trucks_Diesel_Rigid 14 - 20 t_Euro IV,,,0.06,0,12,86,0.000384071,0.135884437,4.247191774,9.567235709,8.13E-05,0.017919259,0.367341458,0,1,1,1 
HDVD_26,Heavy Duty Trucks_Diesel_Rigid 14 - 20 t_Euro IV,,,0.06,0.5,12,77,0.000121632,0.20708363,11.88204547,37.42022748,3.10E-05,0.024679984,0.923250746,0,1,1,1 
HDVD_26,Heavy Duty Trucks_Diesel_Rigid 14 - 20 t_Euro IV,,,0.06,1,12,62,0.028187805,3.083733783,-8.880136219,10.04897755,0.003206805,0.201210129,-0.928552545,0,1,1,1 
HDVD_26,Heavy Duty Trucks_Diesel_Rigid 14 - 20 t_Euro IV,,,-0.06,0,12,86,3.85E-05,-0.008118737,0.437449227,4.15803892,0.000186619,0.004935195,0.143161973,0,1,1,1 
HDVD_26,Heavy Duty Trucks_Diesel_Rigid 14 - 20 t_Euro IV,,,-0.06,0.5,12,86,3.96E-05,-0.007965937,0.408898775,3.028129402,0.000186986,0.00331547,0.137155801,0,1,1,1 
HDVD_26,Heavy Duty Trucks_Diesel_Rigid 14 - 20 t_Euro IV,,,-0.06,1,12,85,-0.000434305,0.008606854,2.462333054,-0.182397159,0.003104675,-0.00439779,0.523255239,0,1,1,1 
HDVD_26,Heavy Duty Trucks_Diesel_Rigid 14 - 20 t_Euro IV,,,-0.04,0,12,86,3.67E-05,-0.010090695,0.781515757,4.286802591,8.53E-05,0.009675156,0.13725835,0,1,1,1 
HDVD_26,Heavy Duty Trucks_Diesel_Rigid 14 - 20 t_Euro IV,,,-0.04,1,12,86,-0.000467797,0.01980732,2.07738411,-1.556396201,0.000834911,0.024619859,0.153189775,0,1,1,1 
HDVD_26,Heavy Duty Trucks_Diesel_Rigid 14 - 20 t_Euro IV,,,-0.02,0,12,86,0.000441562,-0.010295276,1.088968952,6.427412502,0.000302466,0.005145739,0.202088516,0,1,1,1 
HDVD_26,Heavy Duty Trucks_Diesel_Rigid 14 - 20 t_Euro IV,,,-0.02,1,12,86,3.09E-05,-0.01654457,1.323692737,-10.53171612,-0.000153499,0.014925131,-0.109045467,0,1,1,1 
HDVD_26,Heavy Duty Trucks_Diesel_Rigid 14 - 20 t_Euro IV,,,0,0,12,86,0.001968568,0.021949759,2.639396877,14.39766534,0.000650253,0.017996848,0.356015668,0,1,1,1 
HDVD_26,Heavy Duty Trucks_Diesel_Rigid 14 - 20 t_Euro IV,,,0,1,12,86,0.00190925,0.201683883,4.280735907,3.130104974,0.000837321,0.050614406,0.185122169,0,1,1,1 
HDVD_26,Heavy Duty Trucks_Diesel_Rigid 14 - 20 t_Euro IV,,,0.02,0,12,86,0.023751089,0.442843421,4.464256389,13.00614752,0.005396375,0.077473912,0.05475983,0,1,1,1 
HDVD_26,Heavy Duty Trucks_Diesel_Rigid 14 - 20 t_Euro IV,,,0.02,1,12,86,0.007979898,1.209955905,-3.506524748,-10.83378038,0.00198459,0.131728539,-0.821785104,0,1,1,1 
HDVD_26,Heavy Duty Trucks_Diesel_Rigid 14 - 20 t_Euro IV,,,0.04,0,12,86,0.002221541,0.257625569,-0.430600608,9.723565434,0.000408272,0.034386094,-0.085150041,0,1,1,1 
HDVD_26,Heavy Duty Trucks_Diesel_Rigid 14 - 20 t_Euro IV,,,0.04,1,12,81,0.000119504,0.088456117,4.434489564,14.19848992,2.56E-05,0.010935492,0.34980912,0,1,1,1 
HDVD_26,Heavy Duty Trucks_Diesel_Rigid 14 - 20 t_Euro IV,,,0.06,0,12,86,0.000384071,0.135884437,4.247191774,9.567235709,8.13E-05,0.017919259,0.367341458,0,1,1,1 
HDVD_26,Heavy Duty Trucks_Diesel_Rigid 14 - 20 t_Euro IV,,,0.06,0.5,12,77,0.000121632,0.20708363,11.88204547,37.42022748,3.10E-05,0.024679984,0.923250746,0,1,1,1 
HDVD_26,Heavy Duty Trucks_Diesel_Rigid 14 - 20 t_Euro IV,,,0.06,1,12,62,0.028187805,3.083733783,-8.880136219,10.04897755,0.003206805,0.201210129,-0.928552545,0,1,1,1 
HDVD_27,Heavy Duty Trucks_Diesel_Rigid 14 - 20 t_Euro V,SCR,,-0.06,0,5,65,-0.008425828,0.599224546,-2.857114758,0.661150776,0.006129295,-0.027539836,-0.011522389,0,1,1,1 
HDVD_27,Heavy Duty Trucks_Diesel_Rigid 14 - 20 t_Euro V,SCR,,-0.06,0.5,5,75,-0.00078022,0.071738007,-0.856166308,4.857002078,0.001034501,-0.014817543,0.077814852,0,1,1,1 
HDVD_27,Heavy Duty Trucks_Diesel_Rigid 14 - 20 t_Euro V,SCR,,-0.06,1,5,80,-0.000420086,0.039498912,-0.489237455,2.727197275,0.000619246,-0.009164652,0.046874438,0,1,1,1 
HDVD_27,Heavy Duty Trucks_Diesel_Rigid 14 - 20 t_Euro V,SCR,,-0.04,0,5,85,-0.002679156,0.27215549,-1.641026178,3.130589091,0.002582886,-0.016611331,0.034504447,0,1,1,1 
HDVD_27,Heavy Duty Trucks_Diesel_Rigid 14 - 20 t_Euro V,SCR,,-0.04,0.5,5,85,-0.003529061,0.341306836,-2.000745559,4.39903023,0.003132874,-0.020519233,0.052352347,0,1,1,1 
HDVD_27,Heavy Duty Trucks_Diesel_Rigid 14 - 20 t_Euro V,SCR,,-0.04,1,5,85,-0.003855899,0.373239418,-2.154959149,4.44447594,0.003453447,-0.022291826,0.054241407,0,1,1,1 
HDVD_27,Heavy Duty Trucks_Diesel_Rigid 14 - 20 t_Euro V,SCR,,-0.02,0,5,85,0.000340912,-0.035896624,2.782888111,4.48299419,-8.63E-05,0.018314737,0.088374711,0,1,1,1 
HDVD_27,Heavy Duty Trucks_Diesel_Rigid 14 - 20 t_Euro V,SCR,,-0.02,0.5,5,85,-0.001277605,0.872799357,-2.98466161,7.923622934,0.006729855,-0.021994954,0.082266538,0,1,1,1 
HDVD_27,Heavy Duty Trucks_Diesel_Rigid 14 - 20 t_Euro V,SCR,,-0.02,1,5,85,-0.004494654,1.03352881,-3.302454758,5.229526191,0.006615299,-0.011825101,0.030437074,0,1,1,1 
HDVD_27,Heavy Duty Trucks_Diesel_Rigid 14 - 20 t_Euro V,SCR,,0,0,5,85,-0.00105347,0.050130342,4.957789959,5.574928531,-0.000215786,0.034058261,0.118252617,0,1,1,1 
HDVD_27,Heavy Duty Trucks_Diesel_Rigid 14 - 20 t_Euro V,SCR,,0,0.5,5,85,-0.000951093,0.054122396,4.618196915,7.77365525,1.50E-05,0.023893003,0.145234976,0,1,1,1 
HDVD_27,Heavy Duty Trucks_Diesel_Rigid 14 - 20 t_Euro V,SCR,,0,1,5,85,-0.034936359,4.027017661,3.796523013,3.430136827,0.013202032,0.126920968,2.65E-11,0,1,1,1 
HDVD_27,Heavy Duty Trucks_Diesel_Rigid 14 - 20 t_Euro V,SCR,,0.02,0,5,85,0.000313139,-0.041652187,1.474449588,7.055512487,3.26E-06,0.000610832,0.105743531,0,1,1,1 
HDVD_27,Heavy Duty Trucks_Diesel_Rigid 14 - 20 t_Euro V,SCR,,0.02,0.5,5,85,0.000215356,-0.019441303,0.612897299,2.458088295,3.84E-05,-0.000202189,0.036672997,0,1,1,1 
HDVD_27,Heavy Duty Trucks_Diesel_Rigid 14 - 20 t_Euro V,SCR,,0.02,1,5,85,0.001019604,-0.061007005,1.905922554,4.758055801,0.000264499,0.000154339,0.082415989,0,1,1,1 
HDVD_27,Heavy Duty Trucks_Diesel_Rigid 14 - 20 t_Euro V,SCR,,0.04,0,5,85,0.000671491,-0.047078003,1.164074477,7.235072073,0.000166631,-0.003302763,0.100863165,0,1,1,1 
HDVD_27,Heavy Duty Trucks_Diesel_Rigid 14 - 20 t_Euro V,SCR,,0.04,0.5,5,85,0.001750575,-0.084558336,2.290553528,5.496259794,0.000414543,-0.000619386,0.089822569,0,1,1,1 
HDVD_27,Heavy Duty Trucks_Diesel_Rigid 14 - 20 t_Euro V,SCR,,0.04,1,5,80,0.006853301,-0.189200999,5.292312731,1.690351198,0.001631285,0.004470421,0.089448365,0,1,1,1 
HDVD_27,Heavy Duty Trucks_Diesel_Rigid 14 - 20 t_Euro V,SCR,,0.06,0,5,85,0.001355141,-0.066112702,1.560785302,5.712502398,0.000325103,-0.002352119,0.085372296,0,1,1,1 
HDVD_27,Heavy Duty Trucks_Diesel_Rigid 14 - 20 t_Euro V,SCR,,0.06,0.5,5,80,0.007725622,-0.230864197,5.700753391,3.487859494,0.001600041,0.003262433,0.10697793,0,1,1,1 
HDVD_27,Heavy Duty Trucks_Diesel_Rigid 14 - 20 t_Euro V,SCR,,0.06,1,5,60,0.033336867,-0.593802575,10.5424196,3.289462995,0.006229768,-0.009810674,0.170688453,0,1,1,1 
HDVD_27,Heavy Duty Trucks_Diesel_Rigid 14 - 20 t_Euro V,EGR,,-0.06,0,5,85,-0.000434036,0.043977437,-0.327647129,2.242698677,0.00095138,-0.00962122,0.054384887,0,1,1,1 
HDVD_27,Heavy Duty Trucks_Diesel_Rigid 14 - 20 t_Euro V,EGR,,-0.06,0.5,5,85,-0.000464505,0.047828247,-0.394686871,2.583866047,0.001054741,-0.011545428,0.062709485,0,1,1,1 
HDVD_27,Heavy Duty Trucks_Diesel_Rigid 14 - 20 t_Euro V,EGR,,-0.06,1,5,85,-0.000485637,0.051071187,-0.445187963,2.90333058,0.001226393,-0.014075195,0.075430829,0,1,1,1 
HDVD_27,Heavy Duty Trucks_Diesel_Rigid 14 - 20 t_Euro V,EGR,,-0.04,0,5,85,-0.004005392,0.442678396,-2.848112257,5.440529295,0.006541493,-0.045534832,0.093103452,0,1,1,1 
HDVD_27,Heavy Duty Trucks_Diesel_Rigid 14 - 20 t_Euro V,EGR,,-0.04,0.5,5,85,-0.002136962,0.222842813,-1.367738351,2.745723161,0.003210343,-0.021850695,0.048469965,0,1,1,1 
HDVD_27,Heavy Duty Trucks_Diesel_Rigid 14 - 20 t_Euro V,EGR,,-0.04,1,5,85,-0.002246551,0.229884205,-1.382740997,2.756321409,0.003391321,-0.022704659,0.050749754,0,1,1,1 
HDVD_27,Heavy Duty Trucks_Diesel_Rigid 14 - 20 t_Euro V,EGR,,-0.02,0,5,85,0.000527868,-0.010549676,1.790930015,2.357242706,0.000387087,0.016003629,0.077577408,0,1,1,1 
HDVD_27,Heavy Duty Trucks_Diesel_Rigid 14 - 20 t_Euro V,EGR,,-0.02,0.5,5,85,-0.000876523,0.381472667,-1.788297668,3.85294832,0.005096285,-0.025691623,0.06303307,0,1,1,1 
HDVD_27,Heavy Duty Trucks_Diesel_Rigid 14 - 20 t_Euro V,EGR,,-0.02,1,5,85,-0.006918253,1.286132675,-3.549982006,-2.715980859,0.014277524,-0.016735159,-0.113349803,0,1,1,1 
HDVD_27,Heavy Duty Trucks_Diesel_Rigid 14 - 20 t_Euro V,EGR,,0,0,5,85,0.004427498,0.111237826,1.73235651,5.265874655,0.002649641,0.005336172,0.14327308,0,1,1,1 
HDVD_27,Heavy Duty Trucks_Diesel_Rigid 14 - 20 t_Euro V,EGR,,0,0.5,5,85,0.005282253,0.180367198,0.128847408,4.582351315,0.003207324,-0.009604071,0.100313131,0,1,1,1 
HDVD_27,Heavy Duty Trucks_Diesel_Rigid 14 - 20 t_Euro V,EGR,,0,1,5,85,0.011207866,0.444190547,-0.66031207,5.968595921,0.006649854,-0.018881201,0.121850514,0,1,1,1 
HDVD_27,Heavy Duty Trucks_Diesel_Rigid 14 - 20 t_Euro V,EGR,,0.02,0,5,85,0.010327738,0.151613773,1.270995682,5.460314417,0.003673745,-0.003679444,0.138780728,0,1,1,1 
HDVD_27,Heavy Duty Trucks_Diesel_Rigid 14 - 20 t_Euro V,EGR,,0.02,0.5,5,85,0.012594981,0.134495489,0.398083771,6.053126603,0.003537434,-0.01387554,0.128977174,0,1,1,1 
HDVD_27,Heavy Duty Trucks_Diesel_Rigid 14 - 20 t_Euro V,EGR,,0.02,1,5,85,0.018109119,0.115117343,-0.402846886,9.68843836,0.004290479,-0.02971513,0.18382318,0,1,1,1 
HDVD_27,Heavy Duty Trucks_Diesel_Rigid 14 - 20 t_Euro V,EGR,,0.04,0,5,85,0.017165521,0.048796743,1.715968763,11.86405332,0.003936952,-0.016796926,0.262368162,0,1,1,1 
HDVD_27,Heavy Duty Trucks_Diesel_Rigid 14 - 20 t_Euro V,EGR,,0.04,0.5,5,85,0.033269271,0.072718369,-1.198624057,14.34664295,0.006197769,-0.051285889,0.249156395,0,1,1,1 
HDVD_27,Heavy Duty Trucks_Diesel_Rigid 14 - 20 t_Euro V,EGR,,0.04,1,5,80,-0.016631381,1.391481883,19.65860767,-5.253592925,-0.002560208,0.259696988,1.48E-14,0,1,1,1 
HDVD_27,Heavy Duty Trucks_Diesel_Rigid 14 - 20 t_Euro V,EGR,,0.06,0,5,85,0.011715613,-0.044835426,0.010152616,8.798958861,0.002091731,-0.02334021,0.163443289,0,1,1,1 
HDVD_27,Heavy Duty Trucks_Diesel_Rigid 14 - 20 t_Euro V,EGR,,0.06,0.5,5,80,-0.034518832,2.939132389,36.5045843,-6.495031579,-0.00470348,0.483973597,1.31E-10,0,1,1,1 
HDVD_27,Heavy Duty Trucks_Diesel_Rigid 14 - 20 t_Euro V,EGR,,0.06,1,5,60,0.004226354,0.935252973,5.50762467,-25.04262832,0.000913807,0.106487357,-0.328696495,0,1,1,1 
HDVD_28,Heavy Duty Trucks_Diesel_Rigid 14 - 20 t_Euro VI,,,-0.06,0,5,80,6.10E-05,-0.013266243,0.658297785,1.923415168,-3.07E-05,0.008249796,0.091563166,0,1,1,1 
HDVD_28,Heavy Duty Trucks_Diesel_Rigid 14 - 20 t_Euro VI,,,-0.06,0.5,5,75,-0.000475149,0.045555316,-0.619206944,3.345472235,0.000773967,-0.012402241,0.080625235,0,1,1,1 
HDVD_28,Heavy Duty Trucks_Diesel_Rigid 14 - 20 t_Euro VI,,,-0.06,1,5,75,-0.009224959,0.709796815,0.070816016,-6.087165911,0.012706543,0.060872311,-0.285297094,0,1,1,1 
HDVD_28,Heavy Duty Trucks_Diesel_Rigid 14 - 20 t_Euro VI,,,-0.04,0,5,85,-3.95E-05,0.004170576,0.046524011,2.353917933,9.92E-05,-0.000904113,0.070849657,0,1,1,1 
HDVD_28,Heavy Duty Trucks_Diesel_Rigid 14 - 20 t_Euro VI,,,-0.04,0.5,5,85,-0.001627707,0.118232111,2.056124287,-0.427996832,0.00098896,0.065192328,2.01E-11,0,1,1,1 
HDVD_28,Heavy Duty Trucks_Diesel_Rigid 14 - 20 t_Euro VI,,,-0.04,1,5,80,-0.002390495,0.171560763,2.578943844,-7.911709011,0.001234457,0.104378021,-0.282764355,0,1,1,1 
HDVD_28,Heavy Duty Trucks_Diesel_Rigid 14 - 20 t_Euro VI,,,-0.02,0,5,85,0.007470705,0.764828848,-3.716072298,4.696986889,0.020742251,-0.100263655,0.128420432,0,1,1,1 
HDVD_28,Heavy Duty Trucks_Diesel_Rigid 14 - 20 t_Euro VI,,,-0.02,0.5,5,85,0.003109264,0.474788309,-2.809979682,1.70345241,0.014243873,-0.078854059,0.03567262,0,1,1,1 
HDVD_28,Heavy Duty Trucks_Diesel_Rigid 14 - 20 t_Euro VI,,,-0.02,1,5,85,0.000168772,0.154591362,-1.355459096,2.981109945,0.004714263,-0.04024873,0.086340091,0,1,1,1 
HDVD_28,Heavy Duty Trucks_Diesel_Rigid 14 - 20 t_Euro VI,,,0,0,5,85,-0.004563377,0.521905746,-1.949398731,2.59724013,0.014753692,-0.067048261,0.09662169,0,1,1,1 
HDVD_28,Heavy Duty Trucks_Diesel_Rigid 14 - 20 t_Euro VI,,,0,0.5,5,85,-0.000701726,0.121854999,-0.676372877,1.956424989,0.006168549,-0.03878633,0.082458898,0,1,1,1 
HDVD_28,Heavy Duty Trucks_Diesel_Rigid 14 - 20 t_Euro VI,,,0,1,5,85,-0.000222236,0.078215324,-0.517773749,1.949589558,0.00592523,-0.038852471,0.087035659,0,1,1,1 
HDVD_28,Heavy Duty Trucks_Diesel_Rigid 14 - 20 t_Euro VI,,,0.02,0,5,85,-0.00051437,0.208023976,0.030824086,1.754243363,0.016932041,-0.079848003,0.165186846,0,1,1,1 
HDVD_28,Heavy Duty Trucks_Diesel_Rigid 14 - 20 t_Euro VI,,,0.02,0.5,5,85,0.001974162,0.145731762,-0.76001223,5.676698965,0.02270168,-0.136811579,0.309050833,0,1,1,1 
HDVD_28,Heavy Duty Trucks_Diesel_Rigid 14 - 20 t_Euro VI,,,0.02,1,5,85,0.000620891,0.054536938,-0.430405969,1.946134524,0.007375262,-0.044804507,0.093887979,0,1,1,1 
HDVD_28,Heavy Duty Trucks_Diesel_Rigid 14 - 20 t_Euro VI,,,0.04,0,5,85,0.000914853,0.057035326,-0.195809801,2.309885633,0.009391865,-0.055009487,0.129315185,0,1,1,1 
HDVD_28,Heavy Duty Trucks_Diesel_Rigid 14 - 20 t_Euro VI,,,0.04,0.5,5,85,0.00064031,0.074781968,-0.715889411,2.86039345,0.008200648,-0.052825842,0.116300516,0,1,1,1 
HDVD_28,Heavy Duty Trucks_Diesel_Rigid 14 - 20 t_Euro VI,,,0.04,1,5,80,0.000672009,0.085684077,-0.844615174,2.771032392,0.008193658,-0.051560648,0.105372051,0,1,1,1 
HDVD_28,Heavy Duty Trucks_Diesel_Rigid 14 - 20 t_Euro VI,,,0.06,0,5,85,0.000530546,0.055078487,-0.480163066,2.23065353,0.006335426,-0.040360229,0.093052248,0,1,1,1 
HDVD_28,Heavy Duty Trucks_Diesel_Rigid 14 - 20 t_Euro VI,,,0.06,0.5,5,80,0.001703002,0.095049809,-1.013159612,3.780245057,0.011166358,-0.067482435,0.141785397,0,1,1,1 
HDVD_28,Heavy Duty Trucks_Diesel_Rigid 14 - 20 t_Euro VI,,,0.06,1,5,65,0.009185846,-0.128362728,1.484115465,-3.976302943,0.017169372,-0.071312584,0.045745081,0,1,1,1 
HDVD_29,Heavy Duty Trucks_Diesel_Rigid 20 - 26 t_Conventional,,,-0.06,0,12,86,1.91E-05,-0.005134645,0.382278626,3.350007993,2.93E-05,0.002382602,0.032146254,0,1,1,1 
HDVD_29,Heavy Duty Trucks_Diesel_Rigid 20 - 26 t_Conventional,,,-0.06,0.5,12,86,2.96E-05,-0.00764641,0.543222491,3.689186392,3.98E-05,0.003049258,0.045372311,0,1,1,1 
HDVD_29,Heavy Duty Trucks_Diesel_Rigid 20 - 26 t_Conventional,,,-0.06,1,12,86,-0.000342699,0.018294562,3.684509023,-1.497786023,0.001273649,0.003237269,0.225258944,0,1,1,1 
HDVD_29,Heavy Duty Trucks_Diesel_Rigid 20 - 26 t_Conventional,,,-0.04,0,12,86,4.99E-05,-0.014487519,1.206975184,6.550441806,3.38E-05,0.005268932,0.070405055,0,1,1,1 
HDVD_29,Heavy Duty Trucks_Diesel_Rigid 20 - 26 t_Conventional,,,-0.04,0.5,12,86,-0.001071374,0.060173777,5.28924939,-3.518322749,0.000679593,0.025174686,0.092329591,0,1,1,1 
HDVD_29,Heavy Duty Trucks_Diesel_Rigid 20 - 26 t_Conventional,,,-0.04,1,12,86,-0.000839887,0.04397706,4.404328394,-2.926988685,0.000548699,0.016285989,0.127942134,0,1,1,1 
HDVD_29,Heavy Duty Trucks_Diesel_Rigid 20 - 26 t_Conventional,,,-0.02,0,12,86,0.0004391,-0.011775275,2.912689934,13.46978506,0.000123805,0.009844151,0.131486385,0,1,1,1 
HDVD_29,Heavy Duty Trucks_Diesel_Rigid 20 - 26 t_Conventional,,,-0.02,0.5,12,86,-0.000978317,0.095193577,6.761334794,12.87338775,0.000289884,0.027445448,0.198877195,0,1,1,1 
HDVD_29,Heavy Duty Trucks_Diesel_Rigid 20 - 26 t_Conventional,,,-0.02,1,12,86,3.39E-05,-0.016572024,1.284084012,-9.008502118,-4.40E-05,0.00427377,-0.023929228,0,1,1,1 
HDVD_29,Heavy Duty Trucks_Diesel_Rigid 20 - 26 t_Conventional,,,0,0,12,86,0.000142599,0.057911238,5.381793658,28.35081347,-6.71E-05,0.020841162,0.203868576,0,1,1,1 
HDVD_29,Heavy Duty Trucks_Diesel_Rigid 20 - 26 t_Conventional,,,0,0.5,12,86,-0.000177452,0.077352228,6.724644429,24.69682249,-6.57E-05,0.019024848,0.224364702,0,1,1,1 
HDVD_29,Heavy Duty Trucks_Diesel_Rigid 20 - 26 t_Conventional,,,0,1,12,86,0.019257179,2.094613954,8.348225159,-32.16534221,0.003515954,0.084020898,-0.167063256,0,1,1,1 
HDVD_29,Heavy Duty Trucks_Diesel_Rigid 20 - 26 t_Conventional,,,0.02,0,12,86,0.000255786,0.063182322,4.10449822,16.60842846,-4.05E-05,0.01108541,0.137997907,0,1,1,1 
HDVD_29,Heavy Duty Trucks_Diesel_Rigid 20 - 26 t_Conventional,,,0.02,0.5,12,86,4.72E-05,0.030202932,1.535055045,3.934616637,-9.36E-06,0.002967593,0.041680542,0,1,1,1 
HDVD_29,Heavy Duty Trucks_Diesel_Rigid 20 - 26 t_Conventional,,,0.02,1,12,85,-5.84E-06,0.082397458,3.693572667,7.043011197,-1.59E-05,0.005497537,0.084519369,0,1,1,1 
HDVD_29,Heavy Duty Trucks_Diesel_Rigid 20 - 26 t_Conventional,,,0.04,0,12,86,0.000253942,0.077750672,3.909732847,10.57692675,-2.63E-05,0.007608522,0.11179719,0,1,1,1 
HDVD_29,Heavy Duty Trucks_Diesel_Rigid 20 - 26 t_Conventional,,,0.04,0.5,12,78,9.18E-05,0.027408964,1.244586519,8.314286271,2.38E-06,0.000951337,0.047603191,0,1,1,1 
HDVD_29,Heavy Duty Trucks_Diesel_Rigid 20 - 26 t_Conventional,,,0.04,1,12,63,0.019525686,-0.307964885,0.476210228,7.956133342,0.000551945,-0.010940369,0.05716577,0,1,1,1 
HDVD_29,Heavy Duty Trucks_Diesel_Rigid 20 - 26 t_Conventional,,,0.06,0,12,80,0.000557534,0.092754831,1.970806587,16.30545172,1.33E-05,0.003834321,0.081172333,0,1,1,1 
HDVD_29,Heavy Duty Trucks_Diesel_Rigid 20 - 26 t_Conventional,,,0.06,0.5,12,61,0.002104569,-0.077528283,1.384869812,6.798679332,5.67E-05,-0.002314881,0.04724075,0,1,1,1 
HDVD_29,Heavy Duty Trucks_Diesel_Rigid 20 - 26 t_Conventional,,,0.06,1,12,46,-0.040303323,1.861746541,3.584991795,3.07263132,-0.000817127,0.039862457,-0.025952506,0,1,1,1 
HDVD_30,Heavy Duty Trucks_Diesel_Rigid 20 - 26 t_Euro I,,,-0.06,0,12,86,1.41E-05,-0.004066484,0.329648878,3.239023678,3.14E-05,0.003011222,0.037164602,0,1,1,1 
HDVD_30,Heavy Duty Trucks_Diesel_Rigid 20 - 26 t_Euro I,,,-0.06,0.5,12,86,8.87E-06,-0.003266883,1.995710262,-6.907643486,0.000735103,0.004652717,0.047805722,0,1,1,1 
HDVD_30,Heavy Duty Trucks_Diesel_Rigid 20 - 26 t_Euro I,,,-0.06,1,12,86,-0.000233388,0.016018125,2.641903311,-1.831663898,0.001187846,0.006143498,0.169947143,0,1,1,1 
HDVD_30,Heavy Duty Trucks_Diesel_Rigid 20 - 26 t_Euro I,,,-0.04,0,12,86,-0.00064888,0.045559057,3.51635018,-4.13429347,0.000718358,0.024721982,0.022573404,0,1,1,1 
HDVD_30,Heavy Duty Trucks_Diesel_Rigid 20 - 26 t_Euro I,,,-0.04,0.5,12,86,-0.000668236,0.040328829,3.390812862,-2.376963072,0.000603525,0.022953032,0.064149098,0,1,1,1 
HDVD_30,Heavy Duty Trucks_Diesel_Rigid 20 - 26 t_Euro I,,,-0.04,1,12,86,-0.001006621,0.056335241,5.208226805,-3.254803469,0.000850112,0.030568367,0.164542434,0,1,1,1 
HDVD_30,Heavy Duty Trucks_Diesel_Rigid 20 - 26 t_Euro I,,,-0.02,0,12,86,0.000220517,-0.002521331,3.258053229,7.413530601,0.00010052,0.019759172,0.106607706,0,1,1,1 
HDVD_30,Heavy Duty Trucks_Diesel_Rigid 20 - 26 t_Euro I,,,-0.02,0.5,12,86,5.63E-05,-0.017075678,1.453265342,6.140080991,-2.23E-05,0.005124724,0.099827605,0,1,1,1 
HDVD_30,Heavy Duty Trucks_Diesel_Rigid 20 - 26 t_Euro I,,,-0.02,1,12,86,-0.001600853,0.104425931,8.603995127,14.51078114,0.000315793,0.039907831,0.390028501,0,1,1,1 
HDVD_30,Heavy Duty Trucks_Diesel_Rigid 20 - 26 t_Euro I,,,0,0,12,86,0.00010687,0.036299171,3.419597879,18.93612149,-6.16E-05,0.018776434,0.183276536,0,1,1,1 
HDVD_30,Heavy Duty Trucks_Diesel_Rigid 20 - 26 t_Euro I,,,0,0.5,12,86,0.002396569,0.103913424,10.52955436,27.05135521,0.000335065,0.034049417,0.468210012,0,1,1,1 
HDVD_30,Heavy Duty Trucks_Diesel_Rigid 20 - 26 t_Euro I,,,0,1,12,86,-0.008960348,0.086613619,68.60182762,252.8504184,-0.002188833,0.170522415,3.34722288,0,1,1,1 
HDVD_30,Heavy Duty Trucks_Diesel_Rigid 20 - 26 t_Euro I,,,0.02,0,12,86,0.000188323,0.062994919,3.860846152,13.76446986,-4.96E-05,0.014313469,0.179757138,0,1,1,1 
HDVD_30,Heavy Duty Trucks_Diesel_Rigid 20 - 26 t_Euro I,,,0.02,0.5,12,86,0.003216786,0.484762108,2.235421005,-28.80625689,0.000259141,0.041694838,-0.244036576,0,1,1,1 
HDVD_30,Heavy Duty Trucks_Diesel_Rigid 20 - 26 t_Euro I,,,0.02,1,12,85,-0.000142227,0.064133322,3.043102794,5.358449403,-2.03E-05,0.006190705,0.100842234,0,1,1,1 
HDVD_30,Heavy Duty Trucks_Diesel_Rigid 20 - 26 t_Euro I,,,0.04,0,12,86,0.001468395,0.222711602,3.750124637,27.69233749,8.88E-05,0.017955573,0.204268158,0,1,1,1 
HDVD_30,Heavy Duty Trucks_Diesel_Rigid 20 - 26 t_Euro I,,,0.04,0.5,12,79,0.00119738,0.295187034,2.225979433,6.415157671,7.09E-05,0.015860759,0.041155952,0,1,1,1 
HDVD_30,Heavy Duty Trucks_Diesel_Rigid 20 - 26 t_Euro I,,,0.04,1,12,64,0.003052919,0.361428653,-1.002459979,-9.103024683,0.000155187,0.01369234,-0.094190747,0,1,1,1 
HDVD_30,Heavy Duty Trucks_Diesel_Rigid 20 - 26 t_Euro I,,,0.06,0,12,83,0.002675928,0.318299853,3.300331083,15.15490957,0.000150604,0.018688853,0.108876179,0,1,1,1 
HDVD_30,Heavy Duty Trucks_Diesel_Rigid 20 - 26 t_Euro I,,,0.06,0.5,12,62,0.009485749,1.139735599,1.529486109,-6.210110251,0.00042085,0.044202507,-0.105067417,0,1,1,1 
HDVD_30,Heavy Duty Trucks_Diesel_Rigid 20 - 26 t_Euro I,,,0.06,1,12,46,-0.01206806,0.57951315,0.034204345,2.743003352,-0.000365439,0.018363169,-0.035166578,0,1,1,1 
HDVD_31,Heavy Duty Trucks_Diesel_Rigid 20 - 26 t_Euro II,,,-0.06,0,12,86,1.60E-05,-0.00470983,0.392057259,3.586082202,3.09E-05,0.003211429,0.038137431,0,1,1,1 
HDVD_31,Heavy Duty Trucks_Diesel_Rigid 20 - 26 t_Euro II,,,-0.06,0.5,12,86,7.00E-06,-0.002752021,2.174492287,-7.643725601,0.000708011,0.004903396,0.046027561,0,1,1,1 
HDVD_31,Heavy Duty Trucks_Diesel_Rigid 20 - 26 t_Euro II,,,-0.06,1,12,86,-0.000218358,0.016584441,2.802544514,-1.891407963,0.001131641,0.005646622,0.168611233,0,1,1,1 
HDVD_31,Heavy Duty Trucks_Diesel_Rigid 20 - 26 t_Euro II,,,-0.04,0,12,86,-0.000617829,0.04315461,3.281658302,-2.571735328,0.000552202,0.022227265,0.021723549,0,1,1,1 
HDVD_31,Heavy Duty Trucks_Diesel_Rigid 20 - 26 t_Euro II,,,-0.04,0.5,12,86,-0.000799569,0.049177854,4.153946657,-2.9405282,0.000667604,0.024686897,0.080048343,0,1,1,1 
HDVD_31,Heavy Duty Trucks_Diesel_Rigid 20 - 26 t_Euro II,,,-0.04,1,12,86,-0.000681304,0.039123498,3.582149739,-2.28521102,0.00054169,0.018503259,0.107633861,0,1,1,1 
HDVD_31,Heavy Duty Trucks_Diesel_Rigid 20 - 26 t_Euro II,,,-0.02,0,12,86,0.000176774,-0.003066044,2.514946995,6.739553972,6.73E-05,0.013147092,0.086744446,0,1,1,1 
HDVD_31,Heavy Duty Trucks_Diesel_Rigid 20 - 26 t_Euro II,,,-0.02,0.5,12,86,-0.000761789,0.074345941,5.236623474,10.25284016,0.000289227,0.026751059,0.188976479,0,1,1,1 
HDVD_31,Heavy Duty Trucks_Diesel_Rigid 20 - 26 t_Euro II,,,-0.02,1,12,86,-0.001607704,0.106543082,8.835444468,15.28771758,0.000310866,0.037680877,0.354238297,0,1,1,1 
HDVD_31,Heavy Duty Trucks_Diesel_Rigid 20 - 26 t_Euro II,,,0,0,12,86,0.000108957,0.045402683,4.272947456,22.62377621,-6.64E-05,0.020722919,0.201510747,0,1,1,1 
HDVD_31,Heavy Duty Trucks_Diesel_Rigid 20 - 26 t_Euro II,,,0,0.5,12,86,-0.0001232,0.055209662,5.055635991,19.46579309,-6.33E-05,0.018477003,0.211975624,0,1,1,1 
HDVD_31,Heavy Duty Trucks_Diesel_Rigid 20 - 26 t_Euro II,,,0,1,12,86,-0.000380171,0.011224693,3.399055834,12.57415585,-8.83E-05,0.008587833,0.144095652,0,1,1,1 
HDVD_31,Heavy Duty Trucks_Diesel_Rigid 20 - 26 t_Euro II,,,0.02,0,12,86,0.000163522,0.038926945,1.447453895,19.20747706,1.19E-05,0.004339181,0.133612277,0,1,1,1 
HDVD_31,Heavy Duty Trucks_Diesel_Rigid 20 - 26 t_Euro II,,,0.02,0.5,12,86,0.000868039,0.296424262,6.843588379,15.90863013,5.12E-05,0.027902447,0.176737093,0,1,1,1 
HDVD_31,Heavy Duty Trucks_Diesel_Rigid 20 - 26 t_Euro II,,,0.02,1,12,86,-0.000148017,0.064149552,3.354080703,6.82540239,-2.18E-05,0.006478873,0.101029789,0,1,1,1 
HDVD_31,Heavy Duty Trucks_Diesel_Rigid 20 - 26 t_Euro II,,,0.04,0,12,86,0.014708404,2.391143917,26.51203708,-23.77396872,0.000893543,0.199282259,-0.100604441,0,1,1,1 
HDVD_31,Heavy Duty Trucks_Diesel_Rigid 20 - 26 t_Euro II,,,0.04,0.5,12,82,0.004171074,0.630312258,1.660249387,-7.740396961,0.000272476,0.031396726,-0.100032043,0,1,1,1 
HDVD_31,Heavy Duty Trucks_Diesel_Rigid 20 - 26 t_Euro II,,,0.04,1,12,68,0.003432263,0.274211719,3.119891732,7.124737013,0.00016009,0.011135113,0.058942679,0,1,1,1 
HDVD_31,Heavy Duty Trucks_Diesel_Rigid 20 - 26 t_Euro II,,,0.06,0,12,86,0.00222402,0.161616,1.71647184,5.486135704,0.000133468,0.008899833,0.03736238,0,1,1,1 
HDVD_31,Heavy Duty Trucks_Diesel_Rigid 20 - 26 t_Euro II,,,0.06,0.5,12,65,0.008020562,1.021466746,2.640873148,-3.837255747,0.000367515,0.039750422,-0.086147685,0,1,1,1 
HDVD_31,Heavy Duty Trucks_Diesel_Rigid 20 - 26 t_Euro II,,,0.06,1,12,51,0.041628298,-0.118549038,-3.672185046,-1.597045213,0.001428948,-0.013369596,-0.027507379,0,1,1,1 
HDVD_32,Heavy Duty Trucks_Diesel_Rigid 20 - 26 t_Euro III,,,-0.06,0,12,86,-6.55E-06,0.00238922,1.440255166,-4.334283387,0.000543437,0.005143801,0.010790914,0,1,1,1 
HDVD_32,Heavy Duty Trucks_Diesel_Rigid 20 - 26 t_Euro III,,,-0.06,0.5,12,86,-2.80E-06,0.000856526,1.494686559,-4.715993221,0.000568788,0.004959441,0.021147432,0,1,1,1 
HDVD_32,Heavy Duty Trucks_Diesel_Rigid 20 - 26 t_Euro III,,,-0.06,1,12,86,0.000328954,-0.009382881,3.991330087,0.805681776,0.002024174,-0.003367953,0.35529098,0,1,1,1 
HDVD_32,Heavy Duty Trucks_Diesel_Rigid 20 - 26 t_Euro III,,,-0.04,0,12,86,1.23E-05,-0.004575323,0.518914819,3.998867441,1.78E-05,0.004114425,0.038810279,0,1,1,1 
HDVD_32,Heavy Duty Trucks_Diesel_Rigid 20 - 26 t_Euro III,,,-0.04,0.5,12,86,2.48E-05,-0.007634512,0.686577369,4.01535569,2.20E-05,0.004414691,0.05372354,0,1,1,1 
HDVD_32,Heavy Duty Trucks_Diesel_Rigid 20 - 26 t_Euro III,,,-0.04,1,12,86,-0.000482781,0.039629271,4.088067016,-3.596291561,0.000983391,0.016898365,0.156434756,0,1,1,1 
HDVD_32,Heavy Duty Trucks_Diesel_Rigid 20 - 26 t_Euro III,,,-0.02,0,12,86,0.000413778,-0.012593524,2.432935389,10.62970767,0.000172944,0.011170629,0.13977836,0,1,1,1 
HDVD_32,Heavy Duty Trucks_Diesel_Rigid 20 - 26 t_Euro III,,,-0.02,0.5,12,86,-0.000506644,0.070257793,4.185075405,5.689720421,0.00039084,0.026305125,0.122665463,0,1,1,1 
HDVD_32,Heavy Duty Trucks_Diesel_Rigid 20 - 26 t_Euro III,,,-0.02,1,12,86,-0.001065505,0.093205583,6.625985805,10.3193872,0.000384475,0.035624306,0.260518873,0,1,1,1 
HDVD_32,Heavy Duty Trucks_Diesel_Rigid 20 - 26 t_Euro III,,,0,0,12,86,0.000911003,0.037126213,2.644100988,11.24424594,0.000180332,0.014140705,0.119029527,0,1,1,1 
HDVD_32,Heavy Duty Trucks_Diesel_Rigid 20 - 26 t_Euro III,,,0,0.5,12,86,0.000607971,0.033665913,3.219782343,9.717785161,9.89E-05,0.012655087,0.144598126,0,1,1,1 
HDVD_32,Heavy Duty Trucks_Diesel_Rigid 20 - 26 t_Euro III,,,0,1,12,86,0.000679528,0.136702784,13.40671431,31.92971128,6.38E-05,0.047530469,0.527323041,0,1,1,1 
HDVD_32,Heavy Duty Trucks_Diesel_Rigid 20 - 26 t_Euro III,,,0.02,0,12,86,0.001874544,0.068921659,2.694010978,15.66814738,0.000226468,0.011638377,0.14985853,0,1,1,1 
HDVD_32,Heavy Duty Trucks_Diesel_Rigid 20 - 26 t_Euro III,,,0.02,0.5,12,86,0.00235513,0.403670904,1.887385397,-34.41238465,0.000311097,0.039838312,-0.297832055,0,1,1,1 
HDVD_32,Heavy Duty Trucks_Diesel_Rigid 20 - 26 t_Euro III,,,0.02,1,12,86,0.00228075,0.402315553,-0.527778173,-27.32886415,0.000325806,0.026211327,-0.253062039,0,1,1,1 
HDVD_32,Heavy Duty Trucks_Diesel_Rigid 20 - 26 t_Euro III,,,0.04,0,12,86,0.006990701,1.448573268,8.743994087,40.50498618,0.000935743,0.124874205,-0.016671081,0,1,1,1 
HDVD_32,Heavy Duty Trucks_Diesel_Rigid 20 - 26 t_Euro III,,,0.04,0.5,12,83,-0.000299628,0.268959871,13.34087082,28.04104055,-9.56E-05,0.030764756,0.451928491,0,1,1,1 
HDVD_32,Heavy Duty Trucks_Diesel_Rigid 20 - 26 t_Euro III,,,0.04,1,12,69,-0.000123142,0.056892099,2.363949313,3.771962811,-1.69E-05,0.004636596,0.067642167,0,1,1,1 
HDVD_32,Heavy Duty Trucks_Diesel_Rigid 20 - 26 t_Euro III,,,0.06,0,12,86,0.010686388,1.751761898,6.570463603,-24.92395898,0.001069088,0.122761155,-0.401722445,0,1,1,1 
HDVD_32,Heavy Duty Trucks_Diesel_Rigid 20 - 26 t_Euro III,,,0.06,0.5,12,67,-2.28E-05,0.179372136,7.263027473,13.03008132,-5.14E-05,0.014970355,0.201038999,0,1,1,1 
HDVD_32,Heavy Duty Trucks_Diesel_Rigid 20 - 26 t_Euro III,,,0.06,1,12,52,-0.002306565,0.13513427,-0.332072981,-8.476931691,-0.000101151,0.006589502,-0.057138919,0,1,1,1 
HDVD_33,Heavy Duty Trucks_Diesel_Rigid 20 - 26 t_Euro IV,,,-0.06,0,12,86,4.35E-05,-0.008962417,0.465377591,4.999749381,0.000190839,0.004337347,0.141945711,0,1,1,1 
HDVD_33,Heavy Duty Trucks_Diesel_Rigid 20 - 26 t_Euro IV,,,-0.06,0.5,12,85,-0.000481354,0.009717949,2.695107473,-0.604264347,0.002854789,-0.002129992,0.425687961,0,1,1,1 
HDVD_33,Heavy Duty Trucks_Diesel_Rigid 20 - 26 t_Euro IV,,,-0.06,1,12,86,-0.000476268,0.008784876,2.815727411,-0.059679397,0.003022514,-0.006220102,0.520565079,0,1,1,1 
HDVD_33,Heavy Duty Trucks_Diesel_Rigid 20 - 26 t_Euro IV,,,-0.04,0,12,86,-0.000496063,0.025607303,2.19024027,-2.668590287,0.000816804,0.030240587,0.006133884,0,1,1,1 
HDVD_33,Heavy Duty Trucks_Diesel_Rigid 20 - 26 t_Euro IV,,,-0.04,0.5,12,86,-0.000860962,0.037053674,3.766308462,-2.949920319,0.001304658,0.040519453,0.202227574,0,1,1,1 
HDVD_33,Heavy Duty Trucks_Diesel_Rigid 20 - 26 t_Euro IV,,,-0.04,1,12,86,-0.000544708,0.020906561,2.583839236,-1.770181838,0.000885974,0.019174903,0.230417587,0,1,1,1 
HDVD_33,Heavy Duty Trucks_Diesel_Rigid 20 - 26 t_Euro IV,,,-0.02,0,12,86,0.000344945,-0.009433954,1.748540376,7.569840716,0.000239613,0.013208028,0.19537993,0,1,1,1 
HDVD_33,Heavy Duty Trucks_Diesel_Rigid 20 - 26 t_Euro IV,,,-0.02,0.5,12,86,-0.000425938,0.041428853,2.877046109,3.584174855,0.000329615,0.028256856,0.194149796,0,1,1,1 
HDVD_33,Heavy Duty Trucks_Diesel_Rigid 20 - 26 t_Euro IV,,,-0.02,1,12,86,2.57E-05,-0.009972388,0.728102918,-4.872207981,-6.00E-05,0.005767792,-0.028575618,0,1,1,1 
HDVD_33,Heavy Duty Trucks_Diesel_Rigid 20 - 26 t_Euro IV,,,0,0,12,86,0.000107421,0.038125825,3.314449635,16.970372,-0.000101875,0.030655794,0.310428348,0,1,1,1 
HDVD_33,Heavy Duty Trucks_Diesel_Rigid 20 - 26 t_Euro IV,,,0,0.5,12,86,0.002361124,0.078333171,8.460594342,19.34862398,0.000542974,0.042780953,0.684276804,0,1,1,1 
HDVD_33,Heavy Duty Trucks_Diesel_Rigid 20 - 26 t_Euro IV,,,0,1,12,86,-0.000251266,0.012580502,2.150664129,6.848676963,-9.47E-05,0.010091847,0.174590666,0,1,1,1 
HDVD_33,Heavy Duty Trucks_Diesel_Rigid 20 - 26 t_Euro IV,,,0.02,0,12,86,0.00024583,0.041891047,1.121830104,12.71684768,2.97E-05,0.008468929,0.169794187,0,1,1,1 
HDVD_33,Heavy Duty Trucks_Diesel_Rigid 20 - 26 t_Euro IV,,,0.02,0.5,12,86,0.003070918,-0.086213736,0.180917695,9.865335207,0.000452281,-0.016593287,0.168496949,0,1,1,1 
HDVD_33,Heavy Duty Trucks_Diesel_Rigid 20 - 26 t_Euro IV,,,0.02,1,12,86,-0.005991593,0.524316155,3.257705525,-59.59505137,-0.000754431,0.076429224,-0.542283349,0,1,1,1 
HDVD_33,Heavy Duty Trucks_Diesel_Rigid 20 - 26 t_Euro IV,,,0.04,0,12,86,0.001437489,0.227473569,0.36108909,8.217401279,0.00020191,0.026079582,-0.011608172,0,1,1,1 
HDVD_33,Heavy Duty Trucks_Diesel_Rigid 20 - 26 t_Euro IV,,,0.04,0.5,12,85,0.002281984,0.710055173,17.84425351,28.84488821,0.000390761,0.067837923,1.023271708,0,1,1,1 
HDVD_33,Heavy Duty Trucks_Diesel_Rigid 20 - 26 t_Euro IV,,,0.04,1,12,71,-0.004947825,0.216526982,17.63858361,22.21993952,-0.000487499,0.032041073,0.842674642,0,1,1,1 
HDVD_33,Heavy Duty Trucks_Diesel_Rigid 20 - 26 t_Euro IV,,,0.06,0,12,86,-0.002917457,0.27795981,0.032110741,-18.05957046,-0.000300271,0.03143463,-0.231190963,0,1,1,1 
HDVD_33,Heavy Duty Trucks_Diesel_Rigid 20 - 26 t_Euro IV,,,0.06,0.5,12,69,-0.000179933,0.127689963,9.552583043,31.21640699,-1.16E-05,0.012338284,0.569578715,0,1,1,1 
HDVD_33,Heavy Duty Trucks_Diesel_Rigid 20 - 26 t_Euro IV,,,0.06,1,12,52,-0.009101858,0.50038213,1.213536346,-26.15582181,-0.000578076,0.036013295,-0.187437251,0,1,1,1 
HDVD_33,Heavy Duty Trucks_Diesel_Rigid 20 - 26 t_Euro IV,,,-0.06,0,12,86,4.35E-05,-0.008962417,0.465377591,4.999749381,0.000190839,0.004337347,0.141945711,0,1,1,1 
HDVD_33,Heavy Duty Trucks_Diesel_Rigid 20 - 26 t_Euro IV,,,-0.06,0.5,12,85,-0.000481354,0.009717949,2.695107473,-0.604264347,0.002854789,-0.002129992,0.425687961,0,1,1,1 
HDVD_33,Heavy Duty Trucks_Diesel_Rigid 20 - 26 t_Euro IV,,,-0.06,1,12,86,-0.000476268,0.008784876,2.815727411,-0.059679397,0.003022514,-0.006220102,0.520565079,0,1,1,1 
HDVD_33,Heavy Duty Trucks_Diesel_Rigid 20 - 26 t_Euro IV,,,-0.04,0,12,86,-0.000496063,0.025607303,2.19024027,-2.668590287,0.000816804,0.030240587,0.006133884,0,1,1,1 
HDVD_33,Heavy Duty Trucks_Diesel_Rigid 20 - 26 t_Euro IV,,,-0.04,1,12,86,-0.000544708,0.020906561,2.583839236,-1.770181838,0.000885974,0.019174903,0.230417587,0,1,1,1 
HDVD_33,Heavy Duty Trucks_Diesel_Rigid 20 - 26 t_Euro IV,,,-0.02,0,12,86,0.000344945,-0.009433954,1.748540376,7.569840716,0.000239613,0.013208028,0.19537993,0,1,1,1 
HDVD_33,Heavy Duty Trucks_Diesel_Rigid 20 - 26 t_Euro IV,,,-0.02,1,12,86,2.57E-05,-0.009972388,0.728102918,-4.872207981,-6.00E-05,0.005767792,-0.028575618,0,1,1,1 
HDVD_33,Heavy Duty Trucks_Diesel_Rigid 20 - 26 t_Euro IV,,,0,0,12,86,0.000107421,0.038125825,3.314449635,16.970372,-0.000101875,0.030655794,0.310428348,0,1,1,1 
HDVD_33,Heavy Duty Trucks_Diesel_Rigid 20 - 26 t_Euro IV,,,0,1,12,86,-0.000251266,0.012580502,2.150664129,6.848676963,-9.47E-05,0.010091847,0.174590666,0,1,1,1 
HDVD_33,Heavy Duty Trucks_Diesel_Rigid 20 - 26 t_Euro IV,,,0.02,0,12,86,0.00024583,0.041891047,1.121830104,12.71684768,2.97E-05,0.008468929,0.169794187,0,1,1,1 
HDVD_33,Heavy Duty Trucks_Diesel_Rigid 20 - 26 t_Euro IV,,,0.02,1,12,86,-0.005991593,0.524316155,3.257705525,-59.59505137,-0.000754431,0.076429224,-0.542283349,0,1,1,1 
HDVD_33,Heavy Duty Trucks_Diesel_Rigid 20 - 26 t_Euro IV,,,0.04,0,12,86,0.001437489,0.227473569,0.36108909,8.217401279,0.00020191,0.026079582,-0.011608172,0,1,1,1 
HDVD_33,Heavy Duty Trucks_Diesel_Rigid 20 - 26 t_Euro IV,,,0.04,1,12,71,-0.004947825,0.216526982,17.63858361,22.21993952,-0.000487499,0.032041073,0.842674642,0,1,1,1 
HDVD_33,Heavy Duty Trucks_Diesel_Rigid 20 - 26 t_Euro IV,,,0.06,0,12,86,-0.002917457,0.27795981,0.032110741,-18.05957046,-0.000300271,0.03143463,-0.231190963,0,1,1,1 
HDVD_33,Heavy Duty Trucks_Diesel_Rigid 20 - 26 t_Euro IV,,,0.06,0.5,12,69,-0.000179933,0.127689963,9.552583043,31.21640699,-1.16E-05,0.012338284,0.569578715,0,1,1,1 
HDVD_33,Heavy Duty Trucks_Diesel_Rigid 20 - 26 t_Euro IV,,,0.06,1,12,52,-0.009101858,0.50038213,1.213536346,-26.15582181,-0.000578076,0.036013295,-0.187437251,0,1,1,1 
HDVD_34,Heavy Duty Trucks_Diesel_Rigid 20 - 26 t_Euro V,SCR,,-0.06,0,5,75,-0.00082875,0.074113095,-0.773843722,4.715278169,0.00093606,-0.012241325,0.065854409,0,1,1,1 
HDVD_34,Heavy Duty Trucks_Diesel_Rigid 20 - 26 t_Euro V,SCR,,-0.06,0.5,5,80,-0.001158896,0.104648512,-1.025853897,6.328514811,0.001459684,-0.01871205,0.097160737,0,1,1,1 
HDVD_34,Heavy Duty Trucks_Diesel_Rigid 20 - 26 t_Euro V,SCR,,-0.06,1,5,80,-0.000570989,0.052300938,-0.50240281,2.956209494,0.000746375,-0.009535614,0.047295754,0,1,1,1 
HDVD_34,Heavy Duty Trucks_Diesel_Rigid 20 - 26 t_Euro V,SCR,,-0.04,0,5,85,-0.004002031,0.387356531,-2.384506323,5.08955926,0.00313558,-0.021554973,0.051741737,0,1,1,1 
HDVD_34,Heavy Duty Trucks_Diesel_Rigid 20 - 26 t_Euro V,SCR,,-0.04,0.5,5,85,-0.005251533,0.502908902,-3.065048741,6.276854139,0.003916687,-0.026925094,0.063790027,0,1,1,1 
HDVD_34,Heavy Duty Trucks_Diesel_Rigid 20 - 26 t_Euro V,SCR,,-0.04,1,5,85,-0.006397125,0.623837195,-3.657122681,7.679883655,0.004716975,-0.032039503,0.081183389,0,1,1,1 
HDVD_34,Heavy Duty Trucks_Diesel_Rigid 20 - 26 t_Euro V,SCR,,-0.02,0,5,85,0.000812738,0.187162732,-1.32252559,7.971187021,0.001793518,-0.016091136,0.086823294,0,1,1,1 
HDVD_34,Heavy Duty Trucks_Diesel_Rigid 20 - 26 t_Euro V,SCR,,-0.02,0.5,5,85,-0.003247481,0.847534094,-3.3338101,5.42498229,0.004960188,-0.015882248,0.032852842,0,1,1,1 
HDVD_34,Heavy Duty Trucks_Diesel_Rigid 20 - 26 t_Euro V,SCR,,-0.02,1,5,85,-0.018789437,3.000534221,-6.490864132,-11.48434056,0.013053068,0.031198064,-0.256766676,0,1,1,1 
HDVD_34,Heavy Duty Trucks_Diesel_Rigid 20 - 26 t_Euro V,SCR,,0,0,5,85,-0.00030259,0.007584221,1.990965503,2.435709034,-8.59E-05,0.010839449,0.040002418,0,1,1,1 
HDVD_34,Heavy Duty Trucks_Diesel_Rigid 20 - 26 t_Euro V,SCR,,0,0.5,5,85,-0.002699804,0.340794935,-0.562703966,-5.030133678,0.000861356,0.009693032,-0.067645028,0,1,1,1 
HDVD_34,Heavy Duty Trucks_Diesel_Rigid 20 - 26 t_Euro V,SCR,,0,1,5,85,-0.007274387,0.950296437,-1.679776307,2.158293378,0.003417517,0.004561601,2.90E-15,0,1,1,1 
HDVD_34,Heavy Duty Trucks_Diesel_Rigid 20 - 26 t_Euro V,SCR,,0.02,0,5,85,0.00010107,-0.013324313,0.480332233,2.305604987,-1.32E-07,0.000365528,0.027137331,0,1,1,1 
HDVD_34,Heavy Duty Trucks_Diesel_Rigid 20 - 26 t_Euro V,SCR,,0.02,0.5,5,85,0.000678041,-0.044714807,1.448847669,5.388395624,0.000147663,3.48E-05,0.066100575,0,1,1,1 
HDVD_34,Heavy Duty Trucks_Diesel_Rigid 20 - 26 t_Euro V,SCR,,0.02,1,5,85,0.001866026,-0.066311715,2.913105572,2.40645423,0.000505328,0.004646025,0.052492716,0,1,1,1 
HDVD_34,Heavy Duty Trucks_Diesel_Rigid 20 - 26 t_Euro V,SCR,,0.04,0,5,85,0.000342321,-0.020579658,0.509712771,3.536056897,8.00E-05,-0.001231855,0.038089745,0,1,1,1 
HDVD_34,Heavy Duty Trucks_Diesel_Rigid 20 - 26 t_Euro V,SCR,,0.04,0.5,5,85,0.003632966,-0.12306367,4.086984318,1.883136911,0.000724239,0.006871045,0.056065497,0,1,1,1 
HDVD_34,Heavy Duty Trucks_Diesel_Rigid 20 - 26 t_Euro V,SCR,,0.04,1,5,70,0.019968378,-0.347676719,10.1811912,-1.643930846,0.003802172,0.00940213,0.089227977,0,1,1,1 
HDVD_34,Heavy Duty Trucks_Diesel_Rigid 20 - 26 t_Euro V,SCR,,0.06,0,5,85,0.001094607,-0.046680966,1.298785524,2.984770079,0.000213329,0.000594882,0.039096786,0,1,1,1 
HDVD_34,Heavy Duty Trucks_Diesel_Rigid 20 - 26 t_Euro V,SCR,,0.06,0.5,5,70,0.022185009,-0.456593135,11.56482515,-3.112492597,0.003640451,0.013898264,0.085241136,0,1,1,1 
HDVD_34,Heavy Duty Trucks_Diesel_Rigid 20 - 26 t_Euro V,SCR,,0.06,1,5,50,0.031577807,-0.558295505,9.602423436,-6.925079795,0.003601964,0.010883181,0.027416413,0,1,1,1 
HDVD_34,Heavy Duty Trucks_Diesel_Rigid 20 - 26 t_Euro V,EGR,,-0.06,0,5,70,-0.007040053,0.534456485,-2.105966113,1.10128372,0.006080482,-0.021820666,-1.05E-11,0,1,1,1 
HDVD_34,Heavy Duty Trucks_Diesel_Rigid 20 - 26 t_Euro V,EGR,,-0.06,0.5,5,75,-0.00065134,0.063994641,-0.304366426,2.852001752,0.001263244,-0.011603769,0.068218745,0,1,1,1 
HDVD_34,Heavy Duty Trucks_Diesel_Rigid 20 - 26 t_Euro V,EGR,,-0.06,1,5,75,-0.000694106,0.069006645,-0.365136002,2.849913096,0.001366472,-0.012906335,0.069854006,0,1,1,1 
HDVD_34,Heavy Duty Trucks_Diesel_Rigid 20 - 26 t_Euro V,EGR,,-0.04,0,5,80,-0.003246523,0.322706828,-1.825385491,3.640377323,0.003676943,-0.023356869,0.053277503,0,1,1,1 
HDVD_34,Heavy Duty Trucks_Diesel_Rigid 20 - 26 t_Euro V,EGR,,-0.04,0.5,5,85,-0.003242793,0.317096084,-1.829609381,3.621516797,0.003604326,-0.02352608,0.053866382,0,1,1,1 
HDVD_34,Heavy Duty Trucks_Diesel_Rigid 20 - 26 t_Euro V,EGR,,-0.04,1,5,85,-0.003694653,0.360942789,-1.990762908,4.089990809,0.004072834,-0.026021837,0.063941574,0,1,1,1 
HDVD_34,Heavy Duty Trucks_Diesel_Rigid 20 - 26 t_Euro V,EGR,,-0.02,0,5,80,0.000193826,0.060287169,-0.014837888,3.415546723,0.001001547,-0.006224232,0.064396265,0,1,1,1 
HDVD_34,Heavy Duty Trucks_Diesel_Rigid 20 - 26 t_Euro V,EGR,,-0.02,0.5,5,85,-0.002751573,0.5366376,-2.532498908,4.635950033,0.005201289,-0.02498136,0.054793369,0,1,1,1 
HDVD_34,Heavy Duty Trucks_Diesel_Rigid 20 - 26 t_Euro V,EGR,,-0.02,1,5,80,-0.010928463,1.615258334,-4.998678966,-1.092503479,0.012819019,-0.013162673,-0.103731737,0,1,1,1 
HDVD_34,Heavy Duty Trucks_Diesel_Rigid 20 - 26 t_Euro V,EGR,,0,0,5,85,0.002306251,0.045104401,1.286075641,4.946281947,0.001138088,0.001155739,0.104204653,0,1,1,1 
HDVD_34,Heavy Duty Trucks_Diesel_Rigid 20 - 26 t_Euro V,EGR,,0,0.5,5,85,0.007536681,0.285952538,-0.49373057,7.745438967,0.003961235,-0.018771372,0.133798325,0,1,1,1 
HDVD_34,Heavy Duty Trucks_Diesel_Rigid 20 - 26 t_Euro V,EGR,,0,1,5,85,0.011780826,0.611228711,-2.263014318,4.860545209,0.006162406,-0.022032912,0.058666115,0,1,1,1 
HDVD_34,Heavy Duty Trucks_Diesel_Rigid 20 - 26 t_Euro V,EGR,,0.02,0,5,85,0.007680564,0.087867488,5.403871674,8.966441849,0.001910832,0.024813549,0.216560164,0,1,1,1 
HDVD_34,Heavy Duty Trucks_Diesel_Rigid 20 - 26 t_Euro V,EGR,,0.02,0.5,5,80,0.005865437,0.09080306,5.378709747,7.703538748,0.00102269,0.02759732,0.184108636,0,1,1,1 
HDVD_34,Heavy Duty Trucks_Diesel_Rigid 20 - 26 t_Euro V,EGR,,0.02,1,5,85,0.11978413,1.646524551,-3.072275728,27.53608511,0.022913081,-0.082793125,0.430759061,0,1,1,1 
HDVD_34,Heavy Duty Trucks_Diesel_Rigid 20 - 26 t_Euro V,EGR,,0.04,0,5,85,0.007367536,0.119409378,8.424888444,7.893509644,0.000965187,0.050514944,0.220710193,0,1,1,1 
HDVD_34,Heavy Duty Trucks_Diesel_Rigid 20 - 26 t_Euro V,EGR,,0.04,0.5,5,85,-0.011679424,0.957586291,16.63462057,-9.349169336,-0.001687868,0.169776855,-3.24E-11,0,1,1,1 
HDVD_34,Heavy Duty Trucks_Diesel_Rigid 20 - 26 t_Euro V,EGR,,0.04,1,5,70,-0.001927543,0.184232243,2.445879057,-1.327866954,-0.000190109,0.024219141,1.51E-13,0,1,1,1 
HDVD_34,Heavy Duty Trucks_Diesel_Rigid 20 - 26 t_Euro V,EGR,,0.06,0,5,85,-0.007425256,0.563764727,10.15979451,-5.056052145,-0.001179351,0.108547132,1.82E-12,0,1,1,1 
HDVD_34,Heavy Duty Trucks_Diesel_Rigid 20 - 26 t_Euro V,EGR,,0.06,0.5,5,70,-0.004786564,0.472996502,5.42380837,-2.564345799,-0.000412526,0.056217527,1.32E-13,0,1,1,1 
HDVD_34,Heavy Duty Trucks_Diesel_Rigid 20 - 26 t_Euro V,EGR,,0.06,1,5,50,-0.000508513,0.012175408,0.951902522,2.734422692,-6.37E-05,0.00300933,0.038876323,0,1,1,1 
HDVD_35,Heavy Duty Trucks_Diesel_Rigid 20 - 26 t_Euro VI,,,-0.06,0,5,75,-0.003235668,0.213248627,2.520413803,-0.928241662,0.002449539,0.063460646,3.04E-12,0,1,1,1 
HDVD_35,Heavy Duty Trucks_Diesel_Rigid 20 - 26 t_Euro VI,,,-0.06,0.5,5,75,-0.002088305,0.126909439,2.389948071,-0.692946671,0.001640945,0.063188819,5.96E-12,0,1,1,1 
HDVD_35,Heavy Duty Trucks_Diesel_Rigid 20 - 26 t_Euro VI,,,-0.06,1,5,75,-0.000179731,-0.121965138,10.18845992,9.021931888,-0.000530339,0.183994357,0.686518227,0,1,1,1 
HDVD_35,Heavy Duty Trucks_Diesel_Rigid 20 - 26 t_Euro VI,,,-0.04,0,5,85,-0.019916615,1.834793219,-0.939330385,-1.090705835,0.015067201,0.214992331,-0.618986332,0,1,1,1 
HDVD_35,Heavy Duty Trucks_Diesel_Rigid 20 - 26 t_Euro VI,,,-0.04,0.5,5,85,-0.000200369,0.034865685,-0.695698619,4.118189334,0.000594977,-0.014400687,0.095973918,0,1,1,1 
HDVD_35,Heavy Duty Trucks_Diesel_Rigid 20 - 26 t_Euro VI,,,-0.04,1,5,85,-0.000127938,0.023974635,-0.461159099,2.366630372,0.000453954,-0.010177361,0.057822757,0,1,1,1 
HDVD_35,Heavy Duty Trucks_Diesel_Rigid 20 - 26 t_Euro VI,,,-0.02,0,5,85,0.00109203,0.173050295,-1.651592495,3.854252306,0.003840578,-0.034589564,0.078367314,0,1,1,1 
HDVD_35,Heavy Duty Trucks_Diesel_Rigid 20 - 26 t_Euro VI,,,-0.02,0.5,5,85,-0.000167021,0.055293655,-0.83430594,3.46075084,0.00100467,-0.015002033,0.065707826,0,1,1,1 
HDVD_35,Heavy Duty Trucks_Diesel_Rigid 20 - 26 t_Euro VI,,,-0.02,1,5,85,-0.000213247,0.085146246,-1.147923893,4.578255689,0.002053967,-0.023659356,0.09337735,0,1,1,1 
HDVD_35,Heavy Duty Trucks_Diesel_Rigid 20 - 26 t_Euro VI,,,0,0,5,85,-0.001995027,0.234465652,-1.782342207,4.385418286,0.005653886,-0.042219512,0.094274506,0,1,1,1 
HDVD_35,Heavy Duty Trucks_Diesel_Rigid 20 - 26 t_Euro VI,,,0,0.5,5,85,-0.001032889,0.161476319,-1.318609485,4.513251149,0.007049362,-0.048289845,0.115654575,0,1,1,1 
HDVD_35,Heavy Duty Trucks_Diesel_Rigid 20 - 26 t_Euro VI,,,0,1,5,85,-0.00078668,0.146515499,-1.306943604,4.634357185,0.008237442,-0.054573816,0.125233619,0,1,1,1 
HDVD_35,Heavy Duty Trucks_Diesel_Rigid 20 - 26 t_Euro VI,,,0.02,0,5,85,-0.000397067,0.078137825,-0.48903602,2.065750076,0.004015867,-0.023753325,0.056903274,0,1,1,1 
HDVD_35,Heavy Duty Trucks_Diesel_Rigid 20 - 26 t_Euro VI,,,0.02,0.5,5,85,9.28E-05,0.069086553,-0.624274382,2.5594227,0.005122149,-0.03046341,0.068880665,0,1,1,1 
HDVD_35,Heavy Duty Trucks_Diesel_Rigid 20 - 26 t_Euro VI,,,0.02,1,5,85,-1.59E-05,0.127778502,-1.208709505,3.937254836,0.008339517,-0.050918283,0.106230799,0,1,1,1 
HDVD_35,Heavy Duty Trucks_Diesel_Rigid 20 - 26 t_Euro VI,,,0.04,0,5,85,0.000217155,0.05509749,-0.400508336,2.028620408,0.004641126,-0.025999583,0.059729712,0,1,1,1 
HDVD_35,Heavy Duty Trucks_Diesel_Rigid 20 - 26 t_Euro VI,,,0.04,0.5,5,85,0.000571565,0.100152592,-0.976012006,3.474412148,0.007527921,-0.043636313,0.093014198,0,1,1,1 
HDVD_35,Heavy Duty Trucks_Diesel_Rigid 20 - 26 t_Euro VI,,,0.04,1,5,75,0.002330284,0.118257883,-1.423312085,6.258131395,0.011311656,-0.04735095,0.122317941,0,1,1,1 
HDVD_35,Heavy Duty Trucks_Diesel_Rigid 20 - 26 t_Euro VI,,,0.06,0,5,85,0.000741647,0.085398952,-0.726438928,3.050307381,0.007479212,-0.041331316,0.088634559,0,1,1,1 
HDVD_35,Heavy Duty Trucks_Diesel_Rigid 20 - 26 t_Euro VI,,,0.06,0.5,5,70,0.001691182,0.05356168,-0.680387414,3.415538723,0.006256645,-0.024209958,0.066217592,0,1,1,1 
HDVD_35,Heavy Duty Trucks_Diesel_Rigid 20 - 26 t_Euro VI,,,0.06,1,5,55,0.020114026,-0.261220932,2.057680408,-4.414151177,0.024107694,-0.103337734,0.089499645,0,1,1,1 
HDVD_36,Heavy Duty Trucks_Diesel_Rigid 26 - 28 t_Conventional,,,-0.06,0,12,86,4.68E-05,-0.042435511,4.535211843,-3.034066372,0.000292877,0.030313769,0.021754587,0,1,1,1 
HDVD_36,Heavy Duty Trucks_Diesel_Rigid 26 - 28 t_Conventional,,,-0.06,0.5,12,86,2.81E-05,-0.007419211,0.543924775,3.412494036,3.71E-05,0.003234372,0.04677725,0,1,1,1 
HDVD_36,Heavy Duty Trucks_Diesel_Rigid 26 - 28 t_Conventional,,,-0.06,1,12,86,-0.000318802,0.018195091,2.999756244,-1.655290037,0.001006667,0.005455654,0.17882014,0,1,1,1 
HDVD_36,Heavy Duty Trucks_Diesel_Rigid 26 - 28 t_Conventional,,,-0.04,0,12,86,5.04E-05,-0.014726772,1.238360666,6.287065676,3.00E-05,0.005333709,0.07387248,0,1,1,1 
HDVD_36,Heavy Duty Trucks_Diesel_Rigid 26 - 28 t_Conventional,,,-0.04,0.5,12,86,-0.001646638,0.087165646,7.859577982,-0.113562062,0.00081427,0.042056148,0.169163703,0,1,1,1 
HDVD_36,Heavy Duty Trucks_Diesel_Rigid 26 - 28 t_Conventional,,,-0.04,1,12,86,-0.001715441,0.088167492,8.648287571,-4.371584977,0.00095962,0.034046236,0.283116881,0,1,1,1 
HDVD_36,Heavy Duty Trucks_Diesel_Rigid 26 - 28 t_Conventional,,,-0.02,0,12,86,0.00028527,-0.007947529,3.106741757,10.8773658,7.62E-05,0.011309647,0.122835051,0,1,1,1 
HDVD_36,Heavy Duty Trucks_Diesel_Rigid 26 - 28 t_Conventional,,,-0.02,0.5,12,86,-0.001360751,0.120038035,8.626505746,16.2801646,0.000304328,0.033409041,0.284072576,0,1,1,1 
HDVD_36,Heavy Duty Trucks_Diesel_Rigid 26 - 28 t_Conventional,,,-0.02,1,12,86,2.16E-05,-0.011828686,0.931010621,-5.880690741,-2.99E-05,0.002896572,-0.011754418,0,1,1,1 
HDVD_36,Heavy Duty Trucks_Diesel_Rigid 26 - 28 t_Conventional,,,0,0,12,86,4.46E-05,0.042258552,3.617357616,16.15183897,-4.09E-05,0.013122189,0.135935514,0,1,1,1 
HDVD_36,Heavy Duty Trucks_Diesel_Rigid 26 - 28 t_Conventional,,,0,0.5,12,86,-0.000436242,0.098002946,8.686719619,28.63756981,-9.57E-05,0.02247162,0.294473931,0,1,1,1 
HDVD_36,Heavy Duty Trucks_Diesel_Rigid 26 - 28 t_Conventional,,,0,1,12,86,0.001903302,0.441647069,10.1000369,15.63453028,0.000407452,0.031175792,0.234054042,0,1,1,1 
HDVD_36,Heavy Duty Trucks_Diesel_Rigid 26 - 28 t_Conventional,,,0.02,0,12,86,0.00026818,0.078430032,4.718856489,16.76141919,-4.32E-05,0.012193755,0.15695871,0,1,1,1 
HDVD_36,Heavy Duty Trucks_Diesel_Rigid 26 - 28 t_Conventional,,,0.02,0.5,12,86,4.07E-05,0.032859461,1.566216394,3.571928606,-8.78E-06,0.002872044,0.042110293,0,1,1,1 
HDVD_36,Heavy Duty Trucks_Diesel_Rigid 26 - 28 t_Conventional,,,0.02,1,12,84,-5.43E-05,0.101333081,4.266316171,7.056768862,-1.70E-05,0.005976828,0.095912294,0,1,1,1 
HDVD_36,Heavy Duty Trucks_Diesel_Rigid 26 - 28 t_Conventional,,,0.04,0,12,86,0.000244697,0.085966082,4.052413535,9.708528747,-2.52E-05,0.007560054,0.115029652,0,1,1,1 
HDVD_36,Heavy Duty Trucks_Diesel_Rigid 26 - 28 t_Conventional,,,0.04,0.5,12,75,0.002264684,0.389291272,4.219772418,3.674515253,4.76E-05,0.015294488,0.050596115,0,1,1,1 
HDVD_36,Heavy Duty Trucks_Diesel_Rigid 26 - 28 t_Conventional,,,0.04,1,12,60,0.007800646,-0.231758304,1.564443722,8.221399776,0.000204752,-0.006774705,0.063779435,0,1,1,1 
HDVD_36,Heavy Duty Trucks_Diesel_Rigid 26 - 28 t_Conventional,,,0.06,0,12,81,0.00033964,0.069849585,1.821973204,14.02044963,7.46E-06,0.002625994,0.0761455,0,1,1,1 
HDVD_36,Heavy Duty Trucks_Diesel_Rigid 26 - 28 t_Conventional,,,0.06,0.5,12,58,0.01027226,1.157594268,2.668405913,4.627506932,0.000252479,0.028811839,-0.010284167,0,1,1,1 
HDVD_36,Heavy Duty Trucks_Diesel_Rigid 26 - 28 t_Conventional,,,0.06,1,12,45,-0.037336526,1.692412869,3.826618971,2.51622203,-0.000705672,0.033637577,-0.00326939,0,1,1,1 
HDVD_37,Heavy Duty Trucks_Diesel_Rigid 26 - 28 t_Euro I,,,-0.06,0,12,86,-1.24E-06,-0.008988495,1.201610604,-4.251766172,0.000109083,0.010768008,-0.037829313,0,1,1,1 
HDVD_37,Heavy Duty Trucks_Diesel_Rigid 26 - 28 t_Euro I,,,-0.06,0.5,12,86,1.34E-05,-0.003830035,0.309034866,2.396414832,2.72E-05,0.002839754,0.034730891,0,1,1,1 
HDVD_37,Heavy Duty Trucks_Diesel_Rigid 26 - 28 t_Euro I,,,-0.06,1,12,86,7.11E-06,-0.002876343,2.125698938,-7.869544707,0.000787032,0.005538893,0.058223801,0,1,1,1 
HDVD_37,Heavy Duty Trucks_Diesel_Rigid 26 - 28 t_Euro I,,,-0.04,0,12,86,-0.000550332,0.034907998,2.878281629,1.771799777,0.000452134,0.023549346,0.046578614,0,1,1,1 
HDVD_37,Heavy Duty Trucks_Diesel_Rigid 26 - 28 t_Euro I,,,-0.04,0.5,12,86,-0.000846645,0.048502402,4.124208425,-0.607244419,0.000625892,0.030073214,0.097890611,0,1,1,1 
HDVD_37,Heavy Duty Trucks_Diesel_Rigid 26 - 28 t_Euro I,,,-0.04,1,12,86,-0.001157717,0.063912965,6.000521999,-3.385634693,0.000954069,0.033490304,0.229655677,0,1,1,1 
HDVD_37,Heavy Duty Trucks_Diesel_Rigid 26 - 28 t_Euro I,,,-0.02,0,12,86,7.00E-05,-0.00358595,2.390869669,8.188121137,1.19E-05,0.014102527,0.106615998,0,1,1,1 
HDVD_37,Heavy Duty Trucks_Diesel_Rigid 26 - 28 t_Euro I,,,-0.02,0.5,12,86,8.08E-05,-0.024190572,2.052023399,7.583844323,-2.49E-05,0.006413964,0.138457633,0,1,1,1 
HDVD_37,Heavy Duty Trucks_Diesel_Rigid 26 - 28 t_Euro I,,,-0.02,1,12,86,5.05E-05,-0.023280039,1.770789761,-11.67078341,-7.96E-05,0.007701243,-0.036303646,0,1,1,1 
HDVD_37,Heavy Duty Trucks_Diesel_Rigid 26 - 28 t_Euro I,,,0,0,12,86,4.31E-05,0.030090567,2.670830314,12.59440368,-4.24E-05,0.013528621,0.136562467,0,1,1,1 
HDVD_37,Heavy Duty Trucks_Diesel_Rigid 26 - 28 t_Euro I,,,0,0.5,12,86,0.0013355,0.102119726,8.655008542,15.90746667,0.000175822,0.02918599,0.332866057,0,1,1,1 
HDVD_37,Heavy Duty Trucks_Diesel_Rigid 26 - 28 t_Euro I,,,0,1,12,86,0.003302784,0.547434915,8.76942073,9.790652163,0.000938028,0.046138649,0.219072219,0,1,1,1 
HDVD_37,Heavy Duty Trucks_Diesel_Rigid 26 - 28 t_Euro I,,,0.02,0,12,86,0.000184948,0.076939297,4.531026371,14.89165879,-5.36E-05,0.015970735,0.204137941,0,1,1,1 
HDVD_37,Heavy Duty Trucks_Diesel_Rigid 26 - 28 t_Euro I,,,0.02,0.5,12,86,0.000788982,0.868540729,16.93752129,41.74587664,4.92E-05,0.075744212,0.517509486,0,1,1,1 
HDVD_37,Heavy Duty Trucks_Diesel_Rigid 26 - 28 t_Euro I,,,0.02,1,12,85,-0.000159038,0.067727138,3.188337264,5.47081495,-2.04E-05,0.006128842,0.101076153,0,1,1,1 
HDVD_37,Heavy Duty Trucks_Diesel_Rigid 26 - 28 t_Euro I,,,0.04,0,12,86,0.00590477,0.515127474,4.921582589,26.71836576,0.000420767,0.037184899,0.156795876,0,1,1,1 
HDVD_37,Heavy Duty Trucks_Diesel_Rigid 26 - 28 t_Euro I,,,0.04,0.5,12,77,-0.000118153,0.211494794,8.219919327,12.28599654,-4.61E-05,0.015489515,0.242676177,0,1,1,1 
HDVD_37,Heavy Duty Trucks_Diesel_Rigid 26 - 28 t_Euro I,,,0.04,1,12,62,0.004700601,0.565380826,-0.261523221,-8.764225463,0.000218394,0.020789563,-0.092291004,0,1,1,1 
HDVD_37,Heavy Duty Trucks_Diesel_Rigid 26 - 28 t_Euro I,,,0.06,0,12,83,0.000176184,0.032365435,0.710359584,3.871000085,8.74E-06,0.001863531,0.033068039,0,1,1,1 
HDVD_37,Heavy Duty Trucks_Diesel_Rigid 26 - 28 t_Euro I,,,0.06,0.5,12,60,0.011684129,1.331628245,3.109191866,1.811124017,0.000464621,0.050332378,-0.064044522,0,1,1,1 
HDVD_37,Heavy Duty Trucks_Diesel_Rigid 26 - 28 t_Euro I,,,0.06,1,12,46,-0.02094144,0.942903558,2.895643583,1.071498508,-0.000623164,0.030159803,-0.01251356,0,1,1,1 
HDVD_38,Heavy Duty Trucks_Diesel_Rigid 26 - 28 t_Euro II,,,-0.06,0,12,86,4.21E-05,-0.028862241,3.334845136,-3.657587841,0.000251489,0.027176265,-0.008285226,0,1,1,1 
HDVD_38,Heavy Duty Trucks_Diesel_Rigid 26 - 28 t_Euro II,,,-0.06,0.5,12,86,1.52E-05,-0.004380109,0.357344005,2.585777289,2.60E-05,0.002917304,0.035568881,0,1,1,1 
HDVD_38,Heavy Duty Trucks_Diesel_Rigid 26 - 28 t_Euro II,,,-0.06,1,12,86,2.38E-06,-0.00107041,1.064673113,-3.970547953,0.000350724,0.00265652,0.025888916,0,1,1,1 
HDVD_38,Heavy Duty Trucks_Diesel_Rigid 26 - 28 t_Euro II,,,-0.04,0,12,86,-0.000619511,0.040489263,3.290215064,1.929571754,0.000463334,0.02424326,0.050513072,0,1,1,1 
HDVD_38,Heavy Duty Trucks_Diesel_Rigid 26 - 28 t_Euro II,,,-0.04,0.5,12,86,-0.001264292,0.072897782,6.186091781,0.528370362,0.00081391,0.041964555,0.138773207,0,1,1,1 
HDVD_38,Heavy Duty Trucks_Diesel_Rigid 26 - 28 t_Euro II,,,-0.04,1,12,86,-0.001130854,0.063916384,5.871192428,-3.222261706,0.000842923,0.030703352,0.194406605,0,1,1,1 
HDVD_38,Heavy Duty Trucks_Diesel_Rigid 26 - 28 t_Euro II,,,-0.02,0,12,86,7.27E-05,-0.003621774,3.119672409,6.788996174,7.50E-06,0.017009716,0.09569199,0,1,1,1 
HDVD_38,Heavy Duty Trucks_Diesel_Rigid 26 - 28 t_Euro II,,,-0.02,0.5,12,86,-0.000932873,0.084027226,6.022559097,11.99730569,0.00029017,0.029485635,0.231676347,0,1,1,1 
HDVD_38,Heavy Duty Trucks_Diesel_Rigid 26 - 28 t_Euro II,,,-0.02,1,12,86,-0.001846993,0.118990937,9.879715159,16.706248,0.000314325,0.04057621,0.403109251,0,1,1,1 
HDVD_38,Heavy Duty Trucks_Diesel_Rigid 26 - 28 t_Euro II,,,0,0,12,86,3.81E-05,0.031697648,2.859430427,13.44539637,-4.05E-05,0.013049692,0.131327803,0,1,1,1 
HDVD_38,Heavy Duty Trucks_Diesel_Rigid 26 - 28 t_Euro II,,,0,0.5,12,86,-0.000299499,0.076982409,7.34552986,26.65619496,-9.95E-05,0.024932793,0.305792786,0,1,1,1 
HDVD_38,Heavy Duty Trucks_Diesel_Rigid 26 - 28 t_Euro II,,,0,1,12,86,0.012841891,1.41395035,4.229651113,-28.18536804,0.003166871,0.066574052,-0.214094174,0,1,1,1 
HDVD_38,Heavy Duty Trucks_Diesel_Rigid 26 - 28 t_Euro II,,,0.02,0,12,86,0.000281748,0.224293137,13.38420968,41.93642544,-0.000134721,0.042396048,0.536819838,0,1,1,1 
HDVD_38,Heavy Duty Trucks_Diesel_Rigid 26 - 28 t_Euro II,,,0.02,0.5,12,86,0.000203126,0.114634939,6.094202772,43.95656165,2.21E-05,0.009535818,0.357331335,0,1,1,1 
HDVD_38,Heavy Duty Trucks_Diesel_Rigid 26 - 28 t_Euro II,,,0.02,1,12,86,0.000954488,0.152510955,-0.428405953,-9.203057111,8.91E-05,0.007481507,-0.074685101,0,1,1,1 
HDVD_38,Heavy Duty Trucks_Diesel_Rigid 26 - 28 t_Euro II,,,0.04,0,12,86,0.001460428,0.53347989,5.624914795,22.7902884,0.000116469,0.038216307,0.128037964,0,1,1,1 
HDVD_38,Heavy Duty Trucks_Diesel_Rigid 26 - 28 t_Euro II,,,0.04,0.5,12,81,-0.000142509,0.102598539,1.773139097,4.163464488,-8.56E-06,0.005901816,0.041504989,0,1,1,1 
HDVD_38,Heavy Duty Trucks_Diesel_Rigid 26 - 28 t_Euro II,,,0.04,1,12,66,-0.002238501,0.167407146,-0.409153902,-12.73621498,-9.57E-05,0.007948453,-0.075573003,0,1,1,1 
HDVD_38,Heavy Duty Trucks_Diesel_Rigid 26 - 28 t_Euro II,,,0.06,0,12,86,0.00904792,1.474827602,0.861870393,9.835527289,0.000674771,0.068901974,-0.179230711,0,1,1,1 
HDVD_38,Heavy Duty Trucks_Diesel_Rigid 26 - 28 t_Euro II,,,0.06,0.5,12,64,-0.001747007,0.12544351,-0.378823616,-9.160970504,-7.32E-05,0.005785093,-0.055825739,0,1,1,1 
HDVD_38,Heavy Duty Trucks_Diesel_Rigid 26 - 28 t_Euro II,,,0.06,1,12,49,-0.010044127,0.590350023,0.001445276,-33.59394305,-0.000326823,0.021910711,-0.15226271,0,1,1,1 
HDVD_39,Heavy Duty Trucks_Diesel_Rigid 26 - 28 t_Euro III,,,-0.06,0,12,86,9.69E-05,-0.011696372,0.809501349,5.193379164,0.000150068,0.00496767,0.074919476,0,1,1,1 
HDVD_39,Heavy Duty Trucks_Diesel_Rigid 26 - 28 t_Euro III,,,-0.06,0.5,12,86,2.61E-06,-0.001083557,1.619472804,-5.130709701,0.000646794,0.004627099,0.03066512,0,1,1,1 
HDVD_39,Heavy Duty Trucks_Diesel_Rigid 26 - 28 t_Euro III,,,-0.06,1,12,86,0.000346212,-0.02471993,2.483520315,0.878612685,0.001102337,-0.003404019,0.250774472,0,1,1,1 
HDVD_39,Heavy Duty Trucks_Diesel_Rigid 26 - 28 t_Euro III,,,-0.04,0,12,86,1.53E-05,-0.005489981,0.594318714,4.516472876,2.15E-05,0.004620689,0.044754187,0,1,1,1 
HDVD_39,Heavy Duty Trucks_Diesel_Rigid 26 - 28 t_Euro III,,,-0.04,0.5,12,86,2.82E-05,-0.008481195,0.740887466,4.26789022,2.62E-05,0.004702123,0.058753937,0,1,1,1 
HDVD_39,Heavy Duty Trucks_Diesel_Rigid 26 - 28 t_Euro III,,,-0.04,1,12,86,-0.000564696,0.046609303,5.73629416,-4.113224922,0.001513204,0.017493175,0.281814801,0,1,1,1 
HDVD_39,Heavy Duty Trucks_Diesel_Rigid 26 - 28 t_Euro III,,,-0.02,0,12,86,0.000401524,-0.014197569,2.655807486,10.16902703,0.00016583,0.011858709,0.145405557,0,1,1,1 
HDVD_39,Heavy Duty Trucks_Diesel_Rigid 26 - 28 t_Euro III,,,-0.02,0.5,12,86,0.000147172,-0.046629034,4.007442479,21.55340701,-9.34E-05,0.01734745,0.279468457,0,1,1,1 
HDVD_39,Heavy Duty Trucks_Diesel_Rigid 26 - 28 t_Euro III,,,-0.02,1,12,86,7.00E-05,-0.020970361,1.82428079,6.318684364,-1.10E-05,0.005558962,0.117643423,0,1,1,1 
HDVD_39,Heavy Duty Trucks_Diesel_Rigid 26 - 28 t_Euro III,,,0,0,12,86,0.001890146,-0.001985745,4.12520934,17.05516898,0.000353641,0.01041569,0.261338466,0,1,1,1 
HDVD_39,Heavy Duty Trucks_Diesel_Rigid 26 - 28 t_Euro III,,,0,0.5,12,86,0.006610891,0.091122602,11.22996416,-9.176232727,0.001283266,0.027989267,0.326445998,0,1,1,1 
HDVD_39,Heavy Duty Trucks_Diesel_Rigid 26 - 28 t_Euro III,,,0,1,12,86,-0.000252715,0.011635463,2.718649821,10.53819253,-7.45E-05,0.008692181,0.129974253,0,1,1,1 
HDVD_39,Heavy Duty Trucks_Diesel_Rigid 26 - 28 t_Euro III,,,0.02,0,12,86,0.005307455,-0.067214345,5.007412212,22.32192284,0.000618716,-0.002241869,0.367844656,0,1,1,1 
HDVD_39,Heavy Duty Trucks_Diesel_Rigid 26 - 28 t_Euro III,,,0.02,0.5,12,86,-0.000249975,0.138768696,8.255202755,20.96715825,-7.84E-05,0.023942411,0.336572254,0,1,1,1 
HDVD_39,Heavy Duty Trucks_Diesel_Rigid 26 - 28 t_Euro III,,,0.02,1,12,86,-0.000919245,0.118960582,8.378176838,17.30737373,-0.000107779,0.017178824,0.310604677,0,1,1,1 
HDVD_39,Heavy Duty Trucks_Diesel_Rigid 26 - 28 t_Euro III,,,0.04,0,12,86,0.002414831,0.37641268,4.005985733,-15.69950072,0.000214986,0.040731309,-0.122622921,0,1,1,1 
HDVD_39,Heavy Duty Trucks_Diesel_Rigid 26 - 28 t_Euro III,,,0.04,0.5,12,82,-0.000340936,0.213400647,10.11966081,19.17677401,-7.09E-05,0.022252102,0.339821956,0,1,1,1 
HDVD_39,Heavy Duty Trucks_Diesel_Rigid 26 - 28 t_Euro III,,,0.04,1,12,67,-2.18E-05,0.115124938,4.762805599,8.817637447,-3.31E-05,0.009563116,0.126936155,0,1,1,1 
HDVD_39,Heavy Duty Trucks_Diesel_Rigid 26 - 28 t_Euro III,,,0.06,0,12,86,-0.000333003,0.231854592,11.48422681,23.08515536,-8.37E-05,0.027210015,0.418679842,0,1,1,1 
HDVD_39,Heavy Duty Trucks_Diesel_Rigid 26 - 28 t_Euro III,,,0.06,0.5,12,65,-1.97E-06,0.168833707,6.707078126,11.90354126,-4.74E-05,0.013528541,0.178772351,0,1,1,1 
HDVD_39,Heavy Duty Trucks_Diesel_Rigid 26 - 28 t_Euro III,,,0.06,1,12,50,0.010399931,-0.363651126,5.154904368,19.90303161,0.000384076,-0.014112835,0.225360766,0,1,1,1 
HDVD_40,Heavy Duty Trucks_Diesel_Rigid 26 - 28 t_Euro IV,,,-0.06,0,12,86,5.57E-05,-0.011535703,0.611248295,5.214791481,0.00022565,0.005244353,0.170281279,0,1,1,1 
HDVD_40,Heavy Duty Trucks_Diesel_Rigid 26 - 28 t_Euro IV,,,-0.06,0.5,12,86,7.63E-05,-0.015400052,0.79779233,5.498090961,0.000302891,0.005563455,0.225404844,0,1,1,1 
HDVD_40,Heavy Duty Trucks_Diesel_Rigid 26 - 28 t_Euro IV,,,-0.06,1,12,86,-0.000450754,0.007504009,2.777418787,0.647015433,0.002983404,-0.010929739,0.626342053,0,1,1,1 
HDVD_40,Heavy Duty Trucks_Diesel_Rigid 26 - 28 t_Euro IV,,,-0.04,0,12,86,-0.000729503,0.035508311,3.246381792,-2.175270706,0.001066135,0.044664353,0.05954583,0,1,1,1 
HDVD_40,Heavy Duty Trucks_Diesel_Rigid 26 - 28 t_Euro IV,,,-0.04,0.5,12,86,-0.000711233,0.030615305,3.065730929,-2.157088296,0.000992254,0.033970957,0.15776186,0,1,1,1 
HDVD_40,Heavy Duty Trucks_Diesel_Rigid 26 - 28 t_Euro IV,,,-0.04,1,12,86,-0.00058744,0.02220816,2.856702575,-1.710495248,0.000986876,0.018382772,0.289535043,0,1,1,1 
HDVD_40,Heavy Duty Trucks_Diesel_Rigid 26 - 28 t_Euro IV,,,-0.02,0,12,86,0.000358402,-0.013271349,2.130947139,7.849409543,0.000239663,0.014521614,0.234659829,0,1,1,1 
HDVD_40,Heavy Duty Trucks_Diesel_Rigid 26 - 28 t_Euro IV,,,-0.02,0.5,12,86,3.34E-05,-0.015849819,1.236407044,-9.816340405,-0.000121592,0.011795028,-0.086178499,0,1,1,1 
HDVD_40,Heavy Duty Trucks_Diesel_Rigid 26 - 28 t_Euro IV,,,-0.02,1,12,86,2.74E-05,-0.010266298,0.740982065,-4.902379586,-5.85E-05,0.005612973,-0.026910703,0,1,1,1 
HDVD_40,Heavy Duty Trucks_Diesel_Rigid 26 - 28 t_Euro IV,,,0,0,12,86,7.56E-05,0.03272469,2.860832668,14.17273902,-8.35E-05,0.025736697,0.259353057,0,1,1,1 
HDVD_40,Heavy Duty Trucks_Diesel_Rigid 26 - 28 t_Euro IV,,,0,0.5,12,86,0.000997921,0.015777613,3.15715104,6.31967981,0.000224694,0.012591453,0.256500184,0,1,1,1 
HDVD_40,Heavy Duty Trucks_Diesel_Rigid 26 - 28 t_Euro IV,,,0,1,12,86,0.002871902,0.017533501,-1.311678408,15.6885265,0.000883587,-0.021305783,0.188774348,0,1,1,1 
HDVD_40,Heavy Duty Trucks_Diesel_Rigid 26 - 28 t_Euro IV,,,0.02,0,12,86,0.003005843,-0.064914326,1.827804649,8.473000272,0.000488817,-0.00909583,0.259780927,0,1,1,1 
HDVD_40,Heavy Duty Trucks_Diesel_Rigid 26 - 28 t_Euro IV,,,0.02,0.5,12,86,0.006686571,-0.262266641,2.268943691,31.55761367,0.000918785,-0.041930551,0.592792046,0,1,1,1 
HDVD_40,Heavy Duty Trucks_Diesel_Rigid 26 - 28 t_Euro IV,,,0.02,1,12,86,0.001467944,0.482018482,11.10075549,7.972954238,0.000348552,0.049715562,0.565438593,0,1,1,1 
HDVD_40,Heavy Duty Trucks_Diesel_Rigid 26 - 28 t_Euro IV,,,0.04,0,12,86,0.006349514,-0.148406351,3.176160693,12.71924629,0.000733188,-0.016553381,0.370623644,0,1,1,1 
HDVD_40,Heavy Duty Trucks_Diesel_Rigid 26 - 28 t_Euro IV,,,0.04,0.5,12,83,0.000693806,0.083298679,9.402434205,5.417579236,5.16E-05,0.013553983,0.527750706,0,1,1,1 
HDVD_40,Heavy Duty Trucks_Diesel_Rigid 26 - 28 t_Euro IV,,,0.04,1,12,66,0.005648608,0.691722791,-2.777043698,-25.92212342,0.0005403,0.043687978,-0.390097097,0,1,1,1 
HDVD_40,Heavy Duty Trucks_Diesel_Rigid 26 - 28 t_Euro IV,,,0.06,0,12,86,0.002588093,0.766164563,18.06793685,24.10148681,0.000427406,0.074881169,1.111556202,0,1,1,1 
HDVD_40,Heavy Duty Trucks_Diesel_Rigid 26 - 28 t_Euro IV,,,0.06,0.5,12,64,-0.004637492,0.290915362,1.33132408,-21.18061148,-0.00036993,0.026641426,-0.145362701,0,1,1,1 
HDVD_40,Heavy Duty Trucks_Diesel_Rigid 26 - 28 t_Euro IV,,,0.06,1,12,49,0.002552882,-0.239652816,5.165791097,32.55278443,0.00015038,-0.014760189,0.374211469,0,1,1,1 
HDVD_40,Heavy Duty Trucks_Diesel_Rigid 26 - 28 t_Euro IV,,,-0.06,0,12,86,5.57E-05,-0.011535703,0.611248295,5.214791481,0.00022565,0.005244353,0.170281279,0,1,1,1 
HDVD_40,Heavy Duty Trucks_Diesel_Rigid 26 - 28 t_Euro IV,,,-0.06,0.5,12,86,7.63E-05,-0.015400052,0.79779233,5.498090961,0.000302891,0.005563455,0.225404844,0,1,1,1 
HDVD_40,Heavy Duty Trucks_Diesel_Rigid 26 - 28 t_Euro IV,,,-0.06,1,12,86,-0.000450754,0.007504009,2.777418787,0.647015433,0.002983404,-0.010929739,0.626342053,0,1,1,1 
HDVD_40,Heavy Duty Trucks_Diesel_Rigid 26 - 28 t_Euro IV,,,-0.04,0,12,86,-0.000729503,0.035508311,3.246381792,-2.175270706,0.001066135,0.044664353,0.05954583,0,1,1,1 
HDVD_40,Heavy Duty Trucks_Diesel_Rigid 26 - 28 t_Euro IV,,,-0.04,1,12,86,-0.00058744,0.02220816,2.856702575,-1.710495248,0.000986876,0.018382772,0.289535043,0,1,1,1 
HDVD_40,Heavy Duty Trucks_Diesel_Rigid 26 - 28 t_Euro IV,,,-0.02,0,12,86,0.000358402,-0.013271349,2.130947139,7.849409543,0.000239663,0.014521614,0.234659829,0,1,1,1 
HDVD_40,Heavy Duty Trucks_Diesel_Rigid 26 - 28 t_Euro IV,,,-0.02,1,12,86,2.74E-05,-0.010266298,0.740982065,-4.902379586,-5.85E-05,0.005612973,-0.026910703,0,1,1,1 
HDVD_40,Heavy Duty Trucks_Diesel_Rigid 26 - 28 t_Euro IV,,,0,0,12,86,7.56E-05,0.03272469,2.860832668,14.17273902,-8.35E-05,0.025736697,0.259353057,0,1,1,1 
HDVD_40,Heavy Duty Trucks_Diesel_Rigid 26 - 28 t_Euro IV,,,0,1,12,86,0.002871902,0.017533501,-1.311678408,15.6885265,0.000883587,-0.021305783,0.188774348,0,1,1,1 
HDVD_40,Heavy Duty Trucks_Diesel_Rigid 26 - 28 t_Euro IV,,,0.02,0,12,86,0.003005843,-0.064914326,1.827804649,8.473000272,0.000488817,-0.00909583,0.259780927,0,1,1,1 
HDVD_40,Heavy Duty Trucks_Diesel_Rigid 26 - 28 t_Euro IV,,,0.02,1,12,86,0.001467944,0.482018482,11.10075549,7.972954238,0.000348552,0.049715562,0.565438593,0,1,1,1 
HDVD_40,Heavy Duty Trucks_Diesel_Rigid 26 - 28 t_Euro IV,,,0.04,0,12,86,0.006349514,-0.148406351,3.176160693,12.71924629,0.000733188,-0.016553381,0.370623644,0,1,1,1 
HDVD_40,Heavy Duty Trucks_Diesel_Rigid 26 - 28 t_Euro IV,,,0.04,1,12,66,0.005648608,0.691722791,-2.777043698,-25.92212342,0.0005403,0.043687978,-0.390097097,0,1,1,1 
HDVD_40,Heavy Duty Trucks_Diesel_Rigid 26 - 28 t_Euro IV,,,0.06,0,12,86,0.002588093,0.766164563,18.06793685,24.10148681,0.000427406,0.074881169,1.111556202,0,1,1,1 
HDVD_40,Heavy Duty Trucks_Diesel_Rigid 26 - 28 t_Euro IV,,,0.06,0.5,12,64,-0.004637492,0.290915362,1.33132408,-21.18061148,-0.00036993,0.026641426,-0.145362701,0,1,1,1 
HDVD_40,Heavy Duty Trucks_Diesel_Rigid 26 - 28 t_Euro IV,,,0.06,1,12,49,0.002552882,-0.239652816,5.165791097,32.55278443,0.00015038,-0.014760189,0.374211469,0,1,1,1 
HDVD_41,Heavy Duty Trucks_Diesel_Rigid 26 - 28 t_Euro V,SCR,,-0.06,0,5,75,-0.00080547,0.072379965,-0.766676045,4.25354541,0.000877,-0.011418016,0.058933155,0,1,1,1 
HDVD_41,Heavy Duty Trucks_Diesel_Rigid 26 - 28 t_Euro V,SCR,,-0.06,0.5,5,80,-0.001070285,0.098756051,-1.091424769,6.021632646,0.00130208,-0.017743506,0.089059833,0,1,1,1 
HDVD_41,Heavy Duty Trucks_Diesel_Rigid 26 - 28 t_Euro V,SCR,,-0.06,1,5,80,-0.000504633,0.047725709,-0.526993522,2.848551901,0.000657183,-0.009014954,0.043736073,0,1,1,1 
HDVD_41,Heavy Duty Trucks_Diesel_Rigid 26 - 28 t_Euro V,SCR,,-0.04,0,5,85,-0.003403863,0.344499398,-2.047272392,4.282164548,0.002778136,-0.018115089,0.042953933,0,1,1,1 
HDVD_41,Heavy Duty Trucks_Diesel_Rigid 26 - 28 t_Euro V,SCR,,-0.04,0.5,5,85,-0.005021832,0.495718974,-2.968179575,6.33191809,0.003845902,-0.025954208,0.065351503,0,1,1,1 
HDVD_41,Heavy Duty Trucks_Diesel_Rigid 26 - 28 t_Euro V,SCR,,-0.04,1,5,85,-0.006409956,0.6399103,-3.78485053,8.193718771,0.004772779,-0.032557473,0.086040682,0,1,1,1 
HDVD_41,Heavy Duty Trucks_Diesel_Rigid 26 - 28 t_Euro V,SCR,,-0.02,0,5,85,0.00095657,0.40010729,-2.196242807,7.83393789,0.003178695,-0.01958037,0.077399532,0,1,1,1 
HDVD_41,Heavy Duty Trucks_Diesel_Rigid 26 - 28 t_Euro V,SCR,,-0.02,0.5,5,85,-0.004988849,1.200897583,-3.896375309,6.248966787,0.006437672,-0.011232461,0.028808709,0,1,1,1 
HDVD_41,Heavy Duty Trucks_Diesel_Rigid 26 - 28 t_Euro V,SCR,,-0.02,1,5,85,-0.00803491,1.516649443,-4.425802245,6.394428992,0.006958398,-0.005084127,0.021574005,0,1,1,1 
HDVD_41,Heavy Duty Trucks_Diesel_Rigid 26 - 28 t_Euro V,SCR,,0,0,5,85,-0.000244526,0.006404107,1.598154538,3.613184504,-5.26E-05,0.007559562,0.050409447,0,1,1,1 
HDVD_41,Heavy Duty Trucks_Diesel_Rigid 26 - 28 t_Euro V,SCR,,0,0.5,5,85,-0.00010766,-0.003164914,1.542382512,3.635871475,7.58E-06,0.004694783,0.053893015,0,1,1,1 
HDVD_41,Heavy Duty Trucks_Diesel_Rigid 26 - 28 t_Euro V,SCR,,0,1,5,85,-0.007049081,0.885522491,-1.560312128,2.045009841,0.003054812,0.004604265,0.000351101,0,1,1,1 
HDVD_41,Heavy Duty Trucks_Diesel_Rigid 26 - 28 t_Euro V,SCR,,0.02,0,5,85,0.000108263,-0.012856072,0.459639183,2.366100709,8.63E-06,6.56E-05,0.028213551,0,1,1,1 
HDVD_41,Heavy Duty Trucks_Diesel_Rigid 26 - 28 t_Euro V,SCR,,0.02,0.5,5,85,0.000795006,-0.046637946,1.520309518,5.63099004,0.000193664,-0.000637095,0.070926734,0,1,1,1 
HDVD_41,Heavy Duty Trucks_Diesel_Rigid 26 - 28 t_Euro V,SCR,,0.02,1,5,85,0.002399557,-0.048839202,2.647319325,2.9091606,0.000806976,0.000955423,0.059293653,0,1,1,1 
HDVD_41,Heavy Duty Trucks_Diesel_Rigid 26 - 28 t_Euro V,SCR,,0.04,0,5,85,0.000317914,-0.017390242,0.429414689,2.906334267,7.92E-05,-0.001246606,0.032231077,0,1,1,1 
HDVD_41,Heavy Duty Trucks_Diesel_Rigid 26 - 28 t_Euro V,SCR,,0.04,0.5,5,85,0.004394987,-0.109487903,3.554881929,3.071989143,0.001018337,0.001483281,0.067523657,0,1,1,1 
HDVD_41,Heavy Duty Trucks_Diesel_Rigid 26 - 28 t_Euro V,SCR,,0.04,1,5,60,0.025142784,-0.465749714,10.28340769,-0.604562581,0.004238677,0.001586425,0.108011333,0,1,1,1 
HDVD_41,Heavy Duty Trucks_Diesel_Rigid 26 - 28 t_Euro V,SCR,,0.06,0,5,85,0.002585322,-0.089014381,2.56752692,6.252067568,0.000599475,-0.000973195,0.084920086,0,1,1,1 
HDVD_41,Heavy Duty Trucks_Diesel_Rigid 26 - 28 t_Euro V,SCR,,0.06,0.5,5,65,0.028673912,-0.400931694,9.335137192,4.188827267,0.005497567,-0.010728451,0.147071755,0,1,1,1 
HDVD_41,Heavy Duty Trucks_Diesel_Rigid 26 - 28 t_Euro V,SCR,,0.06,1,5,45,0.052650783,-0.854081151,11.72705081,-4.141502041,0.005809862,-2.49E-05,0.074774567,0,1,1,1 
HDVD_41,Heavy Duty Trucks_Diesel_Rigid 26 - 28 t_Euro V,EGR,,-0.06,0,5,70,-0.010632111,0.825246909,-3.161502116,1.504377781,0.010104361,-0.035464604,-3.15E-13,0,1,1,1 
HDVD_41,Heavy Duty Trucks_Diesel_Rigid 26 - 28 t_Euro V,EGR,,-0.06,0.5,5,70,-0.010905641,0.826783121,-3.187353086,1.598901,0.010255294,-0.03596833,-2.13E-13,0,1,1,1 
HDVD_41,Heavy Duty Trucks_Diesel_Rigid 26 - 28 t_Euro V,EGR,,-0.06,1,5,85,-0.000538496,0.055797906,-0.411110317,2.200760481,0.001077686,-0.010958881,0.050757047,0,1,1,1 
HDVD_41,Heavy Duty Trucks_Diesel_Rigid 26 - 28 t_Euro V,EGR,,-0.04,0,5,85,-0.002702556,0.294566652,-1.816219351,3.607245322,0.003605443,-0.024519292,0.05387061,0,1,1,1 
HDVD_41,Heavy Duty Trucks_Diesel_Rigid 26 - 28 t_Euro V,EGR,,-0.04,0.5,5,85,-0.002909652,0.305804887,-1.888072328,3.827543006,0.003726412,-0.02580669,0.059057834,0,1,1,1 
HDVD_41,Heavy Duty Trucks_Diesel_Rigid 26 - 28 t_Euro V,EGR,,-0.04,1,5,85,-0.003449209,0.361379132,-2.205217087,4.605845542,0.004353176,-0.030321731,0.0729324,0,1,1,1 
HDVD_41,Heavy Duty Trucks_Diesel_Rigid 26 - 28 t_Euro V,EGR,,-0.02,0,5,85,-0.001231959,0.724337943,-2.8820405,1.217338387,0.008003023,-0.027650775,-0.002852582,0,1,1,1 
HDVD_41,Heavy Duty Trucks_Diesel_Rigid 26 - 28 t_Euro V,EGR,,-0.02,0.5,5,85,-0.00195315,0.458400484,-2.111778609,3.898904848,0.004644255,-0.021306528,0.04695417,0,1,1,1 
HDVD_41,Heavy Duty Trucks_Diesel_Rigid 26 - 28 t_Euro V,EGR,,-0.02,1,5,85,-0.008282946,1.377545093,-4.39374195,-0.22114226,0.011496418,-0.014850532,-0.077418552,0,1,1,1 
HDVD_41,Heavy Duty Trucks_Diesel_Rigid 26 - 28 t_Euro V,EGR,,0,0,5,85,0.003374705,0.108249844,0.153322725,5.284031273,0.001894227,-0.008013034,0.096392939,0,1,1,1 
HDVD_41,Heavy Duty Trucks_Diesel_Rigid 26 - 28 t_Euro V,EGR,,0,0.5,5,85,0.009091925,0.389186383,-1.616133065,5.210141739,0.004895519,-0.022715161,0.076847384,0,1,1,1 
HDVD_41,Heavy Duty Trucks_Diesel_Rigid 26 - 28 t_Euro V,EGR,,0,1,5,85,0.044656598,2.583644938,-8.449889646,-2.540964548,0.023695771,-0.038295663,-0.14093493,0,1,1,1 
HDVD_41,Heavy Duty Trucks_Diesel_Rigid 26 - 28 t_Euro V,EGR,,0.02,0,5,85,0.002360837,0.090884157,6.575523067,3.884258131,0.000385117,0.052048685,0.134779972,0,1,1,1 
HDVD_41,Heavy Duty Trucks_Diesel_Rigid 26 - 28 t_Euro V,EGR,,0.02,0.5,5,85,0.002238323,0.111170564,7.502563995,7.873601221,0.000172182,0.05047196,0.2014035,0,1,1,1 
HDVD_41,Heavy Duty Trucks_Diesel_Rigid 26 - 28 t_Euro V,EGR,,0.02,1,5,85,0.085106188,1.435457393,-4.072611457,12.10471783,0.016750317,-0.047312992,0.153637254,0,1,1,1 
HDVD_41,Heavy Duty Trucks_Diesel_Rigid 26 - 28 t_Euro V,EGR,,0.04,0,5,85,0.003753951,0.140798081,9.273230415,8.210559525,0.000268321,0.064617415,0.225555491,0,1,1,1 
HDVD_41,Heavy Duty Trucks_Diesel_Rigid 26 - 28 t_Euro V,EGR,,0.04,0.5,5,85,-0.009934895,0.898306048,15.01931037,-7.790714883,-0.001399445,0.156289345,-4.52E-11,0,1,1,1 
HDVD_41,Heavy Duty Trucks_Diesel_Rigid 26 - 28 t_Euro V,EGR,,0.04,1,5,65,-0.001383696,0.057230477,2.571615854,4.977835544,-0.000209128,0.013173696,0.083891339,0,1,1,1 
HDVD_41,Heavy Duty Trucks_Diesel_Rigid 26 - 28 t_Euro V,EGR,,0.06,0,5,85,0.149323177,1.687337261,-10.00797339,8.841595811,0.025631215,-0.108971334,0.075440123,0,1,1,1 
HDVD_41,Heavy Duty Trucks_Diesel_Rigid 26 - 28 t_Euro V,EGR,,0.06,0.5,5,60,0.003403679,0.267593287,3.509243879,3.85520675,0.000516085,0.025347192,0.074603051,0,1,1,1 
HDVD_41,Heavy Duty Trucks_Diesel_Rigid 26 - 28 t_Euro V,EGR,,0.06,1,5,45,-0.000277455,0.006992998,0.881793034,3.308537862,-4.57E-05,0.002332672,0.041502725,0,1,1,1 
HDVD_42,Heavy Duty Trucks_Diesel_Rigid 26 - 28 t_Euro VI,,,-0.06,0,5,85,0.000106483,-0.017986948,0.733826636,2.23280362,-7.75E-05,0.007645334,0.091709738,0,1,1,1 
HDVD_42,Heavy Duty Trucks_Diesel_Rigid 26 - 28 t_Euro VI,,,-0.06,0.5,5,75,-0.002675749,0.175314527,2.195863225,-0.779746721,0.002423211,0.061426932,3.46E-12,0,1,1,1 
HDVD_42,Heavy Duty Trucks_Diesel_Rigid 26 - 28 t_Euro VI,,,-0.06,1,5,75,-0.001605783,0.093522206,2.249763093,-0.571757615,0.001414867,0.065060311,1.55E-11,0,1,1,1 
HDVD_42,Heavy Duty Trucks_Diesel_Rigid 26 - 28 t_Euro VI,,,-0.04,0,5,85,-5.10E-05,0.002894308,0.180845006,2.777647498,6.34E-05,0.000935887,0.07761672,0,1,1,1 
HDVD_42,Heavy Duty Trucks_Diesel_Rigid 26 - 28 t_Euro VI,,,-0.04,0.5,5,85,-0.001220229,0.093309405,0.970621092,-3.227298839,0.000582556,0.036979312,-0.102582162,0,1,1,1 
HDVD_42,Heavy Duty Trucks_Diesel_Rigid 26 - 28 t_Euro VI,,,-0.04,1,5,85,-0.000186068,0.041123127,-0.819052315,4.324250192,0.000835682,-0.019027514,0.10959904,0,1,1,1 
HDVD_42,Heavy Duty Trucks_Diesel_Rigid 26 - 28 t_Euro VI,,,-0.02,0,5,85,0.002447487,0.369229432,-2.681676578,4.273046186,0.007905085,-0.054909722,0.086412236,0,1,1,1 
HDVD_42,Heavy Duty Trucks_Diesel_Rigid 26 - 28 t_Euro VI,,,-0.02,0.5,5,85,-0.000203452,0.082381324,-1.277632042,5.35821601,0.001555052,-0.023982348,0.104855095,0,1,1,1 
HDVD_42,Heavy Duty Trucks_Diesel_Rigid 26 - 28 t_Euro VI,,,-0.02,1,5,85,-2.67E-05,0.072006415,-0.980681398,3.703633572,0.002084129,-0.025163941,0.089830096,0,1,1,1 
HDVD_42,Heavy Duty Trucks_Diesel_Rigid 26 - 28 t_Euro VI,,,0,0,5,85,-0.000942662,0.11475116,-0.867945258,2.298717762,0.002825292,-0.020879133,0.049160925,0,1,1,1 
HDVD_42,Heavy Duty Trucks_Diesel_Rigid 26 - 28 t_Euro VI,,,0,0.5,5,85,-0.000645392,0.123780228,-1.075201121,4.002669628,0.00565218,-0.039651513,0.10031943,0,1,1,1 
HDVD_42,Heavy Duty Trucks_Diesel_Rigid 26 - 28 t_Euro VI,,,0,1,5,85,-0.000327528,0.103093217,-0.960311821,3.659382896,0.006329688,-0.041891789,0.098539159,0,1,1,1 
HDVD_42,Heavy Duty Trucks_Diesel_Rigid 26 - 28 t_Euro VI,,,0.02,0,5,85,-0.000168144,0.07702036,-0.450804733,2.401784795,0.004561364,-0.026284776,0.06699191,0,1,1,1 
HDVD_42,Heavy Duty Trucks_Diesel_Rigid 26 - 28 t_Euro VI,,,0.02,0.5,5,85,0.000215495,0.049490736,-0.471480836,2.083263522,0.003904611,-0.023220347,0.054684885,0,1,1,1 
HDVD_42,Heavy Duty Trucks_Diesel_Rigid 26 - 28 t_Euro VI,,,0.02,1,5,85,0.00024773,0.131601116,-1.276304729,4.317759886,0.009081964,-0.054692632,0.115085594,0,1,1,1 
HDVD_42,Heavy Duty Trucks_Diesel_Rigid 26 - 28 t_Euro VI,,,0.04,0,5,85,0.000437644,0.055360006,-0.439074045,2.461841696,0.005041361,-0.028786897,0.070247334,0,1,1,1 
HDVD_42,Heavy Duty Trucks_Diesel_Rigid 26 - 28 t_Euro VI,,,0.04,0.5,5,85,0.000455435,0.10208085,-1.000419575,3.500898935,0.007217847,-0.042235818,0.091140029,0,1,1,1 
HDVD_42,Heavy Duty Trucks_Diesel_Rigid 26 - 28 t_Euro VI,,,0.04,1,5,70,0.004622194,0.055186147,-0.931531956,5.584039229,0.012229688,-0.039981417,0.102644677,0,1,1,1 
HDVD_42,Heavy Duty Trucks_Diesel_Rigid 26 - 28 t_Euro VI,,,0.06,0,5,85,0.000695282,0.065132173,-0.598918974,2.674039477,0.005815241,-0.032551992,0.07389271,0,1,1,1 
HDVD_42,Heavy Duty Trucks_Diesel_Rigid 26 - 28 t_Euro VI,,,0.06,0.5,5,65,0.008381488,-0.119033953,1.428768297,-3.88562457,0.013445951,-0.055359221,0.032755508,0,1,1,1 
HDVD_42,Heavy Duty Trucks_Diesel_Rigid 26 - 28 t_Euro VI,,,0.06,1,5,50,0.022090976,-0.309525844,2.276034031,-4.539876605,0.023540877,-0.098252697,0.084882967,0,1,1,1 
HDVD_43,Heavy Duty Trucks_Diesel_Rigid 28 - 32 t_Conventional,,,-0.06,0,12,86,2.56E-05,-0.007044644,0.544548169,3.413236031,3.20E-05,0.00333456,0.044950011,0,1,1,1 
HDVD_43,Heavy Duty Trucks_Diesel_Rigid 28 - 32 t_Conventional,,,-0.06,0.5,12,86,-0.000325334,0.020667657,2.671392661,-2.191671741,0.000841044,0.008550846,0.124963765,0,1,1,1 
HDVD_43,Heavy Duty Trucks_Diesel_Rigid 28 - 32 t_Conventional,,,-0.06,1,12,86,-0.00030931,0.018621286,2.672181113,-1.616941595,0.000815818,0.007029517,0.164188162,0,1,1,1 
HDVD_43,Heavy Duty Trucks_Diesel_Rigid 28 - 32 t_Conventional,,,-0.04,0,12,86,-0.001153271,0.075167587,6.048538209,0.332152354,0.000664837,0.034200678,0.119582533,0,1,1,1 
HDVD_43,Heavy Duty Trucks_Diesel_Rigid 28 - 32 t_Conventional,,,-0.04,0.5,12,86,-0.001059601,0.058523744,5.290242393,-1.672548539,0.000547087,0.024298747,0.160974512,0,1,1,1 
HDVD_43,Heavy Duty Trucks_Diesel_Rigid 28 - 32 t_Conventional,,,-0.04,1,12,86,-0.000933905,0.046564325,4.830060226,-1.97888845,0.000454698,0.017292757,0.192747789,0,1,1,1 
HDVD_43,Heavy Duty Trucks_Diesel_Rigid 28 - 32 t_Conventional,,,-0.02,0,12,86,0.000463219,-0.00926226,3.67528974,10.89457621,0.000107897,0.011468607,0.157744811,0,1,1,1 
HDVD_43,Heavy Duty Trucks_Diesel_Rigid 28 - 32 t_Conventional,,,-0.02,0.5,12,86,5.86E-06,-0.015758285,1.44827999,-9.960106545,-5.40E-05,0.005235516,-0.026976099,0,1,1,1 
HDVD_43,Heavy Duty Trucks_Diesel_Rigid 28 - 32 t_Conventional,,,-0.02,1,12,86,2.29E-05,-0.020444747,1.711207374,-8.852523076,-4.71E-05,0.00454127,-0.004575193,0,1,1,1 
HDVD_43,Heavy Duty Trucks_Diesel_Rigid 28 - 32 t_Conventional,,,0,0,12,86,5.27E-05,0.063534854,4.719059805,18.29335157,-4.98E-05,0.015836669,0.177642757,0,1,1,1 
HDVD_43,Heavy Duty Trucks_Diesel_Rigid 28 - 32 t_Conventional,,,0,0.5,12,86,-0.000542065,0.081235656,6.922970047,19.34152168,-8.25E-05,0.015290293,0.231160155,0,1,1,1 
HDVD_43,Heavy Duty Trucks_Diesel_Rigid 28 - 32 t_Conventional,,,0,1,12,86,0.000427684,0.189031986,5.020501309,2.375571352,0.000111065,0.012493827,0.107644391,0,1,1,1 
HDVD_43,Heavy Duty Trucks_Diesel_Rigid 28 - 32 t_Conventional,,,0.02,0,12,86,0.000463152,0.153362827,8.252811755,24.61727303,-6.68E-05,0.019395528,0.267970581,0,1,1,1 
HDVD_43,Heavy Duty Trucks_Diesel_Rigid 28 - 32 t_Conventional,,,0.02,0.5,12,86,3.43E-05,0.051059723,2.18458146,4.004005415,-1.00E-05,0.003493283,0.055160227,0,1,1,1 
HDVD_43,Heavy Duty Trucks_Diesel_Rigid 28 - 32 t_Conventional,,,0.02,1,12,80,-0.000448348,0.243818141,9.270677456,11.39752098,-3.38E-05,0.011059324,0.191644192,0,1,1,1 
HDVD_43,Heavy Duty Trucks_Diesel_Rigid 28 - 32 t_Conventional,,,0.04,0,12,86,0.000211756,0.094835087,4.008014293,7.707941867,-2.11E-05,0.00676419,0.109655406,0,1,1,1 
HDVD_43,Heavy Duty Trucks_Diesel_Rigid 28 - 32 t_Conventional,,,0.04,0.5,12,66,0.015336641,1.817050097,3.399168561,1.778864327,0.000450716,0.051703577,-0.053686168,0,1,1,1 
HDVD_43,Heavy Duty Trucks_Diesel_Rigid 28 - 32 t_Conventional,,,0.04,1,12,54,-0.005402007,0.322086874,-0.687631754,-8.032115175,-0.000120867,0.0076562,-0.043702403,0,1,1,1 
HDVD_43,Heavy Duty Trucks_Diesel_Rigid 28 - 32 t_Conventional,,,0.06,0,12,78,0.005933817,0.611463162,-0.486368746,-27.94355703,0.000123942,0.025384608,-0.181119354,0,1,1,1 
HDVD_43,Heavy Duty Trucks_Diesel_Rigid 28 - 32 t_Conventional,,,0.06,0.5,12,51,0.010382663,-0.422579812,3.939380835,11.88468601,0.000225,-0.009687031,0.108296982,0,1,1,1 
HDVD_43,Heavy Duty Trucks_Diesel_Rigid 28 - 32 t_Conventional,,,0.06,1,12,40,-0.007114834,0.274551073,1.684370982,6.937502743,-0.000108595,0.004233713,0.027088697,0,1,1,1 
HDVD_44,Heavy Duty Trucks_Diesel_Rigid 28 - 32 t_Euro I,,,-0.06,0,12,86,1.32E-05,-0.003899566,0.327295192,2.562331561,2.49E-05,0.002861671,0.033508082,0,1,1,1 
HDVD_44,Heavy Duty Trucks_Diesel_Rigid 28 - 32 t_Euro I,,,-0.06,0.5,12,86,1.75E-05,-0.004965363,0.399662739,2.649958096,2.96E-05,0.003383975,0.042766299,0,1,1,1 
HDVD_44,Heavy Duty Trucks_Diesel_Rigid 28 - 32 t_Euro I,,,-0.06,1,12,86,5.78E-05,-0.015948143,1.24198875,6.902911904,8.41E-05,0.009666456,0.135503992,0,1,1,1 
HDVD_44,Heavy Duty Trucks_Diesel_Rigid 28 - 32 t_Euro I,,,-0.04,0,12,86,-0.000714991,0.047452549,3.795481409,2.485960598,0.000536622,0.029269884,0.078964279,0,1,1,1 
HDVD_44,Heavy Duty Trucks_Diesel_Rigid 28 - 32 t_Euro I,,,-0.04,0.5,12,86,-0.001010431,0.058031691,4.989913107,-0.676022494,0.000671416,0.033025134,0.148434657,0,1,1,1 
HDVD_44,Heavy Duty Trucks_Diesel_Rigid 28 - 32 t_Euro I,,,-0.04,1,12,86,-0.000941095,0.050595636,4.742879321,-1.831072055,0.000614345,0.025303332,0.196690042,0,1,1,1 
HDVD_44,Heavy Duty Trucks_Diesel_Rigid 28 - 32 t_Euro I,,,-0.02,0,12,86,0.00021223,-0.001432332,3.29934855,13.47167464,6.17E-05,0.016639662,0.177979618,0,1,1,1 
HDVD_44,Heavy Duty Trucks_Diesel_Rigid 28 - 32 t_Euro I,,,-0.02,0.5,12,86,0.000106783,-0.031613916,2.617835171,8.545918661,-3.09E-05,0.006762103,0.16827892,0,1,1,1 
HDVD_44,Heavy Duty Trucks_Diesel_Rigid 28 - 32 t_Euro I,,,-0.02,1,12,86,4.68E-05,-0.030718922,2.486986184,-15.15615319,-9.91E-05,0.009607395,-0.033840522,0,1,1,1 
HDVD_44,Heavy Duty Trucks_Diesel_Rigid 28 - 32 t_Euro I,,,0,0,12,86,6.12E-05,0.045479721,3.61842812,15.46371544,-5.25E-05,0.016551595,0.176949423,0,1,1,1 
HDVD_44,Heavy Duty Trucks_Diesel_Rigid 28 - 32 t_Euro I,,,0,0.5,12,86,-0.000385929,0.087793045,7.368206738,23.13413245,-0.000100241,0.023528856,0.316195821,0,1,1,1 
HDVD_44,Heavy Duty Trucks_Diesel_Rigid 28 - 32 t_Euro I,,,0,1,12,86,0.000985221,0.347025024,9.616641122,16.11673698,0.000321006,0.033304583,0.302309917,0,1,1,1 
HDVD_44,Heavy Duty Trucks_Diesel_Rigid 28 - 32 t_Euro I,,,0.02,0,12,86,0.000176515,0.09401562,5.080740514,14.46966543,-5.16E-05,0.01595014,0.21516362,0,1,1,1 
HDVD_44,Heavy Duty Trucks_Diesel_Rigid 28 - 32 t_Euro I,,,0.02,0.5,12,86,0.015942084,1.287805832,16.77098438,38.01991123,0.001189229,0.078975109,0.444046811,0,1,1,1 
HDVD_44,Heavy Duty Trucks_Diesel_Rigid 28 - 32 t_Euro I,,,0.02,1,12,81,-0.000244323,0.091488739,4.021967636,6.104220091,-2.36E-05,0.006721115,0.112654892,0,1,1,1 
HDVD_44,Heavy Duty Trucks_Diesel_Rigid 28 - 32 t_Euro I,,,0.04,0,12,86,0.013669481,1.087671126,9.971120487,44.91029921,0.000875762,0.068587457,0.289493376,0,1,1,1 
HDVD_44,Heavy Duty Trucks_Diesel_Rigid 28 - 32 t_Euro I,,,0.04,0.5,12,68,-0.000141284,0.178463438,6.363507019,8.537013733,-3.53E-05,0.010994153,0.164605252,0,1,1,1 
HDVD_44,Heavy Duty Trucks_Diesel_Rigid 28 - 32 t_Euro I,,,0.04,1,12,56,-0.012909998,0.704353841,2.934576781,-3.570782563,-0.000439882,0.025979863,-0.015409459,0,1,1,1 
HDVD_44,Heavy Duty Trucks_Diesel_Rigid 28 - 32 t_Euro I,,,0.06,0,12,80,0.002983398,0.481673093,3.403607524,-1.854002806,0.000117018,0.02659995,0.001740676,0,1,1,1 
HDVD_44,Heavy Duty Trucks_Diesel_Rigid 28 - 32 t_Euro I,,,0.06,0.5,12,54,0.00170381,-0.083460872,0.934315355,4.453485795,5.64E-05,-0.002958878,0.041409532,0,1,1,1 
HDVD_44,Heavy Duty Trucks_Diesel_Rigid 28 - 32 t_Euro I,,,0.06,1,12,41,-0.011992844,0.508446941,1.407125939,3.220702906,-0.000286979,0.012860512,0.006706354,0,1,1,1 
HDVD_45,Heavy Duty Trucks_Diesel_Rigid 28 - 32 t_Euro II,,,-0.06,0,12,86,3.12E-05,-0.009377638,0.809338509,6.018155969,5.05E-05,0.006444374,0.073827361,0,1,1,1 
HDVD_45,Heavy Duty Trucks_Diesel_Rigid 28 - 32 t_Euro II,,,-0.06,0.5,12,86,4.37E-05,-0.01258049,1.031022252,6.487549512,6.26E-05,0.007889924,0.09957804,0,1,1,1 
HDVD_45,Heavy Duty Trucks_Diesel_Rigid 28 - 32 t_Euro II,,,-0.06,1,12,86,-6.51E-07,-6.39E-05,1.073377142,-4.053364203,0.000336523,0.003035334,0.024567262,0,1,1,1 
HDVD_45,Heavy Duty Trucks_Diesel_Rigid 28 - 32 t_Euro II,,,-0.04,0,12,86,-0.000474592,0.031108307,2.609975403,2.842138007,0.000308095,0.018434083,0.06092503,0,1,1,1 
HDVD_45,Heavy Duty Trucks_Diesel_Rigid 28 - 32 t_Euro II,,,-0.04,0.5,12,86,-0.001078308,0.063523083,5.419875598,-1.042572744,0.000670554,0.032158173,0.150175386,0,1,1,1 
HDVD_45,Heavy Duty Trucks_Diesel_Rigid 28 - 32 t_Euro II,,,-0.04,1,12,86,-0.001208979,0.066619737,6.390739232,-3.022836549,0.000791705,0.030044179,0.240736637,0,1,1,1 
HDVD_45,Heavy Duty Trucks_Diesel_Rigid 28 - 32 t_Euro II,,,-0.02,0,12,86,0.000190171,-0.000628668,4.251734025,9.614680841,4.38E-05,0.020132849,0.153748437,0,1,1,1 
HDVD_45,Heavy Duty Trucks_Diesel_Rigid 28 - 32 t_Euro II,,,-0.02,0.5,12,86,-0.001276907,0.114063319,8.062465258,14.49760177,0.000311194,0.03541223,0.312908878,0,1,1,1 
HDVD_45,Heavy Duty Trucks_Diesel_Rigid 28 - 32 t_Euro II,,,-0.02,1,12,86,4.50E-05,-0.023919534,1.874548353,-12.03441057,-7.00E-05,0.006772143,-0.029120794,0,1,1,1 
HDVD_45,Heavy Duty Trucks_Diesel_Rigid 28 - 32 t_Euro II,,,0,0,12,86,3.21E-05,0.043422446,3.500656492,14.54980781,-4.47E-05,0.014311143,0.154061168,0,1,1,1 
HDVD_45,Heavy Duty Trucks_Diesel_Rigid 28 - 32 t_Euro II,,,0,0.5,12,86,-0.000373731,0.073972538,6.748048639,22.09154521,-8.94E-05,0.01978418,0.263893065,0,1,1,1 
HDVD_45,Heavy Duty Trucks_Diesel_Rigid 28 - 32 t_Euro II,,,0,1,12,86,0.002820383,0.545055508,10.6715941,15.05003099,0.000683904,0.041652115,0.256083875,0,1,1,1 
HDVD_45,Heavy Duty Trucks_Diesel_Rigid 28 - 32 t_Euro II,,,0.02,0,12,86,0.000220508,0.308928291,17.10442051,47.09721465,-0.000149145,0.048303992,0.64587548,0,1,1,1 
HDVD_45,Heavy Duty Trucks_Diesel_Rigid 28 - 32 t_Euro II,,,0.02,0.5,12,86,2.74E-05,0.015628829,1.238023219,8.733347752,2.60E-06,0.001170434,0.067962865,0,1,1,1 
HDVD_45,Heavy Duty Trucks_Diesel_Rigid 28 - 32 t_Euro II,,,0.02,1,12,83,0.001254898,0.197194961,-0.274127929,-9.391734117,9.57E-05,0.00862268,-0.069807633,0,1,1,1 
HDVD_45,Heavy Duty Trucks_Diesel_Rigid 28 - 32 t_Euro II,,,0.04,0,12,86,0.001592205,0.144661705,1.696626391,5.465534563,0.000105468,0.008880093,0.039958127,0,1,1,1 
HDVD_45,Heavy Duty Trucks_Diesel_Rigid 28 - 32 t_Euro II,,,0.04,0.5,12,75,-0.000301927,0.258593801,10.74845695,17.67301316,-5.46E-05,0.017062019,0.256343082,0,1,1,1 
HDVD_45,Heavy Duty Trucks_Diesel_Rigid 28 - 32 t_Euro II,,,0.04,1,12,59,0.007322214,-0.175911789,0.476680194,10.47073064,0.000267551,-0.008023525,0.064879101,0,1,1,1 
HDVD_45,Heavy Duty Trucks_Diesel_Rigid 28 - 32 t_Euro II,,,0.06,0,12,83,0.002428434,0.492824508,3.000304155,5.720466133,0.000141734,0.023557193,0.017235955,0,1,1,1 
HDVD_45,Heavy Duty Trucks_Diesel_Rigid 28 - 32 t_Euro II,,,0.06,0.5,12,58,0.003828275,-0.150832441,1.116678396,11.28953862,0.000135513,-0.00606662,0.072531036,0,1,1,1 
HDVD_45,Heavy Duty Trucks_Diesel_Rigid 28 - 32 t_Euro II,,,0.06,1,12,44,-0.019169852,0.813051962,3.545682154,0.762138063,-0.000502645,0.023453992,-0.003811,0,1,1,1 
HDVD_46,Heavy Duty Trucks_Diesel_Rigid 28 - 32 t_Euro III,,,-0.06,0,12,86,-1.47E-06,0.000359339,1.596419362,-4.988529956,0.000577962,0.004739353,0.022341049,0,1,1,1 
HDVD_46,Heavy Duty Trucks_Diesel_Rigid 28 - 32 t_Euro III,,,-0.06,0.5,12,86,0.000440587,-0.008217063,3.91858971,1.593331083,0.002451236,-0.017132029,0.449595717,0,1,1,1 
HDVD_46,Heavy Duty Trucks_Diesel_Rigid 28 - 32 t_Euro III,,,-0.06,1,12,86,0.00045886,-0.009374649,3.72552215,2.391594657,0.002395223,-0.019294107,0.48397906,0,1,1,1 
HDVD_46,Heavy Duty Trucks_Diesel_Rigid 28 - 32 t_Euro III,,,-0.04,0,12,86,-2.87E-05,0.013250943,2.429009877,-7.958708372,0.000586321,0.009427237,0.011715232,0,1,1,1 
HDVD_46,Heavy Duty Trucks_Diesel_Rigid 28 - 32 t_Euro III,,,-0.04,0.5,12,86,-0.000457093,0.044682847,4.826724409,-4.459931875,0.00122612,0.017150469,0.172500157,0,1,1,1 
HDVD_46,Heavy Duty Trucks_Diesel_Rigid 28 - 32 t_Euro III,,,-0.04,1,12,86,-0.000287032,0.024049039,3.174057721,-2.068960251,0.000763603,0.007939445,0.158948516,0,1,1,1 
HDVD_46,Heavy Duty Trucks_Diesel_Rigid 28 - 32 t_Euro III,,,-0.02,0,12,86,0.000422256,-0.007583845,2.723097743,8.861359152,0.000155531,0.012670219,0.120300216,0,1,1,1 
HDVD_46,Heavy Duty Trucks_Diesel_Rigid 28 - 32 t_Euro III,,,-0.02,0.5,12,86,-0.000744776,0.098596159,6.346263791,10.22189298,0.000463793,0.035347643,0.193482575,0,1,1,1 
HDVD_46,Heavy Duty Trucks_Diesel_Rigid 28 - 32 t_Euro III,,,-0.02,1,12,86,7.85E-05,-0.037667778,2.945488614,-23.37919645,-0.000142036,0.013802396,-0.100784106,0,1,1,1 
HDVD_46,Heavy Duty Trucks_Diesel_Rigid 28 - 32 t_Euro III,,,0,0,12,86,0.001055665,0.023955121,2.630213431,10.39773518,0.000180327,0.01016009,0.124271197,0,1,1,1 
HDVD_46,Heavy Duty Trucks_Diesel_Rigid 28 - 32 t_Euro III,,,0,0.5,12,86,-7.87E-05,0.048090691,4.657553439,19.38859816,-5.97E-05,0.018279534,0.198599501,0,1,1,1 
HDVD_46,Heavy Duty Trucks_Diesel_Rigid 28 - 32 t_Euro III,,,0,1,12,86,0.004609967,0.432397102,-1.825184501,-18.09968549,0.001234616,0.011992866,-0.188366542,0,1,1,1 
HDVD_46,Heavy Duty Trucks_Diesel_Rigid 28 - 32 t_Euro III,,,0.02,0,12,86,0.000912935,0.126607493,2.972452768,27.02779961,8.96E-05,0.017300587,0.167115956,0,1,1,1 
HDVD_46,Heavy Duty Trucks_Diesel_Rigid 28 - 32 t_Euro III,,,0.02,0.5,12,86,0.002058593,0.406927824,9.142215379,41.29188324,0.000237847,0.03625142,0.34022285,0,1,1,1 
HDVD_46,Heavy Duty Trucks_Diesel_Rigid 28 - 32 t_Euro III,,,0.02,1,12,84,-0.000164874,0.05253777,3.012927542,6.646910674,-2.26E-05,0.005997579,0.090825287,0,1,1,1 
HDVD_46,Heavy Duty Trucks_Diesel_Rigid 28 - 32 t_Euro III,,,0.04,0,12,86,-0.001436807,0.202236859,3.031876661,19.16606707,-0.000132076,0.0198196,0.102101763,0,1,1,1 
HDVD_46,Heavy Duty Trucks_Diesel_Rigid 28 - 32 t_Euro III,,,0.04,0.5,12,77,-2.71E-05,0.076395138,3.616665043,7.71970256,-2.35E-05,0.007314332,0.100866413,0,1,1,1 
HDVD_46,Heavy Duty Trucks_Diesel_Rigid 28 - 32 t_Euro III,,,0.04,1,12,61,0.00186167,0.241064438,1.957886465,4.009587584,0.000123385,0.009160019,0.032655399,0,1,1,1 
HDVD_46,Heavy Duty Trucks_Diesel_Rigid 28 - 32 t_Euro III,,,0.06,0,12,84,0.00152863,0.218499455,3.513148493,20.18922534,0.000100961,0.015438556,0.1202511,0,1,1,1 
HDVD_46,Heavy Duty Trucks_Diesel_Rigid 28 - 32 t_Euro III,,,0.06,0.5,12,59,0.002521138,0.312566586,-0.895833192,-12.111239,0.000156688,0.011679402,-0.097268991,0,1,1,1 
HDVD_46,Heavy Duty Trucks_Diesel_Rigid 28 - 32 t_Euro III,,,0.06,1,12,45,0.006387182,0.689260128,3.860242205,4.505491812,0.000317844,0.019485497,0.031601756,0,1,1,1 
HDVD_47,Heavy Duty Trucks_Diesel_Rigid 28 - 32 t_Euro IV,,,-0.06,0,12,86,-0.000474354,0.008955088,2.959432499,-0.034198839,0.002791541,-0.00587332,0.567240538,0,1,1,1 
HDVD_47,Heavy Duty Trucks_Diesel_Rigid 28 - 32 t_Euro IV,,,-0.06,0.5,12,86,-0.000443752,0.006917129,2.897406475,0.765441007,0.002988519,-0.012513318,0.668343561,0,1,1,1 
HDVD_47,Heavy Duty Trucks_Diesel_Rigid 28 - 32 t_Euro IV,,,-0.06,1,12,86,-0.000342286,0.000950315,2.842057989,2.497562444,0.003122696,-0.028504434,0.874746058,0,1,1,1 
HDVD_47,Heavy Duty Trucks_Diesel_Rigid 28 - 32 t_Euro IV,,,-0.04,0,12,86,-0.000460294,0.024986998,2.422201588,-2.174004039,0.000891342,0.023342093,0.128016547,0,1,1,1 
HDVD_47,Heavy Duty Trucks_Diesel_Rigid 28 - 32 t_Euro IV,,,-0.04,0.5,12,86,-0.000593527,0.025035692,2.907175973,-1.860307148,0.000949304,0.021720393,0.255768188,0,1,1,1 
HDVD_47,Heavy Duty Trucks_Diesel_Rigid 28 - 32 t_Euro IV,,,-0.04,1,12,86,-0.00075368,0.026502915,4.124580571,-1.752799741,0.001334141,0.016039719,0.511995607,0,1,1,1 
HDVD_47,Heavy Duty Trucks_Diesel_Rigid 28 - 32 t_Euro IV,,,-0.02,0,12,86,0.000504488,-0.012375335,2.26069082,2.774091474,0.000299452,0.012513577,0.18838782,0,1,1,1 
HDVD_47,Heavy Duty Trucks_Diesel_Rigid 28 - 32 t_Euro IV,,,-0.02,0.5,12,86,9.05E-06,-0.009633991,0.844949691,-6.551281629,-7.76E-05,0.007558922,-0.05177561,0,1,1,1 
HDVD_47,Heavy Duty Trucks_Diesel_Rigid 28 - 32 t_Euro IV,,,-0.02,1,12,86,2.06E-05,-0.011569873,0.91691872,-5.9665972,-6.53E-05,0.006329083,-0.028450966,0,1,1,1 
HDVD_47,Heavy Duty Trucks_Diesel_Rigid 28 - 32 t_Euro IV,,,0,0,12,86,6.75E-05,0.050362264,3.96334513,16.76582014,-9.94E-05,0.031300375,0.336613152,0,1,1,1 
HDVD_47,Heavy Duty Trucks_Diesel_Rigid 28 - 32 t_Euro IV,,,0,0.5,12,86,0.00151474,-0.012120495,-0.543608098,8.576329489,0.000419324,-0.012592355,0.114826295,0,1,1,1 
HDVD_47,Heavy Duty Trucks_Diesel_Rigid 28 - 32 t_Euro IV,,,0,1,12,86,-0.000339893,0.020557195,0.969761086,-8.702859442,-8.96E-05,0.008643311,-0.053222423,0,1,1,1 
HDVD_47,Heavy Duty Trucks_Diesel_Rigid 28 - 32 t_Euro IV,,,0.02,0,12,86,0.000405719,0.072326651,1.788235633,16.58699402,5.02E-05,0.012554612,0.218832104,0,1,1,1 
HDVD_47,Heavy Duty Trucks_Diesel_Rigid 28 - 32 t_Euro IV,,,0.02,0.5,12,86,-0.010362164,0.929386682,0.490809829,-98.9282491,-0.001281342,0.12822518,-1.21662831,0,1,1,1 
HDVD_47,Heavy Duty Trucks_Diesel_Rigid 28 - 32 t_Euro IV,,,0.02,1,12,84,0.009081956,0.087876151,-0.685447088,17.71528876,0.001104006,-0.012587415,0.176008896,0,1,1,1 
HDVD_47,Heavy Duty Trucks_Diesel_Rigid 28 - 32 t_Euro IV,,,0.04,0,12,86,0.002894064,0.629319304,2.465139725,22.92922981,0.000351905,0.066657508,0.066816061,0,1,1,1 
HDVD_47,Heavy Duty Trucks_Diesel_Rigid 28 - 32 t_Euro IV,,,0.04,0.5,12,79,0.00137216,-0.11668669,12.47007817,0.391796967,2.41E-05,0.002287367,0.590796074,0,1,1,1 
HDVD_47,Heavy Duty Trucks_Diesel_Rigid 28 - 32 t_Euro IV,,,0.04,1,12,62,-0.006944926,0.423532995,1.961727152,-29.72929687,-0.000478143,0.033529602,-0.17661374,0,1,1,1 
HDVD_47,Heavy Duty Trucks_Diesel_Rigid 28 - 32 t_Euro IV,,,0.06,0,12,84,0.002120812,0.637809058,16.04590645,25.97453535,0.000299851,0.05597559,0.920706141,0,1,1,1 
HDVD_47,Heavy Duty Trucks_Diesel_Rigid 28 - 32 t_Euro IV,,,0.06,0.5,12,61,0.00961654,-0.295416769,13.36543175,13.59434823,0.000500417,-0.010763104,0.600239693,0,1,1,1 
HDVD_47,Heavy Duty Trucks_Diesel_Rigid 28 - 32 t_Euro IV,,,0.06,1,12,46,-0.003275339,0.155237962,1.593690404,-6.810406459,-0.000166318,0.009420559,-0.0059787,0,1,1,1 
HDVD_47,Heavy Duty Trucks_Diesel_Rigid 28 - 32 t_Euro IV,,,-0.06,0,12,86,-0.000474354,0.008955088,2.959432499,-0.034198839,0.002791541,-0.00587332,0.567240538,0,1,1,1 
HDVD_47,Heavy Duty Trucks_Diesel_Rigid 28 - 32 t_Euro IV,,,-0.06,0.5,12,86,-0.000443752,0.006917129,2.897406475,0.765441007,0.002988519,-0.012513318,0.668343561,0,1,1,1 
HDVD_47,Heavy Duty Trucks_Diesel_Rigid 28 - 32 t_Euro IV,,,-0.06,1,12,86,-0.000342286,0.000950315,2.842057989,2.497562444,0.003122696,-0.028504434,0.874746058,0,1,1,1 
HDVD_47,Heavy Duty Trucks_Diesel_Rigid 28 - 32 t_Euro IV,,,-0.04,0,12,86,-0.000460294,0.024986998,2.422201588,-2.174004039,0.000891342,0.023342093,0.128016547,0,1,1,1 
HDVD_47,Heavy Duty Trucks_Diesel_Rigid 28 - 32 t_Euro IV,,,-0.04,1,12,86,-0.00075368,0.026502915,4.124580571,-1.752799741,0.001334141,0.016039719,0.511995607,0,1,1,1 
HDVD_47,Heavy Duty Trucks_Diesel_Rigid 28 - 32 t_Euro IV,,,-0.02,0,12,86,0.000504488,-0.012375335,2.26069082,2.774091474,0.000299452,0.012513577,0.18838782,0,1,1,1 
HDVD_47,Heavy Duty Trucks_Diesel_Rigid 28 - 32 t_Euro IV,,,-0.02,1,12,86,2.06E-05,-0.011569873,0.91691872,-5.9665972,-6.53E-05,0.006329083,-0.028450966,0,1,1,1 
HDVD_47,Heavy Duty Trucks_Diesel_Rigid 28 - 32 t_Euro IV,,,0,0,12,86,6.75E-05,0.050362264,3.96334513,16.76582014,-9.94E-05,0.031300375,0.336613152,0,1,1,1 
HDVD_47,Heavy Duty Trucks_Diesel_Rigid 28 - 32 t_Euro IV,,,0,1,12,86,-0.000339893,0.020557195,0.969761086,-8.702859442,-8.96E-05,0.008643311,-0.053222423,0,1,1,1 
HDVD_47,Heavy Duty Trucks_Diesel_Rigid 28 - 32 t_Euro IV,,,0.02,0,12,86,0.000405719,0.072326651,1.788235633,16.58699402,5.02E-05,0.012554612,0.218832104,0,1,1,1 
HDVD_47,Heavy Duty Trucks_Diesel_Rigid 28 - 32 t_Euro IV,,,0.02,1,12,84,0.009081956,0.087876151,-0.685447088,17.71528876,0.001104006,-0.012587415,0.176008896,0,1,1,1 
HDVD_47,Heavy Duty Trucks_Diesel_Rigid 28 - 32 t_Euro IV,,,0.04,0,12,86,0.002894064,0.629319304,2.465139725,22.92922981,0.000351905,0.066657508,0.066816061,0,1,1,1 
HDVD_47,Heavy Duty Trucks_Diesel_Rigid 28 - 32 t_Euro IV,,,0.04,1,12,62,-0.006944926,0.423532995,1.961727152,-29.72929687,-0.000478143,0.033529602,-0.17661374,0,1,1,1 
HDVD_47,Heavy Duty Trucks_Diesel_Rigid 28 - 32 t_Euro IV,,,0.06,0,12,84,0.002120812,0.637809058,16.04590645,25.97453535,0.000299851,0.05597559,0.920706141,0,1,1,1 
HDVD_47,Heavy Duty Trucks_Diesel_Rigid 28 - 32 t_Euro IV,,,0.06,0.5,12,61,0.00961654,-0.295416769,13.36543175,13.59434823,0.000500417,-0.010763104,0.600239693,0,1,1,1 
HDVD_47,Heavy Duty Trucks_Diesel_Rigid 28 - 32 t_Euro IV,,,0.06,1,12,46,-0.003275339,0.155237962,1.593690404,-6.810406459,-0.000166318,0.009420559,-0.0059787,0,1,1,1 
HDVD_48,Heavy Duty Trucks_Diesel_Rigid 28 - 32 t_Euro V,SCR,,-0.06,0,5,80,-0.001148531,0.111228831,-1.577193317,7.874717157,0.001202288,-0.019656531,0.098295287,0,1,1,1 
HDVD_48,Heavy Duty Trucks_Diesel_Rigid 28 - 32 t_Euro V,SCR,,-0.06,0.5,5,80,-0.000476249,0.047907894,-0.724692615,3.705558316,0.000560082,-0.009611305,0.047949676,0,1,1,1 
HDVD_48,Heavy Duty Trucks_Diesel_Rigid 28 - 32 t_Euro V,SCR,,-0.06,1,5,85,-0.000496734,0.051593442,-0.761354206,3.988086286,0.000642259,-0.010723389,0.053151638,0,1,1,1 
HDVD_48,Heavy Duty Trucks_Diesel_Rigid 28 - 32 t_Euro V,SCR,,-0.04,0,5,85,-0.003632315,0.390168523,-2.124409742,4.380022145,0.003044491,-0.017507583,0.041835408,0,1,1,1 
HDVD_48,Heavy Duty Trucks_Diesel_Rigid 28 - 32 t_Euro V,SCR,,-0.04,0.5,5,85,-0.004032894,0.41385809,-2.33113403,4.875702905,0.003044013,-0.018701289,0.046953809,0,1,1,1 
HDVD_48,Heavy Duty Trucks_Diesel_Rigid 28 - 32 t_Euro V,SCR,,-0.04,1,5,85,-0.005452383,0.564357291,-3.234009358,6.783442172,0.003911227,-0.025037823,0.064581575,0,1,1,1 
HDVD_48,Heavy Duty Trucks_Diesel_Rigid 28 - 32 t_Euro V,SCR,,-0.02,0,5,85,0.005581712,1.071301777,-4.997645357,15.00721764,0.008161612,-0.039389682,0.140151582,0,1,1,1 
HDVD_48,Heavy Duty Trucks_Diesel_Rigid 28 - 32 t_Euro V,SCR,,-0.02,0.5,5,85,-0.005825852,1.640285868,-5.122242227,7.463692454,0.007942553,-0.008225442,0.021558614,0,1,1,1 
HDVD_48,Heavy Duty Trucks_Diesel_Rigid 28 - 32 t_Euro V,SCR,,-0.02,1,5,85,-0.002920141,0.570875449,-1.64625845,2.15563024,0.00230972,-0.000142009,0.003183747,0,1,1,1 
HDVD_48,Heavy Duty Trucks_Diesel_Rigid 28 - 32 t_Euro V,SCR,,0,0,5,85,-0.000356597,0.021212413,1.368210225,3.208705084,-1.32E-06,0.006026374,0.046519466,0,1,1,1 
HDVD_48,Heavy Duty Trucks_Diesel_Rigid 28 - 32 t_Euro V,SCR,,0,0.5,5,85,-0.009500851,1.067990119,-1.00054789,2.45474564,0.002882422,0.01574787,6.50E-15,0,1,1,1 
HDVD_48,Heavy Duty Trucks_Diesel_Rigid 28 - 32 t_Euro V,SCR,,0,1,5,85,8.70E-05,-0.001683044,1.150182415,2.388310378,0.000149538,0.00101695,0.04072595,0,1,1,1 
HDVD_48,Heavy Duty Trucks_Diesel_Rigid 28 - 32 t_Euro V,SCR,,0.02,0,5,85,0.000180379,-0.018047252,0.606007014,2.591029811,2.57E-05,-0.000279751,0.033859012,0,1,1,1 
HDVD_48,Heavy Duty Trucks_Diesel_Rigid 28 - 32 t_Euro V,SCR,,0.02,0.5,5,85,0.000662997,-0.029656547,0.980630266,2.370648445,0.000171294,-0.000549,0.035210403,0,1,1,1 
HDVD_48,Heavy Duty Trucks_Diesel_Rigid 28 - 32 t_Euro V,SCR,,0.02,1,5,85,0.002159963,-0.012008939,0.861844354,2.566076233,0.00073152,-0.004185969,0.037806293,0,1,1,1 
HDVD_48,Heavy Duty Trucks_Diesel_Rigid 28 - 32 t_Euro V,SCR,,0.04,0,5,85,0.000541676,-0.026941547,0.673522514,2.992360299,0.000125604,-0.001579348,0.037342583,0,1,1,1 
HDVD_48,Heavy Duty Trucks_Diesel_Rigid 28 - 32 t_Euro V,SCR,,0.04,0.5,5,75,0.003294186,-0.060946547,1.552574578,1.51316304,0.000691257,-0.001841975,0.032546104,0,1,1,1 
HDVD_48,Heavy Duty Trucks_Diesel_Rigid 28 - 32 t_Euro V,SCR,,0.04,1,5,60,0.036754703,-0.341263311,5.621351696,9.103679636,0.006547573,-0.029120448,0.150687471,0,1,1,1 
HDVD_48,Heavy Duty Trucks_Diesel_Rigid 28 - 32 t_Euro V,SCR,,0.06,0,5,80,0.001531081,-0.044890609,1.144125581,2.209485401,0.000330054,-0.001270337,0.033953385,0,1,1,1 
HDVD_48,Heavy Duty Trucks_Diesel_Rigid 28 - 32 t_Euro V,SCR,,0.06,0.5,5,60,0.040041476,-0.492067071,7.747521223,8.903690979,0.006521945,-0.024977645,0.162296093,0,1,1,1 
HDVD_48,Heavy Duty Trucks_Diesel_Rigid 28 - 32 t_Euro V,SCR,,0.06,1,5,45,0.022269711,-0.178729471,1.187656098,7.483665756,0.002735111,-0.011120073,0.057909433,0,1,1,1 
HDVD_48,Heavy Duty Trucks_Diesel_Rigid 28 - 32 t_Euro V,EGR,,-0.06,0,5,80,-0.005401418,0.49086804,-3.378960645,6.69291776,0.00685821,-0.05156263,0.108335021,0,1,1,1 
HDVD_48,Heavy Duty Trucks_Diesel_Rigid 28 - 32 t_Euro V,EGR,,-0.06,0.5,5,85,-0.000420959,0.048077621,-0.553405154,3.050222521,0.000880203,-0.011902996,0.060873575,0,1,1,1 
HDVD_48,Heavy Duty Trucks_Diesel_Rigid 28 - 32 t_Euro V,EGR,,-0.06,1,5,85,-0.000448525,0.05290567,-0.568196385,3.233674641,0.001041992,-0.013532124,0.06831105,0,1,1,1 
HDVD_48,Heavy Duty Trucks_Diesel_Rigid 28 - 32 t_Euro V,EGR,,-0.04,0,5,85,-0.003640809,0.425503172,-2.370660003,4.585891598,0.005227311,-0.030962486,0.066615798,0,1,1,1 
HDVD_48,Heavy Duty Trucks_Diesel_Rigid 28 - 32 t_Euro V,EGR,,-0.04,0.5,5,85,-0.002284926,0.250888027,-1.42602604,2.764006611,0.003014594,-0.018549898,0.040554074,0,1,1,1 
HDVD_48,Heavy Duty Trucks_Diesel_Rigid 28 - 32 t_Euro V,EGR,,-0.04,1,5,85,-0.002996207,0.325698979,-1.895781991,3.783521057,0.003798262,-0.024434092,0.056013097,0,1,1,1 
HDVD_48,Heavy Duty Trucks_Diesel_Rigid 28 - 32 t_Euro V,EGR,,-0.02,0,5,85,0.001002576,0.39845431,-1.845325421,3.873897874,0.004879697,-0.023177014,0.054477452,0,1,1,1 
HDVD_48,Heavy Duty Trucks_Diesel_Rigid 28 - 32 t_Euro V,EGR,,-0.02,0.5,5,85,-0.00167514,0.457688352,-1.593722333,2.516783271,0.004306096,-0.011953453,0.024395745,0,1,1,1 
HDVD_48,Heavy Duty Trucks_Diesel_Rigid 28 - 32 t_Euro V,EGR,,-0.02,1,5,85,-0.00273148,0.573046725,-1.800536675,2.662384492,0.004746823,-0.009966803,0.022505676,0,1,1,1 
HDVD_48,Heavy Duty Trucks_Diesel_Rigid 28 - 32 t_Euro V,EGR,,0,0,5,85,0.005897982,0.215942484,2.21505873,4.226264655,0.002849534,0.012948831,0.108571258,0,1,1,1 
HDVD_48,Heavy Duty Trucks_Diesel_Rigid 28 - 32 t_Euro V,EGR,,0,0.5,5,85,0.032566801,1.37256406,1.019382087,8.291481042,0.014611345,-0.000851371,0.1814311,0,1,1,1 
HDVD_48,Heavy Duty Trucks_Diesel_Rigid 28 - 32 t_Euro V,EGR,,0,1,5,85,0.023976937,1.213340137,-6.228708899,4.143315238,0.010604139,-0.035591274,-0.025889232,0,1,1,1 
HDVD_48,Heavy Duty Trucks_Diesel_Rigid 28 - 32 t_Euro V,EGR,,0.02,0,5,85,0.004760744,0.207108575,6.25876645,-3.737277143,0.001015427,0.057783384,0.02513434,0,1,1,1 
HDVD_48,Heavy Duty Trucks_Diesel_Rigid 28 - 32 t_Euro V,EGR,,0.02,0.5,5,85,0.012461537,0.192798816,5.831862291,8.554401918,0.002046493,0.029052798,0.192250156,0,1,1,1 
HDVD_48,Heavy Duty Trucks_Diesel_Rigid 28 - 32 t_Euro V,EGR,,0.02,1,5,85,-0.001506919,0.127729797,3.074053564,-0.253307321,-0.000241902,0.025713821,0.018674215,0,1,1,1 
HDVD_48,Heavy Duty Trucks_Diesel_Rigid 28 - 32 t_Euro V,EGR,,0.04,0,5,85,0.011686516,0.163462079,7.07786995,7.616097042,0.001599558,0.041715942,0.190047664,0,1,1,1 
HDVD_48,Heavy Duty Trucks_Diesel_Rigid 28 - 32 t_Euro V,EGR,,0.04,0.5,5,75,-0.003432378,0.262578,4.29628244,-1.397393463,-0.000442159,0.041312818,3.31E-14,0,1,1,1 
HDVD_48,Heavy Duty Trucks_Diesel_Rigid 28 - 32 t_Euro V,EGR,,0.04,1,5,60,0.002505809,0.648518028,5.920103325,-0.566734094,0.000598008,0.054589447,-6.02E-13,0,1,1,1 
HDVD_48,Heavy Duty Trucks_Diesel_Rigid 28 - 32 t_Euro V,EGR,,0.06,0,5,80,-0.011969202,0.998145759,13.08521435,-24.65149294,-0.00169231,0.165962551,-0.265090906,0,1,1,1 
HDVD_48,Heavy Duty Trucks_Diesel_Rigid 28 - 32 t_Euro V,EGR,,0.06,0.5,5,60,-6.57E-05,0.238936938,1.358862035,-7.035002788,0.00010864,0.020405444,-0.068084064,0,1,1,1 
HDVD_48,Heavy Duty Trucks_Diesel_Rigid 28 - 32 t_Euro V,EGR,,0.06,1,5,45,0.035034259,1.09074318,2.424772305,2.458230445,0.003851769,0.029749346,-1.17E-13,0,1,1,1 
HDVD_49,Heavy Duty Trucks_Diesel_Rigid 28 - 32 t_Euro VI,,,-0.06,0,5,80,-0.004138802,0.339293573,-0.508298894,2.420861471,0.004359507,0.008299792,0.042075266,0,1,1,1 
HDVD_49,Heavy Duty Trucks_Diesel_Rigid 28 - 32 t_Euro VI,,,-0.06,0.5,5,80,-0.002712855,0.220332134,-0.182983608,2.269382427,0.003535172,0.006964664,0.052849294,0,1,1,1 
HDVD_49,Heavy Duty Trucks_Diesel_Rigid 28 - 32 t_Euro VI,,,-0.06,1,5,80,-0.004093517,0.32987915,0.28785397,-3.478341493,0.005876293,0.031757383,-0.138819829,0,1,1,1 
HDVD_49,Heavy Duty Trucks_Diesel_Rigid 28 - 32 t_Euro VI,,,-0.04,0,5,85,-0.000912128,0.084133571,0.434671181,2.580762386,0.000677046,0.014884585,0.063597766,0,1,1,1 
HDVD_49,Heavy Duty Trucks_Diesel_Rigid 28 - 32 t_Euro VI,,,-0.04,0.5,5,85,-0.000356265,0.033427954,-0.127028223,2.169326784,0.000304718,0.001713003,0.042019119,0,1,1,1 
HDVD_49,Heavy Duty Trucks_Diesel_Rigid 28 - 32 t_Euro VI,,,-0.04,1,5,85,-0.000158419,0.035195851,-0.714016971,3.844656103,0.000719703,-0.016642377,0.097339273,0,1,1,1 
HDVD_49,Heavy Duty Trucks_Diesel_Rigid 28 - 32 t_Euro VI,,,-0.02,0,5,85,0.002915833,0.303832642,-1.607820525,2.270378371,0.007186338,-0.037688296,0.053769128,0,1,1,1 
HDVD_49,Heavy Duty Trucks_Diesel_Rigid 28 - 32 t_Euro VI,,,-0.02,0.5,5,85,-0.000749494,0.952282464,-4.870572328,1.434804569,0.022897781,-0.117355848,0.03485275,0,1,1,1 
HDVD_49,Heavy Duty Trucks_Diesel_Rigid 28 - 32 t_Euro VI,,,-0.02,1,5,85,-0.000152428,0.091262881,-1.225069897,4.375014783,0.002817848,-0.034773831,0.116232863,0,1,1,1 
HDVD_49,Heavy Duty Trucks_Diesel_Rigid 28 - 32 t_Euro VI,,,0,0,5,85,-0.001207533,0.15533313,-0.869697089,1.965967106,0.004510767,-0.029072942,0.060547847,0,1,1,1 
HDVD_49,Heavy Duty Trucks_Diesel_Rigid 28 - 32 t_Euro VI,,,0,0.5,5,85,-6.60E-05,0.064382779,-0.560410489,2.231195046,0.004072595,-0.03082492,0.077686362,0,1,1,1 
HDVD_49,Heavy Duty Trucks_Diesel_Rigid 28 - 32 t_Euro VI,,,0,1,5,85,0.000701515,0.072850976,-0.577636825,2.709166108,0.008236608,-0.053397338,0.117247903,0,1,1,1 
HDVD_49,Heavy Duty Trucks_Diesel_Rigid 28 - 32 t_Euro VI,,,0.02,0,5,85,0.000498639,0.093169118,-0.445672073,3.095615509,0.008051087,-0.052880551,0.136067644,0,1,1,1 
HDVD_49,Heavy Duty Trucks_Diesel_Rigid 28 - 32 t_Euro VI,,,0.02,0.5,5,85,0.000511849,0.046443076,-0.475051049,2.134353754,0.004485118,-0.030068807,0.071387152,0,1,1,1 
HDVD_49,Heavy Duty Trucks_Diesel_Rigid 28 - 32 t_Euro VI,,,0.02,1,5,85,0.000462674,0.137500943,-1.342414392,4.155275864,0.009526067,-0.062380573,0.127363732,0,1,1,1 
HDVD_49,Heavy Duty Trucks_Diesel_Rigid 28 - 32 t_Euro VI,,,0.04,0,5,85,0.001395334,0.123447871,-1.267497124,6.723083803,0.0117557,-0.0826731,0.219149364,0,1,1,1 
HDVD_49,Heavy Duty Trucks_Diesel_Rigid 28 - 32 t_Euro VI,,,0.04,0.5,5,80,0.001004253,0.112091322,-1.167728965,3.868386296,0.008299455,-0.053340263,0.111580627,0,1,1,1 
HDVD_49,Heavy Duty Trucks_Diesel_Rigid 28 - 32 t_Euro VI,,,0.04,1,5,60,0.011196084,-0.264866078,2.907229191,-7.889002289,0.014936734,-0.053526568,1.56E-13,0,1,1,1 
HDVD_49,Heavy Duty Trucks_Diesel_Rigid 28 - 32 t_Euro VI,,,0.06,0,5,85,0.000714536,0.040093589,-0.47069982,2.105324995,0.003975751,-0.026540511,0.063809379,0,1,1,1 
HDVD_49,Heavy Duty Trucks_Diesel_Rigid 28 - 32 t_Euro VI,,,0.06,0.5,5,60,0.000558321,0.086500195,-1.077342896,4.023593187,0.00486631,-0.026000848,0.067749994,0,1,1,1 
HDVD_49,Heavy Duty Trucks_Diesel_Rigid 28 - 32 t_Euro VI,,,0.06,1,5,45,0.04895645,-0.217600516,2.113906828,-6.597525417,0.083799105,-0.425861962,0.489402016,0,1,1,1 
HDVD_50,Heavy Duty Trucks_Diesel_Rigid >32 t_Conventional,,,-0.06,0,12,86,2.47E-05,-0.006680281,0.501146646,3.949026189,3.39E-05,0.002907379,0.038931453,0,1,1,1 
HDVD_50,Heavy Duty Trucks_Diesel_Rigid >32 t_Conventional,,,-0.06,0.5,12,86,-0.000338502,0.019551746,3.571045348,-1.842231012,0.001145247,0.004272103,0.188185106,0,1,1,1 
HDVD_50,Heavy Duty Trucks_Diesel_Rigid >32 t_Conventional,,,-0.06,1,12,86,-0.000332904,0.017569178,3.972900334,-1.103926982,0.001239404,0.001953277,0.26863243,0,1,1,1 
HDVD_50,Heavy Duty Trucks_Diesel_Rigid >32 t_Conventional,,,-0.04,0,12,86,6.26E-05,-0.017852208,1.45683612,7.258936304,3.68E-05,0.005679116,0.081069033,0,1,1,1 
HDVD_50,Heavy Duty Trucks_Diesel_Rigid >32 t_Conventional,,,-0.04,0.5,12,86,-0.001392843,0.075835454,6.96746319,-3.973418007,0.000776243,0.028366168,0.159997859,0,1,1,1 
HDVD_50,Heavy Duty Trucks_Diesel_Rigid >32 t_Conventional,,,-0.04,1,12,86,-0.001134945,0.056424209,6.177186462,-3.358214832,0.000654304,0.017123241,0.222187035,0,1,1,1 
HDVD_50,Heavy Duty Trucks_Diesel_Rigid >32 t_Conventional,,,-0.02,0,12,86,0.000301401,-0.013054343,4.370151262,10.11089217,8.22E-05,0.015460879,0.126372104,0,1,1,1 
HDVD_50,Heavy Duty Trucks_Diesel_Rigid >32 t_Conventional,,,-0.02,0.5,12,86,2.67E-05,-0.016051453,1.300515261,-9.553119974,-4.51E-05,0.004385633,-0.027197979,0,1,1,1 
HDVD_50,Heavy Duty Trucks_Diesel_Rigid >32 t_Conventional,,,-0.02,1,12,86,2.95E-05,-0.014268662,1.085395014,-6.163119233,-2.80E-05,0.002700862,-0.006671364,0,1,1,1 
HDVD_50,Heavy Duty Trucks_Diesel_Rigid >32 t_Conventional,,,0,0,12,86,6.75E-05,0.044435178,3.864554578,18.0331759,-4.14E-05,0.01314669,0.133837176,0,1,1,1 
HDVD_50,Heavy Duty Trucks_Diesel_Rigid >32 t_Conventional,,,0,0.5,12,86,-0.000512748,0.043507954,5.520011362,17.80504801,-8.03E-05,0.011180094,0.171974394,0,1,1,1 
HDVD_50,Heavy Duty Trucks_Diesel_Rigid >32 t_Conventional,,,0,1,12,86,0.000339651,0.176531029,4.946011804,-0.451219912,0.000111248,0.011232188,0.083890829,0,1,1,1 
HDVD_50,Heavy Duty Trucks_Diesel_Rigid >32 t_Conventional,,,0.02,0,12,86,6.13E-05,0.017258445,1.039615974,3.720415331,-8.69E-06,0.002436124,0.031468327,0,1,1,1 
HDVD_50,Heavy Duty Trucks_Diesel_Rigid >32 t_Conventional,,,0.02,0.5,12,86,3.09E-05,0.051334964,2.348682771,4.824609293,-1.04E-05,0.003558681,0.053834066,0,1,1,1 
HDVD_50,Heavy Duty Trucks_Diesel_Rigid >32 t_Conventional,,,0.02,1,12,78,-0.000192215,0.085175504,3.452321182,4.779383286,-1.28E-05,0.003829015,0.063688804,0,1,1,1 
HDVD_50,Heavy Duty Trucks_Diesel_Rigid >32 t_Conventional,,,0.04,0,12,86,0.003230882,0.311999142,3.692301208,-9.141531653,6.00E-05,0.020193394,-0.034012185,0,1,1,1 
HDVD_50,Heavy Duty Trucks_Diesel_Rigid >32 t_Conventional,,,0.04,0.5,12,69,0.013164372,1.641639634,4.362916409,8.063500824,0.000360605,0.045344591,-0.033629695,0,1,1,1 
HDVD_50,Heavy Duty Trucks_Diesel_Rigid >32 t_Conventional,,,0.04,1,12,53,-0.006562166,0.384061833,-0.827042591,-10.51194704,-0.000137762,0.008620569,-0.051862538,0,1,1,1 
HDVD_50,Heavy Duty Trucks_Diesel_Rigid >32 t_Conventional,,,0.06,0,12,79,-4.04E-05,0.023671717,2.041805953,15.39570155,-1.11E-06,0.00051258,0.083912935,0,1,1,1 
HDVD_50,Heavy Duty Trucks_Diesel_Rigid >32 t_Conventional,,,0.06,0.5,12,53,0.004554322,-0.251190255,3.201987858,11.70292238,9.42E-05,-0.005477093,0.082442912,0,1,1,1 
HDVD_50,Heavy Duty Trucks_Diesel_Rigid >32 t_Conventional,,,0.06,1,12,39,-0.012619693,0.524173592,0.887949923,4.392084271,-0.000181939,0.007830818,0.00386956,0,1,1,1 
HDVD_51,Heavy Duty Trucks_Diesel_Rigid >32 t_Euro I,,,-0.06,0,12,86,1.52E-05,-0.004449852,0.366985577,3.471481674,3.07E-05,0.003092837,0.037260904,0,1,1,1 
HDVD_51,Heavy Duty Trucks_Diesel_Rigid >32 t_Euro I,,,-0.06,0.5,12,86,-0.000239447,0.01693301,2.498342801,-2.154110379,0.001003577,0.006823669,0.124104066,0,1,1,1 
HDVD_51,Heavy Duty Trucks_Diesel_Rigid >32 t_Euro I,,,-0.06,1,12,86,-0.000239944,0.016699646,2.87892242,-1.553145344,0.001154942,0.005273034,0.198192701,0,1,1,1 
HDVD_51,Heavy Duty Trucks_Diesel_Rigid >32 t_Euro I,,,-0.04,0,12,86,3.29E-05,-0.009849811,0.853457493,4.879929478,2.75E-05,0.004804023,0.060608358,0,1,1,1 
HDVD_51,Heavy Duty Trucks_Diesel_Rigid >32 t_Euro I,,,-0.04,0.5,12,86,-0.001001115,0.056569424,4.853238123,-0.801802392,0.000650895,0.031192967,0.110184687,0,1,1,1 
HDVD_51,Heavy Duty Trucks_Diesel_Rigid >32 t_Euro I,,,-0.04,1,12,86,-0.000679371,0.036418634,3.491389045,-1.800954131,0.000467456,0.016539853,0.130968038,0,1,1,1 
HDVD_51,Heavy Duty Trucks_Diesel_Rigid >32 t_Euro I,,,-0.02,0,12,86,2.77E-06,0.160738742,8.064435304,-5.231849576,0.000974217,0.051017874,0.044598365,0,1,1,1 
HDVD_51,Heavy Duty Trucks_Diesel_Rigid >32 t_Euro I,,,-0.02,0.5,12,86,-0.00140196,0.101570039,7.972885472,15.00376012,0.000301767,0.035990391,0.330390537,0,1,1,1 
HDVD_51,Heavy Duty Trucks_Diesel_Rigid >32 t_Euro I,,,-0.02,1,12,86,5.49E-05,-0.023952711,1.784801985,-10.81555369,-6.56E-05,0.006330887,-0.0220191,0,1,1,1 
HDVD_51,Heavy Duty Trucks_Diesel_Rigid >32 t_Euro I,,,0,0,12,86,0.00010418,0.05434866,4.890947571,24.1197185,-7.27E-05,0.022921774,0.228221709,0,1,1,1 
HDVD_51,Heavy Duty Trucks_Diesel_Rigid >32 t_Euro I,,,0,0.5,12,86,-0.000706374,0.102872494,10.77646902,36.36586641,-0.00017081,0.032485636,0.443230339,0,1,1,1 
HDVD_51,Heavy Duty Trucks_Diesel_Rigid >32 t_Euro I,,,0,1,12,86,0.001025631,0.521630397,15.0080257,11.01573369,0.000470838,0.048839252,0.383230341,0,1,1,1 
HDVD_51,Heavy Duty Trucks_Diesel_Rigid >32 t_Euro I,,,0.02,0,12,86,0.000495447,0.222177584,12.81907321,40.64718934,-0.000133668,0.040264185,0.520901772,0,1,1,1 
HDVD_51,Heavy Duty Trucks_Diesel_Rigid >32 t_Euro I,,,0.02,0.5,12,86,6.19E-05,0.13178947,2.74285553,6.111727225,1.55E-06,0.009672305,0.074358094,0,1,1,1 
HDVD_51,Heavy Duty Trucks_Diesel_Rigid >32 t_Euro I,,,0.02,1,12,79,0.000842018,0.161725605,2.893356522,5.509441154,5.71E-05,0.007726275,0.072091895,0,1,1,1 
HDVD_51,Heavy Duty Trucks_Diesel_Rigid >32 t_Euro I,,,0.04,0,12,86,0.001299913,0.173212062,2.14695696,12.79491205,7.54E-05,0.011443318,0.080939067,0,1,1,1 
HDVD_51,Heavy Duty Trucks_Diesel_Rigid >32 t_Euro I,,,0.04,0.5,12,70,0.00203111,0.483097222,4.462105024,7.647082777,8.45E-05,0.020930127,0.073093474,0,1,1,1 
HDVD_51,Heavy Duty Trucks_Diesel_Rigid >32 t_Euro I,,,0.04,1,12,54,-0.002915243,0.185597402,-0.880904144,-8.424009221,-9.37E-05,0.00641738,-0.058188813,0,1,1,1 
HDVD_51,Heavy Duty Trucks_Diesel_Rigid >32 t_Euro I,,,0.06,0,12,80,0.001116219,0.250689416,1.200349044,6.308427351,5.99E-05,0.011870821,0.018636934,0,1,1,1 
HDVD_51,Heavy Duty Trucks_Diesel_Rigid >32 t_Euro I,,,0.06,0.5,12,54,0.142515835,-0.941507423,-6.344537508,1.43852583,0.004619979,-0.050474282,0.013020789,0,1,1,1 
HDVD_51,Heavy Duty Trucks_Diesel_Rigid >32 t_Euro I,,,0.06,1,12,39,-0.009711377,0.401722226,0.642613654,3.317751689,-0.000215733,0.009378644,-0.001532699,0,1,1,1 
HDVD_52,Heavy Duty Trucks_Diesel_Rigid >32 t_Euro II,,,-0.06,0,12,86,1.53E-05,-0.004599525,0.394043774,3.59996499,2.75E-05,0.003045936,0.035188698,0,1,1,1 
HDVD_52,Heavy Duty Trucks_Diesel_Rigid >32 t_Euro II,,,-0.06,0.5,12,86,-0.000238678,0.018234269,2.563095863,-2.316888006,0.000912955,0.006966018,0.111380599,0,1,1,1 
HDVD_52,Heavy Duty Trucks_Diesel_Rigid >32 t_Euro II,,,-0.06,1,12,86,-0.000222492,0.017544219,3.134254585,-1.611798852,0.001145296,0.004727846,0.201208998,0,1,1,1 
HDVD_52,Heavy Duty Trucks_Diesel_Rigid >32 t_Euro II,,,-0.04,0,12,86,3.63E-05,-0.010896539,0.950854943,5.255314581,2.50E-05,0.004773062,0.061242204,0,1,1,1 
HDVD_52,Heavy Duty Trucks_Diesel_Rigid >32 t_Euro II,,,-0.04,0.5,12,86,-0.000896589,0.052351086,4.477059693,-1.801175864,0.000572704,0.024653742,0.096865616,0,1,1,1 
HDVD_52,Heavy Duty Trucks_Diesel_Rigid >32 t_Euro II,,,-0.04,1,12,86,-0.00077836,0.04259982,4.100344464,-2.260577064,0.000515205,0.017278943,0.140426064,0,1,1,1 
HDVD_52,Heavy Duty Trucks_Diesel_Rigid >32 t_Euro II,,,-0.02,0,12,86,6.31E-06,0.230734536,11.39297836,-7.969165912,0.001232346,0.064241936,0.064476467,0,1,1,1 
HDVD_52,Heavy Duty Trucks_Diesel_Rigid >32 t_Euro II,,,-0.02,0.5,12,86,-0.001428242,0.10654579,8.291513445,15.4314393,0.000303008,0.034286577,0.300626738,0,1,1,1 
HDVD_52,Heavy Duty Trucks_Diesel_Rigid >32 t_Euro II,,,-0.02,1,12,86,4.98E-05,-0.019403144,1.408685758,-8.995328127,-4.85E-05,0.004673323,-0.019995307,0,1,1,1 
HDVD_52,Heavy Duty Trucks_Diesel_Rigid >32 t_Euro II,,,0,0,12,86,5.09E-05,0.033412422,3.039138403,14.70029452,-3.96E-05,0.012665295,0.126141925,0,1,1,1 
HDVD_52,Heavy Duty Trucks_Diesel_Rigid >32 t_Euro II,,,0,0.5,12,86,-0.000240958,0.03537441,3.892090511,13.72543671,-5.63E-05,0.010881697,0.144422784,0,1,1,1 
HDVD_52,Heavy Duty Trucks_Diesel_Rigid >32 t_Euro II,,,0,1,12,86,0.000764426,0.294604917,8.699858314,16.50515531,0.000272061,0.026627173,0.227584006,0,1,1,1 
HDVD_52,Heavy Duty Trucks_Diesel_Rigid >32 t_Euro II,,,0.02,0,12,86,0.00042183,0.111229802,4.249557219,50.67660316,2.95E-05,0.010505891,0.327766059,0,1,1,1 
HDVD_52,Heavy Duty Trucks_Diesel_Rigid >32 t_Euro II,,,0.02,0.5,12,86,-0.000129559,0.076811837,4.017168343,8.605957043,-2.44E-05,0.007689145,0.115931281,0,1,1,1 
HDVD_52,Heavy Duty Trucks_Diesel_Rigid >32 t_Euro II,,,0.02,1,12,81,-0.000498342,0.104880761,5.559347508,9.751833604,-3.76E-05,0.008035556,0.13591097,0,1,1,1 
HDVD_52,Heavy Duty Trucks_Diesel_Rigid >32 t_Euro II,,,0.04,0,12,86,0.004026472,0.721685925,8.225141806,1.821381867,0.000218064,0.049970334,0.036991691,0,1,1,1 
HDVD_52,Heavy Duty Trucks_Diesel_Rigid >32 t_Euro II,,,0.04,0.5,12,75,0.004319722,0.600129832,-1.104201359,-21.03137061,0.000241425,0.022127235,-0.160844855,0,1,1,1 
HDVD_52,Heavy Duty Trucks_Diesel_Rigid >32 t_Euro II,,,0.04,1,12,57,0.01205251,-0.211544184,0.059205763,10.60444752,0.00040718,-0.009620322,0.059990263,0,1,1,1 
HDVD_52,Heavy Duty Trucks_Diesel_Rigid >32 t_Euro II,,,0.06,0,12,83,0.007301983,1.083107071,3.128776937,-7.778072473,0.000411901,0.049747477,-0.131928108,0,1,1,1 
HDVD_52,Heavy Duty Trucks_Diesel_Rigid >32 t_Euro II,,,0.06,0.5,12,56,0.00526467,-0.195816827,1.566850946,12.88220982,0.000171116,-0.00716268,0.085172339,0,1,1,1 
HDVD_52,Heavy Duty Trucks_Diesel_Rigid >32 t_Euro II,,,0.06,1,12,42,-0.020575306,0.832620353,3.423011638,0.63808692,-0.000494791,0.022023171,-0.004483006,0,1,1,1 
HDVD_53,Heavy Duty Trucks_Diesel_Rigid >32 t_Euro III,,,-0.06,0,12,86,-7.50E-06,0.002762831,1.529507289,-4.634371708,0.000531309,0.005160217,0.010367466,0,1,1,1 
HDVD_53,Heavy Duty Trucks_Diesel_Rigid >32 t_Euro III,,,-0.06,0.5,12,86,-3.14E-06,0.000941738,1.662203727,-5.341863397,0.000576165,0.005108609,0.023012306,0,1,1,1 
HDVD_53,Heavy Duty Trucks_Diesel_Rigid >32 t_Euro III,,,-0.06,1,12,86,0.000376355,-0.00056499,4.135908551,1.324494037,0.0022949,-0.012437226,0.428624282,0,1,1,1 
HDVD_53,Heavy Duty Trucks_Diesel_Rigid >32 t_Euro III,,,-0.04,0,12,86,1.65E-05,-0.005878304,0.636638757,4.654305332,1.87E-05,0.004453781,0.043575734,0,1,1,1 
HDVD_53,Heavy Duty Trucks_Diesel_Rigid >32 t_Euro III,,,-0.04,0.5,12,86,3.56E-05,-0.010642069,0.921727061,4.87346066,2.52E-05,0.004986912,0.066179123,0,1,1,1 
HDVD_53,Heavy Duty Trucks_Diesel_Rigid >32 t_Euro III,,,-0.04,1,12,86,-0.000576802,0.042838747,4.491538591,-3.415044184,0.00088601,0.016308919,0.177014023,0,1,1,1 
HDVD_53,Heavy Duty Trucks_Diesel_Rigid >32 t_Euro III,,,-0.02,0,12,86,0.000283536,-0.011281436,2.261645905,10.48072571,0.000109133,0.009748896,0.122342019,0,1,1,1 
HDVD_53,Heavy Duty Trucks_Diesel_Rigid >32 t_Euro III,,,-0.02,0.5,12,86,-0.00088843,0.086405938,6.17879047,10.28569493,0.000358094,0.031636934,0.213911381,0,1,1,1 
HDVD_53,Heavy Duty Trucks_Diesel_Rigid >32 t_Euro III,,,-0.02,1,12,86,6.11E-05,-0.023267882,1.700766294,-12.15813242,-7.40E-05,0.007096009,-0.041875884,0,1,1,1 
HDVD_53,Heavy Duty Trucks_Diesel_Rigid >32 t_Euro III,,,0,0,12,86,0.001074663,0.044437873,3.347151086,14.02786076,0.000184946,0.015147522,0.143543315,0,1,1,1 
HDVD_53,Heavy Duty Trucks_Diesel_Rigid >32 t_Euro III,,,0,0.5,12,86,-0.000237932,0.06262958,6.511919554,25.42998122,-9.25E-05,0.023624725,0.277189764,0,1,1,1 
HDVD_53,Heavy Duty Trucks_Diesel_Rigid >32 t_Euro III,,,0,1,12,86,0.001774007,0.400434544,8.938205543,14.95906062,0.000605484,0.038214894,0.240410737,0,1,1,1 
HDVD_53,Heavy Duty Trucks_Diesel_Rigid >32 t_Euro III,,,0.02,0,12,86,0.001191772,0.148751068,2.847436975,19.8377757,0.00013195,0.018320785,0.118485956,0,1,1,1 
HDVD_53,Heavy Duty Trucks_Diesel_Rigid >32 t_Euro III,,,0.02,0.5,12,86,0.004410249,0.929844925,3.36782379,-26.65467086,0.000621155,0.063018046,-0.270329157,0,1,1,1 
HDVD_53,Heavy Duty Trucks_Diesel_Rigid >32 t_Euro III,,,0.02,1,12,82,-0.000267821,0.042097758,2.592375676,5.022476301,-2.55E-05,0.004556197,0.078338576,0,1,1,1 
HDVD_53,Heavy Duty Trucks_Diesel_Rigid >32 t_Euro III,,,0.04,0,12,86,0.009502514,1.884503959,8.98946736,38.83168951,0.001118994,0.135032771,-0.112549326,0,1,1,1 
HDVD_53,Heavy Duty Trucks_Diesel_Rigid >32 t_Euro III,,,0.04,0.5,12,76,0.014894898,0.699077002,6.524254623,9.680324771,0.000947585,0.031775372,0.107208585,0,1,1,1 
HDVD_53,Heavy Duty Trucks_Diesel_Rigid >32 t_Euro III,,,0.04,1,12,58,0.099761228,0.444998128,-15.45335098,-7.362752716,0.004653435,-0.028219378,-0.227926377,0,1,1,1 
HDVD_53,Heavy Duty Trucks_Diesel_Rigid >32 t_Euro III,,,0.06,0,12,84,-0.000150505,0.225774036,11.16752779,24.04897677,-7.21E-05,0.023790036,0.347316865,0,1,1,1 
HDVD_53,Heavy Duty Trucks_Diesel_Rigid >32 t_Euro III,,,0.06,0.5,12,57,0.00921595,-0.261546259,1.375703743,17.22829186,0.000397132,-0.013454998,0.133040143,0,1,1,1 
HDVD_53,Heavy Duty Trucks_Diesel_Rigid >32 t_Euro III,,,0.06,1,12,43,-0.00306615,0.155516473,-0.023737458,-7.860299071,-9.97E-05,0.005731482,-0.037670424,0,1,1,1 
HDVD_54,Heavy Duty Trucks_Diesel_Rigid >32 t_Euro IV,,,-0.06,0,12,86,4.99E-05,-0.010299499,0.538358404,5.45195006,0.000199836,0.004593098,0.149064751,0,1,1,1 
HDVD_54,Heavy Duty Trucks_Diesel_Rigid >32 t_Euro IV,,,-0.06,0.5,12,85,-0.000513991,0.010109613,2.925186105,-0.016442487,0.002838395,-0.004930258,0.503447401,0,1,1,1 
HDVD_54,Heavy Duty Trucks_Diesel_Rigid >32 t_Euro IV,,,-0.06,1,12,86,-0.000512885,0.010003197,2.984216318,0.116896228,0.00279153,-0.005578012,0.554500683,0,1,1,1 
HDVD_54,Heavy Duty Trucks_Diesel_Rigid >32 t_Euro IV,,,-0.04,0,12,86,-0.000590313,0.029256656,2.611776043,-2.398326096,0.000860386,0.031482489,0.050690671,0,1,1,1 
HDVD_54,Heavy Duty Trucks_Diesel_Rigid >32 t_Euro IV,,,-0.04,0.5,12,86,-0.000602764,0.024646582,2.710331789,-1.873152755,0.000820902,0.022778423,0.18577344,0,1,1,1 
HDVD_54,Heavy Duty Trucks_Diesel_Rigid >32 t_Euro IV,,,-0.04,1,12,86,-0.000670535,0.024911031,3.260673218,-1.768717275,0.000948893,0.017825811,0.316720804,0,1,1,1 
HDVD_54,Heavy Duty Trucks_Diesel_Rigid >32 t_Euro IV,,,-0.02,0,12,86,0.000237396,-0.009482843,1.830095414,6.0268564,0.00015269,0.012966953,0.166952779,0,1,1,1 
HDVD_54,Heavy Duty Trucks_Diesel_Rigid >32 t_Euro IV,,,-0.02,0.5,12,86,2.52E-05,-0.011543725,0.886825365,-6.450070187,-7.32E-05,0.007070794,-0.043172563,0,1,1,1 
HDVD_54,Heavy Duty Trucks_Diesel_Rigid >32 t_Euro IV,,,-0.02,1,12,86,3.66E-05,-0.012449093,0.860591355,-4.790358191,-5.31E-05,0.005027442,-0.010799354,0,1,1,1 
HDVD_54,Heavy Duty Trucks_Diesel_Rigid >32 t_Euro IV,,,0,0,12,86,9.40E-05,0.04424854,3.700876845,17.42105312,-9.58E-05,0.029521947,0.30455183,0,1,1,1 
HDVD_54,Heavy Duty Trucks_Diesel_Rigid >32 t_Euro IV,,,0,0.5,12,86,0.001315012,0.048060639,7.063044765,13.45172695,0.000243917,0.025879836,0.508402377,0,1,1,1 
HDVD_54,Heavy Duty Trucks_Diesel_Rigid >32 t_Euro IV,,,0,1,12,86,-0.000393383,0.021468787,1.312520714,-10.79583621,-0.000107727,0.010230443,-0.05642151,0,1,1,1 
HDVD_54,Heavy Duty Trucks_Diesel_Rigid >32 t_Euro IV,,,0.02,0,12,86,8.70E-06,0.014613605,0.846334595,12.10942354,-8.62E-08,0.002030993,0.156077563,0,1,1,1 
HDVD_54,Heavy Duty Trucks_Diesel_Rigid >32 t_Euro IV,,,0.02,0.5,12,86,-0.001697831,0.15345092,0.180474344,-16.25648506,-0.00020164,0.020464088,-0.187088108,0,1,1,1 
HDVD_54,Heavy Duty Trucks_Diesel_Rigid >32 t_Euro IV,,,0.02,1,12,83,0.000920091,0.633635331,16.30807176,15.19704742,0.000282057,0.055233328,0.724279684,0,1,1,1 
HDVD_54,Heavy Duty Trucks_Diesel_Rigid >32 t_Euro IV,,,0.04,0,12,86,0.010181135,1.524371488,0.42939719,-34.90136628,0.001358305,0.150536116,-0.748780758,0,1,1,1 
HDVD_54,Heavy Duty Trucks_Diesel_Rigid >32 t_Euro IV,,,0.04,0.5,12,75,-0.000622661,-0.020142739,6.617695671,28.75410432,-6.39E-05,0.000764516,0.455314333,0,1,1,1 
HDVD_54,Heavy Duty Trucks_Diesel_Rigid >32 t_Euro IV,,,0.04,1,12,60,0.014392331,-0.23894194,9.751560975,18.4080068,0.000879654,-0.015263163,0.499712371,0,1,1,1 
HDVD_54,Heavy Duty Trucks_Diesel_Rigid >32 t_Euro IV,,,0.06,0,12,86,0.002651608,1.333179278,31.71153692,22.56977965,0.00052893,0.112871807,1.598688129,0,1,1,1 
HDVD_54,Heavy Duty Trucks_Diesel_Rigid >32 t_Euro IV,,,0.06,0.5,12,59,-0.002544734,1.06714886,36.96467111,45.6081512,-0.000339795,0.086975825,1.245173795,0,1,1,1 
HDVD_54,Heavy Duty Trucks_Diesel_Rigid >32 t_Euro IV,,,0.06,1,12,43,-0.006609646,0.294612184,0.357629401,2.201073691,-0.000277404,0.013075747,-0.013811732,0,1,1,1 
HDVD_54,Heavy Duty Trucks_Diesel_Rigid >32 t_Euro IV,,,-0.06,0,12,86,4.99E-05,-0.010299499,0.538358404,5.45195006,0.000199836,0.004593098,0.149064751,0,1,1,1 
HDVD_54,Heavy Duty Trucks_Diesel_Rigid >32 t_Euro IV,,,-0.06,0.5,12,85,-0.000513991,0.010109613,2.925186105,-0.016442487,0.002838395,-0.004930258,0.503447401,0,1,1,1 
HDVD_54,Heavy Duty Trucks_Diesel_Rigid >32 t_Euro IV,,,-0.06,1,12,86,-0.000512885,0.010003197,2.984216318,0.116896228,0.00279153,-0.005578012,0.554500683,0,1,1,1 
HDVD_54,Heavy Duty Trucks_Diesel_Rigid >32 t_Euro IV,,,-0.04,0,12,86,-0.000590313,0.029256656,2.611776043,-2.398326096,0.000860386,0.031482489,0.050690671,0,1,1,1 
HDVD_54,Heavy Duty Trucks_Diesel_Rigid >32 t_Euro IV,,,-0.04,1,12,86,-0.000670535,0.024911031,3.260673218,-1.768717275,0.000948893,0.017825811,0.316720804,0,1,1,1 
HDVD_54,Heavy Duty Trucks_Diesel_Rigid >32 t_Euro IV,,,-0.02,0,12,86,0.000237396,-0.009482843,1.830095414,6.0268564,0.00015269,0.012966953,0.166952779,0,1,1,1 
HDVD_54,Heavy Duty Trucks_Diesel_Rigid >32 t_Euro IV,,,-0.02,1,12,86,3.66E-05,-0.012449093,0.860591355,-4.790358191,-5.31E-05,0.005027442,-0.010799354,0,1,1,1 
HDVD_54,Heavy Duty Trucks_Diesel_Rigid >32 t_Euro IV,,,0,0,12,86,9.40E-05,0.04424854,3.700876845,17.42105312,-9.58E-05,0.029521947,0.30455183,0,1,1,1 
HDVD_54,Heavy Duty Trucks_Diesel_Rigid >32 t_Euro IV,,,0,1,12,86,-0.000393383,0.021468787,1.312520714,-10.79583621,-0.000107727,0.010230443,-0.05642151,0,1,1,1 
HDVD_54,Heavy Duty Trucks_Diesel_Rigid >32 t_Euro IV,,,0.02,0,12,86,8.70E-06,0.014613605,0.846334595,12.10942354,-8.62E-08,0.002030993,0.156077563,0,1,1,1 
HDVD_54,Heavy Duty Trucks_Diesel_Rigid >32 t_Euro IV,,,0.02,1,12,83,0.000920091,0.633635331,16.30807176,15.19704742,0.000282057,0.055233328,0.724279684,0,1,1,1 
HDVD_54,Heavy Duty Trucks_Diesel_Rigid >32 t_Euro IV,,,0.04,0,12,86,0.010181135,1.524371488,0.42939719,-34.90136628,0.001358305,0.150536116,-0.748780758,0,1,1,1 
HDVD_54,Heavy Duty Trucks_Diesel_Rigid >32 t_Euro IV,,,0.04,1,12,60,0.014392331,-0.23894194,9.751560975,18.4080068,0.000879654,-0.015263163,0.499712371,0,1,1,1 
HDVD_54,Heavy Duty Trucks_Diesel_Rigid >32 t_Euro IV,,,0.06,0,12,86,0.002651608,1.333179278,31.71153692,22.56977965,0.00052893,0.112871807,1.598688129,0,1,1,1 
HDVD_54,Heavy Duty Trucks_Diesel_Rigid >32 t_Euro IV,,,0.06,0.5,12,59,-0.002544734,1.06714886,36.96467111,45.6081512,-0.000339795,0.086975825,1.245173795,0,1,1,1 
HDVD_54,Heavy Duty Trucks_Diesel_Rigid >32 t_Euro IV,,,0.06,1,12,43,-0.006609646,0.294612184,0.357629401,2.201073691,-0.000277404,0.013075747,-0.013811732,0,1,1,1 
HDVD_55,Heavy Duty Trucks_Diesel_Rigid >32 t_Euro V,SCR,,-0.06,0,5,75,-0.000521859,0.04743384,-0.524842622,3.142399063,0.000549747,-0.007474991,0.040073765,0,1,1,1 
HDVD_55,Heavy Duty Trucks_Diesel_Rigid >32 t_Euro V,SCR,,-0.06,0.5,5,80,-0.000531911,0.049220604,-0.523622433,3.001965929,0.000618616,-0.008315397,0.041697172,0,1,1,1 
HDVD_55,Heavy Duty Trucks_Diesel_Rigid >32 t_Euro V,SCR,,-0.06,1,5,80,-0.000566383,0.053300573,-0.522738681,2.9876088,0.000698986,-0.009057535,0.043971895,0,1,1,1 
HDVD_55,Heavy Duty Trucks_Diesel_Rigid >32 t_Euro V,SCR,,-0.04,0,5,85,-0.004054363,0.394672163,-2.43110509,4.976838721,0.002896294,-0.019696012,0.045160949,0,1,1,1 
HDVD_55,Heavy Duty Trucks_Diesel_Rigid >32 t_Euro V,SCR,,-0.04,0.5,5,85,-0.005916832,0.577380014,-3.466562002,7.113612635,0.004029252,-0.027425871,0.066328834,0,1,1,1 
HDVD_55,Heavy Duty Trucks_Diesel_Rigid >32 t_Euro V,SCR,,-0.04,1,5,85,-0.007136109,0.714660643,-4.135578465,8.310965821,0.004700108,-0.031186138,0.076707059,0,1,1,1 
HDVD_55,Heavy Duty Trucks_Diesel_Rigid >32 t_Euro V,SCR,,-0.02,0,5,85,-8.34E-06,0.880107087,-4.258275592,7.991442945,0.005904896,-0.02836291,0.059661093,0,1,1,1 
HDVD_55,Heavy Duty Trucks_Diesel_Rigid >32 t_Euro V,SCR,,-0.02,0.5,5,85,-0.00453123,1.057961889,-4.213010478,6.356634192,0.00516727,-0.01503747,0.028018484,0,1,1,1 
HDVD_55,Heavy Duty Trucks_Diesel_Rigid >32 t_Euro V,SCR,,-0.02,1,5,85,-0.001995247,0.391981621,-1.348072465,2.004859182,0.001663075,-0.003150662,0.008221726,0,1,1,1 
HDVD_55,Heavy Duty Trucks_Diesel_Rigid >32 t_Euro V,SCR,,0,0,5,85,-0.000290969,0.008399409,1.866728895,3.364503816,-5.64E-05,0.008594624,0.043600368,0,1,1,1 
HDVD_55,Heavy Duty Trucks_Diesel_Rigid >32 t_Euro V,SCR,,0,0.5,5,85,-0.009607322,1.195492202,-0.296784811,2.001287302,0.003505342,0.018043809,-2.36E-12,0,1,1,1 
HDVD_55,Heavy Duty Trucks_Diesel_Rigid >32 t_Euro V,SCR,,0,1,5,85,-0.003100358,0.42959961,-1.450948984,2.339214128,0.001716905,-0.004735481,0.011473212,0,1,1,1 
HDVD_55,Heavy Duty Trucks_Diesel_Rigid >32 t_Euro V,SCR,,0.02,0,5,85,0.000158925,-0.018379712,0.630561155,3.270393821,9.71E-06,0.000209683,0.034004992,0,1,1,1 
HDVD_55,Heavy Duty Trucks_Diesel_Rigid >32 t_Euro V,SCR,,0.02,0.5,5,85,0.000653514,-0.033133528,1.190797637,2.199757755,0.000135736,0.001255678,0.029381744,0,1,1,1 
HDVD_55,Heavy Duty Trucks_Diesel_Rigid >32 t_Euro V,SCR,,0.02,1,5,80,0.004253229,-0.052983424,2.988330949,2.265516139,0.001201781,0.00034543,0.05019849,0,1,1,1 
HDVD_55,Heavy Duty Trucks_Diesel_Rigid >32 t_Euro V,SCR,,0.04,0,5,85,0.000356232,-0.019466831,0.475101431,2.994265421,7.32E-05,-0.000862448,0.02896832,0,1,1,1 
HDVD_55,Heavy Duty Trucks_Diesel_Rigid >32 t_Euro V,SCR,,0.04,0.5,5,75,0.005807342,-0.129851004,4.104335828,-0.095163547,0.001035964,0.005331972,0.035328401,0,1,1,1 
HDVD_55,Heavy Duty Trucks_Diesel_Rigid >32 t_Euro V,SCR,,0.04,1,5,60,0.011392142,-0.14511601,3.047093627,-0.22432735,0.001688553,-0.001301066,0.027363931,0,1,1,1 
HDVD_55,Heavy Duty Trucks_Diesel_Rigid >32 t_Euro V,SCR,,0.06,0,5,85,0.001304246,-0.049767153,1.396124995,1.927052309,0.000217732,0.001273588,0.02729515,0,1,1,1 
HDVD_55,Heavy Duty Trucks_Diesel_Rigid >32 t_Euro V,SCR,,0.06,0.5,5,60,0.010296915,-0.158392363,3.326987861,-1.199510541,0.001404214,0.001477765,0.020122753,0,1,1,1 
HDVD_55,Heavy Duty Trucks_Diesel_Rigid >32 t_Euro V,SCR,,0.06,1,5,45,0.057004027,-0.686469716,8.782679566,-1.285429186,0.00559066,-0.002099631,0.050293356,0,1,1,1 
HDVD_55,Heavy Duty Trucks_Diesel_Rigid >32 t_Euro V,EGR,,-0.06,0,5,85,-0.00071001,0.068526446,-0.332419972,2.96953515,0.001131542,-0.010040393,0.060408953,0,1,1,1 
HDVD_55,Heavy Duty Trucks_Diesel_Rigid >32 t_Euro V,EGR,,-0.06,0.5,5,85,-0.000740695,0.074502867,-0.44664158,3.397378799,0.001316455,-0.013070867,0.07211747,0,1,1,1 
HDVD_55,Heavy Duty Trucks_Diesel_Rigid >32 t_Euro V,EGR,,-0.06,1,5,85,-0.000657956,0.068301865,-0.408378926,3.077456207,0.001269944,-0.012837838,0.068623109,0,1,1,1 
HDVD_55,Heavy Duty Trucks_Diesel_Rigid >32 t_Euro V,EGR,,-0.04,0,5,85,-0.003475386,0.347339543,-1.997171964,3.844232021,0.003593052,-0.022984182,0.050167749,0,1,1,1 
HDVD_55,Heavy Duty Trucks_Diesel_Rigid >32 t_Euro V,EGR,,-0.04,0.5,5,85,-0.003751651,0.369293757,-2.099040174,4.220306394,0.00379857,-0.02460668,0.058089102,0,1,1,1 
HDVD_55,Heavy Duty Trucks_Diesel_Rigid >32 t_Euro V,EGR,,-0.04,1,5,85,-0.004069981,0.404252689,-2.242704716,4.513631855,0.004070055,-0.026006726,0.062880395,0,1,1,1 
HDVD_55,Heavy Duty Trucks_Diesel_Rigid >32 t_Euro V,EGR,,-0.02,0,5,85,-0.001722526,0.643427365,-3.367979872,6.3738987,0.006418098,-0.035612244,0.075261922,0,1,1,1 
HDVD_55,Heavy Duty Trucks_Diesel_Rigid >32 t_Euro V,EGR,,-0.02,0.5,5,85,-0.003237025,0.613500609,-2.925950219,5.049102787,0.005141849,-0.024130712,0.049712257,0,1,1,1 
HDVD_55,Heavy Duty Trucks_Diesel_Rigid >32 t_Euro V,EGR,,-0.02,1,5,85,-0.0040301,0.690438617,-2.736833467,4.549154096,0.005162216,-0.018242815,0.042427842,0,1,1,1 
HDVD_55,Heavy Duty Trucks_Diesel_Rigid >32 t_Euro V,EGR,,0,0,5,85,0.007575702,0.185509672,1.867236373,14.36280214,0.003528683,-0.010944187,0.251149707,0,1,1,1 
HDVD_55,Heavy Duty Trucks_Diesel_Rigid >32 t_Euro V,EGR,,0,0.5,5,85,0.01317221,0.614241167,-2.625588367,6.871383397,0.006247098,-0.028208688,0.083255611,0,1,1,1 
HDVD_55,Heavy Duty Trucks_Diesel_Rigid >32 t_Euro V,EGR,,0,1,5,85,0.021242157,1.205413417,-3.868514904,5.894141437,0.009418153,-0.022462636,0.044918936,0,1,1,1 
HDVD_55,Heavy Duty Trucks_Diesel_Rigid >32 t_Euro V,EGR,,0.02,0,5,85,0.00846458,0.092788785,6.330921082,10.12271853,0.001746761,0.027379609,0.219710284,0,1,1,1 
HDVD_55,Heavy Duty Trucks_Diesel_Rigid >32 t_Euro V,EGR,,0.02,0.5,5,85,0.044845976,0.510847012,8.161756498,27.61435247,0.007635759,0.003592528,0.489388528,0,1,1,1 
HDVD_55,Heavy Duty Trucks_Diesel_Rigid >32 t_Euro V,EGR,,0.02,1,5,80,-0.001843614,0.154850438,3.435972942,-1.353665738,-0.000256378,0.027538506,0.012906282,0,1,1,1 
HDVD_55,Heavy Duty Trucks_Diesel_Rigid >32 t_Euro V,EGR,,0.04,0,5,85,0.009032952,0.139477624,8.252952808,9.102016343,0.001095248,0.042415844,0.211012407,0,1,1,1 
HDVD_55,Heavy Duty Trucks_Diesel_Rigid >32 t_Euro V,EGR,,0.04,0.5,5,75,-0.001815594,0.270004109,3.629771262,-2.037008484,-0.000147496,0.033192032,-9.36E-12,0,1,1,1 
HDVD_55,Heavy Duty Trucks_Diesel_Rigid >32 t_Euro V,EGR,,0.04,1,5,60,-0.001347176,0.380449436,4.051408927,0.441311036,3.73E-05,0.032790411,0.026540772,0,1,1,1 
HDVD_55,Heavy Duty Trucks_Diesel_Rigid >32 t_Euro V,EGR,,0.06,0,5,85,-0.004008074,0.313195088,5.211459651,-2.687087223,-0.000527184,0.049753453,-2.89E-11,0,1,1,1 
HDVD_55,Heavy Duty Trucks_Diesel_Rigid >32 t_Euro V,EGR,,0.06,0.5,5,60,-0.002641373,0.571515494,4.696925972,-1.657666113,3.35E-05,0.04567917,-1.51E-14,0,1,1,1 
HDVD_55,Heavy Duty Trucks_Diesel_Rigid >32 t_Euro V,EGR,,0.06,1,5,45,0.000203921,-0.019873234,0.647264945,4.072894468,7.98E-06,-0.000899005,0.04253829,0,1,1,1 
HDVD_56,Heavy Duty Trucks_Diesel_Rigid >32 t_Euro VI,,,-0.06,0,5,75,-0.003622249,0.246662132,2.248474983,-0.882118335,0.002693233,0.053776518,2.68E-12,0,1,1,1 
HDVD_56,Heavy Duty Trucks_Diesel_Rigid >32 t_Euro VI,,,-0.06,0.5,5,80,-5.55E-05,0.003653825,0.038327112,2.61463595,0.000106674,-0.001043287,0.072769852,0,1,1,1 
HDVD_56,Heavy Duty Trucks_Diesel_Rigid >32 t_Euro VI,,,-0.06,1,5,85,-0.007703434,0.826375527,-4.19710541,2.016066794,0.016754449,-0.079476133,-1.29E-12,0,1,1,1 
HDVD_56,Heavy Duty Trucks_Diesel_Rigid >32 t_Euro VI,,,-0.04,0,5,85,-0.000115704,0.013271688,-0.127189843,3.460814764,0.000178495,-0.003316096,0.076938607,0,1,1,1 
HDVD_56,Heavy Duty Trucks_Diesel_Rigid >32 t_Euro VI,,,-0.04,0.5,5,85,-0.000569138,0.118560381,-1.386330989,2.285289114,0.002130935,-0.028532317,0.046361163,0,1,1,1 
HDVD_56,Heavy Duty Trucks_Diesel_Rigid >32 t_Euro VI,,,-0.04,1,5,85,-0.002417532,0.350788566,-2.792058304,-2.613494827,0.006401438,-0.061024158,-0.072108889,0,1,1,1 
HDVD_56,Heavy Duty Trucks_Diesel_Rigid >32 t_Euro VI,,,-0.02,0,5,85,0.000727927,0.189265891,-1.789230106,4.174285124,0.003646455,-0.033125949,0.075587672,0,1,1,1 
HDVD_56,Heavy Duty Trucks_Diesel_Rigid >32 t_Euro VI,,,-0.02,0.5,5,85,-0.000479258,0.13805575,-1.953528085,7.862551847,0.002555874,-0.03369415,0.138881758,0,1,1,1 
HDVD_56,Heavy Duty Trucks_Diesel_Rigid >32 t_Euro VI,,,-0.02,1,5,85,0.000382445,0.076791137,-0.852184411,3.046504858,0.003384491,-0.028603943,0.079653297,0,1,1,1 
HDVD_56,Heavy Duty Trucks_Diesel_Rigid >32 t_Euro VI,,,0,0,5,85,-0.000727738,0.084387894,-0.659223671,1.901808283,0.001992879,-0.014722854,0.036337295,0,1,1,1 
HDVD_56,Heavy Duty Trucks_Diesel_Rigid >32 t_Euro VI,,,0,0.5,5,85,-0.001470139,0.230051914,-2.143001231,8.014392209,0.010027035,-0.069736242,0.175779863,0,1,1,1 
HDVD_56,Heavy Duty Trucks_Diesel_Rigid >32 t_Euro VI,,,0,1,5,85,-0.000515433,0.142404611,-1.336440804,4.885628036,0.008462762,-0.053277237,0.118794211,0,1,1,1 
HDVD_56,Heavy Duty Trucks_Diesel_Rigid >32 t_Euro VI,,,0.02,0,5,85,-0.00020184,0.062257867,-0.461367653,2.369841551,0.003271175,-0.01953781,0.052731339,0,1,1,1 
HDVD_56,Heavy Duty Trucks_Diesel_Rigid >32 t_Euro VI,,,0.02,0.5,5,85,0.000196094,0.137683389,-1.305074022,4.94598949,0.008892317,-0.052333425,0.115608113,0,1,1,1 
HDVD_56,Heavy Duty Trucks_Diesel_Rigid >32 t_Euro VI,,,0.02,1,5,85,-1.69E-07,0.069273193,-0.722927505,2.411911801,0.003809501,-0.022661973,0.050667448,0,1,1,1 
HDVD_56,Heavy Duty Trucks_Diesel_Rigid >32 t_Euro VI,,,0.04,0,5,85,0.000102932,0.046821893,-0.412585497,1.935048684,0.003116978,-0.017985984,0.044109391,0,1,1,1 
HDVD_56,Heavy Duty Trucks_Diesel_Rigid >32 t_Euro VI,,,0.04,0.5,5,80,0.001661278,0.131093401,-1.496951721,5.990393065,0.009950792,-0.051661477,0.122070415,0,1,1,1 
HDVD_56,Heavy Duty Trucks_Diesel_Rigid >32 t_Euro VI,,,0.04,1,5,60,0.021518197,-0.284526821,2.408620798,-5.63301246,0.025838528,-0.115317564,0.100173258,0,1,1,1 
HDVD_56,Heavy Duty Trucks_Diesel_Rigid >32 t_Euro VI,,,0.06,0,5,85,0.00089058,0.087049838,-0.830205379,3.51743645,0.006795259,-0.03709442,0.083057247,0,1,1,1 
HDVD_56,Heavy Duty Trucks_Diesel_Rigid >32 t_Euro VI,,,0.06,0.5,5,60,0.04958317,-0.649155606,5.9390156,-14.31753343,0.059640874,-0.258788079,0.20724072,0,1,1,1 
HDVD_56,Heavy Duty Trucks_Diesel_Rigid >32 t_Euro VI,,,0.06,1,5,45,0.059658923,-0.965914277,6.805877317,-11.92053521,0.039292426,-0.096022938,7.13E-15,0,1,1,1 
HDVD_57,Heavy Duty Trucks_Diesel_Articulated 14 - 20 t_Conventional,,,-0.06,0,12,86,2.73E-05,-0.006900393,0.475374169,3.640295713,4.36E-05,0.002946289,0.04528176,0,1,1,1 
HDVD_57,Heavy Duty Trucks_Diesel_Articulated 14 - 20 t_Conventional,,,-0.06,0.5,12,86,-0.000306024,0.013943632,2.951579301,-1.354671142,0.001190768,0.002594517,0.190057983,0,1,1,1 
HDVD_57,Heavy Duty Trucks_Diesel_Articulated 14 - 20 t_Conventional,,,-0.06,1,12,86,-0.000275998,0.01141753,3.276612932,-0.558189539,0.001368281,-0.000735969,0.269752055,0,1,1,1 
HDVD_57,Heavy Duty Trucks_Diesel_Articulated 14 - 20 t_Conventional,,,-0.04,0,12,86,5.38E-05,-0.015304402,1.242154271,6.405175094,3.97E-05,0.0057676,0.080952148,0,1,1,1 
HDVD_57,Heavy Duty Trucks_Diesel_Articulated 14 - 20 t_Conventional,,,-0.04,0.5,12,86,-0.00068325,0.037645098,3.54836873,-2.847731379,0.000550729,0.01635826,0.08747819,0,1,1,1 
HDVD_57,Heavy Duty Trucks_Diesel_Articulated 14 - 20 t_Conventional,,,-0.04,1,12,86,-0.000793265,0.039900714,4.165511899,-2.912293597,0.00059168,0.016860888,0.137304405,0,1,1,1 
HDVD_57,Heavy Duty Trucks_Diesel_Articulated 14 - 20 t_Conventional,,,-0.02,0,12,86,0.000456549,-0.016262397,2.000707954,7.591417937,0.00013023,0.004837814,0.110264198,0,1,1,1 
HDVD_57,Heavy Duty Trucks_Diesel_Articulated 14 - 20 t_Conventional,,,-0.02,0.5,12,86,-0.000752742,0.087086883,5.708628435,9.976725974,0.000299296,0.026310235,0.175834182,0,1,1,1 
HDVD_57,Heavy Duty Trucks_Diesel_Articulated 14 - 20 t_Conventional,,,-0.02,1,12,86,5.82E-05,-0.027509454,2.125601055,-15.37023616,-8.39E-05,0.008120058,-0.048907017,0,1,1,1 
HDVD_57,Heavy Duty Trucks_Diesel_Articulated 14 - 20 t_Conventional,,,0,0,12,86,0.00015868,0.065195011,5.662350929,28.15255591,-7.62E-05,0.023324736,0.235816217,0,1,1,1 
HDVD_57,Heavy Duty Trucks_Diesel_Articulated 14 - 20 t_Conventional,,,0,0.5,12,86,-8.08E-05,0.07914447,6.461835589,24.28234557,-6.66E-05,0.020910737,0.238893601,0,1,1,1 
HDVD_57,Heavy Duty Trucks_Diesel_Articulated 14 - 20 t_Conventional,,,0,1,12,86,-0.001046571,0.13849041,14.46606362,47.10911255,-0.000201199,0.035966963,0.508546946,0,1,1,1 
HDVD_57,Heavy Duty Trucks_Diesel_Articulated 14 - 20 t_Conventional,,,0.02,0,12,86,0.000286995,0.11635934,6.916689411,23.08343798,-6.55E-05,0.01946491,0.247413677,0,1,1,1 
HDVD_57,Heavy Duty Trucks_Diesel_Articulated 14 - 20 t_Conventional,,,0.02,0.5,12,86,4.03E-05,0.088395562,4.525339618,10.9877115,-2.94E-05,0.009741088,0.137468662,0,1,1,1 
HDVD_57,Heavy Duty Trucks_Diesel_Articulated 14 - 20 t_Conventional,,,0.02,1,12,86,-5.98E-05,0.090164006,4.306013096,8.68329698,-2.21E-05,0.007532304,0.114602514,0,1,1,1 
HDVD_57,Heavy Duty Trucks_Diesel_Articulated 14 - 20 t_Conventional,,,0.04,0,12,86,3.45E-05,0.030001995,1.4151138,3.157405001,-8.82E-06,0.002906536,0.042921762,0,1,1,1 
HDVD_57,Heavy Duty Trucks_Diesel_Articulated 14 - 20 t_Conventional,,,0.04,0.5,12,79,0.001624495,0.359247388,4.8051606,7.037625225,5.51E-05,0.017806088,0.07646463,0,1,1,1 
HDVD_57,Heavy Duty Trucks_Diesel_Articulated 14 - 20 t_Conventional,,,0.04,1,12,66,0.001571306,0.221291221,-0.210103927,-5.968206556,6.56E-05,0.007413145,-0.043492528,0,1,1,1 
HDVD_57,Heavy Duty Trucks_Diesel_Articulated 14 - 20 t_Conventional,,,0.06,0,12,81,0.002970928,0.463524367,4.134352211,-1.553747153,9.95E-05,0.024100192,0.006896653,0,1,1,1 
HDVD_57,Heavy Duty Trucks_Diesel_Articulated 14 - 20 t_Conventional,,,0.06,0.5,12,62,0.013203642,1.57099773,3.824890461,0.18285187,0.000465731,0.051089668,-0.079842418,0,1,1,1 
HDVD_57,Heavy Duty Trucks_Diesel_Articulated 14 - 20 t_Conventional,,,0.06,1,12,50,0.007963336,-0.184781659,0.668235477,6.556225466,0.000218373,-0.005983395,0.043278162,0,1,1,1 
HDVD_58,Heavy Duty Trucks_Diesel_Articulated 14 - 20 t_Euro I,,,-0.06,0,12,86,4.88E-05,-0.02723284,3.047879659,-3.780450412,0.000389786,0.032284864,0.000257591,0,1,1,1 
HDVD_58,Heavy Duty Trucks_Diesel_Articulated 14 - 20 t_Euro I,,,-0.06,0.5,12,86,2.81E-05,-0.007900562,0.624189005,4.757908757,7.00E-05,0.006991855,0.087806094,0,1,1,1 
HDVD_58,Heavy Duty Trucks_Diesel_Articulated 14 - 20 t_Euro I,,,-0.06,1,12,86,5.48E-06,-0.002171949,1.656452439,-5.94628373,0.000783397,0.00545382,0.053685974,0,1,1,1 
HDVD_58,Heavy Duty Trucks_Diesel_Articulated 14 - 20 t_Euro I,,,-0.04,0,12,86,-0.000496917,0.033633573,2.58252886,-1.046479447,0.000588427,0.026196326,0.022973532,0,1,1,1 
HDVD_58,Heavy Duty Trucks_Diesel_Articulated 14 - 20 t_Euro I,,,-0.04,0.5,12,86,-0.000514761,0.031042846,2.56079029,-1.08929454,0.000549591,0.023891058,0.058543873,0,1,1,1 
HDVD_58,Heavy Duty Trucks_Diesel_Articulated 14 - 20 t_Euro I,,,-0.04,1,12,86,-0.000570956,0.032321996,2.902131714,-1.502044883,0.000588192,0.023953322,0.104216081,0,1,1,1 
HDVD_58,Heavy Duty Trucks_Diesel_Articulated 14 - 20 t_Euro I,,,-0.02,0,12,86,0.000253262,-0.007737573,1.888271452,7.766126375,0.000124442,0.011102163,0.141736949,0,1,1,1 
HDVD_58,Heavy Duty Trucks_Diesel_Articulated 14 - 20 t_Euro I,,,-0.02,0.5,12,86,-0.000426649,0.052098868,3.344314353,4.588663688,0.000310408,0.02485027,0.150564793,0,1,1,1 
HDVD_58,Heavy Duty Trucks_Diesel_Articulated 14 - 20 t_Euro I,,,-0.02,1,12,86,-0.000438374,0.031233616,2.473739634,4.181371384,0.000130579,0.015383788,0.141576237,0,1,1,1 
HDVD_58,Heavy Duty Trucks_Diesel_Articulated 14 - 20 t_Euro I,,,0,0,12,86,8.94E-05,0.033979085,3.122130068,16.51507503,-6.99E-05,0.021488128,0.211465947,0,1,1,1 
HDVD_58,Heavy Duty Trucks_Diesel_Articulated 14 - 20 t_Euro I,,,0,0.5,12,86,0.00198249,0.012612303,5.31935594,11.91147528,0.000357152,0.014740443,0.339151686,0,1,1,1 
HDVD_58,Heavy Duty Trucks_Diesel_Articulated 14 - 20 t_Euro I,,,0,1,12,86,-0.000193529,0.021405589,2.515929438,8.49334119,-6.26E-05,0.010241574,0.145832562,0,1,1,1 
HDVD_58,Heavy Duty Trucks_Diesel_Articulated 14 - 20 t_Euro I,,,0.02,0,12,86,0.000143654,0.056096483,3.351090109,11.31068253,-5.29E-05,0.015628836,0.198238779,0,1,1,1 
HDVD_58,Heavy Duty Trucks_Diesel_Articulated 14 - 20 t_Euro I,,,0.02,0.5,12,86,0.048539801,0.660475598,17.74495872,-29.28874089,0.005250627,0.06530759,0.380504952,0,1,1,1 
HDVD_58,Heavy Duty Trucks_Diesel_Articulated 14 - 20 t_Euro I,,,0.02,1,12,86,-0.000331883,0.172346154,8.298366423,15.27193955,-7.31E-05,0.023030618,0.369741495,0,1,1,1 
HDVD_58,Heavy Duty Trucks_Diesel_Articulated 14 - 20 t_Euro I,,,0.04,0,12,86,0.050939501,0.192997044,8.838401999,-7.577684283,0.004764533,0.014298263,0.244346087,0,1,1,1 
HDVD_58,Heavy Duty Trucks_Diesel_Articulated 14 - 20 t_Euro I,,,0.04,0.5,12,80,0.002850194,0.742940089,11.81833556,18.50554695,0.000142927,0.061963973,0.36213725,0,1,1,1 
HDVD_58,Heavy Duty Trucks_Diesel_Articulated 14 - 20 t_Euro I,,,0.04,1,12,67,0.037729141,4.778885459,10.38086267,-16.2663327,0.002397311,0.266852294,-0.553674017,0,1,1,1 
HDVD_58,Heavy Duty Trucks_Diesel_Articulated 14 - 20 t_Euro I,,,0.06,0,12,82,0.001746642,0.207763306,-0.562257697,-14.71448983,0.00011454,0.016891837,-0.169829623,0,1,1,1 
HDVD_58,Heavy Duty Trucks_Diesel_Articulated 14 - 20 t_Euro I,,,0.06,0.5,12,62,0.009038354,1.292141117,2.463235214,18.64132177,0.000574388,0.065196154,-0.023861349,0,1,1,1 
HDVD_58,Heavy Duty Trucks_Diesel_Articulated 14 - 20 t_Euro I,,,0.06,1,12,51,0.022031849,-0.529678977,2.008753528,19.19908995,0.000997273,-0.02816389,0.208621944,0,1,1,1 
HDVD_59,Heavy Duty Trucks_Diesel_Articulated 14 - 20 t_Euro II,,,-0.06,0,12,86,0.00010056,-0.0389642,4.040307713,-0.092924799,0.000415038,0.039370221,0.064443944,0,1,1,1 
HDVD_59,Heavy Duty Trucks_Diesel_Articulated 14 - 20 t_Euro II,,,-0.06,0.5,12,86,1.80E-06,-0.000912582,1.662719828,-5.746531601,0.000706764,0.005545516,0.041195503,0,1,1,1 
HDVD_59,Heavy Duty Trucks_Diesel_Articulated 14 - 20 t_Euro II,,,-0.06,1,12,86,3.67E-06,-0.001648634,1.809179238,-6.571225945,0.000759319,0.005765044,0.05201736,0,1,1,1 
HDVD_59,Heavy Duty Trucks_Diesel_Articulated 14 - 20 t_Euro II,,,-0.04,0,12,86,-0.000937418,0.064858248,4.980504569,-1.2172849,0.000990818,0.04543952,0.056057937,0,1,1,1 
HDVD_59,Heavy Duty Trucks_Diesel_Articulated 14 - 20 t_Euro II,,,-0.04,0.5,12,86,-0.000991578,0.061172421,5.017338694,-2.054714293,0.000961069,0.041905168,0.11226804,0,1,1,1 
HDVD_59,Heavy Duty Trucks_Diesel_Articulated 14 - 20 t_Euro II,,,-0.04,1,12,86,-0.000749486,0.044003736,3.892045857,-2.290087732,0.000745566,0.027687875,0.137265116,0,1,1,1 
HDVD_59,Heavy Duty Trucks_Diesel_Articulated 14 - 20 t_Euro II,,,-0.02,0,12,86,0.000245743,-0.003008854,2.638677399,3.775722505,0.000122123,0.016623093,0.094864621,0,1,1,1 
HDVD_59,Heavy Duty Trucks_Diesel_Articulated 14 - 20 t_Euro II,,,-0.02,0.5,12,86,-0.00047364,0.059370988,3.797291251,6.440445489,0.000315788,0.025836926,0.157125444,0,1,1,1 
HDVD_59,Heavy Duty Trucks_Diesel_Articulated 14 - 20 t_Euro II,,,-0.02,1,12,86,-0.000440884,0.032775652,2.538229477,4.469892839,0.000131936,0.014618199,0.126598441,0,1,1,1 
HDVD_59,Heavy Duty Trucks_Diesel_Articulated 14 - 20 t_Euro II,,,0,0,12,86,7.34E-05,0.041039651,3.773643701,18.75352312,-7.17E-05,0.022784134,0.224845728,0,1,1,1 
HDVD_59,Heavy Duty Trucks_Diesel_Articulated 14 - 20 t_Euro II,,,0,0.5,12,86,0.000635407,0.036556545,3.205587297,8.44401556,0.000106654,0.013382878,0.159356432,0,1,1,1 
HDVD_59,Heavy Duty Trucks_Diesel_Articulated 14 - 20 t_Euro II,,,0,1,12,86,0.008473813,0.561371321,16.82368404,-9.986048973,0.002057619,0.078241771,0.409959003,0,1,1,1 
HDVD_59,Heavy Duty Trucks_Diesel_Articulated 14 - 20 t_Euro II,,,0.02,0,12,86,0.000220815,0.173900281,10.53721062,33.66848341,-0.000139126,0.043708439,0.548081397,0,1,1,1 
HDVD_59,Heavy Duty Trucks_Diesel_Articulated 14 - 20 t_Euro II,,,0.02,0.5,12,86,-9.13E-05,0.101356647,5.519678006,13.3156007,-5.40E-05,0.017626726,0.250067543,0,1,1,1 
HDVD_59,Heavy Duty Trucks_Diesel_Articulated 14 - 20 t_Euro II,,,0.02,1,12,86,-0.00032236,0.16891191,8.866580424,18.76102491,-7.59E-05,0.023465655,0.357119698,0,1,1,1 
HDVD_59,Heavy Duty Trucks_Diesel_Articulated 14 - 20 t_Euro II,,,0.04,0,12,86,0.008842257,1.556824058,17.75804548,-1.654668335,0.000728474,0.161701496,0.050017314,0,1,1,1 
HDVD_59,Heavy Duty Trucks_Diesel_Articulated 14 - 20 t_Euro II,,,0.04,0.5,12,84,0.008753877,1.856041301,15.68427108,23.58838467,0.000714133,0.133823487,0.171754623,0,1,1,1 
HDVD_59,Heavy Duty Trucks_Diesel_Articulated 14 - 20 t_Euro II,,,0.04,1,12,72,0.021637069,3.19493941,-0.816545688,-0.382555887,0.001831226,0.153460462,-0.523661596,0,1,1,1 
HDVD_59,Heavy Duty Trucks_Diesel_Articulated 14 - 20 t_Euro II,,,0.06,0,12,85,0.00655697,1.506517766,10.54075931,39.91344343,0.000557741,0.107076231,0.182624981,0,1,1,1 
HDVD_59,Heavy Duty Trucks_Diesel_Articulated 14 - 20 t_Euro II,,,0.06,0.5,12,68,0.002321162,0.398219975,1.630828781,5.446444743,0.000157366,0.020471859,0.002331436,0,1,1,1 
HDVD_59,Heavy Duty Trucks_Diesel_Articulated 14 - 20 t_Euro II,,,0.06,1,12,52,0.005724753,-0.187026868,0.950941087,12.13679457,0.000266602,-0.010184948,0.100973431,0,1,1,1 
HDVD_60,Heavy Duty Trucks_Diesel_Articulated 14 - 20 t_Euro III,,,-0.06,0,12,86,8.37E-05,-0.012562139,1.058446873,4.474815468,0.000185192,0.010052983,0.070935966,0,1,1,1 
HDVD_60,Heavy Duty Trucks_Diesel_Articulated 14 - 20 t_Euro III,,,-0.06,0.5,12,86,-3.75E-06,0.001248173,1.455186535,-4.452525433,0.000706977,0.006212096,0.021495084,0,1,1,1 
HDVD_60,Heavy Duty Trucks_Diesel_Articulated 14 - 20 t_Euro III,,,-0.06,1,12,86,-2.05E-06,0.000568543,1.483158623,-4.724935503,0.000714209,0.006110627,0.028585752,0,1,1,1 
HDVD_60,Heavy Duty Trucks_Diesel_Articulated 14 - 20 t_Euro III,,,-0.04,0,12,86,4.03E-05,-0.017425775,2.258437053,2.153344151,0.000114556,0.021090668,0.042612826,0,1,1,1 
HDVD_60,Heavy Duty Trucks_Diesel_Articulated 14 - 20 t_Euro III,,,-0.04,0.5,12,86,1.61E-05,-0.005111832,0.478723509,3.094629561,2.08E-05,0.004085615,0.045821227,0,1,1,1 
HDVD_60,Heavy Duty Trucks_Diesel_Articulated 14 - 20 t_Euro III,,,-0.04,1,12,86,2.83E-05,-0.008331277,0.708043769,3.752001203,2.92E-05,0.005168626,0.069181638,0,1,1,1 
HDVD_60,Heavy Duty Trucks_Diesel_Articulated 14 - 20 t_Euro III,,,-0.02,0,12,86,0.000199949,-0.006109883,1.219364598,5.037498608,0.000105173,0.007076054,0.081563455,0,1,1,1 
HDVD_60,Heavy Duty Trucks_Diesel_Articulated 14 - 20 t_Euro III,,,-0.02,0.5,12,86,-0.000368091,0.07273184,4.072433445,1.713032062,0.000596044,0.03199569,0.096669084,0,1,1,1 
HDVD_60,Heavy Duty Trucks_Diesel_Articulated 14 - 20 t_Euro III,,,-0.02,1,12,86,-0.000530993,0.049840353,3.58865788,6.311050996,0.000294891,0.025246261,0.162654583,0,1,1,1 
HDVD_60,Heavy Duty Trucks_Diesel_Articulated 14 - 20 t_Euro III,,,0,0,12,86,1.12E-05,0.011544258,1.288264224,6.896145589,-2.67E-05,0.00905623,0.083706613,0,1,1,1 
HDVD_60,Heavy Duty Trucks_Diesel_Articulated 14 - 20 t_Euro III,,,0,0.5,12,86,0.000337891,0.021308043,2.261332166,7.610880525,7.12E-05,0.011262028,0.131776799,0,1,1,1 
HDVD_60,Heavy Duty Trucks_Diesel_Articulated 14 - 20 t_Euro III,,,0,1,12,86,0.000492415,0.044320822,5.245492561,11.12539941,8.62E-05,0.022868726,0.252582665,0,1,1,1 
HDVD_60,Heavy Duty Trucks_Diesel_Articulated 14 - 20 t_Euro III,,,0.02,0,12,86,0.002211241,0.2093366,5.499946049,10.65390266,0.000356579,0.043496994,0.154231756,0,1,1,1 
HDVD_60,Heavy Duty Trucks_Diesel_Articulated 14 - 20 t_Euro III,,,0.02,0.5,12,86,-0.000541029,0.286660142,7.975753786,14.30138709,-0.000101011,0.051060047,0.261596979,0,1,1,1 
HDVD_60,Heavy Duty Trucks_Diesel_Articulated 14 - 20 t_Euro III,,,0.02,1,12,86,0.001515857,0.278746666,-0.29189799,-20.67447005,0.000312975,0.024163572,-0.240983439,0,1,1,1 
HDVD_60,Heavy Duty Trucks_Diesel_Articulated 14 - 20 t_Euro III,,,0.04,0,12,86,0.006267867,1.111313618,5.431401919,-19.99331826,0.001111454,0.121142721,-0.418624242,0,1,1,1 
HDVD_60,Heavy Duty Trucks_Diesel_Articulated 14 - 20 t_Euro III,,,0.04,0.5,12,85,-0.000671806,0.181415547,4.265167702,12.95967374,-7.55E-05,0.021259707,0.167753782,0,1,1,1 
HDVD_60,Heavy Duty Trucks_Diesel_Articulated 14 - 20 t_Euro III,,,0.04,1,12,72,0.00454355,0.91557977,6.648912508,20.23426712,0.000446156,0.068192892,0.069229869,0,1,1,1 
HDVD_60,Heavy Duty Trucks_Diesel_Articulated 14 - 20 t_Euro III,,,0.06,0,12,86,0.006768653,1.146790128,4.192062981,-23.06066836,0.000919762,0.101135834,-0.379157243,0,1,1,1 
HDVD_60,Heavy Duty Trucks_Diesel_Articulated 14 - 20 t_Euro III,,,0.06,0.5,12,69,0.03530116,4.701638529,18.4036759,2.865774928,0.002944904,0.331153016,-0.68437068,0,1,1,1 
HDVD_60,Heavy Duty Trucks_Diesel_Articulated 14 - 20 t_Euro III,,,0.06,1,12,55,0.020123479,2.358897116,8.276641144,17.14908021,0.001156007,0.135573001,-0.195232477,0,1,1,1 
HDVD_61,Heavy Duty Trucks_Diesel_Articulated 14 - 20 t_Euro IV,,,-0.06,0,12,84,5.72E-05,-0.041700181,3.108242727,1.834459775,0.000929305,0.05401562,0.218178117,0,1,1,1 
HDVD_61,Heavy Duty Trucks_Diesel_Articulated 14 - 20 t_Euro IV,,,-0.06,0.5,12,86,5.87E-05,-0.011765098,0.602011319,4.512259406,0.000298366,0.005196272,0.21799238,0,1,1,1 
HDVD_61,Heavy Duty Trucks_Diesel_Articulated 14 - 20 t_Euro IV,,,-0.06,1,12,85,-0.000449722,0.009754361,2.45738172,-0.341961959,0.003210492,-0.001583236,0.545016764,0,1,1,1 
HDVD_61,Heavy Duty Trucks_Diesel_Articulated 14 - 20 t_Euro IV,,,-0.04,0,12,86,4.96E-05,-0.01292378,0.934704678,4.902015738,0.000127762,0.011334389,0.178432449,0,1,1,1 
HDVD_61,Heavy Duty Trucks_Diesel_Articulated 14 - 20 t_Euro IV,,,-0.04,0.5,12,86,-0.000580124,0.025719727,2.52477385,-2.011595395,0.001091086,0.036174631,0.143462887,0,1,1,1 
HDVD_61,Heavy Duty Trucks_Diesel_Articulated 14 - 20 t_Euro IV,,,-0.04,1,12,86,-0.000468035,0.018757738,2.10642851,-1.465262167,0.000884245,0.023288029,0.203879632,0,1,1,1 
HDVD_61,Heavy Duty Trucks_Diesel_Articulated 14 - 20 t_Euro IV,,,-0.02,0,12,86,0.000869145,-0.031391925,3.799366163,13.64556566,0.000717022,0.026096843,0.568828848,0,1,1,1 
HDVD_61,Heavy Duty Trucks_Diesel_Articulated 14 - 20 t_Euro IV,,,-0.02,0.5,12,86,-0.000327512,0.037584473,2.473733501,3.711617938,0.000395576,0.032298605,0.198572216,0,1,1,1 
HDVD_61,Heavy Duty Trucks_Diesel_Articulated 14 - 20 t_Euro IV,,,-0.02,1,12,86,2.75E-05,-0.011004728,0.814349191,-5.780447062,-8.95E-05,0.008628589,-0.050043251,0,1,1,1 
HDVD_61,Heavy Duty Trucks_Diesel_Articulated 14 - 20 t_Euro IV,,,0,0,12,86,0.001581856,0.030703459,3.190936194,12.2018707,0.000560311,0.025419765,0.384768317,0,1,1,1 
HDVD_61,Heavy Duty Trucks_Diesel_Articulated 14 - 20 t_Euro IV,,,0,0.5,12,86,0.00028588,0.042964434,2.439310595,5.174970458,8.41E-05,0.023261863,0.200368396,0,1,1,1 
HDVD_61,Heavy Duty Trucks_Diesel_Articulated 14 - 20 t_Euro IV,,,0,1,12,86,0.000306312,0.044605435,3.914050711,2.583924739,8.00E-05,0.026336099,0.284489957,0,1,1,1 
HDVD_61,Heavy Duty Trucks_Diesel_Articulated 14 - 20 t_Euro IV,,,0.02,0,12,86,0.00077412,0.094825207,1.453964908,8.525370515,0.000177393,0.022755645,0.139714281,0,1,1,1 
HDVD_61,Heavy Duty Trucks_Diesel_Articulated 14 - 20 t_Euro IV,,,0.02,0.5,12,86,0.001016498,0.167024518,-0.290001144,-12.11108211,0.000254113,0.027071747,-0.269108337,0,1,1,1 
HDVD_61,Heavy Duty Trucks_Diesel_Articulated 14 - 20 t_Euro IV,,,0.02,1,12,86,0.000419164,0.150409896,4.410345504,9.981541576,0.000135831,0.023477333,0.369048977,0,1,1,1 
HDVD_61,Heavy Duty Trucks_Diesel_Articulated 14 - 20 t_Euro IV,,,0.04,0,12,86,0.00562315,0.976397682,2.201954887,14.22315369,0.001168894,0.139895012,-0.173766724,0,1,1,1 
HDVD_61,Heavy Duty Trucks_Diesel_Articulated 14 - 20 t_Euro IV,,,0.04,0.5,12,85,0.001023461,0.46647373,11.26571856,9.42018634,0.000315575,0.058902318,0.779381117,0,1,1,1 
HDVD_61,Heavy Duty Trucks_Diesel_Articulated 14 - 20 t_Euro IV,,,0.04,1,12,73,0.020098385,2.647219238,-9.204517512,-27.00682924,0.00329031,0.213222293,-1.350465385,0,1,1,1 
HDVD_61,Heavy Duty Trucks_Diesel_Articulated 14 - 20 t_Euro IV,,,0.06,0,12,86,2.69E-05,0.386308307,9.935307242,6.458497243,0.000165967,0.048441517,0.752945972,0,1,1,1 
HDVD_61,Heavy Duty Trucks_Diesel_Articulated 14 - 20 t_Euro IV,,,0.06,0.5,12,69,0.034926461,3.958513015,-14.88568529,2.698142621,0.005027201,0.302511283,-1.711514771,0,1,1,1 
HDVD_61,Heavy Duty Trucks_Diesel_Articulated 14 - 20 t_Euro IV,,,0.06,1,12,57,0.017929573,2.201473321,-0.133532542,-46.27501148,0.001939666,0.165869011,-0.815602344,0,1,1,1 
HDVD_61,Heavy Duty Trucks_Diesel_Articulated 14 - 20 t_Euro IV,,,-0.06,0,12,84,5.72E-05,-0.041700181,3.108242727,1.834459775,0.000929305,0.05401562,0.218178117,0,1,1,1 
HDVD_61,Heavy Duty Trucks_Diesel_Articulated 14 - 20 t_Euro IV,,,-0.06,0.5,12,86,5.87E-05,-0.011765098,0.602011319,4.512259406,0.000298366,0.005196272,0.21799238,0,1,1,1 
HDVD_61,Heavy Duty Trucks_Diesel_Articulated 14 - 20 t_Euro IV,,,-0.06,1,12,85,-0.000449722,0.009754361,2.45738172,-0.341961959,0.003210492,-0.001583236,0.545016764,0,1,1,1 
HDVD_61,Heavy Duty Trucks_Diesel_Articulated 14 - 20 t_Euro IV,,,-0.04,0,12,86,4.96E-05,-0.01292378,0.934704678,4.902015738,0.000127762,0.011334389,0.178432449,0,1,1,1 
HDVD_61,Heavy Duty Trucks_Diesel_Articulated 14 - 20 t_Euro IV,,,-0.04,1,12,86,-0.000468035,0.018757738,2.10642851,-1.465262167,0.000884245,0.023288029,0.203879632,0,1,1,1 
HDVD_61,Heavy Duty Trucks_Diesel_Articulated 14 - 20 t_Euro IV,,,-0.02,0,12,86,0.000869145,-0.031391925,3.799366163,13.64556566,0.000717022,0.026096843,0.568828848,0,1,1,1 
HDVD_61,Heavy Duty Trucks_Diesel_Articulated 14 - 20 t_Euro IV,,,-0.02,1,12,86,2.75E-05,-0.011004728,0.814349191,-5.780447062,-8.95E-05,0.008628589,-0.050043251,0,1,1,1 
HDVD_61,Heavy Duty Trucks_Diesel_Articulated 14 - 20 t_Euro IV,,,0,0,12,86,0.001581856,0.030703459,3.190936194,12.2018707,0.000560311,0.025419765,0.384768317,0,1,1,1 
HDVD_61,Heavy Duty Trucks_Diesel_Articulated 14 - 20 t_Euro IV,,,0,1,12,86,0.000306312,0.044605435,3.914050711,2.583924739,8.00E-05,0.026336099,0.284489957,0,1,1,1 
HDVD_61,Heavy Duty Trucks_Diesel_Articulated 14 - 20 t_Euro IV,,,0.02,0,12,86,0.00077412,0.094825207,1.453964908,8.525370515,0.000177393,0.022755645,0.139714281,0,1,1,1 
HDVD_61,Heavy Duty Trucks_Diesel_Articulated 14 - 20 t_Euro IV,,,0.02,1,12,86,0.000419164,0.150409896,4.410345504,9.981541576,0.000135831,0.023477333,0.369048977,0,1,1,1 
HDVD_61,Heavy Duty Trucks_Diesel_Articulated 14 - 20 t_Euro IV,,,0.04,0,12,86,0.00562315,0.976397682,2.201954887,14.22315369,0.001168894,0.139895012,-0.173766724,0,1,1,1 
HDVD_61,Heavy Duty Trucks_Diesel_Articulated 14 - 20 t_Euro IV,,,0.04,1,12,73,0.020098385,2.647219238,-9.204517512,-27.00682924,0.00329031,0.213222293,-1.350465385,0,1,1,1 
HDVD_61,Heavy Duty Trucks_Diesel_Articulated 14 - 20 t_Euro IV,,,0.06,0,12,86,2.69E-05,0.386308307,9.935307242,6.458497243,0.000165967,0.048441517,0.752945972,0,1,1,1 
HDVD_61,Heavy Duty Trucks_Diesel_Articulated 14 - 20 t_Euro IV,,,0.06,0.5,12,69,0.034926461,3.958513015,-14.88568529,2.698142621,0.005027201,0.302511283,-1.711514771,0,1,1,1 
HDVD_61,Heavy Duty Trucks_Diesel_Articulated 14 - 20 t_Euro IV,,,0.06,1,12,57,0.017929573,2.201473321,-0.133532542,-46.27501148,0.001939666,0.165869011,-0.815602344,0,1,1,1 
HDVD_62,Heavy Duty Trucks_Diesel_Articulated 14 - 20 t_Euro V,SCR,,-0.06,0,5,75,-0.000663442,0.059731362,-0.651839126,3.723783085,0.000924123,-0.012373679,0.065657519,0,1,1,1 
HDVD_62,Heavy Duty Trucks_Diesel_Articulated 14 - 20 t_Euro V,SCR,,-0.06,0.5,5,75,-0.000812535,0.074324267,-0.83342308,4.593516726,0.001226743,-0.016916409,0.08578623,0,1,1,1 
HDVD_62,Heavy Duty Trucks_Diesel_Articulated 14 - 20 t_Euro V,SCR,,-0.06,1,5,80,-0.00039603,0.036894002,-0.407665453,2.272361669,0.000641273,-0.008800179,0.044016995,0,1,1,1 
HDVD_62,Heavy Duty Trucks_Diesel_Articulated 14 - 20 t_Euro V,SCR,,-0.04,0,5,85,-0.002831872,0.275875566,-1.629574501,3.079367148,0.002775019,-0.01750102,0.036535099,0,1,1,1 
HDVD_62,Heavy Duty Trucks_Diesel_Articulated 14 - 20 t_Euro V,SCR,,-0.04,0.5,5,85,-0.003612264,0.351092876,-2.037104267,4.425802591,0.003546157,-0.023219524,0.059665801,0,1,1,1 
HDVD_62,Heavy Duty Trucks_Diesel_Articulated 14 - 20 t_Euro V,SCR,,-0.04,1,5,85,-0.003990925,0.38799601,-2.191268593,4.537402257,0.003770473,-0.024064726,0.060306343,0,1,1,1 
HDVD_62,Heavy Duty Trucks_Diesel_Articulated 14 - 20 t_Euro V,SCR,,-0.02,0,5,85,0.000891775,0.166966539,-0.53572583,7.647067181,0.002071839,-0.013654436,0.117488013,0,1,1,1 
HDVD_62,Heavy Duty Trucks_Diesel_Articulated 14 - 20 t_Euro V,SCR,,-0.02,0.5,5,85,-0.003471164,0.924031679,-2.663091695,3.979839537,0.00677318,-0.010820676,0.025642299,0,1,1,1 
HDVD_62,Heavy Duty Trucks_Diesel_Articulated 14 - 20 t_Euro V,SCR,,-0.02,1,5,85,-0.004446961,0.894789886,-2.831501375,4.324402475,0.005717004,-0.008346424,0.023214181,0,1,1,1 
HDVD_62,Heavy Duty Trucks_Diesel_Articulated 14 - 20 t_Euro V,SCR,,0,0,5,85,-0.00068446,0.023837814,4.166816832,5.836722092,-0.000162831,0.027184689,0.128733665,0,1,1,1 
HDVD_62,Heavy Duty Trucks_Diesel_Articulated 14 - 20 t_Euro V,SCR,,0,0.5,5,85,-0.006910704,0.836618087,-0.42727017,-9.412909197,0.002580258,0.036146281,-0.168964434,0,1,1,1 
HDVD_62,Heavy Duty Trucks_Diesel_Articulated 14 - 20 t_Euro V,SCR,,0,1,5,85,-0.025612814,3.097365866,-2.726744019,5.392179964,0.012856188,0.048251827,1.61E-11,0,1,1,1 
HDVD_62,Heavy Duty Trucks_Diesel_Articulated 14 - 20 t_Euro V,SCR,,0.02,0,5,85,0.000418489,-0.04982181,1.764439129,7.230473751,3.37E-05,0.000989977,0.121306767,0,1,1,1 
HDVD_62,Heavy Duty Trucks_Diesel_Articulated 14 - 20 t_Euro V,SCR,,0.02,0.5,5,85,0.001037198,-0.070722973,2.174168272,7.466233699,0.000290765,-0.001216665,0.129533346,0,1,1,1 
HDVD_62,Heavy Duty Trucks_Diesel_Articulated 14 - 20 t_Euro V,SCR,,0.02,1,5,85,0.002537455,-0.106043437,3.948254268,4.870809588,0.000881469,0.003672455,0.122340967,0,1,1,1 
HDVD_62,Heavy Duty Trucks_Diesel_Articulated 14 - 20 t_Euro V,SCR,,0.04,0,5,85,0.000926779,-0.055100089,1.372420835,6.998179216,0.0002689,-0.003494187,0.108643267,0,1,1,1 
HDVD_62,Heavy Duty Trucks_Diesel_Articulated 14 - 20 t_Euro V,SCR,,0.04,0.5,5,85,0.004360582,-0.144767213,4.42578834,3.455527078,0.001253339,0.003875279,0.107424139,0,1,1,1 
HDVD_62,Heavy Duty Trucks_Diesel_Articulated 14 - 20 t_Euro V,SCR,,0.04,1,5,70,0.008701188,-0.169937605,4.29564191,1.348947316,0.002258463,-0.000777658,0.08027542,0,1,1,1 
HDVD_62,Heavy Duty Trucks_Diesel_Articulated 14 - 20 t_Euro V,SCR,,0.06,0,5,85,0.003553863,-0.13936274,3.752521313,6.029852905,0.0009531,0.000623514,0.128127221,0,1,1,1 
HDVD_62,Heavy Duty Trucks_Diesel_Articulated 14 - 20 t_Euro V,SCR,,0.06,0.5,5,70,0.00992305,-0.187057514,4.081815621,2.523620401,0.002419975,-0.003636967,0.088472264,0,1,1,1 
HDVD_62,Heavy Duty Trucks_Diesel_Articulated 14 - 20 t_Euro V,SCR,,0.06,1,5,55,0.040217822,-0.56328326,8.700547364,4.843210615,0.007819322,-0.019717834,0.172196732,0,1,1,1 
HDVD_62,Heavy Duty Trucks_Diesel_Articulated 14 - 20 t_Euro V,EGR,,-0.06,0,5,85,-0.000425359,0.043082831,-0.333290707,2.244340443,0.001021943,-0.010680896,0.059893269,0,1,1,1 
HDVD_62,Heavy Duty Trucks_Diesel_Articulated 14 - 20 t_Euro V,EGR,,-0.06,0.5,5,85,-0.000438609,0.044933208,-0.353577539,2.266172648,0.001129243,-0.012039051,0.063740794,0,1,1,1 
HDVD_62,Heavy Duty Trucks_Diesel_Articulated 14 - 20 t_Euro V,EGR,,-0.06,1,5,85,-0.000460177,0.049383129,-0.415566896,2.855912575,0.001329601,-0.015201879,0.082937445,0,1,1,1 
HDVD_62,Heavy Duty Trucks_Diesel_Articulated 14 - 20 t_Euro V,EGR,,-0.04,0,5,85,-0.00181472,0.192264119,-1.209062333,2.304473699,0.003056098,-0.020866969,0.043018552,0,1,1,1 
HDVD_62,Heavy Duty Trucks_Diesel_Articulated 14 - 20 t_Euro V,EGR,,-0.04,0.5,5,85,-0.002085174,0.216254075,-1.319642165,2.656005819,0.003485432,-0.023715853,0.053223282,0,1,1,1 
HDVD_62,Heavy Duty Trucks_Diesel_Articulated 14 - 20 t_Euro V,EGR,,-0.04,1,5,85,-0.00223562,0.227089835,-1.33215671,2.699118819,0.003572587,-0.023499397,0.054297442,0,1,1,1 
HDVD_62,Heavy Duty Trucks_Diesel_Articulated 14 - 20 t_Euro V,EGR,,-0.02,0,5,85,0.000294878,0.044571436,0.382796687,2.963634715,0.001099104,-0.001407919,0.078068045,0,1,1,1 
HDVD_62,Heavy Duty Trucks_Diesel_Articulated 14 - 20 t_Euro V,EGR,,-0.02,0.5,5,85,-0.001439533,0.353319318,-1.348184272,2.65262881,0.004796282,-0.018208683,0.044720348,0,1,1,1 
HDVD_62,Heavy Duty Trucks_Diesel_Articulated 14 - 20 t_Euro V,EGR,,-0.02,1,5,85,-0.001734673,0.344047703,-1.332979074,2.519958118,0.004235028,-0.015138213,0.03787297,0,1,1,1 
HDVD_62,Heavy Duty Trucks_Diesel_Articulated 14 - 20 t_Euro V,EGR,,0,0,5,85,0.003329224,0.111230774,1.137847095,4.201739952,0.002365575,0.003445724,0.116788594,0,1,1,1 
HDVD_62,Heavy Duty Trucks_Diesel_Articulated 14 - 20 t_Euro V,EGR,,0,0.5,5,85,0.009518261,0.403101624,0.217843922,7.275680719,0.006647702,-0.011923201,0.172098896,0,1,1,1 
HDVD_62,Heavy Duty Trucks_Diesel_Articulated 14 - 20 t_Euro V,EGR,,0,1,5,85,0.019370779,1.003631463,-1.931762142,6.229344889,0.013248099,-0.022785164,0.110740085,0,1,1,1 
HDVD_62,Heavy Duty Trucks_Diesel_Articulated 14 - 20 t_Euro V,EGR,,0.02,0,5,85,0.009835156,0.199070207,2.009770834,4.159549787,0.003748822,0.010927175,0.125651436,0,1,1,1 
HDVD_62,Heavy Duty Trucks_Diesel_Articulated 14 - 20 t_Euro V,EGR,,0.02,0.5,5,85,0.014845242,0.180469285,0.183721179,7.642043965,0.004408737,-0.017823476,0.165951569,0,1,1,1 
HDVD_62,Heavy Duty Trucks_Diesel_Articulated 14 - 20 t_Euro V,EGR,,0.02,1,5,85,0.051160816,0.802091983,-2.358006728,8.670702036,0.013442205,-0.042531561,0.150003311,0,1,1,1 
HDVD_62,Heavy Duty Trucks_Diesel_Articulated 14 - 20 t_Euro V,EGR,,0.04,0,5,85,0.011584483,0.080209112,1.796798079,8.216825699,0.002741911,-0.001248836,0.192815833,0,1,1,1 
HDVD_62,Heavy Duty Trucks_Diesel_Articulated 14 - 20 t_Euro V,EGR,,0.04,0.5,5,85,-0.009916193,0.885680433,13.38250721,-4.384023494,-0.001799159,0.196015934,2.55E-12,0,1,1,1 
HDVD_62,Heavy Duty Trucks_Diesel_Articulated 14 - 20 t_Euro V,EGR,,0.04,1,5,75,-0.008783832,1.053077898,12.34631759,-2.654030812,-0.001042523,0.176371891,1.37E-13,0,1,1,1 
HDVD_62,Heavy Duty Trucks_Diesel_Articulated 14 - 20 t_Euro V,EGR,,0.06,0,5,85,-0.007573288,0.622907797,9.734440765,-3.177231356,-0.001470991,0.144784008,2.17E-13,0,1,1,1 
HDVD_62,Heavy Duty Trucks_Diesel_Articulated 14 - 20 t_Euro V,EGR,,0.06,0.5,5,70,-0.003274072,1.241430187,10.64787259,-0.255208649,0.0002853,0.165091723,-6.38E-12,0,1,1,1 
HDVD_62,Heavy Duty Trucks_Diesel_Articulated 14 - 20 t_Euro V,EGR,,0.06,1,5,55,0.000395718,-0.077273108,2.665529617,30.63201445,3.00E-05,-0.008818206,0.416320697,0,1,1,1 
HDVD_63,Heavy Duty Trucks_Diesel_Articulated 14 - 20 t_Euro VI,,,-0.06,0,5,80,4.00E-05,-0.008671047,0.418266813,2.124559041,-5.64E-06,0.004945845,0.096978899,0,1,1,1 
HDVD_63,Heavy Duty Trucks_Diesel_Articulated 14 - 20 t_Euro VI,,,-0.06,0.5,5,75,-0.005095457,0.399782483,-0.562395364,-5.821853927,0.006934299,0.02767221,-0.286414521,0,1,1,1 
HDVD_63,Heavy Duty Trucks_Diesel_Articulated 14 - 20 t_Euro VI,,,-0.06,1,5,80,-0.000104128,0.009187401,-0.082803099,2.644324285,0.000264579,-0.004394341,0.10247987,0,1,1,1 
HDVD_63,Heavy Duty Trucks_Diesel_Articulated 14 - 20 t_Euro VI,,,-0.04,0,5,85,-0.000155266,0.018756616,-0.186258195,4.033957918,0.000349412,-0.006091084,0.12570845,0,1,1,1 
HDVD_63,Heavy Duty Trucks_Diesel_Articulated 14 - 20 t_Euro VI,,,-0.04,0.5,5,85,-9.42E-05,0.010514148,-0.108014027,3.306502699,0.000222048,-0.004535077,0.114055463,0,1,1,1 
HDVD_63,Heavy Duty Trucks_Diesel_Articulated 14 - 20 t_Euro VI,,,-0.04,1,5,80,-0.000801758,0.051278551,1.415139105,-7.967898947,0.000254057,0.057839522,-0.286190961,0,1,1,1 
HDVD_63,Heavy Duty Trucks_Diesel_Articulated 14 - 20 t_Euro VI,,,-0.02,0,5,85,0.004129913,0.407200923,-2.383951512,1.143463256,0.012815151,-0.069296678,0.023805504,0,1,1,1 
HDVD_63,Heavy Duty Trucks_Diesel_Articulated 14 - 20 t_Euro VI,,,-0.02,0.5,5,85,0.000771235,0.212778972,-1.687807376,3.003636713,0.007069204,-0.053114688,0.088185462,0,1,1,1 
HDVD_63,Heavy Duty Trucks_Diesel_Articulated 14 - 20 t_Euro VI,,,-0.02,1,5,85,-9.03E-05,0.082338686,-1.144741667,4.280583663,0.002643719,-0.034196002,0.124264393,0,1,1,1 
HDVD_63,Heavy Duty Trucks_Diesel_Articulated 14 - 20 t_Euro VI,,,0,0,5,85,-0.001432844,0.20191277,-1.024932215,2.127710351,0.007855603,-0.04567695,0.085503758,0,1,1,1 
HDVD_63,Heavy Duty Trucks_Diesel_Articulated 14 - 20 t_Euro VI,,,0,0.5,5,85,-0.000278264,0.088336818,-0.49825177,1.824598082,0.006591796,-0.040898593,0.089483002,0,1,1,1 
HDVD_63,Heavy Duty Trucks_Diesel_Articulated 14 - 20 t_Euro VI,,,0,1,5,85,-3.39E-05,0.061363254,-0.430422561,1.729746121,0.006228677,-0.039610145,0.086156105,0,1,1,1 
HDVD_63,Heavy Duty Trucks_Diesel_Articulated 14 - 20 t_Euro VI,,,0.02,0,5,85,0.000230138,0.198494628,-0.604232208,4.000211928,0.020766962,-0.116168493,0.252311181,0,1,1,1 
HDVD_63,Heavy Duty Trucks_Diesel_Articulated 14 - 20 t_Euro VI,,,0.02,0.5,5,85,0.001044419,0.079746783,-0.528950088,2.926800636,0.012903548,-0.07636542,0.16222103,0,1,1,1 
HDVD_63,Heavy Duty Trucks_Diesel_Articulated 14 - 20 t_Euro VI,,,0.02,1,5,85,0.000615109,0.096201159,-0.848719103,3.018246487,0.011471302,-0.070747575,0.142255952,0,1,1,1 
HDVD_63,Heavy Duty Trucks_Diesel_Articulated 14 - 20 t_Euro VI,,,0.04,0,5,85,0.001134202,0.091036148,-0.625249449,3.627997679,0.01386461,-0.083922676,0.18839,0,1,1,1 
HDVD_63,Heavy Duty Trucks_Diesel_Articulated 14 - 20 t_Euro VI,,,0.04,0.5,5,85,0.000681412,0.098904608,-0.908964755,3.140503331,0.010923457,-0.067522792,0.137710411,0,1,1,1 
HDVD_63,Heavy Duty Trucks_Diesel_Articulated 14 - 20 t_Euro VI,,,0.04,1,5,75,0.001152617,0.104176608,-1.171155208,4.042794303,0.010819773,-0.066239542,0.143624047,0,1,1,1 
HDVD_63,Heavy Duty Trucks_Diesel_Articulated 14 - 20 t_Euro VI,,,0.06,0,5,85,0.000738935,0.070706625,-0.653330692,2.657959423,0.00876933,-0.054382245,0.117867343,0,1,1,1 
HDVD_63,Heavy Duty Trucks_Diesel_Articulated 14 - 20 t_Euro VI,,,0.06,0.5,5,70,0.002849961,0.106541204,-1.371886315,5.594807887,0.014927695,-0.083811826,0.189998522,0,1,1,1 
HDVD_63,Heavy Duty Trucks_Diesel_Articulated 14 - 20 t_Euro VI,,,0.06,1,5,55,0.004533738,0.05634799,-0.943033409,6.608403362,0.013087069,0.006845026,0.041738293,0,1,1,1 
HDVD_64,Heavy Duty Trucks_Diesel_Articulated 20 - 28 t_Conventional,,,-0.06,0,12,86,2.16E-05,-0.005865592,0.444651274,3.340497015,3.38E-05,0.003041646,0.040347285,0,1,1,1 
HDVD_64,Heavy Duty Trucks_Diesel_Articulated 20 - 28 t_Conventional,,,-0.06,0.5,12,86,-0.000274447,0.016794504,3.089765497,-1.723174374,0.001174213,0.004615856,0.192090184,0,1,1,1 
HDVD_64,Heavy Duty Trucks_Diesel_Articulated 20 - 28 t_Conventional,,,-0.06,1,12,86,-0.000231859,0.013635647,3.002552246,-0.800108072,0.00113915,0.001817374,0.241313741,0,1,1,1 
HDVD_64,Heavy Duty Trucks_Diesel_Articulated 20 - 28 t_Conventional,,,-0.04,0,12,86,5.77E-05,-0.016349805,1.322739649,6.350855319,3.83E-05,0.00586923,0.086252143,0,1,1,1 
HDVD_64,Heavy Duty Trucks_Diesel_Articulated 20 - 28 t_Conventional,,,-0.04,0.5,12,86,-0.001353507,0.074908475,6.950818907,-4.244167246,0.000937406,0.032479115,0.196558825,0,1,1,1 
HDVD_64,Heavy Duty Trucks_Diesel_Articulated 20 - 28 t_Conventional,,,-0.04,1,12,86,-0.000853747,0.043556903,4.561237748,-2.482631382,0.000568115,0.016483303,0.184720039,0,1,1,1 
HDVD_64,Heavy Duty Trucks_Diesel_Articulated 20 - 28 t_Conventional,,,-0.02,0,12,86,-5.52E-05,0.181889835,8.76502635,-15.73764097,0.001045637,0.042652372,0.045619321,0,1,1,1 
HDVD_64,Heavy Duty Trucks_Diesel_Articulated 20 - 28 t_Conventional,,,-0.02,0.5,12,86,-0.001666711,0.123300154,9.578954769,16.89786356,0.000309929,0.037508983,0.350926262,0,1,1,1 
HDVD_64,Heavy Duty Trucks_Diesel_Articulated 20 - 28 t_Conventional,,,-0.02,1,12,86,6.73E-05,-0.032894498,2.515170237,-14.84450686,-8.07E-05,0.007781722,-0.023844627,0,1,1,1 
HDVD_64,Heavy Duty Trucks_Diesel_Articulated 20 - 28 t_Conventional,,,0,0,12,86,-1.59E-05,0.108276877,9.414987394,39.41711451,-0.000108354,0.035029996,0.374187639,0,1,1,1 
HDVD_64,Heavy Duty Trucks_Diesel_Articulated 20 - 28 t_Conventional,,,0,0.5,12,86,-0.000567093,0.020883966,4.756020319,16.08757386,-0.000107795,0.010542462,0.184795091,0,1,1,1 
HDVD_64,Heavy Duty Trucks_Diesel_Articulated 20 - 28 t_Conventional,,,0,1,12,86,0.001178791,0.603329708,16.9243965,2.596568905,0.000467657,0.047658964,0.360530369,0,1,1,1 
HDVD_64,Heavy Duty Trucks_Diesel_Articulated 20 - 28 t_Conventional,,,0.02,0,12,86,0.000233322,0.090642682,5.171620648,16.437065,-4.59E-05,0.013579723,0.177883577,0,1,1,1 
HDVD_64,Heavy Duty Trucks_Diesel_Articulated 20 - 28 t_Conventional,,,0.02,0.5,12,86,3.49E-05,0.074247441,3.422078204,7.057866955,-1.83E-05,0.006257446,0.094386726,0,1,1,1 
HDVD_64,Heavy Duty Trucks_Diesel_Articulated 20 - 28 t_Conventional,,,0.02,1,12,81,-0.000226298,0.135941021,5.599689288,8.236518154,-2.40E-05,0.0077861,0.128671754,0,1,1,1 
HDVD_64,Heavy Duty Trucks_Diesel_Articulated 20 - 28 t_Conventional,,,0.04,0,12,86,0.000186738,0.094263058,4.155129202,8.583125109,-2.42E-05,0.00776038,0.121085804,0,1,1,1 
HDVD_64,Heavy Duty Trucks_Diesel_Articulated 20 - 28 t_Conventional,,,0.04,0.5,12,71,0.004700277,0.58394134,1.721791116,4.625521563,0.000151783,0.01986362,-0.009727974,0,1,1,1 
HDVD_64,Heavy Duty Trucks_Diesel_Articulated 20 - 28 t_Conventional,,,0.04,1,12,55,-0.012897453,0.69695781,2.325688422,-6.270110499,-0.000342415,0.019918679,-0.020927206,0,1,1,1 
HDVD_64,Heavy Duty Trucks_Diesel_Articulated 20 - 28 t_Conventional,,,0.06,0,12,74,0.000567689,0.090868396,1.618005588,9.815727018,1.55E-05,0.003540532,0.057607639,0,1,1,1 
HDVD_64,Heavy Duty Trucks_Diesel_Articulated 20 - 28 t_Conventional,,,0.06,0.5,12,53,0.00498241,-0.220721011,2.231638493,8.260963074,0.000125588,-0.005917039,0.073037616,0,1,1,1 
HDVD_64,Heavy Duty Trucks_Diesel_Articulated 20 - 28 t_Conventional,,,0.06,1,12,42,-0.021257452,0.962523115,0.08781672,3.345718723,-0.000391554,0.018377726,-0.024334393,0,1,1,1 
HDVD_65,Heavy Duty Trucks_Diesel_Articulated 20 - 28 t_Euro I,,,-0.06,0,12,86,1.42E-05,-0.004149296,0.343335023,3.06919527,3.23E-05,0.003352507,0.039942197,0,1,1,1 
HDVD_65,Heavy Duty Trucks_Diesel_Articulated 20 - 28 t_Euro I,,,-0.06,0.5,12,86,6.84E-06,-0.002684338,1.973205502,-7.077753067,0.000762313,0.005250641,0.052343588,0,1,1,1 
HDVD_65,Heavy Duty Trucks_Diesel_Articulated 20 - 28 t_Euro I,,,-0.06,1,12,86,-0.000212416,0.015547922,2.671631876,-1.434546626,0.001269852,0.005743491,0.216406175,0,1,1,1 
HDVD_65,Heavy Duty Trucks_Diesel_Articulated 20 - 28 t_Euro I,,,-0.04,0,12,86,-0.001060334,0.077619603,4.09938896,0.400085747,0.000919317,0.034782777,0.056897949,0,1,1,1 
HDVD_65,Heavy Duty Trucks_Diesel_Articulated 20 - 28 t_Euro I,,,-0.04,0.5,12,86,-0.000684325,0.039813664,3.451827761,-1.851511777,0.000595437,0.023631945,0.097241419,0,1,1,1 
HDVD_65,Heavy Duty Trucks_Diesel_Articulated 20 - 28 t_Euro I,,,-0.04,1,12,86,-0.000582911,0.031737676,3.013642916,-1.619745434,0.000484564,0.017118443,0.126848756,0,1,1,1 
HDVD_65,Heavy Duty Trucks_Diesel_Articulated 20 - 28 t_Euro I,,,-0.02,0,12,86,-0.002408362,1.388553983,-12.96652388,-24.05645713,0.008553252,-0.053044711,-0.466584458,0,1,1,1 
HDVD_65,Heavy Duty Trucks_Diesel_Articulated 20 - 28 t_Euro I,,,-0.02,0.5,12,86,-0.000486708,0.035966911,2.795019244,4.885187198,0.000131031,0.014767251,0.130015389,0,1,1,1 
HDVD_65,Heavy Duty Trucks_Diesel_Articulated 20 - 28 t_Euro I,,,-0.02,1,12,86,5.03E-05,-0.020267442,1.483492695,-9.287726478,-6.57E-05,0.006326367,-0.025155355,0,1,1,1 
HDVD_65,Heavy Duty Trucks_Diesel_Articulated 20 - 28 t_Euro I,,,0,0,12,86,0.001536225,0.023017479,4.090453512,12.81098295,0.00025922,0.013093677,0.22575526,0,1,1,1 
HDVD_65,Heavy Duty Trucks_Diesel_Articulated 20 - 28 t_Euro I,,,0,0.5,12,86,-0.001589733,0.124306225,18.17498683,63.62010423,-0.000441333,0.061072479,0.901915349,0,1,1,1 
HDVD_65,Heavy Duty Trucks_Diesel_Articulated 20 - 28 t_Euro I,,,0,1,12,86,0.000605951,0.313759075,9.267073683,9.568147384,0.000349175,0.036310509,0.289491018,0,1,1,1 
HDVD_65,Heavy Duty Trucks_Diesel_Articulated 20 - 28 t_Euro I,,,0.02,0,12,86,0.000326792,0.26289556,14.80089191,43.02262167,-0.000162418,0.051441832,0.675945891,0,1,1,1 
HDVD_65,Heavy Duty Trucks_Diesel_Articulated 20 - 28 t_Euro I,,,0.02,0.5,12,86,0.053721579,1.01958149,-7.529007659,-40.44805023,0.004791093,0.019706277,-0.502669134,0,1,1,1 
HDVD_65,Heavy Duty Trucks_Diesel_Articulated 20 - 28 t_Euro I,,,0.02,1,12,82,-0.000525091,0.13185732,6.338514414,9.943744208,-4.96E-05,0.011793464,0.20492842,0,1,1,1 
HDVD_65,Heavy Duty Trucks_Diesel_Articulated 20 - 28 t_Euro I,,,0.04,0,12,86,0.001478004,0.512084636,4.20556151,18.5811368,0.000118525,0.037055288,0.109010617,0,1,1,1 
HDVD_65,Heavy Duty Trucks_Diesel_Articulated 20 - 28 t_Euro I,,,0.04,0.5,12,73,0.003023899,0.52723055,1.948436103,5.167128331,0.00018433,0.02512107,-0.00067988,0,1,1,1 
HDVD_65,Heavy Duty Trucks_Diesel_Articulated 20 - 28 t_Euro I,,,0.04,1,12,57,0.161408484,-1.014365565,-5.847932458,1.807963799,0.006605698,-0.073468348,0.087870962,0,1,1,1 
HDVD_65,Heavy Duty Trucks_Diesel_Articulated 20 - 28 t_Euro I,,,0.06,0,12,78,0.010063248,1.414899929,4.408553453,7.136476369,0.000561209,0.077633985,-0.098489964,0,1,1,1 
HDVD_65,Heavy Duty Trucks_Diesel_Articulated 20 - 28 t_Euro I,,,0.06,0.5,12,53,0.001145263,-0.059704362,0.720779306,3.963525446,4.40E-05,-0.00247312,0.037756509,0,1,1,1 
HDVD_65,Heavy Duty Trucks_Diesel_Articulated 20 - 28 t_Euro I,,,0.06,1,12,43,-0.017613158,0.745630159,3.024594602,0.118333764,-0.000521554,0.023999912,0.003680737,0,1,1,1 
HDVD_66,Heavy Duty Trucks_Diesel_Articulated 20 - 28 t_Euro II,,,-0.06,0,12,86,2.29E-05,-0.006972598,0.607383485,5.264977865,4.82E-05,0.005663003,0.064015039,0,1,1,1 
HDVD_66,Heavy Duty Trucks_Diesel_Articulated 20 - 28 t_Euro II,,,-0.06,0.5,12,86,1.22E-06,-0.000829453,1.977061681,-7.057191767,0.000699636,0.0057466,0.04410015,0,1,1,1 
HDVD_66,Heavy Duty Trucks_Diesel_Articulated 20 - 28 t_Euro II,,,-0.06,1,12,86,-0.000232254,0.019221668,2.743303719,-1.750326506,0.001169337,0.008130909,0.181962614,0,1,1,1 
HDVD_66,Heavy Duty Trucks_Diesel_Articulated 20 - 28 t_Euro II,,,-0.04,0,12,86,-0.000852506,0.055247265,4.396279901,-0.556461351,0.000707069,0.033415213,0.061671114,0,1,1,1 
HDVD_66,Heavy Duty Trucks_Diesel_Articulated 20 - 28 t_Euro II,,,-0.04,0.5,12,86,-0.000714914,0.042750075,3.680729174,-1.939223596,0.000584959,0.023220131,0.100237277,0,1,1,1 
HDVD_66,Heavy Duty Trucks_Diesel_Articulated 20 - 28 t_Euro II,,,-0.04,1,12,86,-0.001155103,0.064965035,6.036958493,-3.212781189,0.00090019,0.032571348,0.226218401,0,1,1,1 
HDVD_66,Heavy Duty Trucks_Diesel_Articulated 20 - 28 t_Euro II,,,-0.02,0,12,86,-0.000435634,0.156443773,7.66724877,6.356146739,0.000892535,0.049656175,0.162783793,0,1,1,1 
HDVD_66,Heavy Duty Trucks_Diesel_Articulated 20 - 28 t_Euro II,,,-0.02,0.5,12,86,-0.001171262,0.087852765,6.80486364,12.65627641,0.000302923,0.033704449,0.291138008,0,1,1,1 
HDVD_66,Heavy Duty Trucks_Diesel_Articulated 20 - 28 t_Euro II,,,-0.02,1,12,86,-0.002143663,0.131480411,11.04495832,17.5022247,0.000349938,0.046514181,0.47824386,0,1,1,1 
HDVD_66,Heavy Duty Trucks_Diesel_Articulated 20 - 28 t_Euro II,,,0,0,12,86,-2.68E-05,0.073361391,6.779046457,29.37175602,-9.67E-05,0.031323141,0.328148971,0,1,1,1 
HDVD_66,Heavy Duty Trucks_Diesel_Articulated 20 - 28 t_Euro II,,,0,0.5,12,86,-0.001247431,0.072264112,13.28920007,48.41343969,-0.000333424,0.040954337,0.61972019,0,1,1,1 
HDVD_66,Heavy Duty Trucks_Diesel_Articulated 20 - 28 t_Euro II,,,0,1,12,86,0.000521064,0.231759025,7.151399501,13.92984323,0.000255708,0.026338685,0.230225695,0,1,1,1 
HDVD_66,Heavy Duty Trucks_Diesel_Articulated 20 - 28 t_Euro II,,,0.02,0,12,86,2.44E-05,0.11666345,6.717477493,18.84831242,-6.53E-05,0.021286719,0.281032285,0,1,1,1 
HDVD_66,Heavy Duty Trucks_Diesel_Articulated 20 - 28 t_Euro II,,,0.02,0.5,12,86,0.005077268,0.871340814,2.108280726,-27.59008403,0.000556471,0.057061566,-0.285069887,0,1,1,1 
HDVD_66,Heavy Duty Trucks_Diesel_Articulated 20 - 28 t_Euro II,,,0.02,1,12,84,0.001187143,0.18848117,3.441022832,7.793843253,9.71E-05,0.011315511,0.09159892,0,1,1,1 
HDVD_66,Heavy Duty Trucks_Diesel_Articulated 20 - 28 t_Euro II,,,0.04,0,12,86,0.004917553,1.320528263,14.16035111,40.18756853,0.000391622,0.095697401,0.288469998,0,1,1,1 
HDVD_66,Heavy Duty Trucks_Diesel_Articulated 20 - 28 t_Euro II,,,0.04,0.5,12,76,0.016919498,0.184933154,-1.358929207,-7.610585939,0.000944303,0.001896816,-0.068288182,0,1,1,1 
HDVD_66,Heavy Duty Trucks_Diesel_Articulated 20 - 28 t_Euro II,,,0.04,1,12,60,0.034590365,4.778677768,1.229171094,-7.06388507,0.001942229,0.162218021,-0.462114258,0,1,1,1 
HDVD_66,Heavy Duty Trucks_Diesel_Articulated 20 - 28 t_Euro II,,,0.06,0,12,82,0.002612294,0.504072885,2.407351855,7.000087974,0.000177011,0.026131405,0.00518749,0,1,1,1 
HDVD_66,Heavy Duty Trucks_Diesel_Articulated 20 - 28 t_Euro II,,,0.06,0.5,12,59,0.004054284,0.492537031,-0.232453101,-9.911441465,0.000197018,0.017393314,-0.087122632,0,1,1,1 
HDVD_66,Heavy Duty Trucks_Diesel_Articulated 20 - 28 t_Euro II,,,0.06,1,12,45,0.004708999,-0.234101083,2.410253538,16.53375209,0.000145562,-0.007913883,0.111146281,0,1,1,1 
HDVD_67,Heavy Duty Trucks_Diesel_Articulated 20 - 28 t_Euro III,,,-0.06,0,12,86,5.29E-05,-0.00756286,0.631829821,3.474923335,9.65E-05,0.005384148,0.047317701,0,1,1,1 
HDVD_67,Heavy Duty Trucks_Diesel_Articulated 20 - 28 t_Euro III,,,-0.06,0.5,12,86,-5.39E-06,0.001855377,1.522136372,-4.835377159,0.000628832,0.006041116,0.020881195,0,1,1,1 
HDVD_67,Heavy Duty Trucks_Diesel_Articulated 20 - 28 t_Euro III,,,-0.06,1,12,86,-3.85E-06,0.001198198,1.493339563,-4.985486275,0.000602043,0.005719945,0.026857197,0,1,1,1 
HDVD_67,Heavy Duty Trucks_Diesel_Articulated 20 - 28 t_Euro III,,,-0.04,0,12,86,2.53E-05,-0.015194532,1.854666337,2.919793914,5.55E-05,0.01511683,0.045284784,0,1,1,1 
HDVD_67,Heavy Duty Trucks_Diesel_Articulated 20 - 28 t_Euro III,,,-0.04,0.5,12,86,2.76E-05,-0.008325489,0.730787446,4.013947357,2.39E-05,0.004767063,0.061227963,0,1,1,1 
HDVD_67,Heavy Duty Trucks_Diesel_Articulated 20 - 28 t_Euro III,,,-0.04,1,12,86,4.81E-05,-0.013662563,1.111809516,4.88016007,3.48E-05,0.006010032,0.093490633,0,1,1,1 
HDVD_67,Heavy Duty Trucks_Diesel_Articulated 20 - 28 t_Euro III,,,-0.02,0,12,86,0.000213379,-0.015567981,4.593299481,12.4293193,0.000104044,0.028124169,0.179072855,0,1,1,1 
HDVD_67,Heavy Duty Trucks_Diesel_Articulated 20 - 28 t_Euro III,,,-0.02,0.5,12,86,4.59E-05,-0.014103076,1.234494071,5.521648663,-1.82E-05,0.004935311,0.088426413,0,1,1,1 
HDVD_67,Heavy Duty Trucks_Diesel_Articulated 20 - 28 t_Euro III,,,-0.02,1,12,86,-0.001112673,0.085214385,6.576018425,11.12567283,0.000335387,0.034681458,0.281672283,0,1,1,1 
HDVD_67,Heavy Duty Trucks_Diesel_Articulated 20 - 28 t_Euro III,,,0,0,12,86,-0.000469582,0.135450991,7.142606754,1.287092428,-0.000165473,0.054888461,0.052571561,0,1,1,1 
HDVD_67,Heavy Duty Trucks_Diesel_Articulated 20 - 28 t_Euro III,,,0,0.5,12,86,0.001994492,0.340076205,9.348463614,15.53560902,0.000764593,0.054965178,0.268784628,0,1,1,1 
HDVD_67,Heavy Duty Trucks_Diesel_Articulated 20 - 28 t_Euro III,,,0,1,12,86,0.000984669,0.262336205,7.215072184,8.785483157,0.000471193,0.033978393,0.219572794,0,1,1,1 
HDVD_67,Heavy Duty Trucks_Diesel_Articulated 20 - 28 t_Euro III,,,0.02,0,12,86,0.001724776,0.445011793,6.700108926,19.33118637,0.000307016,0.060063391,0.123474,0,1,1,1 
HDVD_67,Heavy Duty Trucks_Diesel_Articulated 20 - 28 t_Euro III,,,0.02,0.5,12,86,0.001806841,0.329747376,-0.347385867,-23.96009555,0.00031982,0.024944638,-0.246022985,0,1,1,1 
HDVD_67,Heavy Duty Trucks_Diesel_Articulated 20 - 28 t_Euro III,,,0.02,1,12,85,0.004325134,0.68103749,-3.885027369,-57.4495956,0.000599091,0.0394807,-0.554473737,0,1,1,1 
HDVD_67,Heavy Duty Trucks_Diesel_Articulated 20 - 28 t_Euro III,,,0.04,0,12,86,0.022565756,3.976003863,-0.534226557,-15.82464632,0.00362336,0.276332822,-1.230897021,0,1,1,1 
HDVD_67,Heavy Duty Trucks_Diesel_Articulated 20 - 28 t_Euro III,,,0.04,0.5,12,78,0.007850587,1.193029733,8.36687163,-35.16902949,0.00051009,0.088105837,-0.2581766,0,1,1,1 
HDVD_67,Heavy Duty Trucks_Diesel_Articulated 20 - 28 t_Euro III,,,0.04,1,12,61,0.001323668,0.127277242,1.299114294,3.262822457,6.97E-05,0.006798018,0.021750786,0,1,1,1 
HDVD_67,Heavy Duty Trucks_Diesel_Articulated 20 - 28 t_Euro III,,,0.06,0,12,83,0.016235662,2.539507307,9.86607921,-21.86054545,0.001495526,0.174953435,-0.492235275,0,1,1,1 
HDVD_67,Heavy Duty Trucks_Diesel_Articulated 20 - 28 t_Euro III,,,0.06,0.5,12,59,0.000810634,0.149104207,0.824511514,3.481788534,4.91E-05,0.00732774,0.008820575,0,1,1,1 
HDVD_67,Heavy Duty Trucks_Diesel_Articulated 20 - 28 t_Euro III,,,0.06,1,12,46,0.006221118,0.670693345,1.193284815,-4.277122008,0.000279097,0.02413598,-0.058440548,0,1,1,1 
HDVD_68,Heavy Duty Trucks_Diesel_Articulated 20 - 28 t_Euro IV,,,-0.06,0,12,86,7.30E-05,-0.014629009,0.748044072,5.447890141,0.000308172,0.005261907,0.225292679,0,1,1,1 
HDVD_68,Heavy Duty Trucks_Diesel_Articulated 20 - 28 t_Euro IV,,,-0.06,0.5,12,86,-0.000631327,0.010680476,3.83814017,0.386565717,0.004449134,-0.013160124,0.860068301,0,1,1,1 
HDVD_68,Heavy Duty Trucks_Diesel_Articulated 20 - 28 t_Euro IV,,,-0.06,1,12,86,-0.000658176,0.009320743,4.257787023,1.414710653,0.004900299,-0.023266975,1.121669568,0,1,1,1 
HDVD_68,Heavy Duty Trucks_Diesel_Articulated 20 - 28 t_Euro IV,,,-0.04,0,12,86,-0.000457687,0.021443235,2.141870275,-2.063017026,0.000898383,0.024200545,0.110670299,0,1,1,1 
HDVD_68,Heavy Duty Trucks_Diesel_Articulated 20 - 28 t_Euro IV,,,-0.04,0.5,12,86,-0.000529424,0.021630445,2.312685449,-1.518240059,0.00078886,0.024557257,0.173973217,0,1,1,1 
HDVD_68,Heavy Duty Trucks_Diesel_Articulated 20 - 28 t_Euro IV,,,-0.04,1,12,86,-0.000588068,0.022501421,2.69377606,-1.574589803,0.000881638,0.02146828,0.270716004,0,1,1,1 
HDVD_68,Heavy Duty Trucks_Diesel_Articulated 20 - 28 t_Euro IV,,,-0.02,0,12,86,0.000179744,-0.014327484,4.11462763,3.77551031,0.000164628,0.040608987,0.256281595,0,1,1,1 
HDVD_68,Heavy Duty Trucks_Diesel_Articulated 20 - 28 t_Euro IV,,,-0.02,0.5,12,86,-0.003050609,0.451928705,-4.172920189,-1.225180379,0.002897038,-0.001187046,-0.28209637,0,1,1,1 
HDVD_68,Heavy Duty Trucks_Diesel_Articulated 20 - 28 t_Euro IV,,,-0.02,1,12,86,2.70E-05,-0.009775231,0.692462282,-4.207651806,-5.38E-05,0.005142959,-0.018164382,0,1,1,1 
HDVD_68,Heavy Duty Trucks_Diesel_Articulated 20 - 28 t_Euro IV,,,0,0,12,86,0.000482427,0.116250418,3.632816166,1.262685107,0.000163207,0.049379868,0.066131215,0,1,1,1 
HDVD_68,Heavy Duty Trucks_Diesel_Articulated 20 - 28 t_Euro IV,,,0,0.5,12,86,0.000905708,0.15747453,3.951616637,5.061606521,0.000455084,0.036401303,0.216225568,0,1,1,1 
HDVD_68,Heavy Duty Trucks_Diesel_Articulated 20 - 28 t_Euro IV,,,0,1,12,86,-0.000274346,0.013023057,1.102030819,-8.40664023,-9.92E-05,0.009374221,-0.046424324,0,1,1,1 
HDVD_68,Heavy Duty Trucks_Diesel_Articulated 20 - 28 t_Euro IV,,,0.02,0,12,86,0.000919688,0.22114516,1.971524051,8.069794154,0.000205708,0.038546084,0.063819072,0,1,1,1 
HDVD_68,Heavy Duty Trucks_Diesel_Articulated 20 - 28 t_Euro IV,,,0.02,0.5,12,86,0.004684037,0.713230701,-3.224070204,-16.82259272,0.001081421,0.064212194,-0.550213198,0,1,1,1 
HDVD_68,Heavy Duty Trucks_Diesel_Articulated 20 - 28 t_Euro IV,,,0.02,1,12,85,0.011876551,1.568818977,-12.6815607,-50.28742545,0.002373234,0.10292568,-1.326051107,0,1,1,1 
HDVD_68,Heavy Duty Trucks_Diesel_Articulated 20 - 28 t_Euro IV,,,0.04,0,12,86,0.027010402,3.396809521,-15.60206472,-11.45718988,0.004832231,0.31147074,-2.109956937,0,1,1,1 
HDVD_68,Heavy Duty Trucks_Diesel_Articulated 20 - 28 t_Euro IV,,,0.04,0.5,12,80,0.000930879,0.315380879,9.388035603,20.91442257,0.000151406,0.03037814,0.569868526,0,1,1,1 
HDVD_68,Heavy Duty Trucks_Diesel_Articulated 20 - 28 t_Euro IV,,,0.04,1,12,63,-0.006644762,0.457366743,-0.344005363,-33.32274941,-0.000533382,0.040937411,-0.341175431,0,1,1,1 
HDVD_68,Heavy Duty Trucks_Diesel_Articulated 20 - 28 t_Euro IV,,,0.06,0,12,84,0.000890297,1.160561561,29.01151997,19.63256387,0.000424646,0.112593934,1.686433981,0,1,1,1 
HDVD_68,Heavy Duty Trucks_Diesel_Articulated 20 - 28 t_Euro IV,,,0.06,0.5,12,60,-0.004938223,0.334246171,-1.292177814,-21.0923522,-0.00037521,0.027708375,-0.265550462,0,1,1,1 
HDVD_68,Heavy Duty Trucks_Diesel_Articulated 20 - 28 t_Euro IV,,,0.06,1,12,47,0.009286201,0.919725508,-4.543017124,-29.23102801,0.000670233,0.044209638,-0.405755408,0,1,1,1 
HDVD_68,Heavy Duty Trucks_Diesel_Articulated 20 - 28 t_Euro IV,,,-0.06,0,12,86,7.30E-05,-0.014629009,0.748044072,5.447890141,0.000308172,0.005261907,0.225292679,0,1,1,1 
HDVD_68,Heavy Duty Trucks_Diesel_Articulated 20 - 28 t_Euro IV,,,-0.06,0.5,12,86,-0.000631327,0.010680476,3.83814017,0.386565717,0.004449134,-0.013160124,0.860068301,0,1,1,1 
HDVD_68,Heavy Duty Trucks_Diesel_Articulated 20 - 28 t_Euro IV,,,-0.06,1,12,86,-0.000658176,0.009320743,4.257787023,1.414710653,0.004900299,-0.023266975,1.121669568,0,1,1,1 
HDVD_68,Heavy Duty Trucks_Diesel_Articulated 20 - 28 t_Euro IV,,,-0.04,0,12,86,-0.000457687,0.021443235,2.141870275,-2.063017026,0.000898383,0.024200545,0.110670299,0,1,1,1 
HDVD_68,Heavy Duty Trucks_Diesel_Articulated 20 - 28 t_Euro IV,,,-0.04,1,12,86,-0.000588068,0.022501421,2.69377606,-1.574589803,0.000881638,0.02146828,0.270716004,0,1,1,1 
HDVD_68,Heavy Duty Trucks_Diesel_Articulated 20 - 28 t_Euro IV,,,-0.02,0,12,86,0.000179744,-0.014327484,4.11462763,3.77551031,0.000164628,0.040608987,0.256281595,0,1,1,1 
HDVD_68,Heavy Duty Trucks_Diesel_Articulated 20 - 28 t_Euro IV,,,-0.02,1,12,86,2.70E-05,-0.009775231,0.692462282,-4.207651806,-5.38E-05,0.005142959,-0.018164382,0,1,1,1 
HDVD_68,Heavy Duty Trucks_Diesel_Articulated 20 - 28 t_Euro IV,,,0,0,12,86,0.000482427,0.116250418,3.632816166,1.262685107,0.000163207,0.049379868,0.066131215,0,1,1,1 
HDVD_68,Heavy Duty Trucks_Diesel_Articulated 20 - 28 t_Euro IV,,,0,1,12,86,-0.000274346,0.013023057,1.102030819,-8.40664023,-9.92E-05,0.009374221,-0.046424324,0,1,1,1 
HDVD_68,Heavy Duty Trucks_Diesel_Articulated 20 - 28 t_Euro IV,,,0.02,0,12,86,0.000919688,0.22114516,1.971524051,8.069794154,0.000205708,0.038546084,0.063819072,0,1,1,1 
HDVD_68,Heavy Duty Trucks_Diesel_Articulated 20 - 28 t_Euro IV,,,0.02,1,12,85,0.011876551,1.568818977,-12.6815607,-50.28742545,0.002373234,0.10292568,-1.326051107,0,1,1,1 
HDVD_68,Heavy Duty Trucks_Diesel_Articulated 20 - 28 t_Euro IV,,,0.04,0,12,86,0.027010402,3.396809521,-15.60206472,-11.45718988,0.004832231,0.31147074,-2.109956937,0,1,1,1 
HDVD_68,Heavy Duty Trucks_Diesel_Articulated 20 - 28 t_Euro IV,,,0.04,1,12,63,-0.006644762,0.457366743,-0.344005363,-33.32274941,-0.000533382,0.040937411,-0.341175431,0,1,1,1 
HDVD_68,Heavy Duty Trucks_Diesel_Articulated 20 - 28 t_Euro IV,,,0.06,0,12,84,0.000890297,1.160561561,29.01151997,19.63256387,0.000424646,0.112593934,1.686433981,0,1,1,1 
HDVD_68,Heavy Duty Trucks_Diesel_Articulated 20 - 28 t_Euro IV,,,0.06,0.5,12,60,-0.004938223,0.334246171,-1.292177814,-21.0923522,-0.00037521,0.027708375,-0.265550462,0,1,1,1 
HDVD_68,Heavy Duty Trucks_Diesel_Articulated 20 - 28 t_Euro IV,,,0.06,1,12,47,0.009286201,0.919725508,-4.543017124,-29.23102801,0.000670233,0.044209638,-0.405755408,0,1,1,1 
HDVD_69,Heavy Duty Trucks_Diesel_Articulated 20 - 28 t_Euro V,SCR,,-0.06,0,5,75,-0.000839212,0.077163301,-0.93418416,5.233986335,0.001021846,-0.014758589,0.077541872,0,1,1,1 
HDVD_69,Heavy Duty Trucks_Diesel_Articulated 20 - 28 t_Euro V,SCR,,-0.06,0.5,5,80,-0.000476789,0.045541604,-0.581190914,3.14360372,0.000642793,-0.009684888,0.048575308,0,1,1,1 
HDVD_69,Heavy Duty Trucks_Diesel_Articulated 20 - 28 t_Euro V,SCR,,-0.06,1,5,80,-0.00048804,0.047240726,-0.564527479,3.099311674,0.000696796,-0.010062405,0.049705753,0,1,1,1 
HDVD_69,Heavy Duty Trucks_Diesel_Articulated 20 - 28 t_Euro V,SCR,,-0.04,0,5,85,-0.003681897,0.360690696,-2.136333672,4.97050013,0.003172157,-0.021163723,0.057086177,0,1,1,1 
HDVD_69,Heavy Duty Trucks_Diesel_Articulated 20 - 28 t_Euro V,SCR,,-0.04,0.5,5,85,-0.004389392,0.427481155,-2.46384642,5.134886249,0.003549535,-0.022950357,0.056923347,0,1,1,1 
HDVD_69,Heavy Duty Trucks_Diesel_Articulated 20 - 28 t_Euro V,SCR,,-0.04,1,5,85,-0.005532998,0.550580088,-3.177245653,6.631161284,0.004336424,-0.028529815,0.072881782,0,1,1,1 
HDVD_69,Heavy Duty Trucks_Diesel_Articulated 20 - 28 t_Euro V,SCR,,-0.02,0,5,85,-0.00091999,0.75945559,-3.064631909,7.719010722,0.005712017,-0.022703127,0.073914434,0,1,1,1 
HDVD_69,Heavy Duty Trucks_Diesel_Articulated 20 - 28 t_Euro V,SCR,,-0.02,0.5,5,85,-0.005087117,1.07881158,-3.805564165,5.750037807,0.006013232,-0.012228608,0.02676547,0,1,1,1 
HDVD_69,Heavy Duty Trucks_Diesel_Articulated 20 - 28 t_Euro V,SCR,,-0.02,1,5,85,-0.007189077,1.298010793,-3.940998924,5.548178473,0.006233006,-0.00552266,0.020084838,0,1,1,1 
HDVD_69,Heavy Duty Trucks_Diesel_Articulated 20 - 28 t_Euro V,SCR,,0,0,5,85,-0.000588622,0.018305058,4.383087375,8.518467623,-9.82E-05,0.020960326,0.142414793,0,1,1,1 
HDVD_69,Heavy Duty Trucks_Diesel_Articulated 20 - 28 t_Euro V,SCR,,0,0.5,5,85,-0.009299747,1.157519212,0.050356868,1.651305052,0.003628744,0.025104313,-3.48E-12,0,1,1,1 
HDVD_69,Heavy Duty Trucks_Diesel_Articulated 20 - 28 t_Euro V,SCR,,0,1,5,85,3.12E-05,0.004972298,2.665257016,4.444124313,0.000320988,0.004940753,0.089175351,0,1,1,1 
HDVD_69,Heavy Duty Trucks_Diesel_Articulated 20 - 28 t_Euro V,SCR,,0.02,0,5,85,0.000235081,-0.024613432,0.833081809,3.530414117,3.11E-05,-5.45E-05,0.049124861,0,1,1,1 
HDVD_69,Heavy Duty Trucks_Diesel_Articulated 20 - 28 t_Euro V,SCR,,0.02,0.5,5,85,0.000622451,-0.035239893,1.140159183,2.260508647,0.0001479,0.000410348,0.038661053,0,1,1,1 
HDVD_69,Heavy Duty Trucks_Diesel_Articulated 20 - 28 t_Euro V,SCR,,0.02,1,5,85,0.00333955,-0.053467081,2.640463806,2.662660644,0.001181953,-0.001930535,0.066256921,0,1,1,1 
HDVD_69,Heavy Duty Trucks_Diesel_Articulated 20 - 28 t_Euro V,SCR,,0.04,0,5,85,0.000666077,-0.035988895,0.906846701,3.587793428,0.000154373,-0.001401358,0.0488878,0,1,1,1 
HDVD_69,Heavy Duty Trucks_Diesel_Articulated 20 - 28 t_Euro V,SCR,,0.04,0.5,5,80,0.008983097,-0.199558807,5.457352661,2.723632425,0.002072149,-0.000915717,0.099135558,0,1,1,1 
HDVD_69,Heavy Duty Trucks_Diesel_Articulated 20 - 28 t_Euro V,SCR,,0.04,1,5,60,0.033634474,-0.47284673,8.838332791,4.575102943,0.006259259,-0.017755846,0.15941036,0,1,1,1 
HDVD_69,Heavy Duty Trucks_Diesel_Articulated 20 - 28 t_Euro V,SCR,,0.06,0,5,85,0.001905962,-0.062729398,1.617996375,2.002699093,0.000415831,-7.74E-05,0.040316756,0,1,1,1 
HDVD_69,Heavy Duty Trucks_Diesel_Articulated 20 - 28 t_Euro V,SCR,,0.06,0.5,5,60,0.03826795,-0.630156537,11.05715706,2.184891424,0.006324742,-0.011449414,0.154586533,0,1,1,1 
HDVD_69,Heavy Duty Trucks_Diesel_Articulated 20 - 28 t_Euro V,SCR,,0.06,1,5,45,0.074194246,-0.842211172,9.047135263,9.661813335,0.00991798,-0.032797761,0.176403792,0,1,1,1 
HDVD_69,Heavy Duty Trucks_Diesel_Articulated 20 - 28 t_Euro V,EGR,,-0.06,0,5,85,-0.000476666,0.0484311,-0.37421653,2.343176424,0.000968441,-0.010045407,0.053484932,0,1,1,1 
HDVD_69,Heavy Duty Trucks_Diesel_Articulated 20 - 28 t_Euro V,EGR,,-0.06,0.5,5,85,-0.000505583,0.05347762,-0.425502038,2.734928599,0.001171432,-0.012700098,0.066307619,0,1,1,1 
HDVD_69,Heavy Duty Trucks_Diesel_Articulated 20 - 28 t_Euro V,EGR,,-0.06,1,5,85,-0.000452488,0.049969275,-0.391843841,2.807275076,0.001172803,-0.013123808,0.071305141,0,1,1,1 
HDVD_69,Heavy Duty Trucks_Diesel_Articulated 20 - 28 t_Euro V,EGR,,-0.04,0,5,85,-0.002237804,0.234686975,-1.417882023,2.912492475,0.003173174,-0.021294703,0.048783868,0,1,1,1 
HDVD_69,Heavy Duty Trucks_Diesel_Articulated 20 - 28 t_Euro V,EGR,,-0.04,0.5,5,85,-0.00261169,0.268892493,-1.601821268,3.223386216,0.003572773,-0.023824829,0.054294895,0,1,1,1 
HDVD_69,Heavy Duty Trucks_Diesel_Articulated 20 - 28 t_Euro V,EGR,,-0.04,1,5,85,-0.003035027,0.312469429,-1.829549022,3.941557639,0.0040514,-0.027231454,0.068453035,0,1,1,1 
HDVD_69,Heavy Duty Trucks_Diesel_Articulated 20 - 28 t_Euro V,EGR,,-0.02,0,5,85,-0.001014184,0.422708699,-1.959547187,4.43713619,0.005329592,-0.026701955,0.069536791,0,1,1,1 
HDVD_69,Heavy Duty Trucks_Diesel_Articulated 20 - 28 t_Euro V,EGR,,-0.02,0.5,5,85,-0.002124979,0.439299221,-1.945727158,3.487730418,0.004649571,-0.019830021,0.04364476,0,1,1,1 
HDVD_69,Heavy Duty Trucks_Diesel_Articulated 20 - 28 t_Euro V,EGR,,-0.02,1,5,85,-0.008959598,1.397771791,-4.124514101,-1.370928908,0.011918452,-0.006228822,-0.111710655,0,1,1,1 
HDVD_69,Heavy Duty Trucks_Diesel_Articulated 20 - 28 t_Euro V,EGR,,0,0,5,85,0.005041457,0.198002016,0.278806774,5.218926918,0.003166263,-0.007745224,0.108547088,0,1,1,1 
HDVD_69,Heavy Duty Trucks_Diesel_Articulated 20 - 28 t_Euro V,EGR,,0,0.5,5,85,0.030137568,1.743503187,-6.223427526,0.242462632,0.018695992,-0.041786188,-0.069209733,0,1,1,1 
HDVD_69,Heavy Duty Trucks_Diesel_Articulated 20 - 28 t_Euro V,EGR,,0,1,5,85,0.027434024,1.713133125,-3.173045458,5.025940908,0.015514814,-0.008806166,0.04127117,0,1,1,1 
HDVD_69,Heavy Duty Trucks_Diesel_Articulated 20 - 28 t_Euro V,EGR,,0.02,0,5,85,0.024945157,0.46738034,1.642946316,8.362683706,0.007574627,-0.006536681,0.187667293,0,1,1,1 
HDVD_69,Heavy Duty Trucks_Diesel_Articulated 20 - 28 t_Euro V,EGR,,0.02,0.5,5,85,0.049587812,0.658817395,-0.524027941,15.26399737,0.010973291,-0.038197518,0.268510598,0,1,1,1 
HDVD_69,Heavy Duty Trucks_Diesel_Articulated 20 - 28 t_Euro V,EGR,,0.02,1,5,85,-0.008010171,0.684350028,14.7422703,1.139610093,-0.001351406,0.145835547,0.139122709,0,1,1,1 
HDVD_69,Heavy Duty Trucks_Diesel_Articulated 20 - 28 t_Euro V,EGR,,0.04,0,5,85,0.047432077,0.314493784,2.765327774,19.54192813,0.008824324,-0.026399751,0.383236419,0,1,1,1 
HDVD_69,Heavy Duty Trucks_Diesel_Articulated 20 - 28 t_Euro V,EGR,,0.04,0.5,5,80,-0.015507553,1.522484429,19.08854593,-6.66905749,-0.00180218,0.227580341,1.13E-11,0,1,1,1 
HDVD_69,Heavy Duty Trucks_Diesel_Articulated 20 - 28 t_Euro V,EGR,,0.04,1,5,65,-0.002558017,0.290554262,3.535010319,1.444404026,-0.000220521,0.035724985,0.028290561,0,1,1,1 
HDVD_69,Heavy Duty Trucks_Diesel_Articulated 20 - 28 t_Euro V,EGR,,0.06,0,5,85,-0.009726235,0.904547493,11.59521504,-3.768995669,-0.001276872,0.145560204,3.62E-13,0,1,1,1 
HDVD_69,Heavy Duty Trucks_Diesel_Articulated 20 - 28 t_Euro V,EGR,,0.06,0.5,5,60,-0.002019716,0.248780965,2.92413605,1.583604482,-0.000171653,0.029656457,0.025753295,0,1,1,1 
HDVD_69,Heavy Duty Trucks_Diesel_Articulated 20 - 28 t_Euro V,EGR,,0.06,1,5,45,0.006942259,0.745713509,3.177488317,1.605735242,0.001276499,0.042968691,-1.98E-13,0,1,1,1 
HDVD_70,Heavy Duty Trucks_Diesel_Articulated 20 - 28 t_Euro VI,,,-0.06,0,5,80,1.35E-05,-0.006868426,0.448337372,2.027328191,4.47E-05,0.004365754,0.084010008,0,1,1,1 
HDVD_70,Heavy Duty Trucks_Diesel_Articulated 20 - 28 t_Euro VI,,,-0.06,0.5,5,80,-3.62E-05,0.000587862,0.166107367,2.177976909,0.000102281,0.00113069,0.078983566,0,1,1,1 
HDVD_70,Heavy Duty Trucks_Diesel_Articulated 20 - 28 t_Euro VI,,,-0.06,1,5,80,-9.75E-05,0.008469818,-0.071509766,3.34975787,0.000235442,-0.004110388,0.115590998,0,1,1,1 
HDVD_70,Heavy Duty Trucks_Diesel_Articulated 20 - 28 t_Euro VI,,,-0.04,0,5,85,-0.003623717,0.280211208,3.441139189,-0.785761859,0.002286652,0.102309446,-8.95E-14,0,1,1,1 
HDVD_70,Heavy Duty Trucks_Diesel_Articulated 20 - 28 t_Euro VI,,,-0.04,0.5,5,80,-0.002539801,0.187568669,2.232504462,-7.196865766,0.00131098,0.089112118,-0.245562584,0,1,1,1 
HDVD_70,Heavy Duty Trucks_Diesel_Articulated 20 - 28 t_Euro VI,,,-0.04,1,5,85,-0.000163914,0.031638288,-0.624597995,3.289066295,0.000682533,-0.015561353,0.089671976,0,1,1,1 
HDVD_70,Heavy Duty Trucks_Diesel_Articulated 20 - 28 t_Euro VI,,,-0.02,0,5,85,0.004259776,0.510920315,-2.962535653,1.695326232,0.013394606,-0.073129356,0.035307929,0,1,1,1 
HDVD_70,Heavy Duty Trucks_Diesel_Articulated 20 - 28 t_Euro VI,,,-0.02,0.5,5,85,2.06E-05,0.102739633,-1.387256947,4.826803369,0.002736666,-0.035504969,0.120814503,0,1,1,1 
HDVD_70,Heavy Duty Trucks_Diesel_Articulated 20 - 28 t_Euro VI,,,-0.02,1,5,85,-0.000141462,0.08438957,-1.152223409,4.220882571,0.00274486,-0.03427635,0.118332423,0,1,1,1 
HDVD_70,Heavy Duty Trucks_Diesel_Articulated 20 - 28 t_Euro VI,,,0,0,5,85,-0.001106656,0.164266166,-0.778446552,1.82171848,0.005855815,-0.033697423,0.066412191,0,1,1,1 
HDVD_70,Heavy Duty Trucks_Diesel_Articulated 20 - 28 t_Euro VI,,,0,0.5,5,85,-0.000182053,0.068722371,-0.499576452,1.928511118,0.00473496,-0.031959573,0.073719449,0,1,1,1 
HDVD_70,Heavy Duty Trucks_Diesel_Articulated 20 - 28 t_Euro VI,,,0,1,5,85,0.000285463,0.065854142,-0.470653805,2.094946921,0.007372549,-0.045536387,0.095513809,0,1,1,1 
HDVD_70,Heavy Duty Trucks_Diesel_Articulated 20 - 28 t_Euro VI,,,0.02,0,5,85,0.001064655,0.152050465,-0.483429843,4.332590486,0.016911283,-0.098803295,0.224702106,0,1,1,1 
HDVD_70,Heavy Duty Trucks_Diesel_Articulated 20 - 28 t_Euro VI,,,0.02,0.5,5,85,0.000662169,0.054079507,-0.424298423,1.826711516,0.006598439,-0.04018122,0.082038443,0,1,1,1 
HDVD_70,Heavy Duty Trucks_Diesel_Articulated 20 - 28 t_Euro VI,,,0.02,1,5,85,0.000292154,0.121654388,-1.114114738,3.393924185,0.009748912,-0.061920616,0.122307061,0,1,1,1 
HDVD_70,Heavy Duty Trucks_Diesel_Articulated 20 - 28 t_Euro VI,,,0.04,0,5,85,0.000884502,0.069973704,-0.519761787,2.67163866,0.008446193,-0.052334026,0.115608574,0,1,1,1 
HDVD_70,Heavy Duty Trucks_Diesel_Articulated 20 - 28 t_Euro VI,,,0.04,0.5,5,80,0.000753158,0.09174398,-0.901956489,2.945410977,0.007882182,-0.049321168,0.100868225,0,1,1,1 
HDVD_70,Heavy Duty Trucks_Diesel_Articulated 20 - 28 t_Euro VI,,,0.04,1,5,65,0.011642315,-0.109581609,1.552123751,-4.673596707,0.02441661,-0.108187717,0.084156481,0,1,1,1 
HDVD_70,Heavy Duty Trucks_Diesel_Articulated 20 - 28 t_Euro VI,,,0.06,0,5,85,0.001683177,0.127252646,-1.210278773,4.796662379,0.013519137,-0.083378375,0.177802436,0,1,1,1 
HDVD_70,Heavy Duty Trucks_Diesel_Articulated 20 - 28 t_Euro VI,,,0.06,0.5,5,65,0.020120091,0.057290378,-2.368001365,18.37949071,0.041893973,-0.127004093,0.361443263,0,1,1,1 
HDVD_70,Heavy Duty Trucks_Diesel_Articulated 20 - 28 t_Euro VI,,,0.06,1,5,50,0.069820032,-0.165081481,2.86599152,1.182397729,0.122066994,-0.154964639,-0.081950387,0,1,1,1 
HDVD_71,Heavy Duty Trucks_Diesel_Articulated 28 - 34 t_Conventional,,,-0.06,0,12,86,2.04E-05,-0.005499546,0.413807246,3.016403956,3.14E-05,0.002796884,0.037645495,0,1,1,1 
HDVD_71,Heavy Duty Trucks_Diesel_Articulated 28 - 34 t_Conventional,,,-0.06,0.5,12,86,-0.000275926,0.01672574,3.235628766,-1.486812051,0.001231891,0.003965034,0.21994854,0,1,1,1 
HDVD_71,Heavy Duty Trucks_Diesel_Articulated 28 - 34 t_Conventional,,,-0.06,1,12,86,-0.000226019,0.012854356,3.104730048,-0.323660735,0.001170999,0.000348983,0.278828575,0,1,1,1 
HDVD_71,Heavy Duty Trucks_Diesel_Articulated 28 - 34 t_Conventional,,,-0.04,0,12,86,6.57E-05,-0.018380277,1.462134957,6.705149514,4.30E-05,0.006257091,0.09571777,0,1,1,1 
HDVD_71,Heavy Duty Trucks_Diesel_Articulated 28 - 34 t_Conventional,,,-0.04,0.5,12,86,-0.000774754,0.041238854,4.09292677,-2.518903792,0.000534595,0.017552267,0.133353107,0,1,1,1 
HDVD_71,Heavy Duty Trucks_Diesel_Articulated 28 - 34 t_Conventional,,,-0.04,1,12,86,-0.000877552,0.042572604,4.954313682,-2.591734608,0.000604241,0.014777227,0.230574816,0,1,1,1 
HDVD_71,Heavy Duty Trucks_Diesel_Articulated 28 - 34 t_Conventional,,,-0.02,0,12,86,-0.000550307,0.119969126,5.755114226,8.59288622,0.00049065,0.030438982,0.136146128,0,1,1,1 
HDVD_71,Heavy Duty Trucks_Diesel_Articulated 28 - 34 t_Conventional,,,-0.02,0.5,12,86,2.25E-05,-0.012251972,0.969832667,-6.656669134,-3.68E-05,0.003567496,-0.018776506,0,1,1,1 
HDVD_71,Heavy Duty Trucks_Diesel_Articulated 28 - 34 t_Conventional,,,-0.02,1,12,86,3.91E-05,-0.017421938,1.293166851,-6.704821373,-3.64E-05,0.003480175,-0.003614456,0,1,1,1 
HDVD_71,Heavy Duty Trucks_Diesel_Articulated 28 - 34 t_Conventional,,,0,0,12,86,-5.17E-05,0.066882785,5.777430367,23.1395511,-6.49E-05,0.020633669,0.226883259,0,1,1,1 
HDVD_71,Heavy Duty Trucks_Diesel_Articulated 28 - 34 t_Conventional,,,0,0.5,12,86,0.00696543,0.974697193,11.66887878,6.521243485,0.001484354,0.059683384,0.189226929,0,1,1,1 
HDVD_71,Heavy Duty Trucks_Diesel_Articulated 28 - 34 t_Conventional,,,0,1,12,86,0.000723566,0.426194378,12.54110145,-11.25977876,0.000317859,0.030802954,0.222467201,0,1,1,1 
HDVD_71,Heavy Duty Trucks_Diesel_Articulated 28 - 34 t_Conventional,,,0.02,0,12,86,0.00022887,0.096759087,5.372060502,16.28091884,-4.51E-05,0.013525985,0.180004652,0,1,1,1 
HDVD_71,Heavy Duty Trucks_Diesel_Articulated 28 - 34 t_Conventional,,,0.02,0.5,12,86,-4.70E-06,0.080599323,3.578025214,6.673119328,-1.70E-05,0.005943496,0.092820911,0,1,1,1 
HDVD_71,Heavy Duty Trucks_Diesel_Articulated 28 - 34 t_Conventional,,,0.02,1,12,74,-0.000640324,0.116230387,5.032686682,6.067406528,-3.12E-05,0.005851617,0.10753948,0,1,1,1 
HDVD_71,Heavy Duty Trucks_Diesel_Articulated 28 - 34 t_Conventional,,,0.04,0,12,86,0.00016838,0.102941446,4.381745329,8.36415767,-2.35E-05,0.007783683,0.123741075,0,1,1,1 
HDVD_71,Heavy Duty Trucks_Diesel_Articulated 28 - 34 t_Conventional,,,0.04,0.5,12,65,0.015247247,1.843139948,2.715636855,-4.613720289,0.000493504,0.054981684,-0.10003246,0,1,1,1 
HDVD_71,Heavy Duty Trucks_Diesel_Articulated 28 - 34 t_Conventional,,,0.04,1,12,51,-0.004281554,0.268122893,-1.461756498,-8.721930634,-9.96E-05,0.006607955,-0.057369757,0,1,1,1 
HDVD_71,Heavy Duty Trucks_Diesel_Articulated 28 - 34 t_Conventional,,,0.06,0,12,73,0.001081554,0.150704615,1.959162123,10.91026664,3.02E-05,0.005581341,0.060177409,0,1,1,1 
HDVD_71,Heavy Duty Trucks_Diesel_Articulated 28 - 34 t_Conventional,,,0.06,0.5,12,49,0.013947957,-0.358824052,1.908138798,7.58705674,0.000318533,-0.009019702,0.066908187,0,1,1,1 
HDVD_71,Heavy Duty Trucks_Diesel_Articulated 28 - 34 t_Conventional,,,0.06,1,11,36,-0.009675786,0.363607106,0.938152639,4.378667941,-0.000155061,0.006010301,0.010813899,0,1,1,1 
HDVD_72,Heavy Duty Trucks_Diesel_Articulated 28 - 34 t_Euro I,,,-0.06,0,12,86,1.59E-05,-0.004631842,0.380539834,3.291440943,3.56E-05,0.003685716,0.044118929,0,1,1,1 
HDVD_72,Heavy Duty Trucks_Diesel_Articulated 28 - 34 t_Euro I,,,-0.06,0.5,12,86,-0.000219485,0.016189331,2.536827971,-1.666259469,0.001212941,0.006688066,0.176860828,0,1,1,1 
HDVD_72,Heavy Duty Trucks_Diesel_Articulated 28 - 34 t_Euro I,,,-0.06,1,12,86,-0.000211409,0.0152919,2.752283918,-1.246920083,0.001297818,0.005086461,0.242145153,0,1,1,1 
HDVD_72,Heavy Duty Trucks_Diesel_Articulated 28 - 34 t_Euro I,,,-0.04,0,12,86,-0.000770215,0.047907738,3.861693662,-1.278029776,0.00068689,0.030939907,0.054109746,0,1,1,1 
HDVD_72,Heavy Duty Trucks_Diesel_Articulated 28 - 34 t_Euro I,,,-0.04,0.5,12,86,-0.000900537,0.051386246,4.634701938,-2.706579061,0.000797542,0.029165015,0.157914996,0,1,1,1 
HDVD_72,Heavy Duty Trucks_Diesel_Articulated 28 - 34 t_Euro I,,,-0.04,1,12,86,-0.000619007,0.03270809,3.27604671,-1.749265767,0.000516667,0.016460884,0.160131749,0,1,1,1 
HDVD_72,Heavy Duty Trucks_Diesel_Articulated 28 - 34 t_Euro I,,,-0.02,0,12,86,-0.000287552,0.065282436,3.574920699,4.522520682,0.000380388,0.024417713,0.099523315,0,1,1,1 
HDVD_72,Heavy Duty Trucks_Diesel_Articulated 28 - 34 t_Euro I,,,-0.02,0.5,12,86,-0.000599532,0.040054487,3.261522881,5.365795143,0.000130249,0.016119807,0.155471491,0,1,1,1 
HDVD_72,Heavy Duty Trucks_Diesel_Articulated 28 - 34 t_Euro I,,,-0.02,1,12,86,6.88E-05,-0.026243027,1.87789408,-10.68548821,-7.50E-05,0.007181663,-0.018085802,0,1,1,1 
HDVD_72,Heavy Duty Trucks_Diesel_Articulated 28 - 34 t_Euro I,,,0,0,12,86,0.001679638,0.033122852,4.970557211,12.52850778,0.000278503,0.016500636,0.248383866,0,1,1,1 
HDVD_72,Heavy Duty Trucks_Diesel_Articulated 28 - 34 t_Euro I,,,0,0.5,12,86,0.012981073,1.199107741,-3.285246162,-41.59822164,0.003659158,0.047058214,-0.513763104,0,1,1,1 
HDVD_72,Heavy Duty Trucks_Diesel_Articulated 28 - 34 t_Euro I,,,0,1,12,86,0.000626502,0.36368021,10.62983682,-3.781977336,0.000398986,0.037983363,0.262779306,0,1,1,1 
HDVD_72,Heavy Duty Trucks_Diesel_Articulated 28 - 34 t_Euro I,,,0.02,0,12,86,0.000220679,0.257082614,14.12285145,38.82599099,-0.000145552,0.046967523,0.629639433,0,1,1,1 
HDVD_72,Heavy Duty Trucks_Diesel_Articulated 28 - 34 t_Euro I,,,0.02,0.5,12,86,0.00656583,0.761417061,12.1009391,25.73574851,0.000570498,0.05179509,0.364953966,0,1,1,1 
HDVD_72,Heavy Duty Trucks_Diesel_Articulated 28 - 34 t_Euro I,,,0.02,1,12,76,-0.000457718,0.072643751,3.61109004,5.21272704,-3.44E-05,0.005959999,0.107934294,0,1,1,1 
HDVD_72,Heavy Duty Trucks_Diesel_Articulated 28 - 34 t_Euro I,,,0.04,0,12,86,0.003063007,0.955908431,8.242209239,30.36318226,0.000234426,0.066444655,0.203658303,0,1,1,1 
HDVD_72,Heavy Duty Trucks_Diesel_Articulated 28 - 34 t_Euro I,,,0.04,0.5,12,67,0.00862308,1.097692819,1.826085103,-7.177820538,0.000446965,0.0484764,-0.123124877,0,1,1,1 
HDVD_72,Heavy Duty Trucks_Diesel_Articulated 28 - 34 t_Euro I,,,0.04,1,12,52,-0.003259187,0.200152449,-0.807494759,-9.152761611,-0.00011881,0.007897396,-0.067990408,0,1,1,1 
HDVD_72,Heavy Duty Trucks_Diesel_Articulated 28 - 34 t_Euro I,,,0.06,0,12,73,0.012402509,1.632171733,3.948568929,-3.019394951,0.000704616,0.083378322,-0.158779755,0,1,1,1 
HDVD_72,Heavy Duty Trucks_Diesel_Articulated 28 - 34 t_Euro I,,,0.06,0.5,12,51,0.029774866,-0.034855558,-2.971613638,-7.051124179,0.001082081,-0.006407171,-0.070620036,0,1,1,1 
HDVD_72,Heavy Duty Trucks_Diesel_Articulated 28 - 34 t_Euro I,,,0.06,1,11,37,-0.001729515,0.037092462,1.278563119,7.032783542,-3.77E-05,0.000596152,0.04108791,0,1,1,1 
HDVD_73,Heavy Duty Trucks_Diesel_Articulated 28 - 34 t_Euro II,,,-0.06,0,12,86,2.27E-05,-0.006874209,0.596904609,5.098047585,4.73E-05,0.005567153,0.063040532,0,1,1,1 
HDVD_73,Heavy Duty Trucks_Diesel_Articulated 28 - 34 t_Euro II,,,-0.06,0.5,12,86,9.35E-07,-0.000763626,2.015586693,-7.277817493,0.000710856,0.005924499,0.046169485,0,1,1,1 
HDVD_73,Heavy Duty Trucks_Diesel_Articulated 28 - 34 t_Euro II,,,-0.06,1,12,86,-0.000197093,0.016365723,2.652398086,-1.465776053,0.001131683,0.006130392,0.201773191,0,1,1,1 
HDVD_73,Heavy Duty Trucks_Diesel_Articulated 28 - 34 t_Euro II,,,-0.04,0,12,86,-0.00077642,0.049841744,3.982122138,-1.083103448,0.000646378,0.029567501,0.060177802,0,1,1,1 
HDVD_73,Heavy Duty Trucks_Diesel_Articulated 28 - 34 t_Euro II,,,-0.04,0.5,12,86,-0.000772898,0.045243478,3.965235275,-1.999546223,0.000611001,0.024223321,0.118872194,0,1,1,1 
HDVD_73,Heavy Duty Trucks_Diesel_Articulated 28 - 34 t_Euro II,,,-0.04,1,12,86,-0.000629464,0.034341666,3.398505263,-1.889295593,0.000503859,0.016124026,0.147888535,0,1,1,1 
HDVD_73,Heavy Duty Trucks_Diesel_Articulated 28 - 34 t_Euro II,,,-0.02,0,12,86,-0.000721239,0.152279904,8.61268762,12.28141846,0.000797562,0.054061392,0.239738912,0,1,1,1 
HDVD_73,Heavy Duty Trucks_Diesel_Articulated 28 - 34 t_Euro II,,,-0.02,0.5,12,86,-0.001449958,0.099172865,8.000166607,14.00830443,0.000312551,0.037349478,0.346504599,0,1,1,1 
HDVD_73,Heavy Duty Trucks_Diesel_Articulated 28 - 34 t_Euro II,,,-0.02,1,12,86,7.78E-05,-0.02882701,2.055380719,-12.65275932,-8.01E-05,0.007694056,-0.02876043,0,1,1,1 
HDVD_73,Heavy Duty Trucks_Diesel_Articulated 28 - 34 t_Euro II,,,0,0,12,86,-4.48E-05,0.043251004,4.010481985,16.73135925,-5.64E-05,0.017827719,0.191959583,0,1,1,1 
HDVD_73,Heavy Duty Trucks_Diesel_Articulated 28 - 34 t_Euro II,,,0,0.5,12,86,0.005102404,0.48332168,-1.372691504,-17.67073423,0.001404345,0.017045706,-0.197765666,0,1,1,1 
HDVD_73,Heavy Duty Trucks_Diesel_Articulated 28 - 34 t_Euro II,,,0,1,12,86,0.00082059,0.458053415,13.53161807,6.446647826,0.000484158,0.047161264,0.337729526,0,1,1,1 
HDVD_73,Heavy Duty Trucks_Diesel_Articulated 28 - 34 t_Euro II,,,0.02,0,12,86,-1.81E-05,0.122090134,6.909332426,18.51071325,-6.41E-05,0.020996006,0.283078664,0,1,1,1 
HDVD_73,Heavy Duty Trucks_Diesel_Articulated 28 - 34 t_Euro II,,,0.02,0.5,12,86,0.003094725,0.570595045,11.02683704,33.82843806,0.000288767,0.040099543,0.350393325,0,1,1,1 
HDVD_73,Heavy Duty Trucks_Diesel_Articulated 28 - 34 t_Euro II,,,0.02,1,12,80,0.001482554,0.202747147,3.482746342,6.839491756,0.000108739,0.010908868,0.083057383,0,1,1,1 
HDVD_73,Heavy Duty Trucks_Diesel_Articulated 28 - 34 t_Euro II,,,0.04,0,12,86,0.012514008,2.74242325,21.24353271,51.01210405,0.001026373,0.182172183,0.223626659,0,1,1,1 
HDVD_73,Heavy Duty Trucks_Diesel_Articulated 28 - 34 t_Euro II,,,0.04,0.5,12,71,0.007205549,0.894701316,-5.393468147,-44.96857898,0.000466766,0.035067975,-0.404113791,0,1,1,1 
HDVD_73,Heavy Duty Trucks_Diesel_Articulated 28 - 34 t_Euro II,,,0.04,1,12,54,0.006197989,-0.180512225,0.866097043,10.58726738,0.000233421,-0.008027949,0.0749752,0,1,1,1 
HDVD_73,Heavy Duty Trucks_Diesel_Articulated 28 - 34 t_Euro II,,,0.06,0,12,79,0.006453624,0.925806846,2.391372025,-6.851253223,0.000393965,0.046298978,-0.123054465,0,1,1,1 
HDVD_73,Heavy Duty Trucks_Diesel_Articulated 28 - 34 t_Euro II,,,0.06,0.5,12,52,0.00142865,-0.065397785,0.578752801,5.170767913,5.29E-05,-0.002700928,0.035833532,0,1,1,1 
HDVD_73,Heavy Duty Trucks_Diesel_Articulated 28 - 34 t_Euro II,,,0.06,1,12,41,-0.012264281,0.491134925,2.363520142,1.967719946,-0.000336765,0.014917933,0.00511044,0,1,1,1 
HDVD_74,Heavy Duty Trucks_Diesel_Articulated 28 - 34 t_Euro III,,,-0.06,0,12,86,0.000101616,-0.014340118,1.221775307,4.086969097,0.00019087,0.009908302,0.06608556,0,1,1,1 
HDVD_74,Heavy Duty Trucks_Diesel_Articulated 28 - 34 t_Euro III,,,-0.06,0.5,12,86,-4.28E-06,0.001422214,1.382637663,-4.465899355,0.000566845,0.005396768,0.021214248,0,1,1,1 
HDVD_74,Heavy Duty Trucks_Diesel_Articulated 28 - 34 t_Euro III,,,-0.06,1,12,86,-3.44E-06,0.000996364,1.573289564,-5.375914223,0.000624837,0.005900995,0.031092067,0,1,1,1 
HDVD_74,Heavy Duty Trucks_Diesel_Articulated 28 - 34 t_Euro III,,,-0.04,0,12,86,2.66E-05,-0.015132978,1.772295016,3.227818733,5.00E-05,0.014284043,0.050329108,0,1,1,1 
HDVD_74,Heavy Duty Trucks_Diesel_Articulated 28 - 34 t_Euro III,,,-0.04,0.5,12,86,3.28E-05,-0.009715959,0.832251998,4.291429322,2.67E-05,0.005149801,0.069910278,0,1,1,1 
HDVD_74,Heavy Duty Trucks_Diesel_Articulated 28 - 34 t_Euro III,,,-0.04,1,12,86,5.91E-05,-0.016439116,1.301844501,5.083608412,4.01E-05,0.0063911,0.109048722,0,1,1,1 
HDVD_74,Heavy Duty Trucks_Diesel_Articulated 28 - 34 t_Euro III,,,-0.02,0,12,86,5.06E-05,-0.008345088,1.811783208,6.853506559,1.00E-05,0.011083989,0.08761276,0,1,1,1 
HDVD_74,Heavy Duty Trucks_Diesel_Articulated 28 - 34 t_Euro III,,,-0.02,0.5,12,86,-0.000740319,0.065409945,4.768406873,8.723470219,0.00030283,0.027834615,0.19643892,0,1,1,1 
HDVD_74,Heavy Duty Trucks_Diesel_Articulated 28 - 34 t_Euro III,,,-0.02,1,12,86,-0.000692819,0.048915569,3.885108335,6.10212378,0.00017079,0.019056423,0.169093745,0,1,1,1 
HDVD_74,Heavy Duty Trucks_Diesel_Articulated 28 - 34 t_Euro III,,,0,0,12,86,0.003140564,0.3113075,7.293902523,4.316042711,0.001111704,0.055203444,0.090148297,0,1,1,1 
HDVD_74,Heavy Duty Trucks_Diesel_Articulated 28 - 34 t_Euro III,,,0,0.5,12,86,0.008356476,0.847384357,3.626248799,-16.29771563,0.003001347,0.050286495,-0.127401937,0,1,1,1 
HDVD_74,Heavy Duty Trucks_Diesel_Articulated 28 - 34 t_Euro III,,,0,1,12,86,0.000147779,0.199797551,7.168211787,15.04106691,0.000231091,0.028210288,0.26332725,0,1,1,1 
HDVD_74,Heavy Duty Trucks_Diesel_Articulated 28 - 34 t_Euro III,,,0.02,0,12,86,0.003774906,0.877837122,12.53630211,18.65628408,0.000644484,0.113760374,0.117025502,0,1,1,1 
HDVD_74,Heavy Duty Trucks_Diesel_Articulated 28 - 34 t_Euro III,,,0.02,0.5,12,86,0.00550399,1.10925579,-0.100926914,-34.7474794,0.001008846,0.072981664,-0.463331616,0,1,1,1 
HDVD_74,Heavy Duty Trucks_Diesel_Articulated 28 - 34 t_Euro III,,,0.02,1,12,81,-0.000256743,-0.014396464,3.558998423,23.12909022,-3.08E-05,0.000729022,0.218027481,0,1,1,1 
HDVD_74,Heavy Duty Trucks_Diesel_Articulated 28 - 34 t_Euro III,,,0.04,0,12,86,0.027325088,4.54618433,-6.198487003,-22.62905429,0.004231794,0.293212552,-1.530816512,0,1,1,1 
HDVD_74,Heavy Duty Trucks_Diesel_Articulated 28 - 34 t_Euro III,,,0.04,0.5,12,71,0.2462735,3.565048404,12.13258579,-59.08491955,0.016233231,0.120616121,-0.43335286,0,1,1,1 
HDVD_74,Heavy Duty Trucks_Diesel_Articulated 28 - 34 t_Euro III,,,0.04,1,12,56,0.00644035,-0.147410406,0.229904316,9.732277836,0.000320466,-0.009456638,0.073714261,0,1,1,1 
HDVD_74,Heavy Duty Trucks_Diesel_Articulated 28 - 34 t_Euro III,,,0.06,0,12,81,0.037532713,5.459064374,23.0273378,4.153332819,0.003018229,0.370094414,-0.81241738,0,1,1,1 
HDVD_74,Heavy Duty Trucks_Diesel_Articulated 28 - 34 t_Euro III,,,0.06,0.5,12,54,0.011145965,1.294122629,4.256943558,7.928934309,0.000513381,0.059177418,-0.079731808,0,1,1,1 
HDVD_74,Heavy Duty Trucks_Diesel_Articulated 28 - 34 t_Euro III,,,0.06,1,12,41,-0.010177144,0.375504937,2.896182936,0.308201559,-0.000385608,0.01669997,0.004266395,0,1,1,1 
HDVD_75,Heavy Duty Trucks_Diesel_Articulated 28 - 34 t_Euro IV,,,-0.06,0,12,85,-0.000710626,0.013882486,4.029271062,-1.117650037,0.004376331,-0.002326857,0.701778151,0,1,1,1 
HDVD_75,Heavy Duty Trucks_Diesel_Articulated 28 - 34 t_Euro IV,,,-0.06,0.5,12,86,-0.000625369,0.009048023,4.009405697,0.701697812,0.00468279,-0.01809581,0.955689801,0,1,1,1 
HDVD_75,Heavy Duty Trucks_Diesel_Articulated 28 - 34 t_Euro IV,,,-0.06,1,12,86,-0.000341224,0.003053461,2.430957147,1.610357744,0.002853475,-0.020944041,0.751830637,0,1,1,1 
HDVD_75,Heavy Duty Trucks_Diesel_Articulated 28 - 34 t_Euro IV,,,-0.04,0,12,86,-0.000479593,0.022018102,2.191152737,-2.037302,0.000892136,0.025360363,0.111438182,0,1,1,1 
HDVD_75,Heavy Duty Trucks_Diesel_Articulated 28 - 34 t_Euro IV,,,-0.04,0.5,12,86,-0.000547726,0.02179914,2.429996993,-1.563130603,0.000819245,0.023466971,0.205659753,0,1,1,1 
HDVD_75,Heavy Duty Trucks_Diesel_Articulated 28 - 34 t_Euro IV,,,-0.04,1,12,86,-0.000612688,0.021707886,3.005084888,-1.561849477,0.000990457,0.017681942,0.362256797,0,1,1,1 
HDVD_75,Heavy Duty Trucks_Diesel_Articulated 28 - 34 t_Euro IV,,,-0.02,0,12,86,-5.24E-05,0.066748557,4.25204651,-2.768004974,0.001153366,0.040451812,0.210060711,0,1,1,1 
HDVD_75,Heavy Duty Trucks_Diesel_Articulated 28 - 34 t_Euro IV,,,-0.02,0.5,12,86,2.13E-05,-0.008615802,0.637396184,-4.429399092,-5.77E-05,0.005570242,-0.030639351,0,1,1,1 
HDVD_75,Heavy Duty Trucks_Diesel_Articulated 28 - 34 t_Euro IV,,,-0.02,1,12,86,2.42E-05,-0.007965867,0.542290598,-2.989351714,-3.74E-05,0.003547772,-0.007126594,0,1,1,1 
HDVD_75,Heavy Duty Trucks_Diesel_Articulated 28 - 34 t_Euro IV,,,0,0,12,86,0.000265301,0.144623077,4.621304745,1.163399661,9.06E-05,0.061220934,0.088595517,0,1,1,1 
HDVD_75,Heavy Duty Trucks_Diesel_Articulated 28 - 34 t_Euro IV,,,0,0.5,12,86,0.002072892,0.380794114,9.805597743,7.762684158,0.001098064,0.080312149,0.525675868,0,1,1,1 
HDVD_75,Heavy Duty Trucks_Diesel_Articulated 28 - 34 t_Euro IV,,,0,1,12,86,0.00035015,0.202648955,5.910835028,-2.475763142,0.000386166,0.03688655,0.256729654,0,1,1,1 
HDVD_75,Heavy Duty Trucks_Diesel_Articulated 28 - 34 t_Euro IV,,,0.02,0,12,86,0.002833038,-0.097932304,0.38483182,14.61984852,0.000527446,-0.023029603,0.284440144,0,1,1,1 
HDVD_75,Heavy Duty Trucks_Diesel_Articulated 28 - 34 t_Euro IV,,,0.02,0.5,12,86,0.000748669,0.254694724,6.786069403,12.32900575,0.000195106,0.031524943,0.444034449,0,1,1,1 
HDVD_75,Heavy Duty Trucks_Diesel_Articulated 28 - 34 t_Euro IV,,,0.02,1,12,82,0.00051004,0.517407779,13.5966861,12.66163314,0.000250256,0.051766424,0.687317624,0,1,1,1 
HDVD_75,Heavy Duty Trucks_Diesel_Articulated 28 - 34 t_Euro IV,,,0.04,0,12,86,0.000405412,0.142145431,4.35638595,9.843072866,8.32E-05,0.017454384,0.339730561,0,1,1,1 
HDVD_75,Heavy Duty Trucks_Diesel_Articulated 28 - 34 t_Euro IV,,,0.04,0.5,12,73,0.001299908,0.399632473,10.77072881,21.35589937,0.000189825,0.034984884,0.599861996,0,1,1,1 
HDVD_75,Heavy Duty Trucks_Diesel_Articulated 28 - 34 t_Euro IV,,,0.04,1,12,57,-0.005522057,0.313150555,1.788371705,-22.08575649,-0.000418809,0.027780857,-0.134473745,0,1,1,1 
HDVD_75,Heavy Duty Trucks_Diesel_Articulated 28 - 34 t_Euro IV,,,0.06,0,12,82,0.002407037,0.707871994,16.60748053,22.89008798,0.000397029,0.066706881,0.957465653,0,1,1,1 
HDVD_75,Heavy Duty Trucks_Diesel_Articulated 28 - 34 t_Euro IV,,,0.06,0.5,12,56,0.01066706,1.15697185,-6.258673108,-43.97515136,0.000932815,0.065706921,-0.66150439,0,1,1,1 
HDVD_75,Heavy Duty Trucks_Diesel_Articulated 28 - 34 t_Euro IV,,,0.06,1,12,41,0.001607678,-0.123927232,2.198296477,15.28666365,8.95E-05,-0.007266269,0.156763271,0,1,1,1 
HDVD_75,Heavy Duty Trucks_Diesel_Articulated 28 - 34 t_Euro IV,,,-0.06,0,12,85,-0.000710626,0.013882486,4.029271062,-1.117650037,0.004376331,-0.002326857,0.701778151,0,1,1,1 
HDVD_75,Heavy Duty Trucks_Diesel_Articulated 28 - 34 t_Euro IV,,,-0.06,0.5,12,86,-0.000625369,0.009048023,4.009405697,0.701697812,0.00468279,-0.01809581,0.955689801,0,1,1,1 
HDVD_75,Heavy Duty Trucks_Diesel_Articulated 28 - 34 t_Euro IV,,,-0.06,1,12,86,-0.000341224,0.003053461,2.430957147,1.610357744,0.002853475,-0.020944041,0.751830637,0,1,1,1 
HDVD_75,Heavy Duty Trucks_Diesel_Articulated 28 - 34 t_Euro IV,,,-0.04,0,12,86,-0.000479593,0.022018102,2.191152737,-2.037302,0.000892136,0.025360363,0.111438182,0,1,1,1 
HDVD_75,Heavy Duty Trucks_Diesel_Articulated 28 - 34 t_Euro IV,,,-0.04,1,12,86,-0.000612688,0.021707886,3.005084888,-1.561849477,0.000990457,0.017681942,0.362256797,0,1,1,1 
HDVD_75,Heavy Duty Trucks_Diesel_Articulated 28 - 34 t_Euro IV,,,-0.02,0,12,86,-5.24E-05,0.066748557,4.25204651,-2.768004974,0.001153366,0.040451812,0.210060711,0,1,1,1 
HDVD_75,Heavy Duty Trucks_Diesel_Articulated 28 - 34 t_Euro IV,,,-0.02,1,12,86,2.42E-05,-0.007965867,0.542290598,-2.989351714,-3.74E-05,0.003547772,-0.007126594,0,1,1,1 
HDVD_75,Heavy Duty Trucks_Diesel_Articulated 28 - 34 t_Euro IV,,,0,0,12,86,0.000265301,0.144623077,4.621304745,1.163399661,9.06E-05,0.061220934,0.088595517,0,1,1,1 
HDVD_75,Heavy Duty Trucks_Diesel_Articulated 28 - 34 t_Euro IV,,,0,1,12,86,0.00035015,0.202648955,5.910835028,-2.475763142,0.000386166,0.03688655,0.256729654,0,1,1,1 
HDVD_75,Heavy Duty Trucks_Diesel_Articulated 28 - 34 t_Euro IV,,,0.02,0,12,86,0.002833038,-0.097932304,0.38483182,14.61984852,0.000527446,-0.023029603,0.284440144,0,1,1,1 
HDVD_75,Heavy Duty Trucks_Diesel_Articulated 28 - 34 t_Euro IV,,,0.02,1,12,82,0.00051004,0.517407779,13.5966861,12.66163314,0.000250256,0.051766424,0.687317624,0,1,1,1 
HDVD_75,Heavy Duty Trucks_Diesel_Articulated 28 - 34 t_Euro IV,,,0.04,0,12,86,0.000405412,0.142145431,4.35638595,9.843072866,8.32E-05,0.017454384,0.339730561,0,1,1,1 
HDVD_75,Heavy Duty Trucks_Diesel_Articulated 28 - 34 t_Euro IV,,,0.04,1,12,57,-0.005522057,0.313150555,1.788371705,-22.08575649,-0.000418809,0.027780857,-0.134473745,0,1,1,1 
HDVD_75,Heavy Duty Trucks_Diesel_Articulated 28 - 34 t_Euro IV,,,0.06,0,12,82,0.002407037,0.707871994,16.60748053,22.89008798,0.000397029,0.066706881,0.957465653,0,1,1,1 
HDVD_75,Heavy Duty Trucks_Diesel_Articulated 28 - 34 t_Euro IV,,,0.06,0.5,12,56,0.01066706,1.15697185,-6.258673108,-43.97515136,0.000932815,0.065706921,-0.66150439,0,1,1,1 
HDVD_75,Heavy Duty Trucks_Diesel_Articulated 28 - 34 t_Euro IV,,,0.06,1,12,41,0.001607678,-0.123927232,2.198296477,15.28666365,8.95E-05,-0.007266269,0.156763271,0,1,1,1 
HDVD_76,Heavy Duty Trucks_Diesel_Articulated 28 - 34 t_Euro V,SCR,,-0.06,0,5,75,-0.000948227,0.087641514,-1.071936062,6.000945021,0.001173044,-0.017092917,0.089520636,0,1,1,1 
HDVD_76,Heavy Duty Trucks_Diesel_Articulated 28 - 34 t_Euro V,SCR,,-0.06,0.5,5,80,-0.000462429,0.044067263,-0.53958345,2.952834208,0.000634785,-0.009288072,0.046402518,0,1,1,1 
HDVD_76,Heavy Duty Trucks_Diesel_Articulated 28 - 34 t_Euro V,SCR,,-0.06,1,5,80,-0.000493308,0.04798039,-0.552618111,3.025352979,0.000717628,-0.01013757,0.049396952,0,1,1,1 
HDVD_76,Heavy Duty Trucks_Diesel_Articulated 28 - 34 t_Euro V,SCR,,-0.04,0,5,85,-0.003741638,0.3646336,-2.174916419,4.71525523,0.003177915,-0.02110775,0.052733465,0,1,1,1 
HDVD_76,Heavy Duty Trucks_Diesel_Articulated 28 - 34 t_Euro V,SCR,,-0.04,0.5,5,85,-0.004858685,0.475922486,-2.764770334,5.797747173,0.003890688,-0.025540748,0.064297083,0,1,1,1 
HDVD_76,Heavy Duty Trucks_Diesel_Articulated 28 - 34 t_Euro V,SCR,,-0.04,1,5,85,-0.005723576,0.573397651,-3.258712494,6.6013308,0.004367132,-0.028212495,0.070779774,0,1,1,1 
HDVD_76,Heavy Duty Trucks_Diesel_Articulated 28 - 34 t_Euro V,SCR,,-0.02,0,5,85,-0.001961586,0.801225227,-2.78199923,5.802671571,0.005598552,-0.016317924,0.048192499,0,1,1,1 
HDVD_76,Heavy Duty Trucks_Diesel_Articulated 28 - 34 t_Euro V,SCR,,-0.02,0.5,5,85,-0.005500136,1.077235307,-3.433406176,5.323687045,0.005678248,-0.008198941,0.025665194,0,1,1,1 
HDVD_76,Heavy Duty Trucks_Diesel_Articulated 28 - 34 t_Euro V,SCR,,-0.02,1,5,85,-0.007456769,1.304410837,-4.098996525,5.600770839,0.005968477,-0.005717445,0.018903725,0,1,1,1 
HDVD_76,Heavy Duty Trucks_Diesel_Articulated 28 - 34 t_Euro V,SCR,,0,0,5,85,-0.000562826,0.015142806,4.578000636,9.261667642,-7.75E-05,0.020556673,0.154482809,0,1,1,1 
HDVD_76,Heavy Duty Trucks_Diesel_Articulated 28 - 34 t_Euro V,SCR,,0,0.5,5,85,-0.010557347,1.297473556,-0.964655619,2.852767703,0.004392615,0.01787759,0.008130388,0,1,1,1 
HDVD_76,Heavy Duty Trucks_Diesel_Articulated 28 - 34 t_Euro V,SCR,,0,1,5,85,0.000189706,-0.005677022,1.849055454,2.549925198,0.000252862,0.002911843,0.056360692,0,1,1,1 
HDVD_76,Heavy Duty Trucks_Diesel_Articulated 28 - 34 t_Euro V,SCR,,0.02,0,5,85,0.000300379,-0.028464455,0.935632829,3.97812894,5.09E-05,-0.000321294,0.055311733,0,1,1,1 
HDVD_76,Heavy Duty Trucks_Diesel_Articulated 28 - 34 t_Euro V,SCR,,0.02,0.5,5,85,0.000894707,-0.03865743,1.403875414,1.73068065,0.000247273,0.001019843,0.036344293,0,1,1,1 
HDVD_76,Heavy Duty Trucks_Diesel_Articulated 28 - 34 t_Euro V,SCR,,0.02,1,5,80,0.005747134,-0.029617516,2.426632699,3.707826621,0.002090201,-0.00860523,0.079981503,0,1,1,1 
HDVD_76,Heavy Duty Trucks_Diesel_Articulated 28 - 34 t_Euro V,SCR,,0.04,0,5,85,0.00077161,-0.038376339,1.002189665,3.169616832,0.000179319,-0.00101918,0.045547324,0,1,1,1 
HDVD_76,Heavy Duty Trucks_Diesel_Articulated 28 - 34 t_Euro V,SCR,,0.04,0.5,5,75,0.026518836,-0.504914263,12.35529114,4.938390213,0.005631702,-0.006492025,0.209562825,0,1,1,1 
HDVD_76,Heavy Duty Trucks_Diesel_Articulated 28 - 34 t_Euro V,SCR,,0.04,1,5,55,0.040236361,-0.413973741,6.299450231,7.06618424,0.007212525,-0.029831887,0.155839534,0,1,1,1 
HDVD_76,Heavy Duty Trucks_Diesel_Articulated 28 - 34 t_Euro V,SCR,,0.06,0,5,80,0.002553661,-0.074688946,1.912159273,1.756637182,0.000548205,2.24E-05,0.041523329,0,1,1,1 
HDVD_76,Heavy Duty Trucks_Diesel_Articulated 28 - 34 t_Euro V,SCR,,0.06,0.5,5,55,0.047143243,-0.625188128,9.242184317,5.112494367,0.007579626,-0.024437314,0.163829349,0,1,1,1 
HDVD_76,Heavy Duty Trucks_Diesel_Articulated 28 - 34 t_Euro V,SCR,,0.06,1,5,40,0.036597946,-0.343968564,3.076549448,6.506167619,0.004512236,-0.01409713,0.075377034,0,1,1,1 
HDVD_76,Heavy Duty Trucks_Diesel_Articulated 28 - 34 t_Euro V,EGR,,-0.06,0,5,85,-0.000481138,0.049295127,-0.384468871,2.468805287,0.001003762,-0.01054902,0.056803221,0,1,1,1 
HDVD_76,Heavy Duty Trucks_Diesel_Articulated 28 - 34 t_Euro V,EGR,,-0.06,0.5,5,85,-0.000520476,0.055659262,-0.441416822,2.87184931,0.001243111,-0.013567887,0.070760836,0,1,1,1 
HDVD_76,Heavy Duty Trucks_Diesel_Articulated 28 - 34 t_Euro V,EGR,,-0.06,1,5,85,-0.00046253,0.05134694,-0.390932454,2.758773525,0.001216812,-0.013441303,0.071422029,0,1,1,1 
HDVD_76,Heavy Duty Trucks_Diesel_Articulated 28 - 34 t_Euro V,EGR,,-0.04,0,5,85,-0.002285642,0.238952479,-1.467454134,2.956763275,0.003228086,-0.02195796,0.049128565,0,1,1,1 
HDVD_76,Heavy Duty Trucks_Diesel_Articulated 28 - 34 t_Euro V,EGR,,-0.04,0.5,5,85,-0.002755943,0.281798189,-1.659766164,3.431419093,0.003702603,-0.024577619,0.0582939,0,1,1,1 
HDVD_76,Heavy Duty Trucks_Diesel_Articulated 28 - 34 t_Euro V,EGR,,-0.04,1,5,85,-0.003140362,0.32518169,-1.874165138,4.03854453,0.004168351,-0.027741229,0.070470731,0,1,1,1 
HDVD_76,Heavy Duty Trucks_Diesel_Articulated 28 - 34 t_Euro V,EGR,,-0.02,0,5,85,-0.003779651,0.895358108,-3.185997798,0.314856227,0.009974148,-0.026777923,-0.029973547,0,1,1,1 
HDVD_76,Heavy Duty Trucks_Diesel_Articulated 28 - 34 t_Euro V,EGR,,-0.02,0.5,5,85,-0.002412006,0.472163917,-1.87156869,3.484260675,0.004818065,-0.017853452,0.044830571,0,1,1,1 
HDVD_76,Heavy Duty Trucks_Diesel_Articulated 28 - 34 t_Euro V,EGR,,-0.02,1,5,85,-0.002957154,0.51007132,-1.718880645,2.803101785,0.004543616,-0.011481657,0.029743088,0,1,1,1 
HDVD_76,Heavy Duty Trucks_Diesel_Articulated 28 - 34 t_Euro V,EGR,,0,0,5,85,0.007138262,0.295871318,-0.160206939,6.458904422,0.004521501,-0.014381855,0.128123474,0,1,1,1 
HDVD_76,Heavy Duty Trucks_Diesel_Articulated 28 - 34 t_Euro V,EGR,,0,0.5,5,85,0.023739212,1.344920757,-2.582457476,6.176448689,0.013962689,-0.018659717,0.082194823,0,1,1,1 
HDVD_76,Heavy Duty Trucks_Diesel_Articulated 28 - 34 t_Euro V,EGR,,0,1,5,85,-0.001087453,0.01580072,7.096963548,5.525186742,-0.000603282,0.051605181,0.195732544,0,1,1,1 
HDVD_76,Heavy Duty Trucks_Diesel_Articulated 28 - 34 t_Euro V,EGR,,0.02,0,5,85,0.025700559,0.473494712,1.57446974,8.129834638,0.007517069,-0.006348972,0.180763969,0,1,1,1 
HDVD_76,Heavy Duty Trucks_Diesel_Articulated 28 - 34 t_Euro V,EGR,,0.02,0.5,5,85,0.15166554,2.568118936,-11.19837203,3.989307866,0.032908758,-0.099035407,-0.026764348,0,1,1,1 
HDVD_76,Heavy Duty Trucks_Diesel_Articulated 28 - 34 t_Euro V,EGR,,0.02,1,5,80,-0.008098777,0.8010586,14.25391856,-1.183302558,-0.001097388,0.143353715,0.091983799,0,1,1,1 
HDVD_76,Heavy Duty Trucks_Diesel_Articulated 28 - 34 t_Euro V,EGR,,0.04,0,5,85,0.032784531,0.184763762,-0.703757782,10.40254663,0.006025162,-0.035740426,0.181398805,0,1,1,1 
HDVD_76,Heavy Duty Trucks_Diesel_Articulated 28 - 34 t_Euro V,EGR,,0.04,0.5,5,75,-0.010936614,1.219267969,14.43460776,-4.587379507,-0.001113281,0.16788453,6.12E-12,0,1,1,1 
HDVD_76,Heavy Duty Trucks_Diesel_Articulated 28 - 34 t_Euro V,EGR,,0.04,1,5,55,-0.000478963,0.180540669,0.969402628,-4.210324825,3.99E-05,0.017002272,-0.048893686,0,1,1,1 
HDVD_76,Heavy Duty Trucks_Diesel_Articulated 28 - 34 t_Euro V,EGR,,0.06,0,5,85,-0.010654631,0.993507378,12.05403685,-3.706268652,-0.001299636,0.150705265,8.10E-13,0,1,1,1 
HDVD_76,Heavy Duty Trucks_Diesel_Articulated 28 - 34 t_Euro V,EGR,,0.06,0.5,5,55,-0.001429139,0.173552605,1.078202265,-4.502391713,-9.41E-05,0.018145412,-0.051598601,0,1,1,1 
HDVD_76,Heavy Duty Trucks_Diesel_Articulated 28 - 34 t_Euro V,EGR,,0.06,1,5,40,0.149398893,1.051126327,-3.787815524,-0.544087089,0.013908115,-0.038138244,2.00E-12,0,1,1,1 
HDVD_77,Heavy Duty Trucks_Diesel_Articulated 28 - 34 t_Euro VI,,,-0.06,0,5,75,-0.00089373,0.028394351,3.017805593,-0.115264135,0.000763865,0.056391327,0.109203677,0,1,1,1 
HDVD_77,Heavy Duty Trucks_Diesel_Articulated 28 - 34 t_Euro VI,,,-0.06,0.5,5,80,-4.00E-05,0.001577696,0.111639235,2.150860887,0.000107672,0.000328283,0.077026083,0,1,1,1 
HDVD_77,Heavy Duty Trucks_Diesel_Articulated 28 - 34 t_Euro VI,,,-0.06,1,5,80,-8.48E-05,0.008270702,-0.132488149,3.058584252,0.000213918,-0.005081959,0.104985142,0,1,1,1 
HDVD_77,Heavy Duty Trucks_Diesel_Articulated 28 - 34 t_Euro VI,,,-0.04,0,5,85,-4.11E-05,0.001788268,0.177632073,2.050287302,6.07E-05,0.00122334,0.06780118,0,1,1,1 
HDVD_77,Heavy Duty Trucks_Diesel_Articulated 28 - 34 t_Euro VI,,,-0.04,0.5,5,85,-0.000126999,0.018105675,-0.36213256,3.189280184,0.000339048,-0.009063676,0.0901827,0,1,1,1 
HDVD_77,Heavy Duty Trucks_Diesel_Articulated 28 - 34 t_Euro VI,,,-0.04,1,5,85,-0.000249171,0.042107833,-0.800661109,4.072067744,0.00089771,-0.019956047,0.112040217,0,1,1,1 
HDVD_77,Heavy Duty Trucks_Diesel_Articulated 28 - 34 t_Euro VI,,,-0.02,0,5,85,0.003339064,0.467748054,-3.222089171,3.884599864,0.012354398,-0.080678802,0.091696338,0,1,1,1 
HDVD_77,Heavy Duty Trucks_Diesel_Articulated 28 - 34 t_Euro VI,,,-0.02,0.5,5,85,-9.12E-05,0.102103338,-1.385607512,4.936664969,0.002817636,-0.036477317,0.126393435,0,1,1,1 
HDVD_77,Heavy Duty Trucks_Diesel_Articulated 28 - 34 t_Euro VI,,,-0.02,1,5,85,-0.000102648,0.089735949,-1.230248159,4.719301546,0.003443751,-0.039820802,0.137301119,0,1,1,1 
HDVD_77,Heavy Duty Trucks_Diesel_Articulated 28 - 34 t_Euro VI,,,0,0,5,85,-0.000844891,0.140891256,-0.691641149,1.818727203,0.005649025,-0.033483369,0.068709094,0,1,1,1 
HDVD_77,Heavy Duty Trucks_Diesel_Articulated 28 - 34 t_Euro VI,,,0,0.5,5,85,-9.32E-06,0.064735717,-0.456670582,1.932392405,0.005509609,-0.035717431,0.08002441,0,1,1,1 
HDVD_77,Heavy Duty Trucks_Diesel_Articulated 28 - 34 t_Euro VI,,,0,1,5,85,0.000341642,0.054412244,-0.410819548,1.745604557,0.006648523,-0.040376407,0.081399524,0,1,1,1 
HDVD_77,Heavy Duty Trucks_Diesel_Articulated 28 - 34 t_Euro VI,,,0.02,0,5,85,0.001311263,0.112057727,-0.314722969,3.560420913,0.01488071,-0.086215382,0.193633981,0,1,1,1 
HDVD_77,Heavy Duty Trucks_Diesel_Articulated 28 - 34 t_Euro VI,,,0.02,0.5,5,85,0.001152312,0.120652825,-1.049330241,3.934656834,0.013210762,-0.081526595,0.163988242,0,1,1,1 
HDVD_77,Heavy Duty Trucks_Diesel_Articulated 28 - 34 t_Euro VI,,,0.02,1,5,80,3.18E-07,0.157562612,-1.503881891,4.340223438,0.010836387,-0.070980339,0.142702765,0,1,1,1 
HDVD_77,Heavy Duty Trucks_Diesel_Articulated 28 - 34 t_Euro VI,,,0.04,0,5,85,0.000413281,0.053598694,-0.453517925,1.894664062,0.00528998,-0.033858125,0.074215597,0,1,1,1 
HDVD_77,Heavy Duty Trucks_Diesel_Articulated 28 - 34 t_Euro VI,,,0.04,0.5,5,75,0.001561775,0.104796466,-1.172946212,4.086249474,0.009906105,-0.060658666,0.129083738,0,1,1,1 
HDVD_77,Heavy Duty Trucks_Diesel_Articulated 28 - 34 t_Euro VI,,,0.04,1,5,55,0.016255364,-0.141073858,0.284196651,6.78626171,0.023344161,-0.003988259,0.0409466,0,1,1,1 
HDVD_77,Heavy Duty Trucks_Diesel_Articulated 28 - 34 t_Euro VI,,,0.06,0,5,85,0.001411822,0.103611463,-0.980801476,3.658732131,0.010763056,-0.065246534,0.134963458,0,1,1,1 
HDVD_77,Heavy Duty Trucks_Diesel_Articulated 28 - 34 t_Euro VI,,,0.06,0.5,5,55,0.007172522,0.066875941,-1.24667695,9.048514954,0.015908083,-0.002073059,0.067518119,0,1,1,1 
HDVD_77,Heavy Duty Trucks_Diesel_Articulated 28 - 34 t_Euro VI,,,0.06,1,5,40,0.027970075,-0.416515819,2.660238771,-4.747592099,0.022998236,-0.093434677,0.080345842,0,1,1,1 
HDVD_78,Heavy Duty Trucks_Diesel_Articulated 34 - 40 t_Conventional,,,-0.06,0,12,86,2.75E-05,-0.007299833,0.536048002,3.999233199,3.70E-05,0.003044039,0.042286563,0,1,1,1 
HDVD_78,Heavy Duty Trucks_Diesel_Articulated 34 - 40 t_Conventional,,,-0.06,0.5,12,86,-0.000262164,0.014860245,3.298376465,-0.969220722,0.001102236,0.00155383,0.209514185,0,1,1,1 
HDVD_78,Heavy Duty Trucks_Diesel_Articulated 34 - 40 t_Conventional,,,-0.06,1,12,86,-0.000246463,0.011986105,3.751851086,-0.044696631,0.001215166,-0.001779712,0.30527189,0,1,1,1 
HDVD_78,Heavy Duty Trucks_Diesel_Articulated 34 - 40 t_Conventional,,,-0.04,0,12,86,8.13E-05,-0.022425204,1.75201814,8.171174427,4.95E-05,0.006491389,0.099578914,0,1,1,1 
HDVD_78,Heavy Duty Trucks_Diesel_Articulated 34 - 40 t_Conventional,,,-0.04,0.5,12,86,0.000110028,-0.028463668,2.054896151,5.907999788,5.35E-05,0.00532156,0.115694497,0,1,1,1 
HDVD_78,Heavy Duty Trucks_Diesel_Articulated 34 - 40 t_Conventional,,,-0.04,1,12,86,-0.001110829,0.052755422,6.387529435,-3.226824887,0.000689541,0.01460363,0.263794156,0,1,1,1 
HDVD_78,Heavy Duty Trucks_Diesel_Articulated 34 - 40 t_Conventional,,,-0.02,0,12,86,-0.000629003,0.109931609,6.625590332,10.91698391,0.00042683,0.030068586,0.14192449,0,1,1,1 
HDVD_78,Heavy Duty Trucks_Diesel_Articulated 34 - 40 t_Conventional,,,-0.02,0.5,12,86,4.87E-05,-0.022536577,1.719828805,-11.70693956,-5.53E-05,0.005365944,-0.027804974,0,1,1,1 
HDVD_78,Heavy Duty Trucks_Diesel_Articulated 34 - 40 t_Conventional,,,-0.02,1,12,86,5.65E-05,-0.022526245,1.617921543,-7.996889701,-3.71E-05,0.00352994,-0.000886931,0,1,1,1 
HDVD_78,Heavy Duty Trucks_Diesel_Articulated 34 - 40 t_Conventional,,,0,0,12,86,-4.69E-05,0.062436705,5.746122676,24.24367669,-5.83E-05,0.018642014,0.198873368,0,1,1,1 
HDVD_78,Heavy Duty Trucks_Diesel_Articulated 34 - 40 t_Conventional,,,0,0.5,12,86,0.001031637,0.348830108,9.748946308,17.5407579,0.000289071,0.027338695,0.231659613,0,1,1,1 
HDVD_78,Heavy Duty Trucks_Diesel_Articulated 34 - 40 t_Conventional,,,0,1,12,86,0.000127928,0.090445333,2.946543222,-4.504760582,5.96E-05,0.005642228,0.040853532,0,1,1,1 
HDVD_78,Heavy Duty Trucks_Diesel_Articulated 34 - 40 t_Conventional,,,0.02,0,12,86,8.08E-05,0.032827561,1.917915953,6.256771444,-1.49E-05,0.004417982,0.056825227,0,1,1,1 
HDVD_78,Heavy Duty Trucks_Diesel_Articulated 34 - 40 t_Conventional,,,0.02,0.5,12,86,-2.36E-05,0.088477292,3.956281664,7.358752707,-1.60E-05,0.005587781,0.087372589,0,1,1,1 
HDVD_78,Heavy Duty Trucks_Diesel_Articulated 34 - 40 t_Conventional,,,0.02,1,12,74,-0.000745393,0.121751556,5.456192216,6.670487165,-2.97E-05,0.00517413,0.096492448,0,1,1,1 
HDVD_78,Heavy Duty Trucks_Diesel_Articulated 34 - 40 t_Conventional,,,0.04,0,12,86,0.002512538,0.267165941,2.413922142,-9.587022311,5.57E-05,0.015993445,-0.043775175,0,1,1,1 
HDVD_78,Heavy Duty Trucks_Diesel_Articulated 34 - 40 t_Conventional,,,0.04,0.5,12,64,0.006081218,-0.244189248,2.276493974,11.6135101,0.000161222,-0.0070301,0.085134944,0,1,1,1 
HDVD_78,Heavy Duty Trucks_Diesel_Articulated 34 - 40 t_Conventional,,,0.04,1,12,47,-0.021541435,1.284591047,-6.646343054,-39.81226407,-0.000409732,0.025989372,-0.21730547,0,1,1,1 
HDVD_78,Heavy Duty Trucks_Diesel_Articulated 34 - 40 t_Conventional,,,0.06,0,12,78,0.003179409,0.370793407,1.234898149,7.930847249,8.18E-05,0.012911794,9.12E-05,0,1,1,1 
HDVD_78,Heavy Duty Trucks_Diesel_Articulated 34 - 40 t_Conventional,,,0.06,0.5,12,48,-0.04363905,2.119579385,2.331524171,3.702027498,-0.00083581,0.042497012,-0.047036323,0,1,1,1 
HDVD_78,Heavy Duty Trucks_Diesel_Articulated 34 - 40 t_Conventional,,,0.06,1,11,35,-0.004125764,0.108973951,2.07442125,7.895288053,-5.12E-05,0.001273052,0.032272105,0,1,1,1 
HDVD_79,Heavy Duty Trucks_Diesel_Articulated 34 - 40 t_Euro I,,,-0.06,0,12,86,1.45E-05,-0.004105775,0.325547925,2.744486932,2.71E-05,0.002615678,0.032547634,0,1,1,1 
HDVD_79,Heavy Duty Trucks_Diesel_Articulated 34 - 40 t_Euro I,,,-0.06,0.5,12,86,-0.000226284,0.016305479,2.996945564,-1.711522379,0.001264369,0.004759966,0.197669931,0,1,1,1 
HDVD_79,Heavy Duty Trucks_Diesel_Articulated 34 - 40 t_Euro I,,,-0.06,1,12,86,7.82E-06,-0.002874288,1.159013236,-4.691359372,0.000360464,0.002038656,0.034615292,0,1,1,1 
HDVD_79,Heavy Duty Trucks_Diesel_Articulated 34 - 40 t_Euro I,,,-0.04,0,12,86,-0.00086205,0.056006694,4.59874266,-4.724752508,0.000848659,0.028180157,0.057171361,0,1,1,1 
HDVD_79,Heavy Duty Trucks_Diesel_Articulated 34 - 40 t_Euro I,,,-0.04,0.5,12,86,-0.001004125,0.056857419,5.127753046,-3.037546104,0.0007714,0.028350829,0.146698168,0,1,1,1 
HDVD_79,Heavy Duty Trucks_Diesel_Articulated 34 - 40 t_Euro I,,,-0.04,1,12,86,-0.000811822,0.04209262,4.46033843,-2.476668734,0.000628797,0.017486938,0.205016888,0,1,1,1 
HDVD_79,Heavy Duty Trucks_Diesel_Articulated 34 - 40 t_Euro I,,,-0.02,0,12,86,-0.000839981,0.149775179,8.970255529,15.47021704,0.000795044,0.054466469,0.243186911,0,1,1,1 
HDVD_79,Heavy Duty Trucks_Diesel_Articulated 34 - 40 t_Euro I,,,-0.02,0.5,12,86,-0.001743037,0.11028212,9.248000445,16.20261205,0.000307746,0.039782165,0.393706438,0,1,1,1 
HDVD_79,Heavy Duty Trucks_Diesel_Articulated 34 - 40 t_Euro I,,,-0.02,1,12,86,9.36E-05,-0.035364472,2.513297989,-13.80962115,-8.44E-05,0.008074838,-0.015948528,0,1,1,1 
HDVD_79,Heavy Duty Trucks_Diesel_Articulated 34 - 40 t_Euro I,,,0,0,12,86,-1.24E-05,0.071625216,6.804591105,30.4571875,-9.37E-05,0.030591283,0.31411047,0,1,1,1 
HDVD_79,Heavy Duty Trucks_Diesel_Articulated 34 - 40 t_Euro I,,,0,0.5,12,86,0.003600955,0.606497788,9.674229507,10.79187654,0.001062581,0.049905103,0.222392177,0,1,1,1 
HDVD_79,Heavy Duty Trucks_Diesel_Articulated 34 - 40 t_Euro I,,,0,1,12,86,0.000502421,0.323909999,9.889772519,-9.165824109,0.000312097,0.028884675,0.195831159,0,1,1,1 
HDVD_79,Heavy Duty Trucks_Diesel_Articulated 34 - 40 t_Euro I,,,0.02,0,12,86,0.000458991,0.321014233,18.32165717,54.81147183,-0.000180227,0.056527147,0.735314155,0,1,1,1 
HDVD_79,Heavy Duty Trucks_Diesel_Articulated 34 - 40 t_Euro I,,,0.02,0.5,12,86,0.001785257,0.215982696,3.449545117,7.74417503,0.000132973,0.012780939,0.091065541,0,1,1,1 
HDVD_79,Heavy Duty Trucks_Diesel_Articulated 34 - 40 t_Euro I,,,0.02,1,12,76,0.000715353,0.185733491,3.862019518,6.216325564,5.54E-05,0.008256137,0.096924895,0,1,1,1 
HDVD_79,Heavy Duty Trucks_Diesel_Articulated 34 - 40 t_Euro I,,,0.04,0,12,86,-6.01E-05,0.618024064,4.975484689,28.40675818,-9.06E-07,0.039706859,0.134333215,0,1,1,1 
HDVD_79,Heavy Duty Trucks_Diesel_Articulated 34 - 40 t_Euro I,,,0.04,0.5,12,64,0.009108021,1.129694726,1.698647824,-7.674951737,0.000402947,0.042463409,-0.109724825,0,1,1,1 
HDVD_79,Heavy Duty Trucks_Diesel_Articulated 34 - 40 t_Euro I,,,0.04,1,12,49,-0.003900148,0.231754434,-1.00957943,-8.738864169,-0.000114237,0.007291094,-0.060292438,0,1,1,1 
HDVD_79,Heavy Duty Trucks_Diesel_Articulated 34 - 40 t_Euro I,,,0.06,0,12,79,0.001416971,0.24688758,0.72662657,4.586086621,7.87E-05,0.011119654,0.001232758,0,1,1,1 
HDVD_79,Heavy Duty Trucks_Diesel_Articulated 34 - 40 t_Euro I,,,0.06,0.5,12,49,0.096630515,-1.006706656,-1.248307446,8.995156137,0.002877689,-0.040085635,0.097323229,0,1,1,1 
HDVD_79,Heavy Duty Trucks_Diesel_Articulated 34 - 40 t_Euro I,,,0.06,1,11,36,-0.019905986,0.718924621,2.776147129,3.208157132,-0.00041601,0.016157179,0.017346031,0,1,1,1 
HDVD_80,Heavy Duty Trucks_Diesel_Articulated 34 - 40 t_Euro II,,,-0.06,0,12,86,1.48E-05,-0.004272759,0.349690466,2.85620179,2.44E-05,0.00257068,0.030860532,0,1,1,1 
HDVD_80,Heavy Duty Trucks_Diesel_Articulated 34 - 40 t_Euro II,,,-0.06,0.5,12,86,-0.000218488,0.017349745,3.005309048,-1.915008766,0.001123353,0.005183685,0.17208585,0,1,1,1 
HDVD_80,Heavy Duty Trucks_Diesel_Articulated 34 - 40 t_Euro II,,,-0.06,1,12,86,5.79E-06,-0.002299017,1.227458713,-4.91949184,0.000344323,0.00224754,0.031648581,0,1,1,1 
HDVD_80,Heavy Duty Trucks_Diesel_Articulated 34 - 40 t_Euro II,,,-0.04,0,12,86,4.61E-05,-0.013397335,1.117930887,5.836771324,3.28E-05,0.005389144,0.07363581,0,1,1,1 
HDVD_80,Heavy Duty Trucks_Diesel_Articulated 34 - 40 t_Euro II,,,-0.04,0.5,12,86,-0.001107735,0.063847314,5.727273659,-3.399948061,0.000781588,0.028467036,0.150699188,0,1,1,1 
HDVD_80,Heavy Duty Trucks_Diesel_Articulated 34 - 40 t_Euro II,,,-0.04,1,12,86,-0.000854467,0.045156297,4.796293569,-2.78604914,0.000628118,0.017142852,0.196266324,0,1,1,1 
HDVD_80,Heavy Duty Trucks_Diesel_Articulated 34 - 40 t_Euro II,,,-0.02,0,12,86,-0.000488065,0.089122246,5.317955942,8.917522302,0.000416667,0.028911838,0.13164366,0,1,1,1 
HDVD_80,Heavy Duty Trucks_Diesel_Articulated 34 - 40 t_Euro II,,,-0.02,0.5,12,86,-0.001802795,0.116630312,9.719933189,16.96046681,0.000313954,0.038453574,0.364506805,0,1,1,1 
HDVD_80,Heavy Duty Trucks_Diesel_Articulated 34 - 40 t_Euro II,,,-0.02,1,12,86,0.000106223,-0.037191957,2.595803109,-15.42891655,-8.33E-05,0.007979521,-0.025631573,0,1,1,1 
HDVD_80,Heavy Duty Trucks_Diesel_Articulated 34 - 40 t_Euro II,,,0,0,12,86,-2.05E-05,0.046989354,4.529996988,20.16789426,-5.60E-05,0.01818967,0.187569054,0,1,1,1 
HDVD_80,Heavy Duty Trucks_Diesel_Articulated 34 - 40 t_Euro II,,,0,0.5,12,86,0.016135329,2.058913275,14.37558516,-19.83652279,0.004193595,0.112066551,-0.027203962,0,1,1,1 
HDVD_80,Heavy Duty Trucks_Diesel_Articulated 34 - 40 t_Euro II,,,0,1,12,86,-0.000129885,0.370138799,13.0197418,23.7605917,0.00024747,0.034556511,0.35448929,0,1,1,1 
HDVD_80,Heavy Duty Trucks_Diesel_Articulated 34 - 40 t_Euro II,,,0.02,0,12,86,0.001958189,0.302821961,6.067895598,39.04166666,0.000173727,0.028464683,0.246847311,0,1,1,1 
HDVD_80,Heavy Duty Trucks_Diesel_Articulated 34 - 40 t_Euro II,,,0.02,0.5,12,86,-0.000213194,0.077375015,4.138947423,8.401443944,-2.62E-05,0.007397108,0.116761534,0,1,1,1 
HDVD_80,Heavy Duty Trucks_Diesel_Articulated 34 - 40 t_Euro II,,,0.02,1,12,78,5.92E-05,0.05643988,3.137254692,11.85513313,6.98E-06,0.003139857,0.098935674,0,1,1,1 
HDVD_80,Heavy Duty Trucks_Diesel_Articulated 34 - 40 t_Euro II,,,0.04,0,12,86,0.000732149,0.092589283,1.274662051,4.739154555,4.72E-05,0.005786575,0.032351102,0,1,1,1 
HDVD_80,Heavy Duty Trucks_Diesel_Articulated 34 - 40 t_Euro II,,,0.04,0.5,12,70,0.005258431,0.882196767,2.781539395,-6.79387548,0.000268018,0.032786251,-0.066870001,0,1,1,1 
HDVD_80,Heavy Duty Trucks_Diesel_Articulated 34 - 40 t_Euro II,,,0.04,1,12,52,-0.003031384,0.183951706,-0.595904141,-10.66222804,-9.44E-05,0.006311792,-0.055991332,0,1,1,1 
HDVD_80,Heavy Duty Trucks_Diesel_Articulated 34 - 40 t_Euro II,,,0.06,0,12,82,0.004183623,0.624701762,1.398552742,-8.084372319,0.000241702,0.027833446,-0.092100735,0,1,1,1 
HDVD_80,Heavy Duty Trucks_Diesel_Articulated 34 - 40 t_Euro II,,,0.06,0.5,12,52,-0.008713065,0.421153308,2.755696664,-2.809224077,-0.0002779,0.015131,-0.004420675,0,1,1,1 
HDVD_80,Heavy Duty Trucks_Diesel_Articulated 34 - 40 t_Euro II,,,0.06,1,12,38,-0.003129729,0.102780994,1.143302784,5.888272718,-6.73E-05,0.002379523,0.021780677,0,1,1,1 
HDVD_81,Heavy Duty Trucks_Diesel_Articulated 34 - 40 t_Euro III,,,-0.06,0,12,86,-6.58E-06,0.002358328,1.579624147,-4.807268929,0.000556225,0.005254426,0.013105462,0,1,1,1 
HDVD_81,Heavy Duty Trucks_Diesel_Articulated 34 - 40 t_Euro III,,,-0.06,0.5,12,86,-2.86E-06,0.000810771,1.701703251,-5.567923643,0.000592088,0.005265187,0.025662514,0,1,1,1 
HDVD_81,Heavy Duty Trucks_Diesel_Articulated 34 - 40 t_Euro III,,,-0.06,1,12,86,0.00039401,-0.001906994,4.100087787,1.650276736,0.00229482,-0.013749803,0.455259528,0,1,1,1 
HDVD_81,Heavy Duty Trucks_Diesel_Articulated 34 - 40 t_Euro III,,,-0.04,0,12,86,2.44E-05,-0.008200183,0.824637005,5.728208445,2.58E-05,0.005578518,0.057955944,0,1,1,1 
HDVD_81,Heavy Duty Trucks_Diesel_Articulated 34 - 40 t_Euro III,,,-0.04,0.5,12,86,4.31E-05,-0.012537963,1.050949188,5.145531932,2.95E-05,0.005402459,0.07682197,0,1,1,1 
HDVD_81,Heavy Duty Trucks_Diesel_Articulated 34 - 40 t_Euro III,,,-0.04,1,12,86,-0.000634841,0.045060833,5.146791124,-3.478616039,0.001008827,0.016368111,0.237393748,0,1,1,1 
HDVD_81,Heavy Duty Trucks_Diesel_Articulated 34 - 40 t_Euro III,,,-0.02,0,12,86,-3.73E-05,0.065274311,3.587418315,-7.570029732,0.000547228,0.019918489,0.00074376,0,1,1,1 
HDVD_81,Heavy Duty Trucks_Diesel_Articulated 34 - 40 t_Euro III,,,-0.02,0.5,12,86,-0.000981019,0.082455951,6.195462809,10.27912298,0.000319029,0.030667745,0.229997837,0,1,1,1 
HDVD_81,Heavy Duty Trucks_Diesel_Articulated 34 - 40 t_Euro III,,,-0.02,1,12,86,8.72E-05,-0.030081576,2.118469368,-14.1460358,-8.61E-05,0.008214453,-0.040570129,0,1,1,1 
HDVD_81,Heavy Duty Trucks_Diesel_Articulated 34 - 40 t_Euro III,,,0,0,12,86,0.005641157,0.241107461,7.159298119,-12.88616162,0.00143104,0.035834212,0.032589136,0,1,1,1 
HDVD_81,Heavy Duty Trucks_Diesel_Articulated 34 - 40 t_Euro III,,,0,0.5,12,86,-0.000318197,0.008878521,3.207584239,12.96380667,-9.34E-05,0.009626395,0.14917864,0,1,1,1 
HDVD_81,Heavy Duty Trucks_Diesel_Articulated 34 - 40 t_Euro III,,,0,1,12,86,9.38E-05,0.257628453,9.247921378,18.58885387,0.000235517,0.030529263,0.29615803,0,1,1,1 
HDVD_81,Heavy Duty Trucks_Diesel_Articulated 34 - 40 t_Euro III,,,0.02,0,12,86,0.000146388,0.126766318,2.083943737,11.02133099,2.17E-05,0.015712494,0.06058138,0,1,1,1 
HDVD_81,Heavy Duty Trucks_Diesel_Articulated 34 - 40 t_Euro III,,,0.02,0.5,12,86,0.005388969,1.105824292,0.894501327,-35.53367336,0.000810546,0.065109535,-0.381933614,0,1,1,1 
HDVD_81,Heavy Duty Trucks_Diesel_Articulated 34 - 40 t_Euro III,,,0.02,1,12,79,-0.001179523,0.071874798,6.469336256,12.10789571,-9.88E-05,0.00919038,0.196177766,0,1,1,1 
HDVD_81,Heavy Duty Trucks_Diesel_Articulated 34 - 40 t_Euro III,,,0.04,0,12,86,0.019635375,3.775798546,11.02137515,16.90729534,0.002511328,0.252157193,-0.600390305,0,1,1,1 
HDVD_81,Heavy Duty Trucks_Diesel_Articulated 34 - 40 t_Euro III,,,0.04,0.5,12,72,0.003137311,0.454049548,1.022341548,-7.437680472,0.000211052,0.021679429,-0.07877315,0,1,1,1 
HDVD_81,Heavy Duty Trucks_Diesel_Articulated 34 - 40 t_Euro III,,,0.04,1,12,52,-0.002924294,0.16315702,0.063894705,-10.51949221,-0.000120417,0.007626018,-0.054653694,0,1,1,1 
HDVD_81,Heavy Duty Trucks_Diesel_Articulated 34 - 40 t_Euro III,,,0.06,0,12,83,-0.000139029,0.154799237,7.569119883,15.8206929,-4.89E-05,0.015912045,0.233663698,0,1,1,1 
HDVD_81,Heavy Duty Trucks_Diesel_Articulated 34 - 40 t_Euro III,,,0.06,0.5,12,52,-0.007749908,0.390662875,1.470948237,3.870763112,-0.000299942,0.01637566,-0.006404041,0,1,1,1 
HDVD_81,Heavy Duty Trucks_Diesel_Articulated 34 - 40 t_Euro III,,,0.06,1,12,38,-0.003178029,0.123498929,0.366566676,3.822793049,-8.15E-05,0.003275327,0.008287465,0,1,1,1 
HDVD_82,Heavy Duty Trucks_Diesel_Articulated 34 - 40 t_Euro IV,,,-0.06,0,12,86,5.70E-05,-0.011598554,0.596845935,5.710699876,0.000229272,0.004678691,0.168075499,0,1,1,1 
HDVD_82,Heavy Duty Trucks_Diesel_Articulated 34 - 40 t_Euro IV,,,-0.06,0.5,12,86,-0.00050698,0.008722195,3.075992415,0.283043198,0.003102354,-0.008848078,0.569431406,0,1,1,1 
HDVD_82,Heavy Duty Trucks_Diesel_Articulated 34 - 40 t_Euro IV,,,-0.06,1,12,86,-0.000452347,0.005675577,3.05593427,1.566543125,0.003056018,-0.017997131,0.728996097,0,1,1,1 
HDVD_82,Heavy Duty Trucks_Diesel_Articulated 34 - 40 t_Euro IV,,,-0.04,0,12,86,-0.000757734,0.035287701,3.354324202,-3.48945606,0.001198085,0.036496628,0.100947966,0,1,1,1 
HDVD_82,Heavy Duty Trucks_Diesel_Articulated 34 - 40 t_Euro IV,,,-0.04,0.5,12,86,-0.000663034,0.02559275,3.103516305,-2.091340032,0.000988797,0.021875769,0.256524574,0,1,1,1 
HDVD_82,Heavy Duty Trucks_Diesel_Articulated 34 - 40 t_Euro IV,,,-0.04,1,12,86,-0.000679612,0.024332212,3.297415561,-1.688853548,0.000920434,0.017127302,0.340311505,0,1,1,1 
HDVD_82,Heavy Duty Trucks_Diesel_Articulated 34 - 40 t_Euro IV,,,-0.02,0,12,86,-0.000288218,0.069283886,3.872802438,0.049332591,0.000784866,0.039849943,0.138107634,0,1,1,1 
HDVD_82,Heavy Duty Trucks_Diesel_Articulated 34 - 40 t_Euro IV,,,-0.02,0.5,12,86,2.49E-05,-0.00919836,0.66016575,-4.338639372,-5.01E-05,0.004809852,-0.022622511,0,1,1,1 
HDVD_82,Heavy Duty Trucks_Diesel_Articulated 34 - 40 t_Euro IV,,,-0.02,1,12,86,3.19E-05,-0.009414709,0.610746752,-2.990268577,-3.35E-05,0.003124839,3.65E-06,0,1,1,1 
HDVD_82,Heavy Duty Trucks_Diesel_Articulated 34 - 40 t_Euro IV,,,0,0,12,86,2.50E-06,0.018980841,1.618993566,6.790572483,-3.85E-05,0.012451654,0.132855967,0,1,1,1 
HDVD_82,Heavy Duty Trucks_Diesel_Articulated 34 - 40 t_Euro IV,,,0,0.5,12,86,0.003437105,0.2898995,-1.124776097,-9.900702446,0.001340187,0.016805046,-0.206014312,0,1,1,1 
HDVD_82,Heavy Duty Trucks_Diesel_Articulated 34 - 40 t_Euro IV,,,0,1,12,86,-0.000586798,0.028137362,2.441310786,-16.84505182,-0.000163933,0.01567736,-0.061529894,0,1,1,1 
HDVD_82,Heavy Duty Trucks_Diesel_Articulated 34 - 40 t_Euro IV,,,0.02,0,12,86,0.006817256,0.253238789,7.581191389,32.79388348,0.000978854,0.045907054,0.585305579,0,1,1,1 
HDVD_82,Heavy Duty Trucks_Diesel_Articulated 34 - 40 t_Euro IV,,,0.02,0.5,12,86,-0.001963259,0.174572565,0.756469818,-19.53611213,-0.000228993,0.023371091,-0.184435038,0,1,1,1 
HDVD_82,Heavy Duty Trucks_Diesel_Articulated 34 - 40 t_Euro IV,,,0.02,1,12,81,0.000730161,0.564179505,14.51186153,13.47858479,0.000238484,0.047043566,0.613049834,0,1,1,1 
HDVD_82,Heavy Duty Trucks_Diesel_Articulated 34 - 40 t_Euro IV,,,0.04,0,12,86,5.94E-05,-0.023534207,1.537422377,11.34907017,8.02E-06,-0.002798992,0.192167477,0,1,1,1 
HDVD_82,Heavy Duty Trucks_Diesel_Articulated 34 - 40 t_Euro IV,,,0.04,0.5,12,73,-0.000210864,0.147175331,11.58031615,39.65376042,-1.37E-05,0.014054163,0.672145146,0,1,1,1 
HDVD_82,Heavy Duty Trucks_Diesel_Articulated 34 - 40 t_Euro IV,,,0.04,1,12,54,-0.009618901,0.543393085,5.343014942,-28.33919679,-0.000576552,0.03852844,-0.055732176,0,1,1,1 
HDVD_82,Heavy Duty Trucks_Diesel_Articulated 34 - 40 t_Euro IV,,,0.06,0,12,85,0.000750035,0.601344785,14.85736996,10.4673535,0.000207947,0.050685883,0.742886367,0,1,1,1 
HDVD_82,Heavy Duty Trucks_Diesel_Articulated 34 - 40 t_Euro IV,,,0.06,0.5,12,55,-0.008375426,0.47048398,3.376068404,-25.68498752,-0.000516134,0.033684042,-0.09783303,0,1,1,1 
HDVD_82,Heavy Duty Trucks_Diesel_Articulated 34 - 40 t_Euro IV,,,0.06,1,12,40,-0.002448877,0.087151374,2.215912451,-3.299801994,-0.000115489,0.005507355,0.032520257,0,1,1,1 
HDVD_82,Heavy Duty Trucks_Diesel_Articulated 34 - 40 t_Euro IV,,,-0.06,0,12,86,5.70E-05,-0.011598554,0.596845935,5.710699876,0.000229272,0.004678691,0.168075499,0,1,1,1 
HDVD_82,Heavy Duty Trucks_Diesel_Articulated 34 - 40 t_Euro IV,,,-0.06,0.5,12,86,-0.00050698,0.008722195,3.075992415,0.283043198,0.003102354,-0.008848078,0.569431406,0,1,1,1 
HDVD_82,Heavy Duty Trucks_Diesel_Articulated 34 - 40 t_Euro IV,,,-0.06,1,12,86,-0.000452347,0.005675577,3.05593427,1.566543125,0.003056018,-0.017997131,0.728996097,0,1,1,1 
HDVD_82,Heavy Duty Trucks_Diesel_Articulated 34 - 40 t_Euro IV,,,-0.04,0,12,86,-0.000757734,0.035287701,3.354324202,-3.48945606,0.001198085,0.036496628,0.100947966,0,1,1,1 
HDVD_82,Heavy Duty Trucks_Diesel_Articulated 34 - 40 t_Euro IV,,,-0.04,1,12,86,-0.000679612,0.024332212,3.297415561,-1.688853548,0.000920434,0.017127302,0.340311505,0,1,1,1 
HDVD_82,Heavy Duty Trucks_Diesel_Articulated 34 - 40 t_Euro IV,,,-0.02,0,12,86,-0.000288218,0.069283886,3.872802438,0.049332591,0.000784866,0.039849943,0.138107634,0,1,1,1 
HDVD_82,Heavy Duty Trucks_Diesel_Articulated 34 - 40 t_Euro IV,,,-0.02,1,12,86,3.19E-05,-0.009414709,0.610746752,-2.990268577,-3.35E-05,0.003124839,3.65E-06,0,1,1,1 
HDVD_82,Heavy Duty Trucks_Diesel_Articulated 34 - 40 t_Euro IV,,,0,0,12,86,2.50E-06,0.018980841,1.618993566,6.790572483,-3.85E-05,0.012451654,0.132855967,0,1,1,1 
HDVD_82,Heavy Duty Trucks_Diesel_Articulated 34 - 40 t_Euro IV,,,0,1,12,86,-0.000586798,0.028137362,2.441310786,-16.84505182,-0.000163933,0.01567736,-0.061529894,0,1,1,1 
HDVD_82,Heavy Duty Trucks_Diesel_Articulated 34 - 40 t_Euro IV,,,0.02,0,12,86,0.006817256,0.253238789,7.581191389,32.79388348,0.000978854,0.045907054,0.585305579,0,1,1,1 
HDVD_82,Heavy Duty Trucks_Diesel_Articulated 34 - 40 t_Euro IV,,,0.02,1,12,81,0.000730161,0.564179505,14.51186153,13.47858479,0.000238484,0.047043566,0.613049834,0,1,1,1 
HDVD_82,Heavy Duty Trucks_Diesel_Articulated 34 - 40 t_Euro IV,,,0.04,0,12,86,5.94E-05,-0.023534207,1.537422377,11.34907017,8.02E-06,-0.002798992,0.192167477,0,1,1,1 
HDVD_82,Heavy Duty Trucks_Diesel_Articulated 34 - 40 t_Euro IV,,,0.04,1,12,54,-0.009618901,0.543393085,5.343014942,-28.33919679,-0.000576552,0.03852844,-0.055732176,0,1,1,1 
HDVD_82,Heavy Duty Trucks_Diesel_Articulated 34 - 40 t_Euro IV,,,0.06,0,12,85,0.000750035,0.601344785,14.85736996,10.4673535,0.000207947,0.050685883,0.742886367,0,1,1,1 
HDVD_82,Heavy Duty Trucks_Diesel_Articulated 34 - 40 t_Euro IV,,,0.06,0.5,12,55,-0.008375426,0.47048398,3.376068404,-25.68498752,-0.000516134,0.033684042,-0.09783303,0,1,1,1 
HDVD_82,Heavy Duty Trucks_Diesel_Articulated 34 - 40 t_Euro IV,,,0.06,1,12,40,-0.002448877,0.087151374,2.215912451,-3.299801994,-0.000115489,0.005507355,0.032520257,0,1,1,1 
HDVD_83,Heavy Duty Trucks_Diesel_Articulated 34 - 40 t_Euro V,SCR,,-0.06,0,5,75,-0.000499908,0.045002832,-0.473837227,2.942593265,0.000544952,-0.00718811,0.038829631,0,1,1,1 
HDVD_83,Heavy Duty Trucks_Diesel_Articulated 34 - 40 t_Euro V,SCR,,-0.06,0.5,5,80,-0.000524093,0.048595596,-0.508273134,2.930532691,0.000627265,-0.008354293,0.041601598,0,1,1,1 
HDVD_83,Heavy Duty Trucks_Diesel_Articulated 34 - 40 t_Euro V,SCR,,-0.06,1,5,80,-0.000567394,0.05369526,-0.51875272,2.961846294,0.000715983,-0.00923544,0.044413174,0,1,1,1 
HDVD_83,Heavy Duty Trucks_Diesel_Articulated 34 - 40 t_Euro V,SCR,,-0.04,0,5,85,-0.004737136,0.451127592,-2.791756594,5.992290216,0.003355966,-0.023285721,0.056602513,0,1,1,1 
HDVD_83,Heavy Duty Trucks_Diesel_Articulated 34 - 40 t_Euro V,SCR,,-0.04,0.5,5,85,-0.006830653,0.664752684,-3.950168716,8.446420056,0.004656437,-0.031972414,0.081926484,0,1,1,1 
HDVD_83,Heavy Duty Trucks_Diesel_Articulated 34 - 40 t_Euro V,SCR,,-0.04,1,5,85,-0.00743251,0.748980232,-4.304875778,8.65214549,0.004892408,-0.032438983,0.080462936,0,1,1,1 
HDVD_83,Heavy Duty Trucks_Diesel_Articulated 34 - 40 t_Euro V,SCR,,-0.02,0,5,85,-0.002198376,0.763331075,-3.201878366,5.440942795,0.004695759,-0.01804404,0.035690258,0,1,1,1 
HDVD_83,Heavy Duty Trucks_Diesel_Articulated 34 - 40 t_Euro V,SCR,,-0.02,0.5,5,85,-0.006298831,1.245931874,-4.215343913,6.433596486,0.005829787,-0.011853974,0.029287899,0,1,1,1 
HDVD_83,Heavy Duty Trucks_Diesel_Articulated 34 - 40 t_Euro V,SCR,,-0.02,1,5,85,-0.008899161,1.312282597,-3.566078437,-2.379502982,0.00460694,0.00991291,-0.085443005,0,1,1,1 
HDVD_83,Heavy Duty Trucks_Diesel_Articulated 34 - 40 t_Euro V,SCR,,0,0,5,85,-0.000179098,0.003998924,1.473484363,2.865574008,-4.08E-05,0.006517605,0.036954089,0,1,1,1 
HDVD_83,Heavy Duty Trucks_Diesel_Articulated 34 - 40 t_Euro V,SCR,,0,0.5,5,85,-0.006836752,0.916410772,-1.08935613,1.878673194,0.00290404,0.00775202,1.10E-13,0,1,1,1 
HDVD_83,Heavy Duty Trucks_Diesel_Articulated 34 - 40 t_Euro V,SCR,,0,1,5,85,-0.002700847,0.406302069,-1.56386202,2.773132517,0.001754764,-0.006704463,0.01622914,0,1,1,1 
HDVD_83,Heavy Duty Trucks_Diesel_Articulated 34 - 40 t_Euro V,SCR,,0.02,0,5,85,0.000164029,-0.01899327,0.663054199,3.210352739,1.01E-05,0.000300977,0.033992961,0,1,1,1 
HDVD_83,Heavy Duty Trucks_Diesel_Articulated 34 - 40 t_Euro V,SCR,,0.02,0.5,5,85,0.000821839,-0.03381383,1.397859932,1.680984703,0.000195813,0.001863769,0.027098013,0,1,1,1 
HDVD_83,Heavy Duty Trucks_Diesel_Articulated 34 - 40 t_Euro V,SCR,,0.02,1,5,80,0.004624602,-0.020977529,2.059977191,2.738363142,0.001378443,-0.003458463,0.047587779,0,1,1,1 
HDVD_83,Heavy Duty Trucks_Diesel_Articulated 34 - 40 t_Euro V,SCR,,0.04,0,5,85,0.000375495,-0.019831135,0.505154727,2.820086624,7.90E-05,-0.000760849,0.028040809,0,1,1,1 
HDVD_83,Heavy Duty Trucks_Diesel_Articulated 34 - 40 t_Euro V,SCR,,0.04,0.5,5,75,0.00725,-0.115590697,3.675583341,0.784564959,0.001402774,0.001461197,0.041330764,0,1,1,1 
HDVD_83,Heavy Duty Trucks_Diesel_Articulated 34 - 40 t_Euro V,SCR,,0.04,1,5,55,0.036426036,-0.518109789,9.697201406,-4.111438191,0.004533163,0.003012869,0.052375413,0,1,1,1 
HDVD_83,Heavy Duty Trucks_Diesel_Articulated 34 - 40 t_Euro V,SCR,,0.06,0,5,85,0.001485648,-0.053252847,1.554894417,1.687288687,0.000255622,0.001618802,0.026892363,0,1,1,1 
HDVD_83,Heavy Duty Trucks_Diesel_Articulated 34 - 40 t_Euro V,SCR,,0.06,0.5,5,55,0.032657519,-0.538760155,10.20252371,-6.469761988,0.003816024,0.008941674,0.035511318,0,1,1,1 
HDVD_83,Heavy Duty Trucks_Diesel_Articulated 34 - 40 t_Euro V,SCR,,0.06,1,5,40,0.048892996,-0.675773256,8.322059913,-6.643231682,0.00372171,0.008961335,0.003137155,0,1,1,1 
HDVD_83,Heavy Duty Trucks_Diesel_Articulated 34 - 40 t_Euro V,EGR,,-0.06,0,5,70,-0.00890818,0.677659611,-2.718337746,1.44872584,0.007150986,-0.026176838,1.82E-14,0,1,1,1 
HDVD_83,Heavy Duty Trucks_Diesel_Articulated 34 - 40 t_Euro V,EGR,,-0.06,0.5,5,85,-0.000730898,0.0726262,-0.372301166,3.176846945,0.001316187,-0.012377177,0.070299902,0,1,1,1 
HDVD_83,Heavy Duty Trucks_Diesel_Articulated 34 - 40 t_Euro V,EGR,,-0.06,1,5,85,-0.00077714,0.079858597,-0.459122893,3.41443785,0.001478132,-0.014624751,0.077438666,0,1,1,1 
HDVD_83,Heavy Duty Trucks_Diesel_Articulated 34 - 40 t_Euro V,EGR,,-0.04,0,5,85,-0.003766691,0.367749859,-2.066053208,4.079907844,0.003825238,-0.02416227,0.054926626,0,1,1,1 
HDVD_83,Heavy Duty Trucks_Diesel_Articulated 34 - 40 t_Euro V,EGR,,-0.04,0.5,5,85,-0.003870125,0.377215858,-2.066065499,4.255919949,0.003885972,-0.024568021,0.060527762,0,1,1,1 
HDVD_83,Heavy Duty Trucks_Diesel_Articulated 34 - 40 t_Euro V,EGR,,-0.04,1,5,85,-0.004143879,0.413598804,-2.269722228,4.578080542,0.004166343,-0.026476193,0.064620226,0,1,1,1 
HDVD_83,Heavy Duty Trucks_Diesel_Articulated 34 - 40 t_Euro V,EGR,,-0.02,0,5,85,-0.002802397,0.595083594,-2.855057172,5.151827015,0.005586584,-0.027792855,0.05774991,0,1,1,1 
HDVD_83,Heavy Duty Trucks_Diesel_Articulated 34 - 40 t_Euro V,EGR,,-0.02,0.5,5,85,-0.003794231,0.650208205,-2.705625802,4.797941808,0.005308451,-0.021264919,0.049994339,0,1,1,1 
HDVD_83,Heavy Duty Trucks_Diesel_Articulated 34 - 40 t_Euro V,EGR,,-0.02,1,5,85,-0.00434814,0.687524764,-2.540319479,4.014134816,0.004913868,-0.014885863,0.035128974,0,1,1,1 
HDVD_83,Heavy Duty Trucks_Diesel_Articulated 34 - 40 t_Euro V,EGR,,0,0,5,85,0.005193681,0.166645726,2.020179207,9.915186593,0.002658527,-0.001111917,0.182077947,0,1,1,1 
HDVD_83,Heavy Duty Trucks_Diesel_Articulated 34 - 40 t_Euro V,EGR,,0,0.5,5,85,0.023058873,1.341953078,-4.541286588,9.532402561,0.011946325,-0.037740657,0.102389011,0,1,1,1 
HDVD_83,Heavy Duty Trucks_Diesel_Articulated 34 - 40 t_Euro V,EGR,,0,1,5,85,0.024489938,1.627294025,-4.515766064,5.297891998,0.011507092,-0.01664204,0.022804198,0,1,1,1 
HDVD_83,Heavy Duty Trucks_Diesel_Articulated 34 - 40 t_Euro V,EGR,,0.02,0,5,85,0.008993208,0.140514212,4.640216931,7.580251863,0.00207903,0.019102363,0.166440488,0,1,1,1 
HDVD_83,Heavy Duty Trucks_Diesel_Articulated 34 - 40 t_Euro V,EGR,,0.02,0.5,5,85,0.12550257,1.860319211,1.76199208,33.69221743,0.022355792,-0.05094905,0.527636695,0,1,1,1 
HDVD_83,Heavy Duty Trucks_Diesel_Articulated 34 - 40 t_Euro V,EGR,,0.02,1,5,80,-0.002243611,0.234351361,4.636979208,-1.347205375,-0.00025567,0.036241348,0.023775434,0,1,1,1 
HDVD_83,Heavy Duty Trucks_Diesel_Articulated 34 - 40 t_Euro V,EGR,,0.04,0,5,85,0.013102113,0.22513222,9.258659966,8.742913139,0.001752299,0.049317519,0.219013521,0,1,1,1 
HDVD_83,Heavy Duty Trucks_Diesel_Articulated 34 - 40 t_Euro V,EGR,,0.04,0.5,5,75,-0.001699059,0.214005,2.657051444,-1.410694482,-0.000125832,0.0245637,-9.49E-14,0,1,1,1 
HDVD_83,Heavy Duty Trucks_Diesel_Articulated 34 - 40 t_Euro V,EGR,,0.04,1,5,55,-0.00106191,0.295574963,3.44423289,1.415270356,8.79E-06,0.025326301,0.033507512,0,1,1,1 
HDVD_83,Heavy Duty Trucks_Diesel_Articulated 34 - 40 t_Euro V,EGR,,0.06,0,5,85,-0.002818015,0.226264102,3.658918849,-1.915498324,-0.000358306,0.034855273,3.01E-12,0,1,1,1 
HDVD_83,Heavy Duty Trucks_Diesel_Articulated 34 - 40 t_Euro V,EGR,,0.06,0.5,5,55,-0.001104196,0.410280344,3.86990366,-0.038397714,6.87E-05,0.033012759,0.016765577,0,1,1,1 
HDVD_83,Heavy Duty Trucks_Diesel_Articulated 34 - 40 t_Euro V,EGR,,0.06,1,5,40,0.002737967,0.24138859,-0.134897895,-6.035346949,0.000337716,0.010180753,-0.061179822,0,1,1,1 
HDVD_84,Heavy Duty Trucks_Diesel_Articulated 34 - 40 t_Euro VI,,,-0.06,0,5,75,-0.003099403,0.203480279,2.365749258,-1.094446532,0.002280584,0.054130057,2.13E-13,0,1,1,1 
HDVD_84,Heavy Duty Trucks_Diesel_Articulated 34 - 40 t_Euro VI,,,-0.06,0.5,5,80,-0.000144006,0.013170038,-0.149534099,3.515061167,0.000251975,-0.004723206,0.094932404,0,1,1,1 
HDVD_84,Heavy Duty Trucks_Diesel_Articulated 34 - 40 t_Euro VI,,,-0.06,1,5,75,-0.000721084,0.048348834,0.600311813,-3.880845983,0.000637483,0.02134765,-0.115055661,0,1,1,1 
HDVD_84,Heavy Duty Trucks_Diesel_Articulated 34 - 40 t_Euro VI,,,-0.04,0,5,85,-6.86E-05,0.006311623,0.013435322,2.751915819,9.78E-05,-0.001255654,0.065818959,0,1,1,1 
HDVD_84,Heavy Duty Trucks_Diesel_Articulated 34 - 40 t_Euro VI,,,-0.04,0.5,5,85,-0.000206703,0.041716045,-0.825297032,4.358610733,0.000726922,-0.016625756,0.096412971,0,1,1,1 
HDVD_84,Heavy Duty Trucks_Diesel_Articulated 34 - 40 t_Euro VI,,,-0.04,1,5,85,-0.001248097,0.160783176,-0.588081001,-7.226099702,0.003035864,-0.01528734,-0.172593365,0,1,1,1 
HDVD_84,Heavy Duty Trucks_Diesel_Articulated 34 - 40 t_Euro VI,,,-0.02,0,5,85,0.000878993,0.266926089,-2.510416825,5.836592451,0.00518687,-0.047093729,0.107321489,0,1,1,1 
HDVD_84,Heavy Duty Trucks_Diesel_Articulated 34 - 40 t_Euro VI,,,-0.02,0.5,5,85,-0.000122042,0.052287708,-0.739111174,2.848054096,0.001137096,-0.015099032,0.057637956,0,1,1,1 
HDVD_84,Heavy Duty Trucks_Diesel_Articulated 34 - 40 t_Euro VI,,,-0.02,1,5,85,0.001353186,0.155552522,-1.61268741,5.78367801,0.008802936,-0.068318334,0.175007929,0,1,1,1 
HDVD_84,Heavy Duty Trucks_Diesel_Articulated 34 - 40 t_Euro VI,,,0,0,5,85,-0.000768656,0.095105199,-0.720449666,2.000312586,0.002371153,-0.017175067,0.040454565,0,1,1,1 
HDVD_84,Heavy Duty Trucks_Diesel_Articulated 34 - 40 t_Euro VI,,,0,0.5,5,85,-0.001168278,0.191544903,-1.730852269,6.242613999,0.009036017,-0.061698028,0.147016536,0,1,1,1 
HDVD_84,Heavy Duty Trucks_Diesel_Articulated 34 - 40 t_Euro VI,,,0,1,5,85,-0.000406667,0.12327659,-1.167230225,4.08204012,0.007601149,-0.048058196,0.10367313,0,1,1,1 
HDVD_84,Heavy Duty Trucks_Diesel_Articulated 34 - 40 t_Euro VI,,,0.02,0,5,85,-0.000146419,0.075922715,-0.515842228,2.681767221,0.004449702,-0.026278961,0.066422987,0,1,1,1 
HDVD_84,Heavy Duty Trucks_Diesel_Articulated 34 - 40 t_Euro VI,,,0.02,0.5,5,85,0.000113158,0.130165462,-1.210455174,4.182204932,0.008239881,-0.049789545,0.104681205,0,1,1,1 
HDVD_84,Heavy Duty Trucks_Diesel_Articulated 34 - 40 t_Euro VI,,,0.02,1,5,80,0.00429305,-0.087798722,1.355550813,-4.163647658,0.008670102,-0.031351303,4.69E-10,0,1,1,1 
HDVD_84,Heavy Duty Trucks_Diesel_Articulated 34 - 40 t_Euro VI,,,0.04,0,5,85,0.000149427,0.054288559,-0.479931237,2.097316328,0.003714052,-0.022189042,0.051726092,0,1,1,1 
HDVD_84,Heavy Duty Trucks_Diesel_Articulated 34 - 40 t_Euro VI,,,0.04,0.5,5,75,0.001074353,0.057611203,-0.685743551,2.937956776,0.004975843,-0.023285952,0.057023566,0,1,1,1 
HDVD_84,Heavy Duty Trucks_Diesel_Articulated 34 - 40 t_Euro VI,,,0.04,1,5,55,0.029661915,-0.224662779,2.135326894,-5.758043774,0.045688777,-0.218302647,0.221728976,0,1,1,1 
HDVD_84,Heavy Duty Trucks_Diesel_Articulated 34 - 40 t_Euro VI,,,0.06,0,5,85,0.001195416,0.124607146,-1.193205149,4.746328117,0.009514406,-0.053877546,0.117681015,0,1,1,1 
HDVD_84,Heavy Duty Trucks_Diesel_Articulated 34 - 40 t_Euro VI,,,0.06,0.5,5,55,0.018214186,-0.120055118,1.046914645,3.660543994,0.025872754,-0.007291377,-2.55E-14,0,1,1,1 
HDVD_84,Heavy Duty Trucks_Diesel_Articulated 34 - 40 t_Euro VI,,,0.06,1,5,40,0.052763355,-0.599564034,4.413787481,-8.175598806,0.049822471,-0.161183557,0.09366403,0,1,1,1 
HDVD_85,Heavy Duty Trucks_Diesel_Articulated 40 - 50 t_Conventional,,,-0.06,0,12,86,1.17E-05,-0.003998567,1.517901133,-5.437762031,0.000385618,0.00195753,0.029192941,0,1,1,1 
HDVD_85,Heavy Duty Trucks_Diesel_Articulated 40 - 50 t_Conventional,,,-0.06,0.5,12,86,-0.000296415,0.015934131,4.497325634,-0.805230473,0.001449833,-0.000303357,0.315612011,0,1,1,1 
HDVD_85,Heavy Duty Trucks_Diesel_Articulated 40 - 50 t_Conventional,,,-0.06,1,12,86,1.97E-05,-0.006664734,1.643031028,-7.478533855,0.000354394,0.001169398,0.045824586,0,1,1,1 
HDVD_85,Heavy Duty Trucks_Diesel_Articulated 40 - 50 t_Conventional,,,-0.04,0,12,86,-0.00077582,0.047959177,4.251412604,-3.8612782,0.000583547,0.017404556,0.070438302,0,1,1,1 
HDVD_85,Heavy Duty Trucks_Diesel_Articulated 40 - 50 t_Conventional,,,-0.04,0.5,12,86,0.000291953,-0.074892298,5.352760801,12.64363422,0.000127705,0.011881099,0.290166962,0,1,1,1 
HDVD_85,Heavy Duty Trucks_Diesel_Articulated 40 - 50 t_Conventional,,,-0.04,1,12,84,-0.000857771,0.103678758,-1.758085006,10.5502641,0.000346832,-0.006556981,0.047446691,0,1,1,1 
HDVD_85,Heavy Duty Trucks_Diesel_Articulated 40 - 50 t_Conventional,,,-0.02,0,12,86,8.61E-05,-0.028670092,1.988393363,12.82350412,-6.40E-05,0.005978322,0.107340095,0,1,1,1 
HDVD_85,Heavy Duty Trucks_Diesel_Articulated 40 - 50 t_Conventional,,,-0.02,0.5,12,86,2.85E-05,-0.014546897,1.127183938,-7.055103135,-3.23E-05,0.003121063,-0.012297489,0,1,1,1 
HDVD_85,Heavy Duty Trucks_Diesel_Articulated 40 - 50 t_Conventional,,,-0.02,1,12,86,0.000112015,-0.044161703,3.135046313,-12.87022289,-5.81E-05,0.005474796,0.016228477,0,1,1,1 
HDVD_85,Heavy Duty Trucks_Diesel_Articulated 40 - 50 t_Conventional,,,0,0,12,86,-6.65E-05,0.066287861,5.973313836,24.41528161,-5.80E-05,0.018332639,0.199680913,0,1,1,1 
HDVD_85,Heavy Duty Trucks_Diesel_Articulated 40 - 50 t_Conventional,,,0,0.5,12,86,0.000342393,0.170338744,4.829884418,3.140419764,0.000114025,0.011952585,0.094789384,0,1,1,1 
HDVD_85,Heavy Duty Trucks_Diesel_Articulated 40 - 50 t_Conventional,,,0,1,12,86,0.000114883,0.091041781,3.260858763,-6.467813413,5.11E-05,0.00506663,0.03987177,0,1,1,1 
HDVD_85,Heavy Duty Trucks_Diesel_Articulated 40 - 50 t_Conventional,,,0.02,0,12,86,8.46E-05,0.036527313,2.080919532,6.516062251,-1.51E-05,0.004534905,0.059240292,0,1,1,1 
HDVD_85,Heavy Duty Trucks_Diesel_Articulated 40 - 50 t_Conventional,,,0.02,0.5,12,83,-0.000118975,0.115111975,4.86258571,7.82201117,-1.77E-05,0.006033389,0.097443325,0,1,1,1 
HDVD_85,Heavy Duty Trucks_Diesel_Articulated 40 - 50 t_Conventional,,,0.02,1,12,66,-0.003149045,0.204099099,1.709046465,-14.38839177,-9.13E-05,0.006879546,-0.023579507,0,1,1,1 
HDVD_85,Heavy Duty Trucks_Diesel_Articulated 40 - 50 t_Conventional,,,0.04,0,12,86,0.002763267,0.303494076,2.607746325,-9.753791254,5.91E-05,0.0168265,-0.042835955,0,1,1,1 
HDVD_85,Heavy Duty Trucks_Diesel_Articulated 40 - 50 t_Conventional,,,0.04,0.5,12,60,0.012170199,-0.323508821,1.689974509,10.89182917,0.000285975,-0.008645501,0.070976641,0,1,1,1 
HDVD_85,Heavy Duty Trucks_Diesel_Articulated 40 - 50 t_Conventional,,,0.04,1,12,43,-0.007616984,0.437919208,-2.924556176,-12.18235325,-0.000121367,0.007372977,-0.068145245,0,1,1,1 
HDVD_85,Heavy Duty Trucks_Diesel_Articulated 40 - 50 t_Conventional,,,0.06,0,12,77,0.000171515,0.047670752,1.542024066,9.617555285,3.48E-06,0.001429627,0.051075437,0,1,1,1 
HDVD_85,Heavy Duty Trucks_Diesel_Articulated 40 - 50 t_Conventional,,,0.06,0.5,12,45,-0.035249913,1.639758129,1.841433331,3.793777415,-0.000585818,0.028457611,-0.023609386,0,1,1,1 
HDVD_85,Heavy Duty Trucks_Diesel_Articulated 40 - 50 t_Conventional,,,0.06,1,11,31,-0.006231663,0.210925896,0.266518156,4.59285227,-6.53E-05,0.002170166,0.006325895,0,1,1,1 
HDVD_86,Heavy Duty Trucks_Diesel_Articulated 40 - 50 t_Euro I,,,-0.06,0,12,86,6.39E-06,-0.002467468,2.075647447,-7.008990182,0.000676539,0.004617956,0.039845059,0,1,1,1 
HDVD_86,Heavy Duty Trucks_Diesel_Articulated 40 - 50 t_Euro I,,,-0.06,0.5,12,86,-0.00022298,0.015978895,3.127916732,-1.576865153,0.001261445,0.004138253,0.218209473,0,1,1,1 
HDVD_86,Heavy Duty Trucks_Diesel_Articulated 40 - 50 t_Euro I,,,-0.06,1,12,86,8.92E-06,-0.003340786,1.28649683,-5.43977061,0.000371912,0.002053785,0.039643877,0,1,1,1 
HDVD_86,Heavy Duty Trucks_Diesel_Articulated 40 - 50 t_Euro I,,,-0.04,0,12,86,-0.000757827,0.049012968,3.985171993,-3.597476076,0.000684343,0.024368782,0.050019797,0,1,1,1 
HDVD_86,Heavy Duty Trucks_Diesel_Articulated 40 - 50 t_Euro I,,,-0.04,0.5,12,86,-0.001000551,0.0552946,5.068253545,-2.506215965,0.000679701,0.026254824,0.161089714,0,1,1,1 
HDVD_86,Heavy Duty Trucks_Diesel_Articulated 40 - 50 t_Euro I,,,-0.04,1,12,86,-0.000911112,0.045738379,4.997698812,-2.391224096,0.000620244,0.017101708,0.24509365,0,1,1,1 
HDVD_86,Heavy Duty Trucks_Diesel_Articulated 40 - 50 t_Euro I,,,-0.02,0,12,86,-0.000503942,0.086879316,5.236423387,9.436609663,0.000428076,0.030464742,0.146129144,0,1,1,1 
HDVD_86,Heavy Duty Trucks_Diesel_Articulated 40 - 50 t_Euro I,,,-0.02,0.5,12,86,4.96E-05,-0.02223172,1.676687043,-10.8821401,-6.63E-05,0.006416418,-0.028853915,0,1,1,1 
HDVD_86,Heavy Duty Trucks_Diesel_Articulated 40 - 50 t_Euro I,,,-0.02,1,12,86,0.000139446,-0.053033951,3.747400787,-17.76814276,-0.000105291,0.009989174,0.004518797,0,1,1,1 
HDVD_86,Heavy Duty Trucks_Diesel_Articulated 40 - 50 t_Euro I,,,0,0,12,86,-2.90E-05,0.079006764,7.342562808,31.94870112,-9.66E-05,0.031315945,0.327251751,0,1,1,1 
HDVD_86,Heavy Duty Trucks_Diesel_Articulated 40 - 50 t_Euro I,,,0,0.5,12,86,0.000738046,0.269750744,7.760816895,14.20853735,0.0002772,0.027166271,0.23423169,0,1,1,1 
HDVD_86,Heavy Duty Trucks_Diesel_Articulated 40 - 50 t_Euro I,,,0,1,12,86,-0.001314466,0.712889971,20.17994239,24.85269659,0.000376835,0.051704956,0.549489058,0,1,1,1 
HDVD_86,Heavy Duty Trucks_Diesel_Articulated 40 - 50 t_Euro I,,,0.02,0,12,86,0.00123858,0.125603962,0.537025731,-22.10397907,8.61E-05,0.013988893,-0.161513746,0,1,1,1 
HDVD_86,Heavy Duty Trucks_Diesel_Articulated 40 - 50 t_Euro I,,,0.02,0.5,12,84,0.00308112,0.335931506,5.129699813,9.351028933,0.000204912,0.017200585,0.120782606,0,1,1,1 
HDVD_86,Heavy Duty Trucks_Diesel_Articulated 40 - 50 t_Euro I,,,0.02,1,12,68,-0.001697258,0.104999428,1.339083016,-9.391980988,-7.76E-05,0.005809729,-0.016326276,0,1,1,1 
HDVD_86,Heavy Duty Trucks_Diesel_Articulated 40 - 50 t_Euro I,,,0.04,0,12,86,0.000332689,0.116291326,0.784192505,4.462328365,2.19E-05,0.006879671,0.016876283,0,1,1,1 
HDVD_86,Heavy Duty Trucks_Diesel_Articulated 40 - 50 t_Euro I,,,0.04,0.5,12,61,0.064524151,-0.234645268,-4.40007943,0.84234271,0.002380995,-0.022525892,-0.016617081,0,1,1,1 
HDVD_86,Heavy Duty Trucks_Diesel_Articulated 40 - 50 t_Euro I,,,0.04,1,12,44,-0.006937339,0.397248679,-2.037302332,-13.36905064,-0.00017063,0.010483236,-0.089316163,0,1,1,1 
HDVD_86,Heavy Duty Trucks_Diesel_Articulated 40 - 50 t_Euro I,,,0.06,0,12,78,0.002070358,0.334999406,0.702543633,6.374390527,0.000108642,0.014100232,-0.004547111,0,1,1,1 
HDVD_86,Heavy Duty Trucks_Diesel_Articulated 40 - 50 t_Euro I,,,0.06,0.5,12,45,-0.007865746,0.364302254,0.631967898,-6.310050743,-0.000209516,0.010590116,-0.028409469,0,1,1,1 
HDVD_86,Heavy Duty Trucks_Diesel_Articulated 40 - 50 t_Euro I,,,0.06,1,11,32,-0.008086796,0.283655491,0.01888974,3.455235578,-0.000138053,0.004979274,-0.001979256,0,1,1,1 
HDVD_87,Heavy Duty Trucks_Diesel_Articulated 40 - 50 t_Euro II,,,-0.06,0,12,86,1.58E-05,-0.004558768,0.372837248,2.980347476,2.46E-05,0.002615356,0.031441816,0,1,1,1 
HDVD_87,Heavy Duty Trucks_Diesel_Articulated 40 - 50 t_Euro II,,,-0.06,0.5,12,86,-0.0002286,0.017821631,3.200383081,-1.768134361,0.001135948,0.004705112,0.190406015,0,1,1,1 
HDVD_87,Heavy Duty Trucks_Diesel_Articulated 40 - 50 t_Euro II,,,-0.06,1,12,86,7.33E-06,-0.002898807,1.377723787,-5.721959389,0.000358405,0.00223522,0.03618404,0,1,1,1 
HDVD_87,Heavy Duty Trucks_Diesel_Articulated 40 - 50 t_Euro II,,,-0.04,0,12,86,4.92E-05,-0.014245238,1.183788691,6.027465444,3.25E-05,0.005388061,0.074994153,0,1,1,1 
HDVD_87,Heavy Duty Trucks_Diesel_Articulated 40 - 50 t_Euro II,,,-0.04,0.5,12,86,-0.001141955,0.064089013,5.831322304,-2.993816529,0.000711831,0.027052752,0.16296616,0,1,1,1 
HDVD_87,Heavy Duty Trucks_Diesel_Articulated 40 - 50 t_Euro II,,,-0.04,1,12,86,-0.001015116,0.052366746,5.693200656,-2.908035805,0.00067184,0.017631368,0.243283076,0,1,1,1 
HDVD_87,Heavy Duty Trucks_Diesel_Articulated 40 - 50 t_Euro II,,,-0.02,0,12,86,-0.000600722,0.105387283,6.321442533,10.67984622,0.000459093,0.0326436,0.155914095,0,1,1,1 
HDVD_87,Heavy Duty Trucks_Diesel_Articulated 40 - 50 t_Euro II,,,-0.02,0.5,12,86,-0.002578741,0.159513974,13.6162307,22.63397731,0.000367097,0.048592692,0.493687989,0,1,1,1 
HDVD_87,Heavy Duty Trucks_Diesel_Articulated 40 - 50 t_Euro II,,,-0.02,1,12,86,4.45E-05,-0.015675244,1.089947784,-5.938701208,-3.02E-05,0.002879049,-0.005279588,0,1,1,1 
HDVD_87,Heavy Duty Trucks_Diesel_Articulated 40 - 50 t_Euro II,,,0,0,12,86,-3.31E-05,0.048787907,4.658095309,20.29446668,-5.49E-05,0.017671838,0.184886352,0,1,1,1 
HDVD_87,Heavy Duty Trucks_Diesel_Articulated 40 - 50 t_Euro II,,,0,0.5,12,86,0.002195907,0.488160171,10.78379209,17.65935413,0.000618986,0.039615632,0.253072999,0,1,1,1 
HDVD_87,Heavy Duty Trucks_Diesel_Articulated 40 - 50 t_Euro II,,,0,1,12,86,-0.000508553,0.498731608,16.59846732,26.75749122,0.000273626,0.038954868,0.412591548,0,1,1,1 
HDVD_87,Heavy Duty Trucks_Diesel_Articulated 40 - 50 t_Euro II,,,0.02,0,12,86,0.002003253,0.302856845,5.857979609,35.4129264,0.00017176,0.026720241,0.216970486,0,1,1,1 
HDVD_87,Heavy Duty Trucks_Diesel_Articulated 40 - 50 t_Euro II,,,0.02,0.5,12,86,-0.00023856,0.068801055,3.691101387,7.082259017,-2.25E-05,0.005798705,0.095442776,0,1,1,1 
HDVD_87,Heavy Duty Trucks_Diesel_Articulated 40 - 50 t_Euro II,,,0.02,1,12,72,0.00015462,0.081509147,3.488989205,11.1770079,1.27E-05,0.003629379,0.091938057,0,1,1,1 
HDVD_87,Heavy Duty Trucks_Diesel_Articulated 40 - 50 t_Euro II,,,0.04,0,12,86,0.002507335,0.173657249,1.848154241,4.80547063,0.000155672,0.009592705,0.030481334,0,1,1,1 
HDVD_87,Heavy Duty Trucks_Diesel_Articulated 40 - 50 t_Euro II,,,0.04,0.5,12,63,0.004081653,0.51848105,-0.661402177,-14.43263873,0.000188511,0.01623332,-0.101759061,0,1,1,1 
HDVD_87,Heavy Duty Trucks_Diesel_Articulated 40 - 50 t_Euro II,,,0.04,1,12,46,-0.003073105,0.130308403,1.160610281,5.402879222,-7.55E-05,0.003457188,0.020550157,0,1,1,1 
HDVD_87,Heavy Duty Trucks_Diesel_Articulated 40 - 50 t_Euro II,,,0.06,0,12,81,0.003812797,0.566472391,1.061482793,-8.685638045,0.000211378,0.023755116,-0.086316841,0,1,1,1 
HDVD_87,Heavy Duty Trucks_Diesel_Articulated 40 - 50 t_Euro II,,,0.06,0.5,12,48,0.003674439,-0.144877018,1.112906209,8.463420078,9.94E-05,-0.004371732,0.05004162,0,1,1,1 
HDVD_87,Heavy Duty Trucks_Diesel_Articulated 40 - 50 t_Euro II,,,0.06,1,11,34,-0.01269863,0.474873472,-0.601469199,4.988750809,-0.000220405,0.008472523,-0.01568258,0,1,1,1 
HDVD_88,Heavy Duty Trucks_Diesel_Articulated 40 - 50 t_Euro III,,,-0.06,0,12,86,-6.25E-06,0.002189783,1.719174227,-5.276845923,0.000574446,0.005344527,0.015552637,0,1,1,1 
HDVD_88,Heavy Duty Trucks_Diesel_Articulated 40 - 50 t_Euro III,,,-0.06,0.5,12,86,-1.65E-06,0.000294614,1.908616062,-6.42464309,0.000622665,0.005393894,0.031086625,0,1,1,1 
HDVD_88,Heavy Duty Trucks_Diesel_Articulated 40 - 50 t_Euro III,,,-0.06,1,12,86,0.000347563,-0.00047763,4.058954771,1.811286955,0.002107856,-0.012641754,0.442789522,0,1,1,1 
HDVD_88,Heavy Duty Trucks_Diesel_Articulated 40 - 50 t_Euro III,,,-0.04,0,12,86,2.70E-05,-0.008960355,0.886288857,5.987252855,2.58E-05,0.005627434,0.059778569,0,1,1,1 
HDVD_88,Heavy Duty Trucks_Diesel_Articulated 40 - 50 t_Euro III,,,-0.04,0.5,12,86,5.54E-05,-0.015822517,1.294162549,5.740429945,3.32E-05,0.005878074,0.090570648,0,1,1,1 
HDVD_88,Heavy Duty Trucks_Diesel_Articulated 40 - 50 t_Euro III,,,-0.04,1,12,86,-0.000731356,0.04863133,5.963904666,-3.539937285,0.001045581,0.015770538,0.291417556,0,1,1,1 
HDVD_88,Heavy Duty Trucks_Diesel_Articulated 40 - 50 t_Euro III,,,-0.02,0,12,86,-4.42E-05,0.075923504,4.193722284,-8.943301121,0.000605809,0.022055787,0.00415333,0,1,1,1 
HDVD_88,Heavy Duty Trucks_Diesel_Articulated 40 - 50 t_Euro III,,,-0.02,0.5,12,86,-0.001300593,0.106294528,7.314770646,12.10621262,0.000337921,0.033537307,0.267503577,0,1,1,1 
HDVD_88,Heavy Duty Trucks_Diesel_Articulated 40 - 50 t_Euro III,,,-0.02,1,12,86,7.37E-05,-0.025298593,1.768408709,-10.82393243,-6.22E-05,0.005890982,-0.02131938,0,1,1,1 
HDVD_88,Heavy Duty Trucks_Diesel_Articulated 40 - 50 t_Euro III,,,0,0,12,86,0.000453976,0.088708102,5.089270582,15.35529271,7.78E-05,0.026992487,0.153769294,0,1,1,1 
HDVD_88,Heavy Duty Trucks_Diesel_Articulated 40 - 50 t_Euro III,,,0,0.5,12,86,0.005094263,0.534228125,-0.484673038,-18.18523586,0.001445028,0.019935726,-0.173483689,0,1,1,1 
HDVD_88,Heavy Duty Trucks_Diesel_Articulated 40 - 50 t_Euro III,,,0,1,12,86,-0.000389998,0.386804846,13.10482299,22.05758025,0.000273224,0.037733388,0.390839,0,1,1,1 
HDVD_88,Heavy Duty Trucks_Diesel_Articulated 40 - 50 t_Euro III,,,0.02,0,12,86,0.014154345,0.586130253,7.262829331,20.06977813,0.001727543,0.048593053,0.121491143,0,1,1,1 
HDVD_88,Heavy Duty Trucks_Diesel_Articulated 40 - 50 t_Euro III,,,0.02,0.5,12,86,-0.00031994,-0.01784153,5.095936303,35.44583694,-3.84E-05,0.001233199,0.297076228,0,1,1,1 
HDVD_88,Heavy Duty Trucks_Diesel_Articulated 40 - 50 t_Euro III,,,0.02,1,12,74,-0.000691708,0.046229831,0.797469914,-6.192655796,-4.30E-05,0.003638806,-0.014015526,0,1,1,1 
HDVD_88,Heavy Duty Trucks_Diesel_Articulated 40 - 50 t_Euro III,,,0.04,0,12,86,0.023587178,4.658866662,16.59323307,9.804295798,0.002851458,0.301000139,-0.660788806,0,1,1,1 
HDVD_88,Heavy Duty Trucks_Diesel_Articulated 40 - 50 t_Euro III,,,0.04,0.5,12,65,-0.000169573,0.080922738,3.178576235,4.784258046,-2.00E-05,0.005381391,0.076806865,0,1,1,1 
HDVD_88,Heavy Duty Trucks_Diesel_Articulated 40 - 50 t_Euro III,,,0.04,1,12,47,-0.002200254,0.112099209,0.155543073,-6.076882652,-7.66E-05,0.004453297,-0.026522494,0,1,1,1 
HDVD_88,Heavy Duty Trucks_Diesel_Articulated 40 - 50 t_Euro III,,,0.06,0,12,82,-0.000174469,0.23169236,11.23442072,23.55837634,-6.97E-05,0.022624739,0.328641259,0,1,1,1 
HDVD_88,Heavy Duty Trucks_Diesel_Articulated 40 - 50 t_Euro III,,,0.06,0.5,12,48,-0.005504609,0.295213431,-0.655439019,-15.95149107,-0.000197308,0.011763136,-0.09377244,0,1,1,1 
HDVD_88,Heavy Duty Trucks_Diesel_Articulated 40 - 50 t_Euro III,,,0.06,1,11,34,-0.011368433,0.367938921,1.871669752,4.239131696,-0.000271094,0.009743839,0.012951236,0,1,1,1 
HDVD_89,Heavy Duty Trucks_Diesel_Articulated 40 - 50 t_Euro IV,,,-0.06,0,12,86,6.30E-05,-0.012842396,0.664280831,5.948079587,0.000234798,0.004800447,0.172822489,0,1,1,1 
HDVD_89,Heavy Duty Trucks_Diesel_Articulated 40 - 50 t_Euro IV,,,-0.06,0.5,12,86,-0.000498669,0.008407519,3.129713165,1.126520385,0.003029746,-0.01242942,0.607039265,0,1,1,1 
HDVD_89,Heavy Duty Trucks_Diesel_Articulated 40 - 50 t_Euro IV,,,-0.06,1,12,86,-0.000331695,0.003004319,2.407358462,1.460002813,0.002202489,-0.015784548,0.589437855,0,1,1,1 
HDVD_89,Heavy Duty Trucks_Diesel_Articulated 40 - 50 t_Euro IV,,,-0.04,0,12,86,-0.000738079,0.034386418,3.255715401,-3.231634199,0.001080231,0.034011021,0.094825504,0,1,1,1 
HDVD_89,Heavy Duty Trucks_Diesel_Articulated 40 - 50 t_Euro IV,,,-0.04,0.5,12,86,-0.000633844,0.023859566,3.054481007,-1.897314261,0.000891128,0.018150358,0.264873968,0,1,1,1 
HDVD_89,Heavy Duty Trucks_Diesel_Articulated 40 - 50 t_Euro IV,,,-0.04,1,12,86,-0.000443854,0.015091692,2.267604782,-1.021949255,0.000576278,0.008787611,0.241080319,0,1,1,1 
HDVD_89,Heavy Duty Trucks_Diesel_Articulated 40 - 50 t_Euro IV,,,-0.02,0,12,86,-0.000264276,0.056244685,3.161103905,0.946544195,0.000568806,0.031424448,0.115508495,0,1,1,1 
HDVD_89,Heavy Duty Trucks_Diesel_Articulated 40 - 50 t_Euro IV,,,-0.02,0.5,12,86,2.44E-05,-0.008963586,0.639249346,-3.929042726,-4.28E-05,0.004088034,-0.015104165,0,1,1,1 
HDVD_89,Heavy Duty Trucks_Diesel_Articulated 40 - 50 t_Euro IV,,,-0.02,1,12,86,7.28E-05,-0.021389248,1.381317613,-6.272669852,-6.49E-05,0.006009247,0.007962919,0,1,1,1 
HDVD_89,Heavy Duty Trucks_Diesel_Articulated 40 - 50 t_Euro IV,,,0,0,12,86,0.001487453,0.079887791,5.270294399,16.52451284,0.000360537,0.035668109,0.373433405,0,1,1,1 
HDVD_89,Heavy Duty Trucks_Diesel_Articulated 40 - 50 t_Euro IV,,,0,0.5,12,86,0.003294373,0.073353248,-2.351864321,14.69112447,0.000990282,-0.01871935,0.101532072,0,1,1,1 
HDVD_89,Heavy Duty Trucks_Diesel_Articulated 40 - 50 t_Euro IV,,,0,1,12,86,-0.00027589,0.012156181,1.273608623,-7.742877174,-6.87E-05,0.006552231,-0.016896106,0,1,1,1 
HDVD_89,Heavy Duty Trucks_Diesel_Articulated 40 - 50 t_Euro IV,,,0.02,0,12,86,0.008774614,0.305996912,10.04800521,41.44289207,0.001189317,0.053349388,0.750978428,0,1,1,1 
HDVD_89,Heavy Duty Trucks_Diesel_Articulated 40 - 50 t_Euro IV,,,0.02,0.5,12,86,0.000693198,0.583030709,15.58595733,15.12862048,0.000272006,0.05535255,0.739609399,0,1,1,1 
HDVD_89,Heavy Duty Trucks_Diesel_Articulated 40 - 50 t_Euro IV,,,0.02,1,12,74,0.003549275,1.105190506,22.92968367,-3.677361908,0.00060647,0.075487708,0.744076473,0,1,1,1 
HDVD_89,Heavy Duty Trucks_Diesel_Articulated 40 - 50 t_Euro IV,,,0.04,0,12,86,0.000348989,-0.067624521,3.061744328,22.31962171,3.74E-05,-0.00737527,0.368446284,0,1,1,1 
HDVD_89,Heavy Duty Trucks_Diesel_Articulated 40 - 50 t_Euro IV,,,0.04,0.5,12,67,0.003211528,0.840492291,17.46810753,20.31156005,0.000369024,0.053452447,0.663064041,0,1,1,1 
HDVD_89,Heavy Duty Trucks_Diesel_Articulated 40 - 50 t_Euro IV,,,0.04,1,12,49,-0.002153174,0.089062493,2.530567636,-4.837470147,-0.000120876,0.006764421,0.036326156,0,1,1,1 
HDVD_89,Heavy Duty Trucks_Diesel_Articulated 40 - 50 t_Euro IV,,,0.06,0,12,84,0.002928538,1.361307035,32.01659418,23.67348526,0.000544853,0.108935702,1.492213793,0,1,1,1 
HDVD_89,Heavy Duty Trucks_Diesel_Articulated 40 - 50 t_Euro IV,,,0.06,0.5,12,50,-0.011087442,0.543222334,2.725250659,0.035529875,-0.000546497,0.029356596,0.002759192,0,1,1,1 
HDVD_89,Heavy Duty Trucks_Diesel_Articulated 40 - 50 t_Euro IV,,,0.06,1,11,36,-0.004019958,0.162782188,-0.001912081,-5.161824747,-0.000146082,0.006646984,-0.033500166,0,1,1,1 
HDVD_89,Heavy Duty Trucks_Diesel_Articulated 40 - 50 t_Euro IV,,,-0.06,0,12,86,6.30E-05,-0.012842396,0.664280831,5.948079587,0.000234798,0.004800447,0.172822489,0,1,1,1 
HDVD_89,Heavy Duty Trucks_Diesel_Articulated 40 - 50 t_Euro IV,,,-0.06,0.5,12,86,-0.000498669,0.008407519,3.129713165,1.126520385,0.003029746,-0.01242942,0.607039265,0,1,1,1 
HDVD_89,Heavy Duty Trucks_Diesel_Articulated 40 - 50 t_Euro IV,,,-0.06,1,12,86,-0.000331695,0.003004319,2.407358462,1.460002813,0.002202489,-0.015784548,0.589437855,0,1,1,1 
HDVD_89,Heavy Duty Trucks_Diesel_Articulated 40 - 50 t_Euro IV,,,-0.04,0,12,86,-0.000738079,0.034386418,3.255715401,-3.231634199,0.001080231,0.034011021,0.094825504,0,1,1,1 
HDVD_89,Heavy Duty Trucks_Diesel_Articulated 40 - 50 t_Euro IV,,,-0.04,1,12,86,-0.000443854,0.015091692,2.267604782,-1.021949255,0.000576278,0.008787611,0.241080319,0,1,1,1 
HDVD_89,Heavy Duty Trucks_Diesel_Articulated 40 - 50 t_Euro IV,,,-0.02,0,12,86,-0.000264276,0.056244685,3.161103905,0.946544195,0.000568806,0.031424448,0.115508495,0,1,1,1 
HDVD_89,Heavy Duty Trucks_Diesel_Articulated 40 - 50 t_Euro IV,,,-0.02,1,12,86,7.28E-05,-0.021389248,1.381317613,-6.272669852,-6.49E-05,0.006009247,0.007962919,0,1,1,1 
HDVD_89,Heavy Duty Trucks_Diesel_Articulated 40 - 50 t_Euro IV,,,0,0,12,86,0.001487453,0.079887791,5.270294399,16.52451284,0.000360537,0.035668109,0.373433405,0,1,1,1 
HDVD_89,Heavy Duty Trucks_Diesel_Articulated 40 - 50 t_Euro IV,,,0,1,12,86,-0.00027589,0.012156181,1.273608623,-7.742877174,-6.87E-05,0.006552231,-0.016896106,0,1,1,1 
HDVD_89,Heavy Duty Trucks_Diesel_Articulated 40 - 50 t_Euro IV,,,0.02,0,12,86,0.008774614,0.305996912,10.04800521,41.44289207,0.001189317,0.053349388,0.750978428,0,1,1,1 
HDVD_89,Heavy Duty Trucks_Diesel_Articulated 40 - 50 t_Euro IV,,,0.02,1,12,74,0.003549275,1.105190506,22.92968367,-3.677361908,0.00060647,0.075487708,0.744076473,0,1,1,1 
HDVD_89,Heavy Duty Trucks_Diesel_Articulated 40 - 50 t_Euro IV,,,0.04,0,12,86,0.000348989,-0.067624521,3.061744328,22.31962171,3.74E-05,-0.00737527,0.368446284,0,1,1,1 
HDVD_89,Heavy Duty Trucks_Diesel_Articulated 40 - 50 t_Euro IV,,,0.04,1,12,49,-0.002153174,0.089062493,2.530567636,-4.837470147,-0.000120876,0.006764421,0.036326156,0,1,1,1 
HDVD_89,Heavy Duty Trucks_Diesel_Articulated 40 - 50 t_Euro IV,,,0.06,0,12,84,0.002928538,1.361307035,32.01659418,23.67348526,0.000544853,0.108935702,1.492213793,0,1,1,1 
HDVD_89,Heavy Duty Trucks_Diesel_Articulated 40 - 50 t_Euro IV,,,0.06,0.5,12,50,-0.011087442,0.543222334,2.725250659,0.035529875,-0.000546497,0.029356596,0.002759192,0,1,1,1 
HDVD_89,Heavy Duty Trucks_Diesel_Articulated 40 - 50 t_Euro IV,,,0.06,1,11,36,-0.004019958,0.162782188,-0.001912081,-5.161824747,-0.000146082,0.006646984,-0.033500166,0,1,1,1 
HDVD_90,Heavy Duty Trucks_Diesel_Articulated 40 - 50 t_Euro V,SCR,,-0.06,0,5,75,-0.001135348,0.101564452,-1.003034661,6.231329875,0.00117394,-0.014905559,0.079800863,0,1,1,1 
HDVD_90,Heavy Duty Trucks_Diesel_Articulated 40 - 50 t_Euro V,SCR,,-0.06,0.5,5,80,-0.000562942,0.052008881,-0.498742008,2.884324428,0.000644682,-0.008206904,0.040319788,0,1,1,1 
HDVD_90,Heavy Duty Trucks_Diesel_Articulated 40 - 50 t_Euro V,SCR,,-0.06,1,5,85,-0.000700389,0.066053305,-0.568334959,3.203716118,0.000832621,-0.010142648,0.047589738,0,1,1,1 
HDVD_90,Heavy Duty Trucks_Diesel_Articulated 40 - 50 t_Euro V,SCR,,-0.04,0,5,85,-0.005079763,0.486159032,-2.975223445,6.358906046,0.003423991,-0.023535898,0.057318832,0,1,1,1 
HDVD_90,Heavy Duty Trucks_Diesel_Articulated 40 - 50 t_Euro V,SCR,,-0.04,0.5,5,85,-0.006860645,0.677230828,-3.901348964,8.009618627,0.004396039,-0.029087643,0.072608028,0,1,1,1 
HDVD_90,Heavy Duty Trucks_Diesel_Articulated 40 - 50 t_Euro V,SCR,,-0.04,1,5,85,-0.009567165,0.978666834,-5.439391707,10.58788026,0.005795204,-0.036888105,0.090814998,0,1,1,1 
HDVD_90,Heavy Duty Trucks_Diesel_Articulated 40 - 50 t_Euro V,SCR,,-0.02,0,5,85,-0.00247297,0.889591922,-3.866797553,6.706593459,0.005197073,-0.021004421,0.042657156,0,1,1,1 
HDVD_90,Heavy Duty Trucks_Diesel_Articulated 40 - 50 t_Euro V,SCR,,-0.02,0.5,5,85,-0.001924111,0.381860274,-1.297689015,1.957344775,0.001638976,-0.003246447,0.008297598,0,1,1,1 
HDVD_90,Heavy Duty Trucks_Diesel_Articulated 40 - 50 t_Euro V,SCR,,-0.02,1,5,85,-0.002237998,0.439521044,-1.543019286,2.210123232,0.001706074,-0.003499734,0.008728698,0,1,1,1 
HDVD_90,Heavy Duty Trucks_Diesel_Articulated 40 - 50 t_Euro V,SCR,,0,0,5,85,-0.000200002,0.004404406,1.644051103,2.906909909,-4.00E-05,0.006873345,0.037748743,0,1,1,1 
HDVD_90,Heavy Duty Trucks_Diesel_Articulated 40 - 50 t_Euro V,SCR,,0,0.5,5,85,-0.00771337,0.999031797,-2.199232225,2.410228338,0.003290048,0.000922447,-2.01E-14,0,1,1,1 
HDVD_90,Heavy Duty Trucks_Diesel_Articulated 40 - 50 t_Euro V,SCR,,0,1,5,85,-0.001398425,0.263966676,-1.326554326,2.796823607,0.001297895,-0.007626997,0.01897419,0,1,1,1 
HDVD_90,Heavy Duty Trucks_Diesel_Articulated 40 - 50 t_Euro V,SCR,,0.02,0,5,85,0.000206745,-0.02313514,0.805746136,3.603581018,1.41E-05,0.00040446,0.03741211,0,1,1,1 
HDVD_90,Heavy Duty Trucks_Diesel_Articulated 40 - 50 t_Euro V,SCR,,0.02,0.5,5,85,0.001299445,-0.032297625,1.596132159,1.39951692,0.000350759,0.001635745,0.026126739,0,1,1,1 
HDVD_90,Heavy Duty Trucks_Diesel_Articulated 40 - 50 t_Euro V,SCR,,0.02,1,5,75,0.006071742,-0.015883394,1.550469705,2.859597721,0.001537667,-0.00597277,0.043191341,0,1,1,1 
HDVD_90,Heavy Duty Trucks_Diesel_Articulated 40 - 50 t_Euro V,SCR,,0.04,0,5,85,0.000431351,-0.022641586,0.604325269,2.700161456,8.34E-05,-0.000477224,0.026937752,0,1,1,1 
HDVD_90,Heavy Duty Trucks_Diesel_Articulated 40 - 50 t_Euro V,SCR,,0.04,0.5,5,65,0.008559293,-0.134779931,3.501654243,-0.20222837,0.001379953,0.0011036,0.030398524,0,1,1,1 
HDVD_90,Heavy Duty Trucks_Diesel_Articulated 40 - 50 t_Euro V,SCR,,0.04,1,5,45,0.064927465,-0.799242017,12.55289665,-5.296335488,0.007036102,-0.000708229,0.060669008,0,1,1,1 
HDVD_90,Heavy Duty Trucks_Diesel_Articulated 40 - 50 t_Euro V,SCR,,0.06,0,5,85,0.001764452,-0.060477258,1.794852231,1.354761802,0.000290595,0.002128587,0.025296549,0,1,1,1 
HDVD_90,Heavy Duty Trucks_Diesel_Articulated 40 - 50 t_Euro V,SCR,,0.06,0.5,5,50,0.061400062,-0.807109583,13.14560612,-5.109050139,0.006945038,-0.001368647,0.071060747,0,1,1,1 
HDVD_90,Heavy Duty Trucks_Diesel_Articulated 40 - 50 t_Euro V,SCR,,0.06,1,5,35,0.07157044,-0.734048,8.128061893,-6.104329028,0.005189124,0.005249166,0.001684452,0,1,1,1 
HDVD_90,Heavy Duty Trucks_Diesel_Articulated 40 - 50 t_Euro V,EGR,,-0.06,0,5,85,-0.000748897,0.071416002,-0.236983108,2.989218479,0.001192816,-0.009647453,0.062614073,0,1,1,1 
HDVD_90,Heavy Duty Trucks_Diesel_Articulated 40 - 50 t_Euro V,EGR,,-0.06,0.5,5,65,-0.00712401,0.528502942,-2.114782125,1.252100955,0.005314652,-0.018906703,-1.11E-12,0,1,1,1 
HDVD_90,Heavy Duty Trucks_Diesel_Articulated 40 - 50 t_Euro V,EGR,,-0.06,1,5,85,-0.000814765,0.083708701,-0.460956804,3.23145272,0.001465783,-0.014137839,0.07186878,0,1,1,1 
HDVD_90,Heavy Duty Trucks_Diesel_Articulated 40 - 50 t_Euro V,EGR,,-0.04,0,5,85,-0.004003844,0.391013459,-2.178166495,4.346126566,0.003881781,-0.024382233,0.0563291,0,1,1,1 
HDVD_90,Heavy Duty Trucks_Diesel_Articulated 40 - 50 t_Euro V,EGR,,-0.04,0.5,5,85,-0.00406886,0.399909038,-2.16779622,4.441613164,0.003899123,-0.024423486,0.060387012,0,1,1,1 
HDVD_90,Heavy Duty Trucks_Diesel_Articulated 40 - 50 t_Euro V,EGR,,-0.04,1,5,85,-0.004438038,0.449865817,-2.454542916,4.844513549,0.00424294,-0.026740657,0.064401328,0,1,1,1 
HDVD_90,Heavy Duty Trucks_Diesel_Articulated 40 - 50 t_Euro V,EGR,,-0.02,0,5,85,-0.003024843,0.650625346,-3.155520324,5.76588272,0.005834107,-0.029413777,0.062126576,0,1,1,1 
HDVD_90,Heavy Duty Trucks_Diesel_Articulated 40 - 50 t_Euro V,EGR,,-0.02,0.5,5,85,-0.004064074,0.703147429,-2.826650335,4.910503711,0.005310394,-0.019959259,0.047669227,0,1,1,1 
HDVD_90,Heavy Duty Trucks_Diesel_Articulated 40 - 50 t_Euro V,EGR,,-0.02,1,5,85,-0.005828766,0.914500762,-3.229966582,4.742148114,0.005850471,-0.014925891,0.034038167,0,1,1,1 
HDVD_90,Heavy Duty Trucks_Diesel_Articulated 40 - 50 t_Euro V,EGR,,0,0,5,85,0.005756244,0.192334174,1.906235262,10.05900695,0.00283926,-0.002721866,0.178174865,0,1,1,1 
HDVD_90,Heavy Duty Trucks_Diesel_Articulated 40 - 50 t_Euro V,EGR,,0,0.5,5,85,0.021412917,1.220126711,-4.061700148,7.161993683,0.00994936,-0.028349496,0.06528971,0,1,1,1 
HDVD_90,Heavy Duty Trucks_Diesel_Articulated 40 - 50 t_Euro V,EGR,,0,1,5,85,0.053199062,3.646610461,-8.448566337,8.187478798,0.022358323,-0.008953883,-7.06E-14,0,1,1,1 
HDVD_90,Heavy Duty Trucks_Diesel_Articulated 40 - 50 t_Euro V,EGR,,0.02,0,5,85,0.012202393,0.197690469,6.530908057,9.350719381,0.002658386,0.027489319,0.207597586,0,1,1,1 
HDVD_90,Heavy Duty Trucks_Diesel_Articulated 40 - 50 t_Euro V,EGR,,0.02,0.5,5,85,-0.001467135,0.110967556,2.975694052,-1.261378151,-0.000240813,0.023433168,0.009919434,0,1,1,1 
HDVD_90,Heavy Duty Trucks_Diesel_Articulated 40 - 50 t_Euro V,EGR,,0.02,1,5,75,-0.000964643,0.277696797,4.329741401,-0.39311562,-1.33E-06,0.031470438,0.030888787,0,1,1,1 
HDVD_90,Heavy Duty Trucks_Diesel_Articulated 40 - 50 t_Euro V,EGR,,0.04,0,5,85,0.003977306,0.063591031,2.213586644,2.157227408,0.000530703,0.010961419,0.051760397,0,1,1,1 
HDVD_90,Heavy Duty Trucks_Diesel_Articulated 40 - 50 t_Euro V,EGR,,0.04,0.5,5,70,-0.004004533,0.413949993,5.314998275,-2.743023184,-0.000313671,0.045103796,0.001554418,0,1,1,1 
HDVD_90,Heavy Duty Trucks_Diesel_Articulated 40 - 50 t_Euro V,EGR,,0.04,1,5,45,0.002515332,0.569855266,1.201547488,-8.11746492,0.000573589,0.028426031,-0.086044702,0,1,1,1 
HDVD_90,Heavy Duty Trucks_Diesel_Articulated 40 - 50 t_Euro V,EGR,,0.06,0,5,85,-0.002235835,0.183053187,2.916535267,-1.548406534,-0.000267106,0.026581976,-1.21E-12,0,1,1,1 
HDVD_90,Heavy Duty Trucks_Diesel_Articulated 40 - 50 t_Euro V,EGR,,0.06,0.5,5,50,0.002262784,0.929656255,6.023486345,0.40907034,0.00074633,0.054562264,0.019889773,0,1,1,1 
HDVD_90,Heavy Duty Trucks_Diesel_Articulated 40 - 50 t_Euro V,EGR,,0.06,1,5,35,0.012670599,0.933779892,2.623532425,0.950793955,0.001447776,0.030592604,-2.13E-14,0,1,1,1 
HDVD_91,Heavy Duty Trucks_Diesel_Articulated 40 - 50 t_Euro VI,,,-0.06,0,5,75,-0.002846642,0.183575207,2.421183964,-0.982759749,0.001904906,0.054093355,2.65E-13,0,1,1,1 
HDVD_91,Heavy Duty Trucks_Diesel_Articulated 40 - 50 t_Euro VI,,,-0.06,0.5,5,85,-0.000137627,0.015161428,-0.283223728,2.173918293,0.000251539,-0.006167726,0.053276738,0,1,1,1 
HDVD_91,Heavy Duty Trucks_Diesel_Articulated 40 - 50 t_Euro VI,,,-0.06,1,5,85,-0.000321767,0.037986336,-0.702065707,3.587006563,0.000697788,-0.01573517,0.089708339,0,1,1,1 
HDVD_91,Heavy Duty Trucks_Diesel_Articulated 40 - 50 t_Euro VI,,,-0.04,0,5,85,-0.000122701,0.014156591,-0.166498231,3.585906549,0.00018612,-0.003885829,0.07884483,0,1,1,1 
HDVD_91,Heavy Duty Trucks_Diesel_Articulated 40 - 50 t_Euro VI,,,-0.04,0.5,5,85,-0.000561585,0.098451979,-1.624163876,6.975938661,0.001664437,-0.032083759,0.150011622,0,1,1,1 
HDVD_91,Heavy Duty Trucks_Diesel_Articulated 40 - 50 t_Euro VI,,,-0.04,1,5,85,-0.001953493,0.214679096,-0.06004916,-14.90290916,0.004002241,-0.005836785,-0.350098017,0,1,1,1 
HDVD_91,Heavy Duty Trucks_Diesel_Articulated 40 - 50 t_Euro VI,,,-0.02,0,5,85,0.0006877,0.205954264,-1.914302004,4.411349344,0.003994229,-0.035620184,0.079927146,0,1,1,1 
HDVD_91,Heavy Duty Trucks_Diesel_Articulated 40 - 50 t_Euro VI,,,-0.02,0.5,5,85,0.000545752,0.124559815,-1.324441817,4.301505341,0.004346909,-0.037929924,0.103106555,0,1,1,1 
HDVD_91,Heavy Duty Trucks_Diesel_Articulated 40 - 50 t_Euro VI,,,-0.02,1,5,85,0.001163899,0.07780889,-0.749000612,3.025829755,0.006285634,-0.042766121,0.101885955,0,1,1,1 
HDVD_91,Heavy Duty Trucks_Diesel_Articulated 40 - 50 t_Euro VI,,,0,0,5,85,-0.000697841,0.091899493,-0.688255756,1.977669428,0.002431602,-0.017140892,0.040211469,0,1,1,1 
HDVD_91,Heavy Duty Trucks_Diesel_Articulated 40 - 50 t_Euro VI,,,0,0.5,5,85,-0.000809838,0.158956525,-1.426730473,5.086070289,0.008160848,-0.05335042,0.120911768,0,1,1,1 
HDVD_91,Heavy Duty Trucks_Diesel_Articulated 40 - 50 t_Euro VI,,,0,1,5,85,-0.000238348,0.069804272,-0.6770204,2.182309887,0.00397621,-0.02535681,0.053084954,0,1,1,1 
HDVD_91,Heavy Duty Trucks_Diesel_Articulated 40 - 50 t_Euro VI,,,0.02,0,5,85,-0.000157342,0.068176163,-0.527045185,2.425656317,0.003724962,-0.022863305,0.0566474,0,1,1,1 
HDVD_91,Heavy Duty Trucks_Diesel_Articulated 40 - 50 t_Euro VI,,,0.02,0.5,5,85,-4.92E-05,0.074929947,-0.724576673,2.330589808,0.004085789,-0.025212634,0.053277767,0,1,1,1 
HDVD_91,Heavy Duty Trucks_Diesel_Articulated 40 - 50 t_Euro VI,,,0.02,1,5,75,0.000678335,0.072923433,-0.851180661,3.336786206,0.004951431,-0.021157542,0.053684351,0,1,1,1 
HDVD_91,Heavy Duty Trucks_Diesel_Articulated 40 - 50 t_Euro VI,,,0.04,0,5,85,0.000211192,0.074512078,-0.636635773,2.63061506,0.004921738,-0.02882586,0.064301962,0,1,1,1 
HDVD_91,Heavy Duty Trucks_Diesel_Articulated 40 - 50 t_Euro VI,,,0.04,0.5,5,70,0.001696513,0.05455133,-0.710866376,3.60688787,0.00549442,-0.016992014,0.050746768,0,1,1,1 
HDVD_91,Heavy Duty Trucks_Diesel_Articulated 40 - 50 t_Euro VI,,,0.04,1,5,50,0.100842524,-1.036891061,6.150738685,2.319374963,0.094112035,-0.085409651,-0.094271834,0,1,1,1 
HDVD_91,Heavy Duty Trucks_Diesel_Articulated 40 - 50 t_Euro VI,,,0.06,0,5,85,0.001090744,0.110505679,-1.063222044,4.099927842,0.008100251,-0.045706727,0.098465976,0,1,1,1 
HDVD_91,Heavy Duty Trucks_Diesel_Articulated 40 - 50 t_Euro VI,,,0.06,0.5,5,50,0.035752344,-0.50569276,3.797638098,-7.479384222,0.033328793,-0.131443917,0.103836089,0,1,1,1 
HDVD_91,Heavy Duty Trucks_Diesel_Articulated 40 - 50 t_Euro VI,,,0.06,1,5,35,0.002566013,0.492446543,-6.212058424,39.52789136,-0.009522453,0.51746421,7.64E-13,0,1,1,1 
HDVD_92,Heavy Duty Trucks_Diesel_Articulated 50 - 60 t_Conventional,,,-0.06,0,12,86,1.24E-05,-0.004215424,1.550462982,-5.636296879,0.00034743,0.001740659,0.027168184,0,1,1,1 
HDVD_92,Heavy Duty Trucks_Diesel_Articulated 50 - 60 t_Conventional,,,-0.06,0.5,12,86,-0.000341296,0.018115449,4.97605067,-0.276662581,0.00139993,-0.000973592,0.33168706,0,1,1,1 
HDVD_92,Heavy Duty Trucks_Diesel_Articulated 50 - 60 t_Conventional,,,-0.06,1,12,86,2.49E-05,-0.00845376,1.963789921,-9.290772133,0.000358086,0.000996404,0.050653102,0,1,1,1 
HDVD_92,Heavy Duty Trucks_Diesel_Articulated 50 - 60 t_Conventional,,,-0.04,0,12,86,0.000106403,-0.029040322,2.23967018,9.558007834,5.19E-05,0.00672375,0.109922874,0,1,1,1 
HDVD_92,Heavy Duty Trucks_Diesel_Articulated 50 - 60 t_Conventional,,,-0.04,0.5,12,86,-0.001267995,0.063272612,6.894370136,-3.591073759,0.000629752,0.016813012,0.218225416,0,1,1,1 
HDVD_92,Heavy Duty Trucks_Diesel_Articulated 50 - 60 t_Conventional,,,-0.04,1,12,84,-0.001241462,0.144837826,-2.287600762,11.25055186,0.000371397,-0.005734421,0.029235681,0,1,1,1 
HDVD_92,Heavy Duty Trucks_Diesel_Articulated 50 - 60 t_Conventional,,,-0.02,0,12,86,4.86E-05,-0.015109734,1.195762537,6.181707457,-2.06E-05,0.002881715,0.052778012,0,1,1,1 
HDVD_92,Heavy Duty Trucks_Diesel_Articulated 50 - 60 t_Conventional,,,-0.02,0.5,12,86,3.33E-05,-0.016705303,1.280872762,-7.282870135,-2.92E-05,0.002816783,-0.00701456,0,1,1,1 
HDVD_92,Heavy Duty Trucks_Diesel_Articulated 50 - 60 t_Conventional,,,-0.02,1,12,86,0.000196086,-0.074817795,5.225270544,-18.62227363,-7.35E-05,0.006868376,0.038579762,0,1,1,1 
HDVD_92,Heavy Duty Trucks_Diesel_Articulated 50 - 60 t_Conventional,,,0,0,12,86,-0.000161445,0.0638998,5.929007738,22.68621564,-5.28E-05,0.015056123,0.174279557,0,1,1,1 
HDVD_92,Heavy Duty Trucks_Diesel_Articulated 50 - 60 t_Conventional,,,0,0.5,12,86,0.000370222,0.202975356,5.783049235,-2.602325461,0.000116312,0.011463926,0.083352012,0,1,1,1 
HDVD_92,Heavy Duty Trucks_Diesel_Articulated 50 - 60 t_Conventional,,,0,1,12,85,-0.000262811,-0.001925797,2.533720923,-7.657785011,-2.73E-05,0.002400209,0.017273935,0,1,1,1 
HDVD_92,Heavy Duty Trucks_Diesel_Articulated 50 - 60 t_Conventional,,,0.02,0,12,86,9.02E-05,0.048626465,2.661409169,7.705813372,-1.57E-05,0.004861338,0.065008979,0,1,1,1 
HDVD_92,Heavy Duty Trucks_Diesel_Articulated 50 - 60 t_Conventional,,,0.02,0.5,12,79,-0.000330757,0.135528954,5.561753612,7.676147133,-1.86E-05,0.005463442,0.092174994,0,1,1,1 
HDVD_92,Heavy Duty Trucks_Diesel_Articulated 50 - 60 t_Conventional,,,0.02,1,12,62,-0.002677468,0.156604947,2.499691226,-10.14084809,-6.28E-05,0.004469354,0.001589857,0,1,1,1 
HDVD_92,Heavy Duty Trucks_Diesel_Articulated 50 - 60 t_Conventional,,,0.04,0,12,86,0.004842056,0.522121236,1.505016542,-31.58649455,0.000103566,0.022985046,-0.148460385,0,1,1,1 
HDVD_92,Heavy Duty Trucks_Diesel_Articulated 50 - 60 t_Conventional,,,0.04,0.5,12,53,-0.008976858,0.50585382,-0.045097148,-9.908591454,-0.00016905,0.010203058,-0.041230248,0,1,1,1 
HDVD_92,Heavy Duty Trucks_Diesel_Articulated 50 - 60 t_Conventional,,,0.04,1,11,39,-0.00366135,0.060793955,4.341634836,12.68760523,-4.39E-05,0.000762155,0.055710865,0,1,1,1 
HDVD_92,Heavy Duty Trucks_Diesel_Articulated 50 - 60 t_Conventional,,,0.06,0,12,72,0.00057771,0.099229701,1.852877041,9.520280068,1.16E-05,0.002605006,0.044355247,0,1,1,1 
HDVD_92,Heavy Duty Trucks_Diesel_Articulated 50 - 60 t_Conventional,,,0.06,0.5,12,39,-0.012570737,0.520909337,0.870019872,5.588624727,-0.000162851,0.006961112,0.005069005,0,1,1,1 
HDVD_92,Heavy Duty Trucks_Diesel_Articulated 50 - 60 t_Conventional,,,0.06,1,10,27,-0.00786739,0.241303796,-0.058631428,5.892590566,-6.27E-05,0.001828818,0.004789791,0,1,1,1 
HDVD_93,Heavy Duty Trucks_Diesel_Articulated 50 - 60 t_Euro I,,,-0.06,0,12,86,7.45E-06,-0.00287772,2.326158921,-7.94854865,0.000671548,0.004580961,0.040822601,0,1,1,1 
HDVD_93,Heavy Duty Trucks_Diesel_Articulated 50 - 60 t_Euro I,,,-0.06,0.5,12,86,-0.000243899,0.017229932,3.517850137,-1.348555795,0.001248895,0.003182485,0.239532694,0,1,1,1 
HDVD_93,Heavy Duty Trucks_Diesel_Articulated 50 - 60 t_Euro I,,,-0.06,1,12,86,1.12E-05,-0.004117533,1.340648321,-5.949619985,0.000328736,0.001572177,0.039615611,0,1,1,1 
HDVD_93,Heavy Duty Trucks_Diesel_Articulated 50 - 60 t_Euro I,,,-0.04,0,12,86,-0.000844229,0.052565187,4.291050768,-2.905977254,0.000609823,0.024080366,0.052676458,0,1,1,1 
HDVD_93,Heavy Duty Trucks_Diesel_Articulated 50 - 60 t_Euro I,,,-0.04,0.5,12,86,-0.000797865,0.042838105,4.143662023,-2.145714593,0.000482904,0.016751155,0.140325947,0,1,1,1 
HDVD_93,Heavy Duty Trucks_Diesel_Articulated 50 - 60 t_Euro I,,,-0.04,1,12,86,-0.001025586,0.046991466,5.832304808,-2.89332593,0.000557964,0.016555076,0.259494557,0,1,1,1 
HDVD_93,Heavy Duty Trucks_Diesel_Articulated 50 - 60 t_Euro I,,,-0.02,0,12,86,-0.00061196,0.077679753,5.094436195,9.282392056,0.000312997,0.024869911,0.142722888,0,1,1,1 
HDVD_93,Heavy Duty Trucks_Diesel_Articulated 50 - 60 t_Euro I,,,-0.02,0.5,12,86,8.66E-05,-0.038353093,2.867592619,-17.34515337,-9.25E-05,0.008918043,-0.030783852,0,1,1,1 
HDVD_93,Heavy Duty Trucks_Diesel_Articulated 50 - 60 t_Euro I,,,-0.02,1,12,86,9.19E-05,-0.033899942,2.356662398,-9.80167749,-5.11E-05,0.00481312,0.013232419,0,1,1,1 
HDVD_93,Heavy Duty Trucks_Diesel_Articulated 50 - 60 t_Euro I,,,0,0,12,86,-9.73E-05,0.055129272,5.20799474,21.11761958,-6.09E-05,0.018450063,0.203916192,0,1,1,1 
HDVD_93,Heavy Duty Trucks_Diesel_Articulated 50 - 60 t_Euro I,,,0,0.5,12,86,0.0011273,0.588917623,16.92175649,8.299083457,0.000480542,0.04866127,0.367207232,0,1,1,1 
HDVD_93,Heavy Duty Trucks_Diesel_Articulated 50 - 60 t_Euro I,,,0,1,12,85,-0.000964127,0.362628492,7.202757657,5.521427877,0.000156935,0.01784193,0.155601133,0,1,1,1 
HDVD_93,Heavy Duty Trucks_Diesel_Articulated 50 - 60 t_Euro I,,,0.02,0,12,86,0.02217993,2.608652766,33.26945026,-0.359460689,0.001477242,0.221299097,-0.00542309,0,1,1,1 
HDVD_93,Heavy Duty Trucks_Diesel_Articulated 50 - 60 t_Euro I,,,0.02,0.5,12,79,0.001352518,0.175525769,-1.248808822,-10.66491338,8.41E-05,0.006130334,-0.081026029,0,1,1,1 
HDVD_93,Heavy Duty Trucks_Diesel_Articulated 50 - 60 t_Euro I,,,0.02,1,12,63,-0.002771796,0.176433557,1.872140124,-12.45512113,-9.61E-05,0.007280244,-0.018294941,0,1,1,1 
HDVD_93,Heavy Duty Trucks_Diesel_Articulated 50 - 60 t_Euro I,,,0.04,0,12,86,0.016343827,2.371746888,7.64526796,-0.908758987,0.000895261,0.115957864,-0.231101908,0,1,1,1 
HDVD_93,Heavy Duty Trucks_Diesel_Articulated 50 - 60 t_Euro I,,,0.04,0.5,12,53,-0.001147722,0.163888998,-1.177183254,-7.572820508,-3.07E-05,0.004723406,-0.052410631,0,1,1,1 
HDVD_93,Heavy Duty Trucks_Diesel_Articulated 50 - 60 t_Euro I,,,0.04,1,11,39,-0.00805445,0.348830535,0.416534138,-3.754016612,-0.000157256,0.007437073,-0.018245929,0,1,1,1 
HDVD_93,Heavy Duty Trucks_Diesel_Articulated 50 - 60 t_Euro I,,,0.06,0,12,74,0.013533501,1.759953659,4.550784518,1.138846113,0.000541682,0.065703805,-0.103343393,0,1,1,1 
HDVD_93,Heavy Duty Trucks_Diesel_Articulated 50 - 60 t_Euro I,,,0.06,0.5,12,40,-0.031106576,1.292591092,1.218222748,3.513584371,-0.000624774,0.027310093,-0.029543266,0,1,1,1 
HDVD_93,Heavy Duty Trucks_Diesel_Articulated 50 - 60 t_Euro I,,,0.06,1,11,28,-0.000533214,0.014268377,0.053802518,5.787015935,4.18E-06,-0.000426355,0.012082004,0,1,1,1 
HDVD_94,Heavy Duty Trucks_Diesel_Articulated 50 - 60 t_Euro II,,,-0.06,0,12,86,4.66E-05,-0.013353996,1.082699186,8.306123345,6.24E-05,0.006641318,0.080863973,0,1,1,1 
HDVD_94,Heavy Duty Trucks_Diesel_Articulated 50 - 60 t_Euro II,,,-0.06,0.5,12,86,-0.000249348,0.019391691,3.675604269,-1.566694295,0.001155168,0.003767821,0.214783896,0,1,1,1 
HDVD_94,Heavy Duty Trucks_Diesel_Articulated 50 - 60 t_Euro II,,,-0.06,1,12,86,9.09E-06,-0.00362961,1.625402116,-6.953565651,0.000364242,0.002203341,0.039679175,0,1,1,1 
HDVD_94,Heavy Duty Trucks_Diesel_Articulated 50 - 60 t_Euro II,,,-0.04,0,12,86,6.26E-05,-0.017880442,1.462293367,7.084476631,3.54E-05,0.005688401,0.082554671,0,1,1,1 
HDVD_94,Heavy Duty Trucks_Diesel_Articulated 50 - 60 t_Euro II,,,-0.04,0.5,12,86,-0.001616985,0.088220322,8.333796632,-4.254468203,0.000870733,0.031559586,0.236154954,0,1,1,1 
HDVD_94,Heavy Duty Trucks_Diesel_Articulated 50 - 60 t_Euro II,,,-0.04,1,12,86,-0.000998456,0.049088209,5.660845205,-2.830259559,0.000553008,0.014145367,0.224886495,0,1,1,1 
HDVD_94,Heavy Duty Trucks_Diesel_Articulated 50 - 60 t_Euro II,,,-0.02,0,12,86,-0.00067748,0.08580785,5.603655806,11.27302659,0.000302841,0.024497134,0.14483551,0,1,1,1 
HDVD_94,Heavy Duty Trucks_Diesel_Articulated 50 - 60 t_Euro II,,,-0.02,0.5,12,86,6.47E-05,-0.025208758,1.830106822,-11.66268254,-5.47E-05,0.00526786,-0.022380596,0,1,1,1 
HDVD_94,Heavy Duty Trucks_Diesel_Articulated 50 - 60 t_Euro II,,,-0.02,1,12,86,5.82E-05,-0.020015829,1.37315378,-6.868063987,-3.04E-05,0.002883032,-0.001232117,0,1,1,1 
HDVD_94,Heavy Duty Trucks_Diesel_Articulated 50 - 60 t_Euro II,,,0,0,12,86,-9.71E-05,0.0486395,4.763751702,19.59451159,-5.06E-05,0.01511481,0.166288078,0,1,1,1 
HDVD_94,Heavy Duty Trucks_Diesel_Articulated 50 - 60 t_Euro II,,,0,0.5,12,86,0.000813188,0.429625602,13.41705434,22.55344051,0.000327924,0.035135148,0.301932986,0,1,1,1 
HDVD_94,Heavy Duty Trucks_Diesel_Articulated 50 - 60 t_Euro II,,,0,1,12,86,-0.000498579,0.280632915,8.262042358,11.09242035,0.00012376,0.016445355,0.170708472,0,1,1,1 
HDVD_94,Heavy Duty Trucks_Diesel_Articulated 50 - 60 t_Euro II,,,0.02,0,12,86,0.000290565,0.313108434,5.115810106,21.31995163,2.45E-05,0.024237568,0.112108682,0,1,1,1 
HDVD_94,Heavy Duty Trucks_Diesel_Articulated 50 - 60 t_Euro II,,,0.02,0.5,12,83,-0.000561711,0.118335042,6.43566647,11.57816563,-3.79E-05,0.008171309,0.139461146,0,1,1,1 
HDVD_94,Heavy Duty Trucks_Diesel_Articulated 50 - 60 t_Euro II,,,0.02,1,12,66,0.000693878,0.214518163,5.764051857,12.36092982,4.20E-05,0.006912689,0.107731217,0,1,1,1 
HDVD_94,Heavy Duty Trucks_Diesel_Articulated 50 - 60 t_Euro II,,,0.04,0,12,86,0.002225505,0.473054422,4.217167537,5.499281179,0.000125004,0.023524411,0.026154786,0,1,1,1 
HDVD_94,Heavy Duty Trucks_Diesel_Articulated 50 - 60 t_Euro II,,,0.04,0.5,12,59,0.000410488,-0.03992263,1.35467213,9.578436786,1.28E-05,-0.001300045,0.048572244,0,1,1,1 
HDVD_94,Heavy Duty Trucks_Diesel_Articulated 50 - 60 t_Euro II,,,0.04,1,12,42,-0.00981237,0.396739229,2.411700187,6.475260229,-0.000196082,0.008649191,0.020414577,0,1,1,1 
HDVD_94,Heavy Duty Trucks_Diesel_Articulated 50 - 60 t_Euro II,,,0.06,0,12,77,-0.002085901,0.171683549,-0.218029251,-14.47815751,-8.54E-05,0.007748604,-0.072051618,0,1,1,1 
HDVD_94,Heavy Duty Trucks_Diesel_Articulated 50 - 60 t_Euro II,,,0.06,0.5,12,44,-0.006270224,0.285179302,0.690785883,-6.363464696,-0.000140282,0.007132662,-0.022313914,0,1,1,1 
HDVD_94,Heavy Duty Trucks_Diesel_Articulated 50 - 60 t_Euro II,,,0.06,1,11,30,-0.008663396,0.293201493,-0.313924617,4.346896657,-0.000118068,0.004066607,-0.00414289,0,1,1,1 
HDVD_95,Heavy Duty Trucks_Diesel_Articulated 50 - 60 t_Euro III,,,-0.06,0,12,86,-5.11E-06,0.001709245,1.801253847,-5.613594746,0.000530343,0.004813719,0.017131892,0,1,1,1 
HDVD_95,Heavy Duty Trucks_Diesel_Articulated 50 - 60 t_Euro III,,,-0.06,0.5,12,86,0.000316388,0.003314639,4.32111694,0.856823015,0.001989643,-0.008650756,0.358765303,0,1,1,1 
HDVD_95,Heavy Duty Trucks_Diesel_Articulated 50 - 60 t_Euro III,,,-0.06,1,12,86,0.000371787,-0.001782509,4.388608619,2.320938755,0.001974477,-0.013148581,0.44891615,0,1,1,1 
HDVD_95,Heavy Duty Trucks_Diesel_Articulated 50 - 60 t_Euro III,,,-0.04,0,12,86,4.14E-05,-0.013362687,1.275462066,8.196969199,3.22E-05,0.006914167,0.076923525,0,1,1,1 
HDVD_95,Heavy Duty Trucks_Diesel_Articulated 50 - 60 t_Euro III,,,-0.04,0.5,12,86,7.75E-05,-0.021654801,1.724008858,6.768053773,3.83E-05,0.006300736,0.106894789,0,1,1,1 
HDVD_95,Heavy Duty Trucks_Diesel_Articulated 50 - 60 t_Euro III,,,-0.04,1,12,86,-0.00089907,0.056871469,7.073186234,-3.677681099,0.001029626,0.015337257,0.32137992,0,1,1,1 
HDVD_95,Heavy Duty Trucks_Diesel_Articulated 50 - 60 t_Euro III,,,-0.02,0,12,86,5.58E-05,-0.019841359,1.530421591,11.02163423,-5.72E-05,0.006412746,0.091608717,0,1,1,1 
HDVD_95,Heavy Duty Trucks_Diesel_Articulated 50 - 60 t_Euro III,,,-0.02,0.5,12,86,7.45E-05,-0.028380533,2.074083801,-14.78751088,-7.81E-05,0.007494678,-0.043950711,0,1,1,1 
HDVD_95,Heavy Duty Trucks_Diesel_Articulated 50 - 60 t_Euro III,,,-0.02,1,12,86,5.93E-05,-0.020218116,1.401791221,-7.846307008,-3.95E-05,0.003719914,-0.008247968,0,1,1,1 
HDVD_95,Heavy Duty Trucks_Diesel_Articulated 50 - 60 t_Euro III,,,0,0,12,86,-5.98E-05,0.032157299,3.545351121,15.96628068,-4.48E-05,0.013672429,0.142255134,0,1,1,1 
HDVD_95,Heavy Duty Trucks_Diesel_Articulated 50 - 60 t_Euro III,,,0,0.5,12,86,0.000882006,0.288239986,8.142762313,15.95039796,0.000327028,0.027498231,0.212354734,0,1,1,1 
HDVD_95,Heavy Duty Trucks_Diesel_Articulated 50 - 60 t_Euro III,,,0,1,12,86,-0.000420475,0.009692606,2.776607565,-15.31004378,-7.07E-05,0.006652257,-0.010184339,0,1,1,1 
HDVD_95,Heavy Duty Trucks_Diesel_Articulated 50 - 60 t_Euro III,,,0.02,0,12,86,0.00176244,0.491458996,7.526262874,25.16930407,0.000206642,0.047020857,0.12891977,0,1,1,1 
HDVD_95,Heavy Duty Trucks_Diesel_Articulated 50 - 60 t_Euro III,,,0.02,0.5,12,84,-6.25E-05,0.002367023,1.317575425,7.827027816,-5.69E-06,0.000616976,0.058633946,0,1,1,1 
HDVD_95,Heavy Duty Trucks_Diesel_Articulated 50 - 60 t_Euro III,,,0.02,1,12,67,-0.001090847,0.056860055,1.528783415,-8.135859385,-5.73E-05,0.004128255,-0.005727139,0,1,1,1 
HDVD_95,Heavy Duty Trucks_Diesel_Articulated 50 - 60 t_Euro III,,,0.04,0,12,86,0.004149838,0.826780214,2.497264069,-7.662621877,0.00044196,0.044950906,-0.137407719,0,1,1,1 
HDVD_95,Heavy Duty Trucks_Diesel_Articulated 50 - 60 t_Euro III,,,0.04,0.5,12,60,-0.001547364,0.090559527,0.526608118,-5.962067204,-6.39E-05,0.004348983,-0.020225369,0,1,1,1 
HDVD_95,Heavy Duty Trucks_Diesel_Articulated 50 - 60 t_Euro III,,,0.04,1,12,43,-0.002746902,0.150055993,-0.370216861,-7.230265335,-7.18E-05,0.004389483,-0.034178139,0,1,1,1 
HDVD_95,Heavy Duty Trucks_Diesel_Articulated 50 - 60 t_Euro III,,,0.06,0,12,77,-2.84E-05,0.069758994,3.258847866,6.792201535,-1.84E-05,0.005766845,0.080303506,0,1,1,1 
HDVD_95,Heavy Duty Trucks_Diesel_Articulated 50 - 60 t_Euro III,,,0.06,0.5,12,44,-0.003136107,0.164359447,-0.368638297,-8.490670476,-9.05E-05,0.005291053,-0.041504398,0,1,1,1 
HDVD_95,Heavy Duty Trucks_Diesel_Articulated 50 - 60 t_Euro III,,,0.06,1,11,31,-0.005867705,0.191940805,0.216413418,4.850175777,-0.000107645,0.003692333,0.001763988,0,1,1,1 
HDVD_96,Heavy Duty Trucks_Diesel_Articulated 50 - 60 t_Euro IV,,,-0.06,0,12,86,0.000102805,-0.022052447,1.369533901,5.360393621,0.000604029,0.002705466,0.244811419,0,1,1,1 
HDVD_96,Heavy Duty Trucks_Diesel_Articulated 50 - 60 t_Euro IV,,,-0.06,0.5,12,86,-0.000416133,0.007114124,2.578292798,0.390338395,0.002081825,-0.006702029,0.426797798,0,1,1,1 
HDVD_96,Heavy Duty Trucks_Diesel_Articulated 50 - 60 t_Euro IV,,,-0.06,1,12,86,-0.000338676,0.002458355,2.54944654,1.563529532,0.001976663,-0.0151893,0.566580019,0,1,1,1 
HDVD_96,Heavy Duty Trucks_Diesel_Articulated 50 - 60 t_Euro IV,,,-0.04,0,12,86,-0.000465516,0.021195542,2.04397339,-1.848118268,0.000580141,0.018611528,0.061976155,0,1,1,1 
HDVD_96,Heavy Duty Trucks_Diesel_Articulated 50 - 60 t_Euro IV,,,-0.04,0.5,12,86,-0.000671282,0.025022383,3.196100027,-1.847291788,0.000759901,0.016519036,0.251856977,0,1,1,1 
HDVD_96,Heavy Duty Trucks_Diesel_Articulated 50 - 60 t_Euro IV,,,-0.04,1,12,86,-0.000505689,0.016777706,2.610307512,-1.026569994,0.000549486,0.007745488,0.254803779,0,1,1,1 
HDVD_96,Heavy Duty Trucks_Diesel_Articulated 50 - 60 t_Euro IV,,,-0.02,0,12,86,-0.000333049,0.040882434,2.637307434,3.191959316,0.000303006,0.022476416,0.122832128,0,1,1,1 
HDVD_96,Heavy Duty Trucks_Diesel_Articulated 50 - 60 t_Euro IV,,,-0.02,0.5,12,86,3.46E-05,-0.011877343,0.823800606,-4.64657055,-4.42E-05,0.004193615,-0.009908216,0,1,1,1 
HDVD_96,Heavy Duty Trucks_Diesel_Articulated 50 - 60 t_Euro IV,,,-0.02,1,12,86,5.06E-05,-0.014511581,0.922682426,-3.801856356,-3.41E-05,0.003126828,0.009779881,0,1,1,1 
HDVD_96,Heavy Duty Trucks_Diesel_Articulated 50 - 60 t_Euro IV,,,0,0,12,86,0.000825843,0.079615415,4.728406627,12.17001523,0.000171231,0.029541926,0.267368739,0,1,1,1 
HDVD_96,Heavy Duty Trucks_Diesel_Articulated 50 - 60 t_Euro IV,,,0,0.5,12,86,-0.000924671,0.051315809,3.058171234,-25.87307209,-0.000222232,0.021305183,-0.123564802,0,1,1,1 
HDVD_96,Heavy Duty Trucks_Diesel_Articulated 50 - 60 t_Euro IV,,,0,1,12,86,-0.001082805,0.524539067,13.91516901,15.70691122,0.000395929,0.052282433,0.541522407,0,1,1,1 
HDVD_96,Heavy Duty Trucks_Diesel_Articulated 50 - 60 t_Euro IV,,,0.02,0,12,86,0.026103836,0.711297866,6.107796082,-26.96656097,0.00334973,0.076318063,-0.22214199,0,1,1,1 
HDVD_96,Heavy Duty Trucks_Diesel_Articulated 50 - 60 t_Euro IV,,,0.02,0.5,12,85,0.000710271,0.683345688,18.24247602,17.3422036,0.0002564,0.053469851,0.719067193,0,1,1,1 
HDVD_96,Heavy Duty Trucks_Diesel_Articulated 50 - 60 t_Euro IV,,,0.02,1,12,69,-0.000652482,0.029377287,1.912956209,-3.865665737,-5.16E-05,0.003806829,0.033310361,0,1,1,1 
HDVD_96,Heavy Duty Trucks_Diesel_Articulated 50 - 60 t_Euro IV,,,0.04,0,12,86,-0.006680792,0.633264567,-0.744226377,-47.29935701,-0.000593483,0.06178899,-0.540457972,0,1,1,1 
HDVD_96,Heavy Duty Trucks_Diesel_Articulated 50 - 60 t_Euro IV,,,0.04,0.5,12,60,-0.002643832,0.154829975,1.168126884,-10.3626807,-0.000157932,0.010815254,-0.039376175,0,1,1,1 
HDVD_96,Heavy Duty Trucks_Diesel_Articulated 50 - 60 t_Euro IV,,,0.04,1,12,43,-0.005482608,0.25143952,3.114179936,-9.524788453,-0.000221729,0.012342458,0.011250027,0,1,1,1 
HDVD_96,Heavy Duty Trucks_Diesel_Articulated 50 - 60 t_Euro IV,,,0.06,0,12,80,0.002972427,0.875264457,20.84510639,30.90860136,0.000356868,0.059883953,0.870658679,0,1,1,1 
HDVD_96,Heavy Duty Trucks_Diesel_Articulated 50 - 60 t_Euro IV,,,0.06,0.5,12,44,-0.003343373,0.163730795,0.359957829,-5.708398334,-0.000136309,0.007473177,-0.02904744,0,1,1,1 
HDVD_96,Heavy Duty Trucks_Diesel_Articulated 50 - 60 t_Euro IV,,,0.06,1,11,31,0.000164968,-0.013930675,0.234618918,5.343237694,1.60E-05,-0.001099264,0.022379012,0,1,1,1 
HDVD_96,Heavy Duty Trucks_Diesel_Articulated 50 - 60 t_Euro IV,,,-0.06,0,12,86,0.000102805,-0.022052447,1.369533901,5.360393621,0.000604029,0.002705466,0.244811419,0,1,1,1 
HDVD_96,Heavy Duty Trucks_Diesel_Articulated 50 - 60 t_Euro IV,,,-0.06,0.5,12,86,-0.000416133,0.007114124,2.578292798,0.390338395,0.002081825,-0.006702029,0.426797798,0,1,1,1 
HDVD_96,Heavy Duty Trucks_Diesel_Articulated 50 - 60 t_Euro IV,,,-0.06,1,12,86,-0.000338676,0.002458355,2.54944654,1.563529532,0.001976663,-0.0151893,0.566580019,0,1,1,1 
HDVD_96,Heavy Duty Trucks_Diesel_Articulated 50 - 60 t_Euro IV,,,-0.04,0,12,86,-0.000465516,0.021195542,2.04397339,-1.848118268,0.000580141,0.018611528,0.061976155,0,1,1,1 
HDVD_96,Heavy Duty Trucks_Diesel_Articulated 50 - 60 t_Euro IV,,,-0.04,1,12,86,-0.000505689,0.016777706,2.610307512,-1.026569994,0.000549486,0.007745488,0.254803779,0,1,1,1 
HDVD_96,Heavy Duty Trucks_Diesel_Articulated 50 - 60 t_Euro IV,,,-0.02,0,12,86,-0.000333049,0.040882434,2.637307434,3.191959316,0.000303006,0.022476416,0.122832128,0,1,1,1 
HDVD_96,Heavy Duty Trucks_Diesel_Articulated 50 - 60 t_Euro IV,,,-0.02,1,12,86,5.06E-05,-0.014511581,0.922682426,-3.801856356,-3.41E-05,0.003126828,0.009779881,0,1,1,1 
HDVD_96,Heavy Duty Trucks_Diesel_Articulated 50 - 60 t_Euro IV,,,0,0,12,86,0.000825843,0.079615415,4.728406627,12.17001523,0.000171231,0.029541926,0.267368739,0,1,1,1 
HDVD_96,Heavy Duty Trucks_Diesel_Articulated 50 - 60 t_Euro IV,,,0,1,12,86,-0.001082805,0.524539067,13.91516901,15.70691122,0.000395929,0.052282433,0.541522407,0,1,1,1 
HDVD_96,Heavy Duty Trucks_Diesel_Articulated 50 - 60 t_Euro IV,,,0.02,0,12,86,0.026103836,0.711297866,6.107796082,-26.96656097,0.00334973,0.076318063,-0.22214199,0,1,1,1 
HDVD_96,Heavy Duty Trucks_Diesel_Articulated 50 - 60 t_Euro IV,,,0.02,1,12,69,-0.000652482,0.029377287,1.912956209,-3.865665737,-5.16E-05,0.003806829,0.033310361,0,1,1,1 
HDVD_96,Heavy Duty Trucks_Diesel_Articulated 50 - 60 t_Euro IV,,,0.04,0,12,86,-0.006680792,0.633264567,-0.744226377,-47.29935701,-0.000593483,0.06178899,-0.540457972,0,1,1,1 
HDVD_96,Heavy Duty Trucks_Diesel_Articulated 50 - 60 t_Euro IV,,,0.04,1,12,43,-0.005482608,0.25143952,3.114179936,-9.524788453,-0.000221729,0.012342458,0.011250027,0,1,1,1 
HDVD_96,Heavy Duty Trucks_Diesel_Articulated 50 - 60 t_Euro IV,,,0.06,0,12,80,0.002972427,0.875264457,20.84510639,30.90860136,0.000356868,0.059883953,0.870658679,0,1,1,1 
HDVD_96,Heavy Duty Trucks_Diesel_Articulated 50 - 60 t_Euro IV,,,0.06,0.5,12,44,-0.003343373,0.163730795,0.359957829,-5.708398334,-0.000136309,0.007473177,-0.02904744,0,1,1,1 
HDVD_96,Heavy Duty Trucks_Diesel_Articulated 50 - 60 t_Euro IV,,,0.06,1,11,31,0.000164968,-0.013930675,0.234618918,5.343237694,1.60E-05,-0.001099264,0.022379012,0,1,1,1 
HDVD_97,Heavy Duty Trucks_Diesel_Articulated 50 - 60 t_Euro V,SCR,,-0.06,0,5,75,-0.00119875,0.107581235,-1.064333761,6.465863206,0.001106958,-0.014103819,0.074287839,0,1,1,1 
HDVD_97,Heavy Duty Trucks_Diesel_Articulated 50 - 60 t_Euro V,SCR,,-0.06,0.5,5,80,-0.00166838,0.155030902,-1.419347965,8.142610888,0.001715545,-0.021379201,0.103463235,0,1,1,1 
HDVD_97,Heavy Duty Trucks_Diesel_Articulated 50 - 60 t_Euro V,SCR,,-0.06,1,5,85,-0.001677199,0.16029708,-1.304055347,7.397234051,0.001796002,-0.021463909,0.09998566,0,1,1,1 
HDVD_97,Heavy Duty Trucks_Diesel_Articulated 50 - 60 t_Euro V,SCR,,-0.04,0,5,85,-0.005840048,0.559962773,-3.392121562,7.150331441,0.003461794,-0.023532052,0.056953005,0,1,1,1 
HDVD_97,Heavy Duty Trucks_Diesel_Articulated 50 - 60 t_Euro V,SCR,,-0.04,0.5,5,85,-0.00835699,0.836974654,-4.781746359,9.617917077,0.00469145,-0.03070536,0.075899363,0,1,1,1 
HDVD_97,Heavy Duty Trucks_Diesel_Articulated 50 - 60 t_Euro V,SCR,,-0.04,1,5,85,-0.002965414,0.308409596,-1.671419667,3.155954677,0.001559376,-0.009613494,0.023355648,0,1,1,1 
HDVD_97,Heavy Duty Trucks_Diesel_Articulated 50 - 60 t_Euro V,SCR,,-0.02,0,5,85,-0.00218066,0.608224281,-2.327732028,3.594758757,0.002967257,-0.009417333,0.017197817,0,1,1,1 
HDVD_97,Heavy Duty Trucks_Diesel_Articulated 50 - 60 t_Euro V,SCR,,-0.02,0.5,5,85,-0.002272875,0.439266421,-1.443242224,2.08487282,0.001588369,-0.002592228,0.00691698,0,1,1,1 
HDVD_97,Heavy Duty Trucks_Diesel_Articulated 50 - 60 t_Euro V,SCR,,-0.02,1,5,85,-0.002699262,0.582176943,-2.168180321,3.081413157,0.002022753,-0.00523295,0.011659457,0,1,1,1 
HDVD_97,Heavy Duty Trucks_Diesel_Articulated 50 - 60 t_Euro V,SCR,,0,0,5,85,-0.000244238,0.006053814,2.017057232,3.462467122,-3.20E-05,0.007170649,0.041120311,0,1,1,1 
HDVD_97,Heavy Duty Trucks_Diesel_Articulated 50 - 60 t_Euro V,SCR,,0,0.5,5,85,-0.003594838,0.483748871,-1.491757014,2.222612083,0.001592423,-0.003336597,0.008075338,0,1,1,1 
HDVD_97,Heavy Duty Trucks_Diesel_Articulated 50 - 60 t_Euro V,SCR,,0,1,5,85,-0.000667648,0.218928087,-1.208205177,3.403262824,0.001142427,-0.008027297,0.023840867,0,1,1,1 
HDVD_97,Heavy Duty Trucks_Diesel_Articulated 50 - 60 t_Euro V,SCR,,0.02,0,5,85,0.000356557,-0.034715585,1.160448136,5.28354475,3.75E-05,0.000179598,0.048659731,0,1,1,1 
HDVD_97,Heavy Duty Trucks_Diesel_Articulated 50 - 60 t_Euro V,SCR,,0.02,0.5,5,80,0.004210152,-0.048707858,3.112065066,3.322905024,0.001107862,-0.000403531,0.052536249,0,1,1,1 
HDVD_97,Heavy Duty Trucks_Diesel_Articulated 50 - 60 t_Euro V,SCR,,0.02,1,5,70,0.009022347,-0.044939434,2.071824804,2.212392072,0.001695394,-0.005297931,0.037479894,0,1,1,1 
HDVD_97,Heavy Duty Trucks_Diesel_Articulated 50 - 60 t_Euro V,SCR,,0.04,0,5,85,0.000740666,-0.035607779,1.044548299,2.942600719,0.000123385,0.000180832,0.028906743,0,1,1,1 
HDVD_97,Heavy Duty Trucks_Diesel_Articulated 50 - 60 t_Euro V,SCR,,0.04,0.5,5,60,0.011689751,-0.169481577,3.645198126,-0.285466058,0.001500203,-0.000279307,0.02748906,0,1,1,1 
HDVD_97,Heavy Duty Trucks_Diesel_Articulated 50 - 60 t_Euro V,SCR,,0.04,1,5,40,0.042837454,-0.638360223,8.470027408,-7.887836114,0.002944042,0.008276398,6.31E-15,0,1,1,1 
HDVD_97,Heavy Duty Trucks_Diesel_Articulated 50 - 60 t_Euro V,SCR,,0.06,0,5,80,0.002475549,-0.073967666,2.173599341,0.789010542,0.000359189,0.00244242,0.021390129,0,1,1,1 
HDVD_97,Heavy Duty Trucks_Diesel_Articulated 50 - 60 t_Euro V,SCR,,0.06,0.5,5,40,0.026000425,-0.375993385,4.891924951,-2.241925141,0.002057042,0.00112098,0.016693429,0,1,1,1 
HDVD_97,Heavy Duty Trucks_Diesel_Articulated 50 - 60 t_Euro V,SCR,,0.06,1,5,30,-0.002805041,0.217059565,-1.471760281,16.78077871,-0.000313407,0.015022369,0.022855262,0,1,1,1 
HDVD_97,Heavy Duty Trucks_Diesel_Articulated 50 - 60 t_Euro V,EGR,,-0.06,0,5,85,-0.000833142,0.079524676,-0.294046183,3.238869633,0.001168646,-0.009623252,0.060122206,0,1,1,1 
HDVD_97,Heavy Duty Trucks_Diesel_Articulated 50 - 60 t_Euro V,EGR,,-0.06,0.5,5,85,-0.000877452,0.088449366,-0.441009126,3.600135076,0.001380508,-0.012935667,0.070524153,0,1,1,1 
HDVD_97,Heavy Duty Trucks_Diesel_Articulated 50 - 60 t_Euro V,EGR,,-0.06,1,5,65,-0.007370237,0.541556198,-2.199413333,1.433305631,0.004697142,-0.016591313,-9.88E-14,0,1,1,1 
HDVD_97,Heavy Duty Trucks_Diesel_Articulated 50 - 60 t_Euro V,EGR,,-0.04,0,5,85,-0.004615173,0.45033847,-2.509818906,5.007587703,0.003960299,-0.024903542,0.057781383,0,1,1,1 
HDVD_97,Heavy Duty Trucks_Diesel_Articulated 50 - 60 t_Euro V,EGR,,-0.04,0.5,5,85,-0.004623093,0.458090275,-2.483343191,5.015832495,0.003921995,-0.024515396,0.060014037,0,1,1,1 
HDVD_97,Heavy Duty Trucks_Diesel_Articulated 50 - 60 t_Euro V,EGR,,-0.04,1,5,85,-0.004903865,0.503646667,-2.704909565,5.179259717,0.004144223,-0.025590815,0.060216718,0,1,1,1 
HDVD_97,Heavy Duty Trucks_Diesel_Articulated 50 - 60 t_Euro V,EGR,,-0.02,0,5,85,-0.003374541,0.661844416,-3.046632244,5.311711209,0.005121913,-0.023905666,0.048728593,0,1,1,1 
HDVD_97,Heavy Duty Trucks_Diesel_Articulated 50 - 60 t_Euro V,EGR,,-0.02,0.5,5,85,-0.00586984,0.990753085,-3.784343992,6.266090084,0.006334509,-0.021213554,0.050439868,0,1,1,1 
HDVD_97,Heavy Duty Trucks_Diesel_Articulated 50 - 60 t_Euro V,EGR,,-0.02,1,5,85,-0.007886602,1.161469374,-3.602302723,4.817222908,0.006025816,-0.00857575,0.021733821,0,1,1,1 
HDVD_97,Heavy Duty Trucks_Diesel_Articulated 50 - 60 t_Euro V,EGR,,0,0,5,85,0.008106491,0.309245388,1.272772789,12.29161726,0.003659157,-0.009738061,0.184197218,0,1,1,1 
HDVD_97,Heavy Duty Trucks_Diesel_Articulated 50 - 60 t_Euro V,EGR,,0,0.5,5,85,0.028924343,2.456943636,-6.414198662,-13.86482664,0.01339588,0.012656417,-0.255136692,0,1,1,1 
HDVD_97,Heavy Duty Trucks_Diesel_Articulated 50 - 60 t_Euro V,EGR,,0,1,5,85,0.014965045,1.103582262,-2.191645481,2.446581756,0.005427797,0.002109471,2.46E-14,0,1,1,1 
HDVD_97,Heavy Duty Trucks_Diesel_Articulated 50 - 60 t_Euro V,EGR,,0.02,0,5,85,0.003234055,0.051688289,1.790351956,2.641313544,0.000592583,0.006681267,0.051031227,0,1,1,1 
HDVD_97,Heavy Duty Trucks_Diesel_Articulated 50 - 60 t_Euro V,EGR,,0.02,0.5,5,80,-0.002085677,0.176498458,4.174441368,-1.45216882,-0.000261401,0.028397014,0.016153871,0,1,1,1 
HDVD_97,Heavy Duty Trucks_Diesel_Articulated 50 - 60 t_Euro V,EGR,,0.02,1,5,70,-0.002375581,0.253333092,4.943796783,1.360968847,-0.000176551,0.02757331,0.049678394,0,1,1,1 
HDVD_97,Heavy Duty Trucks_Diesel_Articulated 50 - 60 t_Euro V,EGR,,0.04,0,5,85,0.020332022,0.205519282,1.533889232,5.630001195,0.00268647,-0.002211515,0.087351975,0,1,1,1 
HDVD_97,Heavy Duty Trucks_Diesel_Articulated 50 - 60 t_Euro V,EGR,,0.04,0.5,5,60,0.00684414,0.613698676,4.847893178,0.10194083,0.000899882,0.035932373,0.023549904,0,1,1,1 
HDVD_97,Heavy Duty Trucks_Diesel_Articulated 50 - 60 t_Euro V,EGR,,0.04,1,5,40,-1.45E-06,-0.011404412,0.680543557,3.115216108,-1.16E-05,0.000114836,0.029430613,0,1,1,1 
HDVD_97,Heavy Duty Trucks_Diesel_Articulated 50 - 60 t_Euro V,EGR,,0.06,0,5,80,-0.0050902,0.47067674,6.731546695,-3.510700864,-0.000473564,0.054636167,-1.63E-14,0,1,1,1 
HDVD_97,Heavy Duty Trucks_Diesel_Articulated 50 - 60 t_Euro V,EGR,,0.06,0.5,5,45,0.000708429,0.360807788,3.687588271,5.13345204,0.000151132,0.020560371,0.053786216,0,1,1,1 
HDVD_97,Heavy Duty Trucks_Diesel_Articulated 50 - 60 t_Euro V,EGR,,0.06,1,5,30,0.096923038,0.174829636,-2.676310821,1.054784514,0.004416468,-0.020295202,0.007736825,0,1,1,1 
HDVD_98,Heavy Duty Trucks_Diesel_Articulated 50 - 60 t_Euro VI,,,-0.06,0,5,75,-0.002991606,0.189108866,2.826826591,-1.051108655,0.001753961,0.057175062,4.28E-13,0,1,1,1 
HDVD_98,Heavy Duty Trucks_Diesel_Articulated 50 - 60 t_Euro VI,,,-0.06,0.5,5,85,-0.002356917,0.28412394,-2.877368283,-0.717969458,0.00505912,-0.06010864,-0.024343041,0,1,1,1 
HDVD_98,Heavy Duty Trucks_Diesel_Articulated 50 - 60 t_Euro VI,,,-0.06,1,5,85,-0.001503483,0.15378623,-1.533757599,1.990525762,0.002702788,-0.032376549,0.04019311,0,1,1,1 
HDVD_98,Heavy Duty Trucks_Diesel_Articulated 50 - 60 t_Euro VI,,,-0.04,0,5,85,-0.000136453,0.017302146,-0.275818209,3.540693755,0.000204194,-0.004850238,0.068260411,0,1,1,1 
HDVD_98,Heavy Duty Trucks_Diesel_Articulated 50 - 60 t_Euro VI,,,-0.04,0.5,5,85,-0.003303804,0.465367825,-3.51963664,-4.631008672,0.007209133,-0.065506543,-0.107302046,0,1,1,1 
HDVD_98,Heavy Duty Trucks_Diesel_Articulated 50 - 60 t_Euro VI,,,-0.04,1,5,85,-0.000431307,0.04943292,-0.835826238,3.848256785,0.000704798,-0.014627513,0.077756557,0,1,1,1 
HDVD_98,Heavy Duty Trucks_Diesel_Articulated 50 - 60 t_Euro VI,,,-0.02,0,5,85,-0.00030878,0.114277892,-1.87565481,8.23585404,0.001511988,-0.025744724,0.120339688,0,1,1,1 
HDVD_98,Heavy Duty Trucks_Diesel_Articulated 50 - 60 t_Euro VI,,,-0.02,0.5,5,85,0.000519544,0.082625016,-0.873305371,3.041601394,0.003287686,-0.026678907,0.071116067,0,1,1,1 
HDVD_98,Heavy Duty Trucks_Diesel_Articulated 50 - 60 t_Euro VI,,,-0.02,1,5,85,0.001594652,0.064020516,-0.422192701,2.071647735,0.007219124,-0.041268028,0.084354521,0,1,1,1 
HDVD_98,Heavy Duty Trucks_Diesel_Articulated 50 - 60 t_Euro VI,,,0,0,5,85,-0.001078931,0.153093669,-1.175463223,3.665511153,0.004100444,-0.028601167,0.068736925,0,1,1,1 
HDVD_98,Heavy Duty Trucks_Diesel_Articulated 50 - 60 t_Euro VI,,,0,0.5,5,85,-0.000651028,0.168052707,-1.531692211,5.432470764,0.008545152,-0.054090022,0.118387149,0,1,1,1 
HDVD_98,Heavy Duty Trucks_Diesel_Articulated 50 - 60 t_Euro VI,,,0,1,5,85,-0.00034611,0.091342319,-0.903303506,2.78466357,0.004342558,-0.027890764,0.058225165,0,1,1,1 
HDVD_98,Heavy Duty Trucks_Diesel_Articulated 50 - 60 t_Euro VI,,,0.02,0,5,85,-2.42E-05,0.054529408,-0.440320933,2.051528061,0.003002343,-0.018150207,0.043849188,0,1,1,1 
HDVD_98,Heavy Duty Trucks_Diesel_Articulated 50 - 60 t_Euro VI,,,0.02,0.5,5,85,-4.33E-05,0.082645639,-0.823657058,2.637054307,0.003938329,-0.02404986,0.051775545,0,1,1,1 
HDVD_98,Heavy Duty Trucks_Diesel_Articulated 50 - 60 t_Euro VI,,,0.02,1,5,70,0.001737506,0.042789777,-0.562500909,2.999193885,0.004605287,-0.006798837,0.024010717,0,1,1,1 
HDVD_98,Heavy Duty Trucks_Diesel_Articulated 50 - 60 t_Euro VI,,,0.04,0,5,85,0.000546947,0.153006679,-1.265070269,4.882469862,0.009140607,-0.052004731,0.11003164,0,1,1,1 
HDVD_98,Heavy Duty Trucks_Diesel_Articulated 50 - 60 t_Euro VI,,,0.04,0.5,5,65,0.020716899,-0.177067026,0.762920556,7.220713207,0.024044345,-0.012311467,0.04423595,0,1,1,1 
HDVD_98,Heavy Duty Trucks_Diesel_Articulated 50 - 60 t_Euro VI,,,0.04,1,5,45,0.072607028,-1.169497367,8.065361968,-14.01427484,0.041423011,-0.101168974,1.86E-14,0,1,1,1 
HDVD_98,Heavy Duty Trucks_Diesel_Articulated 50 - 60 t_Euro VI,,,0.06,0,5,85,0.001629552,0.124373065,-1.273715136,5.047353074,0.008571818,-0.047032601,0.103778054,0,1,1,1 
HDVD_98,Heavy Duty Trucks_Diesel_Articulated 50 - 60 t_Euro VI,,,0.06,0.5,5,45,0.061038588,-0.923446869,6.463518774,-11.98505266,0.041627493,-0.152551792,0.103595565,0,1,1,1 
HDVD_98,Heavy Duty Trucks_Diesel_Articulated 50 - 60 t_Euro VI,,,0.06,1,5,30,-0.000993202,0.157875749,-1.26771099,7.39934522,-0.002072268,0.109976504,1.30E-14,0,1,1,1 
BD_1,Buses_Diesel_Urban Buses Midi <=15 t_Conventional,,,-0.06,0,11,86,-0.000737888,0.043044713,3.414995996,1.01472268,0.000598843,0.029978811,0.072968737,0,1,1,1 
BD_1,Buses_Diesel_Urban Buses Midi <=15 t_Conventional,,,-0.06,0.5,11,86,-0.000631554,0.03573596,2.58042686,1.836494154,0.000459905,0.023712347,0.073850618,0,1,1,1 
BD_1,Buses_Diesel_Urban Buses Midi <=15 t_Conventional,,,-0.06,1,11,86,-0.00057891,0.029233911,2.517060269,3.505077726,0.00037044,0.023630394,0.100742064,0,1,1,1 
BD_1,Buses_Diesel_Urban Buses Midi <=15 t_Conventional,,,-0.04,0,11,86,-0.000423482,0.051021317,3.21902246,4.388788528,0.000403386,0.024712362,0.090600336,0,1,1,1 
BD_1,Buses_Diesel_Urban Buses Midi <=15 t_Conventional,,,-0.04,0.5,11,86,-0.000864196,0.063672271,4.705761419,7.156693661,0.000442299,0.033860023,0.191328055,0,1,1,1 
BD_1,Buses_Diesel_Urban Buses Midi <=15 t_Conventional,,,-0.04,1,11,86,-0.000602201,0.037192063,2.955158909,4.581522734,0.000229108,0.020276315,0.139573624,0,1,1,1 
BD_1,Buses_Diesel_Urban Buses Midi <=15 t_Conventional,,,-0.02,0,11,86,0.013271451,0.048455268,12.90753184,-0.066062548,0.004310468,0.00130684,0.681465041,0,1,1,1 
BD_1,Buses_Diesel_Urban Buses Midi <=15 t_Conventional,,,-0.02,0.5,11,86,0.001383671,0.209778497,7.089905642,-2.42512709,0.001099366,0.046651835,0.093442014,0,1,1,1 
BD_1,Buses_Diesel_Urban Buses Midi <=15 t_Conventional,,,-0.02,1,11,86,-0.000464707,0.207381772,6.492305276,13.61335255,0.000670228,0.042165982,0.234864409,0,1,1,1 
BD_1,Buses_Diesel_Urban Buses Midi <=15 t_Conventional,,,0,0,11,86,0.003734771,-0.058965344,3.755369639,14.76855158,0.000522938,-0.002079254,0.281827201,0,1,1,1 
BD_1,Buses_Diesel_Urban Buses Midi <=15 t_Conventional,,,0,0.5,11,86,2.64E-05,0.056528619,4.276346886,16.24102117,-5.96E-05,0.018596095,0.195144201,0,1,1,1 
BD_1,Buses_Diesel_Urban Buses Midi <=15 t_Conventional,,,0,1,11,86,0.017154101,0.165915,12.3422895,-4.439905436,0.002575232,0.015173035,0.465250011,0,1,1,1 
BD_1,Buses_Diesel_Urban Buses Midi <=15 t_Conventional,,,0.02,0,11,86,0.006578227,-0.124350489,4.318388346,17.80864774,0.00064435,-0.00899507,0.318344316,0,1,1,1 
BD_1,Buses_Diesel_Urban Buses Midi <=15 t_Conventional,,,0.02,0.5,11,86,0.000164337,0.187370237,10.37227965,28.83488636,-0.000105626,0.032954304,0.410087752,0,1,1,1 
BD_1,Buses_Diesel_Urban Buses Midi <=15 t_Conventional,,,0.02,1,11,86,-8.47E-05,0.181675312,9.169308967,20.66273888,-7.78E-05,0.025133822,0.342354779,0,1,1,1 
BD_1,Buses_Diesel_Urban Buses Midi <=15 t_Conventional,,,0.04,0,11,86,0.005361425,0.692012634,11.87750021,0.145927874,0.000267838,0.077321477,0.052959534,0,1,1,1 
BD_1,Buses_Diesel_Urban Buses Midi <=15 t_Conventional,,,0.04,0.5,11,82,0.006661185,1.002287818,7.717473057,-22.57279952,0.00042655,0.07675276,-0.167543571,0,1,1,1 
BD_1,Buses_Diesel_Urban Buses Midi <=15 t_Conventional,,,0.04,1,11,71,-0.00054939,0.156938226,2.389665652,6.169522293,-3.55E-05,0.010362403,0.065493202,0,1,1,1 
BD_1,Buses_Diesel_Urban Buses Midi <=15 t_Conventional,,,0.06,0,11,80,0.001522606,0.283711143,6.578631719,46.78703439,9.23E-05,0.020453441,0.3401834,0,1,1,1 
BD_1,Buses_Diesel_Urban Buses Midi <=15 t_Conventional,,,0.06,0.5,11,66,0.001040231,0.215827931,2.22256858,3.638079191,5.58E-05,0.012471708,0.037753428,0,1,1,1 
BD_1,Buses_Diesel_Urban Buses Midi <=15 t_Conventional,,,0.06,1,11,55,0.00804279,0.9032158,1.159626333,-7.225327976,0.000421273,0.038046694,-0.103921654,0,1,1,1 
BD_2,Buses_Diesel_Urban Buses Midi <=15 t_Euro I,,,-0.06,0,11,86,-0.000518881,0.038174284,2.663935927,-3.041441197,0.000806283,0.027540331,0.010212525,0,1,1,1 
BD_2,Buses_Diesel_Urban Buses Midi <=15 t_Euro I,,,-0.06,0.5,11,86,-0.000828364,0.052124095,3.901341586,-0.720053683,0.001021175,0.045067379,0.048722669,0,1,1,1 
BD_2,Buses_Diesel_Urban Buses Midi <=15 t_Euro I,,,-0.06,1,11,86,-0.000603632,0.035655256,2.82464,2.280553937,0.000659992,0.034016615,0.078028391,0,1,1,1 
BD_2,Buses_Diesel_Urban Buses Midi <=15 t_Euro I,,,-0.04,0,11,86,-0.000696825,0.103092977,5.031401074,0.851018821,0.001198425,0.049661538,0.080836931,0,1,1,1 
BD_2,Buses_Diesel_Urban Buses Midi <=15 t_Euro I,,,-0.04,0.5,11,86,-0.000422376,0.034101924,2.422466649,2.958617862,0.000363565,0.022999866,0.094032672,0,1,1,1 
BD_2,Buses_Diesel_Urban Buses Midi <=15 t_Euro I,,,-0.04,1,11,86,-0.000646914,0.043777402,3.341033272,4.853118688,0.000414671,0.030496016,0.163601451,0,1,1,1 
BD_2,Buses_Diesel_Urban Buses Midi <=15 t_Euro I,,,-0.02,0,11,86,0.001401176,0.164606208,5.040017917,-5.211794736,0.001266055,0.047889652,-0.004048397,0,1,1,1 
BD_2,Buses_Diesel_Urban Buses Midi <=15 t_Euro I,,,-0.02,0.5,11,86,-8.39E-06,0.049514254,2.310968873,7.398914415,0.000236463,0.019183428,0.121127125,0,1,1,1 
BD_2,Buses_Diesel_Urban Buses Midi <=15 t_Euro I,,,-0.02,1,11,86,-0.000424086,0.103668025,5.034981278,7.49493679,0.000447148,0.036776553,0.229940531,0,1,1,1 
BD_2,Buses_Diesel_Urban Buses Midi <=15 t_Euro I,,,0,0,11,86,0.00029463,0.086481717,2.084130376,6.508101572,0.000113729,0.022328797,0.051986936,0,1,1,1 
BD_2,Buses_Diesel_Urban Buses Midi <=15 t_Euro I,,,0,0.5,11,86,-3.03E-05,-0.000186568,0.69118258,12.47679992,-1.14E-05,0.000912446,0.137566141,0,1,1,1 
BD_2,Buses_Diesel_Urban Buses Midi <=15 t_Euro I,,,0,1,11,86,-3.45E-05,0.004463781,1.461520551,16.748177,-1.23E-05,0.00305902,0.198179222,0,1,1,1 
BD_2,Buses_Diesel_Urban Buses Midi <=15 t_Euro I,,,0.02,0,11,86,-0.001048078,0.352389767,6.122844274,36.60676642,-0.000176978,0.062645071,0.273398252,0,1,1,1 
BD_2,Buses_Diesel_Urban Buses Midi <=15 t_Euro I,,,0.02,0.5,11,86,0.001342022,0.373301123,5.336627827,17.13711733,0.000212946,0.050318038,0.144461081,0,1,1,1 
BD_2,Buses_Diesel_Urban Buses Midi <=15 t_Euro I,,,0.02,1,11,86,0.004212895,0.793649555,5.425803024,-21.305251,0.000630637,0.084684527,-0.249844512,0,1,1,1 
BD_2,Buses_Diesel_Urban Buses Midi <=15 t_Euro I,,,0.04,0,11,86,0.020786182,0.36746091,3.900022204,-18.78339086,0.002396248,0.033012514,-0.122005791,0,1,1,1 
BD_2,Buses_Diesel_Urban Buses Midi <=15 t_Euro I,,,0.04,0.5,11,83,0.047197959,0.790433885,11.4960349,-19.32858179,0.004424436,0.061077859,0.087029371,0,1,1,1 
BD_2,Buses_Diesel_Urban Buses Midi <=15 t_Euro I,,,0.04,1,11,70,0.015457024,2.724107648,18.53074974,8.599810528,0.001459212,0.207208604,-0.000488277,0,1,1,1 
BD_2,Buses_Diesel_Urban Buses Midi <=15 t_Euro I,,,0.06,0,11,82,0.002610822,0.410633778,7.499279777,47.58450046,0.00021549,0.039020218,0.418629152,0,1,1,1 
BD_2,Buses_Diesel_Urban Buses Midi <=15 t_Euro I,,,0.06,0.5,11,68,0.052136228,6.701686521,22.92065353,-11.51492874,0.004314635,0.457266763,-0.93766911,0,1,1,1 
BD_2,Buses_Diesel_Urban Buses Midi <=15 t_Euro I,,,0.06,1,11,57,0.025673258,-0.784264985,3.885394683,55.66796625,0.001627717,-0.059133968,0.59214832,0,1,1,1 
BD_3,Buses_Diesel_Urban Buses Midi <=15 t_Euro II,,,-0.06,0,11,86,-0.000637602,0.048983357,3.419565703,-4.043728659,0.000946183,0.030892316,0.017020337,0,1,1,1 
BD_3,Buses_Diesel_Urban Buses Midi <=15 t_Euro II,,,-0.06,0.5,11,86,-0.000407419,0.018510948,2.816609659,-0.829974203,0.000466405,0.02894375,0.028441539,0,1,1,1 
BD_3,Buses_Diesel_Urban Buses Midi <=15 t_Euro II,,,-0.06,1,11,86,-0.000538128,0.032858413,2.546301707,1.399800948,0.000550001,0.027458646,0.056227638,0,1,1,1 
BD_3,Buses_Diesel_Urban Buses Midi <=15 t_Euro II,,,-0.04,0,11,86,-0.000914099,0.140437908,7.952390857,0.274533662,0.001515954,0.069516431,0.1066943,0,1,1,1 
BD_3,Buses_Diesel_Urban Buses Midi <=15 t_Euro II,,,-0.04,0.5,11,86,-0.000570917,0.046946726,3.310609239,3.826403383,0.000453328,0.02821947,0.111790266,0,1,1,1 
BD_3,Buses_Diesel_Urban Buses Midi <=15 t_Euro II,,,-0.04,1,11,86,-0.000686158,0.04740036,3.592421316,4.9655035,0.000418023,0.029688568,0.150802165,0,1,1,1 
BD_3,Buses_Diesel_Urban Buses Midi <=15 t_Euro II,,,-0.02,0,11,86,-2.74E-05,0.004824722,1.408764539,8.176314243,-3.99E-05,0.010629066,0.090963974,0,1,1,1 
BD_3,Buses_Diesel_Urban Buses Midi <=15 t_Euro II,,,-0.02,0.5,11,86,-1.46E-06,0.051214254,2.411237467,7.877306214,0.000226153,0.018077287,0.11232687,0,1,1,1 
BD_3,Buses_Diesel_Urban Buses Midi <=15 t_Euro II,,,-0.02,1,11,86,-0.000356982,0.101674311,4.909924011,7.852244539,0.000422726,0.03321193,0.192630047,0,1,1,1 
BD_3,Buses_Diesel_Urban Buses Midi <=15 t_Euro II,,,0,0,11,86,0.000593722,0.183847982,4.802752404,16.24379826,0.000207986,0.044779511,0.120051283,0,1,1,1 
BD_3,Buses_Diesel_Urban Buses Midi <=15 t_Euro II,,,0,0.5,11,86,0.000869499,0.201972491,2.673904062,-22.92587382,0.00034648,0.035660708,-0.222847212,0,1,1,1 
BD_3,Buses_Diesel_Urban Buses Midi <=15 t_Euro II,,,0,1,11,86,0.000269725,0.075304682,2.399223517,10.86900482,0.000107806,0.014106274,0.125535256,0,1,1,1 
BD_3,Buses_Diesel_Urban Buses Midi <=15 t_Euro II,,,0.02,0,11,86,0.016471871,0.391433947,7.517006729,-14.91022554,0.00258214,0.043862764,0.010648501,0,1,1,1 
BD_3,Buses_Diesel_Urban Buses Midi <=15 t_Euro II,,,0.02,0.5,11,86,0.002584512,0.605792209,9.146765289,18.66020798,0.000418253,0.078473998,0.13659051,0,1,1,1 
BD_3,Buses_Diesel_Urban Buses Midi <=15 t_Euro II,,,0.02,1,11,86,0.022193648,0.968103755,14.94812041,-13.99729616,0.00280717,0.090205623,0.155789886,0,1,1,1 
BD_3,Buses_Diesel_Urban Buses Midi <=15 t_Euro II,,,0.04,0,11,86,0.003459946,0.309526216,4.789456256,21.3969602,0.000414295,0.033623521,0.160982244,0,1,1,1 
BD_3,Buses_Diesel_Urban Buses Midi <=15 t_Euro II,,,0.04,0.5,11,86,0.001950512,0.481581178,7.940889952,17.41074614,0.000181328,0.049420714,0.175068739,0,1,1,1 
BD_3,Buses_Diesel_Urban Buses Midi <=15 t_Euro II,,,0.04,1,11,77,0.001830933,0.6169128,11.2393764,25.06551207,0.000129993,0.055834487,0.290360057,0,1,1,1 
BD_3,Buses_Diesel_Urban Buses Midi <=15 t_Euro II,,,0.06,0,11,85,0.004211212,0.769965508,10.26820456,5.837076184,0.000364555,0.076358161,0.070984814,0,1,1,1 
BD_3,Buses_Diesel_Urban Buses Midi <=15 t_Euro II,,,0.06,0.5,11,66,0.016718474,3.008553514,23.27891503,21.20511032,0.001601052,0.211284635,0.035763969,0,1,1,1 
BD_3,Buses_Diesel_Urban Buses Midi <=15 t_Euro II,,,0.06,1,11,60,-0.000363024,0.497063464,19.85568286,35.80575226,-0.000192572,0.049190917,0.576044665,0,1,1,1 
BD_4,Buses_Diesel_Urban Buses Midi <=15 t_Euro III,,,-0.06,0,11,86,-0.000790637,0.047228805,3.304572104,-7.576396733,0.000941685,0.027069005,-0.045109693,0,1,1,1 
BD_4,Buses_Diesel_Urban Buses Midi <=15 t_Euro III,,,-0.06,0.5,11,86,-0.000634795,0.03246551,2.486910006,-3.518286108,0.000638193,0.02226515,-0.012656698,0,1,1,1 
BD_4,Buses_Diesel_Urban Buses Midi <=15 t_Euro III,,,-0.06,1,11,86,-0.000651739,0.031162287,2.558820375,-2.240491527,0.000614363,0.023455099,0.008556997,0,1,1,1 
BD_4,Buses_Diesel_Urban Buses Midi <=15 t_Euro III,,,-0.04,0,11,86,-0.000364526,0.04005367,2.155767962,-7.241039137,0.000558596,0.015908046,-0.051600581,0,1,1,1 
BD_4,Buses_Diesel_Urban Buses Midi <=15 t_Euro III,,,-0.04,0.5,11,86,3.54E-05,-0.011587661,1.137918142,7.15338572,3.30E-05,0.00813225,0.081784198,0,1,1,1 
BD_4,Buses_Diesel_Urban Buses Midi <=15 t_Euro III,,,-0.04,1,11,86,-0.001062151,0.063621136,5.216950782,5.733189543,0.000778352,0.042485095,0.112196995,0,1,1,1 
BD_4,Buses_Diesel_Urban Buses Midi <=15 t_Euro III,,,-0.02,0,11,86,1.52E-05,0.023528517,2.057867036,6.756793201,0.000131571,0.018068414,0.032033714,0,1,1,1 
BD_4,Buses_Diesel_Urban Buses Midi <=15 t_Euro III,,,-0.02,0.5,11,86,-3.66E-05,0.057976769,2.447236986,8.564788328,0.000430902,0.018552483,0.068535697,0,1,1,1 
BD_4,Buses_Diesel_Urban Buses Midi <=15 t_Euro III,,,-0.02,1,11,86,3.80E-05,-0.016527303,1.179858257,10.11225759,-8.17E-05,0.007345396,0.089436166,0,1,1,1 
BD_4,Buses_Diesel_Urban Buses Midi <=15 t_Euro III,,,0,0,11,86,0.000583837,0.298099446,7.172301591,14.26258736,0.000928757,0.070088283,-0.045668301,0,1,1,1 
BD_4,Buses_Diesel_Urban Buses Midi <=15 t_Euro III,,,0,0.5,11,86,0.001053401,0.534669744,11.5979892,6.693426732,0.001537838,0.107883167,-0.136282162,0,1,1,1 
BD_4,Buses_Diesel_Urban Buses Midi <=15 t_Euro III,,,0,1,11,86,0.001377421,0.691301884,12.40287442,-12.39907329,0.001874882,0.115763907,-0.260121364,0,1,1,1 
BD_4,Buses_Diesel_Urban Buses Midi <=15 t_Euro III,,,0.02,0,11,86,0.000624828,0.194105398,2.524087795,11.61435793,0.000365523,0.030240781,-0.026252077,0,1,1,1 
BD_4,Buses_Diesel_Urban Buses Midi <=15 t_Euro III,,,0.02,0.5,11,86,0.000807067,0.231683743,2.835872408,12.10361877,0.000349899,0.031802698,-0.022452799,0,1,1,1 
BD_4,Buses_Diesel_Urban Buses Midi <=15 t_Euro III,,,0.02,1,11,86,0.001026463,0.273597798,3.005561713,12.96565953,0.000344913,0.033041073,-0.021793776,0,1,1,1 
BD_4,Buses_Diesel_Urban Buses Midi <=15 t_Euro III,,,0.04,0,11,86,0.001115634,0.291997525,3.662603326,24.92076857,0.000327816,0.039736493,0.012728952,0,1,1,1 
BD_4,Buses_Diesel_Urban Buses Midi <=15 t_Euro III,,,0.04,0.5,11,86,0.00010082,0.17311322,2.839583982,24.0800534,2.29E-05,0.023956086,0.064041315,0,1,1,1 
BD_4,Buses_Diesel_Urban Buses Midi <=15 t_Euro III,,,0.04,1,11,78,0.035843656,0.710414084,9.066992987,10.93468865,0.004083089,0.043242606,0.000174711,0,1,1,1 
BD_4,Buses_Diesel_Urban Buses Midi <=15 t_Euro III,,,0.06,0,11,86,-0.001692703,0.166145577,2.735432898,33.14916521,-0.000229994,0.025375937,0.093411618,0,1,1,1 
BD_4,Buses_Diesel_Urban Buses Midi <=15 t_Euro III,,,0.06,0.5,11,70,0.004758704,0.354430045,5.679573189,46.92280628,0.000429833,0.037619812,0.13318235,0,1,1,1 
BD_4,Buses_Diesel_Urban Buses Midi <=15 t_Euro III,,,0.06,1,11,61,-0.001528771,0.403172411,4.552300149,40.79273364,-0.000128863,0.036048518,0.09018861,0,1,1,1 
BD_5,Buses_Diesel_Urban Buses Midi <=15 t_Euro IV,,,-0.06,0,11,86,-0.000479777,0.021952606,1.973348841,1.242674825,0.000844027,0.045921125,0.140921243,0,1,1,1 
BD_5,Buses_Diesel_Urban Buses Midi <=15 t_Euro IV,,,-0.06,0.5,11,85,-0.005276054,0.452720674,-0.123679557,-5.058074017,0.008538025,0.049828108,-0.254532708,0,1,1,1 
BD_5,Buses_Diesel_Urban Buses Midi <=15 t_Euro IV,,,-0.06,1,11,84,5.72E-05,-0.01218826,0.593277377,2.433225385,-7.58E-05,0.009404326,0.157182742,0,1,1,1 
BD_5,Buses_Diesel_Urban Buses Midi <=15 t_Euro IV,,,-0.04,0,11,86,-0.000454747,0.043410554,2.895614992,2.766903014,0.000940355,0.053835319,0.173706587,0,1,1,1 
BD_5,Buses_Diesel_Urban Buses Midi <=15 t_Euro IV,,,-0.04,0.5,11,86,-0.000393268,0.023760222,1.926272843,2.676472485,0.000431911,0.033400282,0.19434904,0,1,1,1 
BD_5,Buses_Diesel_Urban Buses Midi <=15 t_Euro IV,,,-0.04,1,11,86,-0.000633657,0.031919629,2.834625411,4.273688185,0.000484119,0.045904543,0.344056872,0,1,1,1 
BD_5,Buses_Diesel_Urban Buses Midi <=15 t_Euro IV,,,-0.02,0,11,86,0.000666322,0.152663595,5.219098218,2.007424919,0.001706286,0.084907102,0.200324841,0,1,1,1 
BD_5,Buses_Diesel_Urban Buses Midi <=15 t_Euro IV,,,-0.02,0.5,11,86,-0.000141713,0.076629445,2.796924501,6.955345018,0.000623592,0.041763596,0.243384333,0,1,1,1 
BD_5,Buses_Diesel_Urban Buses Midi <=15 t_Euro IV,,,-0.02,1,11,86,-0.000304803,0.059392833,2.994640554,3.974761066,0.00044788,0.037278181,0.242078148,0,1,1,1 
BD_5,Buses_Diesel_Urban Buses Midi <=15 t_Euro IV,,,0,0,11,86,0.00099625,0.328675427,2.63693989,-13.86740577,0.001453105,0.087471868,-0.387119903,0,1,1,1 
BD_5,Buses_Diesel_Urban Buses Midi <=15 t_Euro IV,,,0,0.5,11,86,0.00058526,0.17350496,0.213285666,-9.67792251,0.000809424,0.030044911,-0.250324978,0,1,1,1 
BD_5,Buses_Diesel_Urban Buses Midi <=15 t_Euro IV,,,0,1,11,86,1.57E-05,0.123533538,4.352954064,8.590784362,0.000323494,0.039505918,0.358576265,0,1,1,1 
BD_5,Buses_Diesel_Urban Buses Midi <=15 t_Euro IV,,,0.02,0,11,86,0.002708594,0.595707108,0.715548414,-6.601320558,0.001873343,0.099234327,-0.49608658,0,1,1,1 
BD_5,Buses_Diesel_Urban Buses Midi <=15 t_Euro IV,,,0.02,0.5,11,86,0.001641197,0.348343227,-0.002863645,-9.066470733,0.000936423,0.048114981,-0.304092288,0,1,1,1 
BD_5,Buses_Diesel_Urban Buses Midi <=15 t_Euro IV,,,0.02,1,11,86,0.000120383,0.062743051,2.629411139,10.30763139,7.68E-05,0.013955689,0.248417286,0,1,1,1 
BD_5,Buses_Diesel_Urban Buses Midi <=15 t_Euro IV,,,0.04,0,11,86,0.010553457,2.23243332,7.293162711,-9.018549636,0.004463673,0.337710108,-1.105795409,0,1,1,1 
BD_5,Buses_Diesel_Urban Buses Midi <=15 t_Euro IV,,,0.04,0.5,11,86,0.012294688,1.981152654,-5.147420682,-14.78639738,0.004004025,0.199082943,-1.273905835,0,1,1,1 
BD_5,Buses_Diesel_Urban Buses Midi <=15 t_Euro IV,,,0.04,1,11,80,0.004609222,0.927342502,2.57514397,-18.87311694,0.001264081,0.100589922,-0.405854402,0,1,1,1 
BD_5,Buses_Diesel_Urban Buses Midi <=15 t_Euro IV,,,0.06,0,11,86,0.021374259,3.199316799,-8.643474616,11.74454825,0.006244052,0.324849109,-1.843794344,0,1,1,1 
BD_5,Buses_Diesel_Urban Buses Midi <=15 t_Euro IV,,,0.06,0.5,11,74,0.016663595,2.568755526,-4.788457838,-20.27130579,0.004239565,0.212742396,-1.217403454,0,1,1,1 
BD_5,Buses_Diesel_Urban Buses Midi <=15 t_Euro IV,,,0.06,1,11,63,0.002333484,0.040416931,9.848242494,8.016862876,0.000225822,0.01751728,0.469944212,0,1,1,1 
BD_6,Buses_Diesel_Urban Buses Midi <=15 t_Euro V,SCR,,-0.06,0,5,85,-0.001307244,0.125705501,-0.8465921,2.456161164,0.001669381,-0.012380749,0.039705208,0,1,1,1 
BD_6,Buses_Diesel_Urban Buses Midi <=15 t_Euro V,SCR,,-0.06,0.5,5,75,-0.010421224,0.867997426,-2.783852928,0.767697286,0.010943319,-0.027271576,-0.017242368,0,1,1,1 
BD_6,Buses_Diesel_Urban Buses Midi <=15 t_Euro V,SCR,,-0.06,1,5,75,-0.009568944,0.79169016,-2.738777611,1.241127609,0.009900463,-0.027309562,-0.008794029,0,1,1,1 
BD_6,Buses_Diesel_Urban Buses Midi <=15 t_Euro V,SCR,,-0.04,0,5,85,-0.004320804,0.593809987,-1.218299663,2.250336783,0.005997166,-0.003036412,0.017502387,0,1,1,1 
BD_6,Buses_Diesel_Urban Buses Midi <=15 t_Euro V,SCR,,-0.04,0.5,5,85,-0.007462857,0.847362075,-1.28634219,1.812944338,0.008017265,0.005644224,1.40E-09,0,1,1,1 
BD_6,Buses_Diesel_Urban Buses Midi <=15 t_Euro V,SCR,,-0.04,1,5,85,-0.007350547,0.788818136,-1.523167974,1.991462449,0.00708272,0.003118962,-1.59E-13,0,1,1,1 
BD_6,Buses_Diesel_Urban Buses Midi <=15 t_Euro V,SCR,,-0.02,0,5,85,0.00915898,1.47084029,-2.69300733,3.410593306,0.013520614,0.004159816,1.00E-14,0,1,1,1 
BD_6,Buses_Diesel_Urban Buses Midi <=15 t_Euro V,SCR,,-0.02,0.5,5,85,0.004359117,1.540289836,-2.922069787,4.541636253,0.012757338,0.00684519,0.01260029,0,1,1,1 
BD_6,Buses_Diesel_Urban Buses Midi <=15 t_Euro V,SCR,,-0.02,1,5,85,-0.000253184,1.179219658,-2.311053296,3.619065871,0.008818439,0.007208755,0.008976947,0,1,1,1 
BD_6,Buses_Diesel_Urban Buses Midi <=15 t_Euro V,SCR,,0,0,5,85,0.000110367,-0.022354592,1.39549147,5.997964685,-4.28E-05,0.004371515,0.117688415,0,1,1,1 
BD_6,Buses_Diesel_Urban Buses Midi <=15 t_Euro V,SCR,,0,0.5,5,85,0.000172409,-0.027654515,1.453601475,4.996361884,-3.66E-05,0.004451062,0.101852132,0,1,1,1 
BD_6,Buses_Diesel_Urban Buses Midi <=15 t_Euro V,SCR,,0,1,5,85,0.000256306,-0.036908287,1.745784196,4.55871722,-4.42E-05,0.005882912,0.098431997,0,1,1,1 
BD_6,Buses_Diesel_Urban Buses Midi <=15 t_Euro V,SCR,,0.02,0,5,85,0.000350421,-0.037363079,1.221238396,7.129568726,2.40E-05,0.000895574,0.114486056,0,1,1,1 
BD_6,Buses_Diesel_Urban Buses Midi <=15 t_Euro V,SCR,,0.02,0.5,5,85,0.000381058,-0.034225689,1.315978173,4.346732766,6.30E-05,0.003757186,0.072495372,0,1,1,1 
BD_6,Buses_Diesel_Urban Buses Midi <=15 t_Euro V,SCR,,0.02,1,5,85,0.000740026,-0.040530519,1.795898748,3.130166799,0.000242656,0.007296138,0.057718223,0,1,1,1 
BD_6,Buses_Diesel_Urban Buses Midi <=15 t_Euro V,SCR,,0.04,0,5,85,0.000535484,-0.033332751,1.148317773,5.693862338,0.000164257,0.001838676,0.081194646,0,1,1,1 
BD_6,Buses_Diesel_Urban Buses Midi <=15 t_Euro V,SCR,,0.04,0.5,5,85,0.001795077,-0.049134728,2.393783445,2.293127101,0.000727197,0.010219859,0.047067669,0,1,1,1 
BD_6,Buses_Diesel_Urban Buses Midi <=15 t_Euro V,SCR,,0.04,1,5,80,0.009543529,-0.102620721,5.552968566,-0.09227085,0.003848685,0.021519392,0.04365943,0,1,1,1 
BD_6,Buses_Diesel_Urban Buses Midi <=15 t_Euro V,SCR,,0.06,0,5,85,0.001410635,-0.04005577,1.675297911,3.152732648,0.00053535,0.006102379,0.049128284,0,1,1,1 
BD_6,Buses_Diesel_Urban Buses Midi <=15 t_Euro V,SCR,,0.06,0.5,5,70,0.010106218,-0.114971375,4.50562289,3.139780078,0.003468624,0.017404474,0.058246,0,1,1,1 
BD_6,Buses_Diesel_Urban Buses Midi <=15 t_Euro V,SCR,,0.06,1,5,60,0.017633191,-0.044993233,2.236200602,5.671425542,0.005879586,-0.001345643,0.065400412,0,1,1,1 
BD_6,Buses_Diesel_Urban Buses Midi <=15 t_Euro V,EGR,,-0.06,0,5,85,-0.000448187,0.059835055,-0.492399625,1.952760442,0.001403206,-0.013288895,0.054912256,0,1,1,1 
BD_6,Buses_Diesel_Urban Buses Midi <=15 t_Euro V,EGR,,-0.06,0.5,5,85,-0.000494828,0.06323389,-0.446317622,2.015564977,0.001577383,-0.013757667,0.062770926,0,1,1,1 
BD_6,Buses_Diesel_Urban Buses Midi <=15 t_Euro V,EGR,,-0.06,1,5,85,-0.000612451,0.075499954,-0.513079922,1.942133817,0.001853738,-0.015472588,0.061504911,0,1,1,1 
BD_6,Buses_Diesel_Urban Buses Midi <=15 t_Euro V,EGR,,-0.04,0,5,85,-0.001597095,0.316807704,-1.605628571,3.850878266,0.00605563,-0.032904606,0.09253926,0,1,1,1 
BD_6,Buses_Diesel_Urban Buses Midi <=15 t_Euro V,EGR,,-0.04,0.5,5,85,-0.002103891,0.329155788,-1.618801874,3.627013718,0.006093598,-0.031978779,0.085550285,0,1,1,1 
BD_6,Buses_Diesel_Urban Buses Midi <=15 t_Euro V,EGR,,-0.04,1,5,85,-0.002407816,0.343975532,-1.680138573,3.434824934,0.006118606,-0.031390065,0.077654454,0,1,1,1 
BD_6,Buses_Diesel_Urban Buses Midi <=15 t_Euro V,EGR,,-0.02,0,5,85,0.003047071,0.374405659,-1.683722202,3.71099864,0.007119393,-0.033216832,0.086624818,0,1,1,1 
BD_6,Buses_Diesel_Urban Buses Midi <=15 t_Euro V,EGR,,-0.02,0.5,5,85,0.002165445,0.941830558,-3.434420392,0.848455915,0.01426472,-0.032640327,-0.051925518,0,1,1,1 
BD_6,Buses_Diesel_Urban Buses Midi <=15 t_Euro V,EGR,,-0.02,1,5,85,0.000399382,0.357630807,-1.365779282,2.707346177,0.005481844,-0.020582144,0.055535751,0,1,1,1 
BD_6,Buses_Diesel_Urban Buses Midi <=15 t_Euro V,EGR,,0,0,5,85,0.009238718,0.54856864,-1.878780558,3.29909933,0.009234222,-0.029969133,0.06127741,0,1,1,1 
BD_6,Buses_Diesel_Urban Buses Midi <=15 t_Euro V,EGR,,0,0.5,5,85,0.016284826,1.038130045,-3.456679451,4.763194258,0.01564999,-0.045547123,0.071930265,0,1,1,1 
BD_6,Buses_Diesel_Urban Buses Midi <=15 t_Euro V,EGR,,0,1,5,85,0.012553699,0.883307865,-2.792087787,2.820988795,0.011791487,-0.028299905,0.026475564,0,1,1,1 
BD_6,Buses_Diesel_Urban Buses Midi <=15 t_Euro V,EGR,,0.02,0,5,85,0.022970881,0.904605083,-3.955727529,3.511517589,0.014191459,-0.054487243,0.041605357,0,1,1,1 
BD_6,Buses_Diesel_Urban Buses Midi <=15 t_Euro V,EGR,,0.02,0.5,5,85,0.022199258,0.78620305,-3.379100234,2.812550882,0.011363817,-0.042091933,0.028585699,0,1,1,1 
BD_6,Buses_Diesel_Urban Buses Midi <=15 t_Euro V,EGR,,0.02,1,5,85,0.032200934,1.124636647,-4.357679506,2.705532031,0.01447938,-0.046028033,0.015357693,0,1,1,1 
BD_6,Buses_Diesel_Urban Buses Midi <=15 t_Euro V,EGR,,0.04,0,5,85,0.032616629,0.845179532,-4.857071642,6.454019778,0.013595562,-0.068716329,0.088378273,0,1,1,1 
BD_6,Buses_Diesel_Urban Buses Midi <=15 t_Euro V,EGR,,0.04,0.5,5,85,0.084042777,2.184766132,-4.915738562,-1.302586644,0.028302577,-0.058234143,-0.015610119,0,1,1,1 
BD_6,Buses_Diesel_Urban Buses Midi <=15 t_Euro V,EGR,,0.04,1,5,80,0.087566503,2.304584868,-9.35901425,6.005485393,0.026553711,-0.088922927,0.037597545,0,1,1,1 
BD_6,Buses_Diesel_Urban Buses Midi <=15 t_Euro V,EGR,,0.06,0,5,85,0.034711557,0.880192704,-5.982606981,2.280490489,0.011782508,-0.061596005,2.90E-13,0,1,1,1 
BD_6,Buses_Diesel_Urban Buses Midi <=15 t_Euro V,EGR,,0.06,0.5,5,70,0.039502078,0.872796741,-6.44079337,6.570203093,0.010893099,-0.06318543,0.053102068,0,1,1,1 
BD_6,Buses_Diesel_Urban Buses Midi <=15 t_Euro V,EGR,,0.06,1,5,60,0.084928456,2.24212832,-14.06582943,7.630617084,0.022255863,-0.107585628,0.011339538,0,1,1,1 
BD_7,Buses_Diesel_Urban Buses Midi <=15 t_Euro VI,,,-0.06,0,5,85,-0.001386719,0.106258762,1.007191088,3.004509153,0.001347577,0.05492221,0.116005096,0,1,1,1 
BD_7,Buses_Diesel_Urban Buses Midi <=15 t_Euro VI,,,-0.06,0.5,5,85,4.00E-05,-0.006030947,0.176333901,4.065797234,-2.10E-05,-0.000119904,0.203581775,0,1,1,1 
BD_7,Buses_Diesel_Urban Buses Midi <=15 t_Euro VI,,,-0.06,1,5,85,3.60E-05,-0.005516826,0.171755232,3.160859196,-3.29E-05,0.001146588,0.164330901,0,1,1,1 
BD_7,Buses_Diesel_Urban Buses Midi <=15 t_Euro VI,,,-0.04,0,5,85,-4.07E-05,0.008188818,0.574083225,4.240751298,0.000189382,0.014238316,0.197570437,0,1,1,1 
BD_7,Buses_Diesel_Urban Buses Midi <=15 t_Euro VI,,,-0.04,0.5,5,85,9.08E-06,-0.002461858,0.110383773,3.096541014,-3.06E-05,0.001285967,0.13463345,0,1,1,1 
BD_7,Buses_Diesel_Urban Buses Midi <=15 t_Euro VI,,,-0.04,1,5,85,-0.000469789,0.412740709,-2.115887116,0.355000538,0.015644929,-0.078300566,1.25E-15,0,1,1,1 
BD_7,Buses_Diesel_Urban Buses Midi <=15 t_Euro VI,,,-0.02,0,5,85,0.000326982,0.450917693,-2.408176391,-0.013465981,0.017404013,-0.092279646,-0.000564861,0,1,1,1 
BD_7,Buses_Diesel_Urban Buses Midi <=15 t_Euro VI,,,-0.02,0.5,5,85,-0.000282467,0.149748287,-1.44068214,3.342858008,0.005859303,-0.05674672,0.131683653,0,1,1,1 
BD_7,Buses_Diesel_Urban Buses Midi <=15 t_Euro VI,,,-0.02,1,5,85,0.000858198,0.050649512,-0.663262074,3.152248271,0.004243444,-0.041677546,0.147301966,0,1,1,1 
BD_7,Buses_Diesel_Urban Buses Midi <=15 t_Euro VI,,,0,0,5,85,-0.000248638,0.052330752,-0.469685894,3.30842685,0.003714524,-0.028803148,0.123198018,0,1,1,1 
BD_7,Buses_Diesel_Urban Buses Midi <=15 t_Euro VI,,,0,0.5,5,85,-0.000453809,0.072281807,-0.971384415,5.145979032,0.004612099,-0.044205692,0.174233316,0,1,1,1 
BD_7,Buses_Diesel_Urban Buses Midi <=15 t_Euro VI,,,0,1,5,85,-0.001138026,0.185928914,-2.663716906,12.96842655,0.012259318,-0.118993953,0.43307272,0,1,1,1 
BD_7,Buses_Diesel_Urban Buses Midi <=15 t_Euro VI,,,0.02,0,5,85,0.000206131,0.038516311,-0.502256976,3.978371015,0.004947897,-0.035879635,0.13218847,0,1,1,1 
BD_7,Buses_Diesel_Urban Buses Midi <=15 t_Euro VI,,,0.02,0.5,5,85,2.60E-07,0.035527707,-0.5640399,3.077099461,0.003214202,-0.02650791,0.09042537,0,1,1,1 
BD_7,Buses_Diesel_Urban Buses Midi <=15 t_Euro VI,,,0.02,1,5,85,-3.00E-05,0.051900798,-0.768534055,3.845418661,0.004697351,-0.036011384,0.111022389,0,1,1,1 
BD_7,Buses_Diesel_Urban Buses Midi <=15 t_Euro VI,,,0.04,0,5,85,-0.00012891,0.053345777,-0.84332223,4.496957144,0.004033545,-0.033656089,0.118476721,0,1,1,1 
BD_7,Buses_Diesel_Urban Buses Midi <=15 t_Euro VI,,,0.04,0.5,5,85,0.00323329,-0.136465238,2.108011325,-5.387197199,0.006557419,-0.006062517,-0.046666429,0,1,1,1 
BD_7,Buses_Diesel_Urban Buses Midi <=15 t_Euro VI,,,0.04,1,5,80,0.003209788,-0.108873482,1.588895675,-4.241300293,0.007091437,-0.016435442,-0.023498133,0,1,1,1 
BD_7,Buses_Diesel_Urban Buses Midi <=15 t_Euro VI,,,0.06,0,5,85,-0.000281919,0.069557832,-1.072243888,5.127802968,0.004346099,-0.03518421,0.120318512,0,1,1,1 
BD_7,Buses_Diesel_Urban Buses Midi <=15 t_Euro VI,,,0.06,0.5,5,75,0.00121768,0.072238434,-1.126590059,5.403620677,0.009405283,-0.059232685,0.150964531,0,1,1,1 
BD_7,Buses_Diesel_Urban Buses Midi <=15 t_Euro VI,,,0.06,1,5,65,0.000264098,0.081264621,-0.925093002,3.219799879,0.006749028,-0.041396644,0.089765247,0,1,1,1 
BD_8,Buses_Diesel_Urban Buses Standard 15 - 18 t_Conventional,,,-0.06,0,11,86,-0.001684935,0.088666006,6.467447817,3.287270367,0.00081656,0.039555814,0.113020285,0,1,1,1 
BD_8,Buses_Diesel_Urban Buses Standard 15 - 18 t_Conventional,,,-0.06,0.5,11,86,-0.002592628,0.182403619,5.254633729,2.349618686,0.00112808,0.037531882,0.094059127,0,1,1,1 
BD_8,Buses_Diesel_Urban Buses Standard 15 - 18 t_Conventional,,,-0.06,1,11,86,-0.001259742,0.059334617,4.87705787,8.738357624,0.000443997,0.031492761,0.171429938,0,1,1,1 
BD_8,Buses_Diesel_Urban Buses Standard 15 - 18 t_Conventional,,,-0.04,0,11,86,6.86E-05,-0.02076235,1.858891691,8.121698681,1.72E-06,0.006460758,0.094066991,0,1,1,1 
BD_8,Buses_Diesel_Urban Buses Standard 15 - 18 t_Conventional,,,-0.04,0.5,11,86,-0.000978495,0.055218578,4.623039522,7.577018752,0.000237469,0.021426348,0.149865485,0,1,1,1 
BD_8,Buses_Diesel_Urban Buses Standard 15 - 18 t_Conventional,,,-0.04,1,11,86,-0.000881369,0.042272641,3.93379089,7.602886118,0.000147278,0.017180061,0.152045971,0,1,1,1 
BD_8,Buses_Diesel_Urban Buses Standard 15 - 18 t_Conventional,,,-0.02,0,11,86,0.001178494,0.262197365,8.601637034,5.018334563,0.00083615,0.041095945,0.094918203,0,1,1,1 
BD_8,Buses_Diesel_Urban Buses Standard 15 - 18 t_Conventional,,,-0.02,0.5,11,86,-7.44E-05,-0.002175727,0.835528291,-7.277215946,-4.02E-05,0.003967262,-0.03092561,0,1,1,1 
BD_8,Buses_Diesel_Urban Buses Standard 15 - 18 t_Conventional,,,-0.02,1,11,86,-0.000132651,-0.001652425,1.242648246,-10.39150525,-5.62E-05,0.005657079,-0.041177938,0,1,1,1 
BD_8,Buses_Diesel_Urban Buses Standard 15 - 18 t_Conventional,,,0,0,11,86,-4.51E-05,0.042262708,3.365540173,12.18115888,-3.19E-05,0.009750586,0.105617501,0,1,1,1 
BD_8,Buses_Diesel_Urban Buses Standard 15 - 18 t_Conventional,,,0,0.5,11,86,-0.000380659,0.063526151,5.760590205,17.77820402,-6.80E-05,0.013594568,0.177391135,0,1,1,1 
BD_8,Buses_Diesel_Urban Buses Standard 15 - 18 t_Conventional,,,0,1,11,86,0.000125312,0.095325372,5.331913393,27.20236486,4.32E-05,0.009946164,0.214407798,0,1,1,1 
BD_8,Buses_Diesel_Urban Buses Standard 15 - 18 t_Conventional,,,0.02,0,11,86,0.0018157,0.259173786,3.14303411,-10.63967326,0.000104069,0.020187229,-0.054444017,0,1,1,1 
BD_8,Buses_Diesel_Urban Buses Standard 15 - 18 t_Conventional,,,0.02,0.5,11,86,0.000389655,0.155538642,2.680615103,6.851579778,2.15E-05,0.009571399,0.04846551,0,1,1,1 
BD_8,Buses_Diesel_Urban Buses Standard 15 - 18 t_Conventional,,,0.02,1,11,85,-0.000269862,0.09243786,4.475081262,7.864311679,-2.46E-05,0.006699185,0.104271831,0,1,1,1 
BD_8,Buses_Diesel_Urban Buses Standard 15 - 18 t_Conventional,,,0.04,0,11,85,0.001590499,0.306394854,5.040515061,7.788826351,5.36E-05,0.017575372,0.066862732,0,1,1,1 
BD_8,Buses_Diesel_Urban Buses Standard 15 - 18 t_Conventional,,,0.04,0.5,11,75,0.000360846,0.22692402,3.588812238,7.021754235,1.21E-05,0.00980456,0.059619765,0,1,1,1 
BD_8,Buses_Diesel_Urban Buses Standard 15 - 18 t_Conventional,,,0.04,1,11,62,0.005305606,0.658551764,1.012857672,-7.881166186,0.000215348,0.019968582,-0.06452791,0,1,1,1 
BD_8,Buses_Diesel_Urban Buses Standard 15 - 18 t_Conventional,,,0.06,0,11,72,0.001903086,0.40621151,4.569600289,7.425643815,6.85E-05,0.016519608,0.052939337,0,1,1,1 
BD_8,Buses_Diesel_Urban Buses Standard 15 - 18 t_Conventional,,,0.06,0.5,11,58,0.005573466,0.92098898,5.44053197,7.165964436,0.000183716,0.027230133,0.031359511,0,1,1,1 
BD_8,Buses_Diesel_Urban Buses Standard 15 - 18 t_Conventional,,,0.06,1,11,40,0.047095075,-0.033716819,-4.554293808,-4.62163775,0.001310624,-0.009683834,-0.045583744,0,1,1,1 
BD_9,Buses_Diesel_Urban Buses Standard 15 - 18 t_Euro I,,,-0.06,0,11,86,-0.000898206,0.050682485,4.039302251,0.835877994,0.000790451,0.037131718,0.052984892,0,1,1,1 
BD_9,Buses_Diesel_Urban Buses Standard 15 - 18 t_Euro I,,,-0.06,0.5,11,86,-0.000426023,0.022196086,1.907194659,2.310205763,0.000326625,0.018175354,0.053672036,0,1,1,1 
BD_9,Buses_Diesel_Urban Buses Standard 15 - 18 t_Euro I,,,-0.06,1,11,86,-0.000557698,0.029354608,2.439290998,2.575004817,0.000401233,0.023090711,0.079473539,0,1,1,1 
BD_9,Buses_Diesel_Urban Buses Standard 15 - 18 t_Euro I,,,-0.04,0,11,86,-0.000637887,0.049121035,3.579809436,4.452087541,0.000441156,0.02715194,0.103379508,0,1,1,1 
BD_9,Buses_Diesel_Urban Buses Standard 15 - 18 t_Euro I,,,-0.04,0.5,11,86,-0.000957857,0.059728936,4.767537807,7.52655897,0.000464741,0.034761085,0.189833052,0,1,1,1 
BD_9,Buses_Diesel_Urban Buses Standard 15 - 18 t_Euro I,,,-0.04,1,11,86,-0.000663218,0.036701926,3.06166456,4.940984564,0.000243949,0.021226603,0.143271855,0,1,1,1 
BD_9,Buses_Diesel_Urban Buses Standard 15 - 18 t_Euro I,,,-0.02,0,11,86,8.52E-06,0.017476575,1.409290384,11.77237474,6.41E-05,0.00860353,0.116670304,0,1,1,1 
BD_9,Buses_Diesel_Urban Buses Standard 15 - 18 t_Euro I,,,-0.02,0.5,11,86,-0.00058918,0.122867145,6.185107517,9.60805427,0.00043503,0.036235968,0.229435809,0,1,1,1 
BD_9,Buses_Diesel_Urban Buses Standard 15 - 18 t_Euro I,,,-0.02,1,11,86,-0.000127835,-0.006305865,1.641070322,-13.56579539,-0.000110062,0.011004737,-0.080876595,0,1,1,1 
BD_9,Buses_Diesel_Urban Buses Standard 15 - 18 t_Euro I,,,0,0,11,86,0.004515397,1.076986599,21.36528075,-11.90936507,0.001362829,0.194862335,-0.149622147,0,1,1,1 
BD_9,Buses_Diesel_Urban Buses Standard 15 - 18 t_Euro I,,,0,0.5,11,86,0.002047649,0.520675762,3.512930722,-32.73009008,0.000807874,0.058379274,-0.337734181,0,1,1,1 
BD_9,Buses_Diesel_Urban Buses Standard 15 - 18 t_Euro I,,,0,1,11,86,-1.56E-05,0.041289472,4.36149583,30.33459902,1.07E-05,0.010234981,0.327408327,0,1,1,1 
BD_9,Buses_Diesel_Urban Buses Standard 15 - 18 t_Euro I,,,0.02,0,11,86,0.081342625,0.881732807,27.02414215,-27.69732085,0.009058619,0.073945711,0.49717042,0,1,1,1 
BD_9,Buses_Diesel_Urban Buses Standard 15 - 18 t_Euro I,,,0.02,0.5,11,86,0.012241434,2.03047158,9.754569694,-23.01168861,0.00153564,0.166425178,-0.489130491,0,1,1,1 
BD_9,Buses_Diesel_Urban Buses Standard 15 - 18 t_Euro I,,,0.02,1,11,86,0.001151778,0.259941566,5.730646274,22.98915172,0.000125876,0.020657188,0.23892962,0,1,1,1 
BD_9,Buses_Diesel_Urban Buses Standard 15 - 18 t_Euro I,,,0.04,0,11,86,0.003822878,0.525711431,3.404862845,-29.4595125,0.000274869,0.046821614,-0.233114903,0,1,1,1 
BD_9,Buses_Diesel_Urban Buses Standard 15 - 18 t_Euro I,,,0.04,0.5,11,76,0.00735663,1.019769639,3.632614159,-3.584056102,0.000553371,0.061409925,-0.139052149,0,1,1,1 
BD_9,Buses_Diesel_Urban Buses Standard 15 - 18 t_Euro I,,,0.04,1,11,61,-0.001823128,0.118696869,-0.08901325,-9.040343754,-0.000106405,0.007780233,-0.06653455,0,1,1,1 
BD_9,Buses_Diesel_Urban Buses Standard 15 - 18 t_Euro I,,,0.06,0,11,74,0.001758122,0.208756921,2.646774154,11.93622307,0.000108796,0.013258338,0.081181777,0,1,1,1 
BD_9,Buses_Diesel_Urban Buses Standard 15 - 18 t_Euro I,,,0.06,0.5,11,59,0.003144883,0.385204253,0.50263988,-5.429356669,0.000196129,0.017232478,-0.061158916,0,1,1,1 
BD_9,Buses_Diesel_Urban Buses Standard 15 - 18 t_Euro I,,,0.06,1,11,45,0.001923629,-0.084153778,0.704760951,6.226835217,8.16E-05,-0.003996499,0.050763092,0,1,1,1 
BD_10,Buses_Diesel_Urban Buses Standard 15 - 18 t_Euro II,,,-0.06,0,11,86,-0.000486863,0.021054089,3.259167856,-2.202446863,0.000449059,0.025189466,0.023827037,0,1,1,1 
BD_10,Buses_Diesel_Urban Buses Standard 15 - 18 t_Euro II,,,-0.06,0.5,11,86,9.19E-05,-0.030644997,2.160985338,3.2692979,-6.19E-05,0.016320345,0.072312699,0,1,1,1 
BD_10,Buses_Diesel_Urban Buses Standard 15 - 18 t_Euro II,,,-0.06,1,11,86,-0.000640552,0.03773955,2.625556817,2.870646211,0.000436337,0.022855351,0.07307128,0,1,1,1 
BD_10,Buses_Diesel_Urban Buses Standard 15 - 18 t_Euro II,,,-0.04,0,11,86,4.50E-05,-0.014215715,1.348406016,6.833769458,1.59E-06,0.007079842,0.089130385,0,1,1,1 
BD_10,Buses_Diesel_Urban Buses Standard 15 - 18 t_Euro II,,,-0.04,0.5,11,86,-0.000868587,0.054822392,4.430092622,8.498539203,0.000381934,0.02945694,0.166444591,0,1,1,1 
BD_10,Buses_Diesel_Urban Buses Standard 15 - 18 t_Euro II,,,-0.04,1,11,86,-0.000484961,0.026513296,2.381326858,4.417360438,0.00016668,0.015036678,0.102673188,0,1,1,1 
BD_10,Buses_Diesel_Urban Buses Standard 15 - 18 t_Euro II,,,-0.02,0,11,86,3.12E-05,0.046029619,2.186150233,8.374434706,0.000173476,0.013372015,0.086466898,0,1,1,1 
BD_10,Buses_Diesel_Urban Buses Standard 15 - 18 t_Euro II,,,-0.02,0.5,11,86,-0.000540933,0.126879153,6.345855479,10.28228345,0.000428513,0.034196967,0.202800905,0,1,1,1 
BD_10,Buses_Diesel_Urban Buses Standard 15 - 18 t_Euro II,,,-0.02,1,11,86,-9.64E-05,-0.008722807,1.620536606,-13.35782653,-9.67E-05,0.009600232,-0.071402966,0,1,1,1 
BD_10,Buses_Diesel_Urban Buses Standard 15 - 18 t_Euro II,,,0,0,11,86,0.001631055,0.414034953,8.269301122,-6.541870307,0.000509816,0.067632256,-0.070091593,0,1,1,1 
BD_10,Buses_Diesel_Urban Buses Standard 15 - 18 t_Euro II,,,0,0.5,11,86,0.004124024,0.530618574,12.55402758,18.01306643,0.001068369,0.068247952,0.272967563,0,1,1,1 
BD_10,Buses_Diesel_Urban Buses Standard 15 - 18 t_Euro II,,,0,1,11,86,-8.96E-05,-0.012183067,2.051014067,23.48987418,-3.42E-05,0.001715804,0.198940786,0,1,1,1 
BD_10,Buses_Diesel_Urban Buses Standard 15 - 18 t_Euro II,,,0.02,0,11,86,-0.001903112,0.248361149,5.500872993,31.07710066,-0.00022959,0.033304543,0.188857109,0,1,1,1 
BD_10,Buses_Diesel_Urban Buses Standard 15 - 18 t_Euro II,,,0.02,0.5,11,86,0.001249775,0.180077476,0.624144699,-22.85446243,0.000138611,0.016048579,-0.163270351,0,1,1,1 
BD_10,Buses_Diesel_Urban Buses Standard 15 - 18 t_Euro II,,,0.02,1,11,86,0.07013774,1.758076771,-6.163139724,-59.76660155,0.006771287,0.035563847,-0.545688288,0,1,1,1 
BD_10,Buses_Diesel_Urban Buses Standard 15 - 18 t_Euro II,,,0.04,0,11,86,0.015063722,1.024767543,13.77477809,52.5278405,0.00128327,0.075310496,0.313495582,0,1,1,1 
BD_10,Buses_Diesel_Urban Buses Standard 15 - 18 t_Euro II,,,0.04,0.5,11,80,0.000419048,0.117038378,2.133207474,4.582668746,2.37E-05,0.008735467,0.042425741,0,1,1,1 
BD_10,Buses_Diesel_Urban Buses Standard 15 - 18 t_Euro II,,,0.04,1,11,69,3.73E-05,0.098618136,1.837690941,4.07088743,5.53E-07,0.006293637,0.039257333,0,1,1,1 
BD_10,Buses_Diesel_Urban Buses Standard 15 - 18 t_Euro II,,,0.06,0,11,75,0.000649026,0.145907816,2.558517328,4.940158127,3.35E-05,0.010653101,0.045334608,0,1,1,1 
BD_10,Buses_Diesel_Urban Buses Standard 15 - 18 t_Euro II,,,0.06,0.5,11,54,0.003446033,-0.098577171,0.425961697,10.15338546,0.000188134,-0.006724013,0.072421157,0,1,1,1 
BD_10,Buses_Diesel_Urban Buses Standard 15 - 18 t_Euro II,,,0.06,1,10,52,0.005625159,-0.145101062,0.578308468,9.334315353,0.000248373,-0.007815391,0.07025335,0,1,1,1 
BD_11,Buses_Diesel_Urban Buses Standard 15 - 18 t_Euro III,,,-0.06,0,11,86,-0.000785097,0.044903818,3.123207269,-7.611507378,0.000722131,0.021751673,-0.043687739,0,1,1,1 
BD_11,Buses_Diesel_Urban Buses Standard 15 - 18 t_Euro III,,,-0.06,0.5,11,86,-0.000581715,0.01609115,3.694362067,-5.503235314,0.000511294,0.027140505,-0.014247542,0,1,1,1 
BD_11,Buses_Diesel_Urban Buses Standard 15 - 18 t_Euro III,,,-0.06,1,11,86,-0.000287486,-0.018600286,4.209520738,-1.566059283,0.000223913,0.032798924,0.022407059,0,1,1,1 
BD_11,Buses_Diesel_Urban Buses Standard 15 - 18 t_Euro III,,,-0.04,0,11,86,-0.000874198,0.071644825,4.758718512,-6.308045899,0.000785988,0.030911982,-0.026958339,0,1,1,1 
BD_11,Buses_Diesel_Urban Buses Standard 15 - 18 t_Euro III,,,-0.04,0.5,11,86,3.94E-05,-0.01226079,1.129716036,6.514965412,2.59E-05,0.006133412,0.067179595,0,1,1,1 
BD_11,Buses_Diesel_Urban Buses Standard 15 - 18 t_Euro III,,,-0.04,1,11,86,-0.000749895,0.040853501,3.617751223,5.790911182,0.000382077,0.023702502,0.088911045,0,1,1,1 
BD_11,Buses_Diesel_Urban Buses Standard 15 - 18 t_Euro III,,,-0.02,0,11,86,3.86E-05,0.202538625,7.773758614,-5.581031028,0.0012027,0.051929996,-0.069301687,0,1,1,1 
BD_11,Buses_Diesel_Urban Buses Standard 15 - 18 t_Euro III,,,-0.02,0.5,11,86,8.00E-05,-0.037849344,2.699255418,24.19893789,-0.000162735,0.014259808,0.16864008,0,1,1,1 
BD_11,Buses_Diesel_Urban Buses Standard 15 - 18 t_Euro III,,,-0.02,1,11,86,-0.000807712,0.10790003,6.566827208,10.37683732,0.000538989,0.034448117,0.13967249,0,1,1,1 
BD_11,Buses_Diesel_Urban Buses Standard 15 - 18 t_Euro III,,,0,0,11,86,0.001147218,0.508834487,10.17230125,24.56479867,0.001157817,0.086409686,-0.073003991,0,1,1,1 
BD_11,Buses_Diesel_Urban Buses Standard 15 - 18 t_Euro III,,,0,0.5,11,86,0.000962854,0.432834422,7.098025012,2.961984269,0.000927292,0.059081924,-0.109147145,0,1,1,1 
BD_11,Buses_Diesel_Urban Buses Standard 15 - 18 t_Euro III,,,0,1,11,86,0.000588125,0.252190095,4.010607982,-13.75960498,0.000499234,0.031095352,-0.116724962,0,1,1,1 
BD_11,Buses_Diesel_Urban Buses Standard 15 - 18 t_Euro III,,,0.02,0,11,86,0.000950941,0.240687349,2.087920819,16.84911975,0.000318774,0.026212781,-0.028412093,0,1,1,1 
BD_11,Buses_Diesel_Urban Buses Standard 15 - 18 t_Euro III,,,0.02,0.5,11,86,0.003835678,0.903761782,6.864194213,52.57174971,0.0009664,0.083835968,-0.091939098,0,1,1,1 
BD_11,Buses_Diesel_Urban Buses Standard 15 - 18 t_Euro III,,,0.02,1,11,86,0.004605811,1.026680211,5.96129368,43.22044366,0.000980046,0.079609845,-0.128170257,0,1,1,1 
BD_11,Buses_Diesel_Urban Buses Standard 15 - 18 t_Euro III,,,0.04,0,11,86,0.001702325,0.37870628,3.178328502,35.81942339,0.000280183,0.03559144,0.007658263,0,1,1,1 
BD_11,Buses_Diesel_Urban Buses Standard 15 - 18 t_Euro III,,,0.04,0.5,11,81,-0.000597708,0.253508485,2.574902608,33.88296747,-5.13E-05,0.023209842,0.050516598,0,1,1,1 
BD_11,Buses_Diesel_Urban Buses Standard 15 - 18 t_Euro III,,,0.04,1,11,70,0.000573168,0.107475992,0.696991534,6.898606619,6.07E-05,0.00684002,0.000734622,0,1,1,1 
BD_11,Buses_Diesel_Urban Buses Standard 15 - 18 t_Euro III,,,0.06,0,11,79,0.002566941,0.194698165,2.826484366,28.33286839,0.000192672,0.017736016,0.058292941,0,1,1,1 
BD_11,Buses_Diesel_Urban Buses Standard 15 - 18 t_Euro III,,,0.06,0.5,11,62,0.001780661,0.068209562,0.756286999,5.900308717,0.000116182,0.004321206,0.007789088,0,1,1,1 
BD_11,Buses_Diesel_Urban Buses Standard 15 - 18 t_Euro III,,,0.06,1,11,54,0.005411234,0.770397637,4.796360712,-1.332246408,0.000471271,0.038415872,-0.091019563,0,1,1,1 
BD_12,Buses_Diesel_Urban Buses Standard 15 - 18 t_Euro IV,,,-0.06,0,11,83,-0.000686093,0.027413798,2.49561311,1.069477797,0.000853983,0.045915851,0.176610498,0,1,1,1 
BD_12,Buses_Diesel_Urban Buses Standard 15 - 18 t_Euro IV,,,-0.06,0.5,11,82,0.000120948,-0.025853682,1.274138906,3.150948587,-0.000129749,0.016630073,0.216195555,0,1,1,1 
BD_12,Buses_Diesel_Urban Buses Standard 15 - 18 t_Euro IV,,,-0.06,1,11,82,-0.002194889,0.194841319,-1.123702418,-5.921833454,0.002226375,0.015045369,-0.369302823,0,1,1,1 
BD_12,Buses_Diesel_Urban Buses Standard 15 - 18 t_Euro IV,,,-0.04,0,11,86,-0.000409089,0.025870461,2.05739228,2.932533088,0.000409936,0.029639776,0.154193642,0,1,1,1 
BD_12,Buses_Diesel_Urban Buses Standard 15 - 18 t_Euro IV,,,-0.04,0.5,11,86,-0.000777531,0.03812692,3.437297863,4.984679054,0.000490297,0.045480903,0.334981904,0,1,1,1 
BD_12,Buses_Diesel_Urban Buses Standard 15 - 18 t_Euro IV,,,-0.04,1,11,86,-0.000411061,0.01721818,1.744445599,3.160243633,0.000175599,0.021461283,0.198462586,0,1,1,1 
BD_12,Buses_Diesel_Urban Buses Standard 15 - 18 t_Euro IV,,,-0.02,0,11,86,-1.40E-05,0.03195022,1.478479024,4.641874577,0.000220823,0.017906467,0.113786629,0,1,1,1 
BD_12,Buses_Diesel_Urban Buses Standard 15 - 18 t_Euro IV,,,-0.02,0.5,11,86,-0.000320816,0.068396677,3.411002037,4.622682958,0.000444464,0.035648812,0.219097487,0,1,1,1 
BD_12,Buses_Diesel_Urban Buses Standard 15 - 18 t_Euro IV,,,-0.02,1,11,85,-0.000174762,-0.009344834,2.269150043,-18.11042208,-0.000265113,0.026236778,-0.18323576,0,1,1,1 
BD_12,Buses_Diesel_Urban Buses Standard 15 - 18 t_Euro IV,,,0,0,11,86,0.001101474,0.328549579,1.698447446,-9.925016122,0.001134259,0.060600228,-0.286843614,0,1,1,1 
BD_12,Buses_Diesel_Urban Buses Standard 15 - 18 t_Euro IV,,,0,0.5,11,86,5.63E-05,0.039286306,1.966714524,9.886579601,7.78E-05,0.012505766,0.20147566,0,1,1,1 
BD_12,Buses_Diesel_Urban Buses Standard 15 - 18 t_Euro IV,,,0,1,11,86,-0.000263999,0.228896087,7.420946497,11.99220231,0.000387684,0.0499921,0.485173288,0,1,1,1 
BD_12,Buses_Diesel_Urban Buses Standard 15 - 18 t_Euro IV,,,0.02,0,11,86,0.016391958,3.466625288,10.60628087,-0.984109561,0.00675767,0.486582443,-1.609365308,0,1,1,1 
BD_12,Buses_Diesel_Urban Buses Standard 15 - 18 t_Euro IV,,,0.02,0.5,11,86,0.010369373,1.738079751,-5.475230221,-26.86591722,0.003611565,0.156310475,-1.179113684,0,1,1,1 
BD_12,Buses_Diesel_Urban Buses Standard 15 - 18 t_Euro IV,,,0.02,1,11,86,0.000262768,0.123507303,4.733749781,16.5798032,0.000105616,0.01876054,0.323494516,0,1,1,1 
BD_12,Buses_Diesel_Urban Buses Standard 15 - 18 t_Euro IV,,,0.04,0,11,86,0.004009771,0.729499321,2.867412964,-22.99494663,0.000931521,0.087508893,-0.393369834,0,1,1,1 
BD_12,Buses_Diesel_Urban Buses Standard 15 - 18 t_Euro IV,,,0.04,0.5,11,83,0.003251408,0.568681807,1.149834474,-23.91890375,0.000625576,0.053862546,-0.321260143,0,1,1,1 
BD_12,Buses_Diesel_Urban Buses Standard 15 - 18 t_Euro IV,,,0.04,1,11,68,0.005777906,0.541405061,9.101394801,-0.044146885,0.000546209,0.061303081,0.075912072,0,1,1,1 
BD_12,Buses_Diesel_Urban Buses Standard 15 - 18 t_Euro IV,,,0.06,0,11,81,0.013539079,2.357101333,4.847215911,20.40210642,0.0024707,0.20896142,-0.515823937,0,1,1,1 
BD_12,Buses_Diesel_Urban Buses Standard 15 - 18 t_Euro IV,,,0.06,0.5,11,65,0.002299454,0.365166075,0.141626758,-18.29597232,0.000382992,0.025740179,-0.192221601,0,1,1,1 
BD_12,Buses_Diesel_Urban Buses Standard 15 - 18 t_Euro IV,,,0.06,1,11,55,0.077538626,-0.193898038,-13.6331435,128.4804174,0.007326695,-0.134962294,0.825900863,0,1,1,1 
BD_13,Buses_Diesel_Urban Buses Standard 15 - 18 t_Euro V,SCR,,-0.06,0,5,80,-0.002571049,0.234612302,-1.573880418,4.161563719,0.002513926,-0.018733477,0.055235364,0,1,1,1 
BD_13,Buses_Diesel_Urban Buses Standard 15 - 18 t_Euro V,SCR,,-0.06,0.5,5,80,-0.00156136,0.141275575,-0.963759095,2.631966949,0.001531855,-0.011833853,0.036292185,0,1,1,1 
BD_13,Buses_Diesel_Urban Buses Standard 15 - 18 t_Euro V,SCR,,-0.06,1,5,80,-0.001853636,0.167967139,-1.144069385,3.065897399,0.001813419,-0.014116909,0.042753559,0,1,1,1 
BD_13,Buses_Diesel_Urban Buses Standard 15 - 18 t_Euro V,SCR,,-0.04,0,5,85,-0.012571813,1.411283565,-1.742140954,2.695828463,0.010821187,0.010508107,1.33E-11,0,1,1,1 
BD_13,Buses_Diesel_Urban Buses Standard 15 - 18 t_Euro V,SCR,,-0.04,0.5,5,85,-0.008230988,0.86639418,-1.847670524,2.745317381,0.006287412,0.00036664,0.006951527,0,1,1,1 
BD_13,Buses_Diesel_Urban Buses Standard 15 - 18 t_Euro V,SCR,,-0.04,1,5,85,-0.009032418,0.852381585,-0.855463617,-5.856270833,0.00519508,0.023114019,-0.12934685,0,1,1,1 
BD_13,Buses_Diesel_Urban Buses Standard 15 - 18 t_Euro V,SCR,,-0.02,0,5,85,0.00621545,1.965186845,-3.135519209,4.814830623,0.01329778,0.011267114,0.006540768,0,1,1,1 
BD_13,Buses_Diesel_Urban Buses Standard 15 - 18 t_Euro V,SCR,,-0.02,0.5,5,85,-0.002568709,2.264209195,-3.620632749,5.519114356,0.013221253,0.020289984,3.29E-14,0,1,1,1 
BD_13,Buses_Diesel_Urban Buses Standard 15 - 18 t_Euro V,SCR,,-0.02,1,5,85,0.000185701,-0.081376884,5.609315204,9.267448851,-0.000306617,0.025655801,0.220579405,0,1,1,1 
BD_13,Buses_Diesel_Urban Buses Standard 15 - 18 t_Euro V,SCR,,0,0,5,85,0.000234938,-0.044576729,2.391691665,9.251919629,-6.14E-05,0.005590073,0.146802386,0,1,1,1 
BD_13,Buses_Diesel_Urban Buses Standard 15 - 18 t_Euro V,SCR,,0,0.5,5,85,0.000353348,-0.056182902,2.650912274,7.873604689,-6.24E-05,0.006592996,0.130945538,0,1,1,1 
BD_13,Buses_Diesel_Urban Buses Standard 15 - 18 t_Euro V,SCR,,0,1,5,85,0.000953218,-0.149419914,6.968745026,11.98880299,-0.000219226,0.023188049,0.231812632,0,1,1,1 
BD_13,Buses_Diesel_Urban Buses Standard 15 - 18 t_Euro V,SCR,,0.02,0,5,85,0.000466306,-0.053191436,1.915352304,8.0619988,9.48E-06,0.003436236,0.104162338,0,1,1,1 
BD_13,Buses_Diesel_Urban Buses Standard 15 - 18 t_Euro V,SCR,,0.02,0.5,5,85,0.001334054,-0.103901763,4.443793773,7.904442885,0.000182537,0.015701572,0.114662201,0,1,1,1 
BD_13,Buses_Diesel_Urban Buses Standard 15 - 18 t_Euro V,SCR,,0.02,1,5,85,0.003912762,-0.046925114,5.569770498,3.213737637,0.001876315,0.017970235,0.078308147,0,1,1,1 
BD_13,Buses_Diesel_Urban Buses Standard 15 - 18 t_Euro V,SCR,,0.04,0,5,85,0.002326168,-0.121140509,5.335496687,7.863520415,0.000514444,0.019447595,0.109349804,0,1,1,1 
BD_13,Buses_Diesel_Urban Buses Standard 15 - 18 t_Euro V,SCR,,0.04,0.5,5,80,0.008709456,-0.067263426,4.810125819,5.075028959,0.003114667,0.009420278,0.080131721,0,1,1,1 
BD_13,Buses_Diesel_Urban Buses Standard 15 - 18 t_Euro V,SCR,,0.04,1,5,70,0.004391376,0.018412919,0.195479261,6.92124527,0.001552825,-0.004506677,0.055290009,0,1,1,1 
BD_13,Buses_Diesel_Urban Buses Standard 15 - 18 t_Euro V,SCR,,0.06,0,5,75,0.007614845,-0.076745338,3.782107613,7.612692913,0.002475449,0.005586979,0.090978302,0,1,1,1 
BD_13,Buses_Diesel_Urban Buses Standard 15 - 18 t_Euro V,SCR,,0.06,0.5,5,60,0.003889353,-0.004025862,0.329378496,6.247520632,0.001053712,0.000131032,0.042697891,0,1,1,1 
BD_13,Buses_Diesel_Urban Buses Standard 15 - 18 t_Euro V,SCR,,0.06,1,5,55,0.013474756,0.074709979,0.061917942,11.49072752,0.003448663,0.004743556,0.054279594,0,1,1,1 
BD_13,Buses_Diesel_Urban Buses Standard 15 - 18 t_Euro V,EGR,,-0.06,0,5,85,-0.00181765,0.194868821,-1.24676287,2.720631824,0.003322498,-0.023171731,0.055737898,0,1,1,1 
BD_13,Buses_Diesel_Urban Buses Standard 15 - 18 t_Euro V,EGR,,-0.06,0.5,5,85,-0.001730496,0.18264855,-1.163791476,2.486287177,0.003148676,-0.022068522,0.052285655,0,1,1,1 
BD_13,Buses_Diesel_Urban Buses Standard 15 - 18 t_Euro V,EGR,,-0.06,1,5,85,-0.001940552,0.204632732,-1.310283768,2.723886834,0.003522561,-0.024937043,0.057588207,0,1,1,1 
BD_13,Buses_Diesel_Urban Buses Standard 15 - 18 t_Euro V,EGR,,-0.04,0,5,85,-0.002064675,0.282857072,-1.138926701,2.216011393,0.003986712,-0.015633086,0.037940067,0,1,1,1 
BD_13,Buses_Diesel_Urban Buses Standard 15 - 18 t_Euro V,EGR,,-0.04,0.5,5,85,-0.002894943,0.371971716,-1.729271582,3.3338956,0.005138483,-0.024262332,0.056919658,0,1,1,1 
BD_13,Buses_Diesel_Urban Buses Standard 15 - 18 t_Euro V,EGR,,-0.04,1,5,85,-0.003927204,0.483900929,-2.236263923,4.379860955,0.006466375,-0.030953671,0.076988461,0,1,1,1 
BD_13,Buses_Diesel_Urban Buses Standard 15 - 18 t_Euro V,EGR,,-0.02,0,5,85,0.002035122,1.105656827,-3.782077532,0.034748249,0.013319781,-0.025590795,-0.067472726,0,1,1,1 
BD_13,Buses_Diesel_Urban Buses Standard 15 - 18 t_Euro V,EGR,,-0.02,0.5,5,85,-0.002888842,1.357467745,-4.326081898,-0.982106822,0.014176725,-0.015918438,-0.113443066,0,1,1,1 
BD_13,Buses_Diesel_Urban Buses Standard 15 - 18 t_Euro V,EGR,,-0.02,1,5,85,-0.001998255,0.533094198,-1.578756049,2.239508659,0.005351538,-0.009852883,0.02250217,0,1,1,1 
BD_13,Buses_Diesel_Urban Buses Standard 15 - 18 t_Euro V,EGR,,0,0,5,85,0.01146541,0.701887441,-2.40747974,4.000967094,0.008938988,-0.028223705,0.055170377,0,1,1,1 
BD_13,Buses_Diesel_Urban Buses Standard 15 - 18 t_Euro V,EGR,,0,0.5,5,85,0.01718298,1.169508772,-3.61755586,4.229894703,0.012934118,-0.031483767,0.03997473,0,1,1,1 
BD_13,Buses_Diesel_Urban Buses Standard 15 - 18 t_Euro V,EGR,,0,1,5,85,0.016668109,1.345076346,-3.770165397,3.296619897,0.012787766,-0.021562846,0.011379697,0,1,1,1 
BD_13,Buses_Diesel_Urban Buses Standard 15 - 18 t_Euro V,EGR,,0.02,0,5,85,0.024028078,0.806078558,-3.591525224,3.197758287,0.010065861,-0.039142884,0.030387503,0,1,1,1 
BD_13,Buses_Diesel_Urban Buses Standard 15 - 18 t_Euro V,EGR,,0.02,0.5,5,85,0.062162738,1.924184877,-7.65452578,4.804693168,0.021507776,-0.071498832,0.029057216,0,1,1,1 
BD_13,Buses_Diesel_Urban Buses Standard 15 - 18 t_Euro V,EGR,,0.02,1,5,85,0.052254638,1.599371599,-9.800069204,4.912477351,0.016311777,-0.077530569,5.52E-14,0,1,1,1 
BD_13,Buses_Diesel_Urban Buses Standard 15 - 18 t_Euro V,EGR,,0.04,0,5,85,0.063465768,1.31840789,-8.173554104,11.3969171,0.017388583,-0.091517743,0.122279772,0,1,1,1 
BD_13,Buses_Diesel_Urban Buses Standard 15 - 18 t_Euro V,EGR,,0.04,0.5,5,80,0.128620836,2.80348974,-16.15789011,-5.453804863,0.029828576,-0.131864582,-0.087007887,0,1,1,1 
BD_13,Buses_Diesel_Urban Buses Standard 15 - 18 t_Euro V,EGR,,0.04,1,5,70,0.04033716,0.957311146,-3.557492671,1.372114042,0.008370724,-0.024886426,0.002077016,0,1,1,1 
BD_13,Buses_Diesel_Urban Buses Standard 15 - 18 t_Euro V,EGR,,0.06,0,5,80,0.13840959,2.583708899,-12.62202713,13.6649326,0.029526791,-0.124469828,0.129379399,0,1,1,1 
BD_13,Buses_Diesel_Urban Buses Standard 15 - 18 t_Euro V,EGR,,0.06,0.5,5,60,0.027790192,0.562081741,-4.129230245,4.101238354,0.005366825,-0.03071125,0.02541206,0,1,1,1 
BD_13,Buses_Diesel_Urban Buses Standard 15 - 18 t_Euro V,EGR,,0.06,1,5,55,0.034889048,1.036742488,-3.745647568,1.616334818,0.006885807,-0.019317461,4.86E-14,0,1,1,1 
BD_14,Buses_Diesel_Urban Buses Standard 15 - 18 t_Euro VI,,,-0.06,0,5,80,-0.006541474,0.5111922,1.856681205,2.776559772,0.006347919,0.131355953,-3.58E-14,0,1,1,1 
BD_14,Buses_Diesel_Urban Buses Standard 15 - 18 t_Euro VI,,,-0.06,0.5,5,75,-0.003810376,0.273275539,2.418501242,0.959795676,0.00344173,0.12118831,8.34E-14,0,1,1,1 
BD_14,Buses_Diesel_Urban Buses Standard 15 - 18 t_Euro VI,,,-0.06,1,5,75,-0.000689423,0.038313405,1.306939453,-4.736952885,0.000263222,0.055560337,-0.187936815,0,1,1,1 
BD_14,Buses_Diesel_Urban Buses Standard 15 - 18 t_Euro VI,,,-0.04,0,5,85,-0.000140755,0.014224211,0.184819735,3.06020509,0.000129349,0.007666667,0.092546608,0,1,1,1 
BD_14,Buses_Diesel_Urban Buses Standard 15 - 18 t_Euro VI,,,-0.04,0.5,5,85,-7.84E-05,0.040143541,-1.058456762,7.191381806,0.001165499,-0.032809459,0.231104588,0,1,1,1 
BD_14,Buses_Diesel_Urban Buses Standard 15 - 18 t_Euro VI,,,-0.04,1,5,85,-0.001048837,0.30158561,-1.740079376,1.126570431,0.009517604,-0.055529876,0.034244266,0,1,1,1 
BD_14,Buses_Diesel_Urban Buses Standard 15 - 18 t_Euro VI,,,-0.02,0,5,85,-0.000298586,0.233178096,-2.187669188,4.803164767,0.007067157,-0.06630776,0.14514938,0,1,1,1 
BD_14,Buses_Diesel_Urban Buses Standard 15 - 18 t_Euro VI,,,-0.02,0.5,5,85,0.000558566,0.04341091,-0.583868073,2.719409843,0.00256136,-0.026108265,0.095537601,0,1,1,1 
BD_14,Buses_Diesel_Urban Buses Standard 15 - 18 t_Euro VI,,,-0.02,1,5,85,5.74E-05,0.028225828,-0.415733025,1.788295757,0.001386335,-0.016282941,0.059813516,0,1,1,1 
BD_14,Buses_Diesel_Urban Buses Standard 15 - 18 t_Euro VI,,,0,0,5,85,-0.000303565,0.040920061,-0.546261201,2.787163326,0.001759538,-0.01771893,0.07360416,0,1,1,1 
BD_14,Buses_Diesel_Urban Buses Standard 15 - 18 t_Euro VI,,,0,0.5,5,85,-0.00057823,0.085236978,-1.225085865,5.922508556,0.004115306,-0.040690214,0.154767303,0,1,1,1 
BD_14,Buses_Diesel_Urban Buses Standard 15 - 18 t_Euro VI,,,0,1,5,85,-0.000196382,0.045500528,-0.675039746,3.222013146,0.002705368,-0.024435524,0.085209616,0,1,1,1 
BD_14,Buses_Diesel_Urban Buses Standard 15 - 18 t_Euro VI,,,0.02,0,5,85,3.63E-05,0.040581826,-0.619018997,3.597824003,0.003114294,-0.024248341,0.086027699,0,1,1,1 
BD_14,Buses_Diesel_Urban Buses Standard 15 - 18 t_Euro VI,,,0.02,0.5,5,85,-6.40E-06,0.060125653,-0.832346695,4.104940049,0.004581713,-0.03288077,0.097684088,0,1,1,1 
BD_14,Buses_Diesel_Urban Buses Standard 15 - 18 t_Euro VI,,,0.02,1,5,85,2.12E-05,0.034758697,-0.473315893,2.126992916,0.002721356,-0.018292199,0.049295176,0,1,1,1 
BD_14,Buses_Diesel_Urban Buses Standard 15 - 18 t_Euro VI,,,0.04,0,5,85,-8.73E-05,0.044641071,-0.638171529,3.113580222,0.002816164,-0.020492653,0.064704612,0,1,1,1 
BD_14,Buses_Diesel_Urban Buses Standard 15 - 18 t_Euro VI,,,0.04,0.5,5,85,0.00033814,0.057528456,-0.781642843,3.366061104,0.004830899,-0.030956168,0.077029978,0,1,1,1 
BD_14,Buses_Diesel_Urban Buses Standard 15 - 18 t_Euro VI,,,0.04,1,5,70,0.007369255,-0.177892213,2.227168564,-6.103937847,0.011862237,-0.040894746,1.41E-15,0,1,1,1 
BD_14,Buses_Diesel_Urban Buses Standard 15 - 18 t_Euro VI,,,0.06,0,5,80,0.000469387,0.045081667,-0.680030196,3.180812569,0.004034896,-0.025934538,0.068964713,0,1,1,1 
BD_14,Buses_Diesel_Urban Buses Standard 15 - 18 t_Euro VI,,,0.06,0.5,5,65,0.006923375,-0.170011352,1.951785846,-5.203219592,0.009701452,-0.033553376,-2.29E-15,0,1,1,1 
BD_14,Buses_Diesel_Urban Buses Standard 15 - 18 t_Euro VI,,,0.06,1,5,55,-0.000146961,0.083928897,-0.950346441,3.320086254,0.00443576,-0.021761804,0.05239527,0,1,1,1 
BD_15,Buses_Diesel_Urban Buses Articulated >18 t_Conventional,,,-0.06,0,11,86,-0.001321895,0.073076161,4.399023926,4.9940509,0.000496215,0.025934838,0.101183715,0,1,1,1 
BD_15,Buses_Diesel_Urban Buses Articulated >18 t_Conventional,,,-0.06,0.5,11,86,-0.00080936,0.03704375,3.163870297,6.025634586,0.000236579,0.018272249,0.110275593,0,1,1,1 
BD_15,Buses_Diesel_Urban Buses Articulated >18 t_Conventional,,,-0.06,1,11,86,-0.000689552,0.031152782,2.656077443,5.202696763,0.000165526,0.014952077,0.108022299,0,1,1,1 
BD_15,Buses_Diesel_Urban Buses Articulated >18 t_Conventional,,,-0.04,0,11,86,-0.001873427,0.104148417,9.154094187,18.65678423,0.000395229,0.038584646,0.287385049,0,1,1,1 
BD_15,Buses_Diesel_Urban Buses Articulated >18 t_Conventional,,,-0.04,0.5,11,86,-0.000963037,0.045567426,4.219638369,7.725403997,0.000128235,0.016121467,0.152226786,0,1,1,1 
BD_15,Buses_Diesel_Urban Buses Articulated >18 t_Conventional,,,-0.04,1,11,86,-0.001515529,0.06609717,6.261862153,9.5804651,0.000143745,0.021664996,0.237768744,0,1,1,1 
BD_15,Buses_Diesel_Urban Buses Articulated >18 t_Conventional,,,-0.02,0,11,86,-0.001455461,0.518682311,11.45100906,15.14045623,0.001025741,0.050689496,0.203506563,0,1,1,1 
BD_15,Buses_Diesel_Urban Buses Articulated >18 t_Conventional,,,-0.02,0.5,11,86,-0.000285925,0.000698661,2.26621324,-18.85648978,-9.24E-05,0.009357563,-0.066514632,0,1,1,1 
BD_15,Buses_Diesel_Urban Buses Articulated >18 t_Conventional,,,-0.02,1,11,85,-0.00033251,0.001470511,2.488970267,-18.0599444,-8.88E-05,0.00896684,-0.050396921,0,1,1,1 
BD_15,Buses_Diesel_Urban Buses Articulated >18 t_Conventional,,,0,0,11,86,-7.46E-05,0.014146454,1.226951392,3.773060253,-1.25E-05,0.00267146,0.034364328,0,1,1,1 
BD_15,Buses_Diesel_Urban Buses Articulated >18 t_Conventional,,,0,0.5,11,86,0.000146469,0.069517197,2.445483016,7.793083854,3.65E-05,0.00513273,0.068138576,0,1,1,1 
BD_15,Buses_Diesel_Urban Buses Articulated >18 t_Conventional,,,0,1,11,86,-0.000143266,0.336555334,10.32373987,14.14834194,0.000126208,0.020166945,0.222785519,0,1,1,1 
BD_15,Buses_Diesel_Urban Buses Articulated >18 t_Conventional,,,0.02,0,11,86,-4.93E-05,0.049533963,2.490395017,5.375324796,-1.29E-05,0.004107245,0.057213633,0,1,1,1 
BD_15,Buses_Diesel_Urban Buses Articulated >18 t_Conventional,,,0.02,0.5,11,83,-0.000325501,0.074409809,3.662833593,5.930780543,-2.05E-05,0.004584418,0.075377638,0,1,1,1 
BD_15,Buses_Diesel_Urban Buses Articulated >18 t_Conventional,,,0.02,1,11,75,0.015212109,1.443512625,13.15091297,4.844773343,0.000767283,0.038057312,0.173756501,0,1,1,1 
BD_15,Buses_Diesel_Urban Buses Articulated >18 t_Conventional,,,0.04,0,11,76,0.000644568,0.29236572,4.493234454,8.808696065,2.08E-05,0.011654513,0.066746851,0,1,1,1 
BD_15,Buses_Diesel_Urban Buses Articulated >18 t_Conventional,,,0.04,0.5,11,60,0.005561592,0.615015998,-2.298546133,-18.49085047,0.000197495,0.014742539,-0.119108664,0,1,1,1 
BD_15,Buses_Diesel_Urban Buses Articulated >18 t_Conventional,,,0.04,1,10,45,-0.004118959,0.199231897,-0.120302428,-9.834486025,-0.00010399,0.005683757,-0.038688478,0,1,1,1 
BD_15,Buses_Diesel_Urban Buses Articulated >18 t_Conventional,,,0.06,0,11,59,0.012050952,1.393367895,3.039559768,-4.884790476,0.000371892,0.036636034,-0.073748275,0,1,1,1 
BD_15,Buses_Diesel_Urban Buses Articulated >18 t_Conventional,,,0.06,0.5,10,44,0.002055112,-0.112445285,1.327225615,8.160273056,4.52E-05,-0.002680481,0.041142763,0,1,1,1 
BD_15,Buses_Diesel_Urban Buses Articulated >18 t_Conventional,,,0.06,1,9,34,0.015422743,1.069009348,2.334634749,6.469890551,0.000233527,0.019313933,-0.010715191,0,1,1,1 
BD_16,Buses_Diesel_Urban Buses Articulated >18 t_Euro I,,,-0.06,0,11,86,-0.000495335,0.025366943,2.239876628,3.28004567,0.000338677,0.019440912,0.062191078,0,1,1,1 
BD_16,Buses_Diesel_Urban Buses Articulated >18 t_Euro I,,,-0.06,0.5,11,86,-0.000598176,0.030983097,2.599285713,3.191787467,0.000363361,0.022198134,0.087862049,0,1,1,1 
BD_16,Buses_Diesel_Urban Buses Articulated >18 t_Euro I,,,-0.06,1,11,86,-0.000891041,0.045333004,3.795532857,5.600054212,0.00045997,0.031938131,0.162062093,0,1,1,1 
BD_16,Buses_Diesel_Urban Buses Articulated >18 t_Euro I,,,-0.04,0,11,86,-0.001189202,0.075599508,6.015490808,10.12807634,0.000528064,0.039970908,0.220820431,0,1,1,1 
BD_16,Buses_Diesel_Urban Buses Articulated >18 t_Euro I,,,-0.04,0.5,11,86,-0.000577015,0.030993694,2.615641424,4.336361186,0.000168908,0.015977496,0.118368769,0,1,1,1 
BD_16,Buses_Diesel_Urban Buses Articulated >18 t_Euro I,,,-0.04,1,11,86,-0.000770268,0.036353686,3.302424748,6.158794587,0.000149447,0.018571728,0.174024008,0,1,1,1 
BD_16,Buses_Diesel_Urban Buses Articulated >18 t_Euro I,,,-0.02,0,11,86,-0.001587427,0.521422457,8.357605297,3.442831927,0.001738848,0.064693353,0.128657159,0,1,1,1 
BD_16,Buses_Diesel_Urban Buses Articulated >18 t_Euro I,,,-0.02,0.5,11,86,-0.000387218,-0.010166721,4.10855361,-33.78401073,-0.000248222,0.024961165,-0.179415847,0,1,1,1 
BD_16,Buses_Diesel_Urban Buses Articulated >18 t_Euro I,,,-0.02,1,11,85,-0.000336514,-0.005914289,3.199255406,-23.89621725,-0.000174514,0.017485555,-0.106497839,0,1,1,1 
BD_16,Buses_Diesel_Urban Buses Articulated >18 t_Euro I,,,0,0,11,86,0.000426658,0.125834951,4.083923917,22.15901947,0.000128658,0.018811564,0.204590797,0,1,1,1 
BD_16,Buses_Diesel_Urban Buses Articulated >18 t_Euro I,,,0,0.5,11,86,0.000195532,0.109812151,4.660716894,19.26677046,9.22E-05,0.01446514,0.22405553,0,1,1,1 
BD_16,Buses_Diesel_Urban Buses Articulated >18 t_Euro I,,,0,1,11,86,-0.000534734,0.579898719,17.85297244,24.86189742,0.000373621,0.055992973,0.59945786,0,1,1,1 
BD_16,Buses_Diesel_Urban Buses Articulated >18 t_Euro I,,,0.02,0,11,86,0.000759062,0.153916902,3.569677971,20.71571891,7.55E-05,0.013565281,0.16578572,0,1,1,1 
BD_16,Buses_Diesel_Urban Buses Articulated >18 t_Euro I,,,0.02,0.5,11,84,0.000684843,0.124032613,2.302543699,5.706841616,6.37E-05,0.008199746,0.068677576,0,1,1,1 
BD_16,Buses_Diesel_Urban Buses Articulated >18 t_Euro I,,,0.02,1,11,76,0.008927031,0.441073242,-2.624739662,-7.265915119,0.000701383,0.011060355,-0.115456959,0,1,1,1 
BD_16,Buses_Diesel_Urban Buses Articulated >18 t_Euro I,,,0.04,0,11,77,0.000539914,0.178191951,1.98319652,5.889564752,3.55E-05,0.010986251,0.039152695,0,1,1,1 
BD_16,Buses_Diesel_Urban Buses Articulated >18 t_Euro I,,,0.04,0.5,11,61,-0.000104162,0.011441437,1.563866749,5.524553241,-6.17E-06,0.000908242,0.057388974,0,1,1,1 
BD_16,Buses_Diesel_Urban Buses Articulated >18 t_Euro I,,,0.04,1,10,48,-0.004001595,0.206623501,-0.229889424,-10.06972603,-0.000159307,0.009194393,-0.06489535,0,1,1,1 
BD_16,Buses_Diesel_Urban Buses Articulated >18 t_Euro I,,,0.06,0,11,60,0.003854881,0.477899783,0.809726497,-5.976208264,0.000222028,0.019999514,-0.065064592,0,1,1,1 
BD_16,Buses_Diesel_Urban Buses Articulated >18 t_Euro I,,,0.06,0.5,10,44,0.01219978,-0.215617037,0.272252843,8.57188655,0.000451675,-0.010304375,0.062619759,0,1,1,1 
BD_16,Buses_Diesel_Urban Buses Articulated >18 t_Euro I,,,0.06,1,9,36,-0.008585529,0.332263728,-0.512389006,2.486394564,-0.000224697,0.008990299,-0.022028069,0,1,1,1 
BD_17,Buses_Diesel_Urban Buses Articulated >18 t_Euro II,,,-0.06,0,11,86,9.44E-05,-0.02796013,1.850057989,3.641576889,-5.97E-05,0.012603486,0.064346822,0,1,1,1 
BD_17,Buses_Diesel_Urban Buses Articulated >18 t_Euro II,,,-0.06,0.5,11,86,-0.000721314,0.041298752,2.956213668,4.192432046,0.000410991,0.023414212,0.089806432,0,1,1,1 
BD_17,Buses_Diesel_Urban Buses Articulated >18 t_Euro II,,,-0.06,1,11,86,8.05E-05,-0.022009424,1.716541822,6.214729371,4.60E-05,0.008044673,0.132098933,0,1,1,1 
BD_17,Buses_Diesel_Urban Buses Articulated >18 t_Euro II,,,-0.04,0,11,86,-0.000944466,0.061056633,4.853319916,9.414012959,0.00037844,0.029340447,0.167514265,0,1,1,1 
BD_17,Buses_Diesel_Urban Buses Articulated >18 t_Euro II,,,-0.04,0.5,11,86,-0.000615965,0.032913458,2.971831295,5.456428386,0.000171867,0.016595264,0.122573881,0,1,1,1 
BD_17,Buses_Diesel_Urban Buses Articulated >18 t_Euro II,,,-0.04,1,11,86,-0.000730494,0.03568947,3.256441599,6.065891173,0.000151429,0.017124222,0.148181251,0,1,1,1 
BD_17,Buses_Diesel_Urban Buses Articulated >18 t_Euro II,,,-0.02,0,11,86,-0.000468411,0.119920326,6.043117339,12.23435631,0.000351218,0.029869249,0.189451978,0,1,1,1 
BD_17,Buses_Diesel_Urban Buses Articulated >18 t_Euro II,,,-0.02,0.5,11,86,-0.000123672,-0.008205888,1.78894557,-14.59409921,-9.55E-05,0.009520288,-0.069114282,0,1,1,1 
BD_17,Buses_Diesel_Urban Buses Articulated >18 t_Euro II,,,-0.02,1,11,85,-0.000126232,-0.006837553,1.637256171,-12.54122539,-8.14E-05,0.008071576,-0.052682215,0,1,1,1 
BD_17,Buses_Diesel_Urban Buses Articulated >18 t_Euro II,,,0,0,11,86,0.004144582,0.494449266,11.34987251,13.30451661,0.000943901,0.057242447,0.206116771,0,1,1,1 
BD_17,Buses_Diesel_Urban Buses Articulated >18 t_Euro II,,,0,0.5,11,86,-5.51E-05,0.025412958,4.212927166,33.30897481,-6.85E-06,0.007177564,0.274777308,0,1,1,1 
BD_17,Buses_Diesel_Urban Buses Articulated >18 t_Euro II,,,0,1,11,86,0.000347754,0.419782512,13.62407638,24.08231056,0.000326582,0.041890644,0.399928161,0,1,1,1 
BD_17,Buses_Diesel_Urban Buses Articulated >18 t_Euro II,,,0.02,0,11,86,0.002749917,0.463994326,3.753665179,-30.52877608,0.000282652,0.03886134,-0.200851648,0,1,1,1 
BD_17,Buses_Diesel_Urban Buses Articulated >18 t_Euro II,,,0.02,0.5,11,86,0.000677102,0.098640953,1.863459418,5.099303279,6.10E-05,0.00654899,0.046673858,0,1,1,1 
BD_17,Buses_Diesel_Urban Buses Articulated >18 t_Euro II,,,0.02,1,11,79,-0.000466235,0.05632772,3.49008,6.279162127,-3.81E-05,0.00559407,0.094584347,0,1,1,1 
BD_17,Buses_Diesel_Urban Buses Articulated >18 t_Euro II,,,0.04,0,11,81,0.00044379,0.124075438,2.282863451,4.938483588,2.33E-05,0.008588836,0.041740277,0,1,1,1 
BD_17,Buses_Diesel_Urban Buses Articulated >18 t_Euro II,,,0.04,0.5,11,60,-0.000253509,0.069038583,2.878821451,4.608647081,-2.36E-05,0.005045016,0.064439879,0,1,1,1 
BD_17,Buses_Diesel_Urban Buses Articulated >18 t_Euro II,,,0.04,1,10,54,-0.002782111,0.159638519,-0.029144568,-10.07202128,-0.000116506,0.007554717,-0.056763259,0,1,1,1 
BD_17,Buses_Diesel_Urban Buses Articulated >18 t_Euro II,,,0.06,0,11,55,-0.000208307,0.066880446,2.726856347,4.562088821,-2.33E-05,0.005004564,0.058492987,0,1,1,1 
BD_17,Buses_Diesel_Urban Buses Articulated >18 t_Euro II,,,0.06,0.5,10,48,0.001438593,-0.06245689,0.505489165,5.280502039,5.35E-05,-0.002630682,0.034023852,0,1,1,1 
BD_17,Buses_Diesel_Urban Buses Articulated >18 t_Euro II,,,0.06,1,9,39,0.112524472,-0.31257111,-6.347384668,0.772423901,0.003648537,-0.03214044,-0.005479519,0,1,1,1 
BD_18,Buses_Diesel_Urban Buses Articulated >18 t_Euro III,,,-0.06,0,11,86,-0.000350292,-0.001713152,3.358510947,-5.158372279,0.000296227,0.022459717,-0.014636224,0,1,1,1 
BD_18,Buses_Diesel_Urban Buses Articulated >18 t_Euro III,,,-0.06,0.5,11,86,6.73E-05,-0.019874414,1.225895065,3.686102359,-3.95E-05,0.008559735,0.042665328,0,1,1,1 
BD_18,Buses_Diesel_Urban Buses Articulated >18 t_Euro III,,,-0.06,1,11,86,-0.000760334,0.037438889,2.883308534,3.009200549,0.000425357,0.021460613,0.059322304,0,1,1,1 
BD_18,Buses_Diesel_Urban Buses Articulated >18 t_Euro III,,,-0.04,0,11,86,-0.000975259,0.064357985,4.973157612,4.502056967,0.000587149,0.030209532,0.063749585,0,1,1,1 
BD_18,Buses_Diesel_Urban Buses Articulated >18 t_Euro III,,,-0.04,0.5,11,86,-0.000724665,0.038396376,3.491036097,6.135531833,0.000307667,0.020389896,0.087681155,0,1,1,1 
BD_18,Buses_Diesel_Urban Buses Articulated >18 t_Euro III,,,-0.04,1,11,86,-0.001275632,0.063033397,5.706347789,9.402719558,0.000428938,0.031444282,0.16611174,0,1,1,1 
BD_18,Buses_Diesel_Urban Buses Articulated >18 t_Euro III,,,-0.02,0,11,86,-0.000389872,0.173307532,0.302832725,-13.29992413,0.000837111,0.003691659,-0.082968861,0,1,1,1 
BD_18,Buses_Diesel_Urban Buses Articulated >18 t_Euro III,,,-0.02,0.5,11,86,-0.000823172,0.098602414,6.184066065,11.17444685,0.000401336,0.02837782,0.139038086,0,1,1,1 
BD_18,Buses_Diesel_Urban Buses Articulated >18 t_Euro III,,,-0.02,1,11,86,-0.000518749,0.046999759,3.1562735,5.898362884,0.000147823,0.012922916,0.085936981,0,1,1,1 
BD_18,Buses_Diesel_Urban Buses Articulated >18 t_Euro III,,,0,0,11,86,0.001042065,0.45945163,7.420862612,4.785527086,0.000890633,0.057150326,-0.1026751,0,1,1,1 
BD_18,Buses_Diesel_Urban Buses Articulated >18 t_Euro III,,,0,0.5,11,86,0.000763412,0.307437823,4.668156277,-15.96372263,0.000515126,0.033006826,-0.123742694,0,1,1,1 
BD_18,Buses_Diesel_Urban Buses Articulated >18 t_Euro III,,,0,1,11,86,0.000528987,0.203560037,1.272273885,-29.12233337,0.000333423,0.014763264,-0.163227771,0,1,1,1 
BD_18,Buses_Diesel_Urban Buses Articulated >18 t_Euro III,,,0.02,0,11,86,0.001344698,0.318402595,2.513498415,19.36972297,0.00031008,0.027449956,-0.027274959,0,1,1,1 
BD_18,Buses_Diesel_Urban Buses Articulated >18 t_Euro III,,,0.02,0.5,11,86,0.004673027,1.05648164,7.54888698,46.71032974,0.000802179,0.074872752,-0.07712903,0,1,1,1 
BD_18,Buses_Diesel_Urban Buses Articulated >18 t_Euro III,,,0.02,1,11,81,0.001471531,0.315475131,4.865445068,-1.668884638,0.000167052,0.024083808,-0.013913186,0,1,1,1 
BD_18,Buses_Diesel_Urban Buses Articulated >18 t_Euro III,,,0.04,0,11,82,2.09E-05,0.040344584,0.400585997,5.041004688,2.73E-06,0.003308962,0.006144316,0,1,1,1 
BD_18,Buses_Diesel_Urban Buses Articulated >18 t_Euro III,,,0.04,0.5,11,66,4.26E-05,0.064869856,0.708110615,5.836971564,4.23E-06,0.004195779,0.009244768,0,1,1,1 
BD_18,Buses_Diesel_Urban Buses Articulated >18 t_Euro III,,,0.04,1,10,55,-0.000392131,0.050941189,3.029397359,6.502442797,-3.60E-05,0.005298092,0.055471727,0,1,1,1 
BD_18,Buses_Diesel_Urban Buses Articulated >18 t_Euro III,,,0.06,0,11,64,0.001398913,0.235374938,1.449141195,6.449114152,8.35E-05,0.014975655,-0.039881031,0,1,1,1 
BD_18,Buses_Diesel_Urban Buses Articulated >18 t_Euro III,,,0.06,0.5,11,49,0.00236119,0.340585929,1.507788576,-6.097461373,0.000189164,0.013177439,-0.042250001,0,1,1,1 
BD_18,Buses_Diesel_Urban Buses Articulated >18 t_Euro III,,,0.06,1,9,40,0.005924005,-0.109195003,-0.113815795,12.53034362,0.000248649,-0.006780393,0.056172141,0,1,1,1 
BD_19,Buses_Diesel_Urban Buses Articulated >18 t_Euro IV,,,-0.06,0,11,82,0.000145273,-0.025210628,1.069169451,1.868469418,-0.000153002,0.012670572,0.138742239,0,1,1,1 
BD_19,Buses_Diesel_Urban Buses Articulated >18 t_Euro IV,,,-0.06,0.5,11,82,-0.001313284,0.110469077,-0.177239353,-3.148205528,0.001102266,0.016251602,-0.149830075,0,1,1,1 
BD_19,Buses_Diesel_Urban Buses Articulated >18 t_Euro IV,,,-0.06,1,11,82,0.000294008,-0.057299263,2.639824165,6.797409512,-0.000198052,0.018952933,0.555569372,0,1,1,1 
BD_19,Buses_Diesel_Urban Buses Articulated >18 t_Euro IV,,,-0.04,0,11,86,-0.000368202,0.018848765,1.650043509,2.393897283,0.000216091,0.019799599,0.143885446,0,1,1,1 
BD_19,Buses_Diesel_Urban Buses Articulated >18 t_Euro IV,,,-0.04,0.5,11,81,0.000121906,-0.027781228,1.557181914,-8.550392295,-0.000164706,0.014447618,-0.043099578,0,1,1,1 
BD_19,Buses_Diesel_Urban Buses Articulated >18 t_Euro IV,,,-0.04,1,11,85,-0.000590279,0.024509502,2.189976994,2.397781402,0.000133602,0.020252603,0.239835316,0,1,1,1 
BD_19,Buses_Diesel_Urban Buses Articulated >18 t_Euro IV,,,-0.02,0,11,86,-0.001210796,0.371202907,4.309012322,-2.977767276,0.002152007,0.069419474,0.029626945,0,1,1,1 
BD_19,Buses_Diesel_Urban Buses Articulated >18 t_Euro IV,,,-0.02,0.5,11,85,-6.77E-05,-0.002251584,0.74748049,-5.798228434,-7.62E-05,0.007584475,-0.049947771,0,1,1,1 
BD_19,Buses_Diesel_Urban Buses Articulated >18 t_Euro IV,,,-0.02,1,11,84,-7.94E-05,-0.002435693,0.832774962,-5.626913597,-7.23E-05,0.007158815,-0.035982168,0,1,1,1 
BD_19,Buses_Diesel_Urban Buses Articulated >18 t_Euro IV,,,0,0,11,86,4.82E-05,0.036397302,1.96877336,10.55238206,6.19E-05,0.010959053,0.192665242,0,1,1,1 
BD_19,Buses_Diesel_Urban Buses Articulated >18 t_Euro IV,,,0,0.5,11,86,-0.000445085,0.027547684,1.247173474,-10.78853974,-0.000124138,0.01241432,-0.076346063,0,1,1,1 
BD_19,Buses_Diesel_Urban Buses Articulated >18 t_Euro IV,,,0,1,11,86,-0.000474381,0.024955602,1.793921929,-11.66823768,-0.000122693,0.012225571,-0.046033377,0,1,1,1 
BD_19,Buses_Diesel_Urban Buses Articulated >18 t_Euro IV,,,0.02,0,11,86,0.00812659,1.420176012,-3.53461434,-24.56520118,0.002627079,0.121379896,-0.869213923,0,1,1,1 
BD_19,Buses_Diesel_Urban Buses Articulated >18 t_Euro IV,,,0.02,0.5,11,86,0.000558401,0.233277053,7.571815928,21.24621451,0.000188684,0.028594698,0.403512875,0,1,1,1 
BD_19,Buses_Diesel_Urban Buses Articulated >18 t_Euro IV,,,0.02,1,11,82,0.000875232,0.491709335,13.48213722,18.51875321,0.000358382,0.047833122,0.485070179,0,1,1,1 
BD_19,Buses_Diesel_Urban Buses Articulated >18 t_Euro IV,,,0.04,0,11,84,0.034814344,6.427452401,12.01290676,-2.89342579,0.006560571,0.523295858,-1.670270492,0,1,1,1 
BD_19,Buses_Diesel_Urban Buses Articulated >18 t_Euro IV,,,0.04,0.5,11,68,0.001951086,0.324081093,-0.430992276,-22.29689868,0.000332099,0.019717033,-0.197859285,0,1,1,1 
BD_19,Buses_Diesel_Urban Buses Articulated >18 t_Euro IV,,,0.04,1,10,56,0.023146524,0.378352254,-8.427915866,34.05116924,0.002420177,-0.028707304,0.08446435,0,1,1,1 
BD_19,Buses_Diesel_Urban Buses Articulated >18 t_Euro IV,,,0.06,0,11,67,0.002251416,0.352669489,-0.426247459,-20.85810211,0.000350762,0.022345572,-0.204185623,0,1,1,1 
BD_19,Buses_Diesel_Urban Buses Articulated >18 t_Euro IV,,,0.06,0.5,10,51,0.002582506,-0.071679966,2.371164938,4.433411784,0.00014045,-0.002510587,0.092650424,0,1,1,1 
BD_19,Buses_Diesel_Urban Buses Articulated >18 t_Euro IV,,,0.06,1,6,41,0.001578564,-0.073901048,4.682460849,0.576652298,6.35E-05,0.00116131,0.073146406,0,1,1,1 
BD_20,Buses_Diesel_Urban Buses Articulated >18 t_Euro V,SCR,,-0.06,0,5,80,-0.001719482,0.157365612,-1.081377241,3.087014554,0.001547542,-0.012087188,0.038821304,0,1,1,1 
BD_20,Buses_Diesel_Urban Buses Articulated >18 t_Euro V,SCR,,-0.06,0.5,5,85,-0.001763775,0.163029726,-1.126454238,3.212695024,0.00159701,-0.012795535,0.041355939,0,1,1,1 
BD_20,Buses_Diesel_Urban Buses Articulated >18 t_Euro V,SCR,,-0.06,1,5,85,-0.002348776,0.218185342,-1.43606305,3.834935939,0.002078443,-0.015891194,0.048818047,0,1,1,1 
BD_20,Buses_Diesel_Urban Buses Articulated >18 t_Euro V,SCR,,-0.04,0,5,85,-0.009225218,0.982897312,-1.829100815,2.520536767,0.006404241,0.003797577,-1.41E-16,0,1,1,1 
BD_20,Buses_Diesel_Urban Buses Articulated >18 t_Euro V,SCR,,-0.04,0.5,5,85,-0.000887531,0.021461382,4.774480811,-1.071629321,0.000179253,0.03430742,0.06839258,0,1,1,1 
BD_20,Buses_Diesel_Urban Buses Articulated >18 t_Euro V,SCR,,-0.04,1,5,85,-0.000229712,-0.023978038,3.738740647,-0.90024944,-1.50E-05,0.022544948,0.063043378,0,1,1,1 
BD_20,Buses_Diesel_Urban Buses Articulated >18 t_Euro V,SCR,,-0.02,0,5,85,-0.000674146,2.502661742,-4.104463924,6.047001077,0.013561266,0.018519366,-1.54E-12,0,1,1,1 
BD_20,Buses_Diesel_Urban Buses Articulated >18 t_Euro V,SCR,,-0.02,0.5,5,85,0.000204369,-0.088040651,6.038394079,8.759481607,-0.000297502,0.024783985,0.2025906,0,1,1,1 
BD_20,Buses_Diesel_Urban Buses Articulated >18 t_Euro V,SCR,,-0.02,1,5,85,0.000258768,-0.106378246,7.233932615,6.018831752,-0.000352481,0.030058935,0.189733438,0,1,1,1 
BD_20,Buses_Diesel_Urban Buses Articulated >18 t_Euro V,SCR,,0,0,5,85,0.000377896,-0.060364975,2.81737054,8.420631429,-6.22E-05,0.006388783,0.127202465,0,1,1,1 
BD_20,Buses_Diesel_Urban Buses Articulated >18 t_Euro V,SCR,,0,0.5,5,85,0.000448936,-0.069823222,3.233510992,3.509006498,-0.00010843,0.011396678,0.073176609,0,1,1,1 
BD_20,Buses_Diesel_Urban Buses Articulated >18 t_Euro V,SCR,,0,1,5,85,0.001161789,-0.169605679,8.311045466,-1.626096925,-0.000331789,0.039462958,0.060684281,0,1,1,1 
BD_20,Buses_Diesel_Urban Buses Articulated >18 t_Euro V,SCR,,0.02,0,5,85,0.00067051,-0.053800637,2.299476133,3.826548677,7.59E-05,0.007545052,0.051909099,0,1,1,1 
BD_20,Buses_Diesel_Urban Buses Articulated >18 t_Euro V,SCR,,0.02,0.5,5,85,0.006401713,0.09872716,3.148428285,7.135138361,0.00365639,-0.003611103,0.097877902,0,1,1,1 
BD_20,Buses_Diesel_Urban Buses Articulated >18 t_Euro V,SCR,,0.02,1,5,80,0.006666828,0.070726502,0.539609853,4.974144332,0.002854674,-0.010498281,0.054691955,0,1,1,1 
BD_20,Buses_Diesel_Urban Buses Articulated >18 t_Euro V,SCR,,0.04,0,5,80,0.009284042,-0.069342636,5.14064955,5.613277062,0.003121561,0.008168591,0.081734856,0,1,1,1 
BD_20,Buses_Diesel_Urban Buses Articulated >18 t_Euro V,SCR,,0.04,0.5,5,65,0.009076027,-0.115470855,3.481958879,-9.749104479,0.001903725,0.008753569,-0.044448419,0,1,1,1 
BD_20,Buses_Diesel_Urban Buses Articulated >18 t_Euro V,SCR,,0.04,1,5,55,0.014995882,0.111721723,-0.873578326,11.05473983,0.003878285,-0.007554841,0.058260205,0,1,1,1 
BD_20,Buses_Diesel_Urban Buses Articulated >18 t_Euro V,SCR,,0.06,0,5,65,0.004974124,-0.005980538,0.395716625,7.718678751,0.001274779,-0.001006254,0.050156828,0,1,1,1 
BD_20,Buses_Diesel_Urban Buses Articulated >18 t_Euro V,SCR,,0.06,0.5,5,50,0.018241427,0.038933654,0.144052258,7.121712007,0.003739874,-0.000512848,0.030512845,0,1,1,1 
BD_20,Buses_Diesel_Urban Buses Articulated >18 t_Euro V,SCR,,0.06,1,5,40,0.108757332,-0.443268625,3.606101099,-7.083011202,0.016955732,-0.053254747,0.034238344,0,1,1,1 
BD_20,Buses_Diesel_Urban Buses Articulated >18 t_Euro V,EGR,,-0.06,0,5,85,-0.002115961,0.224415241,-1.395495651,3.011376936,0.003503362,-0.02390448,0.057490704,0,1,1,1 
BD_20,Buses_Diesel_Urban Buses Articulated >18 t_Euro V,EGR,,-0.06,0.5,5,85,-0.002189374,0.233102676,-1.475926546,3.086429054,0.003623317,-0.025451922,0.059537711,0,1,1,1 
BD_20,Buses_Diesel_Urban Buses Articulated >18 t_Euro V,EGR,,-0.06,1,5,85,-0.002466349,0.262182077,-1.658353018,3.438834231,0.003973752,-0.028147527,0.066147567,0,1,1,1 
BD_20,Buses_Diesel_Urban Buses Articulated >18 t_Euro V,EGR,,-0.04,0,5,85,-0.002851487,0.370844176,-1.661359762,3.09633205,0.004618779,-0.020471841,0.046494331,0,1,1,1 
BD_20,Buses_Diesel_Urban Buses Articulated >18 t_Euro V,EGR,,-0.04,0.5,5,85,-0.004212508,0.515575689,-2.255028181,4.329266439,0.006069014,-0.026810459,0.067516506,0,1,1,1 
BD_20,Buses_Diesel_Urban Buses Articulated >18 t_Euro V,EGR,,-0.04,1,5,85,-0.004881948,0.573642212,-2.418331632,4.356282539,0.006270081,-0.026022686,0.064291307,0,1,1,1 
BD_20,Buses_Diesel_Urban Buses Articulated >18 t_Euro V,EGR,,-0.02,0,5,85,-0.00212571,1.495760811,-4.599993937,-1.929554761,0.014304674,-0.013183836,-0.128251031,0,1,1,1 
BD_20,Buses_Diesel_Urban Buses Articulated >18 t_Euro V,EGR,,-0.02,0.5,5,85,-0.002249394,0.575227482,-1.716454298,2.217531693,0.004999387,-0.008261342,0.015694481,0,1,1,1 
BD_20,Buses_Diesel_Urban Buses Articulated >18 t_Euro V,EGR,,-0.02,1,5,85,-0.005311059,1.087751192,-3.360168166,3.939809458,0.008424472,-0.012620706,0.018525334,0,1,1,1 
BD_20,Buses_Diesel_Urban Buses Articulated >18 t_Euro V,EGR,,0,0,5,85,0.019648014,1.306403947,-4.078193044,4.400520547,0.013262439,-0.032392058,0.03515979,0,1,1,1 
BD_20,Buses_Diesel_Urban Buses Articulated >18 t_Euro V,EGR,,0,0.5,5,85,0.025894523,2.085151288,-5.871170129,4.284658274,0.017273814,-0.027257143,-1.74E-12,0,1,1,1 
BD_20,Buses_Diesel_Urban Buses Articulated >18 t_Euro V,EGR,,0,1,5,85,0.019019016,1.772378847,-5.10222556,4.094361993,0.012704706,-0.018188225,-1.63E-14,0,1,1,1 
BD_20,Buses_Diesel_Urban Buses Articulated >18 t_Euro V,EGR,,0.02,0,5,85,0.061546038,1.908028939,-7.756847138,5.231591526,0.019611383,-0.067141836,0.031976442,0,1,1,1 
BD_20,Buses_Diesel_Urban Buses Articulated >18 t_Euro V,EGR,,0.02,0.5,5,85,0.092068396,2.802749014,-10.09428927,4.262191706,0.02418498,-0.068022879,-2.28E-12,0,1,1,1 
BD_20,Buses_Diesel_Urban Buses Articulated >18 t_Euro V,EGR,,0.02,1,5,80,0.021516424,0.657479186,-2.374162744,1.151270899,0.004947288,-0.013519141,-4.96E-14,0,1,1,1 
BD_20,Buses_Diesel_Urban Buses Articulated >18 t_Euro V,EGR,,0.04,0,5,80,0.023587716,0.485994792,-2.514185551,2.700241669,0.004951511,-0.021764598,0.021932151,0,1,1,1 
BD_20,Buses_Diesel_Urban Buses Articulated >18 t_Euro V,EGR,,0.04,0.5,5,65,0.042266863,1.07961209,-3.945416012,1.489840455,0.007914678,-0.022703306,-2.47E-12,0,1,1,1 
BD_20,Buses_Diesel_Urban Buses Articulated >18 t_Euro V,EGR,,0.04,1,5,55,0.025843497,0.880027988,-3.055573001,1.632499361,0.004917901,-0.012534654,-1.08E-08,0,1,1,1 
BD_20,Buses_Diesel_Urban Buses Articulated >18 t_Euro V,EGR,,0.06,0,5,65,0.030313604,0.717562142,-2.617407013,0.827224984,0.005458398,-0.015910026,6.62E-14,0,1,1,1 
BD_20,Buses_Diesel_Urban Buses Articulated >18 t_Euro V,EGR,,0.06,0.5,5,50,0.025853413,1.029023861,-4.956133224,1.709860753,0.005148971,-0.017542461,-0.012117438,0,1,1,1 
BD_20,Buses_Diesel_Urban Buses Articulated >18 t_Euro V,EGR,,0.06,1,5,40,0.015008896,0.460865396,-2.341988768,3.043943387,0.002370932,-0.010638683,0.013599885,0,1,1,1 
BD_21,Buses_Diesel_Urban Buses Articulated >18 t_Euro VI,,,-0.06,0,5,75,-0.003505983,0.247245693,2.576174566,0.913438488,0.002625617,0.11398767,-6.03E-14,0,1,1,1 
BD_21,Buses_Diesel_Urban Buses Articulated >18 t_Euro VI,,,-0.06,0.5,5,85,9.87E-06,-0.001176578,-0.003788625,2.782899181,8.13E-06,-0.001666047,0.101441161,0,1,1,1 
BD_21,Buses_Diesel_Urban Buses Articulated >18 t_Euro VI,,,-0.06,1,5,75,-0.000211253,0.002064471,1.247863638,-6.55839789,-0.000242536,0.048477571,-0.246896067,0,1,1,1 
BD_21,Buses_Diesel_Urban Buses Articulated >18 t_Euro VI,,,-0.04,0,5,85,-2.88E-05,0.014651707,-0.385156384,2.609691062,0.000386889,-0.010860256,0.07630242,0,1,1,1 
BD_21,Buses_Diesel_Urban Buses Articulated >18 t_Euro VI,,,-0.04,0.5,5,85,1.06E-05,-0.011089758,0.923474268,-4.189469757,-0.000286989,0.028523938,-0.13070908,0,1,1,1 
BD_21,Buses_Diesel_Urban Buses Articulated >18 t_Euro VI,,,-0.04,1,5,85,-0.000420005,0.085064774,-0.993318662,2.993819811,0.002783949,-0.033458602,0.100722,0,1,1,1 
BD_21,Buses_Diesel_Urban Buses Articulated >18 t_Euro VI,,,-0.02,0,5,85,0.000331944,0.041628493,-0.579038226,2.515062452,0.001950313,-0.021499995,0.078039684,0,1,1,1 
BD_21,Buses_Diesel_Urban Buses Articulated >18 t_Euro VI,,,-0.02,0.5,5,85,1.08E-05,0.030751666,-0.463752754,2.016848133,0.001402361,-0.016513155,0.060948902,0,1,1,1 
BD_21,Buses_Diesel_Urban Buses Articulated >18 t_Euro VI,,,-0.02,1,5,85,0.004367794,0.080431384,-0.937240429,1.788369198,0.020967343,-0.220333411,0.567337994,0,1,1,1 
BD_21,Buses_Diesel_Urban Buses Articulated >18 t_Euro VI,,,0,0,5,85,-0.000473301,0.074327334,-1.070426826,5.306370368,0.003395374,-0.033041233,0.126911058,0,1,1,1 
BD_21,Buses_Diesel_Urban Buses Articulated >18 t_Euro VI,,,0,0.5,5,85,0.001061883,-0.698819255,10.47096196,-51.67468538,-0.046080332,0.385932175,-1.281258503,0,1,1,1 
BD_21,Buses_Diesel_Urban Buses Articulated >18 t_Euro VI,,,0,1,5,85,0.001135836,0.077015775,-1.117258392,6.452539163,0.010900354,-0.070760168,0.189519589,0,1,1,1 
BD_21,Buses_Diesel_Urban Buses Articulated >18 t_Euro VI,,,0.02,0,5,85,-5.71E-06,0.063470658,-0.887938391,4.415273064,0.004401804,-0.031850832,0.095801619,0,1,1,1 
BD_21,Buses_Diesel_Urban Buses Articulated >18 t_Euro VI,,,0.02,0.5,5,85,8.71E-05,0.045847454,-0.590312059,2.578270184,0.003532542,-0.022174837,0.05560036,0,1,1,1 
BD_21,Buses_Diesel_Urban Buses Articulated >18 t_Euro VI,,,0.02,1,5,80,8.83E-05,0.125333849,-1.284142794,4.300143075,0.008718535,-0.05257534,0.106076829,0,1,1,1 
BD_21,Buses_Diesel_Urban Buses Articulated >18 t_Euro VI,,,0.04,0,5,85,0.00022913,0.038797417,-0.534810873,2.342843075,0.002993,-0.019311044,0.048894018,0,1,1,1 
BD_21,Buses_Diesel_Urban Buses Articulated >18 t_Euro VI,,,0.04,0.5,5,70,0.000346207,0.114402216,-1.283701647,4.183031408,0.006761396,-0.041996926,0.088287986,0,1,1,1 
BD_21,Buses_Diesel_Urban Buses Articulated >18 t_Euro VI,,,0.04,1,5,55,0.000260735,0.075492753,-0.808481053,2.734609703,0.004639458,-0.022037648,0.04533713,0,1,1,1 
BD_21,Buses_Diesel_Urban Buses Articulated >18 t_Euro VI,,,0.06,0,5,65,0.000824422,0.085833142,-1.089462994,4.027280752,0.005921553,-0.036278088,0.081497904,0,1,1,1 
BD_21,Buses_Diesel_Urban Buses Articulated >18 t_Euro VI,,,0.06,0.5,5,50,0.001314721,0.079945539,-0.990216856,4.146178698,0.006141452,-0.019427788,0.047616054,0,1,1,1 
BD_21,Buses_Diesel_Urban Buses Articulated >18 t_Euro VI,,,0.06,1,5,40,0.065497279,-0.59949985,5.43722856,-5.962550459,0.065627076,-0.116484648,-2.16E-14,0,1,1,1 
BD_22,Buses_Diesel_Coaches Standard <=18 t_Conventional,,,-0.06,0,12,105,2.82E-05,-0.008903568,1.747113379,-5.563928252,0.000425364,0.00020945,0.039816436,0,1,1,1 
BD_22,Buses_Diesel_Coaches Standard <=18 t_Conventional,,,-0.06,0.5,12,105,3.71E-05,-0.011276629,1.88816234,-6.334996681,0.000475512,-0.000365527,0.049946802,0,1,1,1 
BD_22,Buses_Diesel_Coaches Standard <=18 t_Conventional,,,-0.06,1,12,105,3.89E-05,-0.01174023,1.899882501,-6.546189025,0.000487925,-0.000513858,0.053012189,0,1,1,1 
BD_22,Buses_Diesel_Coaches Standard <=18 t_Conventional,,,-0.04,0,12,105,0.000126229,-0.034291421,3.130226067,7.359591107,0.00014174,0.010906416,0.087315208,0,1,1,1 
BD_22,Buses_Diesel_Coaches Standard <=18 t_Conventional,,,-0.04,0.5,12,105,5.27E-05,-0.015122621,1.183820068,7.857790416,5.01E-05,0.003925075,0.06850864,0,1,1,1 
BD_22,Buses_Diesel_Coaches Standard <=18 t_Conventional,,,-0.04,1,12,105,6.75E-05,-0.018798993,1.420052097,8.165139276,6.03E-05,0.004220433,0.082730666,0,1,1,1 
BD_22,Buses_Diesel_Coaches Standard <=18 t_Conventional,,,-0.02,0,12,105,1.54E-05,0.008367652,1.710892506,12.58491846,3.27E-05,0.008324029,0.056894184,0,1,1,1 
BD_22,Buses_Diesel_Coaches Standard <=18 t_Conventional,,,-0.02,0.5,12,105,-3.60E-05,0.041982569,3.071762637,-8.524864514,0.000287028,0.009766593,0.004120809,0,1,1,1 
BD_22,Buses_Diesel_Coaches Standard <=18 t_Conventional,,,-0.02,1,12,105,3.31E-05,-0.012012193,1.290720199,6.862576011,-2.67E-06,0.00344152,0.05584196,0,1,1,1 
BD_22,Buses_Diesel_Coaches Standard <=18 t_Conventional,,,0,0,12,105,4.01E-05,0.011135593,1.371093215,10.73806693,-1.42E-05,0.004887253,0.053101675,0,1,1,1 
BD_22,Buses_Diesel_Coaches Standard <=18 t_Conventional,,,0,0.5,12,105,5.82E-05,0.035674136,4.05162684,23.68672012,-3.42E-05,0.01269685,0.131585017,0,1,1,1 
BD_22,Buses_Diesel_Coaches Standard <=18 t_Conventional,,,0,1,12,105,-9.82E-06,0.04440667,4.889453232,24.39450329,-3.57E-05,0.013379432,0.148951881,0,1,1,1 
BD_22,Buses_Diesel_Coaches Standard <=18 t_Conventional,,,0.02,0,12,105,0.000290869,0.059974086,5.045984239,28.72135004,-4.21E-05,0.012502194,0.167864303,0,1,1,1 
BD_22,Buses_Diesel_Coaches Standard <=18 t_Conventional,,,0.02,0.5,12,104,6.77E-05,0.021061198,1.492755286,6.240810095,-9.75E-06,0.003111107,0.04259201,0,1,1,1 
BD_22,Buses_Diesel_Coaches Standard <=18 t_Conventional,,,0.02,1,12,101,0.000119264,0.062857112,3.896867202,12.83608559,-2.06E-05,0.007012762,0.099430739,0,1,1,1 
BD_22,Buses_Diesel_Coaches Standard <=18 t_Conventional,,,0.04,0,12,101,0.00233006,0.241074972,5.505112912,-0.960962413,4.77E-05,0.021161416,0.01523702,0,1,1,1 
BD_22,Buses_Diesel_Coaches Standard <=18 t_Conventional,,,0.04,0.5,12,89,0.000111048,0.022043384,0.583005062,5.350214283,3.60E-06,0.001046252,0.023378251,0,1,1,1 
BD_22,Buses_Diesel_Coaches Standard <=18 t_Conventional,,,0.04,1,12,79,0.000518353,0.08825141,1.61494544,9.34051149,1.78E-05,0.003438904,0.043488952,0,1,1,1 
BD_22,Buses_Diesel_Coaches Standard <=18 t_Conventional,,,0.06,0,12,82,0.000463897,0.062341684,0.916843264,7.115292625,1.52E-05,0.002842747,0.027053952,0,1,1,1 
BD_22,Buses_Diesel_Coaches Standard <=18 t_Conventional,,,0.06,0.5,12,72,0.008879574,1.119066919,3.837398405,11.12872716,0.000282712,0.037776831,-0.042103481,0,1,1,1 
BD_22,Buses_Diesel_Coaches Standard <=18 t_Conventional,,,0.06,1,12,57,-0.001409041,0.08211878,0.166950978,4.673530408,-3.56E-05,0.002084466,0.006886082,0,1,1,1 
BD_23,Buses_Diesel_Coaches Standard <=18 t_Euro I,,,-0.06,0,12,105,2.49E-05,-0.007994535,1.716768597,-5.223463592,0.000482449,0.000515844,0.0419026,0,1,1,1 
BD_23,Buses_Diesel_Coaches Standard <=18 t_Euro I,,,-0.06,0.5,12,105,3.31E-05,-0.010201568,1.824846267,-5.874499133,0.000524927,-0.00012814,0.051977238,0,1,1,1 
BD_23,Buses_Diesel_Coaches Standard <=18 t_Euro I,,,-0.06,1,12,105,3.12E-05,-0.009512346,1.611939528,-5.325077453,0.000472311,-0.000321969,0.048860136,0,1,1,1 
BD_23,Buses_Diesel_Coaches Standard <=18 t_Euro I,,,-0.04,0,12,105,2.26E-05,-0.006999553,0.599058893,5.315315672,2.98E-05,0.00282502,0.040653889,0,1,1,1 
BD_23,Buses_Diesel_Coaches Standard <=18 t_Euro I,,,-0.04,0.5,12,105,3.71E-05,-0.010827277,0.863064776,6.757945827,4.58E-05,0.003662526,0.059557396,0,1,1,1 
BD_23,Buses_Diesel_Coaches Standard <=18 t_Euro I,,,-0.04,1,12,105,1.15E-05,-0.004484298,2.190514822,-8.195542519,0.00042901,0.002494385,0.035151351,0,1,1,1 
BD_23,Buses_Diesel_Coaches Standard <=18 t_Euro I,,,-0.02,0,12,105,0.000145251,-0.00770907,1.511071226,6.779824667,5.86E-05,0.005472772,0.060880552,0,1,1,1 
BD_23,Buses_Diesel_Coaches Standard <=18 t_Euro I,,,-0.02,0.5,12,105,0.000184961,-0.023689017,3.822339993,13.54449163,8.32E-05,0.014014,0.135526027,0,1,1,1 
BD_23,Buses_Diesel_Coaches Standard <=18 t_Euro I,,,-0.02,1,12,105,7.94E-05,-0.018143347,2.289020951,9.413179364,3.04E-05,0.007692834,0.095495182,0,1,1,1 
BD_23,Buses_Diesel_Coaches Standard <=18 t_Euro I,,,0,0,12,105,0.000114252,0.030520399,4.127247162,38.31551012,-5.15E-05,0.018224354,0.213762423,0,1,1,1 
BD_23,Buses_Diesel_Coaches Standard <=18 t_Euro I,,,0,0.5,12,105,7.09E-05,0.031564308,4.021348279,26.84998327,-4.36E-05,0.016374565,0.16231235,0,1,1,1 
BD_23,Buses_Diesel_Coaches Standard <=18 t_Euro I,,,0,1,12,105,1.80E-05,0.020064971,2.497122826,14.59596864,-2.38E-05,0.009237735,0.093680884,0,1,1,1 
BD_23,Buses_Diesel_Coaches Standard <=18 t_Euro I,,,0.02,0,12,105,0.000223703,0.056265001,4.867593445,27.10255907,-4.86E-05,0.015130664,0.189166501,0,1,1,1 
BD_23,Buses_Diesel_Coaches Standard <=18 t_Euro I,,,0.02,0.5,12,105,0.002244931,0.246462087,4.323925335,-57.04198809,0.000144067,0.033102766,-0.295883442,0,1,1,1 
BD_23,Buses_Diesel_Coaches Standard <=18 t_Euro I,,,0.02,1,12,104,0.003329619,0.514417698,8.24167979,-42.10528747,0.000236078,0.053012529,-0.215242667,0,1,1,1 
BD_23,Buses_Diesel_Coaches Standard <=18 t_Euro I,,,0.04,0,12,102,0.000614188,0.102040507,2.415407178,24.13810886,3.62E-05,0.008647325,0.114710361,0,1,1,1 
BD_23,Buses_Diesel_Coaches Standard <=18 t_Euro I,,,0.04,0.5,12,95,0.000118117,0.02327928,0.957205892,9.956020409,6.92E-06,0.001617637,0.052905536,0,1,1,1 
BD_23,Buses_Diesel_Coaches Standard <=18 t_Euro I,,,0.04,1,12,83,0.001427842,0.294787291,3.973427697,5.296134754,8.14E-05,0.018018142,0.034470574,0,1,1,1 
BD_23,Buses_Diesel_Coaches Standard <=18 t_Euro I,,,0.06,0,12,86,0.000282401,0.051455095,1.181496102,9.0290816,1.52E-05,0.00323506,0.045816094,0,1,1,1 
BD_23,Buses_Diesel_Coaches Standard <=18 t_Euro I,,,0.06,0.5,12,77,0.00803045,0.329810492,3.200565452,9.646788316,0.000414789,0.014098512,0.041875121,0,1,1,1 
BD_23,Buses_Diesel_Coaches Standard <=18 t_Euro I,,,0.06,1,12,65,0.000755746,-0.039679958,0.374749082,5.634637273,3.32E-05,-0.001998003,0.031948228,0,1,1,1 
BD_24,Buses_Diesel_Coaches Standard <=18 t_Euro II,,,-0.06,0,12,105,6.98E-05,-0.022480958,4.816067476,-15.33789543,0.001142093,0.001308071,0.102094477,0,1,1,1 
BD_24,Buses_Diesel_Coaches Standard <=18 t_Euro II,,,-0.06,0.5,12,105,3.23E-05,-0.010068959,1.858001623,-6.190360656,0.000448419,3.46E-05,0.044563732,0,1,1,1 
BD_24,Buses_Diesel_Coaches Standard <=18 t_Euro II,,,-0.06,1,12,105,3.67E-05,-0.011234851,1.919945489,-6.607025912,0.000469017,-0.000254499,0.049499643,0,1,1,1 
BD_24,Buses_Diesel_Coaches Standard <=18 t_Euro II,,,-0.04,0,12,105,3.43E-05,-0.010391583,0.869214567,7.032541498,3.62E-05,0.003324792,0.049822275,0,1,1,1 
BD_24,Buses_Diesel_Coaches Standard <=18 t_Euro II,,,-0.04,0.5,12,105,4.66E-05,-0.013569793,1.078961689,8.107795921,4.79E-05,0.003841113,0.063215042,0,1,1,1 
BD_24,Buses_Diesel_Coaches Standard <=18 t_Euro II,,,-0.04,1,12,105,5.71E-05,-0.01625356,1.258178808,8.801862071,5.71E-05,0.00424272,0.074507875,0,1,1,1 
BD_24,Buses_Diesel_Coaches Standard <=18 t_Euro II,,,-0.02,0,12,105,-4.78E-05,0.096539777,5.670964649,-13.2618967,0.000582169,0.022437297,-0.02266163,0,1,1,1 
BD_24,Buses_Diesel_Coaches Standard <=18 t_Euro II,,,-0.02,0.5,12,105,6.26E-05,-0.009233512,1.369236095,7.181792248,2.29E-05,0.004223057,0.054048293,0,1,1,1 
BD_24,Buses_Diesel_Coaches Standard <=18 t_Euro II,,,-0.02,1,12,105,8.74E-05,-0.022109331,2.91353795,9.718833122,2.87E-05,0.008848087,0.0902233,0,1,1,1 
BD_24,Buses_Diesel_Coaches Standard <=18 t_Euro II,,,0,0,12,105,2.54E-05,0.008828861,1.215718583,9.330931959,-1.22E-05,0.004575813,0.046015526,0,1,1,1 
BD_24,Buses_Diesel_Coaches Standard <=18 t_Euro II,,,0,0.5,12,105,3.24E-05,0.019006553,2.550978294,16.64774961,-2.29E-05,0.008944697,0.086889972,0,1,1,1 
BD_24,Buses_Diesel_Coaches Standard <=18 t_Euro II,,,0,1,12,105,1.47E-05,0.024048179,3.211491988,19.13308869,-2.65E-05,0.010480302,0.104496162,0,1,1,1 
BD_24,Buses_Diesel_Coaches Standard <=18 t_Euro II,,,0.02,0,12,105,0.004485654,0.517043004,15.42060507,0.888950427,0.000333144,0.068869743,0.004820334,0,1,1,1 
BD_24,Buses_Diesel_Coaches Standard <=18 t_Euro II,,,0.02,0.5,12,105,0.000143735,0.038788922,1.708648746,24.92264043,1.15E-05,0.003905735,0.110577882,0,1,1,1 
BD_24,Buses_Diesel_Coaches Standard <=18 t_Euro II,,,0.02,1,12,105,0.000149193,0.036425803,1.309929538,14.01754953,1.29E-05,0.003298137,0.062510304,0,1,1,1 
BD_24,Buses_Diesel_Coaches Standard <=18 t_Euro II,,,0.04,0,12,103,0.000442892,0.066317416,1.375586677,8.951635735,3.18E-05,0.004878294,0.036305466,0,1,1,1 
BD_24,Buses_Diesel_Coaches Standard <=18 t_Euro II,,,0.04,0.5,12,99,0.001084871,0.277574341,4.891418038,10.7047476,7.52E-05,0.018803807,0.051294925,0,1,1,1 
BD_24,Buses_Diesel_Coaches Standard <=18 t_Euro II,,,0.04,1,12,91,0.004223668,0.781030187,4.208856974,-13.7330348,0.000341913,0.038390222,-0.131453695,0,1,1,1 
BD_24,Buses_Diesel_Coaches Standard <=18 t_Euro II,,,0.06,0,12,90,0.00028279,0.059308004,1.466297538,9.08237731,1.85E-05,0.003389627,0.042904843,0,1,1,1 
BD_24,Buses_Diesel_Coaches Standard <=18 t_Euro II,,,0.06,0.5,12,81,-0.002337601,0.1673753,2.470516865,-1.848982259,-0.000123046,0.010473685,-0.00251977,0,1,1,1 
BD_24,Buses_Diesel_Coaches Standard <=18 t_Euro II,,,0.06,1,12,72,0.000943735,0.232858845,2.736443603,7.998315313,4.76E-05,0.010158592,0.027108739,0,1,1,1 
BD_25,Buses_Diesel_Coaches Standard <=18 t_Euro III,,,-0.06,0,12,105,5.81E-05,-0.017623773,3.200206075,-5.949473474,0.000841489,-0.000580228,0.071414313,0,1,1,1 
BD_25,Buses_Diesel_Coaches Standard <=18 t_Euro III,,,-0.06,0.5,12,105,6.36E-05,-0.018981721,3.224554165,-6.170298207,0.000871529,-0.001038255,0.077821547,0,1,1,1 
BD_25,Buses_Diesel_Coaches Standard <=18 t_Euro III,,,-0.06,1,12,105,6.90E-05,-0.02035068,3.294216442,-6.367180911,0.00091119,-0.001445479,0.084321186,0,1,1,1 
BD_25,Buses_Diesel_Coaches Standard <=18 t_Euro III,,,-0.04,0,12,105,0.000217073,-0.046149444,4.147263002,6.906289102,0.000295594,0.013569944,0.057961061,0,1,1,1 
BD_25,Buses_Diesel_Coaches Standard <=18 t_Euro III,,,-0.04,0.5,12,105,1.99E-05,-0.007369185,4.153767971,-11.7862385,0.0007742,0.003887349,0.040319125,0,1,1,1 
BD_25,Buses_Diesel_Coaches Standard <=18 t_Euro III,,,-0.04,1,12,105,2.56E-05,-0.009307833,4.323152189,-12.4107577,0.000813121,0.003698286,0.046442514,0,1,1,1 
BD_25,Buses_Diesel_Coaches Standard <=18 t_Euro III,,,-0.02,0,12,105,0.000255403,-0.01593941,3.015016055,5.193380437,0.000127394,0.010360189,0.030581031,0,1,1,1 
BD_25,Buses_Diesel_Coaches Standard <=18 t_Euro III,,,-0.02,0.5,12,105,0.000272622,-0.026717657,5.025813091,-0.916770769,0.000174875,0.017519696,0.010758655,0,1,1,1 
BD_25,Buses_Diesel_Coaches Standard <=18 t_Euro III,,,-0.02,1,12,105,0.000160321,-0.024719367,4.419297235,-1.767099972,0.000129281,0.015535526,0.006443246,0,1,1,1 
BD_25,Buses_Diesel_Coaches Standard <=18 t_Euro III,,,0,0,12,105,5.47E-05,0.007544063,1.675595887,15.02141096,-1.93E-05,0.007777903,0.044948084,0,1,1,1 
BD_25,Buses_Diesel_Coaches Standard <=18 t_Euro III,,,0,0.5,12,105,4.56E-05,0.007090064,1.518530701,12.98133777,-1.63E-05,0.006711911,0.040320535,0,1,1,1 
BD_25,Buses_Diesel_Coaches Standard <=18 t_Euro III,,,0,1,12,105,0.000104778,0.018723877,3.891841009,31.65765996,-3.85E-05,0.016353602,0.102077785,0,1,1,1 
BD_25,Buses_Diesel_Coaches Standard <=18 t_Euro III,,,0.02,0,12,105,0.00077153,0.081152796,2.974301178,33.51629693,7.86E-05,0.013776399,0.087640515,0,1,1,1 
BD_25,Buses_Diesel_Coaches Standard <=18 t_Euro III,,,0.02,0.5,12,105,0.00087903,0.0901396,2.670907138,25.6952668,0.000100244,0.012313306,0.06222989,0,1,1,1 
BD_25,Buses_Diesel_Coaches Standard <=18 t_Euro III,,,0.02,1,12,105,0.003078796,0.223975537,5.396308923,39.65231368,0.000372223,0.02373638,0.087908858,0,1,1,1 
BD_25,Buses_Diesel_Coaches Standard <=18 t_Euro III,,,0.04,0,12,104,0.000111203,0.042603256,0.583122562,6.32527387,1.40E-05,0.003821668,0.006879264,0,1,1,1 
BD_25,Buses_Diesel_Coaches Standard <=18 t_Euro III,,,0.04,0.5,12,101,0.000134408,0.051907798,0.67178536,7.248592256,1.50E-05,0.004242566,0.007764398,0,1,1,1 
BD_25,Buses_Diesel_Coaches Standard <=18 t_Euro III,,,0.04,1,12,97,0.002238532,0.383298065,3.307952246,8.090708356,0.000218433,0.026619921,-0.08160216,0,1,1,1 
BD_25,Buses_Diesel_Coaches Standard <=18 t_Euro III,,,0.06,0,12,92,0.016782644,0.305562266,4.447616599,3.753893435,0.001243876,0.012143658,-0.005853116,0,1,1,1 
BD_25,Buses_Diesel_Coaches Standard <=18 t_Euro III,,,0.06,0.5,12,84,0.000495802,0.052483554,1.099071028,10.80856015,2.48E-05,0.003922981,0.024708057,0,1,1,1 
BD_25,Buses_Diesel_Coaches Standard <=18 t_Euro III,,,0.06,1,12,78,0.003204278,0.620500103,4.132999713,18.47757532,0.000179393,0.036058381,-0.10206103,0,1,1,1 
BD_26,Buses_Diesel_Coaches Standard <=18 t_Euro IV,,,-0.06,0,12,87,-0.000400338,-0.002037565,3.246745425,2.485420583,0.002101669,-0.008060763,0.337937146,0,1,1,1 
BD_26,Buses_Diesel_Coaches Standard <=18 t_Euro IV,,,-0.06,0.5,12,105,2.52E-05,-0.005074849,0.22416019,5.399233398,0.000107545,0.000346911,0.082232873,0,1,1,1 
BD_26,Buses_Diesel_Coaches Standard <=18 t_Euro IV,,,-0.06,1,12,87,-0.000302855,-0.007626834,2.964840514,2.77236157,0.001979461,-0.009997769,0.354716154,0,1,1,1 
BD_26,Buses_Diesel_Coaches Standard <=18 t_Euro IV,,,-0.04,0,12,105,1.91E-05,-0.007690619,0.593398281,3.588626556,5.68E-05,0.004064554,0.045033013,0,1,1,1 
BD_26,Buses_Diesel_Coaches Standard <=18 t_Euro IV,,,-0.04,0.5,12,105,6.27E-05,-0.023685142,1.839169177,4.648767678,0.00019534,0.010559787,0.099609185,0,1,1,1 
BD_26,Buses_Diesel_Coaches Standard <=18 t_Euro IV,,,-0.04,1,12,105,4.73E-05,-0.011643581,0.741111888,6.57378295,0.00010156,0.003414048,0.096425804,0,1,1,1 
BD_26,Buses_Diesel_Coaches Standard <=18 t_Euro IV,,,-0.02,0,12,105,9.32E-05,-0.006790813,0.989968901,4.821368474,6.29E-05,0.005095434,0.061034894,0,1,1,1 
BD_26,Buses_Diesel_Coaches Standard <=18 t_Euro IV,,,-0.02,0.5,12,105,5.90E-05,-0.006856358,0.915469757,4.840323375,4.44E-05,0.004863367,0.058467917,0,1,1,1 
BD_26,Buses_Diesel_Coaches Standard <=18 t_Euro IV,,,-0.02,1,12,105,4.76E-05,-0.008348241,1.070157671,4.008274606,3.94E-05,0.00575646,0.054803861,0,1,1,1 
BD_26,Buses_Diesel_Coaches Standard <=18 t_Euro IV,,,0,0,12,105,4.01E-05,0.012167625,1.816239263,17.42989323,-3.11E-05,0.011806562,0.136121139,0,1,1,1 
BD_26,Buses_Diesel_Coaches Standard <=18 t_Euro IV,,,0,0.5,12,105,0.000733034,0.014067592,2.692188892,14.59463361,0.000181249,0.011780211,0.159799016,0,1,1,1 
BD_26,Buses_Diesel_Coaches Standard <=18 t_Euro IV,,,0,1,12,105,0.000603766,0.017295874,2.64632745,12.39860393,0.000145329,0.012011105,0.13760397,0,1,1,1 
BD_26,Buses_Diesel_Coaches Standard <=18 t_Euro IV,,,0.02,0,12,105,0.000358235,0.052219703,1.622464095,17.99829564,4.73E-05,0.010850649,0.114971729,0,1,1,1 
BD_26,Buses_Diesel_Coaches Standard <=18 t_Euro IV,,,0.02,0.5,12,105,0.001291507,0.170091329,4.042518868,33.67660197,0.000191824,0.029374551,0.196016091,0,1,1,1 
BD_26,Buses_Diesel_Coaches Standard <=18 t_Euro IV,,,0.02,1,12,105,0.001628078,0.161144315,3.195600328,21.16418515,0.000247404,0.023484097,0.116010724,0,1,1,1 
BD_26,Buses_Diesel_Coaches Standard <=18 t_Euro IV,,,0.04,0,12,104,0.001607624,0.301286041,0.661333016,16.9680797,0.000268541,0.027983812,-0.049928171,0,1,1,1 
BD_26,Buses_Diesel_Coaches Standard <=18 t_Euro IV,,,0.04,0.5,12,102,0.003927417,0.650860729,-1.282799885,16.60132895,0.000679029,0.046508014,-0.217669677,0,1,1,1 
BD_26,Buses_Diesel_Coaches Standard <=18 t_Euro IV,,,0.04,1,12,99,0.006885816,1.358124336,1.751854077,18.26215437,0.001163688,0.098968446,-0.343581137,0,1,1,1 
BD_26,Buses_Diesel_Coaches Standard <=18 t_Euro IV,,,0.06,0,12,94,0.005188577,0.911992259,0.194972291,16.86396698,0.000754044,0.061378019,-0.215126912,0,1,1,1 
BD_26,Buses_Diesel_Coaches Standard <=18 t_Euro IV,,,0.06,0.5,12,86,0.016897566,3.079942052,3.222688666,26.70205177,0.002416616,0.191258529,-0.663217129,0,1,1,1 
BD_26,Buses_Diesel_Coaches Standard <=18 t_Euro IV,,,0.06,1,12,78,0.016885492,3.117746068,7.324011149,20.88827771,0.002242545,0.18543269,-0.520558153,0,1,1,1 
BD_27,Buses_Diesel_Coaches Standard <=18 t_Euro V,SCR,,-0.06,0,5,70,-0.000653032,0.063586236,-1.360375977,9.39881185,0.000308655,-0.007744731,0.056485861,0,1,1,1 
BD_27,Buses_Diesel_Coaches Standard <=18 t_Euro V,SCR,,-0.06,0.5,5,100,0.000322976,-0.054104291,2.391097745,-7.264070309,-2.60E-05,0.012663126,-0.041278151,0,1,1,1 
BD_27,Buses_Diesel_Coaches Standard <=18 t_Euro V,SCR,,-0.06,1,5,100,0.000354406,-0.05913265,2.605911363,-7.952045844,-2.23E-05,0.013855798,-0.045485766,0,1,1,1 
BD_27,Buses_Diesel_Coaches Standard <=18 t_Euro V,SCR,,-0.04,0,5,90,-0.000771168,0.083536496,-1.220065496,5.875853014,0.000407618,-0.006711364,0.03337886,0,1,1,1 
BD_27,Buses_Diesel_Coaches Standard <=18 t_Euro V,SCR,,-0.04,0.5,5,90,-0.000392279,0.042422449,-0.6467517,2.999244843,0.000205994,-0.003554988,0.017073737,0,1,1,1 
BD_27,Buses_Diesel_Coaches Standard <=18 t_Euro V,SCR,,-0.04,1,5,90,-0.000263539,0.028490322,-0.44523024,2.070621946,0.000138919,-0.002463832,0.011868935,0,1,1,1 
BD_27,Buses_Diesel_Coaches Standard <=18 t_Euro V,SCR,,-0.02,0,5,100,-0.003552675,1.21278921,-2.874585994,-1.866909276,0.005220754,-0.008464935,-0.019633908,0,1,1,1 
BD_27,Buses_Diesel_Coaches Standard <=18 t_Euro V,SCR,,-0.02,0.5,5,100,-0.005007603,1.120993037,-2.041312485,-3.477199524,0.00457087,-0.003210617,-0.029392769,0,1,1,1 
BD_27,Buses_Diesel_Coaches Standard <=18 t_Euro V,SCR,,-0.02,1,5,100,-0.00575756,1.029547405,-1.470653461,-4.461593746,0.00400638,0.000233755,-0.035242986,0,1,1,1 
BD_27,Buses_Diesel_Coaches Standard <=18 t_Euro V,SCR,,0,0,5,100,-1.19E-05,-0.001311701,0.316890676,3.096340883,-1.27E-06,0.00083745,0.016669132,0,1,1,1 
BD_27,Buses_Diesel_Coaches Standard <=18 t_Euro V,SCR,,0,0.5,5,100,-0.003726687,0.549491282,2.536717947,0.863332759,0.00137334,0.016950884,-1.35E-14,0,1,1,1 
BD_27,Buses_Diesel_Coaches Standard <=18 t_Euro V,SCR,,0,1,5,100,-0.00660795,0.967105721,1.959553571,1.760413413,0.002562678,0.017803786,5.63E-13,0,1,1,1 
BD_27,Buses_Diesel_Coaches Standard <=18 t_Euro V,SCR,,0.02,0,5,100,7.14E-05,-0.005095502,0.138632369,3.996315693,2.23E-05,-0.000447897,0.020271048,0,1,1,1 
BD_27,Buses_Diesel_Coaches Standard <=18 t_Euro V,SCR,,0.02,0.5,5,100,8.72E-05,-0.004403267,0.10137302,3.761038267,3.14E-05,-0.000615046,0.018929579,0,1,1,1 
BD_27,Buses_Diesel_Coaches Standard <=18 t_Euro V,SCR,,0.02,1,5,100,0.00011006,-0.004697897,0.109463144,3.513119456,3.87E-05,-0.000621716,0.017668253,0,1,1,1 
BD_27,Buses_Diesel_Coaches Standard <=18 t_Euro V,SCR,,0.04,0,5,100,0.000187686,-0.004425508,0.043217148,3.87364629,6.34E-05,-0.00099983,0.018557588,0,1,1,1 
BD_27,Buses_Diesel_Coaches Standard <=18 t_Euro V,SCR,,0.04,0.5,5,100,0.000274683,-0.006012007,0.124985958,3.160024004,8.15E-05,-0.00075175,0.015373729,0,1,1,1 
BD_27,Buses_Diesel_Coaches Standard <=18 t_Euro V,SCR,,0.04,1,5,100,0.00059945,-0.011564669,0.305129885,4.077340818,0.000163796,-0.00089468,0.02026711,0,1,1,1 
BD_27,Buses_Diesel_Coaches Standard <=18 t_Euro V,SCR,,0.06,0,5,90,0.000672566,-0.010381603,0.195887158,4.224724873,0.000174109,-0.001226311,0.020159866,0,1,1,1 
BD_27,Buses_Diesel_Coaches Standard <=18 t_Euro V,SCR,,0.06,0.5,5,80,0.000732434,-0.004768215,0.083860152,3.403538556,0.000194373,-0.001344908,0.015819348,0,1,1,1 
BD_27,Buses_Diesel_Coaches Standard <=18 t_Euro V,SCR,,0.06,1,5,80,0.000963418,-0.010051419,0.176179463,2.714059459,0.000205125,-0.000963203,0.012672792,0,1,1,1 
BD_27,Buses_Diesel_Coaches Standard <=18 t_Euro V,EGR,,-0.06,0,5,80,-0.000218961,0.024031408,-0.576483508,5.179789731,0.000169094,-0.00446409,0.042899362,0,1,1,1 
BD_27,Buses_Diesel_Coaches Standard <=18 t_Euro V,EGR,,-0.06,0.5,5,100,0.000323466,-0.05336839,2.588777049,-7.881233423,2.04E-05,0.018875786,-0.061805861,0,1,1,1 
BD_27,Buses_Diesel_Coaches Standard <=18 t_Euro V,EGR,,-0.06,1,5,100,0.000218907,-0.035935865,1.746687019,-5.353841248,2.24E-05,0.012764636,-0.042221554,0,1,1,1 
BD_27,Buses_Diesel_Coaches Standard <=18 t_Euro V,EGR,,-0.04,0,5,90,-0.000399276,0.044738781,-0.791098335,4.300021963,0.000302158,-0.006027944,0.033828319,0,1,1,1 
BD_27,Buses_Diesel_Coaches Standard <=18 t_Euro V,EGR,,-0.04,0.5,5,85,-0.000373629,0.040897025,-0.721905774,3.720169497,0.000272907,-0.005484953,0.029304083,0,1,1,1 
BD_27,Buses_Diesel_Coaches Standard <=18 t_Euro V,EGR,,-0.04,1,5,85,-0.000446104,0.048221613,-0.851269975,4.338981072,0.000322053,-0.006493781,0.034342925,0,1,1,1 
BD_27,Buses_Diesel_Coaches Standard <=18 t_Euro V,EGR,,-0.02,0,5,100,-0.000266145,0.099511238,-0.711824575,9.439776701,0.000807777,-0.006890599,0.073998238,0,1,1,1 
BD_27,Buses_Diesel_Coaches Standard <=18 t_Euro V,EGR,,-0.02,0.5,5,100,-0.012784521,1.936619845,-6.521921229,1.517462296,0.012385056,-0.039469673,-1.60E-13,0,1,1,1 
BD_27,Buses_Diesel_Coaches Standard <=18 t_Euro V,EGR,,-0.02,1,5,100,-0.000725783,0.135732702,-1.119347748,7.899274776,0.000981783,-0.009152826,0.061218222,0,1,1,1 
BD_27,Buses_Diesel_Coaches Standard <=18 t_Euro V,EGR,,0,0,5,100,7.84E-05,0.003098536,0.227445653,3.967889218,3.43E-05,0.001170054,0.026168883,0,1,1,1 
BD_27,Buses_Diesel_Coaches Standard <=18 t_Euro V,EGR,,0,0.5,5,100,8.72E-05,0.005055321,0.00283393,3.340714733,5.15E-05,-0.000293413,0.022024006,0,1,1,1 
BD_27,Buses_Diesel_Coaches Standard <=18 t_Euro V,EGR,,0,1,5,100,0.000139944,0.012060082,-0.350567863,3.541533327,0.000107923,-0.002577339,0.023218072,0,1,1,1 
BD_27,Buses_Diesel_Coaches Standard <=18 t_Euro V,EGR,,0.02,0,5,100,-9.46E-06,0.000563373,0.03618202,6.638504923,-2.42E-06,-2.61E-05,0.039157665,0,1,1,1 
BD_27,Buses_Diesel_Coaches Standard <=18 t_Euro V,EGR,,0.02,0.5,5,100,0.000674105,0.02133981,3.088051345,6.955959876,6.26E-05,0.016612229,0.043092037,0,1,1,1 
BD_27,Buses_Diesel_Coaches Standard <=18 t_Euro V,EGR,,0.02,1,5,100,0.000349817,0.010395582,1.191553325,3.191344827,4.25E-05,0.006097106,0.019721439,0,1,1,1 
BD_27,Buses_Diesel_Coaches Standard <=18 t_Euro V,EGR,,0.04,0,5,100,-1.67E-05,0.001053191,0.01956348,6.755388644,-6.16E-07,-0.000259219,0.036804778,0,1,1,1 
BD_27,Buses_Diesel_Coaches Standard <=18 t_Euro V,EGR,,0.04,0.5,5,100,1.46E-05,-0.001281354,-0.044096984,6.026190267,5.26E-06,-0.000791454,0.032643942,0,1,1,1 
BD_27,Buses_Diesel_Coaches Standard <=18 t_Euro V,EGR,,0.04,1,5,100,2.93E-05,-0.002898899,-0.061750495,14.11698277,1.07E-05,-0.001676756,0.074587227,0,1,1,1 
BD_27,Buses_Diesel_Coaches Standard <=18 t_Euro V,EGR,,0.06,0,5,95,-8.60E-06,0.000561432,0.021782453,3.211791325,3.09E-08,-0.000125101,0.016342703,0,1,1,1 
BD_27,Buses_Diesel_Coaches Standard <=18 t_Euro V,EGR,,0.06,0.5,5,80,0.018929506,0.556308018,0.377284998,-6.769445511,0.003187639,0.000698675,-0.031514118,0,1,1,1 
BD_27,Buses_Diesel_Coaches Standard <=18 t_Euro V,EGR,,0.06,1,5,80,5.76E-05,-0.000931896,-0.08032438,4.729134099,1.28E-05,-0.000877121,0.022817465,0,1,1,1 
BD_28,Buses_Diesel_Coaches Standard <=18 t_Euro VI,,,-0.06,0,5,80,-0.001475335,0.131918482,-0.94082451,2.922774534,0.001352788,-0.009084377,0.031132551,0,1,1,1 
BD_28,Buses_Diesel_Coaches Standard <=18 t_Euro VI,,,-0.06,0.5,5,80,-0.001946113,0.16940473,-1.074539151,3.294244672,0.001804909,-0.010211777,0.034564796,0,1,1,1 
BD_28,Buses_Diesel_Coaches Standard <=18 t_Euro VI,,,-0.06,1,5,75,-0.001969752,0.16841944,-1.064536358,3.562015275,0.001819653,-0.009856178,0.037339082,0,1,1,1 
BD_28,Buses_Diesel_Coaches Standard <=18 t_Euro VI,,,-0.04,0,5,100,-0.000661178,0.080736069,-0.948166607,4.62288169,0.000695435,-0.007917467,0.047831953,0,1,1,1 
BD_28,Buses_Diesel_Coaches Standard <=18 t_Euro VI,,,-0.04,0.5,5,100,-0.000806995,0.094248671,-1.1194705,5.225421521,0.00082003,-0.009486089,0.054081164,0,1,1,1 
BD_28,Buses_Diesel_Coaches Standard <=18 t_Euro VI,,,-0.04,1,5,100,-0.000991311,0.11225829,-1.301547188,5.646245843,0.001007077,-0.011319105,0.058455321,0,1,1,1 
BD_28,Buses_Diesel_Coaches Standard <=18 t_Euro VI,,,-0.02,0,5,100,0.000105832,0.070837141,-0.617117949,2.962659145,0.001104233,-0.007165424,0.031974142,0,1,1,1 
BD_28,Buses_Diesel_Coaches Standard <=18 t_Euro VI,,,-0.02,0.5,5,100,1.24E-05,0.066540053,-0.646989437,2.975856898,0.001057465,-0.007617923,0.032413036,0,1,1,1 
BD_28,Buses_Diesel_Coaches Standard <=18 t_Euro VI,,,-0.02,1,5,100,-7.68E-05,0.073631809,-0.776296693,3.510403249,0.001183444,-0.009132705,0.038324708,0,1,1,1 
BD_28,Buses_Diesel_Coaches Standard <=18 t_Euro VI,,,0,0,5,100,-0.000190293,0.028236689,-0.329039262,2.712809195,0.000650282,-0.002494883,0.023053673,0,1,1,1 
BD_28,Buses_Diesel_Coaches Standard <=18 t_Euro VI,,,0,0.5,5,100,-0.000187139,0.026856515,-0.363566527,2.635713778,0.000604813,-0.002784018,0.02230023,0,1,1,1 
BD_28,Buses_Diesel_Coaches Standard <=18 t_Euro VI,,,0,1,5,100,-0.000229057,0.031080749,-0.449350972,2.955957198,0.000683194,-0.003578515,0.02511071,0,1,1,1 
BD_28,Buses_Diesel_Coaches Standard <=18 t_Euro VI,,,0.02,0,5,100,-0.000194388,0.037271128,-0.588391014,4.204850119,0.00110867,-0.004559627,0.033573042,0,1,1,1 
BD_28,Buses_Diesel_Coaches Standard <=18 t_Euro VI,,,0.02,0.5,5,100,-0.00017554,0.042242309,-0.697911193,4.586085524,0.001358355,-0.006164927,0.037285463,0,1,1,1 
BD_28,Buses_Diesel_Coaches Standard <=18 t_Euro VI,,,0.02,1,5,100,-0.000103344,0.046777642,-0.716466455,4.523087522,0.001839761,-0.008155094,0.038409328,0,1,1,1 
BD_28,Buses_Diesel_Coaches Standard <=18 t_Euro VI,,,0.04,0,5,100,-8.73E-05,0.079959517,-1.111961613,6.525593293,0.003349167,-0.015642862,0.059401487,0,1,1,1 
BD_28,Buses_Diesel_Coaches Standard <=18 t_Euro VI,,,0.04,0.5,5,100,-3.71E-05,0.027729885,-0.36894895,1.851269436,0.00113998,-0.005800149,0.01807715,0,1,1,1 
BD_28,Buses_Diesel_Coaches Standard <=18 t_Euro VI,,,0.04,1,5,100,-9.01E-06,0.052195994,-0.684270733,3.179977531,0.002233988,-0.011439666,0.032103142,0,1,1,1 
BD_28,Buses_Diesel_Coaches Standard <=18 t_Euro VI,,,0.06,0,5,95,9.93E-05,0.0411826,-0.545473876,2.600825861,0.00190878,-0.00936547,0.025996693,0,1,1,1 
BD_28,Buses_Diesel_Coaches Standard <=18 t_Euro VI,,,0.06,0.5,5,85,0.000209769,0.086359319,-1.100831415,4.808052194,0.003935343,-0.019305275,0.049129328,0,1,1,1 
BD_28,Buses_Diesel_Coaches Standard <=18 t_Euro VI,,,0.06,1,5,80,-1.63E-06,0.106154431,-1.29962949,5.102329986,0.004188767,-0.020853023,0.051050645,0,1,1,1 
BD_29,Buses_Diesel_Coaches Articulated >18 t_Conventional,,,-0.06,0,12,105,7.44E-05,-0.023894565,5.220537228,-15.32973487,0.001127247,0.001261108,0.09514556,0,1,1,1 
BD_29,Buses_Diesel_Coaches Articulated >18 t_Conventional,,,-0.06,0.5,12,105,8.57E-05,-0.026944458,5.252673292,-16.31651655,0.001171691,0.000464495,0.108539107,0,1,1,1 
BD_29,Buses_Diesel_Coaches Articulated >18 t_Conventional,,,-0.06,1,12,105,3.86E-05,-0.012061274,2.265084663,-7.330133188,0.000510868,8.76E-05,0.049418096,0,1,1,1 
BD_29,Buses_Diesel_Coaches Articulated >18 t_Conventional,,,-0.04,0,12,105,4.37E-05,-0.013101599,1.08017976,8.634003061,3.87E-05,0.003416955,0.052424081,0,1,1,1 
BD_29,Buses_Diesel_Coaches Articulated >18 t_Conventional,,,-0.04,0.5,12,105,5.93E-05,-0.017021004,1.331034621,9.086213646,4.87E-05,0.00377672,0.065515409,0,1,1,1 
BD_29,Buses_Diesel_Coaches Articulated >18 t_Conventional,,,-0.04,1,12,105,-0.000419773,0.00605972,5.516366174,-7.125545589,0.000575733,0.011797438,0.089644726,0,1,1,1 
BD_29,Buses_Diesel_Coaches Articulated >18 t_Conventional,,,-0.02,0,12,105,-2.52E-05,0.050383485,2.999985939,-6.737211144,0.000242567,0.00950936,-0.004869913,0,1,1,1 
BD_29,Buses_Diesel_Coaches Articulated >18 t_Conventional,,,-0.02,0.5,12,105,-7.19E-05,0.057926709,5.489332385,-17.98650721,0.000417959,0.011944645,0.018666129,0,1,1,1 
BD_29,Buses_Diesel_Coaches Articulated >18 t_Conventional,,,-0.02,1,12,105,4.74E-05,-0.016559245,1.694899627,7.721787521,2.14E-06,0.003309646,0.059697956,0,1,1,1 
BD_29,Buses_Diesel_Coaches Articulated >18 t_Conventional,,,0,0,12,105,5.69E-05,0.028527978,3.534967442,22.6066375,-2.67E-05,0.01004818,0.100345024,0,1,1,1 
BD_29,Buses_Diesel_Coaches Articulated >18 t_Conventional,,,0,0.5,12,105,-1.34E-05,0.043381558,5.093803284,26.39244829,-3.24E-05,0.01224108,0.133167964,0,1,1,1 
BD_29,Buses_Diesel_Coaches Articulated >18 t_Conventional,,,0,1,12,105,-3.06E-05,0.008012524,1.038564199,4.672659196,-7.42E-06,0.00208357,0.026335354,0,1,1,1 
BD_29,Buses_Diesel_Coaches Articulated >18 t_Conventional,,,0.02,0,12,105,0.000168268,0.046068622,3.651585485,17.94552263,-2.30E-05,0.007239652,0.094200184,0,1,1,1 
BD_29,Buses_Diesel_Coaches Articulated >18 t_Conventional,,,0.02,0.5,12,103,0.000152057,0.076998024,5.094488164,18.26108656,-2.42E-05,0.008254539,0.114026466,0,1,1,1 
BD_29,Buses_Diesel_Coaches Articulated >18 t_Conventional,,,0.02,1,12,99,8.57E-05,0.131920679,7.645230815,21.41330495,-2.92E-05,0.010475904,0.153308299,0,1,1,1 
BD_29,Buses_Diesel_Coaches Articulated >18 t_Conventional,,,0.04,0,12,100,0.000843604,0.083299844,0.740187778,-12.10728449,2.17E-05,0.00527945,-0.044604213,0,1,1,1 
BD_29,Buses_Diesel_Coaches Articulated >18 t_Conventional,,,0.04,0.5,12,86,0.001660383,0.193043181,0.079118458,-19.12382976,4.81E-05,0.007745794,-0.076923937,0,1,1,1 
BD_29,Buses_Diesel_Coaches Articulated >18 t_Conventional,,,0.04,1,12,75,0.011258362,1.546957752,4.473310493,-5.092459068,0.000359853,0.04230035,-0.092921,0,1,1,1 
BD_29,Buses_Diesel_Coaches Articulated >18 t_Conventional,,,0.06,0,12,81,0.000782311,0.095733885,1.09719881,7.000744171,2.32E-05,0.003311478,0.021072892,0,1,1,1 
BD_29,Buses_Diesel_Coaches Articulated >18 t_Conventional,,,0.06,0.5,12,67,0.002198527,0.402881316,1.693678642,8.240472043,6.37E-05,0.009855861,0.009970671,0,1,1,1 
BD_29,Buses_Diesel_Coaches Articulated >18 t_Conventional,,,0.06,1,12,57,-0.005124173,0.295406804,0.69439577,5.470116203,-0.000105491,0.006383982,-4.48E-05,0,1,1,1 
BD_30,Buses_Diesel_Coaches Articulated >18 t_Euro I,,,-0.06,0,12,105,1.67E-05,-0.004451831,0.289014973,8.013644563,3.74E-05,0.001924262,0.048865228,0,1,1,1 
BD_30,Buses_Diesel_Coaches Articulated >18 t_Euro I,,,-0.06,0.5,12,105,5.63E-05,-0.018201126,4.154605159,-11.72317677,0.001121214,0.001491692,0.090513806,0,1,1,1 
BD_30,Buses_Diesel_Coaches Articulated >18 t_Euro I,,,-0.06,1,12,105,6.02E-05,-0.019298328,4.162189588,-12.19578211,0.001142114,0.001172702,0.097000957,0,1,1,1 
BD_30,Buses_Diesel_Coaches Articulated >18 t_Euro I,,,-0.04,0,12,105,8.86E-05,-0.03777346,3.852810815,3.367668751,0.000165079,0.015518329,0.051960316,0,1,1,1 
BD_30,Buses_Diesel_Coaches Articulated >18 t_Euro I,,,-0.04,0.5,12,105,3.39E-05,-0.010043612,0.813845055,6.946384484,3.87E-05,0.003187713,0.0498764,0,1,1,1 
BD_30,Buses_Diesel_Coaches Articulated >18 t_Euro I,,,-0.04,1,12,105,4.76E-05,-0.013753126,1.081866344,8.100508186,5.05E-05,0.003910052,0.06562494,0,1,1,1 
BD_30,Buses_Diesel_Coaches Articulated >18 t_Euro I,,,-0.02,0,12,105,0.000199057,-0.016691836,3.293925692,18.9082275,7.34E-05,0.010957037,0.128062711,0,1,1,1 
BD_30,Buses_Diesel_Coaches Articulated >18 t_Euro I,,,-0.02,0.5,12,105,4.99E-05,-0.014502165,2.046507383,6.726442849,1.27E-05,0.006620987,0.05895813,0,1,1,1 
BD_30,Buses_Diesel_Coaches Articulated >18 t_Euro I,,,-0.02,1,12,105,3.43E-05,-0.012218528,1.355143283,5.541039436,4.03E-06,0.003821082,0.048695243,0,1,1,1 
BD_30,Buses_Diesel_Coaches Articulated >18 t_Euro I,,,0,0,12,105,6.18E-05,0.031901011,4.314136871,28.9209989,-4.02E-05,0.015628222,0.151449693,0,1,1,1 
BD_30,Buses_Diesel_Coaches Articulated >18 t_Euro I,,,0,0.5,12,105,1.63E-07,0.024297556,3.190649098,18.06939183,-2.59E-05,0.010076621,0.103503744,0,1,1,1 
BD_30,Buses_Diesel_Coaches Articulated >18 t_Euro I,,,0,1,12,105,-5.61E-05,0.022002607,3.095174335,15.7026265,-2.61E-05,0.008510282,0.097010847,0,1,1,1 
BD_30,Buses_Diesel_Coaches Articulated >18 t_Euro I,,,0.02,0,12,105,0.000177414,0.071643935,5.879117317,27.79768728,-4.41E-05,0.014863233,0.182564176,0,1,1,1 
BD_30,Buses_Diesel_Coaches Articulated >18 t_Euro I,,,0.02,0.5,12,104,3.99E-05,0.043580854,3.158887955,11.76263471,-1.85E-05,0.006676663,0.088156383,0,1,1,1 
BD_30,Buses_Diesel_Coaches Articulated >18 t_Euro I,,,0.02,1,12,100,-1.03E-05,0.030283369,2.026934888,6.348431926,-1.04E-05,0.003716431,0.051731135,0,1,1,1 
BD_30,Buses_Diesel_Coaches Articulated >18 t_Euro I,,,0.04,0,12,101,0.000351509,0.04882065,0.860563158,5.48702733,2.20E-05,0.003200164,0.021991741,0,1,1,1 
BD_30,Buses_Diesel_Coaches Articulated >18 t_Euro I,,,0.04,0.5,12,90,0.000374944,0.069803822,1.514916414,9.655940951,2.01E-05,0.003785336,0.043547955,0,1,1,1 
BD_30,Buses_Diesel_Coaches Articulated >18 t_Euro I,,,0.04,1,12,78,0.003268347,0.645993828,3.893033543,12.76393306,0.000191249,0.025736814,0.001828309,0,1,1,1 
BD_30,Buses_Diesel_Coaches Articulated >18 t_Euro I,,,0.06,0,12,86,0.001304922,0.271803793,4.685359389,7.974578586,5.05E-05,0.0153598,0.054266187,0,1,1,1 
BD_30,Buses_Diesel_Coaches Articulated >18 t_Euro I,,,0.06,0.5,12,71,0.001889746,0.338195551,1.554779165,8.641108247,9.19E-05,0.011945141,0.002345674,0,1,1,1 
BD_30,Buses_Diesel_Coaches Articulated >18 t_Euro I,,,0.06,1,12,59,0.017254584,-1.786719021,38.9742298,469.0849493,0.000631644,-0.07037785,2.004632942,0,1,1,1 
BD_31,Buses_Diesel_Coaches Articulated >18 t_Euro II,,,-0.06,0,12,105,5.50E-05,-0.018146293,4.568553827,-13.1342336,0.001029224,0.002019645,0.079393157,0,1,1,1 
BD_31,Buses_Diesel_Coaches Articulated >18 t_Euro II,,,-0.06,0.5,12,105,6.26E-05,-0.020331203,4.65004154,-13.79498635,0.001086346,0.001566164,0.089881727,0,1,1,1 
BD_31,Buses_Diesel_Coaches Articulated >18 t_Euro II,,,-0.06,1,12,105,6.54E-05,-0.021115005,4.669210524,-14.14338064,0.001113424,0.001404561,0.094936781,0,1,1,1 
BD_31,Buses_Diesel_Coaches Articulated >18 t_Euro II,,,-0.04,0,12,105,3.70E-05,-0.011147409,0.923586588,7.75136438,3.60E-05,0.003180056,0.048132866,0,1,1,1 
BD_31,Buses_Diesel_Coaches Articulated >18 t_Euro II,,,-0.04,0.5,12,105,4.74E-05,-0.013860684,1.105853156,8.63385869,4.52E-05,0.003628044,0.058935431,0,1,1,1 
BD_31,Buses_Diesel_Coaches Articulated >18 t_Euro II,,,-0.04,1,12,105,-0.000321651,0.006641381,4.189037824,-6.406055142,0.000499065,0.010135474,0.053642528,0,1,1,1 
BD_31,Buses_Diesel_Coaches Articulated >18 t_Euro II,,,-0.02,0,12,105,-3.13E-05,0.044770173,2.958708505,-7.605904973,0.000264625,0.009424051,-0.005464218,0,1,1,1 
BD_31,Buses_Diesel_Coaches Articulated >18 t_Euro II,,,-0.02,0.5,12,105,-2.43E-05,0.01924046,1.865627556,-5.961323381,0.000162978,0.004514347,0.003854861,0,1,1,1 
BD_31,Buses_Diesel_Coaches Articulated >18 t_Euro II,,,-0.02,1,12,105,3.45E-05,-0.012523297,1.35082351,7.437113295,3.35E-06,0.003396893,0.050809861,0,1,1,1 
BD_31,Buses_Diesel_Coaches Articulated >18 t_Euro II,,,0,0,12,105,2.85E-05,0.018712112,2.607625555,17.07753769,-2.08E-05,0.008299702,0.079756844,0,1,1,1 
BD_31,Buses_Diesel_Coaches Articulated >18 t_Euro II,,,0,0.5,12,105,-4.87E-06,0.024034647,3.338329241,19.23241885,-2.41E-05,0.009455648,0.096097008,0,1,1,1 
BD_31,Buses_Diesel_Coaches Articulated >18 t_Euro II,,,0,1,12,105,-5.14E-05,0.023015614,3.418054292,18.18293451,-2.56E-05,0.00866756,0.095279224,0,1,1,1 
BD_31,Buses_Diesel_Coaches Articulated >18 t_Euro II,,,0.02,0,12,105,0.000167522,0.032700562,1.071426545,10.61927682,1.41E-05,0.003164513,0.041367488,0,1,1,1 
BD_31,Buses_Diesel_Coaches Articulated >18 t_Euro II,,,0.02,0.5,12,105,0.000254317,0.078027395,1.560597602,5.116151441,2.47E-05,0.006053355,0.017230529,0,1,1,1 
BD_31,Buses_Diesel_Coaches Articulated >18 t_Euro II,,,0.02,1,12,103,0.001252154,0.102437997,1.881205361,5.914618776,0.000102223,0.005702782,0.028044374,0,1,1,1 
BD_31,Buses_Diesel_Coaches Articulated >18 t_Euro II,,,0.04,0,12,102,0.000453442,0.138952177,2.038263027,8.327697338,3.50E-05,0.008451519,0.022445266,0,1,1,1 
BD_31,Buses_Diesel_Coaches Articulated >18 t_Euro II,,,0.04,0.5,12,94,0.005140223,0.967087683,5.571178785,-15.02113759,0.000376587,0.04341403,-0.143921108,0,1,1,1 
BD_31,Buses_Diesel_Coaches Articulated >18 t_Euro II,,,0.04,1,12,81,0.002381322,0.432717619,1.500801599,-15.81560151,0.000170495,0.015966234,-0.080559946,0,1,1,1 
BD_31,Buses_Diesel_Coaches Articulated >18 t_Euro II,,,0.06,0,12,88,0.002364787,0.532602996,5.650853538,6.401965057,0.000150133,0.024389925,0.00805136,0,1,1,1 
BD_31,Buses_Diesel_Coaches Articulated >18 t_Euro II,,,0.06,0.5,12,75,0.002406624,0.402795055,0.702922702,-16.27201937,0.000149103,0.013049261,-0.077826896,0,1,1,1 
BD_31,Buses_Diesel_Coaches Articulated >18 t_Euro II,,,0.06,1,12,62,-0.002586759,0.167312445,0.270185378,-21.34652902,-9.72E-05,0.007392901,-0.07217998,0,1,1,1 
BD_32,Buses_Diesel_Coaches Articulated >18 t_Euro III,,,-0.06,0,12,105,9.17E-05,-0.028187282,5.4182606,-10.71947829,0.001293706,-0.00030929,0.106241745,0,1,1,1 
BD_32,Buses_Diesel_Coaches Articulated >18 t_Euro III,,,-0.06,0.5,12,105,0.000105113,-0.031636433,5.507597144,-11.76156437,0.001355562,-0.001260342,0.120642106,0,1,1,1 
BD_32,Buses_Diesel_Coaches Articulated >18 t_Euro III,,,-0.06,1,12,105,4.79E-05,-0.014157248,2.284071093,-5.26003875,0.000570297,-0.000862981,0.054166437,0,1,1,1 
BD_32,Buses_Diesel_Coaches Articulated >18 t_Euro III,,,-0.04,0,12,105,2.08E-05,-0.00778285,4.564993508,-13.4549546,0.000763816,0.004027693,0.040955445,0,1,1,1 
BD_32,Buses_Diesel_Coaches Articulated >18 t_Euro III,,,-0.04,0.5,12,105,2.81E-05,-0.010286346,4.790521973,-14.49765839,0.00081437,0.003872877,0.049111726,0,1,1,1 
BD_32,Buses_Diesel_Coaches Articulated >18 t_Euro III,,,-0.04,1,12,105,3.53E-05,-0.012708663,5.050190178,-15.8735199,0.000856064,0.003731347,0.057269994,0,1,1,1 
BD_32,Buses_Diesel_Coaches Articulated >18 t_Euro III,,,-0.02,0,12,105,9.23E-05,-0.008616686,1.120989022,7.053961366,4.11E-05,0.003300736,0.035877619,0,1,1,1 
BD_32,Buses_Diesel_Coaches Articulated >18 t_Euro III,,,-0.02,0.5,12,105,0.000147296,-0.023835108,3.224577208,4.258776828,8.86E-05,0.009392273,0.042616149,0,1,1,1 
BD_32,Buses_Diesel_Coaches Articulated >18 t_Euro III,,,-0.02,1,12,105,0.000101516,-0.022844699,2.978290014,5.452164592,6.26E-05,0.008792489,0.046488499,0,1,1,1 
BD_32,Buses_Diesel_Coaches Articulated >18 t_Euro III,,,0,0,12,105,4.16E-05,0.010452697,2.208289823,16.61894746,-1.82E-05,0.008734244,0.058694386,0,1,1,1 
BD_32,Buses_Diesel_Coaches Articulated >18 t_Euro III,,,0,0.5,12,105,0.000158881,0.063979479,12.41428419,1.210585581,-9.89E-05,0.04726104,0.004326083,0,1,1,1 
BD_32,Buses_Diesel_Coaches Articulated >18 t_Euro III,,,0,1,12,105,1.45E-05,0.012178392,2.363248009,17.20499475,-1.66E-05,0.00775386,0.068950221,0,1,1,1 
BD_32,Buses_Diesel_Coaches Articulated >18 t_Euro III,,,0.02,0,12,105,0.000250143,0.037552442,1.549287656,17.10268804,2.46E-05,0.005612866,0.058738112,0,1,1,1 
BD_32,Buses_Diesel_Coaches Articulated >18 t_Euro III,,,0.02,0.5,12,105,0.001370062,0.142541653,3.763978121,22.78927753,0.000161375,0.014212652,0.073235292,0,1,1,1 
BD_32,Buses_Diesel_Coaches Articulated >18 t_Euro III,,,0.02,1,12,104,0.000168802,0.056544975,1.423092655,5.215105561,2.19E-05,0.005484339,0.016519372,0,1,1,1 
BD_32,Buses_Diesel_Coaches Articulated >18 t_Euro III,,,0.04,0,12,104,0.002716558,0.576188129,5.225369076,0.150620935,0.000336618,0.040401041,-0.12610663,0,1,1,1 
BD_32,Buses_Diesel_Coaches Articulated >18 t_Euro III,,,0.04,0.5,12,97,0.000381084,0.111809706,1.960810997,6.958732928,3.75E-05,0.007901092,0.017806226,0,1,1,1 
BD_32,Buses_Diesel_Coaches Articulated >18 t_Euro III,,,0.04,1,12,86,2.06E-05,0.03226692,2.223477481,7.894903482,-1.23E-05,0.003917451,0.046037082,0,1,1,1 
BD_32,Buses_Diesel_Coaches Articulated >18 t_Euro III,,,0.06,0,12,90,2.32E-05,0.032552179,2.31729514,8.509822226,-1.29E-05,0.00422759,0.05045757,0,1,1,1 
BD_32,Buses_Diesel_Coaches Articulated >18 t_Euro III,,,0.06,0.5,12,78,0.000351507,0.135630634,2.01291625,9.142221172,2.29E-05,0.00739327,0.024031318,0,1,1,1 
BD_32,Buses_Diesel_Coaches Articulated >18 t_Euro III,,,0.06,1,12,66,0.001878308,0.138381121,1.804005575,10.0017447,8.37E-05,0.006069041,0.023380806,0,1,1,1 
BD_33,Buses_Diesel_Coaches Articulated >18 t_Euro IV,,,-0.06,0,12,89,6.83E-05,-0.020349028,1.210530679,6.118166771,0.000276082,0.006537705,0.095041162,0,1,1,1 
BD_33,Buses_Diesel_Coaches Articulated >18 t_Euro IV,,,-0.06,0.5,12,105,0.000114936,-0.02891705,2.844075611,-6.110509416,0.001570638,-0.011261176,0.210842048,0,1,1,1 
BD_33,Buses_Diesel_Coaches Articulated >18 t_Euro IV,,,-0.06,1,12,105,9.88E-05,-0.0248323,2.433372608,-5.285825663,0.001376943,-0.009945868,0.185503904,0,1,1,1 
BD_33,Buses_Diesel_Coaches Articulated >18 t_Euro IV,,,-0.04,0,12,105,2.96E-05,-0.011097336,0.81739972,4.560526018,7.95E-05,0.004708671,0.058130005,0,1,1,1 
BD_33,Buses_Diesel_Coaches Articulated >18 t_Euro IV,,,-0.04,0.5,12,105,5.75E-05,-0.021882618,1.630109234,5.958995824,0.000162419,0.008749912,0.096615944,0,1,1,1 
BD_33,Buses_Diesel_Coaches Articulated >18 t_Euro IV,,,-0.04,1,12,105,2.44E-05,-0.005903535,0.367657019,3.0112277,4.74E-05,0.001396223,0.044144227,0,1,1,1 
BD_33,Buses_Diesel_Coaches Articulated >18 t_Euro IV,,,-0.02,0,12,105,7.79E-05,-0.009227729,1.181961374,5.214703044,5.76E-05,0.005780622,0.06207527,0,1,1,1 
BD_33,Buses_Diesel_Coaches Articulated >18 t_Euro IV,,,-0.02,0.5,12,105,0.000100051,-0.022902988,2.747765008,10.73944441,7.70E-05,0.013676818,0.136893788,0,1,1,1 
BD_33,Buses_Diesel_Coaches Articulated >18 t_Euro IV,,,-0.02,1,12,105,3.12E-05,-0.011097357,1.161000002,6.650096624,1.54E-05,0.005482274,0.077779696,0,1,1,1 
BD_33,Buses_Diesel_Coaches Articulated >18 t_Euro IV,,,0,0,12,105,0.000684448,0.014703491,2.890177968,13.84538912,0.000163948,0.012205998,0.151965355,0,1,1,1 
BD_33,Buses_Diesel_Coaches Articulated >18 t_Euro IV,,,0,0.5,12,105,0.000487618,0.018701731,2.910310963,11.84145588,0.000109153,0.012250532,0.137741041,0,1,1,1 
BD_33,Buses_Diesel_Coaches Articulated >18 t_Euro IV,,,0,1,12,105,0.000384136,0.022301332,3.381986703,12.85324232,7.89E-05,0.013457678,0.156896071,0,1,1,1 
BD_33,Buses_Diesel_Coaches Articulated >18 t_Euro IV,,,0.02,0,12,105,0.002478213,0.192537968,5.938498154,10.8978852,0.000348803,0.035759474,0.114186529,0,1,1,1 
BD_33,Buses_Diesel_Coaches Articulated >18 t_Euro IV,,,0.02,0.5,12,105,0.001563712,0.259960601,6.721980578,14.48813483,0.000197227,0.040269146,0.143802043,0,1,1,1 
BD_33,Buses_Diesel_Coaches Articulated >18 t_Euro IV,,,0.02,1,12,104,0.000168564,0.053599952,2.031370655,17.17677082,2.77E-05,0.006722461,0.139829344,0,1,1,1 
BD_33,Buses_Diesel_Coaches Articulated >18 t_Euro IV,,,0.04,0,12,104,0.011840503,2.158507176,-2.52144197,19.15118697,0.002085742,0.152829868,-0.751247317,0,1,1,1 
BD_33,Buses_Diesel_Coaches Articulated >18 t_Euro IV,,,0.04,0.5,12,98,0.004774675,0.953158644,-0.64567564,-18.74091867,0.000814485,0.059050161,-0.355084582,0,1,1,1 
BD_33,Buses_Diesel_Coaches Articulated >18 t_Euro IV,,,0.04,1,12,89,-0.000359674,-0.013274313,6.542029611,45.40454653,-4.88E-05,0.002486976,0.418763592,0,1,1,1 
BD_33,Buses_Diesel_Coaches Articulated >18 t_Euro IV,,,0.06,0,12,91,-0.000437406,-0.009461598,8.243679166,53.92398223,-5.74E-05,0.003383605,0.535223478,0,1,1,1 
BD_33,Buses_Diesel_Coaches Articulated >18 t_Euro IV,,,0.06,0.5,12,79,0.003736014,0.6514351,12.55465685,32.70422651,0.000359772,0.044320562,0.362926662,0,1,1,1 
BD_33,Buses_Diesel_Coaches Articulated >18 t_Euro IV,,,0.06,1,12,69,0.000990064,0.14974671,-0.190828426,-7.650276047,9.56E-05,0.007310337,-0.061375074,0,1,1,1 
BD_34,Buses_Diesel_Coaches Articulated >18 t_Euro V,SCR,,-0.06,0,5,70,-0.000974083,0.093566961,-1.951829729,12.81505854,0.000417029,-0.010258934,0.070983083,0,1,1,1 
BD_34,Buses_Diesel_Coaches Articulated >18 t_Euro V,SCR,,-0.06,0.5,5,100,0.000184407,-0.030794308,1.356995329,-4.145566403,-1.24E-05,0.006604454,-0.021691963,0,1,1,1 
BD_34,Buses_Diesel_Coaches Articulated >18 t_Euro V,SCR,,-0.06,1,5,65,-0.000530589,0.047771882,-0.892314064,4.904275696,0.000220294,-0.004881406,0.028081151,0,1,1,1 
BD_34,Buses_Diesel_Coaches Articulated >18 t_Euro V,SCR,,-0.04,0,5,90,-0.000386503,0.041865541,-0.613748468,2.876554251,0.000186631,-0.003087049,0.014956115,0,1,1,1 
BD_34,Buses_Diesel_Coaches Articulated >18 t_Euro V,SCR,,-0.04,0.5,5,90,-0.000368262,0.039968986,-0.616166175,2.83816336,0.000178316,-0.003117329,0.014871371,0,1,1,1 
BD_34,Buses_Diesel_Coaches Articulated >18 t_Euro V,SCR,,-0.04,1,5,80,-0.015431647,1.34289852,-7.689016383,1.640631655,0.005819911,-0.034647808,-2.07E-14,0,1,1,1 
BD_34,Buses_Diesel_Coaches Articulated >18 t_Euro V,SCR,,-0.02,0,5,100,-0.000280923,0.092023549,0.137239993,4.087386269,0.000385912,0.000125433,0.022053591,0,1,1,1 
BD_34,Buses_Diesel_Coaches Articulated >18 t_Euro V,SCR,,-0.02,0.5,5,100,9.58E-05,-0.026184742,1.53988555,4.414360739,-6.02E-05,0.005286035,0.027438058,0,1,1,1 
BD_34,Buses_Diesel_Coaches Articulated >18 t_Euro V,SCR,,-0.02,1,5,100,-0.006236126,0.98858543,-1.075234112,-5.467818677,0.003301377,0.003018163,-0.038348152,0,1,1,1 
BD_34,Buses_Diesel_Coaches Articulated >18 t_Euro V,SCR,,0,0,5,100,-0.003931506,0.573139779,3.402569421,0.807221124,0.001265237,0.019447275,-7.77E-14,0,1,1,1 
BD_34,Buses_Diesel_Coaches Articulated >18 t_Euro V,SCR,,0,0.5,5,100,-0.004851147,0.694144575,0.900404702,2.639879956,0.001706139,0.009229954,0.006331196,0,1,1,1 
BD_34,Buses_Diesel_Coaches Articulated >18 t_Euro V,SCR,,0,1,5,100,-0.00200325,0.280463375,-0.371006025,4.202274662,0.000755018,-8.58E-05,0.017175496,0,1,1,1 
BD_34,Buses_Diesel_Coaches Articulated >18 t_Euro V,SCR,,0.02,0,5,100,8.80E-05,-0.005178532,0.127236385,4.134513331,2.74E-05,-0.000542746,0.019102931,0,1,1,1 
BD_34,Buses_Diesel_Coaches Articulated >18 t_Euro V,SCR,,0.02,0.5,5,100,0.000151149,-0.006640897,0.165274968,4.175912168,4.58E-05,-0.00062057,0.019266731,0,1,1,1 
BD_34,Buses_Diesel_Coaches Articulated >18 t_Euro V,SCR,,0.02,1,5,100,0.000204957,-0.007372431,0.225678565,3.149883411,5.88E-05,-0.000379521,0.014786653,0,1,1,1 
BD_34,Buses_Diesel_Coaches Articulated >18 t_Euro V,SCR,,0.04,0,5,100,0.000237264,-0.00519837,0.071977767,3.620781573,6.85E-05,-0.000866573,0.015889451,0,1,1,1 
BD_34,Buses_Diesel_Coaches Articulated >18 t_Euro V,SCR,,0.04,0.5,5,95,0.000688071,-0.012278111,0.325541116,4.050657429,0.000170072,-0.000877934,0.018509377,0,1,1,1 
BD_34,Buses_Diesel_Coaches Articulated >18 t_Euro V,SCR,,0.04,1,5,85,0.000880625,-0.009297587,0.227058918,3.301037518,0.000207357,-0.001105108,0.01490446,0,1,1,1 
BD_34,Buses_Diesel_Coaches Articulated >18 t_Euro V,SCR,,0.06,0,5,85,0.000892222,-0.011724847,0.218801496,4.20938025,0.000202045,-0.001259418,0.018366622,0,1,1,1 
BD_34,Buses_Diesel_Coaches Articulated >18 t_Euro V,SCR,,0.06,0.5,5,75,0.001503237,-0.016830626,0.28800794,3.657464112,0.000275911,-0.001137854,0.015612234,0,1,1,1 
BD_34,Buses_Diesel_Coaches Articulated >18 t_Euro V,SCR,,0.06,1,5,65,0.002985535,-0.047321159,0.796032251,3.074714423,0.000383707,4.63E-05,0.013296306,0,1,1,1 
BD_34,Buses_Diesel_Coaches Articulated >18 t_Euro V,EGR,,-0.06,0,5,100,0.000566235,-0.091909545,4.215549482,1.188933766,8.17E-06,0.030369585,0.007880447,0,1,1,1 
BD_34,Buses_Diesel_Coaches Articulated >18 t_Euro V,EGR,,-0.06,0.5,5,100,0.000257695,-0.042252585,2.043697992,-6.268803795,1.90E-05,0.013669074,-0.045219,0,1,1,1 
BD_34,Buses_Diesel_Coaches Articulated >18 t_Euro V,EGR,,-0.06,1,5,100,0.000406011,-0.065348878,3.094705104,-9.607343529,1.95E-05,0.02090291,-0.070178496,0,1,1,1 
BD_34,Buses_Diesel_Coaches Articulated >18 t_Euro V,EGR,,-0.04,0,5,90,-0.000469935,0.052122813,-0.916391831,4.799602381,0.000319934,-0.006371768,0.034514728,0,1,1,1 
BD_34,Buses_Diesel_Coaches Articulated >18 t_Euro V,EGR,,-0.04,0.5,5,85,-0.000513808,0.055654329,-0.978813431,4.957280014,0.000339553,-0.006818198,0.035822525,0,1,1,1 
BD_34,Buses_Diesel_Coaches Articulated >18 t_Euro V,EGR,,-0.04,1,5,80,-0.002469641,0.243481504,-3.71739523,15.4589392,0.001409783,-0.024745676,0.108020904,0,1,1,1 
BD_34,Buses_Diesel_Coaches Articulated >18 t_Euro V,EGR,,-0.02,0,5,100,-0.006036928,0.996741259,-3.382930616,0.708073243,0.005885938,-0.019065302,-1.96E-14,0,1,1,1 
BD_34,Buses_Diesel_Coaches Articulated >18 t_Euro V,EGR,,-0.02,0.5,5,100,-0.010329355,1.418078017,-4.815655544,1.261490807,0.008111979,-0.025869431,4.52E-13,0,1,1,1 
BD_34,Buses_Diesel_Coaches Articulated >18 t_Euro V,EGR,,-0.02,1,5,100,-0.007241842,0.947173092,-3.262213925,0.887959936,0.005350416,-0.017309431,9.37E-09,0,1,1,1 
BD_34,Buses_Diesel_Coaches Articulated >18 t_Euro V,EGR,,0,0,5,100,8.43E-05,0.004694599,0.055463232,3.520632937,4.36E-05,4.60E-05,0.021197559,0,1,1,1 
BD_34,Buses_Diesel_Coaches Articulated >18 t_Euro V,EGR,,0,0.5,5,100,0.000180111,0.015836132,-0.456207878,3.98368651,0.000126834,-0.003009023,0.023785044,0,1,1,1 
BD_34,Buses_Diesel_Coaches Articulated >18 t_Euro V,EGR,,0,1,5,100,0.000294326,0.025313672,-0.640340008,4.289722078,0.000194509,-0.004119586,0.025423302,0,1,1,1 
BD_34,Buses_Diesel_Coaches Articulated >18 t_Euro V,EGR,,0.02,0,5,100,0.000322831,0.011355017,1.927759524,2.189142775,1.47E-05,0.009800212,0.012777209,0,1,1,1 
BD_34,Buses_Diesel_Coaches Articulated >18 t_Euro V,EGR,,0.02,0.5,5,100,0.00105243,0.032399104,3.279500002,6.90915359,0.000125112,0.015276265,0.039590439,0,1,1,1 
BD_34,Buses_Diesel_Coaches Articulated >18 t_Euro V,EGR,,0.02,1,5,100,0.00094838,0.023512941,1.417594169,6.327035951,0.0001442,0.005618435,0.035079948,0,1,1,1 
BD_34,Buses_Diesel_Coaches Articulated >18 t_Euro V,EGR,,0.04,0,5,100,5.40E-06,-0.000623841,-0.029803528,6.571752128,3.50E-06,-0.000628636,0.032635131,0,1,1,1 
BD_34,Buses_Diesel_Coaches Articulated >18 t_Euro V,EGR,,0.04,0.5,5,95,-2.63E-05,0.001696847,0.056768752,4.650784854,-2.31E-06,3.79E-05,0.021538622,0,1,1,1 
BD_34,Buses_Diesel_Coaches Articulated >18 t_Euro V,EGR,,0.04,1,5,85,0.00019089,-0.001673396,-0.229320083,5.55954745,3.42E-05,-0.001684249,0.025853506,0,1,1,1 
BD_34,Buses_Diesel_Coaches Articulated >18 t_Euro V,EGR,,0.06,0,5,85,0.008931192,0.264753748,1.436333007,-6.948648043,0.001344068,0.0061098,-0.030615263,0,1,1,1 
BD_34,Buses_Diesel_Coaches Articulated >18 t_Euro V,EGR,,0.06,0.5,5,75,4.31E-05,-0.000848735,-0.050205097,5.900038309,9.84E-06,-0.000775803,0.025758187,0,1,1,1 
BD_34,Buses_Diesel_Coaches Articulated >18 t_Euro V,EGR,,0.06,1,5,65,0.000103933,-0.011209921,0.007921206,21.23537134,1.76E-05,-0.002462266,0.089461223,0,1,1,1 
BD_35,Buses_Diesel_Coaches Articulated >18 t_Euro VI,,,-0.06,0,5,80,-0.002170595,0.192544728,-1.324867549,3.999050015,0.001863863,-0.01193792,0.03927236,0,1,1,1 
BD_35,Buses_Diesel_Coaches Articulated >18 t_Euro VI,,,-0.06,0.5,5,75,-0.001761098,0.150903746,-0.985478605,3.319759922,0.001503385,-0.008482789,0.0322179,0,1,1,1 
BD_35,Buses_Diesel_Coaches Articulated >18 t_Euro VI,,,-0.06,1,5,75,-0.001912585,0.165912846,-1.258626741,3.969184235,0.00174603,-0.012505748,0.041827709,0,1,1,1 
BD_35,Buses_Diesel_Coaches Articulated >18 t_Euro VI,,,-0.04,0,5,100,-0.000822554,0.097771109,-1.146586313,5.424135373,0.00078238,-0.008863171,0.05154394,0,1,1,1 
BD_35,Buses_Diesel_Coaches Articulated >18 t_Euro VI,,,-0.04,0.5,5,100,-0.001097953,0.12384856,-1.43660601,6.197503206,0.001028523,-0.011500841,0.059000569,0,1,1,1 
BD_35,Buses_Diesel_Coaches Articulated >18 t_Euro VI,,,-0.04,1,5,95,-0.001222379,0.131919611,-1.522672228,6.496308315,0.001102182,-0.011909843,0.061244839,0,1,1,1 
BD_35,Buses_Diesel_Coaches Articulated >18 t_Euro VI,,,-0.02,0,5,100,6.33E-05,0.071434027,-0.652375923,3.147728061,0.001068207,-0.007097194,0.031388835,0,1,1,1 
BD_35,Buses_Diesel_Coaches Articulated >18 t_Euro VI,,,-0.02,0.5,5,100,-8.97E-05,0.084950899,-0.896727635,4.092929938,0.001316379,-0.009972885,0.041422671,0,1,1,1 
BD_35,Buses_Diesel_Coaches Articulated >18 t_Euro VI,,,-0.02,1,5,100,-0.00015083,0.109615484,-1.285984333,5.92154294,0.001837776,-0.014667257,0.060379401,0,1,1,1 
BD_35,Buses_Diesel_Coaches Articulated >18 t_Euro VI,,,0,0,5,100,-0.000180307,0.026559664,-0.331612281,2.52496714,0.00057696,-0.002435,0.019774322,0,1,1,1 
BD_35,Buses_Diesel_Coaches Articulated >18 t_Euro VI,,,0,0.5,5,100,-0.000278256,0.036511219,-0.537923525,3.354772161,0.000732297,-0.004127104,0.026478695,0,1,1,1 
BD_35,Buses_Diesel_Coaches Articulated >18 t_Euro VI,,,0,1,5,100,-0.000255469,0.031582137,-0.479293495,2.691510072,0.000645579,-0.003983541,0.021572576,0,1,1,1 
BD_35,Buses_Diesel_Coaches Articulated >18 t_Euro VI,,,0.02,0,5,100,-0.000148988,0.03695823,-0.603544774,4.202031056,0.001113873,-0.004623198,0.030945937,0,1,1,1 
BD_35,Buses_Diesel_Coaches Articulated >18 t_Euro VI,,,0.02,0.5,5,100,-0.00011091,0.058948892,-0.873412987,5.322296231,0.002201812,-0.009953944,0.042622351,0,1,1,1 
BD_35,Buses_Diesel_Coaches Articulated >18 t_Euro VI,,,0.02,1,5,100,-7.09E-05,0.031505524,-0.413786483,2.010610649,0.001195526,-0.006359641,0.018977443,0,1,1,1 
BD_35,Buses_Diesel_Coaches Articulated >18 t_Euro VI,,,0.04,0,5,100,0.002128331,-0.067797347,1.210295844,-3.416542148,0.003149195,-0.009702324,-0.002905445,0,1,1,1 
BD_35,Buses_Diesel_Coaches Articulated >18 t_Euro VI,,,0.04,0.5,5,100,-6.48E-06,0.061901874,-0.790370823,3.522348608,0.002440861,-0.012538964,0.033420827,0,1,1,1 
BD_35,Buses_Diesel_Coaches Articulated >18 t_Euro VI,,,0.04,1,5,90,-3.40E-05,0.108004002,-1.314993146,5.307325467,0.004147669,-0.021243315,0.051627618,0,1,1,1 
BD_35,Buses_Diesel_Coaches Articulated >18 t_Euro VI,,,0.06,0,5,90,9.67E-05,0.055675146,-0.706890073,3.137294708,0.00229692,-0.011288545,0.029327285,0,1,1,1 
BD_35,Buses_Diesel_Coaches Articulated >18 t_Euro VI,,,0.06,0.5,5,75,0.000200779,0.088227409,-1.119642126,4.5139889,0.003412948,-0.016203321,0.040265035,0,1,1,1 
BD_35,Buses_Diesel_Coaches Articulated >18 t_Euro VI,,,0.06,1,5,70,0.002099849,0.042373542,-0.850905207,4.592598035,0.004071173,-0.012227442,0.032768069,0,1,1,1 
BCNG_1,Buses_CNG_Urban CNG Buses_Euro I,,Urban Peak,,,6,75,0,0,16.5,0,0,0,1,0,1,1,1 
BCNG_1,Buses_CNG_Urban CNG Buses_Euro I,,Urban Off Peak,,,6,75,0,0,16.5,0,0,0,1,0,1,1,1 
BCNG_1,Buses_CNG_Urban CNG Buses_Euro I,,Rural,,,6,75,0,0,16.5,0,0,0,1,0,1,1,1 
BCNG_1,Buses_CNG_Urban CNG Buses_Euro I,,Highway,,,6,75,0,0,16.5,0,0,0,1,0,1,1,1 
BCNG_2,Buses_CNG_Urban CNG Buses_Euro II,,Urban Peak,,,6,75,0,0,15,0,0,0,1,0,1,1,1 
BCNG_2,Buses_CNG_Urban CNG Buses_Euro II,,Urban Off Peak,,,6,75,0,0,15,0,0,0,1,0,1,1,1 
BCNG_2,Buses_CNG_Urban CNG Buses_Euro II,,Rural,,,6,75,0,0,15,0,0,0,1,0,1,1,1 
BCNG_2,Buses_CNG_Urban CNG Buses_Euro II,,Highway,,,6,75,0,0,15,0,0,0,1,0,1,1,1 
BCNG_3,Buses_CNG_Urban CNG Buses_Euro III,,Urban Peak,,,6,75,0,0,10,0,0,0,1,0,1,1,1 
BCNG_3,Buses_CNG_Urban CNG Buses_Euro III,,Urban Off Peak,,,6,75,0,0,10,0,0,0,1,0,1,1,1 
BCNG_3,Buses_CNG_Urban CNG Buses_Euro III,,Rural,,,6,75,0,0,10,0,0,0,1,0,1,1,1 
BCNG_3,Buses_CNG_Urban CNG Buses_Euro III,,Highway,,,6,75,0,0,10,0,0,0,1,0,1,1,1 
BCNG_4,Buses_CNG_Urban CNG Buses_EEV,,,,,11,86,0.003355813,1.019679442,1.531098376,-59.77331247,0.005941154,0.222318774,-1.861614217,0,1,1,1 
BCNG_5,Buses_CNG_Urban CNG Buses_Euro VI,,,,,11,86,0.003355813,1.019679442,1.531098376,-59.77331247,0.005941154,0.222318774,-1.861614217,0,1,1,1 
BBIO_1,Buses_Biodiesel_Urban Biodiesel Buses_Conventional,,,-0.06,0,11,86,0.004002023,0.890391621,29.21029093,17.04194439,0.002839464,0.139557603,0.322333863,0,1,1,1 
BBIO_1,Buses_Biodiesel_Urban Biodiesel Buses_Conventional,,,-0.06,0.5,11,86,-0.000732499,-0.021573807,8.239224324,-71.60786264,-0.000395934,0.039092444,-0.303972377,0,1,1,1 
BBIO_1,Buses_Biodiesel_Urban Biodiesel Buses_Conventional,,,-0.06,1,11,86,-0.001491835,-0.018433891,13.96109804,-116.7385434,-0.000631699,0.063573432,-0.462694475,0,1,1,1 
BBIO_1,Buses_Biodiesel_Urban Biodiesel Buses_Conventional,,,-0.04,0,11,86,-0.016799496,0.884034197,64.48336629,32.77577915,0.008141442,0.39438914,1.126865099,0,1,1,1 
BBIO_1,Buses_Biodiesel_Urban Biodiesel Buses_Conventional,,,-0.04,0.5,11,86,-0.021351556,1.502180995,43.27463409,19.35075344,0.009290285,0.309094232,0.774630104,0,1,1,1 
BBIO_1,Buses_Biodiesel_Urban Biodiesel Buses_Conventional,,,-0.04,1,11,86,-0.007751043,0.365078158,30.00800947,53.76631269,0.002731861,0.193771475,1.054791407,0,1,1,1 
BBIO_1,Buses_Biodiesel_Urban Biodiesel Buses_Conventional,,,-0.02,0,11,85,0.008794466,1.694173507,27.87090708,43.06725481,0.000296139,0.097180904,0.369708705,0,1,1,1 
BBIO_1,Buses_Biodiesel_Urban Biodiesel Buses_Conventional,,,-0.02,0.5,11,75,0.001507986,0.948318166,14.99769384,29.34402446,5.04E-05,0.040973371,0.249151899,0,1,1,1 
BBIO_1,Buses_Biodiesel_Urban Biodiesel Buses_Conventional,,,-0.02,1,11,62,0.034197604,4.244738088,6.528411487,-50.79877059,0.00138804,0.128708797,-0.415919913,0,1,1,1 
BBIO_1,Buses_Biodiesel_Urban Biodiesel Buses_Conventional,,,0,0,11,86,-0.000124556,0.116818214,9.302667713,33.66976339,-8.83E-05,0.02695156,0.291936067,0,1,1,1 
BBIO_1,Buses_Biodiesel_Urban Biodiesel Buses_Conventional,,,0,0.5,11,86,-0.000540281,0.090163874,8.176119659,25.2329294,-9.65E-05,0.019295047,0.251774593,0,1,1,1 
BBIO_1,Buses_Biodiesel_Urban Biodiesel Buses_Conventional,,,0,1,11,86,0.000267339,0.203364904,11.37496138,58.03277622,9.21E-05,0.021218894,0.457411718,0,1,1,1 
BBIO_1,Buses_Biodiesel_Urban Biodiesel Buses_Conventional,,,0.02,0,11,72,0.005595655,1.194386932,13.43602704,21.8336452,0.000201392,0.048572736,0.155657754,0,1,1,1 
BBIO_1,Buses_Biodiesel_Urban Biodiesel Buses_Conventional,,,0.02,0.5,11,58,0.016666702,2.754103867,16.26916934,21.42852634,0.000549377,0.081428363,0.093774456,0,1,1,1 
BBIO_1,Buses_Biodiesel_Urban Biodiesel Buses_Conventional,,,0.02,1,11,40,-0.023055099,1.066641429,-3.431810783,-53.71221,-0.000623595,0.032244973,-0.267704869,0,1,1,1 
BBIO_1,Buses_Biodiesel_Urban Biodiesel Buses_Conventional,,,0.04,0,11,86,0.000270486,-0.08181667,7.325217661,32.00474959,6.76E-06,0.025459493,0.370684497,0,1,1,1 
BBIO_1,Buses_Biodiesel_Urban Biodiesel Buses_Conventional,,,0.04,0.5,11,86,-0.003513019,0.198246397,16.59782181,27.20345084,0.000852568,0.076925645,0.538054321,0,1,1,1 
BBIO_1,Buses_Biodiesel_Urban Biodiesel Buses_Conventional,,,0.04,1,11,86,-0.002983855,0.143112704,13.31780012,25.7395555,0.000498608,0.058162826,0.51475052,0,1,1,1 
BBIO_1,Buses_Biodiesel_Urban Biodiesel Buses_Conventional,,,0.06,0,11,86,0.006952394,0.992392452,12.03459274,-40.74413828,0.000398486,0.077298197,-0.208492492,0,1,1,1 
BBIO_1,Buses_Biodiesel_Urban Biodiesel Buses_Conventional,,,0.06,0.5,11,86,0.001851294,0.738976335,12.73582208,32.55248932,0.000102203,0.045474463,0.230264019,0,1,1,1 
BBIO_1,Buses_Biodiesel_Urban Biodiesel Buses_Conventional,,,0.06,1,11,85,-0.000948257,0.324809428,15.72455353,27.63352585,-8.64E-05,0.023539675,0.366390067,0,1,1,1 
BBIO_2,Buses_Biodiesel_Urban Biodiesel Buses_Euro I,,,-0.06,0,11,86,2.74E-05,0.056207367,4.532514948,37.86199656,0.000206254,0.027670383,0.375231881,0,1,1,1 
BBIO_2,Buses_Biodiesel_Urban Biodiesel Buses_Euro I,,,-0.06,0.5,11,86,-0.001976501,0.412178325,20.74898061,32.23183887,0.001459382,0.121559624,0.769681013,0,1,1,1 
BBIO_2,Buses_Biodiesel_Urban Biodiesel Buses_Euro I,,,-0.06,1,11,86,-0.000292614,-0.014435177,3.756350205,-31.03758934,-0.000251909,0.025186894,-0.184996896,0,1,1,1 
BBIO_2,Buses_Biodiesel_Urban Biodiesel Buses_Euro I,,,-0.04,0,11,86,-0.008888972,0.501570123,39.97462075,8.272286313,0.007822592,0.367470909,0.52436164,0,1,1,1 
BBIO_2,Buses_Biodiesel_Urban Biodiesel Buses_Euro I,,,-0.04,0.5,11,86,-0.020301677,1.057734461,90.88500143,110.0893213,0.015564968,0.86612428,2.557665831,0,1,1,1 
BBIO_2,Buses_Biodiesel_Urban Biodiesel Buses_Euro I,,,-0.04,1,11,86,-0.019390518,1.020625663,84.81129844,89.52990355,0.013950391,0.802837061,2.763202002,0,1,1,1 
BBIO_2,Buses_Biodiesel_Urban Biodiesel Buses_Euro I,,,-0.02,0,11,86,0.004274291,0.587784635,3.807311136,-32.93307479,0.000307326,0.05235,-0.260600367,0,1,1,1 
BBIO_2,Buses_Biodiesel_Urban Biodiesel Buses_Euro I,,,-0.02,0.5,11,76,0.071905145,9.967576198,35.50610243,-35.03641821,0.005408758,0.60024238,-1.359176651,0,1,1,1 
BBIO_2,Buses_Biodiesel_Urban Biodiesel Buses_Euro I,,,-0.02,1,11,61,-0.021123565,1.376489807,-1.076256047,-104.8818889,-0.00123251,0.090180873,-0.772888214,0,1,1,1 
BBIO_2,Buses_Biodiesel_Urban Biodiesel Buses_Euro I,,,0,0,11,86,0.005739999,1.369081545,27.15975027,-15.14367999,0.001732438,0.247712256,-0.190238164,0,1,1,1 
BBIO_2,Buses_Biodiesel_Urban Biodiesel Buses_Euro I,,,0,0.5,11,86,0.00649506,1.651561196,11.1428892,-103.8178294,0.002562542,0.18517651,-1.071273101,0,1,1,1 
BBIO_2,Buses_Biodiesel_Urban Biodiesel Buses_Euro I,,,0,1,11,86,-5.03E-05,0.13311115,14.06079167,97.79406009,3.46E-05,0.032996022,1.055513875,0,1,1,1 
BBIO_2,Buses_Biodiesel_Urban Biodiesel Buses_Euro I,,,0.02,0,11,74,0.005860159,0.695820992,8.822097058,39.78502991,0.000362638,0.044192202,0.270589544,0,1,1,1 
BBIO_2,Buses_Biodiesel_Urban Biodiesel Buses_Euro I,,,0.02,0.5,11,59,0.026061149,3.192098311,4.165551405,-44.98973843,0.001625288,0.142801421,-0.506793206,0,1,1,1 
BBIO_2,Buses_Biodiesel_Urban Biodiesel Buses_Euro I,,,0.02,1,11,45,0.006220619,-0.447496597,6.899468797,56.40400867,0.000274264,-0.021314946,0.427346015,0,1,1,1 
BBIO_2,Buses_Biodiesel_Urban Biodiesel Buses_Euro I,,,0.04,0,11,86,-0.005123149,0.394512677,28.75103313,35.75667753,0.00354312,0.218069238,0.83028649,0,1,1,1 
BBIO_2,Buses_Biodiesel_Urban Biodiesel Buses_Euro I,,,0.04,0.5,11,86,-0.011549409,0.720182822,57.48497528,90.75241875,0.005603637,0.419134372,2.28893154,0,1,1,1 
BBIO_2,Buses_Biodiesel_Urban Biodiesel Buses_Euro I,,,0.04,1,11,86,-0.00617681,0.341818425,28.51455606,46.01760908,0.002271991,0.19769203,1.33435264,0,1,1,1 
BBIO_2,Buses_Biodiesel_Urban Biodiesel Buses_Euro I,,,0.06,0,11,86,0.089720907,0.97255458,29.80762767,-30.55105726,0.009991656,0.081562592,0.54837129,0,1,1,1 
BBIO_2,Buses_Biodiesel_Urban Biodiesel Buses_Euro I,,,0.06,0.5,11,86,0.02596066,4.306116243,20.68681914,-48.80579913,0.003256668,0.352946338,-1.037351195,0,1,1,1 
BBIO_2,Buses_Biodiesel_Urban Biodiesel Buses_Euro I,,,0.06,1,11,86,0.003581508,0.808302062,17.81977109,71.48613885,0.000391417,0.064234635,0.742965827,0,1,1,1 
BBIO_3,Buses_Biodiesel_Urban Biodiesel Buses_Euro II,,,-0.06,0,11,86,0.000173022,0.254942422,12.10836931,46.38333452,0.000960822,0.074063175,0.478912549,0,1,1,1 
BBIO_3,Buses_Biodiesel_Urban Biodiesel Buses_Euro II,,,-0.06,0.5,11,86,-0.001711292,0.401394062,20.0757654,32.52915754,0.00135564,0.108185548,0.641582456,0,1,1,1 
BBIO_3,Buses_Biodiesel_Urban Biodiesel Buses_Euro II,,,-0.06,1,11,86,-0.000300484,-0.027284211,5.058994772,-41.66163645,-0.000301802,0.029956363,-0.222544788,0,1,1,1 
BBIO_3,Buses_Biodiesel_Urban Biodiesel Buses_Euro II,,,-0.04,0,11,86,-0.003526535,0.152503172,23.60736909,-15.95309142,0.003252708,0.182456701,0.172588706,0,1,1,1 
BBIO_3,Buses_Biodiesel_Urban Biodiesel Buses_Euro II,,,-0.04,0.5,11,86,0.000486324,-0.162132973,11.43305541,17.29671319,-0.000327648,0.086345519,0.382581855,0,1,1,1 
BBIO_3,Buses_Biodiesel_Urban Biodiesel Buses_Euro II,,,-0.04,1,11,86,-0.005029706,0.2963354,20.61633516,22.54098709,0.003426179,0.179464161,0.57377064,0,1,1,1 
BBIO_3,Buses_Biodiesel_Urban Biodiesel Buses_Euro II,,,-0.02,0,11,86,0.008570364,0.583035061,7.837090832,29.8855809,0.000730105,0.042847474,0.17836259,0,1,1,1 
BBIO_3,Buses_Biodiesel_Urban Biodiesel Buses_Euro II,,,-0.02,0.5,11,80,0.003474509,0.970416897,17.68736394,37.99691539,0.000196588,0.072429616,0.351770451,0,1,1,1 
BBIO_3,Buses_Biodiesel_Urban Biodiesel Buses_Euro II,,,-0.02,1,11,69,0.000286943,0.757666748,14.11867933,31.27600772,4.25E-06,0.048352954,0.301607961,0,1,1,1 
BBIO_3,Buses_Biodiesel_Urban Biodiesel Buses_Euro II,,,0,0,11,86,0.005402996,1.371516304,27.39263161,-21.66762219,0.001688802,0.22403581,-0.232162653,0,1,1,1 
BBIO_3,Buses_Biodiesel_Urban Biodiesel Buses_Euro II,,,0,0.5,11,86,0.011453982,1.473728208,34.86724501,50.02895446,0.002967267,0.18955023,0.758132583,0,1,1,1 
BBIO_3,Buses_Biodiesel_Urban Biodiesel Buses_Euro II,,,0,1,11,86,-0.000142574,-0.019371175,3.263284177,37.371943,-5.45E-05,0.002730991,0.316511689,0,1,1,1 
BBIO_3,Buses_Biodiesel_Urban Biodiesel Buses_Euro II,,,0.02,0,11,75,0.002751675,0.618605236,10.84734427,20.94478959,0.000142006,0.045165944,0.192205136,0,1,1,1 
BBIO_3,Buses_Biodiesel_Urban Biodiesel Buses_Euro II,,,0.02,0.5,11,54,0.029474753,-0.8431063,3.648447863,86.83779882,0.001609074,-0.057502421,0.619495247,0,1,1,1 
BBIO_3,Buses_Biodiesel_Urban Biodiesel Buses_Euro II,,,0.02,1,10,52,0.057351624,-1.478594217,5.895695062,95.08617073,0.002532219,-0.079639681,0.715834518,0,1,1,1 
BBIO_3,Buses_Biodiesel_Urban Biodiesel Buses_Euro II,,,0.04,0,11,86,0.000463774,-0.146479183,13.89406161,70.41580888,1.64E-05,0.072951126,0.918407175,0,1,1,1 
BBIO_3,Buses_Biodiesel_Urban Biodiesel Buses_Euro II,,,0.04,0.5,11,86,-0.008693161,0.54868315,44.33825356,85.05730016,0.003822542,0.294817431,1.665851703,0,1,1,1 
BBIO_3,Buses_Biodiesel_Urban Biodiesel Buses_Euro II,,,0.04,1,11,86,-0.006953963,0.380178506,34.1465063,63.34205386,0.002390054,0.215614867,1.472262896,0,1,1,1 
BBIO_3,Buses_Biodiesel_Urban Biodiesel Buses_Euro II,,,0.06,0,11,86,-0.00210775,0.275347113,6.098274507,34.45606308,-0.000254276,0.036919372,0.209397064,0,1,1,1 
BBIO_3,Buses_Biodiesel_Urban Biodiesel Buses_Euro II,,,0.06,0.5,11,86,0.002680662,0.386250965,1.338813131,-49.01982773,0.00029731,0.034422849,-0.350193527,0,1,1,1 
BBIO_3,Buses_Biodiesel_Urban Biodiesel Buses_Euro II,,,0.06,1,11,86,0.067951121,1.703152646,-5.974198964,-57.91337386,0.006560185,0.034444208,-0.528775999,0,1,1,1 
BBIO_4,Buses_Biodiesel_Urban Biodiesel Buses_Euro III,,,-0.06,0,11,86,0.000143154,0.75023294,28.79542081,-20.67388592,0.004454976,0.192358147,-0.256710206,0,1,1,1 
BBIO_4,Buses_Biodiesel_Urban Biodiesel Buses_Euro III,,,-0.06,0.5,11,86,0.000212724,-0.100654835,7.178343037,64.35420109,-0.000432769,0.03792224,0.448478204,0,1,1,1 
BBIO_4,Buses_Biodiesel_Urban Biodiesel Buses_Euro III,,,-0.06,1,11,86,-0.002613352,0.34911077,21.24694173,33.5741443,0.0017439,0.111456762,0.451909222,0,1,1,1 
BBIO_4,Buses_Biodiesel_Urban Biodiesel Buses_Euro III,,,-0.04,0,11,86,-0.003400591,0.194497462,13.5279693,-32.96892364,0.00312786,0.094215955,-0.189232084,0,1,1,1 
BBIO_4,Buses_Biodiesel_Urban Biodiesel Buses_Euro III,,,-0.04,0.5,11,86,-0.002878092,0.079612212,18.27826162,-27.22798715,0.00252968,0.134280632,-0.070492492,0,1,1,1 
BBIO_4,Buses_Biodiesel_Urban Biodiesel Buses_Euro III,,,-0.04,1,11,86,-0.002387827,-0.154496624,34.96424561,-13.00783478,0.001859799,0.272427583,0.186111309,0,1,1,1 
BBIO_4,Buses_Biodiesel_Urban Biodiesel Buses_Euro III,,,-0.02,0,11,86,0.001848075,0.411130585,3.450452667,38.88623079,0.000304172,0.03863873,0.008313944,0,1,1,1 
BBIO_4,Buses_Biodiesel_Urban Biodiesel Buses_Euro III,,,-0.02,0.5,11,81,-0.000599431,0.254211501,2.582043334,33.97695734,-5.14E-05,0.023274265,0.050656582,0,1,1,1 
BBIO_4,Buses_Biodiesel_Urban Biodiesel Buses_Euro III,,,-0.02,1,11,70,0.002923099,0.548116863,3.554587548,35.18220667,0.000309587,0.034883422,0.003746497,0,1,1,1 
BBIO_4,Buses_Biodiesel_Urban Biodiesel Buses_Euro III,,,0,0,11,86,0.003277413,1.453659367,29.06068884,70.17741692,0.003307696,0.246859024,-0.208562797,0,1,1,1 
BBIO_4,Buses_Biodiesel_Urban Biodiesel Buses_Euro III,,,0,0.5,11,86,0.004423263,1.988402037,32.6076825,13.6071052,0.004259894,0.271416993,-0.501411977,0,1,1,1 
BBIO_4,Buses_Biodiesel_Urban Biodiesel Buses_Euro III,,,0,1,11,86,0.004685147,2.00900496,31.94941468,-109.6114075,0.003977014,0.247712622,-0.929853814,0,1,1,1 
BBIO_4,Buses_Biodiesel_Urban Biodiesel Buses_Euro III,,,0.02,0,11,79,0.008027876,0.608900617,8.83957088,88.60841606,0.000602565,0.055467761,0.182305733,0,1,1,1 
BBIO_4,Buses_Biodiesel_Urban Biodiesel Buses_Euro III,,,0.02,0.5,11,62,0.017231786,0.660070012,7.318672169,57.09750522,0.001124315,0.041816663,0.075374964,0,1,1,1 
BBIO_4,Buses_Biodiesel_Urban Biodiesel Buses_Euro III,,,0.02,1,11,54,0.043472577,6.189152893,38.53255311,-10.70118085,0.003786079,0.308621645,-0.731218432,0,1,1,1 
BBIO_4,Buses_Biodiesel_Urban Biodiesel Buses_Euro III,,,0.04,0,11,86,-0.00727166,0.595946891,39.583625,-52.47166753,0.006537918,0.257129792,-0.224246908,0,1,1,1 
BBIO_4,Buses_Biodiesel_Urban Biodiesel Buses_Euro III,,,0.04,0.5,11,86,0.000336295,-0.104763047,9.652930343,55.66758325,0.000221314,0.052407326,0.574020715,0,1,1,1 
BBIO_4,Buses_Biodiesel_Urban Biodiesel Buses_Euro III,,,0.04,1,11,86,-0.010304538,0.56137947,49.71267878,79.57491729,0.005250233,0.325703629,1.221756554,0,1,1,1 
BBIO_4,Buses_Biodiesel_Urban Biodiesel Buses_Euro III,,,0.06,0,11,86,0.003201648,0.810350532,7.029645538,56.72797918,0.001073256,0.088253637,-0.095658041,0,1,1,1 
BBIO_4,Buses_Biodiesel_Urban Biodiesel Buses_Euro III,,,0.06,0.5,11,86,0.003839767,0.904724497,6.871503819,52.62779394,0.00096743,0.083925256,-0.092036823,0,1,1,1 
BBIO_4,Buses_Biodiesel_Urban Biodiesel Buses_Euro III,,,0.06,1,11,86,0.005933697,1.322677818,7.679964829,55.6812131,0.0012626,0.102561783,-0.16512211,0,1,1,1 
BBIO_5,Buses_Biodiesel_Urban Biodiesel Buses_Euro IV,,,-0.06,0,11,86,-0.000141477,0.322290256,14.91383721,46.82399793,0.002227502,0.18062753,1.147799736,0,1,1,1 
BBIO_5,Buses_Biodiesel_Urban Biodiesel Buses_Euro IV,,,-0.06,0.5,11,86,-0.003062401,0.652892195,32.56033015,44.12668188,0.004242707,0.340292049,2.091434966,0,1,1,1 
BBIO_5,Buses_Biodiesel_Urban Biodiesel Buses_Euro IV,,,-0.06,1,11,85,-0.000419844,-0.022327241,5.44047348,-43.45996039,-0.000635884,0.062941694,-0.440098068,0,1,1,1 
BBIO_5,Buses_Biodiesel_Urban Biodiesel Buses_Euro IV,,,-0.04,0,11,83,-0.010504624,0.419726297,38.20982761,16.37457909,0.013075146,0.703008233,2.704048297,0,1,1,1 
BBIO_5,Buses_Biodiesel_Urban Biodiesel Buses_Euro IV,,,-0.04,0.5,11,82,0.001542475,-0.329709934,16.24879353,40.18310748,-0.001654713,0.212079043,2.757085461,0,1,1,1 
BBIO_5,Buses_Biodiesel_Urban Biodiesel Buses_Euro IV,,,-0.04,1,11,82,-0.020348944,1.806249751,-10.4071617,-54.87431284,0.020640743,0.139630377,-3.421824931,0,1,1,1 
BBIO_5,Buses_Biodiesel_Urban Biodiesel Buses_Euro IV,,,-0.02,0,11,86,0.012770592,2.323366109,9.132291351,-73.23718183,0.002966773,0.278705259,-1.252848112,0,1,1,1 
BBIO_5,Buses_Biodiesel_Urban Biodiesel Buses_Euro IV,,,-0.02,0.5,11,83,0.010237764,1.790617683,3.620517566,-75.31367689,0.001969761,0.169597872,-1.01155517,0,1,1,1 
BBIO_5,Buses_Biodiesel_Urban Biodiesel Buses_Euro IV,,,-0.02,1,11,68,0.015883627,1.488355798,25.02012454,-0.123338663,0.001501542,0.168526082,0.208668514,0,1,1,1 
BBIO_5,Buses_Biodiesel_Urban Biodiesel Buses_Euro IV,,,0,0,11,86,0.007762331,2.315359729,11.9693245,-69.9433167,0.007993371,0.427062708,-2.021443132,0,1,1,1 
BBIO_5,Buses_Biodiesel_Urban Biodiesel Buses_Euro IV,,,0,0.5,11,86,0.000372726,0.260176922,13.02473504,65.47471817,0.00051522,0.082820505,1.334289775,0,1,1,1 
BBIO_5,Buses_Biodiesel_Urban Biodiesel Buses_Euro IV,,,0,1,11,86,-0.000814339,0.706057941,22.89087537,36.99160299,0.001195857,0.154206927,1.496581837,0,1,1,1 
BBIO_5,Buses_Biodiesel_Urban Biodiesel Buses_Euro IV,,,0.02,0,11,81,0.023784624,4.140755756,8.515279955,35.84458216,0.004340361,0.367084695,-0.906120145,0,1,1,1 
BBIO_5,Buses_Biodiesel_Urban Biodiesel Buses_Euro IV,,,0.02,0.5,11,65,0.007411105,1.176923296,0.456504027,-58.96715902,0.001234376,0.082960108,-0.619522605,0,1,1,1 
BBIO_5,Buses_Biodiesel_Urban Biodiesel Buses_Euro IV,,,0.02,1,11,55,0.01762603,-0.044078256,-3.096553306,29.20364356,0.00166546,-0.03067529,0.187799622,0,1,1,1 
BBIO_5,Buses_Biodiesel_Urban Biodiesel Buses_Euro IV,,,0.04,0,11,86,-0.014233377,0.900106294,71.58247498,102.0310722,0.014262834,1.031251336,5.364830852,0,1,1,1 
BBIO_5,Buses_Biodiesel_Urban Biodiesel Buses_Euro IV,,,0.04,0.5,11,86,-0.009777777,0.479461489,43.22550307,62.68457287,0.006165692,0.571941791,4.212544275,0,1,1,1 
BBIO_5,Buses_Biodiesel_Urban Biodiesel Buses_Euro IV,,,0.04,1,11,86,-0.010021458,0.419768709,42.52876939,77.04547825,0.004281,0.523215568,4.838431417,0,1,1,1 
BBIO_5,Buses_Biodiesel_Urban Biodiesel Buses_Euro IV,,,0.06,0,11,86,0.075368382,15.9393139,48.76695185,-4.54075874,0.031071107,2.237280512,-7.39994288,0,1,1,1 
BBIO_5,Buses_Biodiesel_Urban Biodiesel Buses_Euro IV,,,0.06,0.5,11,86,0.032507214,5.448769999,-17.1644786,-84.22471518,0.011322001,0.490024311,-3.696464958,0,1,1,1 
BBIO_5,Buses_Biodiesel_Urban Biodiesel Buses_Euro IV,,,0.06,1,11,86,0.000712321,0.334807447,12.83239859,44.94505722,0.000286308,0.05085666,0.876939199,0,1,1,1 
BBIO_6,Buses_Biodiesel_Urban Biodiesel Buses_Euro V,SCR,,-0.06,0,5,85,0.027484072,8.689850635,-13.86493791,21.2906773,0.058801392,0.049822,0.028922593,0,1,1,1 
BBIO_6,Buses_Biodiesel_Urban Biodiesel Buses_Euro V,SCR,,-0.06,0.5,5,85,-0.010413199,9.17879941,-14.67755798,22.37374696,0.053597181,0.082252864,5.17E-14,0,1,1,1 
BBIO_6,Buses_Biodiesel_Urban Biodiesel Buses_Euro V,SCR,,-0.06,1,5,85,0.000550058,-0.241043479,16.61514644,27.4507697,-0.000908218,0.075994104,0.653370151,0,1,1,1 
BBIO_6,Buses_Biodiesel_Urban Biodiesel Buses_Euro V,SCR,,-0.04,0,5,80,-0.029614685,2.702387261,-18.12877826,47.93506864,0.028956712,-0.215781987,0.636229826,0,1,1,1 
BBIO_6,Buses_Biodiesel_Urban Biodiesel Buses_Euro V,SCR,,-0.04,0.5,5,80,-0.036380104,3.291758359,-22.45584254,61.32552799,0.035692633,-0.275731906,0.845617543,0,1,1,1 
BBIO_6,Buses_Biodiesel_Urban Biodiesel Buses_Euro V,SCR,,-0.04,1,5,80,-0.047670777,4.319684629,-29.42253453,78.84702907,0.046636489,-0.363050738,1.099512052,0,1,1,1 
BBIO_6,Buses_Biodiesel_Urban Biodiesel Buses_Euro V,SCR,,-0.02,0,5,85,0.007477328,-0.389398848,17.1506318,25.27681136,0.001653648,0.06251312,0.351498338,0,1,1,1 
BBIO_6,Buses_Biodiesel_Urban Biodiesel Buses_Euro V,SCR,,-0.02,0.5,5,80,0.037464517,-0.289339734,20.69119285,21.83069776,0.013398024,0.04052218,0.344693872,0,1,1,1 
BBIO_6,Buses_Biodiesel_Urban Biodiesel Buses_Euro V,SCR,,-0.02,1,5,70,0.035253029,0.147814994,1.569265912,55.56228505,0.012465749,-0.036178644,0.443856432,0,1,1,1 
BBIO_6,Buses_Biodiesel_Urban Biodiesel Buses_Euro V,SCR,,0,0,5,85,0.000633974,-0.12028883,6.453900924,24.96599938,-0.000165801,0.015084626,0.396141388,0,1,1,1 
BBIO_6,Buses_Biodiesel_Urban Biodiesel Buses_Euro V,SCR,,0,0.5,5,85,0.001209165,-0.192259163,9.071481783,26.9436534,-0.000213468,0.022561381,0.448098595,0,1,1,1 
BBIO_6,Buses_Biodiesel_Urban Biodiesel Buses_Euro V,SCR,,0,1,5,85,0.001720572,-0.269705046,12.57868281,21.63995806,-0.000395706,0.041854755,0.418425061,0,1,1,1 
BBIO_6,Buses_Biodiesel_Urban Biodiesel Buses_Euro V,SCR,,0.02,0,5,75,0.031514662,-0.317616878,15.65256264,31.50575416,0.010244849,0.023122172,0.376521166,0,1,1,1 
BBIO_6,Buses_Biodiesel_Urban Biodiesel Buses_Euro V,SCR,,0.02,0.5,5,60,0.025386561,-0.026277584,2.149917246,40.77877732,0.006877784,0.000855272,0.278697407,0,1,1,1 
BBIO_6,Buses_Biodiesel_Urban Biodiesel Buses_Euro V,SCR,,0.02,1,5,55,0.04913798,0.272442585,0.225794245,41.90288312,0.012576133,0.017298182,0.197939728,0,1,1,1 
BBIO_6,Buses_Biodiesel_Urban Biodiesel Buses_Euro V,SCR,,0.04,0,5,85,-0.079344264,8.907009539,-10.99514405,17.01413552,0.068295572,0.066319635,1.23E-12,0,1,1,1 
BBIO_6,Buses_Biodiesel_Urban Biodiesel Buses_Euro V,SCR,,0.04,0.5,5,85,-0.06907082,7.270397454,-15.50483531,23.03749144,0.052761184,0.003076677,0.058334142,0,1,1,1 
BBIO_6,Buses_Biodiesel_Urban Biodiesel Buses_Euro V,SCR,,0.04,1,5,85,-0.086443994,8.157645649,-8.187141979,-56.04694321,0.049719069,0.221210756,-1.237903051,0,1,1,1 
BBIO_6,Buses_Biodiesel_Urban Biodiesel Buses_Euro V,SCR,,0.06,0,5,85,0.002340929,-0.267029451,9.615372532,40.47251342,4.76E-05,0.017250448,0.522911466,0,1,1,1 
BBIO_6,Buses_Biodiesel_Urban Biodiesel Buses_Euro V,SCR,,0.06,0.5,5,85,0.004426477,-0.344752725,14.74479319,26.22744923,0.00060567,0.052098823,0.380456549,0,1,1,1 
BBIO_6,Buses_Biodiesel_Urban Biodiesel Buses_Euro V,SCR,,0.06,1,5,85,0.019982349,-0.239645017,28.44463522,16.41245268,0.00958228,0.091773401,0.399917137,0,1,1,1 
BBIO_6,Buses_Biodiesel_Urban Biodiesel Buses_Euro V,EGR,,-0.06,0,5,85,0.020497695,11.13614668,-38.09298611,0.349983452,0.134156482,-0.257749815,-0.679583536,0,1,1,1 
BBIO_6,Buses_Biodiesel_Urban Biodiesel Buses_Euro V,EGR,,-0.06,0.5,5,85,-0.027635032,12.9857085,-41.38384772,-9.394958333,0.135616347,-0.152277796,-1.085210743,0,1,1,1 
BBIO_6,Buses_Biodiesel_Urban Biodiesel Buses_Euro V,EGR,,-0.06,1,5,85,-0.016698683,4.454872946,-13.19308603,18.71475356,0.044720843,-0.082336932,0.188042392,0,1,1,1 
BBIO_6,Buses_Biodiesel_Urban Biodiesel Buses_Euro V,EGR,,-0.04,0,5,85,-0.042422556,4.548089758,-29.09849516,63.49747323,0.077544577,-0.540810551,1.300880056,0,1,1,1 
BBIO_6,Buses_Biodiesel_Urban Biodiesel Buses_Euro V,EGR,,-0.04,0.5,5,85,-0.049140158,5.186592157,-33.04768498,70.6020254,0.089411592,-0.626670321,1.484733215,0,1,1,1 
BBIO_6,Buses_Biodiesel_Urban Biodiesel Buses_Euro V,EGR,,-0.04,1,5,85,-0.022839016,2.40839242,-15.42117661,32.05835329,0.041458222,-0.293492564,0.677775253,0,1,1,1 
BBIO_6,Buses_Biodiesel_Urban Biodiesel Buses_Euro V,EGR,,-0.02,0,5,85,0.202960413,4.216203794,-26.13862546,36.44678253,0.055607835,-0.292669256,0.391044722,0,1,1,1 
BBIO_6,Buses_Biodiesel_Urban Biodiesel Buses_Euro V,EGR,,-0.02,0.5,5,80,0.410587,8.916201271,-52.07824112,-13.58798634,0.095207741,-0.427418456,-0.241142067,0,1,1,1 
BBIO_6,Buses_Biodiesel_Urban Biodiesel Buses_Euro V,EGR,,-0.02,1,5,70,0.403284366,9.5710411,-35.56723299,13.71817297,0.083689135,-0.248810434,0.020765673,0,1,1,1 
BBIO_6,Buses_Biodiesel_Urban Biodiesel Buses_Euro V,EGR,,0,0,5,85,0.089039262,5.450789621,-18.69625357,31.07112142,0.069419309,-0.21918255,0.428447781,0,1,1,1 
BBIO_6,Buses_Biodiesel_Urban Biodiesel Buses_Euro V,EGR,,0,0.5,5,85,0.162877471,11.08577387,-34.29081266,40.09517267,0.122602506,-0.298434631,0.378920473,0,1,1,1 
BBIO_6,Buses_Biodiesel_Urban Biodiesel Buses_Euro V,EGR,,0,1,5,85,0.154514127,12.46891893,-34.94960478,30.55981645,0.118543175,-0.199888563,0.105490308,0,1,1,1 
BBIO_6,Buses_Biodiesel_Urban Biodiesel Buses_Euro V,EGR,,0.02,0,5,80,0.252116261,4.550779836,-26.17085993,33.40942691,0.053783714,-0.259896412,0.316387715,0,1,1,1 
BBIO_6,Buses_Biodiesel_Urban Biodiesel Buses_Euro V,EGR,,0.02,0.5,5,60,0.308004817,6.229674576,-45.76518574,45.45504476,0.059481706,-0.340379718,0.281648365,0,1,1,1 
BBIO_6,Buses_Biodiesel_Urban Biodiesel Buses_Euro V,EGR,,0.02,1,5,55,0.351092325,10.43285374,-37.69286363,16.26535513,0.069292634,-0.194393735,2.56E-11,0,1,1,1 
BBIO_6,Buses_Biodiesel_Urban Biodiesel Buses_Euro V,EGR,,0.04,0,5,85,-0.02471468,3.385871022,-13.633242,26.52621943,0.047721959,-0.187132011,0.454152246,0,1,1,1 
BBIO_6,Buses_Biodiesel_Urban Biodiesel Buses_Euro V,EGR,,0.04,0.5,5,85,-0.035931088,4.616791587,-21.46315471,41.37922453,0.06377718,-0.30113615,0.706468227,0,1,1,1 
BBIO_6,Buses_Biodiesel_Urban Biodiesel Buses_Euro V,EGR,,0.04,1,5,85,-0.039735984,4.896175173,-22.62682139,44.31602663,0.065427663,-0.313193441,0.778979682,0,1,1,1 
BBIO_6,Buses_Biodiesel_Urban Biodiesel Buses_Euro V,EGR,,0.06,0,5,85,0.193321587,6.485428762,-28.89616746,25.72805512,0.080986426,-0.314930085,0.244487318,0,1,1,1 
BBIO_6,Buses_Biodiesel_Urban Biodiesel Buses_Euro V,EGR,,0.06,0.5,5,85,0.203943878,6.312877119,-25.11301343,15.76326575,0.070562838,-0.23457379,0.095331087,0,1,1,1 
BBIO_6,Buses_Biodiesel_Urban Biodiesel Buses_Euro V,EGR,,0.06,1,5,85,0.130872341,4.005644562,-24.54438602,12.30335602,0.040853033,-0.194176201,-7.71E-14,0,1,1,1 
BBIO_7,Buses_Biodiesel_Urban Biodiesel Buses_Euro VI,,,-0.06,0,5,85,-0.00445184,3.486114062,-37.3970405,99.92609933,0.105483927,-1.134386273,3.021734977,0,1,1,1 
BBIO_7,Buses_Biodiesel_Urban Biodiesel Buses_Euro VI,,,-0.06,0.5,5,85,0.017420889,1.353924288,-18.21001135,84.81450935,0.079885148,-0.814279484,2.979681326,0,1,1,1 
BBIO_7,Buses_Biodiesel_Urban Biodiesel Buses_Euro VI,,,-0.06,1,5,85,0.002899551,1.426787496,-21.01489062,90.39657058,0.070077871,-0.823086436,3.023513708,0,1,1,1 
BBIO_7,Buses_Biodiesel_Urban Biodiesel Buses_Euro VI,,,-0.04,0,5,80,-0.043578011,3.405461676,12.36884421,18.4968939,0.042288584,0.875067466,7.64E-14,0,1,1,1 
BBIO_7,Buses_Biodiesel_Urban Biodiesel Buses_Euro VI,,,-0.04,0.5,5,75,-0.032322519,2.318131526,20.51557195,8.141718885,0.029195376,1.028011667,3.11E-13,0,1,1,1 
BBIO_7,Buses_Biodiesel_Urban Biodiesel Buses_Euro VI,,,-0.04,1,5,75,-0.00560326,0.311391031,10.6221106,-38.49944034,0.00213933,0.451564944,-1.527450739,0,1,1,1 
BBIO_7,Buses_Biodiesel_Urban Biodiesel Buses_Euro VI,,,-0.02,0,5,85,-0.004030728,2.060149366,-29.45110024,143.6892105,0.12996369,-0.945719364,2.986065541,0,1,1,1 
BBIO_7,Buses_Biodiesel_Urban Biodiesel Buses_Euro VI,,,-0.02,0.5,5,85,0.003689688,0.627734221,-8.529065406,36.72950578,0.052713398,-0.337784943,0.84052931,0,1,1,1 
BBIO_7,Buses_Biodiesel_Urban Biodiesel Buses_Euro VI,,,-0.02,1,5,70,0.061386685,-1.481861303,18.55255408,-50.84645986,0.098813713,-0.340657636,-1.78E-11,0,1,1,1 
BBIO_7,Buses_Biodiesel_Urban Biodiesel Buses_Euro VI,,,0,0,5,85,-0.009425405,1.270529331,-16.96089563,86.53879529,0.054631989,-0.550156086,2.285339817,0,1,1,1 
BBIO_7,Buses_Biodiesel_Urban Biodiesel Buses_Euro VI,,,0,0.5,5,85,-0.007054018,1.039833305,-14.94521637,72.25058615,0.050203937,-0.496393007,1.888056087,0,1,1,1 
BBIO_7,Buses_Biodiesel_Urban Biodiesel Buses_Euro VI,,,0,1,5,85,-0.003851061,0.892265868,-13.23753711,63.18371456,0.053052295,-0.479180903,1.670961524,0,1,1,1 
BBIO_7,Buses_Biodiesel_Urban Biodiesel Buses_Euro VI,,,0.02,0,5,80,0.00729291,0.700437606,-10.56568564,49.42054913,0.062690509,-0.402947078,1.071510475,0,1,1,1 
BBIO_7,Buses_Biodiesel_Urban Biodiesel Buses_Euro VI,,,0.02,0.5,5,65,0.06893998,-1.692899579,19.43504008,-51.81141235,0.096602871,-0.33411002,-4.46E-13,0,1,1,1 
BBIO_7,Buses_Biodiesel_Urban Biodiesel Buses_Euro VI,,,0.02,1,5,55,-0.00147885,0.844568589,-9.563246785,33.40971547,0.044636631,-0.218986987,0.527248669,0,1,1,1 
BBIO_7,Buses_Biodiesel_Urban Biodiesel Buses_Euro VI,,,0.04,0,5,85,-0.001350714,0.160379498,0.003502863,41.10346908,0.001905035,0.025526683,1.214696449,0,1,1,1 
BBIO_7,Buses_Biodiesel_Urban Biodiesel Buses_Euro VI,,,0.04,0.5,5,85,0.001799571,0.064278855,-2.97059403,24.1446827,0.005087152,-0.146543104,1.055253978,0,1,1,1 
BBIO_7,Buses_Biodiesel_Urban Biodiesel Buses_Euro VI,,,0.04,1,5,85,-0.023449478,6.75235978,-40.89902989,38.09904124,0.212912839,-1.305156122,1.185822948,0,1,1,1 
BBIO_7,Buses_Biodiesel_Urban Biodiesel Buses_Euro VI,,,0.06,0,5,85,0.001070808,1.196354014,-18.24870706,106.0640087,0.091809519,-0.714842155,2.536100309,0,1,1,1 
BBIO_7,Buses_Biodiesel_Urban Biodiesel Buses_Euro VI,,,0.06,0.5,5,85,-9.97E-05,0.936998203,-12.97129122,63.97138732,0.071401412,-0.512413935,1.52230887,0,1,1,1 
BBIO_7,Buses_Biodiesel_Urban Biodiesel Buses_Euro VI,,,0.06,1,5,85,0.000293895,0.481287511,-6.553785021,29.45148162,0.037681351,-0.25328357,0.682567371,0,1,1,1 
M_1,L-Category_Petrol_Mopeds 2-stroke <50 cm³_Conventional,,Urban Peak,,,10,60,0,0,0.056,0,0,0,1,0,1,1,1 
M_1,L-Category_Petrol_Mopeds 2-stroke <50 cm³_Conventional,,Urban Off Peak,,,10,60,0,0,0.056,0,0,0,1,0,1,1,1 
M_1,L-Category_Petrol_Mopeds 2-stroke <50 cm³_Conventional,,Rural,,,10,60,0,0,0.056,0,0,0,1,0,1,1,1 
M_1,L-Category_Petrol_Mopeds 2-stroke <50 cm³_Conventional,,Highway,,,10,60,0,0,0.056,0,0,0,1,0,1,1,1 
M_2,L-Category_Petrol_Mopeds 2-stroke <50 cm³_Euro 1,,Urban Peak,,,10,60,0,0,0.18,0,0,0,1,0,1,1,1 
M_2,L-Category_Petrol_Mopeds 2-stroke <50 cm³_Euro 1,,Urban Off Peak,,,10,60,0,0,0.18,0,0,0,1,0,1,1,1 
M_2,L-Category_Petrol_Mopeds 2-stroke <50 cm³_Euro 1,,Rural,,,10,60,0,0,0.18,0,0,0,1,0,1,1,1 
M_2,L-Category_Petrol_Mopeds 2-stroke <50 cm³_Euro 1,,Highway,,,10,60,0,0,0.18,0,0,0,1,0,1,1,1 
M_3,L-Category_Petrol_Mopeds 2-stroke <50 cm³_Euro 2,,Urban Peak,,,10,60,0,0,0.17,0,0,0,1,0,1,1,1 
M_3,L-Category_Petrol_Mopeds 2-stroke <50 cm³_Euro 2,,Urban Off Peak,,,10,60,0,0,0.17,0,0,0,1,0,1,1,1 
M_3,L-Category_Petrol_Mopeds 2-stroke <50 cm³_Euro 2,,Rural,,,10,60,0,0,0.17,0,0,0,1,0,1,1,1 
M_3,L-Category_Petrol_Mopeds 2-stroke <50 cm³_Euro 2,,Highway,,,10,60,0,0,0.17,0,0,0,1,0,1,1,1 
M_4,L-Category_Petrol_Mopeds 2-stroke <50 cm³_Euro 3,,Urban Peak,,,10,60,0,0,0.17,0,0,0,1,0,1,1,1 
M_4,L-Category_Petrol_Mopeds 2-stroke <50 cm³_Euro 3,,Urban Off Peak,,,10,60,0,0,0.17,0,0,0,1,0,1,1,1 
M_4,L-Category_Petrol_Mopeds 2-stroke <50 cm³_Euro 3,,Rural,,,10,60,0,0,0.17,0,0,0,1,0,1,1,1 
M_4,L-Category_Petrol_Mopeds 2-stroke <50 cm³_Euro 3,,Highway,,,10,60,0,0,0.17,0,0,0,1,0,1,1,1 
M_5,L-Category_Petrol_Mopeds 2-stroke <50 cm³_Euro 4,,Urban Peak,,,10,60,0,0,0.17,0,0,0,1,0,1,1,1 
M_5,L-Category_Petrol_Mopeds 2-stroke <50 cm³_Euro 4,,Urban Off Peak,,,10,60,0,0,0.17,0,0,0,1,0,1,1,1 
M_5,L-Category_Petrol_Mopeds 2-stroke <50 cm³_Euro 4,,Rural,,,10,60,0,0,0.17,0,0,0,1,0,1,1,1 
M_5,L-Category_Petrol_Mopeds 2-stroke <50 cm³_Euro 4,,Highway,,,10,60,0,0,0.17,0,0,0,1,0,1,1,1 
M_6,L-Category_Petrol_Mopeds 2-stroke <50 cm³_Euro 5,,Urban Peak,,,10,60,0,0,0.17,0,0,0,1,0,1,1,1 
M_6,L-Category_Petrol_Mopeds 2-stroke <50 cm³_Euro 5,,Urban Off Peak,,,10,60,0,0,0.17,0,0,0,1,0,1,1,1 
M_6,L-Category_Petrol_Mopeds 2-stroke <50 cm³_Euro 5,,Rural,,,10,60,0,0,0.17,0,0,0,1,0,1,1,1 
M_6,L-Category_Petrol_Mopeds 2-stroke <50 cm³_Euro 5,,Highway,,,10,60,0,0,0.17,0,0,0,1,0,1,1,1 
M_7,L-Category_Petrol_Mopeds 4-stroke <50 cm³_Conventional,,Urban Peak,,,10,60,0,0,0.056,0,0,0,1,0,1,1,1 
M_7,L-Category_Petrol_Mopeds 4-stroke <50 cm³_Conventional,,Urban Off Peak,,,10,60,0,0,0.056,0,0,0,1,0,1,1,1 
M_7,L-Category_Petrol_Mopeds 4-stroke <50 cm³_Conventional,,Rural,,,10,60,0,0,0.056,0,0,0,1,0,1,1,1 
M_7,L-Category_Petrol_Mopeds 4-stroke <50 cm³_Conventional,,Highway,,,10,60,0,0,0.056,0,0,0,1,0,1,1,1 
M_8,L-Category_Petrol_Mopeds 4-stroke <50 cm³_Euro 1,,Urban Peak,,,10,60,0,0,0.22,0,0,0,1,0,1,1,1 
M_8,L-Category_Petrol_Mopeds 4-stroke <50 cm³_Euro 1,,Urban Off Peak,,,10,60,0,0,0.22,0,0,0,1,0,1,1,1 
M_8,L-Category_Petrol_Mopeds 4-stroke <50 cm³_Euro 1,,Rural,,,10,60,0,0,0.22,0,0,0,1,0,1,1,1 
M_8,L-Category_Petrol_Mopeds 4-stroke <50 cm³_Euro 1,,Highway,,,10,60,0,0,0.22,0,0,0,1,0,1,1,1 
M_9,L-Category_Petrol_Mopeds 4-stroke <50 cm³_Euro 2,,Urban Peak,,,10,60,0,0,0.17,0,0,0,1,0,1,1,1 
M_9,L-Category_Petrol_Mopeds 4-stroke <50 cm³_Euro 2,,Urban Off Peak,,,10,60,0,0,0.17,0,0,0,1,0,1,1,1 
M_9,L-Category_Petrol_Mopeds 4-stroke <50 cm³_Euro 2,,Rural,,,10,60,0,0,0.17,0,0,0,1,0,1,1,1 
M_9,L-Category_Petrol_Mopeds 4-stroke <50 cm³_Euro 2,,Highway,,,10,60,0,0,0.17,0,0,0,1,0,1,1,1 
M_10,L-Category_Petrol_Mopeds 4-stroke <50 cm³_Euro 3,,Urban Peak,,,10,60,0,0,0.17,0,0,0,1,0,1,1,1 
M_10,L-Category_Petrol_Mopeds 4-stroke <50 cm³_Euro 3,,Urban Off Peak,,,10,60,0,0,0.17,0,0,0,1,0,1,1,1 
M_10,L-Category_Petrol_Mopeds 4-stroke <50 cm³_Euro 3,,Rural,,,10,60,0,0,0.17,0,0,0,1,0,1,1,1 
M_10,L-Category_Petrol_Mopeds 4-stroke <50 cm³_Euro 3,,Highway,,,10,60,0,0,0.17,0,0,0,1,0,1,1,1 
M_11,L-Category_Petrol_Mopeds 4-stroke <50 cm³_Euro 4,,Urban Peak,,,10,60,0,0,0.17,0,0,0,1,0,1,1,1 
M_11,L-Category_Petrol_Mopeds 4-stroke <50 cm³_Euro 4,,Urban Off Peak,,,10,60,0,0,0.17,0,0,0,1,0,1,1,1 
M_11,L-Category_Petrol_Mopeds 4-stroke <50 cm³_Euro 4,,Rural,,,10,60,0,0,0.17,0,0,0,1,0,1,1,1 
M_11,L-Category_Petrol_Mopeds 4-stroke <50 cm³_Euro 4,,Highway,,,10,60,0,0,0.17,0,0,0,1,0,1,1,1 
M_12,L-Category_Petrol_Mopeds 4-stroke <50 cm³_Euro 5,,Urban Peak,,,10,60,0,0,0.17,0,0,0,1,0,1,1,1 
M_12,L-Category_Petrol_Mopeds 4-stroke <50 cm³_Euro 5,,Urban Off Peak,,,10,60,0,0,0.17,0,0,0,1,0,1,1,1 
M_12,L-Category_Petrol_Mopeds 4-stroke <50 cm³_Euro 5,,Rural,,,10,60,0,0,0.17,0,0,0,1,0,1,1,1 
M_12,L-Category_Petrol_Mopeds 4-stroke <50 cm³_Euro 5,,Highway,,,10,60,0,0,0.17,0,0,0,1,0,1,1,1 
M_13,L-Category_Petrol_Motorcycles 2-stroke >50 cm³_Conventional,,,,,10,100,-0.000132968,0.02343413,-0.365682716,3.577552036,-0.004457757,0.608205055,-0.620763273,0,1,1,1 
M_14,L-Category_Petrol_Motorcycles 2-stroke >50 cm³_Euro 1,,,,,10,100,9.90E-06,-0.002053702,0.145968299,0.449799836,0.000382129,-0.078837329,4.792441549,0,1,1,1 
M_15,L-Category_Petrol_Motorcycles 2-stroke >50 cm³_Euro 2,,,,,10,100,-0.000137341,0.030404091,-0.295370548,6.601794209,-0.002525196,0.377275545,7.317050566,0,1,1,1 
M_16,L-Category_Petrol_Motorcycles 2-stroke >50 cm³_Euro 3,,,,,10,100,0.002128628,-0.066626532,1.086289553,-5.030625398,0.04168034,0.257720321,-1.616244087,0,1,1,1 
M_17,L-Category_Petrol_Motorcycles 2-stroke >50 cm³_Euro 4,,,,,10,100,0.002128628,-0.066626532,1.086289553,-5.030625398,0.04168034,0.257720321,-1.616244087,0,1,1,1 
M_18,L-Category_Petrol_Motorcycles 2-stroke >50 cm³_Euro 5,,,,,10,100,0.002128628,-0.066626532,1.086289553,-5.030625398,0.04168034,0.257720321,-1.616244087,0,1,1,1 
M_19,L-Category_Petrol_Motorcycles 4-stroke <250 cm³_Conventional,,,,,10,100,0.000308124,0.339232322,1.015025601,55.82830195,-0.002958326,0.628774411,33.98414465,0,1,1,1 
M_20,L-Category_Petrol_Motorcycles 4-stroke <250 cm³_Euro 1,,,,,10,100,-7.78E-05,0.091663713,-0.358840894,16.26736474,-0.00085812,0.158223628,6.245490671,0,1,1,1 
M_21,L-Category_Petrol_Motorcycles 4-stroke <250 cm³_Euro 2,,,,,10,100,-0.000263808,0.003306408,4.153661919,60.48621994,0.002534168,-0.642356841,42.92241509,0,1,1,1 
M_22,L-Category_Petrol_Motorcycles 4-stroke <250 cm³_Euro 3,,,,,10,100,0.000209255,-0.050079198,5.609387061,32.3941712,0.002176848,-0.549240446,39.07109592,0,1,1,1 
M_23,L-Category_Petrol_Motorcycles 4-stroke <250 cm³_Euro 4,,,,,10,100,0.000209255,-0.050079198,5.609387061,32.3941712,0.002176848,-0.549240446,39.07109592,0,1,1,1 
M_24,L-Category_Petrol_Motorcycles 4-stroke <250 cm³_Euro 5,,,,,10,100,0.000209255,-0.050079198,5.609387061,32.3941712,0.002176848,-0.549240446,39.07109592,0,1,1,1 
M_25,L-Category_Petrol_Motorcycles 4-stroke 250 - 750 cm³_Conventional,,,,,10,140,-0.000223256,0.020402444,1.818055431,16.16886788,0.000449608,-0.179852198,16.44069031,0,1,1,1 
M_26,L-Category_Petrol_Motorcycles 4-stroke 250 - 750 cm³_Euro 1,,,,,10,140,0.047434772,0.655261755,31.8957832,-233.5011779,-0.059115627,16.46979297,-71.86027436,0,1,1,1 
M_27,L-Category_Petrol_Motorcycles 4-stroke 250 - 750 cm³_Euro 2,,,,,10,140,0.004856364,-0.315772516,11.53305702,-3.842065892,-0.003646857,0.866249135,56.99111091,0,1,1,1 
M_28,L-Category_Petrol_Motorcycles 4-stroke 250 - 750 cm³_Euro 3,,,,,10,140,0.000310208,-0.018717648,0.689839132,1.172334461,-0.000530418,0.114668009,8.242056703,0,1,1,1 
M_29,L-Category_Petrol_Motorcycles 4-stroke 250 - 750 cm³_Euro 4,,,,,10,140,0.000310208,-0.018717648,0.689839132,1.172334461,-0.000530418,0.114668009,8.242056703,0,1,1,1 
M_30,L-Category_Petrol_Motorcycles 4-stroke 250 - 750 cm³_Euro 5,,,,,10,140,0.000310208,-0.018717648,0.689839132,1.172334461,-0.000530418,0.114668009,8.242056703,0,1,1,1 
M_31,L-Category_Petrol_Motorcycles 4-stroke >750 cm³_Conventional,,,,,10,140,0.001368009,-0.132345953,5.893030172,-28.62437603,-0.000107955,-0.008433389,17.3941337,0,1,1,1 
M_32,L-Category_Petrol_Motorcycles 4-stroke >750 cm³_Euro 1,,,,,10,140,0.000951421,-0.062364847,2.369193025,5.978017171,0.000399091,-0.028985632,11.35215785,0,1,1,1 
M_33,L-Category_Petrol_Motorcycles 4-stroke >750 cm³_Euro 2,,,,,10,140,0.001912431,-0.149752546,4.81113273,-3.009158994,-0.000341579,0.063926779,15.45544908,0,1,1,1 
M_34,L-Category_Petrol_Motorcycles 4-stroke >750 cm³_Euro 3,,,,,10,140,0.004619698,-0.356008027,11.33036321,-4.282061853,-0.002178418,0.418801752,68.79404841,0,1,1,1 
M_35,L-Category_Petrol_Motorcycles 4-stroke >750 cm³_Euro 4,,,,,10,140,0.004619698,-0.356008027,11.33036321,-4.282061853,-0.002178418,0.418801752,68.79404841,0,1,1,1 
M_36,L-Category_Petrol_Motorcycles 4-stroke >750 cm³_Euro 5,,,,,10,140,0.004619698,-0.356008027,11.33036321,-4.282061853,-0.002178418,0.418801752,68.79404841,0,1,1,1 
BH_1,Buses_Hybrid_Urban Buses Articulated >18 t_Euro V,SCR,,-0.06,0,5,80,-0.001719482,0.157365612,-1.081377241,3.087014554,0.001547542,-0.012087188,0.038821304,0, 1 , 1 , 0.8 
BH_1,Buses_Hybrid_Urban Buses Articulated >18 t_Euro V,SCR,,-0.06,0.5,5,85,-0.001763775,0.163029726,-1.126454238,3.212695024,0.00159701,-0.012795535,0.041355939,0, 1 , 1 , 0.8 
BH_1,Buses_Hybrid_Urban Buses Articulated >18 t_Euro V,SCR,,-0.06,1,5,85,-0.002348776,0.218185342,-1.43606305,3.834935939,0.002078443,-0.015891194,0.048818047,0, 1 , 1 , 0.8 
BH_1,Buses_Hybrid_Urban Buses Articulated >18 t_Euro V,SCR,,-0.04,0,5,85,-0.009225218,0.982897312,-1.829100815,2.520536767,0.006404241,0.003797577,-1.41E-16,0, 1 , 1 , 0.8 
BH_1,Buses_Hybrid_Urban Buses Articulated >18 t_Euro V,SCR,,-0.04,0.5,5,85,-0.000887531,0.021461382,4.774480811,-1.071629321,0.000179253,0.03430742,0.06839258,0, 1 , 1 , 0.8 
BH_1,Buses_Hybrid_Urban Buses Articulated >18 t_Euro V,SCR,,-0.04,1,5,85,-0.000229712,-0.023978038,3.738740647,-0.90024944,-1.50E-05,0.022544948,0.063043378,0, 1 , 1 , 0.8 
BH_1,Buses_Hybrid_Urban Buses Articulated >18 t_Euro V,SCR,,-0.02,0,5,85,-0.000674146,2.502661742,-4.104463924,6.047001077,0.013561266,0.018519366,-1.54E-12,0, 1 , 1 , 0.8 
BH_1,Buses_Hybrid_Urban Buses Articulated >18 t_Euro V,SCR,,-0.02,0.5,5,85,0.000204369,-0.088040651,6.038394079,8.759481607,-0.000297502,0.024783985,0.2025906,0, 1 , 1 , 0.8 
BH_1,Buses_Hybrid_Urban Buses Articulated >18 t_Euro V,SCR,,-0.02,1,5,85,0.000258768,-0.106378246,7.233932615,6.018831752,-0.000352481,0.030058935,0.189733438,0, 1 , 1 , 0.8 
BH_1,Buses_Hybrid_Urban Buses Articulated >18 t_Euro V,SCR,,0,0,5,85,0.000377896,-0.060364975,2.81737054,8.420631429,-6.22E-05,0.006388783,0.127202465,0, 1 , 1 , 0.8 
BH_1,Buses_Hybrid_Urban Buses Articulated >18 t_Euro V,SCR,,0,0.5,5,85,0.000448936,-0.069823222,3.233510992,3.509006498,-0.00010843,0.011396678,0.073176609,0, 1 , 1 , 0.8 
BH_1,Buses_Hybrid_Urban Buses Articulated >18 t_Euro V,SCR,,0,1,5,85,0.001161789,-0.169605679,8.311045466,-1.626096925,-0.000331789,0.039462958,0.060684281,0, 1 , 1 , 0.8 
BH_1,Buses_Hybrid_Urban Buses Articulated >18 t_Euro V,SCR,,0.02,0,5,85,0.00067051,-0.053800637,2.299476133,3.826548677,7.59E-05,0.007545052,0.051909099,0, 1 , 1 , 0.8 
BH_1,Buses_Hybrid_Urban Buses Articulated >18 t_Euro V,SCR,,0.02,0.5,5,85,0.006401713,0.09872716,3.148428285,7.135138361,0.00365639,-0.003611103,0.097877902,0, 1 , 1 , 0.8 
BH_1,Buses_Hybrid_Urban Buses Articulated >18 t_Euro V,SCR,,0.02,1,5,80,0.006666828,0.070726502,0.539609853,4.974144332,0.002854674,-0.010498281,0.054691955,0, 1 , 1 , 0.8 
BH_1,Buses_Hybrid_Urban Buses Articulated >18 t_Euro V,SCR,,0.04,0,5,80,0.009284042,-0.069342636,5.14064955,5.613277062,0.003121561,0.008168591,0.081734856,0, 1 , 1 , 0.8 
BH_1,Buses_Hybrid_Urban Buses Articulated >18 t_Euro V,SCR,,0.04,0.5,5,65,0.009076027,-0.115470855,3.481958879,-9.749104479,0.001903725,0.008753569,-0.044448419,0, 1 , 1 , 0.8 
BH_1,Buses_Hybrid_Urban Buses Articulated >18 t_Euro V,SCR,,0.04,1,5,55,0.014995882,0.111721723,-0.873578326,11.05473983,0.003878285,-0.007554841,0.058260205,0, 1 , 1 , 0.8 
BH_1,Buses_Hybrid_Urban Buses Articulated >18 t_Euro V,SCR,,0.06,0,5,65,0.004974124,-0.005980538,0.395716625,7.718678751,0.001274779,-0.001006254,0.050156828,0, 1 , 1 , 0.8 
BH_1,Buses_Hybrid_Urban Buses Articulated >18 t_Euro V,SCR,,0.06,0.5,5,50,0.018241427,0.038933654,0.144052258,7.121712007,0.003739874,-0.000512848,0.030512845,0, 1 , 1 , 0.8 
BH_1,Buses_Hybrid_Urban Buses Articulated >18 t_Euro V,SCR,,0.06,1,5,40,0.108757332,-0.443268625,3.606101099,-7.083011202,0.016955732,-0.053254747,0.034238344,0, 1 , 1 , 0.8 
BH_1,Buses_Hybrid_Urban Buses Articulated >18 t_Euro V,EGR,,-0.06,0,5,85,-0.002115961,0.224415241,-1.395495651,3.011376936,0.003503362,-0.02390448,0.057490704,0, 1 , 1 , 0.8 
BH_1,Buses_Hybrid_Urban Buses Articulated >18 t_Euro V,EGR,,-0.06,0.5,5,85,-0.002189374,0.233102676,-1.475926546,3.086429054,0.003623317,-0.025451922,0.059537711,0, 1 , 1 , 0.8 
BH_1,Buses_Hybrid_Urban Buses Articulated >18 t_Euro V,EGR,,-0.06,1,5,85,-0.002466349,0.262182077,-1.658353018,3.438834231,0.003973752,-0.028147527,0.066147567,0, 1 , 1 , 0.8 
BH_1,Buses_Hybrid_Urban Buses Articulated >18 t_Euro V,EGR,,-0.04,0,5,85,-0.002851487,0.370844176,-1.661359762,3.09633205,0.004618779,-0.020471841,0.046494331,0, 1 , 1 , 0.8 
BH_1,Buses_Hybrid_Urban Buses Articulated >18 t_Euro V,EGR,,-0.04,0.5,5,85,-0.004212508,0.515575689,-2.255028181,4.329266439,0.006069014,-0.026810459,0.067516506,0, 1 , 1 , 0.8 
BH_1,Buses_Hybrid_Urban Buses Articulated >18 t_Euro V,EGR,,-0.04,1,5,85,-0.004881948,0.573642212,-2.418331632,4.356282539,0.006270081,-0.026022686,0.064291307,0, 1 , 1 , 0.8 
BH_1,Buses_Hybrid_Urban Buses Articulated >18 t_Euro V,EGR,,-0.02,0,5,85,-0.00212571,1.495760811,-4.599993937,-1.929554761,0.014304674,-0.013183836,-0.128251031,0, 1 , 1 , 0.8 
BH_1,Buses_Hybrid_Urban Buses Articulated >18 t_Euro V,EGR,,-0.02,0.5,5,85,-0.002249394,0.575227482,-1.716454298,2.217531693,0.004999387,-0.008261342,0.015694481,0, 1 , 1 , 0.8 
BH_1,Buses_Hybrid_Urban Buses Articulated >18 t_Euro V,EGR,,-0.02,1,5,85,-0.005311059,1.087751192,-3.360168166,3.939809458,0.008424472,-0.012620706,0.018525334,0, 1 , 1 , 0.8 
BH_1,Buses_Hybrid_Urban Buses Articulated >18 t_Euro V,EGR,,0,0,5,85,0.019648014,1.306403947,-4.078193044,4.400520547,0.013262439,-0.032392058,0.03515979,0, 1 , 1 , 0.8 
BH_1,Buses_Hybrid_Urban Buses Articulated >18 t_Euro V,EGR,,0,0.5,5,85,0.025894523,2.085151288,-5.871170129,4.284658274,0.017273814,-0.027257143,-1.74E-12,0, 1 , 1 , 0.8 
BH_1,Buses_Hybrid_Urban Buses Articulated >18 t_Euro V,EGR,,0,1,5,85,0.019019016,1.772378847,-5.10222556,4.094361993,0.012704706,-0.018188225,-1.63E-14,0, 1 , 1 , 0.8 
BH_1,Buses_Hybrid_Urban Buses Articulated >18 t_Euro V,EGR,,0.02,0,5,85,0.061546038,1.908028939,-7.756847138,5.231591526,0.019611383,-0.067141836,0.031976442,0, 1 , 1 , 0.8 
BH_1,Buses_Hybrid_Urban Buses Articulated >18 t_Euro V,EGR,,0.02,0.5,5,85,0.092068396,2.802749014,-10.09428927,4.262191706,0.02418498,-0.068022879,-2.28E-12,0, 1 , 1 , 0.8 
BH_1,Buses_Hybrid_Urban Buses Articulated >18 t_Euro V,EGR,,0.02,1,5,80,0.021516424,0.657479186,-2.374162744,1.151270899,0.004947288,-0.013519141,-4.96E-14,0, 1 , 1 , 0.8 
BH_1,Buses_Hybrid_Urban Buses Articulated >18 t_Euro V,EGR,,0.04,0,5,80,0.023587716,0.485994792,-2.514185551,2.700241669,0.004951511,-0.021764598,0.021932151,0, 1 , 1 , 0.8 
BH_1,Buses_Hybrid_Urban Buses Articulated >18 t_Euro V,EGR,,0.04,0.5,5,65,0.042266863,1.07961209,-3.945416012,1.489840455,0.007914678,-0.022703306,-2.47E-12,0, 1 , 1 , 0.8 
BH_1,Buses_Hybrid_Urban Buses Articulated >18 t_Euro V,EGR,,0.04,1,5,55,0.025843497,0.880027988,-3.055573001,1.632499361,0.004917901,-0.012534654,-1.08E-08,0, 1 , 1 , 0.8 
BH_1,Buses_Hybrid_Urban Buses Articulated >18 t_Euro V,EGR,,0.06,0,5,65,0.030313604,0.717562142,-2.617407013,0.827224984,0.005458398,-0.015910026,6.62E-14,0, 1 , 1 , 0.8 
BH_1,Buses_Hybrid_Urban Buses Articulated >18 t_Euro V,EGR,,0.06,0.5,5,50,0.025853413,1.029023861,-4.956133224,1.709860753,0.005148971,-0.017542461,-0.012117438,0, 1 , 1 , 0.8 
BH_1,Buses_Hybrid_Urban Buses Articulated >18 t_Euro V,EGR,,0.06,1,5,40,0.015008896,0.460865396,-2.341988768,3.043943387,0.002370932,-0.010638683,0.013599885,0, 1 , 1 , 0.8 
BH_2,Buses_Hybrid_Urban Buses Articulated >18 t_Euro VI,,,-0.06,0,5,75,-0.003505983,0.247245693,2.576174566,0.913438488,0.002625617,0.11398767,-6.03E-14,0,1,1,1 
BH_2,Buses_Hybrid_Urban Buses Articulated >18 t_Euro VI,,,-0.06,0.5,5,85,9.87E-06,-0.001176578,-0.003788625,2.782899181,8.13E-06,-0.001666047,0.101441161,0,1,1,1 
BH_2,Buses_Hybrid_Urban Buses Articulated >18 t_Euro VI,,,-0.06,1,5,75,-0.000211253,0.002064471,1.247863638,-6.55839789,-0.000242536,0.048477571,-0.246896067,0,1,1,1 
BH_2,Buses_Hybrid_Urban Buses Articulated >18 t_Euro VI,,,-0.04,0,5,85,-2.88E-05,0.014651707,-0.385156384,2.609691062,0.000386889,-0.010860256,0.07630242,0,1,1,1 
BH_2,Buses_Hybrid_Urban Buses Articulated >18 t_Euro VI,,,-0.04,0.5,5,85,1.06E-05,-0.011089758,0.923474268,-4.189469757,-0.000286989,0.028523938,-0.13070908,0,1,1,1 
BH_2,Buses_Hybrid_Urban Buses Articulated >18 t_Euro VI,,,-0.04,1,5,85,-0.000420005,0.085064774,-0.993318662,2.993819811,0.002783949,-0.033458602,0.100722,0,1,1,1 
BH_2,Buses_Hybrid_Urban Buses Articulated >18 t_Euro VI,,,-0.02,0,5,85,0.000331944,0.041628493,-0.579038226,2.515062452,0.001950313,-0.021499995,0.078039684,0,1,1,1 
BH_2,Buses_Hybrid_Urban Buses Articulated >18 t_Euro VI,,,-0.02,0.5,5,85,1.08E-05,0.030751666,-0.463752754,2.016848133,0.001402361,-0.016513155,0.060948902,0,1,1,1 
BH_2,Buses_Hybrid_Urban Buses Articulated >18 t_Euro VI,,,-0.02,1,5,85,0.004367794,0.080431384,-0.937240429,1.788369198,0.020967343,-0.220333411,0.567337994,0,1,1,1 
BH_2,Buses_Hybrid_Urban Buses Articulated >18 t_Euro VI,,,0,0,5,85,-0.000473301,0.074327334,-1.070426826,5.306370368,0.003395374,-0.033041233,0.126911058,0,1,1,1 
BH_2,Buses_Hybrid_Urban Buses Articulated >18 t_Euro VI,,,0,0.5,5,85,0.001061883,-0.698819255,10.47096196,-51.67468538,-0.046080332,0.385932175,-1.281258503,0,1,1,1 
BH_2,Buses_Hybrid_Urban Buses Articulated >18 t_Euro VI,,,0,1,5,85,0.001135836,0.077015775,-1.117258392,6.452539163,0.010900354,-0.070760168,0.189519589,0,1,1,1 
BH_2,Buses_Hybrid_Urban Buses Articulated >18 t_Euro VI,,,0.02,0,5,85,-5.71E-06,0.063470658,-0.887938391,4.415273064,0.004401804,-0.031850832,0.095801619,0,1,1,1 
BH_2,Buses_Hybrid_Urban Buses Articulated >18 t_Euro VI,,,0.02,0.5,5,85,8.71E-05,0.045847454,-0.590312059,2.578270184,0.003532542,-0.022174837,0.05560036,0,1,1,1 
BH_2,Buses_Hybrid_Urban Buses Articulated >18 t_Euro VI,,,0.02,1,5,80,8.83E-05,0.125333849,-1.284142794,4.300143075,0.008718535,-0.05257534,0.106076829,0,1,1,1 
BH_2,Buses_Hybrid_Urban Buses Articulated >18 t_Euro VI,,,0.04,0,5,85,0.00022913,0.038797417,-0.534810873,2.342843075,0.002993,-0.019311044,0.048894018,0,1,1,1 
BH_2,Buses_Hybrid_Urban Buses Articulated >18 t_Euro VI,,,0.04,0.5,5,70,0.000346207,0.114402216,-1.283701647,4.183031408,0.006761396,-0.041996926,0.088287986,0,1,1,1 
BH_2,Buses_Hybrid_Urban Buses Articulated >18 t_Euro VI,,,0.04,1,5,55,0.000260735,0.075492753,-0.808481053,2.734609703,0.004639458,-0.022037648,0.04533713,0,1,1,1 
BH_2,Buses_Hybrid_Urban Buses Articulated >18 t_Euro VI,,,0.06,0,5,65,0.000824422,0.085833142,-1.089462994,4.027280752,0.005921553,-0.036278088,0.081497904,0,1,1,1 
BH_2,Buses_Hybrid_Urban Buses Articulated >18 t_Euro VI,,,0.06,0.5,5,50,0.001314721,0.079945539,-0.990216856,4.146178698,0.006141452,-0.019427788,0.047616054,0,1,1,1 
BH_2,Buses_Hybrid_Urban Buses Articulated >18 t_Euro VI,,,0.06,1,5,40,0.065497279,-0.59949985,5.43722856,-5.962550459,0.065627076,-0.116484648,-2.16E-14,0,1,1,1 
