Code,Copert_V_name,Technology,Mode,Road.Slope,Load,Min.Speed,Max.Speed,Alpha,Beta,Gamma,Delta,Epsilon,Zita,Hta,RF,Q,PF,T
PCG_44,Passenger Cars_Petrol_Mini_Euro 4,,Urban Peak,,,10,130,0,0,0.00128,0,0,0,1,0,1,1,1 
PCG_44,Passenger Cars_Petrol_Mini_Euro 4,,Urban Off Peak,,,10,130,0,0,0.00128,0,0,0,1,0,1,1,1 
PCG_44,Passenger Cars_Petrol_Mini_Euro 4,,Rural,,,10,130,0,0,0.000836,0,0,0,1,0,1,1,1 
PCG_44,Passenger Cars_Petrol_Mini_Euro 4,,Highway,,,10,130,0,0,0.00119,0,0,0,1,0,1,1,1 
PCG_45,Passenger Cars_Petrol_Mini_Euro 5,,,,,10,130,5.73E-07,-0.000125895,0.006907195,0.064229411,0.000329757,-0.087766409,6.011921291,0,1,1,1 
PCG_46,Passenger Cars_Petrol_Mini_Euro 6 up to 2016,,,,,10,130,7.36E-07,-0.000158132,0.009284705,0.04108643,0.000268768,-0.077925014,6.021053229,0,1,1,1 
PCG_47,Passenger Cars_Petrol_Mini_Euro 6 2017-2019,,,,,10,130,5.60E-07,-0.000116929,0.007459511,0.007401749,9.33E-05,-0.034887675,3.505106497,0,1,1,1 
PCG_48,Passenger Cars_Petrol_Mini_Euro 6 2020+,,,,,10,130,5.60E-07,-0.000116929,0.007459511,0.007401749,9.33E-05,-0.034887675,3.505106497,0,1,1,1 
PCG_1,Passenger Cars_Petrol_Small_PRE ECE,,Urban Peak,,,10,130,0,0,0.00322,0,0,0,1,0,1,1,1 
PCG_1,Passenger Cars_Petrol_Small_PRE ECE,,Urban Off Peak,,,10,130,0,0,0.00322,0,0,0,1,0,1,1,1 
PCG_1,Passenger Cars_Petrol_Small_PRE ECE,,Rural,,,10,130,0,0,0.00184,0,0,0,1,0,1,1,1 
PCG_1,Passenger Cars_Petrol_Small_PRE ECE,,Highway,,,10,130,0,0,0.0019,0,0,0,1,0,1,1,1 
PCG_2,Passenger Cars_Petrol_Small_ECE 15/00-01,,Urban Peak,,,10,130,0,0,0.00322,0,0,0,1,0,1,1,1 
PCG_2,Passenger Cars_Petrol_Small_ECE 15/00-01,,Urban Off Peak,,,10,130,0,0,0.00322,0,0,0,1,0,1,1,1 
PCG_2,Passenger Cars_Petrol_Small_ECE 15/00-01,,Rural,,,10,130,0,0,0.00184,0,0,0,1,0,1,1,1 
PCG_2,Passenger Cars_Petrol_Small_ECE 15/00-01,,Highway,,,10,130,0,0,0.0019,0,0,0,1,0,1,1,1 
PCG_3,Passenger Cars_Petrol_Small_ECE 15/02,,Urban Peak,,,10,130,0,0,0.00322,0,0,0,1,0,1,1,1 
PCG_3,Passenger Cars_Petrol_Small_ECE 15/02,,Urban Off Peak,,,10,130,0,0,0.00322,0,0,0,1,0,1,1,1 
PCG_3,Passenger Cars_Petrol_Small_ECE 15/02,,Rural,,,10,130,0,0,0.00184,0,0,0,1,0,1,1,1 
PCG_3,Passenger Cars_Petrol_Small_ECE 15/02,,Highway,,,10,130,0,0,0.0019,0,0,0,1,0,1,1,1 
PCG_4,Passenger Cars_Petrol_Small_ECE 15/03,,Urban Peak,,,10,130,0,0,0.00322,0,0,0,1,0,1,1,1 
PCG_4,Passenger Cars_Petrol_Small_ECE 15/03,,Urban Off Peak,,,10,130,0,0,0.00322,0,0,0,1,0,1,1,1 
PCG_4,Passenger Cars_Petrol_Small_ECE 15/03,,Rural,,,10,130,0,0,0.00184,0,0,0,1,0,1,1,1 
PCG_4,Passenger Cars_Petrol_Small_ECE 15/03,,Highway,,,10,130,0,0,0.0019,0,0,0,1,0,1,1,1 
PCG_5,Passenger Cars_Petrol_Small_ECE 15/04,,Urban Peak,,,10,130,0,0,0.00322,0,0,0,1,0,1,1,1 
PCG_5,Passenger Cars_Petrol_Small_ECE 15/04,,Urban Off Peak,,,10,130,0,0,0.00322,0,0,0,1,0,1,1,1 
PCG_5,Passenger Cars_Petrol_Small_ECE 15/04,,Rural,,,10,130,0,0,0.00184,0,0,0,1,0,1,1,1 
PCG_5,Passenger Cars_Petrol_Small_ECE 15/04,,Highway,,,10,130,0,0,0.0019,0,0,0,1,0,1,1,1 
PCG_6,Passenger Cars_Petrol_Small_Improved Conventional,,Urban Peak,,,10,130,0,0,0.00322,0,0,0,1,0,1,1,1 
PCG_6,Passenger Cars_Petrol_Small_Improved Conventional,,Urban Off Peak,,,10,130,0,0,0.00322,0,0,0,1,0,1,1,1 
PCG_6,Passenger Cars_Petrol_Small_Improved Conventional,,Rural,,,10,130,0,0,0.00184,0,0,0,1,0,1,1,1 
PCG_6,Passenger Cars_Petrol_Small_Improved Conventional,,Highway,,,10,130,0,0,0.0019,0,0,0,1,0,1,1,1 
PCG_7,Passenger Cars_Petrol_Small_Open Loop,,Urban Peak,,,10,130,0,0,0.00322,0,0,0,1,0,1,1,1 
PCG_7,Passenger Cars_Petrol_Small_Open Loop,,Urban Off Peak,,,10,130,0,0,0.00322,0,0,0,1,0,1,1,1 
PCG_7,Passenger Cars_Petrol_Small_Open Loop,,Rural,,,10,130,0,0,0.00184,0,0,0,1,0,1,1,1 
PCG_7,Passenger Cars_Petrol_Small_Open Loop,,Highway,,,10,130,0,0,0.0019,0,0,0,1,0,1,1,1 
PCG_8,Passenger Cars_Petrol_Small_Euro 1,,Urban Peak,,,10,130,0,0,0.00322,0,0,0,1,0,1,1,1 
PCG_8,Passenger Cars_Petrol_Small_Euro 1,,Urban Off Peak,,,10,130,0,0,0.00322,0,0,0,1,0,1,1,1 
PCG_8,Passenger Cars_Petrol_Small_Euro 1,,Rural,,,10,130,0,0,0.00184,0,0,0,1,0,1,1,1 
PCG_8,Passenger Cars_Petrol_Small_Euro 1,,Highway,,,10,130,0,0,0.0019,0,0,0,1,0,1,1,1 
PCG_9,Passenger Cars_Petrol_Small_Euro 2,,Urban Peak,,,10,130,0,0,0.00322,0,0,0,1,0,1,1,1 
PCG_9,Passenger Cars_Petrol_Small_Euro 2,,Urban Off Peak,,,10,130,0,0,0.00322,0,0,0,1,0,1,1,1 
PCG_9,Passenger Cars_Petrol_Small_Euro 2,,Rural,,,10,130,0,0,0.00184,0,0,0,1,0,1,1,1 
PCG_9,Passenger Cars_Petrol_Small_Euro 2,,Highway,,,10,130,0,0,0.0019,0,0,0,1,0,1,1,1 
PCG_10,Passenger Cars_Petrol_Small_Euro 3,,Urban Peak,,,10,130,0,0,0.00128,0,0,0,1,0,1,1,1 
PCG_10,Passenger Cars_Petrol_Small_Euro 3,,Urban Off Peak,,,10,130,0,0,0.00128,0,0,0,1,0,1,1,1 
PCG_10,Passenger Cars_Petrol_Small_Euro 3,,Rural,,,10,130,0,0,0.000836,0,0,0,1,0,1,1,1 
PCG_10,Passenger Cars_Petrol_Small_Euro 3,,Highway,,,10,130,0,0,0.00119,0,0,0,1,0,1,1,1 
PCG_11,Passenger Cars_Petrol_Small_Euro 4,,Urban Peak,,,10,130,0,0,0.00128,0,0,0,1,0,1,1,1 
PCG_11,Passenger Cars_Petrol_Small_Euro 4,,Urban Off Peak,,,10,130,0,0,0.00128,0,0,0,1,0,1,1,1 
PCG_11,Passenger Cars_Petrol_Small_Euro 4,,Rural,,,10,130,0,0,0.000836,0,0,0,1,0,1,1,1 
PCG_11,Passenger Cars_Petrol_Small_Euro 4,,Highway,,,10,130,0,0,0.00119,0,0,0,1,0,1,1,1 
PCG_12,Passenger Cars_Petrol_Small_Euro 5,,,,,10,130,5.73E-07,-0.000125895,0.006907195,0.064229411,0.000329757,-0.087766409,6.011921291,0,1,1,1 
PCG_13,Passenger Cars_Petrol_Small_Euro 6 up to 2016,,,,,10,130,7.36E-07,-0.000158132,0.009284705,0.04108643,0.000268768,-0.077925014,6.021053229,0,1,1,1 
PCG_14,Passenger Cars_Petrol_Small_Euro 6 2017-2019,,,,,10,130,5.60E-07,-0.000116929,0.007459511,0.007401749,9.33E-05,-0.034887675,3.505106497,0,1,1,1 
PCG_15,Passenger Cars_Petrol_Small_Euro 6 2020+,,,,,10,130,5.60E-07,-0.000116929,0.007459511,0.007401749,9.33E-05,-0.034887675,3.505106497,0,1,1,1 
PCG_16,Passenger Cars_Petrol_Medium_PRE ECE,,Urban Peak,,,10,130,0,0,0.00322,0,0,0,1,0,1,1,1 
PCG_16,Passenger Cars_Petrol_Medium_PRE ECE,,Urban Off Peak,,,10,130,0,0,0.00322,0,0,0,1,0,1,1,1 
PCG_16,Passenger Cars_Petrol_Medium_PRE ECE,,Rural,,,10,130,0,0,0.00184,0,0,0,1,0,1,1,1 
PCG_16,Passenger Cars_Petrol_Medium_PRE ECE,,Highway,,,10,130,0,0,0.0019,0,0,0,1,0,1,1,1 
PCG_17,Passenger Cars_Petrol_Medium_ECE 15/00-01,,Urban Peak,,,10,130,0,0,0.00322,0,0,0,1,0,1,1,1 
PCG_17,Passenger Cars_Petrol_Medium_ECE 15/00-01,,Urban Off Peak,,,10,130,0,0,0.00322,0,0,0,1,0,1,1,1 
PCG_17,Passenger Cars_Petrol_Medium_ECE 15/00-01,,Rural,,,10,130,0,0,0.00184,0,0,0,1,0,1,1,1 
PCG_17,Passenger Cars_Petrol_Medium_ECE 15/00-01,,Highway,,,10,130,0,0,0.0019,0,0,0,1,0,1,1,1 
PCG_18,Passenger Cars_Petrol_Medium_ECE 15/02,,Urban Peak,,,10,130,0,0,0.00322,0,0,0,1,0,1,1,1 
PCG_18,Passenger Cars_Petrol_Medium_ECE 15/02,,Urban Off Peak,,,10,130,0,0,0.00322,0,0,0,1,0,1,1,1 
PCG_18,Passenger Cars_Petrol_Medium_ECE 15/02,,Rural,,,10,130,0,0,0.00184,0,0,0,1,0,1,1,1 
PCG_18,Passenger Cars_Petrol_Medium_ECE 15/02,,Highway,,,10,130,0,0,0.0019,0,0,0,1,0,1,1,1 
PCG_19,Passenger Cars_Petrol_Medium_ECE 15/03,,Urban Peak,,,10,130,0,0,0.00322,0,0,0,1,0,1,1,1 
PCG_19,Passenger Cars_Petrol_Medium_ECE 15/03,,Urban Off Peak,,,10,130,0,0,0.00322,0,0,0,1,0,1,1,1 
PCG_19,Passenger Cars_Petrol_Medium_ECE 15/03,,Rural,,,10,130,0,0,0.00184,0,0,0,1,0,1,1,1 
PCG_19,Passenger Cars_Petrol_Medium_ECE 15/03,,Highway,,,10,130,0,0,0.0019,0,0,0,1,0,1,1,1 
PCG_20,Passenger Cars_Petrol_Medium_ECE 15/04,,Urban Peak,,,10,130,0,0,0.00322,0,0,0,1,0,1,1,1 
PCG_20,Passenger Cars_Petrol_Medium_ECE 15/04,,Urban Off Peak,,,10,130,0,0,0.00322,0,0,0,1,0,1,1,1 
PCG_20,Passenger Cars_Petrol_Medium_ECE 15/04,,Rural,,,10,130,0,0,0.00184,0,0,0,1,0,1,1,1 
PCG_20,Passenger Cars_Petrol_Medium_ECE 15/04,,Highway,,,10,130,0,0,0.0019,0,0,0,1,0,1,1,1 
PCG_21,Passenger Cars_Petrol_Medium_Improved Conventional,,Urban Peak,,,10,130,0,0,0.00322,0,0,0,1,0,1,1,1 
PCG_21,Passenger Cars_Petrol_Medium_Improved Conventional,,Urban Off Peak,,,10,130,0,0,0.00322,0,0,0,1,0,1,1,1 
PCG_21,Passenger Cars_Petrol_Medium_Improved Conventional,,Rural,,,10,130,0,0,0.00184,0,0,0,1,0,1,1,1 
PCG_21,Passenger Cars_Petrol_Medium_Improved Conventional,,Highway,,,10,130,0,0,0.0019,0,0,0,1,0,1,1,1 
PCG_22,Passenger Cars_Petrol_Medium_Open Loop,,Urban Peak,,,10,130,0,0,0.00322,0,0,0,1,0,1,1,1 
PCG_22,Passenger Cars_Petrol_Medium_Open Loop,,Urban Off Peak,,,10,130,0,0,0.00322,0,0,0,1,0,1,1,1 
PCG_22,Passenger Cars_Petrol_Medium_Open Loop,,Rural,,,10,130,0,0,0.00184,0,0,0,1,0,1,1,1 
PCG_22,Passenger Cars_Petrol_Medium_Open Loop,,Highway,,,10,130,0,0,0.0019,0,0,0,1,0,1,1,1 
PCG_23,Passenger Cars_Petrol_Medium_Euro 1,,Urban Peak,,,10,130,0,0,0.00322,0,0,0,1,0,1,1,1 
PCG_23,Passenger Cars_Petrol_Medium_Euro 1,,Urban Off Peak,,,10,130,0,0,0.00322,0,0,0,1,0,1,1,1 
PCG_23,Passenger Cars_Petrol_Medium_Euro 1,,Rural,,,10,130,0,0,0.00184,0,0,0,1,0,1,1,1 
PCG_23,Passenger Cars_Petrol_Medium_Euro 1,,Highway,,,10,130,0,0,0.0019,0,0,0,1,0,1,1,1 
PCG_24,Passenger Cars_Petrol_Medium_Euro 2,,Urban Peak,,,10,130,0,0,0.00322,0,0,0,1,0,1,1,1 
PCG_24,Passenger Cars_Petrol_Medium_Euro 2,,Urban Off Peak,,,10,130,0,0,0.00322,0,0,0,1,0,1,1,1 
PCG_24,Passenger Cars_Petrol_Medium_Euro 2,,Rural,,,10,130,0,0,0.00184,0,0,0,1,0,1,1,1 
PCG_24,Passenger Cars_Petrol_Medium_Euro 2,,Highway,,,10,130,0,0,0.0019,0,0,0,1,0,1,1,1 
PCG_25,Passenger Cars_Petrol_Medium_Euro 3,,Urban Peak,,,10,130,0,0,0.00128,0,0,0,1,0,1,1,1 
PCG_25,Passenger Cars_Petrol_Medium_Euro 3,,Urban Off Peak,,,10,130,0,0,0.00128,0,0,0,1,0,1,1,1 
PCG_25,Passenger Cars_Petrol_Medium_Euro 3,,Rural,,,10,130,0,0,0.000836,0,0,0,1,0,1,1,1 
PCG_25,Passenger Cars_Petrol_Medium_Euro 3,,Highway,,,10,130,0,0,0.00119,0,0,0,1,0,1,1,1 
PCG_26,Passenger Cars_Petrol_Medium_Euro 4,,Urban Peak,,,10,130,0,0,0.00128,0,0,0,1,0,1,1,1 
PCG_26,Passenger Cars_Petrol_Medium_Euro 4,,Urban Off Peak,,,10,130,0,0,0.00128,0,0,0,1,0,1,1,1 
PCG_26,Passenger Cars_Petrol_Medium_Euro 4,,Rural,,,10,130,0,0,0.000836,0,0,0,1,0,1,1,1 
PCG_26,Passenger Cars_Petrol_Medium_Euro 4,,Highway,,,10,130,0,0,0.00119,0,0,0,1,0,1,1,1 
PCG_27,Passenger Cars_Petrol_Medium_Euro 5,,,,,10,130,5.73E-07,-0.000125895,0.006907195,0.064229411,0.000329757,-0.087766409,6.011921291,0,1,1,1 
PCG_28,Passenger Cars_Petrol_Medium_Euro 6 up to 2016,,,,,10,130,7.36E-07,-0.000158132,0.009284705,0.04108643,0.000268768,-0.077925014,6.021053229,0,1,1,1 
PCG_29,Passenger Cars_Petrol_Medium_Euro 6 2017-2019,,,,,10,130,5.60E-07,-0.000116929,0.007459511,0.007401749,9.33E-05,-0.034887675,3.505106497,0,1,1,1 
PCG_30,Passenger Cars_Petrol_Medium_Euro 6 2020+,,,,,10,130,5.60E-07,-0.000116929,0.007459511,0.007401749,9.33E-05,-0.034887675,3.505106497,0,1,1,1 
PCG_31,Passenger Cars_Petrol_Large-SUV-Executive_PRE ECE,,Urban Peak,,,10,130,0,0,0.00322,0,0,0,1,0,1,1,1 
PCG_31,Passenger Cars_Petrol_Large-SUV-Executive_PRE ECE,,Urban Off Peak,,,10,130,0,0,0.00322,0,0,0,1,0,1,1,1 
PCG_31,Passenger Cars_Petrol_Large-SUV-Executive_PRE ECE,,Rural,,,10,130,0,0,0.00184,0,0,0,1,0,1,1,1 
PCG_31,Passenger Cars_Petrol_Large-SUV-Executive_PRE ECE,,Highway,,,10,130,0,0,0.0019,0,0,0,1,0,1,1,1 
PCG_32,Passenger Cars_Petrol_Large-SUV-Executive_ECE 15/00-01,,Urban Peak,,,10,130,0,0,0.00322,0,0,0,1,0,1,1,1 
PCG_32,Passenger Cars_Petrol_Large-SUV-Executive_ECE 15/00-01,,Urban Off Peak,,,10,130,0,0,0.00322,0,0,0,1,0,1,1,1 
PCG_32,Passenger Cars_Petrol_Large-SUV-Executive_ECE 15/00-01,,Rural,,,10,130,0,0,0.00184,0,0,0,1,0,1,1,1 
PCG_32,Passenger Cars_Petrol_Large-SUV-Executive_ECE 15/00-01,,Highway,,,10,130,0,0,0.0019,0,0,0,1,0,1,1,1 
PCG_33,Passenger Cars_Petrol_Large-SUV-Executive_ECE 15/02,,Urban Peak,,,10,130,0,0,0.00322,0,0,0,1,0,1,1,1 
PCG_33,Passenger Cars_Petrol_Large-SUV-Executive_ECE 15/02,,Urban Off Peak,,,10,130,0,0,0.00322,0,0,0,1,0,1,1,1 
PCG_33,Passenger Cars_Petrol_Large-SUV-Executive_ECE 15/02,,Rural,,,10,130,0,0,0.00184,0,0,0,1,0,1,1,1 
PCG_33,Passenger Cars_Petrol_Large-SUV-Executive_ECE 15/02,,Highway,,,10,130,0,0,0.0019,0,0,0,1,0,1,1,1 
PCG_34,Passenger Cars_Petrol_Large-SUV-Executive_ECE 15/03,,Urban Peak,,,10,130,0,0,0.00322,0,0,0,1,0,1,1,1 
PCG_34,Passenger Cars_Petrol_Large-SUV-Executive_ECE 15/03,,Urban Off Peak,,,10,130,0,0,0.00322,0,0,0,1,0,1,1,1 
PCG_34,Passenger Cars_Petrol_Large-SUV-Executive_ECE 15/03,,Rural,,,10,130,0,0,0.00184,0,0,0,1,0,1,1,1 
PCG_34,Passenger Cars_Petrol_Large-SUV-Executive_ECE 15/03,,Highway,,,10,130,0,0,0.0019,0,0,0,1,0,1,1,1 
PCG_35,Passenger Cars_Petrol_Large-SUV-Executive_ECE 15/04,,Urban Peak,,,10,130,0,0,0.00322,0,0,0,1,0,1,1,1 
PCG_35,Passenger Cars_Petrol_Large-SUV-Executive_ECE 15/04,,Urban Off Peak,,,10,130,0,0,0.00322,0,0,0,1,0,1,1,1 
PCG_35,Passenger Cars_Petrol_Large-SUV-Executive_ECE 15/04,,Rural,,,10,130,0,0,0.00184,0,0,0,1,0,1,1,1 
PCG_35,Passenger Cars_Petrol_Large-SUV-Executive_ECE 15/04,,Highway,,,10,130,0,0,0.0019,0,0,0,1,0,1,1,1 
PCG_36,Passenger Cars_Petrol_Large-SUV-Executive_Euro 1,,Urban Peak,,,10,130,0,0,0.00322,0,0,0,1,0,1,1,1 
PCG_36,Passenger Cars_Petrol_Large-SUV-Executive_Euro 1,,Urban Off Peak,,,10,130,0,0,0.00322,0,0,0,1,0,1,1,1 
PCG_36,Passenger Cars_Petrol_Large-SUV-Executive_Euro 1,,Rural,,,10,130,0,0,0.00184,0,0,0,1,0,1,1,1 
PCG_36,Passenger Cars_Petrol_Large-SUV-Executive_Euro 1,,Highway,,,10,130,0,0,0.0019,0,0,0,1,0,1,1,1 
PCG_37,Passenger Cars_Petrol_Large-SUV-Executive_Euro 2,,Urban Peak,,,10,130,0,0,0.00322,0,0,0,1,0,1,1,1 
PCG_37,Passenger Cars_Petrol_Large-SUV-Executive_Euro 2,,Urban Off Peak,,,10,130,0,0,0.00322,0,0,0,1,0,1,1,1 
PCG_37,Passenger Cars_Petrol_Large-SUV-Executive_Euro 2,,Rural,,,10,130,0,0,0.00184,0,0,0,1,0,1,1,1 
PCG_37,Passenger Cars_Petrol_Large-SUV-Executive_Euro 2,,Highway,,,10,130,0,0,0.0019,0,0,0,1,0,1,1,1 
PCG_38,Passenger Cars_Petrol_Large-SUV-Executive_Euro 3,,Urban Peak,,,10,130,0,0,0.00128,0,0,0,1,0,1,1,1 
PCG_38,Passenger Cars_Petrol_Large-SUV-Executive_Euro 3,,Urban Off Peak,,,10,130,0,0,0.00128,0,0,0,1,0,1,1,1 
PCG_38,Passenger Cars_Petrol_Large-SUV-Executive_Euro 3,,Rural,,,10,130,0,0,0.000836,0,0,0,1,0,1,1,1 
PCG_38,Passenger Cars_Petrol_Large-SUV-Executive_Euro 3,,Highway,,,10,130,0,0,0.00119,0,0,0,1,0,1,1,1 
PCG_39,Passenger Cars_Petrol_Large-SUV-Executive_Euro 4,,Urban Peak,,,10,130,0,0,0.00128,0,0,0,1,0,1,1,1 
PCG_39,Passenger Cars_Petrol_Large-SUV-Executive_Euro 4,,Urban Off Peak,,,10,130,0,0,0.00128,0,0,0,1,0,1,1,1 
PCG_39,Passenger Cars_Petrol_Large-SUV-Executive_Euro 4,,Rural,,,10,130,0,0,0.000836,0,0,0,1,0,1,1,1 
PCG_39,Passenger Cars_Petrol_Large-SUV-Executive_Euro 4,,Highway,,,10,130,0,0,0.00119,0,0,0,1,0,1,1,1 
PCG_40,Passenger Cars_Petrol_Large-SUV-Executive_Euro 5,,,,,10,130,5.73E-07,-0.000125895,0.006907195,0.064229411,0.000329757,-0.087766409,6.011921291,0,1,1,1 
PCG_41,Passenger Cars_Petrol_Large-SUV-Executive_Euro 6 up to 2016,,,,,10,130,7.36E-07,-0.000158132,0.009284705,0.04108643,0.000268768,-0.077925014,6.021053229,0,1,1,1 
PCG_42,Passenger Cars_Petrol_Large-SUV-Executive_Euro 6 2017-2019,,,,,10,130,5.60E-07,-0.000116929,0.007459511,0.007401749,9.33E-05,-0.034887675,3.505106497,0,1,1,1 
PCG_43,Passenger Cars_Petrol_Large-SUV-Executive_Euro 6 2020+,,,,,10,130,5.60E-07,-0.000116929,0.007459511,0.007401749,9.33E-05,-0.034887675,3.505106497,0,1,1,1 
PCD_28,Passenger Cars_Diesel_Mini_Euro 4,,,,,10,130,1.17E-05,-0.001815729,0.151591448,2.44E-14,-4.45E-18,-3.28E-15,3.368698837,0,1,1,1 
PCD_29,Passenger Cars_Diesel_Mini_Euro 5,,,,,10,130,-2.69E-07,7.57E-05,0.023884064,0.082659395,-0.000607959,0.211453856,4.455581988,0,1,1,1 
PCD_30,Passenger Cars_Diesel_Mini_Euro 6 up to 2016,,,,,10,130,0.000479896,0.068323723,-0.339172435,0.912954411,1.168904678,0.541400612,0.291074506,0,1,1,1 
PCD_31,Passenger Cars_Diesel_Mini_Euro 6 2017-2019,,,,,10,130,0.000479896,0.068323723,-0.339172435,0.912954411,1.168904678,0.541400612,0.291074506,0,1,1,1 
PCD_32,Passenger Cars_Diesel_Mini_Euro 6 2020+,,,,,10,130,0.000479896,0.068323723,-0.339172435,0.912954411,1.168904678,0.541400612,0.291074506,0,1,1,1 
PCD_1,Passenger Cars_Diesel_Small_Conventional,,,,,10,130,0.000173921,-0.025788234,1.349384322,-8.07E-11,-7.77E-15,9.35E-13,2.998631827,0,1,1,1 
PCD_2,Passenger Cars_Diesel_Small_Euro 1,,,,,10,130,8.37E-05,-0.008631174,0.421546835,1.10E-12,-1.94E-16,-5.99E-15,3.704366464,0,1,1,1 
PCD_3,Passenger Cars_Diesel_Small_Euro 2,,,,,10,130,7.36E-05,-0.009852937,0.600890388,-9.25E-10,-8.71E-13,8.04E-11,6.938688083,0,1,1,1 
PCD_4,Passenger Cars_Diesel_Small_Euro 3,,,,,10,130,5.03E-05,-0.005455682,0.319281393,-1.30E-13,-3.07E-16,2.97E-14,6.199638692,0,1,1,1 
PCD_5,Passenger Cars_Diesel_Small_Euro 4,,,,,10,130,1.17E-05,-0.001815729,0.151591448,2.44E-14,-4.45E-18,-3.28E-15,3.368698837,0,1,1,1 
PCD_6,Passenger Cars_Diesel_Small_Euro 5,,,,,10,130,-2.69E-07,7.57E-05,0.023884064,0.082659395,-0.000607959,0.211453856,4.455581988,0,1,1,1 
PCD_7,Passenger Cars_Diesel_Small_Euro 6 up to 2016,,,,,10,130,0.000467299,0.066409498,-0.325010593,0.960762635,1.137238656,0.546179555,0.289633152,0,1,1,1 
PCD_8,Passenger Cars_Diesel_Small_Euro 6 2017-2019,,,,,10,130,0.000467299,0.066409498,-0.325010593,0.960762635,1.137238656,0.546179555,0.289633152,0,1,1,1 
PCD_9,Passenger Cars_Diesel_Small_Euro 6 2020+,,,,,10,130,0.000467299,0.066409498,-0.325010593,0.960762635,1.137238656,0.546179555,0.289633152,0,1,1,1 
PCD_10,Passenger Cars_Diesel_Medium_Conventional,,,,,10,130,0.000173921,-0.025788234,1.349384322,-8.07E-11,-7.77E-15,9.35E-13,2.998631827,0,1,1,1 
PCD_11,Passenger Cars_Diesel_Medium_Euro 1,,,,,10,130,8.37E-05,-0.008631174,0.421546835,1.10E-12,-1.94E-16,-5.99E-15,3.704366464,0,1,1,1 
PCD_12,Passenger Cars_Diesel_Medium_Euro 2,,,,,10,130,7.36E-05,-0.009852937,0.600890388,-9.25E-10,-8.71E-13,8.04E-11,6.938688083,0,1,1,1 
PCD_13,Passenger Cars_Diesel_Medium_Euro 3,,,,,10,130,5.03E-05,-0.005455682,0.319281393,-1.30E-13,-3.07E-16,2.97E-14,6.199638692,0,1,1,1 
PCD_14,Passenger Cars_Diesel_Medium_Euro 4,,,,,10,130,1.17E-05,-0.001815729,0.151591448,2.44E-14,-4.45E-18,-3.28E-15,3.368698837,0,1,1,1 
PCD_15,Passenger Cars_Diesel_Medium_Euro 5,,,,,10,130,-2.69E-07,7.57E-05,0.023884064,0.082659395,-0.000607959,0.211453856,4.455581988,0,1,1,1 
PCD_16,Passenger Cars_Diesel_Medium_Euro 6 up to 2016,,,,,10,130,0.000467299,0.066409498,-0.325010593,0.960762635,1.137238656,0.546179555,0.289633152,0,1,1,1 
PCD_17,Passenger Cars_Diesel_Medium_Euro 6 2017-2019,,,,,10,130,0.000467299,0.066409498,-0.325010593,0.960762635,1.137238656,0.546179555,0.289633152,0,1,1,1 
PCD_18,Passenger Cars_Diesel_Medium_Euro 6 2020+,,,,,10,130,0.000467299,0.066409498,-0.325010593,0.960762635,1.137238656,0.546179555,0.289633152,0,1,1,1 
PCD_19,Passenger Cars_Diesel_Large-SUV-Executive_Conventional,,,,,10,130,0.000173921,-0.025788234,1.349384322,-8.07E-11,-7.77E-15,9.35E-13,2.998631827,0,1,1,1 
PCD_20,Passenger Cars_Diesel_Large-SUV-Executive_Euro 1,,,,,10,130,8.37E-05,-0.008631174,0.421546835,1.10E-12,-1.94E-16,-5.99E-15,3.704366464,0,1,1,1 
PCD_21,Passenger Cars_Diesel_Large-SUV-Executive_Euro 2,,,,,10,130,7.36E-05,-0.009852937,0.600890388,-9.25E-10,-8.71E-13,8.04E-11,6.938688083,0,1,1,1 
PCD_22,Passenger Cars_Diesel_Large-SUV-Executive_Euro 3,,,,,10,130,5.03E-05,-0.005455682,0.319281393,-1.30E-13,-3.07E-16,2.97E-14,6.199638692,0,1,1,1 
PCD_23,Passenger Cars_Diesel_Large-SUV-Executive_Euro 4,,,,,10,130,1.17E-05,-0.001815729,0.151591448,2.44E-14,-4.45E-18,-3.28E-15,3.368698837,0,1,1,1 
PCD_24,Passenger Cars_Diesel_Large-SUV-Executive_Euro 5,,,,,10,130,-2.69E-07,7.57E-05,0.023884064,0.082659395,-0.000607959,0.211453856,4.455581988,0,1,1,1 
PCD_25,Passenger Cars_Diesel_Large-SUV-Executive_Euro 6 up to 2016,,,,,10,130,0.000467299,0.066409498,-0.325010593,0.960762635,1.137238656,0.546179555,0.289633152,0,1,1,1 
PCD_26,Passenger Cars_Diesel_Large-SUV-Executive_Euro 6 2017-2019,,,,,10,130,0.000467299,0.066409498,-0.325010593,0.960762635,1.137238656,0.546179555,0.289633152,0,1,1,1 
PCD_27,Passenger Cars_Diesel_Large-SUV-Executive_Euro 6 2020+,,,,,10,130,0.000467299,0.066409498,-0.325010593,0.960762635,1.137238656,0.546179555,0.289633152,0,1,1,1 
PCLPG_1,Passenger Cars_LPG Bifuel ~ LPG_Mini_Euro 4,,Urban Peak,,,10,130,0,0,0.00128,0,0,0,1,0,1,1,1 
PCLPG_1,Passenger Cars_LPG Bifuel ~ LPG_Mini_Euro 4,,Urban Off Peak,,,10,130,0,0,0.00128,0,0,0,1,0,1,1,1 
PCLPG_1,Passenger Cars_LPG Bifuel ~ LPG_Mini_Euro 4,,Rural,,,10,130,0,0,0.000836,0,0,0,1,0,1,1,1 
PCLPG_1,Passenger Cars_LPG Bifuel ~ LPG_Mini_Euro 4,,Highway,,,10,130,0,0,0.00119,0,0,0,1,0,1,1,1 
PCB_1,Passenger Cars_LPG Bifuel ~ Petrol_Mini_Euro 4,,Urban Peak,,,10,130,0,0,0.00128,0,0,0,1,0,1,1,1 
PCB_1,Passenger Cars_LPG Bifuel ~ Petrol_Mini_Euro 4,,Urban Off Peak,,,10,130,0,0,0.00128,0,0,0,1,0,1,1,1 
PCB_1,Passenger Cars_LPG Bifuel ~ Petrol_Mini_Euro 4,,Rural,,,10,130,0,0,0.000836,0,0,0,1,0,1,1,1 
PCB_1,Passenger Cars_LPG Bifuel ~ Petrol_Mini_Euro 4,,Highway,,,10,130,0,0,0.00119,0,0,0,1,0,1,1,1 
PCLPG_2,Passenger Cars_LPG Bifuel ~ LPG_Mini_Euro 5,,Urban Peak,,,10,130,0,0,0.00128,0,0,0,1,0,1,1,1 
PCLPG_2,Passenger Cars_LPG Bifuel ~ LPG_Mini_Euro 5,,Urban Off Peak,,,10,130,0,0,0.00128,0,0,0,1,0,1,1,1 
PCLPG_2,Passenger Cars_LPG Bifuel ~ LPG_Mini_Euro 5,,Rural,,,10,130,0,0,0.000836,0,0,0,1,0,1,1,1 
PCLPG_2,Passenger Cars_LPG Bifuel ~ LPG_Mini_Euro 5,,Highway,,,10,130,0,0,0.00119,0,0,0,1,0,1,1,1 
PCB_2,Passenger Cars_LPG Bifuel ~ Petrol_Mini_Euro 5,,,,,10,130,5.73E-07,-0.000125895,0.006907195,0.064229411,0.000329757,-0.087766409,6.011921291,0,1,1,1 
PCLPG_3,Passenger Cars_LPG Bifuel ~ LPG_Mini_Euro 6,,Urban Peak,,,10,130,0,0,0.00128,0,0,0,1,0,1,1,1 
PCLPG_3,Passenger Cars_LPG Bifuel ~ LPG_Mini_Euro 6,,Urban Off Peak,,,10,130,0,0,0.00128,0,0,0,1,0,1,1,1 
PCLPG_3,Passenger Cars_LPG Bifuel ~ LPG_Mini_Euro 6,,Rural,,,10,130,0,0,0.000836,0,0,0,1,0,1,1,1 
PCLPG_3,Passenger Cars_LPG Bifuel ~ LPG_Mini_Euro 6,,Highway,,,10,130,0,0,0.00119,0,0,0,1,0,1,1,1 
PCB_3,Passenger Cars_LPG Bifuel ~ Petrol_Mini_Euro 6,,,,,10,130,7.36E-07,-0.000158132,0.009284705,0.04108643,0.000268768,-0.077925014,6.021053229,0,1,1,1 
PCLPG_4,Passenger Cars_LPG Bifuel ~ LPG_Small_Conventional,,Urban Peak,,,10,130,0,0,0.00322,0,0,0,1,0,1,1,1 
PCLPG_4,Passenger Cars_LPG Bifuel ~ LPG_Small_Conventional,,Urban Off Peak,,,10,130,0,0,0.00322,0,0,0,1,0,1,1,1 
PCLPG_4,Passenger Cars_LPG Bifuel ~ LPG_Small_Conventional,,Rural,,,10,130,0,0,0.00184,0,0,0,1,0,1,1,1 
PCLPG_4,Passenger Cars_LPG Bifuel ~ LPG_Small_Conventional,,Highway,,,10,130,0,0,0.0019,0,0,0,1,0,1,1,1 
PCB_4,Passenger Cars_LPG Bifuel ~ Petrol_Small_Conventional,,Urban Peak,,,10,130,0,0,0.00322,0,0,0,1,0,1,1,1 
PCB_4,Passenger Cars_LPG Bifuel ~ Petrol_Small_Conventional,,Urban Off Peak,,,10,130,0,0,0.00322,0,0,0,1,0,1,1,1 
PCB_4,Passenger Cars_LPG Bifuel ~ Petrol_Small_Conventional,,Rural,,,10,130,0,0,0.00184,0,0,0,1,0,1,1,1 
PCB_4,Passenger Cars_LPG Bifuel ~ Petrol_Small_Conventional,,Highway,,,10,130,0,0,0.0019,0,0,0,1,0,1,1,1 
PCLPG_5,Passenger Cars_LPG Bifuel ~ LPG_Small_Euro 1,,Urban Peak,,,10,130,0,0,0.00322,0,0,0,1,0,1,1,1 
PCLPG_5,Passenger Cars_LPG Bifuel ~ LPG_Small_Euro 1,,Urban Off Peak,,,10,130,0,0,0.00322,0,0,0,1,0,1,1,1 
PCLPG_5,Passenger Cars_LPG Bifuel ~ LPG_Small_Euro 1,,Rural,,,10,130,0,0,0.00184,0,0,0,1,0,1,1,1 
PCLPG_5,Passenger Cars_LPG Bifuel ~ LPG_Small_Euro 1,,Highway,,,10,130,0,0,0.0019,0,0,0,1,0,1,1,1 
PCB_5,Passenger Cars_LPG Bifuel ~ Petrol_Small_Euro 1,,Urban Peak,,,10,130,0,0,0.00322,0,0,0,1,0,1,1,1 
PCB_5,Passenger Cars_LPG Bifuel ~ Petrol_Small_Euro 1,,Urban Off Peak,,,10,130,0,0,0.00322,0,0,0,1,0,1,1,1 
PCB_5,Passenger Cars_LPG Bifuel ~ Petrol_Small_Euro 1,,Rural,,,10,130,0,0,0.00184,0,0,0,1,0,1,1,1 
PCB_5,Passenger Cars_LPG Bifuel ~ Petrol_Small_Euro 1,,Highway,,,10,130,0,0,0.0019,0,0,0,1,0,1,1,1 
PCLPG_6,Passenger Cars_LPG Bifuel ~ LPG_Small_Euro 2,,Urban Peak,,,10,130,0,0,0.00322,0,0,0,1,0,1,1,1 
PCLPG_6,Passenger Cars_LPG Bifuel ~ LPG_Small_Euro 2,,Urban Off Peak,,,10,130,0,0,0.00322,0,0,0,1,0,1,1,1 
PCLPG_6,Passenger Cars_LPG Bifuel ~ LPG_Small_Euro 2,,Rural,,,10,130,0,0,0.00184,0,0,0,1,0,1,1,1 
PCLPG_6,Passenger Cars_LPG Bifuel ~ LPG_Small_Euro 2,,Highway,,,10,130,0,0,0.0019,0,0,0,1,0,1,1,1 
PCB_6,Passenger Cars_LPG Bifuel ~ Petrol_Small_Euro 2,,Urban Peak,,,10,130,0,0,0.00322,0,0,0,1,0,1,1,1 
PCB_6,Passenger Cars_LPG Bifuel ~ Petrol_Small_Euro 2,,Urban Off Peak,,,10,130,0,0,0.00322,0,0,0,1,0,1,1,1 
PCB_6,Passenger Cars_LPG Bifuel ~ Petrol_Small_Euro 2,,Rural,,,10,130,0,0,0.00184,0,0,0,1,0,1,1,1 
PCB_6,Passenger Cars_LPG Bifuel ~ Petrol_Small_Euro 2,,Highway,,,10,130,0,0,0.0019,0,0,0,1,0,1,1,1 
PCLPG_7,Passenger Cars_LPG Bifuel ~ LPG_Small_Euro 3,,Urban Peak,,,10,130,0,0,0.00128,0,0,0,1,0,1,1,1 
PCLPG_7,Passenger Cars_LPG Bifuel ~ LPG_Small_Euro 3,,Urban Off Peak,,,10,130,0,0,0.00128,0,0,0,1,0,1,1,1 
PCLPG_7,Passenger Cars_LPG Bifuel ~ LPG_Small_Euro 3,,Rural,,,10,130,0,0,0.000836,0,0,0,1,0,1,1,1 
PCLPG_7,Passenger Cars_LPG Bifuel ~ LPG_Small_Euro 3,,Highway,,,10,130,0,0,0.00119,0,0,0,1,0,1,1,1 
PCB_7,Passenger Cars_LPG Bifuel ~ Petrol_Small_Euro 3,,Urban Peak,,,10,130,0,0,0.00128,0,0,0,1,0,1,1,1 
PCB_7,Passenger Cars_LPG Bifuel ~ Petrol_Small_Euro 3,,Urban Off Peak,,,10,130,0,0,0.00128,0,0,0,1,0,1,1,1 
PCB_7,Passenger Cars_LPG Bifuel ~ Petrol_Small_Euro 3,,Rural,,,10,130,0,0,0.000836,0,0,0,1,0,1,1,1 
PCB_7,Passenger Cars_LPG Bifuel ~ Petrol_Small_Euro 3,,Highway,,,10,130,0,0,0.00119,0,0,0,1,0,1,1,1 
PCLPG_8,Passenger Cars_LPG Bifuel ~ LPG_Small_Euro 4,,Urban Peak,,,10,130,0,0,0.00128,0,0,0,1,0,1,1,1 
PCLPG_8,Passenger Cars_LPG Bifuel ~ LPG_Small_Euro 4,,Urban Off Peak,,,10,130,0,0,0.00128,0,0,0,1,0,1,1,1 
PCLPG_8,Passenger Cars_LPG Bifuel ~ LPG_Small_Euro 4,,Rural,,,10,130,0,0,0.000836,0,0,0,1,0,1,1,1 
PCLPG_8,Passenger Cars_LPG Bifuel ~ LPG_Small_Euro 4,,Highway,,,10,130,0,0,0.00119,0,0,0,1,0,1,1,1 
PCB_8,Passenger Cars_LPG Bifuel ~ Petrol_Small_Euro 4,,Urban Peak,,,10,130,0,0,0.00128,0,0,0,1,0,1,1,1 
PCB_8,Passenger Cars_LPG Bifuel ~ Petrol_Small_Euro 4,,Urban Off Peak,,,10,130,0,0,0.00128,0,0,0,1,0,1,1,1 
PCB_8,Passenger Cars_LPG Bifuel ~ Petrol_Small_Euro 4,,Rural,,,10,130,0,0,0.000836,0,0,0,1,0,1,1,1 
PCB_8,Passenger Cars_LPG Bifuel ~ Petrol_Small_Euro 4,,Highway,,,10,130,0,0,0.00119,0,0,0,1,0,1,1,1 
PCLPG_9,Passenger Cars_LPG Bifuel ~ LPG_Small_Euro 5,,Urban Peak,,,10,130,0,0,0.00128,0,0,0,1,0,1,1,1 
PCLPG_9,Passenger Cars_LPG Bifuel ~ LPG_Small_Euro 5,,Urban Off Peak,,,10,130,0,0,0.00128,0,0,0,1,0,1,1,1 
PCLPG_9,Passenger Cars_LPG Bifuel ~ LPG_Small_Euro 5,,Rural,,,10,130,0,0,0.000836,0,0,0,1,0,1,1,1 
PCLPG_9,Passenger Cars_LPG Bifuel ~ LPG_Small_Euro 5,,Highway,,,10,130,0,0,0.00119,0,0,0,1,0,1,1,1 
PCB_9,Passenger Cars_LPG Bifuel ~ Petrol_Small_Euro 5,,,,,10,130,5.73E-07,-0.000125895,0.006907195,0.064229411,0.000329757,-0.087766409,6.011921291,0,1,1,1 
PCLPG_10,Passenger Cars_LPG Bifuel ~ LPG_Small_Euro 6,,Urban Peak,,,10,130,0,0,0.00128,0,0,0,1,0,1,1,1 
PCLPG_10,Passenger Cars_LPG Bifuel ~ LPG_Small_Euro 6,,Urban Off Peak,,,10,130,0,0,0.00128,0,0,0,1,0,1,1,1 
PCLPG_10,Passenger Cars_LPG Bifuel ~ LPG_Small_Euro 6,,Rural,,,10,130,0,0,0.000836,0,0,0,1,0,1,1,1 
PCLPG_10,Passenger Cars_LPG Bifuel ~ LPG_Small_Euro 6,,Highway,,,10,130,0,0,0.00119,0,0,0,1,0,1,1,1 
PCB_10,Passenger Cars_LPG Bifuel ~ Petrol_Small_Euro 6,,,,,10,130,7.36E-07,-0.000158132,0.009284705,0.04108643,0.000268768,-0.077925014,6.021053229,0,1,1,1 
PCLPG_11,Passenger Cars_LPG Bifuel ~ LPG_Medium_Conventional,,Urban Peak,,,10,130,0,0,0.00322,0,0,0,1,0,1,1,1 
PCLPG_11,Passenger Cars_LPG Bifuel ~ LPG_Medium_Conventional,,Urban Off Peak,,,10,130,0,0,0.00322,0,0,0,1,0,1,1,1 
PCLPG_11,Passenger Cars_LPG Bifuel ~ LPG_Medium_Conventional,,Rural,,,10,130,0,0,0.00184,0,0,0,1,0,1,1,1 
PCLPG_11,Passenger Cars_LPG Bifuel ~ LPG_Medium_Conventional,,Highway,,,10,130,0,0,0.0019,0,0,0,1,0,1,1,1 
PCB_11,Passenger Cars_LPG Bifuel ~ Petrol_Medium_Conventional,,Urban Peak,,,10,130,0,0,0.00322,0,0,0,1,0,1,1,1 
PCB_11,Passenger Cars_LPG Bifuel ~ Petrol_Medium_Conventional,,Urban Off Peak,,,10,130,0,0,0.00322,0,0,0,1,0,1,1,1 
PCB_11,Passenger Cars_LPG Bifuel ~ Petrol_Medium_Conventional,,Rural,,,10,130,0,0,0.00184,0,0,0,1,0,1,1,1 
PCB_11,Passenger Cars_LPG Bifuel ~ Petrol_Medium_Conventional,,Highway,,,10,130,0,0,0.0019,0,0,0,1,0,1,1,1 
PCLPG_12,Passenger Cars_LPG Bifuel ~ LPG_Medium_Euro 1,,Urban Peak,,,10,130,0,0,0.00322,0,0,0,1,0,1,1,1 
PCLPG_12,Passenger Cars_LPG Bifuel ~ LPG_Medium_Euro 1,,Urban Off Peak,,,10,130,0,0,0.00322,0,0,0,1,0,1,1,1 
PCLPG_12,Passenger Cars_LPG Bifuel ~ LPG_Medium_Euro 1,,Rural,,,10,130,0,0,0.00184,0,0,0,1,0,1,1,1 
PCLPG_12,Passenger Cars_LPG Bifuel ~ LPG_Medium_Euro 1,,Highway,,,10,130,0,0,0.0019,0,0,0,1,0,1,1,1 
PCB_12,Passenger Cars_LPG Bifuel ~ Petrol_Medium_Euro 1,,Urban Peak,,,10,130,0,0,0.00322,0,0,0,1,0,1,1,1 
PCB_12,Passenger Cars_LPG Bifuel ~ Petrol_Medium_Euro 1,,Urban Off Peak,,,10,130,0,0,0.00322,0,0,0,1,0,1,1,1 
PCB_12,Passenger Cars_LPG Bifuel ~ Petrol_Medium_Euro 1,,Rural,,,10,130,0,0,0.00184,0,0,0,1,0,1,1,1 
PCB_12,Passenger Cars_LPG Bifuel ~ Petrol_Medium_Euro 1,,Highway,,,10,130,0,0,0.0019,0,0,0,1,0,1,1,1 
PCLPG_13,Passenger Cars_LPG Bifuel ~ LPG_Medium_Euro 2,,Urban Peak,,,10,130,0,0,0.00322,0,0,0,1,0,1,1,1 
PCLPG_13,Passenger Cars_LPG Bifuel ~ LPG_Medium_Euro 2,,Urban Off Peak,,,10,130,0,0,0.00322,0,0,0,1,0,1,1,1 
PCLPG_13,Passenger Cars_LPG Bifuel ~ LPG_Medium_Euro 2,,Rural,,,10,130,0,0,0.00184,0,0,0,1,0,1,1,1 
PCLPG_13,Passenger Cars_LPG Bifuel ~ LPG_Medium_Euro 2,,Highway,,,10,130,0,0,0.0019,0,0,0,1,0,1,1,1 
PCB_13,Passenger Cars_LPG Bifuel ~ Petrol_Medium_Euro 2,,Urban Peak,,,10,130,0,0,0.00322,0,0,0,1,0,1,1,1 
PCB_13,Passenger Cars_LPG Bifuel ~ Petrol_Medium_Euro 2,,Urban Off Peak,,,10,130,0,0,0.00322,0,0,0,1,0,1,1,1 
PCB_13,Passenger Cars_LPG Bifuel ~ Petrol_Medium_Euro 2,,Rural,,,10,130,0,0,0.00184,0,0,0,1,0,1,1,1 
PCB_13,Passenger Cars_LPG Bifuel ~ Petrol_Medium_Euro 2,,Highway,,,10,130,0,0,0.0019,0,0,0,1,0,1,1,1 
PCLPG_14,Passenger Cars_LPG Bifuel ~ LPG_Medium_Euro 3,,Urban Peak,,,10,130,0,0,0.00128,0,0,0,1,0,1,1,1 
PCLPG_14,Passenger Cars_LPG Bifuel ~ LPG_Medium_Euro 3,,Urban Off Peak,,,10,130,0,0,0.00128,0,0,0,1,0,1,1,1 
PCLPG_14,Passenger Cars_LPG Bifuel ~ LPG_Medium_Euro 3,,Rural,,,10,130,0,0,0.000836,0,0,0,1,0,1,1,1 
PCLPG_14,Passenger Cars_LPG Bifuel ~ LPG_Medium_Euro 3,,Highway,,,10,130,0,0,0.00119,0,0,0,1,0,1,1,1 
PCB_14,Passenger Cars_LPG Bifuel ~ Petrol_Medium_Euro 3,,Urban Peak,,,10,130,0,0,0.00128,0,0,0,1,0,1,1,1 
PCB_14,Passenger Cars_LPG Bifuel ~ Petrol_Medium_Euro 3,,Urban Off Peak,,,10,130,0,0,0.00128,0,0,0,1,0,1,1,1 
PCB_14,Passenger Cars_LPG Bifuel ~ Petrol_Medium_Euro 3,,Rural,,,10,130,0,0,0.000836,0,0,0,1,0,1,1,1 
PCB_14,Passenger Cars_LPG Bifuel ~ Petrol_Medium_Euro 3,,Highway,,,10,130,0,0,0.00119,0,0,0,1,0,1,1,1 
PCLPG_15,Passenger Cars_LPG Bifuel ~ LPG_Medium_Euro 4,,Urban Peak,,,10,130,0,0,0.00128,0,0,0,1,0,1,1,1 
PCLPG_15,Passenger Cars_LPG Bifuel ~ LPG_Medium_Euro 4,,Urban Off Peak,,,10,130,0,0,0.00128,0,0,0,1,0,1,1,1 
PCLPG_15,Passenger Cars_LPG Bifuel ~ LPG_Medium_Euro 4,,Rural,,,10,130,0,0,0.000836,0,0,0,1,0,1,1,1 
PCLPG_15,Passenger Cars_LPG Bifuel ~ LPG_Medium_Euro 4,,Highway,,,10,130,0,0,0.00119,0,0,0,1,0,1,1,1 
PCB_15,Passenger Cars_LPG Bifuel ~ Petrol_Medium_Euro 4,,Urban Peak,,,10,130,0,0,0.00128,0,0,0,1,0,1,1,1 
PCB_15,Passenger Cars_LPG Bifuel ~ Petrol_Medium_Euro 4,,Urban Off Peak,,,10,130,0,0,0.00128,0,0,0,1,0,1,1,1 
PCB_15,Passenger Cars_LPG Bifuel ~ Petrol_Medium_Euro 4,,Rural,,,10,130,0,0,0.000836,0,0,0,1,0,1,1,1 
PCB_15,Passenger Cars_LPG Bifuel ~ Petrol_Medium_Euro 4,,Highway,,,10,130,0,0,0.00119,0,0,0,1,0,1,1,1 
PCLPG_16,Passenger Cars_LPG Bifuel ~ LPG_Medium_Euro 5,,Urban Peak,,,10,130,0,0,0.00128,0,0,0,1,0,1,1,1 
PCLPG_16,Passenger Cars_LPG Bifuel ~ LPG_Medium_Euro 5,,Urban Off Peak,,,10,130,0,0,0.00128,0,0,0,1,0,1,1,1 
PCLPG_16,Passenger Cars_LPG Bifuel ~ LPG_Medium_Euro 5,,Rural,,,10,130,0,0,0.000836,0,0,0,1,0,1,1,1 
PCLPG_16,Passenger Cars_LPG Bifuel ~ LPG_Medium_Euro 5,,Highway,,,10,130,0,0,0.00119,0,0,0,1,0,1,1,1 
PCB_16,Passenger Cars_LPG Bifuel ~ Petrol_Medium_Euro 5,,,,,10,130,5.73E-07,-0.000125895,0.006907195,0.064229411,0.000329757,-0.087766409,6.011921291,0,1,1,1 
PCLPG_17,Passenger Cars_LPG Bifuel ~ LPG_Medium_Euro 6,,Urban Peak,,,10,130,0,0,0.00128,0,0,0,1,0,1,1,1 
PCLPG_17,Passenger Cars_LPG Bifuel ~ LPG_Medium_Euro 6,,Urban Off Peak,,,10,130,0,0,0.00128,0,0,0,1,0,1,1,1 
PCLPG_17,Passenger Cars_LPG Bifuel ~ LPG_Medium_Euro 6,,Rural,,,10,130,0,0,0.000836,0,0,0,1,0,1,1,1 
PCLPG_17,Passenger Cars_LPG Bifuel ~ LPG_Medium_Euro 6,,Highway,,,10,130,0,0,0.00119,0,0,0,1,0,1,1,1 
PCB_17,Passenger Cars_LPG Bifuel ~ Petrol_Medium_Euro 6,,,,,10,130,7.36E-07,-0.000158132,0.009284705,0.04108643,0.000268768,-0.077925014,6.021053229,0,1,1,1 
PCLPG_18,Passenger Cars_LPG Bifuel ~ LPG_Large-SUV-Executive_Conventional,,Urban Peak,,,10,130,0,0,0.00322,0,0,0,1,0,1,1,1 
PCLPG_18,Passenger Cars_LPG Bifuel ~ LPG_Large-SUV-Executive_Conventional,,Urban Off Peak,,,10,130,0,0,0.00322,0,0,0,1,0,1,1,1 
PCLPG_18,Passenger Cars_LPG Bifuel ~ LPG_Large-SUV-Executive_Conventional,,Rural,,,10,130,0,0,0.00184,0,0,0,1,0,1,1,1 
PCLPG_18,Passenger Cars_LPG Bifuel ~ LPG_Large-SUV-Executive_Conventional,,Highway,,,10,130,0,0,0.0019,0,0,0,1,0,1,1,1 
PCB_18,Passenger Cars_LPG Bifuel ~ Petrol_Large-SUV-Executive_Conventional,,Urban Peak,,,10,130,0,0,0.00322,0,0,0,1,0,1,1,1 
PCB_18,Passenger Cars_LPG Bifuel ~ Petrol_Large-SUV-Executive_Conventional,,Urban Off Peak,,,10,130,0,0,0.00322,0,0,0,1,0,1,1,1 
PCB_18,Passenger Cars_LPG Bifuel ~ Petrol_Large-SUV-Executive_Conventional,,Rural,,,10,130,0,0,0.00184,0,0,0,1,0,1,1,1 
PCB_18,Passenger Cars_LPG Bifuel ~ Petrol_Large-SUV-Executive_Conventional,,Highway,,,10,130,0,0,0.0019,0,0,0,1,0,1,1,1 
PCLPG_19,Passenger Cars_LPG Bifuel ~ LPG_Large-SUV-Executive_Euro 1,,Urban Peak,,,10,130,0,0,0.00322,0,0,0,1,0,1,1,1 
PCLPG_19,Passenger Cars_LPG Bifuel ~ LPG_Large-SUV-Executive_Euro 1,,Urban Off Peak,,,10,130,0,0,0.00322,0,0,0,1,0,1,1,1 
PCLPG_19,Passenger Cars_LPG Bifuel ~ LPG_Large-SUV-Executive_Euro 1,,Rural,,,10,130,0,0,0.00184,0,0,0,1,0,1,1,1 
PCLPG_19,Passenger Cars_LPG Bifuel ~ LPG_Large-SUV-Executive_Euro 1,,Highway,,,10,130,0,0,0.0019,0,0,0,1,0,1,1,1 
PCB_19,Passenger Cars_LPG Bifuel ~ Petrol_Large-SUV-Executive_Euro 1,,Urban Peak,,,10,130,0,0,0.00322,0,0,0,1,0,1,1,1 
PCB_19,Passenger Cars_LPG Bifuel ~ Petrol_Large-SUV-Executive_Euro 1,,Urban Off Peak,,,10,130,0,0,0.00322,0,0,0,1,0,1,1,1 
PCB_19,Passenger Cars_LPG Bifuel ~ Petrol_Large-SUV-Executive_Euro 1,,Rural,,,10,130,0,0,0.00184,0,0,0,1,0,1,1,1 
PCB_19,Passenger Cars_LPG Bifuel ~ Petrol_Large-SUV-Executive_Euro 1,,Highway,,,10,130,0,0,0.0019,0,0,0,1,0,1,1,1 
PCLPG_20,Passenger Cars_LPG Bifuel ~ LPG_Large-SUV-Executive_Euro 2,,Urban Peak,,,10,130,0,0,0.00322,0,0,0,1,0,1,1,1 
PCLPG_20,Passenger Cars_LPG Bifuel ~ LPG_Large-SUV-Executive_Euro 2,,Urban Off Peak,,,10,130,0,0,0.00322,0,0,0,1,0,1,1,1 
PCLPG_20,Passenger Cars_LPG Bifuel ~ LPG_Large-SUV-Executive_Euro 2,,Rural,,,10,130,0,0,0.00184,0,0,0,1,0,1,1,1 
PCLPG_20,Passenger Cars_LPG Bifuel ~ LPG_Large-SUV-Executive_Euro 2,,Highway,,,10,130,0,0,0.0019,0,0,0,1,0,1,1,1 
PCB_20,Passenger Cars_LPG Bifuel ~ Petrol_Large-SUV-Executive_Euro 2,,Urban Peak,,,10,130,0,0,0.00322,0,0,0,1,0,1,1,1 
PCB_20,Passenger Cars_LPG Bifuel ~ Petrol_Large-SUV-Executive_Euro 2,,Urban Off Peak,,,10,130,0,0,0.00322,0,0,0,1,0,1,1,1 
PCB_20,Passenger Cars_LPG Bifuel ~ Petrol_Large-SUV-Executive_Euro 2,,Rural,,,10,130,0,0,0.00184,0,0,0,1,0,1,1,1 
PCB_20,Passenger Cars_LPG Bifuel ~ Petrol_Large-SUV-Executive_Euro 2,,Highway,,,10,130,0,0,0.0019,0,0,0,1,0,1,1,1 
PCLPG_21,Passenger Cars_LPG Bifuel ~ LPG_Large-SUV-Executive_Euro 3,,Urban Peak,,,10,130,0,0,0.00128,0,0,0,1,0,1,1,1 
PCLPG_21,Passenger Cars_LPG Bifuel ~ LPG_Large-SUV-Executive_Euro 3,,Urban Off Peak,,,10,130,0,0,0.00128,0,0,0,1,0,1,1,1 
PCLPG_21,Passenger Cars_LPG Bifuel ~ LPG_Large-SUV-Executive_Euro 3,,Rural,,,10,130,0,0,0.000836,0,0,0,1,0,1,1,1 
PCLPG_21,Passenger Cars_LPG Bifuel ~ LPG_Large-SUV-Executive_Euro 3,,Highway,,,10,130,0,0,0.00119,0,0,0,1,0,1,1,1 
PCB_21,Passenger Cars_LPG Bifuel ~ Petrol_Large-SUV-Executive_Euro 3,,Urban Peak,,,10,130,0,0,0.00128,0,0,0,1,0,1,1,1 
PCB_21,Passenger Cars_LPG Bifuel ~ Petrol_Large-SUV-Executive_Euro 3,,Urban Off Peak,,,10,130,0,0,0.00128,0,0,0,1,0,1,1,1 
PCB_21,Passenger Cars_LPG Bifuel ~ Petrol_Large-SUV-Executive_Euro 3,,Rural,,,10,130,0,0,0.000836,0,0,0,1,0,1,1,1 
PCB_21,Passenger Cars_LPG Bifuel ~ Petrol_Large-SUV-Executive_Euro 3,,Highway,,,10,130,0,0,0.00119,0,0,0,1,0,1,1,1 
PCLPG_22,Passenger Cars_LPG Bifuel ~ LPG_Large-SUV-Executive_Euro 4,,Urban Peak,,,10,130,0,0,0.00128,0,0,0,1,0,1,1,1 
PCLPG_22,Passenger Cars_LPG Bifuel ~ LPG_Large-SUV-Executive_Euro 4,,Urban Off Peak,,,10,130,0,0,0.00128,0,0,0,1,0,1,1,1 
PCLPG_22,Passenger Cars_LPG Bifuel ~ LPG_Large-SUV-Executive_Euro 4,,Rural,,,10,130,0,0,0.000836,0,0,0,1,0,1,1,1 
PCLPG_22,Passenger Cars_LPG Bifuel ~ LPG_Large-SUV-Executive_Euro 4,,Highway,,,10,130,0,0,0.00119,0,0,0,1,0,1,1,1 
PCB_22,Passenger Cars_LPG Bifuel ~ Petrol_Large-SUV-Executive_Euro 4,,Urban Peak,,,10,130,0,0,0.00128,0,0,0,1,0,1,1,1 
PCB_22,Passenger Cars_LPG Bifuel ~ Petrol_Large-SUV-Executive_Euro 4,,Urban Off Peak,,,10,130,0,0,0.00128,0,0,0,1,0,1,1,1 
PCB_22,Passenger Cars_LPG Bifuel ~ Petrol_Large-SUV-Executive_Euro 4,,Rural,,,10,130,0,0,0.000836,0,0,0,1,0,1,1,1 
PCB_22,Passenger Cars_LPG Bifuel ~ Petrol_Large-SUV-Executive_Euro 4,,Highway,,,10,130,0,0,0.00119,0,0,0,1,0,1,1,1 
PCLPG_23,Passenger Cars_LPG Bifuel ~ LPG_Large-SUV-Executive_Euro 5,,Urban Peak,,,10,130,0,0,0.00128,0,0,0,1,0,1,1,1 
PCLPG_23,Passenger Cars_LPG Bifuel ~ LPG_Large-SUV-Executive_Euro 5,,Urban Off Peak,,,10,130,0,0,0.00128,0,0,0,1,0,1,1,1 
PCLPG_23,Passenger Cars_LPG Bifuel ~ LPG_Large-SUV-Executive_Euro 5,,Rural,,,10,130,0,0,0.000836,0,0,0,1,0,1,1,1 
PCLPG_23,Passenger Cars_LPG Bifuel ~ LPG_Large-SUV-Executive_Euro 5,,Highway,,,10,130,0,0,0.00119,0,0,0,1,0,1,1,1 
PCB_23,Passenger Cars_LPG Bifuel ~ Petrol_Large-SUV-Executive_Euro 5,,,,,10,130,5.73E-07,-0.000125895,0.006907195,0.064229411,0.000329757,-0.087766409,6.011921291,0,1,1,1 
PCLPG_24,Passenger Cars_LPG Bifuel ~ LPG_Large-SUV-Executive_Euro 6,,Urban Peak,,,10,130,0,0,0.00128,0,0,0,1,0,1,1,1 
PCLPG_24,Passenger Cars_LPG Bifuel ~ LPG_Large-SUV-Executive_Euro 6,,Urban Off Peak,,,10,130,0,0,0.00128,0,0,0,1,0,1,1,1 
PCLPG_24,Passenger Cars_LPG Bifuel ~ LPG_Large-SUV-Executive_Euro 6,,Rural,,,10,130,0,0,0.000836,0,0,0,1,0,1,1,1 
PCLPG_24,Passenger Cars_LPG Bifuel ~ LPG_Large-SUV-Executive_Euro 6,,Highway,,,10,130,0,0,0.00119,0,0,0,1,0,1,1,1 
PCB_24,Passenger Cars_LPG Bifuel ~ Petrol_Large-SUV-Executive_Euro 6,,,,,10,130,7.36E-07,-0.000158132,0.009284705,0.04108643,0.000268768,-0.077925014,6.021053229,0,1,1,1 
PCCNG_1,Passenger Cars_CNG Bifuel ~ CNG_Mini_Euro 4,,Urban Peak,,,10,130,0,0,0.00128,0,0,0,1,0,1,1,1 
PCCNG_1,Passenger Cars_CNG Bifuel ~ CNG_Mini_Euro 4,,Urban Off Peak,,,10,130,0,0,0.00128,0,0,0,1,0,1,1,1 
PCCNG_1,Passenger Cars_CNG Bifuel ~ CNG_Mini_Euro 4,,Rural,,,10,130,0,0,0.000836,0,0,0,1,0,1,1,1 
PCCNG_1,Passenger Cars_CNG Bifuel ~ CNG_Mini_Euro 4,,Highway,,,10,130,0,0,0.00119,0,0,0,1,0,1,1,1 
PCB_25,Passenger Cars_CNG Bifuel ~ Petrol_Mini_Euro 4,,Urban Peak,,,10,130,0,0,0.00128,0,0,0,1,0,1,1,1 
PCB_25,Passenger Cars_CNG Bifuel ~ Petrol_Mini_Euro 4,,Urban Off Peak,,,10,130,0,0,0.00128,0,0,0,1,0,1,1,1 
PCB_25,Passenger Cars_CNG Bifuel ~ Petrol_Mini_Euro 4,,Rural,,,10,130,0,0,0.000836,0,0,0,1,0,1,1,1 
PCB_25,Passenger Cars_CNG Bifuel ~ Petrol_Mini_Euro 4,,Highway,,,10,130,0,0,0.00119,0,0,0,1,0,1,1,1 
PCCNG_2,Passenger Cars_CNG Bifuel ~ CNG_Mini_Euro 5,,Urban Peak,,,10,130,0,0,0.00128,0,0,0,1,0,1,1,1 
PCCNG_2,Passenger Cars_CNG Bifuel ~ CNG_Mini_Euro 5,,Urban Off Peak,,,10,130,0,0,0.00128,0,0,0,1,0,1,1,1 
PCCNG_2,Passenger Cars_CNG Bifuel ~ CNG_Mini_Euro 5,,Rural,,,10,130,0,0,0.000836,0,0,0,1,0,1,1,1 
PCCNG_2,Passenger Cars_CNG Bifuel ~ CNG_Mini_Euro 5,,Highway,,,10,130,0,0,0.00119,0,0,0,1,0,1,1,1 
PCB_26,Passenger Cars_CNG Bifuel ~ Petrol_Mini_Euro 5,,,,,10,130,5.73E-07,-0.000125895,0.006907195,0.064229411,0.000329757,-0.087766409,6.011921291,0,1,1,1 
PCCNG_3,Passenger Cars_CNG Bifuel ~ CNG_Mini_Euro 6,,Urban Peak,,,10,130,0,0,0.00128,0,0,0,1,0,1,1,1 
PCCNG_3,Passenger Cars_CNG Bifuel ~ CNG_Mini_Euro 6,,Urban Off Peak,,,10,130,0,0,0.00128,0,0,0,1,0,1,1,1 
PCCNG_3,Passenger Cars_CNG Bifuel ~ CNG_Mini_Euro 6,,Rural,,,10,130,0,0,0.000836,0,0,0,1,0,1,1,1 
PCCNG_3,Passenger Cars_CNG Bifuel ~ CNG_Mini_Euro 6,,Highway,,,10,130,0,0,0.00119,0,0,0,1,0,1,1,1 
PCB_27,Passenger Cars_CNG Bifuel ~ Petrol_Mini_Euro 6,,,,,10,130,7.36E-07,-0.000158132,0.009284705,0.04108643,0.000268768,-0.077925014,6.021053229,0,1,1,1 
PCCNG_4,Passenger Cars_CNG Bifuel ~ CNG_Small_Euro 4,,Urban Peak,,,10,130,0,0,0.00128,0,0,0,1,0,1,1,1 
PCCNG_4,Passenger Cars_CNG Bifuel ~ CNG_Small_Euro 4,,Urban Off Peak,,,10,130,0,0,0.00128,0,0,0,1,0,1,1,1 
PCCNG_4,Passenger Cars_CNG Bifuel ~ CNG_Small_Euro 4,,Rural,,,10,130,0,0,0.000836,0,0,0,1,0,1,1,1 
PCCNG_4,Passenger Cars_CNG Bifuel ~ CNG_Small_Euro 4,,Highway,,,10,130,0,0,0.00119,0,0,0,1,0,1,1,1 
PCB_28,Passenger Cars_CNG Bifuel ~ Petrol_Small_Euro 4,,Urban Peak,,,10,130,0,0,0.00128,0,0,0,1,0,1,1,1 
PCB_28,Passenger Cars_CNG Bifuel ~ Petrol_Small_Euro 4,,Urban Off Peak,,,10,130,0,0,0.00128,0,0,0,1,0,1,1,1 
PCB_28,Passenger Cars_CNG Bifuel ~ Petrol_Small_Euro 4,,Rural,,,10,130,0,0,0.000836,0,0,0,1,0,1,1,1 
PCB_28,Passenger Cars_CNG Bifuel ~ Petrol_Small_Euro 4,,Highway,,,10,130,0,0,0.00119,0,0,0,1,0,1,1,1 
PCCNG_5,Passenger Cars_CNG Bifuel ~ CNG_Small_Euro 5,,Urban Peak,,,10,130,0,0,0.00128,0,0,0,1,0,1,1,1 
PCCNG_5,Passenger Cars_CNG Bifuel ~ CNG_Small_Euro 5,,Urban Off Peak,,,10,130,0,0,0.00128,0,0,0,1,0,1,1,1 
PCCNG_5,Passenger Cars_CNG Bifuel ~ CNG_Small_Euro 5,,Rural,,,10,130,0,0,0.000836,0,0,0,1,0,1,1,1 
PCCNG_5,Passenger Cars_CNG Bifuel ~ CNG_Small_Euro 5,,Highway,,,10,130,0,0,0.00119,0,0,0,1,0,1,1,1 
PCB_29,Passenger Cars_CNG Bifuel ~ Petrol_Small_Euro 5,,,,,10,130,5.73E-07,-0.000125895,0.006907195,0.064229411,0.000329757,-0.087766409,6.011921291,0,1,1,1 
PCCNG_6,Passenger Cars_CNG Bifuel ~ CNG_Small_Euro 6,,Urban Peak,,,10,130,0,0,0.00128,0,0,0,1,0,1,1,1 
PCCNG_6,Passenger Cars_CNG Bifuel ~ CNG_Small_Euro 6,,Urban Off Peak,,,10,130,0,0,0.00128,0,0,0,1,0,1,1,1 
PCCNG_6,Passenger Cars_CNG Bifuel ~ CNG_Small_Euro 6,,Rural,,,10,130,0,0,0.000836,0,0,0,1,0,1,1,1 
PCCNG_6,Passenger Cars_CNG Bifuel ~ CNG_Small_Euro 6,,Highway,,,10,130,0,0,0.00119,0,0,0,1,0,1,1,1 
PCB_30,Passenger Cars_CNG Bifuel ~ Petrol_Small_Euro 6,,,,,10,130,7.36E-07,-0.000158132,0.009284705,0.04108643,0.000268768,-0.077925014,6.021053229,0,1,1,1 
PCCNG_7,Passenger Cars_CNG Bifuel ~ CNG_Medium_Euro 4,,Urban Peak,,,10,130,0,0,0.00128,0,0,0,1,0,1,1,1 
PCCNG_7,Passenger Cars_CNG Bifuel ~ CNG_Medium_Euro 4,,Urban Off Peak,,,10,130,0,0,0.00128,0,0,0,1,0,1,1,1 
PCCNG_7,Passenger Cars_CNG Bifuel ~ CNG_Medium_Euro 4,,Rural,,,10,130,0,0,0.000836,0,0,0,1,0,1,1,1 
PCCNG_7,Passenger Cars_CNG Bifuel ~ CNG_Medium_Euro 4,,Highway,,,10,130,0,0,0.00119,0,0,0,1,0,1,1,1 
PCB_31,Passenger Cars_CNG Bifuel ~ Petrol_Medium_Euro 4,,Urban Peak,,,10,130,0,0,0.00128,0,0,0,1,0,1,1,1 
PCB_31,Passenger Cars_CNG Bifuel ~ Petrol_Medium_Euro 4,,Urban Off Peak,,,10,130,0,0,0.00128,0,0,0,1,0,1,1,1 
PCB_31,Passenger Cars_CNG Bifuel ~ Petrol_Medium_Euro 4,,Rural,,,10,130,0,0,0.000836,0,0,0,1,0,1,1,1 
PCB_31,Passenger Cars_CNG Bifuel ~ Petrol_Medium_Euro 4,,Highway,,,10,130,0,0,0.00119,0,0,0,1,0,1,1,1 
PCCNG_8,Passenger Cars_CNG Bifuel ~ CNG_Medium_Euro 5,,Urban Peak,,,10,130,0,0,0.00128,0,0,0,1,0,1,1,1 
PCCNG_8,Passenger Cars_CNG Bifuel ~ CNG_Medium_Euro 5,,Urban Off Peak,,,10,130,0,0,0.00128,0,0,0,1,0,1,1,1 
PCCNG_8,Passenger Cars_CNG Bifuel ~ CNG_Medium_Euro 5,,Rural,,,10,130,0,0,0.000836,0,0,0,1,0,1,1,1 
PCCNG_8,Passenger Cars_CNG Bifuel ~ CNG_Medium_Euro 5,,Highway,,,10,130,0,0,0.00119,0,0,0,1,0,1,1,1 
PCB_32,Passenger Cars_CNG Bifuel ~ Petrol_Medium_Euro 5,,,,,10,130,5.73E-07,-0.000125895,0.006907195,0.064229411,0.000329757,-0.087766409,6.011921291,0,1,1,1 
PCCNG_9,Passenger Cars_CNG Bifuel ~ CNG_Medium_Euro 6,,Urban Peak,,,10,130,0,0,0.00128,0,0,0,1,0,1,1,1 
PCCNG_9,Passenger Cars_CNG Bifuel ~ CNG_Medium_Euro 6,,Urban Off Peak,,,10,130,0,0,0.00128,0,0,0,1,0,1,1,1 
PCCNG_9,Passenger Cars_CNG Bifuel ~ CNG_Medium_Euro 6,,Rural,,,10,130,0,0,0.000836,0,0,0,1,0,1,1,1 
PCCNG_9,Passenger Cars_CNG Bifuel ~ CNG_Medium_Euro 6,,Highway,,,10,130,0,0,0.00119,0,0,0,1,0,1,1,1 
PCB_33,Passenger Cars_CNG Bifuel ~ Petrol_Medium_Euro 6,,,,,10,130,7.36E-07,-0.000158132,0.009284705,0.04108643,0.000268768,-0.077925014,6.021053229,0,1,1,1 
PCCNG_10,Passenger Cars_CNG Bifuel ~ CNG_Large-SUV-Executive_Euro 4,,Urban Peak,,,10,130,0,0,0.00128,0,0,0,1,0,1,1,1 
PCCNG_10,Passenger Cars_CNG Bifuel ~ CNG_Large-SUV-Executive_Euro 4,,Urban Off Peak,,,10,130,0,0,0.00128,0,0,0,1,0,1,1,1 
PCCNG_10,Passenger Cars_CNG Bifuel ~ CNG_Large-SUV-Executive_Euro 4,,Rural,,,10,130,0,0,0.000836,0,0,0,1,0,1,1,1 
PCCNG_10,Passenger Cars_CNG Bifuel ~ CNG_Large-SUV-Executive_Euro 4,,Highway,,,10,130,0,0,0.00119,0,0,0,1,0,1,1,1 
PCB_34,Passenger Cars_CNG Bifuel ~ Petrol_Large-SUV-Executive_Euro 4,,Urban Peak,,,10,130,0,0,0.00128,0,0,0,1,0,1,1,1 
PCB_34,Passenger Cars_CNG Bifuel ~ Petrol_Large-SUV-Executive_Euro 4,,Urban Off Peak,,,10,130,0,0,0.00128,0,0,0,1,0,1,1,1 
PCB_34,Passenger Cars_CNG Bifuel ~ Petrol_Large-SUV-Executive_Euro 4,,Rural,,,10,130,0,0,0.000836,0,0,0,1,0,1,1,1 
PCB_34,Passenger Cars_CNG Bifuel ~ Petrol_Large-SUV-Executive_Euro 4,,Highway,,,10,130,0,0,0.00119,0,0,0,1,0,1,1,1 
PCCNG_11,Passenger Cars_CNG Bifuel ~ CNG_Large-SUV-Executive_Euro 5,,Urban Peak,,,10,130,0,0,0.00128,0,0,0,1,0,1,1,1 
PCCNG_11,Passenger Cars_CNG Bifuel ~ CNG_Large-SUV-Executive_Euro 5,,Urban Off Peak,,,10,130,0,0,0.00128,0,0,0,1,0,1,1,1 
PCCNG_11,Passenger Cars_CNG Bifuel ~ CNG_Large-SUV-Executive_Euro 5,,Rural,,,10,130,0,0,0.000836,0,0,0,1,0,1,1,1 
PCCNG_11,Passenger Cars_CNG Bifuel ~ CNG_Large-SUV-Executive_Euro 5,,Highway,,,10,130,0,0,0.00119,0,0,0,1,0,1,1,1 
PCB_35,Passenger Cars_CNG Bifuel ~ Petrol_Large-SUV-Executive_Euro 5,,,,,10,130,5.73E-07,-0.000125895,0.006907195,0.064229411,0.000329757,-0.087766409,6.011921291,0,1,1,1 
PCCNG_12,Passenger Cars_CNG Bifuel ~ CNG_Large-SUV-Executive_Euro 6,,Urban Peak,,,10,130,0,0,0.00128,0,0,0,1,0,1,1,1 
PCCNG_12,Passenger Cars_CNG Bifuel ~ CNG_Large-SUV-Executive_Euro 6,,Urban Off Peak,,,10,130,0,0,0.00128,0,0,0,1,0,1,1,1 
PCCNG_12,Passenger Cars_CNG Bifuel ~ CNG_Large-SUV-Executive_Euro 6,,Rural,,,10,130,0,0,0.000836,0,0,0,1,0,1,1,1 
PCCNG_12,Passenger Cars_CNG Bifuel ~ CNG_Large-SUV-Executive_Euro 6,,Highway,,,10,130,0,0,0.00119,0,0,0,1,0,1,1,1 
PCB_36,Passenger Cars_CNG Bifuel ~ Petrol_Large-SUV-Executive_Euro 6,,,,,10,130,7.36E-07,-0.000158132,0.009284705,0.04108643,0.000268768,-0.077925014,6.021053229,0,1,1,1 
LDVG_1,Light Commercial Vehicles_Petrol_N1-I_Conventional,,Urban Peak,,,10,110,0,0,0.00322,0,0,0,1,0,1,1,1 
LDVG_1,Light Commercial Vehicles_Petrol_N1-I_Conventional,,Urban Off Peak,,,10,110,0,0,0.00322,0,0,0,1,0,1,1,1 
LDVG_1,Light Commercial Vehicles_Petrol_N1-I_Conventional,,Rural,,,10,110,0,0,0.00184,0,0,0,1,0,1,1,1 
LDVG_1,Light Commercial Vehicles_Petrol_N1-I_Conventional,,Highway,,,10,110,0,0,0.0019,0,0,0,1,0,1,1,1 
LDVG_2,Light Commercial Vehicles_Petrol_N1-I_Euro 1,,Urban Peak,,,10,110,0,0,0.00322,0,0,0,1,0,1,1,1 
LDVG_2,Light Commercial Vehicles_Petrol_N1-I_Euro 1,,Urban Off Peak,,,10,110,0,0,0.00322,0,0,0,1,0,1,1,1 
LDVG_2,Light Commercial Vehicles_Petrol_N1-I_Euro 1,,Rural,,,10,110,0,0,0.00184,0,0,0,1,0,1,1,1 
LDVG_2,Light Commercial Vehicles_Petrol_N1-I_Euro 1,,Highway,,,10,110,0,0,0.0019,0,0,0,1,0,1,1,1 
LDVG_3,Light Commercial Vehicles_Petrol_N1-I_Euro 2,,Urban Peak,,,10,110,0,0,0.00322,0,0,0,1,0,1,1,1 
LDVG_3,Light Commercial Vehicles_Petrol_N1-I_Euro 2,,Urban Off Peak,,,10,110,0,0,0.00322,0,0,0,1,0,1,1,1 
LDVG_3,Light Commercial Vehicles_Petrol_N1-I_Euro 2,,Rural,,,10,110,0,0,0.00184,0,0,0,1,0,1,1,1 
LDVG_3,Light Commercial Vehicles_Petrol_N1-I_Euro 2,,Highway,,,10,110,0,0,0.0019,0,0,0,1,0,1,1,1 
LDVG_4,Light Commercial Vehicles_Petrol_N1-I_Euro 3,,Urban Peak,,,10,110,0,0,0.00128,0,0,0,1,0,1,1,1 
LDVG_4,Light Commercial Vehicles_Petrol_N1-I_Euro 3,,Urban Off Peak,,,10,110,0,0,0.00128,0,0,0,1,0,1,1,1 
LDVG_4,Light Commercial Vehicles_Petrol_N1-I_Euro 3,,Rural,,,10,110,0,0,0.000836,0,0,0,1,0,1,1,1 
LDVG_4,Light Commercial Vehicles_Petrol_N1-I_Euro 3,,Highway,,,10,110,0,0,0.00119,0,0,0,1,0,1,1,1 
LDVG_5,Light Commercial Vehicles_Petrol_N1-I_Euro 4,,Urban Peak,,,10,110,0,0,0.00128,0,0,0,1,0,1,1,1 
LDVG_5,Light Commercial Vehicles_Petrol_N1-I_Euro 4,,Urban Off Peak,,,10,110,0,0,0.00128,0,0,0,1,0,1,1,1 
LDVG_5,Light Commercial Vehicles_Petrol_N1-I_Euro 4,,Rural,,,10,110,0,0,0.000836,0,0,0,1,0,1,1,1 
LDVG_5,Light Commercial Vehicles_Petrol_N1-I_Euro 4,,Highway,,,10,110,0,0,0.00119,0,0,0,1,0,1,1,1 
LDVG_6,Light Commercial Vehicles_Petrol_N1-I_Euro 5,,,,,5,140,8.73E-05,-0.000238433,0.041635648,-0.086289778,-0.02446078,4.866336391,0.036513155,0,1,1,1 
LDVG_7,Light Commercial Vehicles_Petrol_N1-I_Euro 6 up to 2016,,,,,5,140,8.73E-05,-0.000238433,0.041635648,-0.086289778,-0.02446078,4.866336391,0.036513155,0,1,1,1 
LDVG_8,Light Commercial Vehicles_Petrol_N1-I_Euro 6 2017-2019,,,,,5,140,8.73E-05,-0.000238433,0.041635648,-0.086289778,-0.02446078,4.866336391,0.036513155,0,1,1,1 
LDVG_9,Light Commercial Vehicles_Petrol_N1-I_Euro 6 2020+,,,,,5,140,8.73E-05,-0.000238433,0.041635648,-0.086289778,-0.02446078,4.866336391,0.036513155,0,1,1,1 
LDVG_10,Light Commercial Vehicles_Petrol_N1-II_Conventional,,Urban Peak,,,10,110,0,0,0.00322,0,0,0,1,0,1,1,1 
LDVG_10,Light Commercial Vehicles_Petrol_N1-II_Conventional,,Urban Off Peak,,,10,110,0,0,0.00322,0,0,0,1,0,1,1,1 
LDVG_10,Light Commercial Vehicles_Petrol_N1-II_Conventional,,Rural,,,10,110,0,0,0.00184,0,0,0,1,0,1,1,1 
LDVG_10,Light Commercial Vehicles_Petrol_N1-II_Conventional,,Highway,,,10,110,0,0,0.0019,0,0,0,1,0,1,1,1 
LDVG_11,Light Commercial Vehicles_Petrol_N1-II_Euro 1,,Urban Peak,,,10,110,0,0,0.00322,0,0,0,1,0,1,1,1 
LDVG_11,Light Commercial Vehicles_Petrol_N1-II_Euro 1,,Urban Off Peak,,,10,110,0,0,0.00322,0,0,0,1,0,1,1,1 
LDVG_11,Light Commercial Vehicles_Petrol_N1-II_Euro 1,,Rural,,,10,110,0,0,0.00184,0,0,0,1,0,1,1,1 
LDVG_11,Light Commercial Vehicles_Petrol_N1-II_Euro 1,,Highway,,,10,110,0,0,0.0019,0,0,0,1,0,1,1,1 
LDVG_12,Light Commercial Vehicles_Petrol_N1-II_Euro 2,,Urban Peak,,,10,110,0,0,0.00322,0,0,0,1,0,1,1,1 
LDVG_12,Light Commercial Vehicles_Petrol_N1-II_Euro 2,,Urban Off Peak,,,10,110,0,0,0.00322,0,0,0,1,0,1,1,1 
LDVG_12,Light Commercial Vehicles_Petrol_N1-II_Euro 2,,Rural,,,10,110,0,0,0.00184,0,0,0,1,0,1,1,1 
LDVG_12,Light Commercial Vehicles_Petrol_N1-II_Euro 2,,Highway,,,10,110,0,0,0.0019,0,0,0,1,0,1,1,1 
LDVG_13,Light Commercial Vehicles_Petrol_N1-II_Euro 3,,Urban Peak,,,10,110,0,0,0.00128,0,0,0,1,0,1,1,1 
LDVG_13,Light Commercial Vehicles_Petrol_N1-II_Euro 3,,Urban Off Peak,,,10,110,0,0,0.00128,0,0,0,1,0,1,1,1 
LDVG_13,Light Commercial Vehicles_Petrol_N1-II_Euro 3,,Rural,,,10,110,0,0,0.000836,0,0,0,1,0,1,1,1 
LDVG_13,Light Commercial Vehicles_Petrol_N1-II_Euro 3,,Highway,,,10,110,0,0,0.00119,0,0,0,1,0,1,1,1 
LDVG_14,Light Commercial Vehicles_Petrol_N1-II_Euro 4,,Urban Peak,,,10,110,0,0,0.00128,0,0,0,1,0,1,1,1 
LDVG_14,Light Commercial Vehicles_Petrol_N1-II_Euro 4,,Urban Off Peak,,,10,110,0,0,0.00128,0,0,0,1,0,1,1,1 
LDVG_14,Light Commercial Vehicles_Petrol_N1-II_Euro 4,,Rural,,,10,110,0,0,0.000836,0,0,0,1,0,1,1,1 
LDVG_14,Light Commercial Vehicles_Petrol_N1-II_Euro 4,,Highway,,,10,110,0,0,0.00119,0,0,0,1,0,1,1,1 
LDVG_15,Light Commercial Vehicles_Petrol_N1-II_Euro 5,,,,,5,140,8.73E-05,-0.000238433,0.041635648,-0.086289778,-0.02446078,4.866336391,0.036513155,0,1,1,1 
LDVG_16,Light Commercial Vehicles_Petrol_N1-II_Euro 6 up to 2017,,,,,5,140,8.73E-05,-0.000238433,0.041635648,-0.086289778,-0.02446078,4.866336391,0.036513155,0,1,1,1 
LDVG_17,Light Commercial Vehicles_Petrol_N1-II_Euro 6 2018-2020,,,,,5,140,8.73E-05,-0.000238433,0.041635648,-0.086289778,-0.02446078,4.866336391,0.036513155,0,1,1,1 
LDVG_18,Light Commercial Vehicles_Petrol_N1-II_Euro 6 2021+,,,,,5,140,8.73E-05,-0.000238433,0.041635648,-0.086289778,-0.02446078,4.866336391,0.036513155,0,1,1,1 
LDVG_19,Light Commercial Vehicles_Petrol_N1-III_Conventional,,Urban Peak,,,10,110,0,0,0.00322,0,0,0,1,0,1,1,1 
LDVG_19,Light Commercial Vehicles_Petrol_N1-III_Conventional,,Urban Off Peak,,,10,110,0,0,0.00322,0,0,0,1,0,1,1,1 
LDVG_19,Light Commercial Vehicles_Petrol_N1-III_Conventional,,Rural,,,10,110,0,0,0.00184,0,0,0,1,0,1,1,1 
LDVG_19,Light Commercial Vehicles_Petrol_N1-III_Conventional,,Highway,,,10,110,0,0,0.0019,0,0,0,1,0,1,1,1 
LDVG_20,Light Commercial Vehicles_Petrol_N1-III_Euro 1,,Urban Peak,,,10,110,0,0,0.00322,0,0,0,1,0,1,1,1 
LDVG_20,Light Commercial Vehicles_Petrol_N1-III_Euro 1,,Urban Off Peak,,,10,110,0,0,0.00322,0,0,0,1,0,1,1,1 
LDVG_20,Light Commercial Vehicles_Petrol_N1-III_Euro 1,,Rural,,,10,110,0,0,0.00184,0,0,0,1,0,1,1,1 
LDVG_20,Light Commercial Vehicles_Petrol_N1-III_Euro 1,,Highway,,,10,110,0,0,0.0019,0,0,0,1,0,1,1,1 
LDVG_21,Light Commercial Vehicles_Petrol_N1-III_Euro 2,,Urban Peak,,,10,110,0,0,0.00322,0,0,0,1,0,1,1,1 
LDVG_21,Light Commercial Vehicles_Petrol_N1-III_Euro 2,,Urban Off Peak,,,10,110,0,0,0.00322,0,0,0,1,0,1,1,1 
LDVG_21,Light Commercial Vehicles_Petrol_N1-III_Euro 2,,Rural,,,10,110,0,0,0.00184,0,0,0,1,0,1,1,1 
LDVG_21,Light Commercial Vehicles_Petrol_N1-III_Euro 2,,Highway,,,10,110,0,0,0.0019,0,0,0,1,0,1,1,1 
LDVG_22,Light Commercial Vehicles_Petrol_N1-III_Euro 3,,Urban Peak,,,10,110,0,0,0.00128,0,0,0,1,0,1,1,1 
LDVG_22,Light Commercial Vehicles_Petrol_N1-III_Euro 3,,Urban Off Peak,,,10,110,0,0,0.00128,0,0,0,1,0,1,1,1 
LDVG_22,Light Commercial Vehicles_Petrol_N1-III_Euro 3,,Rural,,,10,110,0,0,0.000836,0,0,0,1,0,1,1,1 
LDVG_22,Light Commercial Vehicles_Petrol_N1-III_Euro 3,,Highway,,,10,110,0,0,0.00119,0,0,0,1,0,1,1,1 
LDVG_23,Light Commercial Vehicles_Petrol_N1-III_Euro 4,,Urban Peak,,,10,110,0,0,0.00128,0,0,0,1,0,1,1,1 
LDVG_23,Light Commercial Vehicles_Petrol_N1-III_Euro 4,,Urban Off Peak,,,10,110,0,0,0.00128,0,0,0,1,0,1,1,1 
LDVG_23,Light Commercial Vehicles_Petrol_N1-III_Euro 4,,Rural,,,10,110,0,0,0.000836,0,0,0,1,0,1,1,1 
LDVG_23,Light Commercial Vehicles_Petrol_N1-III_Euro 4,,Highway,,,10,110,0,0,0.00119,0,0,0,1,0,1,1,1 
LDVG_24,Light Commercial Vehicles_Petrol_N1-III_Euro 5,,,,,5,140,8.73E-05,-0.000238433,0.041635648,-0.086289778,-0.02446078,4.866336391,0.036513155,0,1,1,1 
LDVG_25,Light Commercial Vehicles_Petrol_N1-III_Euro 6 up to 2017,,,,,5,140,8.73E-05,-0.000238433,0.041635648,-0.086289778,-0.02446078,4.866336391,0.036513155,0,1,1,1 
LDVG_26,Light Commercial Vehicles_Petrol_N1-III_Euro 6 2018-2020,,,,,5,140,8.73E-05,-0.000238433,0.041635648,-0.086289778,-0.02446078,4.866336391,0.036513155,0,1,1,1 
LDVG_27,Light Commercial Vehicles_Petrol_N1-III_Euro 6 2021+,,,,,5,140,8.73E-05,-0.000238433,0.041635648,-0.086289778,-0.02446078,4.866336391,0.036513155,0,1,1,1 
LDVD_1,Light Commercial Vehicles_Diesel_N1-I_Conventional,,,,,10,110,0.000106665,-0.004923649,2.457557914,-1.15E-13,-3.22E-16,2.66E-14,8.533187202,0,1,1,1 
LDVD_2,Light Commercial Vehicles_Diesel_N1-I_Euro 1,,,,,10,110,0.000179728,-0.01951049,0.771632904,-1.77E-12,-5.63E-16,5.85E-14,3.993959133,0,1,1,1 
LDVD_3,Light Commercial Vehicles_Diesel_N1-I_Euro 2,,,,,10,110,0.000179728,-0.01951049,0.771632904,-1.77E-12,-5.63E-16,5.85E-14,3.993959133,0,1,1,1 
LDVD_4,Light Commercial Vehicles_Diesel_N1-I_Euro 3,,,,,10,110,9.96E-05,-0.010807259,0.427423205,5.90E-13,-2.69E-16,2.13E-15,3.30199318,0,1,1,1 
LDVD_5,Light Commercial Vehicles_Diesel_N1-I_Euro 4,,,,,10,110,8.75E-05,-0.009500225,0.37573048,-1.11E-13,-1.29E-15,7.84E-14,5.556499257,0,1,1,1 
LDVD_6,Light Commercial Vehicles_Diesel_N1-I_Euro 5,,,,,5,100,0.000909121,0.038353382,-0.014754974,0.053694384,1.535811014,0.552018791,0.339110292,0,1,1,1 
LDVD_7,Light Commercial Vehicles_Diesel_N1-I_Euro 6 up to 2016,,,,,5,100,0.000909121,0.038353382,-0.014754974,0.053694384,1.535811014,0.552018791,0.339110292,0,1,1,1 
LDVD_8,Light Commercial Vehicles_Diesel_N1-I_Euro 6 2017-2019,,,,,5,100,0.000909121,0.038353382,-0.014754974,0.053694384,1.535811014,0.552018791,0.339110292,0,1,1,1 
LDVD_9,Light Commercial Vehicles_Diesel_N1-I_Euro 6 2020+,,,,,5,100,0.000909121,0.038353382,-0.014754974,0.053694384,1.535811014,0.552018791,0.339110292,0,1,1,1 
LDVD_10,Light Commercial Vehicles_Diesel_N1-II_Conventional,,,,,10,110,0.000106665,-0.004923649,2.457557914,-1.15E-13,-3.22E-16,2.66E-14,8.533187202,0,1,1,1 
LDVD_11,Light Commercial Vehicles_Diesel_N1-II_Euro 1,,,,,10,110,0.000179728,-0.01951049,0.771632904,-1.77E-12,-5.63E-16,5.85E-14,3.993959133,0,1,1,1 
LDVD_12,Light Commercial Vehicles_Diesel_N1-II_Euro 2,,,,,10,110,0.000179728,-0.01951049,0.771632904,-1.77E-12,-5.63E-16,5.85E-14,3.993959133,0,1,1,1 
LDVD_13,Light Commercial Vehicles_Diesel_N1-II_Euro 3,,,,,10,110,9.96E-05,-0.010807259,0.427423205,5.90E-13,-2.69E-16,2.13E-15,3.30199318,0,1,1,1 
LDVD_14,Light Commercial Vehicles_Diesel_N1-II_Euro 4,,,,,10,110,8.75E-05,-0.009500225,0.37573048,-1.11E-13,-1.29E-15,7.84E-14,5.556499257,0,1,1,1 
LDVD_15,Light Commercial Vehicles_Diesel_N1-II_Euro 5,,,,,5,100,0.000909121,0.038353382,-0.014754974,0.053694384,1.535811014,0.552018791,0.339110292,0,1,1,1 
LDVD_16,Light Commercial Vehicles_Diesel_N1-II_Euro 6 up to 2017,,,,,5,100,0.000909121,0.038353382,-0.014754974,0.053694384,1.535811014,0.552018791,0.339110292,0,1,1,1 
LDVD_17,Light Commercial Vehicles_Diesel_N1-II_Euro 6 2018-2020,,,,,5,100,0.000909121,0.038353382,-0.014754974,0.053694384,1.535811014,0.552018791,0.339110292,0,1,1,1 
LDVD_18,Light Commercial Vehicles_Diesel_N1-II_Euro 6 2021+,,,,,5,100,0.000909121,0.038353382,-0.014754974,0.053694384,1.535811014,0.552018791,0.339110292,0,1,1,1 
LDVD_19,Light Commercial Vehicles_Diesel_N1-III_Conventional,,,,,10,110,0.000106665,-0.004923649,2.457557914,-1.15E-13,-3.22E-16,2.66E-14,8.533187202,0,1,1,1 
LDVD_20,Light Commercial Vehicles_Diesel_N1-III_Euro 1,,,,,10,110,0.000179728,-0.01951049,0.771632904,-1.77E-12,-5.63E-16,5.85E-14,3.993959133,0,1,1,1 
LDVD_21,Light Commercial Vehicles_Diesel_N1-III_Euro 2,,,,,10,110,0.000179728,-0.01951049,0.771632904,-1.77E-12,-5.63E-16,5.85E-14,3.993959133,0,1,1,1 
LDVD_22,Light Commercial Vehicles_Diesel_N1-III_Euro 3,,,,,10,110,9.96E-05,-0.010807259,0.427423205,5.90E-13,-2.69E-16,2.13E-15,3.30199318,0,1,1,1 
LDVD_23,Light Commercial Vehicles_Diesel_N1-III_Euro 4,,,,,10,110,8.75E-05,-0.009500225,0.37573048,-1.11E-13,-1.29E-15,7.84E-14,5.556499257,0,1,1,1 
LDVD_24,Light Commercial Vehicles_Diesel_N1-III_Euro 5,,,,,5,100,0.000909121,0.038353382,-0.014754974,0.053694384,1.535811014,0.552018791,0.339110292,0,1,1,1 
LDVD_25,Light Commercial Vehicles_Diesel_N1-III_Euro 6 up to 2017,,,,,5,100,0.000909121,0.038353382,-0.014754974,0.053694384,1.535811014,0.552018791,0.339110292,0,1,1,1 
LDVD_26,Light Commercial Vehicles_Diesel_N1-III_Euro 6 2018-2020,,,,,5,100,0.000909121,0.038353382,-0.014754974,0.053694384,1.535811014,0.552018791,0.339110292,0,1,1,1 
LDVD_27,Light Commercial Vehicles_Diesel_N1-III_Euro 6 2021+,,,,,5,100,0.000909121,0.038353382,-0.014754974,0.053694384,1.535811014,0.552018791,0.339110292,0,1,1,1 
HDVD_1,Heavy Duty Trucks_Diesel_Rigid <=7.5 t_Conventional,,,-0.06,0,12,86,-1.66E-05,0.008982748,1.133856222,-3.760246069,0.004765539,0.098105275,0.164043884,0,1,1,1 
HDVD_1,Heavy Duty Trucks_Diesel_Rigid <=7.5 t_Conventional,,,-0.06,0.5,12,86,-1.38E-05,0.005813703,1.286916679,-4.716923089,0.005545356,0.08782788,0.33785042,0,1,1,1 
HDVD_1,Heavy Duty Trucks_Diesel_Rigid <=7.5 t_Conventional,,,-0.06,1,12,86,-1.07E-05,0.004097981,1.217920045,-4.576900536,0.005331755,0.075557634,0.360698075,0,1,1,1 
HDVD_1,Heavy Duty Trucks_Diesel_Rigid <=7.5 t_Conventional,,,-0.04,0,12,86,5.25E-05,0.004300679,1.143167748,11.5845572,-0.000623163,0.247852665,1.14463926,0,1,1,1 
HDVD_1,Heavy Duty Trucks_Diesel_Rigid <=7.5 t_Conventional,,,-0.04,0.5,12,86,-2.00E-05,0.027896943,1.63932606,-3.803652784,0.005867869,0.19990063,-0.032035883,0,1,1,1 
HDVD_1,Heavy Duty Trucks_Diesel_Rigid <=7.5 t_Conventional,,,-0.04,1,12,86,-1.96E-05,0.010703465,1.287550209,-4.499631193,0.004446147,0.095922744,0.266520156,0,1,1,1 
HDVD_1,Heavy Duty Trucks_Diesel_Rigid <=7.5 t_Conventional,,,-0.02,0,12,86,-8.00E-06,0.004315241,0.804965261,4.692912068,-0.000301636,0.101818928,0.900545056,0,1,1,1 
HDVD_1,Heavy Duty Trucks_Diesel_Rigid <=7.5 t_Conventional,,,-0.02,0.5,12,86,7.21E-06,0.004009601,0.720630812,5.097487949,-0.00023414,0.099760435,0.814764926,0,1,1,1 
HDVD_1,Heavy Duty Trucks_Diesel_Rigid <=7.5 t_Conventional,,,-0.02,1,12,86,1.51E-05,0.004193368,0.805756014,5.319752219,-0.000262375,0.118479587,0.746670521,0,1,1,1 
HDVD_1,Heavy Duty Trucks_Diesel_Rigid <=7.5 t_Conventional,,,0,0,12,86,-1.08E-05,0.002020922,0.362936059,1.842863391,-0.000153036,0.037276989,0.380868645,0,1,1,1 
HDVD_1,Heavy Duty Trucks_Diesel_Rigid <=7.5 t_Conventional,,,0,0.5,12,86,-1.41E-06,0.005768598,0.767889601,4.195997713,-0.000239416,0.083485518,0.757297239,0,1,1,1 
HDVD_1,Heavy Duty Trucks_Diesel_Rigid <=7.5 t_Conventional,,,0,1,12,86,1.49E-05,0.012117679,1.476168471,8.451060006,-0.000461614,0.161010183,1.432757189,0,1,1,1 
HDVD_1,Heavy Duty Trucks_Diesel_Rigid <=7.5 t_Conventional,,,0.02,0,12,86,1.35E-05,0.003178191,0.35009041,2.623154445,-0.000128449,0.038411724,0.39101072,0,1,1,1 
HDVD_1,Heavy Duty Trucks_Diesel_Rigid <=7.5 t_Conventional,,,0.02,0.5,12,84,7.41E-06,0.00103655,0.124383408,3.342365635,-3.92E-05,0.008763383,0.449096964,0,1,1,1 
HDVD_1,Heavy Duty Trucks_Diesel_Rigid <=7.5 t_Conventional,,,0.02,1,12,82,3.11E-18,-9.64E-17,2.523634108,3.01E-13,-0.002208794,0.237681934,0.649448495,0,1,1,1 
HDVD_1,Heavy Duty Trucks_Diesel_Rigid <=7.5 t_Conventional,,,0.04,0,12,83,6.68E-16,-4.94E-14,2.890777588,1.47E-10,-0.002920335,0.305977812,0.398875754,0,1,1,1 
HDVD_1,Heavy Duty Trucks_Diesel_Rigid <=7.5 t_Conventional,,,0.04,0.5,12,76,1.08E-16,-6.70E-15,5.216078016,6.81E-12,-0.004281474,0.432826012,1.695232709,0,1,1,1 
HDVD_1,Heavy Duty Trucks_Diesel_Rigid <=7.5 t_Conventional,,,0.04,1,12,68,5.00E-05,0.006205504,0.482875417,3.395669161,-0.000191644,0.040008382,0.479906404,0,1,1,1 
HDVD_1,Heavy Duty Trucks_Diesel_Rigid <=7.5 t_Conventional,,,0.06,0,12,74,1.49E-16,-7.69E-15,5.141168994,7.15E-12,-0.004342691,0.429868417,1.563839753,0,1,1,1 
HDVD_1,Heavy Duty Trucks_Diesel_Rigid <=7.5 t_Conventional,,,0.06,0.5,12,60,0.000394662,0.03043901,0.505918715,5.143358707,0.000620631,0.080849767,0.387188801,0,1,1,1 
HDVD_1,Heavy Duty Trucks_Diesel_Rigid <=7.5 t_Conventional,,,0.06,1,12,51,0.000632299,0.085217838,0.268477033,4.817667105,0.001357309,0.12786551,-0.025139357,0,1,1,1 
HDVD_2,Heavy Duty Trucks_Diesel_Rigid <=7.5 t_Euro I,,,-0.06,0,12,86,-1.95E-05,0.013071736,2.230793554,-0.769543995,0.013241518,0.503182201,2.482817578,0,1,1,1 
HDVD_2,Heavy Duty Trucks_Diesel_Rigid <=7.5 t_Euro I,,,-0.06,0.5,12,86,4.62E-15,-1.07E-12,3.640691856,-3.57E-10,0.017153781,0.73179454,5.847035501,0,1,1,1 
HDVD_2,Heavy Duty Trucks_Diesel_Rigid <=7.5 t_Euro I,,,-0.06,1,12,86,1.67E-06,-0.000764298,1.31973217,0.041698272,0.006668934,0.242850253,2.347156231,0,1,1,1 
HDVD_2,Heavy Duty Trucks_Diesel_Rigid <=7.5 t_Euro I,,,-0.04,0,12,86,-8.70E-14,1.09E-12,3.33732759,1.81E-08,-0.006773136,1.327983811,-1.487841059,0,1,1,1 
HDVD_2,Heavy Duty Trucks_Diesel_Rigid <=7.5 t_Euro I,,,-0.04,0.5,12,86,0.000199454,-0.01891671,0.60970484,2.143849954,0.001341516,-0.042969352,2.9249153,0,1,1,1 
HDVD_2,Heavy Duty Trucks_Diesel_Rigid <=7.5 t_Euro I,,,-0.04,1,12,86,-2.02E-05,0.015490191,1.325155105,-1.00601764,0.009613902,0.244057547,1.913732824,0,1,1,1 
HDVD_2,Heavy Duty Trucks_Diesel_Rigid <=7.5 t_Euro I,,,-0.02,0,12,86,1.82E-05,0.021670372,1.005974379,3.748460798,0.003452796,0.294240745,2.129024437,0,1,1,1 
HDVD_2,Heavy Duty Trucks_Diesel_Rigid <=7.5 t_Euro I,,,-0.02,0.5,12,86,5.45E-18,4.07E-16,1.938501456,2.96E-13,-0.001874063,0.511294857,1.789063957,0,1,1,1 
HDVD_2,Heavy Duty Trucks_Diesel_Rigid <=7.5 t_Euro I,,,-0.02,1,12,86,4.11E-18,3.88E-16,2.304594439,1.17E-13,-0.002351349,0.612445334,2.130582456,0,1,1,1 
HDVD_2,Heavy Duty Trucks_Diesel_Rigid <=7.5 t_Euro I,,,0,0,12,86,-1.57E-15,2.74E-14,2.702300917,-8.71E-11,-0.003507512,0.661413484,3.213211197,0,1,1,1 
HDVD_2,Heavy Duty Trucks_Diesel_Rigid <=7.5 t_Euro I,,,0,0.5,12,86,1.44E-18,1.43E-16,1.238164583,1.06E-13,-0.00188783,0.306556602,1.386644306,0,1,1,1 
HDVD_2,Heavy Duty Trucks_Diesel_Rigid <=7.5 t_Euro I,,,0,1,12,86,0.00020351,-0.015325852,0.578743003,1.42959866,0.001049869,-0.032650148,2.355645267,0,1,1,1 
HDVD_2,Heavy Duty Trucks_Diesel_Rigid <=7.5 t_Euro I,,,0.02,0,12,86,-4.42E-18,1.10E-16,1.834788055,-2.31E-13,-0.003612055,0.454576966,2.261187769,0,1,1,1 
HDVD_2,Heavy Duty Trucks_Diesel_Rigid <=7.5 t_Euro I,,,0.02,0.5,12,85,0.000380749,-0.031741396,1.341520595,0.894670386,0.000728565,-0.007565022,4.274138806,0,1,1,1 
HDVD_2,Heavy Duty Trucks_Diesel_Rigid <=7.5 t_Euro I,,,0.02,1,12,83,0.000304451,-0.027483882,1.289865994,0.17932814,0.000211658,0.010189887,3.678047829,0,1,1,1 
HDVD_2,Heavy Duty Trucks_Diesel_Rigid <=7.5 t_Euro I,,,0.04,0,12,83,0.001052618,-0.09540231,4.13886203,0.469948357,0.000543455,0.033878056,11.90099932,0,1,1,1 
HDVD_2,Heavy Duty Trucks_Diesel_Rigid <=7.5 t_Euro I,,,0.04,0.5,12,77,-1.15E-14,9.18E-13,2.166393598,-3.51E-10,-0.003383737,0.344471278,4.219460691,0,1,1,1 
HDVD_2,Heavy Duty Trucks_Diesel_Rigid <=7.5 t_Euro I,,,0.04,1,12,69,7.22E-05,0.025861601,1.269168087,3.502492332,-0.001041448,0.267904269,3.199159734,0,1,1,1 
HDVD_2,Heavy Duty Trucks_Diesel_Rigid <=7.5 t_Euro I,,,0.06,0,12,75,0.000111529,0.010398696,0.785433612,5.272734122,-0.000918892,0.182227487,2.912457506,0,1,1,1 
HDVD_2,Heavy Duty Trucks_Diesel_Rigid <=7.5 t_Euro I,,,0.06,0.5,12,62,0.000712563,0.121195262,-0.975304311,-3.158615435,0.004361681,0.528969072,-5.914317806,0,1,1,1 
HDVD_2,Heavy Duty Trucks_Diesel_Rigid <=7.5 t_Euro I,,,0.06,1,12,51,0.004135207,0.022016624,-0.009446748,3.708002699,0.014908884,0.071293199,0.476582641,0,1,1,1 
HDVD_3,Heavy Duty Trucks_Diesel_Rigid <=7.5 t_Euro II,,,-0.06,0,12,86,-0.000138623,0.052715963,1.035668172,0.796109526,0.045136569,1.591694867,3.287761239,0,1,1,1 
HDVD_3,Heavy Duty Trucks_Diesel_Rigid <=7.5 t_Euro II,,,-0.06,0.5,12,86,-9.85E-06,0.011101322,0.559970403,-1.947060231,0.014447769,0.445407275,2.138118382,0,1,1,1 
HDVD_3,Heavy Duty Trucks_Diesel_Rigid <=7.5 t_Euro II,,,-0.06,1,12,86,-1.29E-05,0.011846987,0.67036674,-2.468356514,0.016156479,0.468985891,2.460721001,0,1,1,1 
HDVD_3,Heavy Duty Trucks_Diesel_Rigid <=7.5 t_Euro II,,,-0.04,0,12,86,6.53E-05,-0.007039624,0.27680346,0.146591545,0.000481188,0.002884304,3.320407146,0,1,1,1 
HDVD_3,Heavy Duty Trucks_Diesel_Rigid <=7.5 t_Euro II,,,-0.04,0.5,12,86,0.000171215,-0.011699829,0.50710478,2.383046194,0.007890566,-0.217691672,10.57171191,0,1,1,1 
HDVD_3,Heavy Duty Trucks_Diesel_Rigid <=7.5 t_Euro II,,,-0.04,1,12,86,6.44E-05,-0.007184342,0.390919153,0.374112883,0.001648906,-0.002949627,5.136420512,0,1,1,1 
HDVD_3,Heavy Duty Trucks_Diesel_Rigid <=7.5 t_Euro II,,,-0.02,0,12,86,0.000263879,-0.026872693,1.10476433,0.124139783,0.000472506,0.032812997,11.14723052,0,1,1,1 
HDVD_3,Heavy Duty Trucks_Diesel_Rigid <=7.5 t_Euro II,,,-0.02,0.5,12,86,0.000112723,-0.012533249,0.517273798,0.004689763,3.43E-05,0.010319426,5.015147033,0,1,1,1 
HDVD_3,Heavy Duty Trucks_Diesel_Rigid <=7.5 t_Euro II,,,-0.02,1,12,86,6.36E-05,-0.007327204,0.308632117,0.001822365,1.47E-05,0.005265697,2.816157271,0,1,1,1 
HDVD_3,Heavy Duty Trucks_Diesel_Rigid <=7.5 t_Euro II,,,0,0,12,86,0.000248773,-0.018771264,0.854526443,0.673717658,0.001745172,-0.0340237,8.728000144,0,1,1,1 
HDVD_3,Heavy Duty Trucks_Diesel_Rigid <=7.5 t_Euro II,,,0,0.5,12,86,0.000139482,-0.011062012,0.539935517,0.263136584,0.000706614,-0.003868545,4.874799489,0,1,1,1 
HDVD_3,Heavy Duty Trucks_Diesel_Rigid <=7.5 t_Euro II,,,0,1,12,86,0.000272776,-0.024754215,1.359798809,0.162384354,0.000582618,0.030163478,10.8459044,0,1,1,1 
HDVD_3,Heavy Duty Trucks_Diesel_Rigid <=7.5 t_Euro II,,,0.02,0,12,86,-1.26E-06,0.013043624,0.640103864,1.405229758,-0.001027704,0.347907654,5.108547954,0,1,1,1 
HDVD_3,Heavy Duty Trucks_Diesel_Rigid <=7.5 t_Euro II,,,0.02,0.5,12,86,0.000108472,-0.005781573,0.255338106,0.416472858,0.001169982,-0.039582796,2.427614173,0,1,1,1 
HDVD_3,Heavy Duty Trucks_Diesel_Rigid <=7.5 t_Euro II,,,0.02,1,12,84,0.000176157,-0.013306869,0.950890703,0.232260448,0.000831821,0.012362828,6.36023701,0,1,1,1 
HDVD_3,Heavy Duty Trucks_Diesel_Rigid <=7.5 t_Euro II,,,0.04,0,12,84,2.26E-16,9.20E-15,0.833097493,7.62E-13,-0.00106939,0.154343019,5.671690681,0,1,1,1 
HDVD_3,Heavy Duty Trucks_Diesel_Rigid <=7.5 t_Euro II,,,0.04,0.5,12,80,7.16E-05,-0.009674452,0.470929034,-0.084171747,0.000125953,-0.028311072,3.044507691,0,1,1,1 
HDVD_3,Heavy Duty Trucks_Diesel_Rigid <=7.5 t_Euro II,,,0.04,1,12,73,0.000101154,-0.014481391,0.901878725,-0.00159864,2.14E-05,-0.011527754,5.047203414,0,1,1,1 
HDVD_3,Heavy Duty Trucks_Diesel_Rigid <=7.5 t_Euro II,,,0.06,0,12,79,0.000206257,-0.027675324,1.397931497,-0.158513779,0.000314484,-0.075274566,9.182228113,0,1,1,1 
HDVD_3,Heavy Duty Trucks_Diesel_Rigid <=7.5 t_Euro II,,,0.06,0.5,12,68,-1.02E-16,-1.40E-14,0.597603455,-1.88E-13,-0.000402721,0.081637325,2.927261922,0,1,1,1 
HDVD_3,Heavy Duty Trucks_Diesel_Rigid <=7.5 t_Euro II,,,0.06,1,12,51,-8.50E-05,0.050722724,1.034484335,0.65482046,0.002412872,0.392017263,4.213343095,0,1,1,1 
HDVD_4,Heavy Duty Trucks_Diesel_Rigid <=7.5 t_Euro III,,,-0.06,0,12,86,-0.000289991,0.102105389,1.627198788,0.038119733,0.042590843,1.392653826,1.603030561,0,1,1,1 
HDVD_4,Heavy Duty Trucks_Diesel_Rigid <=7.5 t_Euro III,,,-0.06,0.5,12,86,-2.46E-18,1.07E-15,0.657883252,5.92E-14,0.001164688,0.30009442,2.333626586,0,1,1,1 
HDVD_4,Heavy Duty Trucks_Diesel_Rigid <=7.5 t_Euro III,,,-0.06,1,12,86,3.11E-18,-1.51E-15,0.700634246,-3.30E-14,0.001241532,0.325902421,2.457783329,0,1,1,1 
HDVD_4,Heavy Duty Trucks_Diesel_Rigid <=7.5 t_Euro III,,,-0.04,0,12,86,4.82E-05,0.026123751,0.37177431,-2.705378457,0.008844169,0.433425158,-2.706783929,0,1,1,1 
HDVD_4,Heavy Duty Trucks_Diesel_Rigid <=7.5 t_Euro III,,,-0.04,0.5,12,86,6.39E-17,1.02E-14,1.213623955,2.86E-12,-0.002135718,0.711887111,1.957586115,0,1,1,1 
HDVD_4,Heavy Duty Trucks_Diesel_Rigid <=7.5 t_Euro III,,,-0.04,1,12,86,-0.000251115,0.070447223,0.182060854,-2.683960938,0.024171703,0.532840707,-3.182283268,0,1,1,1 
HDVD_4,Heavy Duty Trucks_Diesel_Rigid <=7.5 t_Euro III,,,-0.02,0,12,86,-6.71E-05,0.030835891,0.98257271,1.940305394,0.00722065,0.569517338,3.946682217,0,1,1,1 
HDVD_4,Heavy Duty Trucks_Diesel_Rigid <=7.5 t_Euro III,,,-0.02,0.5,12,86,-6.95E-17,-1.03E-13,0.801024635,-4.43E-15,-0.000341988,0.304743818,2.847473119,0,1,1,1 
HDVD_4,Heavy Duty Trucks_Diesel_Rigid <=7.5 t_Euro III,,,-0.02,1,12,86,-6.05E-05,0.028904543,0.946618725,1.908032675,0.006806027,0.556950812,3.980158609,0,1,1,1 
HDVD_4,Heavy Duty Trucks_Diesel_Rigid <=7.5 t_Euro III,,,0,0,12,86,-1.16E-15,-2.34E-13,0.710359167,-1.17E-11,-0.000838618,0.257462619,2.712601229,0,1,1,1 
HDVD_4,Heavy Duty Trucks_Diesel_Rigid <=7.5 t_Euro III,,,0,0.5,12,86,8.08E-17,1.07E-14,0.806860221,1.08E-12,-0.001218217,0.304826273,2.942670633,0,1,1,1 
HDVD_4,Heavy Duty Trucks_Diesel_Rigid <=7.5 t_Euro III,,,0,1,12,86,1.90E-17,1.29E-15,1.180705416,3.43E-13,-0.00190997,0.439309056,4.369176202,0,1,1,1 
HDVD_4,Heavy Duty Trucks_Diesel_Rigid <=7.5 t_Euro III,,,0.02,0,12,86,-2.85E-06,0.023481638,0.87486912,1.831361415,0.003542468,0.447941056,4.250738254,0,1,1,1 
HDVD_4,Heavy Duty Trucks_Diesel_Rigid <=7.5 t_Euro III,,,0.02,0.5,12,86,1.21E-16,-2.51E-15,1.571363893,3.29E-12,-0.003313438,0.56035149,5.973628113,0,1,1,1 
HDVD_4,Heavy Duty Trucks_Diesel_Rigid <=7.5 t_Euro III,,,0.02,1,12,86,-5.53E-17,1.65E-15,0.630417003,-1.48E-12,-0.001590259,0.225114069,2.310235796,0,1,1,1 
HDVD_4,Heavy Duty Trucks_Diesel_Rigid <=7.5 t_Euro III,,,0.04,0,12,86,-3.16E-16,1.10E-14,0.686587471,-1.04E-11,-0.001750028,0.254127217,2.317863394,0,1,1,1 
HDVD_4,Heavy Duty Trucks_Diesel_Rigid <=7.5 t_Euro III,,,0.04,0.5,12,82,3.99E-18,-6.63E-17,0.898800026,4.85E-14,-0.003338958,0.373307668,2.520253699,0,1,1,1 
HDVD_4,Heavy Duty Trucks_Diesel_Rigid <=7.5 t_Euro III,,,0.04,1,12,75,9.11E-05,-0.007718065,0.908969501,4.377311324,-0.001013391,0.126697185,7.034293246,0,1,1,1 
HDVD_4,Heavy Duty Trucks_Diesel_Rigid <=7.5 t_Euro III,,,0.06,0,12,80,6.57E-18,-3.12E-16,0.861475731,2.07E-13,-0.00323343,0.353319179,2.511621788,0,1,1,1 
HDVD_4,Heavy Duty Trucks_Diesel_Rigid <=7.5 t_Euro III,,,0.06,0.5,12,69,1.46E-17,-3.26E-16,0.697871364,1.79E-13,-0.002048703,0.225115198,2.505562407,0,1,1,1 
HDVD_4,Heavy Duty Trucks_Diesel_Rigid <=7.5 t_Euro III,,,0.06,1,12,57,-4.26E-07,0.046522333,1.143969546,1.19326087,0.003509288,0.522148353,5.350405578,0,1,1,1 
HDVD_5,Heavy Duty Trucks_Diesel_Rigid <=7.5 t_Euro IV,,,-0.06,0,12,86,-7.37E-06,0.004537429,0.426937682,-1.559487338,0.053678806,1.315445475,5.198194938,0,1,1,1 
HDVD_5,Heavy Duty Trucks_Diesel_Rigid <=7.5 t_Euro IV,,,-0.06,0.5,12,86,-7.44E-06,0.004076269,0.444932381,-1.686139609,0.05688073,1.274727446,5.65834199,0,1,1,1 
HDVD_5,Heavy Duty Trucks_Diesel_Rigid <=7.5 t_Euro IV,,,-0.06,1,12,86,-7.94E-06,0.004065327,0.488731868,-1.897992899,0.062423271,1.320470209,6.438466678,0,1,1,1 
HDVD_5,Heavy Duty Trucks_Diesel_Rigid <=7.5 t_Euro IV,,,-0.04,0,12,86,2.22E-05,-0.002236605,0.082900308,0.118304673,0.001429246,-0.025760937,4.934581749,0,1,1,1 
HDVD_5,Heavy Duty Trucks_Diesel_Rigid <=7.5 t_Euro IV,,,-0.04,0.5,12,86,-6.45E-06,0.004626039,0.339497137,-1.271497838,0.033000765,0.885016562,4.330031418,0,1,1,1 
HDVD_5,Heavy Duty Trucks_Diesel_Rigid <=7.5 t_Euro IV,,,-0.04,1,12,86,-0.000199155,0.038985861,-0.681919888,3.273833892,0.122752598,-2.063728419,9.109197372,0,1,1,1 
HDVD_5,Heavy Duty Trucks_Diesel_Rigid <=7.5 t_Euro IV,,,-0.02,0,12,86,2.38E-05,-0.002217791,0.093302288,0.059452764,0.000723262,-0.003312846,4.26982405,0,1,1,1 
HDVD_5,Heavy Duty Trucks_Diesel_Rigid <=7.5 t_Euro IV,,,-0.02,0.5,12,86,2.54E-05,-0.002344024,0.096823082,0.09269569,0.001033074,-0.013666225,4.417547764,0,1,1,1 
HDVD_5,Heavy Duty Trucks_Diesel_Rigid <=7.5 t_Euro IV,,,-0.02,1,12,86,2.78E-05,-0.002503,0.10201766,0.149060935,0.001548473,-0.030723131,4.7626139,0,1,1,1 
HDVD_5,Heavy Duty Trucks_Diesel_Rigid <=7.5 t_Euro IV,,,0,0,12,86,1.11E-15,-3.78E-14,0.207472324,1.66E-11,-0.003589148,0.415309805,5.270739686,0,1,1,1 
HDVD_5,Heavy Duty Trucks_Diesel_Rigid <=7.5 t_Euro IV,,,0,0.5,12,86,4.94E-17,-9.88E-16,0.17238673,5.93E-13,-0.002539668,0.30737904,4.109728202,0,1,1,1 
HDVD_5,Heavy Duty Trucks_Diesel_Rigid <=7.5 t_Euro IV,,,0,1,12,86,5.83E-06,0.000144892,0.092288909,0.32724,-0.000499308,0.128387463,3.354714845,0,1,1,1 
HDVD_5,Heavy Duty Trucks_Diesel_Rigid <=7.5 t_Euro IV,,,0.02,0,12,86,7.91E-05,0.011336677,0.20357629,0.231109318,0.002415538,0.935397368,2.936597095,0,1,1,1 
HDVD_5,Heavy Duty Trucks_Diesel_Rigid <=7.5 t_Euro IV,,,0.02,0.5,12,86,8.49E-06,-0.001331346,0.045868434,0.614586566,0.000547547,-0.090409248,3.809590194,0,1,1,1 
HDVD_5,Heavy Duty Trucks_Diesel_Rigid <=7.5 t_Euro IV,,,0.02,1,12,86,-0.000175464,0.013963715,0.271750927,-2.130763312,-0.010911498,1.109660612,-4.350444441,0,1,1,1 
HDVD_5,Heavy Duty Trucks_Diesel_Rigid <=7.5 t_Euro IV,,,0.04,0,12,86,-8.37E-05,0.008069577,-0.02592274,-0.608317364,-0.004132233,0.439758315,-4.409205363,0,1,1,1 
HDVD_5,Heavy Duty Trucks_Diesel_Rigid <=7.5 t_Euro IV,,,0.04,0.5,12,82,-6.11E-05,0.001554785,0.487064299,-0.456291703,-0.003736354,0.36347307,9.236161384,0,1,1,1 
HDVD_5,Heavy Duty Trucks_Diesel_Rigid <=7.5 t_Euro IV,,,0.04,1,12,76,-3.52E-05,-0.000705549,0.380610777,-0.284766935,-0.002226656,0.203207264,6.389974831,0,1,1,1 
HDVD_5,Heavy Duty Trucks_Diesel_Rigid <=7.5 t_Euro IV,,,0.06,0,12,81,-8.93E-05,0.003346538,0.622376643,-0.342016139,-0.003741496,0.405850763,13.38074384,0,1,1,1 
HDVD_5,Heavy Duty Trucks_Diesel_Rigid <=7.5 t_Euro IV,,,0.06,0.5,12,71,-8.77E-05,0.003082329,0.38952678,-0.509903563,-0.003581662,0.34006734,5.128134643,0,1,1,1 
HDVD_5,Heavy Duty Trucks_Diesel_Rigid <=7.5 t_Euro IV,,,0.06,1,12,61,-0.000390187,0.021669591,0.356723582,-5.060764424,-0.017940915,1.416078307,-11.68273512,0,1,1,1 
HDVD_5,Heavy Duty Trucks_Diesel_Rigid <=7.5 t_Euro IV,,,-0.06,0,12,86,-7.37E-06,0.004537429,0.426937682,-1.559487338,0.053678806,1.315445475,5.198194938,0,1,1,1 
HDVD_5,Heavy Duty Trucks_Diesel_Rigid <=7.5 t_Euro IV,,,-0.06,0.5,12,86,-7.44E-06,0.004076269,0.444932381,-1.686139609,0.05688073,1.274727446,5.65834199,0,1,1,1 
HDVD_5,Heavy Duty Trucks_Diesel_Rigid <=7.5 t_Euro IV,,,-0.06,1,12,86,-7.94E-06,0.004065327,0.488731868,-1.897992899,0.062423271,1.320470209,6.438466678,0,1,1,1 
HDVD_5,Heavy Duty Trucks_Diesel_Rigid <=7.5 t_Euro IV,,,-0.04,0,12,86,2.22E-05,-0.002236605,0.082900308,0.118304673,0.001429246,-0.025760937,4.934581749,0,1,1,1 
HDVD_5,Heavy Duty Trucks_Diesel_Rigid <=7.5 t_Euro IV,,,-0.04,1,12,86,-0.000199155,0.038985861,-0.681919888,3.273833892,0.122752598,-2.063728419,9.109197372,0,1,1,1 
HDVD_5,Heavy Duty Trucks_Diesel_Rigid <=7.5 t_Euro IV,,,-0.02,0,12,86,2.38E-05,-0.002217791,0.093302288,0.059452764,0.000723262,-0.003312846,4.26982405,0,1,1,1 
HDVD_5,Heavy Duty Trucks_Diesel_Rigid <=7.5 t_Euro IV,,,-0.02,1,12,86,2.78E-05,-0.002503,0.10201766,0.149060935,0.001548473,-0.030723131,4.7626139,0,1,1,1 
HDVD_5,Heavy Duty Trucks_Diesel_Rigid <=7.5 t_Euro IV,,,0,0,12,86,1.11E-15,-3.78E-14,0.207472324,1.66E-11,-0.003589148,0.415309805,5.270739686,0,1,1,1 
HDVD_5,Heavy Duty Trucks_Diesel_Rigid <=7.5 t_Euro IV,,,0,1,12,86,5.83E-06,0.000144892,0.092288909,0.32724,-0.000499308,0.128387463,3.354714845,0,1,1,1 
HDVD_5,Heavy Duty Trucks_Diesel_Rigid <=7.5 t_Euro IV,,,0.02,0,12,86,7.91E-05,0.011336677,0.20357629,0.231109318,0.002415538,0.935397368,2.936597095,0,1,1,1 
HDVD_5,Heavy Duty Trucks_Diesel_Rigid <=7.5 t_Euro IV,,,0.02,1,12,86,-0.000175464,0.013963715,0.271750927,-2.130763312,-0.010911498,1.109660612,-4.350444441,0,1,1,1 
HDVD_5,Heavy Duty Trucks_Diesel_Rigid <=7.5 t_Euro IV,,,0.04,0,12,86,-8.37E-05,0.008069577,-0.02592274,-0.608317364,-0.004132233,0.439758315,-4.409205363,0,1,1,1 
HDVD_5,Heavy Duty Trucks_Diesel_Rigid <=7.5 t_Euro IV,,,0.04,1,12,76,-3.52E-05,-0.000705549,0.380610777,-0.284766935,-0.002226656,0.203207264,6.389974831,0,1,1,1 
HDVD_5,Heavy Duty Trucks_Diesel_Rigid <=7.5 t_Euro IV,,,0.06,0,12,81,-8.93E-05,0.003346538,0.622376643,-0.342016139,-0.003741496,0.405850763,13.38074384,0,1,1,1 
HDVD_5,Heavy Duty Trucks_Diesel_Rigid <=7.5 t_Euro IV,,,0.06,0.5,12,71,-8.77E-05,0.003082329,0.38952678,-0.509903563,-0.003581662,0.34006734,5.128134643,0,1,1,1 
HDVD_5,Heavy Duty Trucks_Diesel_Rigid <=7.5 t_Euro IV,,,0.06,1,12,61,-0.000390187,0.021669591,0.356723582,-5.060764424,-0.017940915,1.416078307,-11.68273512,0,1,1,1 
HDVD_6,Heavy Duty Trucks_Diesel_Rigid <=7.5 t_Euro V,SCR,,-0.06,0,10,85,-0.001813973,0.257536629,0.135801155,-1.549261104,1.390086156,0.071973931,0.64887441,0,1,1,1 
HDVD_6,Heavy Duty Trucks_Diesel_Rigid <=7.5 t_Euro V,SCR,,-0.06,0.5,10,85,-0.002022493,0.251071885,0.195001399,-1.591745533,1.378702469,0.076274811,0.663834975,0,1,1,1 
HDVD_6,Heavy Duty Trucks_Diesel_Rigid <=7.5 t_Euro V,SCR,,-0.06,1,10,85,-0.002054855,0.245660441,0.258229722,-1.508144315,1.377783989,0.143019822,0.668177466,0,1,1,1 
HDVD_6,Heavy Duty Trucks_Diesel_Rigid <=7.5 t_Euro V,SCR,,-0.04,0,10,85,0.001298425,0.261442764,0.205392315,-1.486592616,1.382255277,0.123112802,0.668369393,0,1,1,1 
HDVD_6,Heavy Duty Trucks_Diesel_Rigid <=7.5 t_Euro V,SCR,,-0.04,0.5,10,85,-0.001350318,0.334999616,-0.251733751,-1.808641916,1.347413869,-0.371939882,0.740597317,0,1,1,1 
HDVD_6,Heavy Duty Trucks_Diesel_Rigid <=7.5 t_Euro V,SCR,,-0.04,1,10,85,-0.001455072,0.184674566,-0.115769743,0.101589845,0.561793964,1.954301154,-0.042550227,0,1,1,1 
HDVD_6,Heavy Duty Trucks_Diesel_Rigid <=7.5 t_Euro V,SCR,,-0.02,0,10,85,0.00824783,0.302813292,-0.288758896,0.136242845,1.435710878,0.415823535,0.39033485,0,1,1,1 
HDVD_6,Heavy Duty Trucks_Diesel_Rigid <=7.5 t_Euro V,SCR,,-0.02,0.5,10,85,0.004892808,0.187789905,-0.540080319,-0.945961073,0.96977414,-3.036057411,0.160924828,0,1,1,1 
HDVD_6,Heavy Duty Trucks_Diesel_Rigid <=7.5 t_Euro V,SCR,,-0.02,1,10,85,0.005412229,0.366396883,-0.383683814,0.068965859,1.41944626,0.394255697,0.419475362,0,1,1,1 
HDVD_6,Heavy Duty Trucks_Diesel_Rigid <=7.5 t_Euro V,SCR,,0,0,10,85,0.00042332,0.002991328,0.180329066,0.003970359,0.031715834,0.183872618,3.001978353,0,1,1,1 
HDVD_6,Heavy Duty Trucks_Diesel_Rigid <=7.5 t_Euro V,SCR,,0,0.5,10,85,0.012978853,0.342067482,-0.558477002,0.470121491,1.219271857,0.547751485,0.34724394,0,1,1,1 
HDVD_6,Heavy Duty Trucks_Diesel_Rigid <=7.5 t_Euro V,SCR,,0,1,10,85,0.015740577,0.394015228,-0.421171519,-0.016018148,1.407597904,0.360762828,0.448211348,0,1,1,1 
HDVD_6,Heavy Duty Trucks_Diesel_Rigid <=7.5 t_Euro V,SCR,,0.02,0,10,85,-0.000375265,0.026931559,0.547147493,-0.650109758,-0.023664102,2.097391658,0.68925212,0,1,1,1 
HDVD_6,Heavy Duty Trucks_Diesel_Rigid <=7.5 t_Euro V,SCR,,0.02,0.5,10,85,-0.000493807,0.035975254,0.74750559,-0.906124628,-0.028091972,2.559633503,0.666294214,0,1,1,1 
HDVD_6,Heavy Duty Trucks_Diesel_Rigid <=7.5 t_Euro V,SCR,,0.02,1,10,85,-0.000353397,0.023983297,0.716170388,-0.560173286,-0.020195841,1.842745421,2.528107522,0,1,1,1 
HDVD_6,Heavy Duty Trucks_Diesel_Rigid <=7.5 t_Euro V,SCR,,0.04,0,10,85,-0.000565243,0.042591186,0.774301579,-0.594289472,-0.026911823,2.508047222,2.281636788,0,1,1,1 
HDVD_6,Heavy Duty Trucks_Diesel_Rigid <=7.5 t_Euro V,SCR,,0.04,0.5,10,75,-0.000480813,0.067281937,0.920399087,-0.586683553,-0.005511417,2.74480479,2.504054245,0,1,1,1 
HDVD_6,Heavy Duty Trucks_Diesel_Rigid <=7.5 t_Euro V,SCR,,0.04,1,10,75,-0.000567085,0.079895964,0.665891633,-0.615589738,0.008396427,2.290019442,6.68E-06,0,1,1,1 
HDVD_6,Heavy Duty Trucks_Diesel_Rigid <=7.5 t_Euro V,SCR,,0.06,0,10,80,-0.000392464,0.070874337,0.511246204,-0.451832436,0.006613888,2.140061593,7.75E-06,0,1,1,1 
HDVD_6,Heavy Duty Trucks_Diesel_Rigid <=7.5 t_Euro V,SCR,,0.06,0.5,10,70,-0.000906433,0.086328156,0.711903662,-0.54870439,-0.003075248,2.42902057,1.26E-05,0,1,1,1 
HDVD_6,Heavy Duty Trucks_Diesel_Rigid <=7.5 t_Euro V,SCR,,0.06,1,10,60,-0.000721557,0.056316255,0.810529643,-0.655069333,-0.010974277,1.988477314,4.57E-07,0,1,1,1 
HDVD_6,Heavy Duty Trucks_Diesel_Rigid <=7.5 t_Euro V,EGR,,-0.06,0,10,85,-0.002838164,0.301670269,-0.913422363,-0.594953088,1.395011791,-0.082020077,0.622253367,0,1,1,1 
HDVD_6,Heavy Duty Trucks_Diesel_Rigid <=7.5 t_Euro V,EGR,,-0.06,0.5,10,80,-0.001165323,0.107184052,0.169921379,-1.821695333,0.5908226,1.614591028,2.416859724,0,1,1,1 
HDVD_6,Heavy Duty Trucks_Diesel_Rigid <=7.5 t_Euro V,EGR,,-0.06,1,10,80,-0.001697042,0.155364999,-0.047002073,-1.75320094,0.925273693,0.312614039,3.093254009,0,1,1,1 
HDVD_6,Heavy Duty Trucks_Diesel_Rigid <=7.5 t_Euro V,EGR,,-0.04,0,10,85,2.82E-05,-0.004430071,0.203539175,-0.14053238,-0.00307558,0.21275436,7.648922257,0,1,1,1 
HDVD_6,Heavy Duty Trucks_Diesel_Rigid <=7.5 t_Euro V,EGR,,-0.04,0.5,10,80,-0.001251166,0.190058498,-0.865087841,1.389071569,0.53990042,0.965696143,0.56381507,0,1,1,1 
HDVD_6,Heavy Duty Trucks_Diesel_Rigid <=7.5 t_Euro V,EGR,,-0.04,1,10,80,-0.001558663,0.172766574,-0.627485966,0.786698073,0.433554307,1.910467082,0.224193662,0,1,1,1 
HDVD_6,Heavy Duty Trucks_Diesel_Rigid <=7.5 t_Euro V,EGR,,-0.02,0,10,80,9.90E-06,-0.003219152,0.218249112,-0.148208402,-0.001999903,0.100485028,7.285467984,0,1,1,1 
HDVD_6,Heavy Duty Trucks_Diesel_Rigid <=7.5 t_Euro V,EGR,,-0.02,0.5,10,80,6.43E-06,-0.002124393,0.145881177,-0.113157627,-0.001614645,0.095882569,4.54147162,0,1,1,1 
HDVD_6,Heavy Duty Trucks_Diesel_Rigid <=7.5 t_Euro V,EGR,,-0.02,1,10,80,7.37E-06,-0.002018238,0.128442964,-0.112513354,-0.001490349,0.092540075,3.764102606,0,1,1,1 
HDVD_6,Heavy Duty Trucks_Diesel_Rigid <=7.5 t_Euro V,EGR,,0,0,10,85,1.43E-05,-0.003004159,0.166213974,-0.140336809,-0.00049817,-0.003175155,4.608089062,0,1,1,1 
HDVD_6,Heavy Duty Trucks_Diesel_Rigid <=7.5 t_Euro V,EGR,,0,0.5,10,85,1.34E-05,-0.003008868,0.175022012,-0.157499384,-0.000620562,0.008873796,4.526136006,0,1,1,1 
HDVD_6,Heavy Duty Trucks_Diesel_Rigid <=7.5 t_Euro V,EGR,,0,1,10,85,1.41E-05,-0.003302404,0.196429084,-0.178902726,-0.000709803,0.013172261,4.871552681,0,1,1,1 
HDVD_6,Heavy Duty Trucks_Diesel_Rigid <=7.5 t_Euro V,EGR,,0.02,0,10,85,1.21E-05,-0.003158104,0.201598584,-0.203511908,-0.000639877,0.01065302,4.544955798,0,1,1,1 
HDVD_6,Heavy Duty Trucks_Diesel_Rigid <=7.5 t_Euro V,EGR,,0.02,0.5,10,85,8.94E-06,-0.002817541,0.193519752,-0.179490943,-0.000606205,0.011432975,4.149672578,0,1,1,1 
HDVD_6,Heavy Duty Trucks_Diesel_Rigid <=7.5 t_Euro V,EGR,,0.02,1,10,85,8.53E-06,-0.002874896,0.210948406,-0.170498146,-0.000598851,0.013194481,4.364222773,0,1,1,1 
HDVD_6,Heavy Duty Trucks_Diesel_Rigid <=7.5 t_Euro V,EGR,,0.04,0,10,85,5.89E-06,-0.002235811,0.159151005,-0.128666415,-0.000433154,0.003265686,3.306869824,0,1,1,1 
HDVD_6,Heavy Duty Trucks_Diesel_Rigid <=7.5 t_Euro V,EGR,,0.04,0.5,10,65,0.003086844,0.12226511,-0.199261237,0.35026784,0.161141374,1.264891849,3.41013195,0,1,1,1 
HDVD_6,Heavy Duty Trucks_Diesel_Rigid <=7.5 t_Euro V,EGR,,0.04,1,10,70,-9.17E-05,0.000455868,0.54331396,-0.37533354,-0.004633266,0.256787781,9.273780574,0,1,1,1 
HDVD_6,Heavy Duty Trucks_Diesel_Rigid <=7.5 t_Euro V,EGR,,0.06,0,10,75,-0.000181178,0.008574743,0.544034155,-0.483207065,-0.007358601,0.514527615,9.018411182,0,1,1,1 
HDVD_6,Heavy Duty Trucks_Diesel_Rigid <=7.5 t_Euro V,EGR,,0.06,0.5,10,70,-1.20E-05,-0.002451678,0.257969908,-0.14467063,-0.001240037,0.038324048,4.390040865,0,1,1,1 
HDVD_6,Heavy Duty Trucks_Diesel_Rigid <=7.5 t_Euro V,EGR,,0.06,1,10,60,0.000893744,-0.034035115,0.774860093,0.017396023,0.025510502,-0.808470906,15.73465246,0,1,1,1 
HDVD_7,Heavy Duty Trucks_Diesel_Rigid <=7.5 t_Euro VI,,,-0.06,0,10,80,-0.000577075,0.047736897,-0.003225646,0.121369233,1.554047734,0.473970427,0.314647391,0,1,1,1 
HDVD_7,Heavy Duty Trucks_Diesel_Rigid <=7.5 t_Euro VI,,,-0.06,0.5,10,75,-0.00058771,0.044872145,0.018523184,-0.033991591,1.592167986,0.478458746,0.318506625,0,1,1,1 
HDVD_7,Heavy Duty Trucks_Diesel_Rigid <=7.5 t_Euro VI,,,-0.06,1,10,70,-0.000644379,0.045609269,-0.007478907,0.146507914,1.549328644,0.475565672,0.31337074,0,1,1,1 
HDVD_7,Heavy Duty Trucks_Diesel_Rigid <=7.5 t_Euro VI,,,-0.04,0,10,85,1.37E-05,-0.002892852,0.184289165,0.038155347,-0.062808906,5.889093536,0.647317501,0,1,1,1 
HDVD_7,Heavy Duty Trucks_Diesel_Rigid <=7.5 t_Euro VI,,,-0.04,0.5,10,85,-0.000392673,0.052471487,-0.008504277,0.078902832,1.564099261,0.46967737,0.316736027,0,1,1,1 
HDVD_7,Heavy Duty Trucks_Diesel_Rigid <=7.5 t_Euro VI,,,-0.04,1,10,85,-0.000533248,0.055215795,-0.027968942,0.078249136,1.566009577,0.463331365,0.316308303,0,1,1,1 
HDVD_7,Heavy Duty Trucks_Diesel_Rigid <=7.5 t_Euro VI,,,-0.02,0,10,85,0.000747823,0.052605845,0.000366545,0.110640724,1.554183974,0.473688193,0.316679674,0,1,1,1 
HDVD_7,Heavy Duty Trucks_Diesel_Rigid <=7.5 t_Euro VI,,,-0.02,0.5,10,85,-1.34E-05,0.000137053,0.097728477,0.025841624,-0.034295247,3.067869492,0.474654848,0,1,1,1 
HDVD_7,Heavy Duty Trucks_Diesel_Rigid <=7.5 t_Euro VI,,,-0.02,1,10,85,-1.79E-05,-0.000485292,0.236940097,0.040945637,-0.076310713,7.347767245,0.765549076,0,1,1,1 
HDVD_7,Heavy Duty Trucks_Diesel_Rigid <=7.5 t_Euro VI,,,0,0,10,85,-4.12E-08,-5.68E-05,0.004994961,0.113228378,-0.000568826,0.01809116,3.488300989,0,1,1,1 
HDVD_7,Heavy Duty Trucks_Diesel_Rigid <=7.5 t_Euro VI,,,0,0.5,10,85,4.32E-08,-6.59E-05,0.005010959,0.126900577,-0.000460323,0.004175467,3.89240338,0,1,1,1 
HDVD_7,Heavy Duty Trucks_Diesel_Rigid <=7.5 t_Euro VI,,,0,1,10,85,0.001091392,0.056815774,0.077325805,-0.741330462,1.461622585,0.877179146,0.470225121,0,1,1,1 
HDVD_7,Heavy Duty Trucks_Diesel_Rigid <=7.5 t_Euro VI,,,0.02,0,10,85,0.000748081,0.054578581,-0.232925587,1.163009825,0.987238045,0.557632493,0.281604754,0,1,1,1 
HDVD_7,Heavy Duty Trucks_Diesel_Rigid <=7.5 t_Euro VI,,,0.02,0.5,10,85,1.47E-05,0.004640572,0.087607071,-0.003241962,0.028180167,2.415123638,0.396420116,0,1,1,1 
HDVD_7,Heavy Duty Trucks_Diesel_Rigid <=7.5 t_Euro VI,,,0.02,1,10,85,0.000982794,0.063790402,-0.259924101,1.060857706,1.10814371,0.443205096,0.29086948,0,1,1,1 
HDVD_7,Heavy Duty Trucks_Diesel_Rigid <=7.5 t_Euro VI,,,0.04,0,10,85,0.000919692,0.067681005,-0.287005325,1.088526466,1.07997515,0.452357585,0.292515194,0,1,1,1 
HDVD_7,Heavy Duty Trucks_Diesel_Rigid <=7.5 t_Euro VI,,,0.04,0.5,10,80,-2.38E-07,-9.06E-05,0.008184181,0.119032572,-0.000617033,0.012705034,3.457282754,0,1,1,1 
HDVD_7,Heavy Duty Trucks_Diesel_Rigid <=7.5 t_Euro VI,,,0.04,1,10,75,-2.08E-06,-7.12E-05,0.016917475,0.196209439,-0.001955392,0.091227186,5.63269952,0,1,1,1 
HDVD_7,Heavy Duty Trucks_Diesel_Rigid <=7.5 t_Euro VI,,,0.06,0,10,75,-5.92E-07,-0.000303244,0.024237183,0.329671456,-0.001827364,0.028327092,9.599253322,0,1,1,1 
HDVD_7,Heavy Duty Trucks_Diesel_Rigid <=7.5 t_Euro VI,,,0.06,0.5,10,70,0.001460596,0.077532463,-0.276361995,0.893543341,1.210245616,0.455497449,0.297881366,0,1,1,1 
HDVD_7,Heavy Duty Trucks_Diesel_Rigid <=7.5 t_Euro VI,,,0.06,1,10,60,-6.90E-05,0.00624762,0.12458211,0.007184819,-0.021417076,3.181476111,0.47773583,0,1,1,1 
HDVD_8,Heavy Duty Trucks_Diesel_Rigid 7.5 - 12 t_Conventional,,,-0.06,0,12,86,2.46E-07,-0.000108443,2.238107189,0.010436539,0.006116143,0.17596162,1.273958439,0,1,1,1 
HDVD_8,Heavy Duty Trucks_Diesel_Rigid 7.5 - 12 t_Conventional,,,-0.06,0.5,12,86,-1.82E-05,0.007978822,1.757402068,-1.063409302,0.007975233,0.070044362,1.499921674,0,1,1,1 
HDVD_8,Heavy Duty Trucks_Diesel_Rigid 7.5 - 12 t_Conventional,,,-0.06,1,12,86,-1.73E-05,0.007513272,1.726796942,-1.00799012,0.007939397,0.06684024,1.515669734,0,1,1,1 
HDVD_8,Heavy Duty Trucks_Diesel_Rigid 7.5 - 12 t_Conventional,,,-0.04,0,12,86,-4.60E-05,0.045072587,3.01110041,-4.802313063,0.010750147,0.290405579,0.260045707,0,1,1,1 
HDVD_8,Heavy Duty Trucks_Diesel_Rigid 7.5 - 12 t_Conventional,,,-0.04,0.5,12,86,-2.86E-05,0.014687226,2.108140863,-1.579705629,0.007547935,0.105694393,1.406424582,0,1,1,1 
HDVD_8,Heavy Duty Trucks_Diesel_Rigid 7.5 - 12 t_Conventional,,,-0.04,1,12,86,1.22E-05,-0.005002837,2.104794991,0.304688619,0.003958927,0.133671042,1.459915553,0,1,1,1 
HDVD_8,Heavy Duty Trucks_Diesel_Rigid 7.5 - 12 t_Conventional,,,-0.02,0,12,86,1.57E-05,0.002844595,0.662258459,5.160085581,-0.000168418,0.093227294,0.5736834,0,1,1,1 
HDVD_8,Heavy Duty Trucks_Diesel_Rigid 7.5 - 12 t_Conventional,,,-0.02,0.5,12,86,1.40E-05,0.002284884,0.620461908,5.005763304,-9.65E-05,0.087783352,0.537647049,0,1,1,1 
HDVD_8,Heavy Duty Trucks_Diesel_Rigid 7.5 - 12 t_Conventional,,,-0.02,1,12,86,7.09E-06,0.001615743,0.45798402,3.456126788,4.65E-05,0.060010324,0.387852433,0,1,1,1 
HDVD_8,Heavy Duty Trucks_Diesel_Rigid 7.5 - 12 t_Conventional,,,0,0,12,86,-4.97E-06,0.001945399,0.47804102,2.960989998,-0.00014569,0.049286254,0.422860888,0,1,1,1 
HDVD_8,Heavy Duty Trucks_Diesel_Rigid 7.5 - 12 t_Conventional,,,0,0.5,12,86,2.76E-06,0.004506109,0.785726122,5.004017374,-0.000204846,0.082150293,0.675716787,0,1,1,1 
HDVD_8,Heavy Duty Trucks_Diesel_Rigid 7.5 - 12 t_Conventional,,,0,1,12,86,9.40E-06,0.008276475,1.219152275,7.56613053,-0.000325966,0.122760026,1.03562725,0,1,1,1 
HDVD_8,Heavy Duty Trucks_Diesel_Rigid 7.5 - 12 t_Conventional,,,0.02,0,12,86,1.69E-16,-6.21E-15,2.300604465,3.54E-11,-0.001536855,0.227816132,0.31609145,0,1,1,1 
HDVD_8,Heavy Duty Trucks_Diesel_Rigid 7.5 - 12 t_Conventional,,,0.02,0.5,12,86,2.31E-18,5.15E-17,2.662493441,-3.86E-13,-0.001780786,0.232500038,0.638485939,0,1,1,1 
HDVD_8,Heavy Duty Trucks_Diesel_Rigid 7.5 - 12 t_Conventional,,,0.02,1,12,84,2.09E-05,0.002649239,0.27081433,3.540446991,-9.05E-05,0.021182985,0.429083069,0,1,1,1 
HDVD_8,Heavy Duty Trucks_Diesel_Rigid 7.5 - 12 t_Conventional,,,0.04,0,12,86,-1.12E-18,6.87E-16,5.627411599,-3.67E-12,-0.00461367,0.536450679,0.653744047,0,1,1,1 
HDVD_8,Heavy Duty Trucks_Diesel_Rigid 7.5 - 12 t_Conventional,,,0.04,0.5,12,77,9.85E-06,0.001071416,0.144219576,6.6014794,-1.57E-05,0.000367521,0.75347042,0,1,1,1 
HDVD_8,Heavy Duty Trucks_Diesel_Rigid 7.5 - 12 t_Conventional,,,0.04,1,12,66,0.000176694,0.012387351,1.03667149,10.96491312,-0.000367216,0.061086606,1.400791104,0,1,1,1 
HDVD_8,Heavy Duty Trucks_Diesel_Rigid 7.5 - 12 t_Conventional,,,0.06,0,12,77,0.000397796,0.019570731,2.178079094,-2.81214982,-0.001310062,0.249782037,-0.425390857,0,1,1,1 
HDVD_8,Heavy Duty Trucks_Diesel_Rigid 7.5 - 12 t_Conventional,,,0.06,0.5,12,63,4.36E-05,0.002604165,0.278705846,6.867579321,-5.97E-05,0.005986997,0.790113308,0,1,1,1 
HDVD_8,Heavy Duty Trucks_Diesel_Rigid 7.5 - 12 t_Conventional,,,0.06,1,12,50,0.003825958,0.140145248,2.209356388,0.47447571,0.004866825,0.225616845,0.294105643,0,1,1,1 
HDVD_9,Heavy Duty Trucks_Diesel_Rigid 7.5 - 12 t_Euro I,,,-0.06,0,12,86,8.25E-06,-0.003364867,0.44336008,3.175612155,9.86E-05,0.083601126,0.776596341,0,1,1,1 
HDVD_9,Heavy Duty Trucks_Diesel_Rigid 7.5 - 12 t_Euro I,,,-0.06,0.5,12,86,-6.61E-06,0.003327547,1.822719269,-0.249535826,0.006943025,0.229501041,1.520661001,0,1,1,1 
HDVD_9,Heavy Duty Trucks_Diesel_Rigid 7.5 - 12 t_Euro I,,,-0.06,1,12,86,-1.59E-05,0.007732455,1.184924773,-4.122470963,0.006559212,0.122686784,0.312423335,0,1,1,1 
HDVD_9,Heavy Duty Trucks_Diesel_Rigid 7.5 - 12 t_Euro I,,,-0.04,0,12,86,0.000175151,-0.006353984,0.780476563,1.89070015,0.002454009,0.065581703,1.037322164,0,1,1,1 
HDVD_9,Heavy Duty Trucks_Diesel_Rigid 7.5 - 12 t_Euro I,,,-0.04,0.5,12,86,7.51E-05,-0.008038678,1.545489479,1.697920521,0.002545585,0.184627757,1.585493709,0,1,1,1 
HDVD_9,Heavy Duty Trucks_Diesel_Rigid 7.5 - 12 t_Euro I,,,-0.04,1,12,86,4.83E-05,-0.009668182,1.896118238,2.039875722,0.002599717,0.235540902,1.977377447,0,1,1,1 
HDVD_9,Heavy Duty Trucks_Diesel_Rigid 7.5 - 12 t_Euro I,,,-0.02,0,12,86,3.80E-05,0.034480862,0.661686633,-4.922143241,0.004139671,0.174143632,-1.158933306,0,1,1,1 
HDVD_9,Heavy Duty Trucks_Diesel_Rigid 7.5 - 12 t_Euro I,,,-0.02,0.5,12,86,0.000383952,-0.006447548,1.836347645,2.371625366,0.003761917,0.164059984,2.279325523,0,1,1,1 
HDVD_9,Heavy Duty Trucks_Diesel_Rigid 7.5 - 12 t_Euro I,,,-0.02,1,12,86,0.000219873,-0.007727925,0.749988652,1.453514877,0.001884364,0.035586765,1.218884659,0,1,1,1 
HDVD_9,Heavy Duty Trucks_Diesel_Rigid 7.5 - 12 t_Euro I,,,0,0,12,86,0.000390678,-0.001732719,1.891679547,2.084749544,0.003335308,0.173290589,2.220574519,0,1,1,1 
HDVD_9,Heavy Duty Trucks_Diesel_Rigid 7.5 - 12 t_Euro I,,,0,0.5,12,86,0.000270054,-0.005896195,0.830848882,1.217238036,0.00178294,0.041713911,1.285896343,0,1,1,1 
HDVD_9,Heavy Duty Trucks_Diesel_Rigid 7.5 - 12 t_Euro I,,,0,1,12,86,0.000300482,-0.007068945,0.743722943,1.264059727,0.001723299,0.022754412,1.254539114,0,1,1,1 
HDVD_9,Heavy Duty Trucks_Diesel_Rigid 7.5 - 12 t_Euro I,,,0.02,0,12,86,7.77E-16,-4.29E-14,3.122944051,9.23E-11,-0.003464456,0.497376116,1.504285668,0,1,1,1 
HDVD_9,Heavy Duty Trucks_Diesel_Rigid 7.5 - 12 t_Euro I,,,0.02,0.5,12,86,5.49E-15,-3.55E-13,2.075200968,3.89E-10,-0.002298517,0.285464149,1.422497756,0,1,1,1 
HDVD_9,Heavy Duty Trucks_Diesel_Rigid 7.5 - 12 t_Euro I,,,0.02,1,12,85,2.66E-17,-9.97E-16,1.67749699,7.04E-13,-0.001431687,0.174453978,1.610473482,0,1,1,1 
HDVD_9,Heavy Duty Trucks_Diesel_Rigid 7.5 - 12 t_Euro I,,,0.04,0,12,86,2.35E-17,-9.25E-16,2.81619598,1.22E-12,-0.003622656,0.41690547,1.500889593,0,1,1,1 
HDVD_9,Heavy Duty Trucks_Diesel_Rigid 7.5 - 12 t_Euro I,,,0.04,0.5,12,78,5.72E-05,0.010627758,0.720113027,3.343066542,-0.000405023,0.098974064,1.150963943,0,1,1,1 
HDVD_9,Heavy Duty Trucks_Diesel_Rigid 7.5 - 12 t_Euro I,,,0.04,1,12,66,0.000250553,0.05984241,2.878458959,8.248032746,-0.001469536,0.344668617,4.128711461,0,1,1,1 
HDVD_9,Heavy Duty Trucks_Diesel_Rigid 7.5 - 12 t_Euro I,,,0.06,0,12,78,9.03E-05,0.009320858,0.770279904,6.13492495,-0.000511882,0.107360804,1.682034565,0,1,1,1 
HDVD_9,Heavy Duty Trucks_Diesel_Rigid 7.5 - 12 t_Euro I,,,0.06,0.5,12,64,0.000120951,0.014214568,0.760374104,2.856013301,-0.000467347,0.09063233,1.20884313,0,1,1,1 
HDVD_9,Heavy Duty Trucks_Diesel_Rigid 7.5 - 12 t_Euro I,,,0.06,1,12,52,0.001762716,0.175535462,-0.83039101,-3.039739794,0.005312181,0.328761936,-2.582591843,0,1,1,1 
HDVD_10,Heavy Duty Trucks_Diesel_Rigid 7.5 - 12 t_Euro II,,,-0.06,0,12,86,-1.17E-05,0.01324044,0.909375088,-0.460693844,0.012266673,0.430227355,3.572511166,0,1,1,1 
HDVD_10,Heavy Duty Trucks_Diesel_Rigid 7.5 - 12 t_Euro II,,,-0.06,0.5,12,86,0.000235381,0.052425674,-0.892964465,21.91226821,0.063458039,-1.743360375,28.01010354,0,1,1,1 
HDVD_10,Heavy Duty Trucks_Diesel_Rigid 7.5 - 12 t_Euro II,,,-0.06,1,12,86,0.000319416,0.080932148,-1.009203847,35.51559035,0.096681373,-2.574775849,45.62162222,0,1,1,1 
HDVD_10,Heavy Duty Trucks_Diesel_Rigid 7.5 - 12 t_Euro II,,,-0.04,0,12,86,-1.54E-05,0.029663275,1.438112645,-3.720423933,0.019832445,0.72948369,1.874436515,0,1,1,1 
HDVD_10,Heavy Duty Trucks_Diesel_Rigid 7.5 - 12 t_Euro II,,,-0.04,0.5,12,86,0.000112007,0.017331103,-0.179797311,7.962657398,0.020638495,-0.538446003,9.808081947,0,1,1,1 
HDVD_10,Heavy Duty Trucks_Diesel_Rigid 7.5 - 12 t_Euro II,,,-0.04,1,12,86,2.55E-05,0.000331511,0.183221052,1.200359032,0.003221295,-0.052145135,2.681465539,0,1,1,1 
HDVD_10,Heavy Duty Trucks_Diesel_Rigid 7.5 - 12 t_Euro II,,,-0.02,0,12,86,7.77E-05,-0.007705548,0.29485255,0.192022526,0.000302002,-0.000783801,1.896778468,0,1,1,1 
HDVD_10,Heavy Duty Trucks_Diesel_Rigid 7.5 - 12 t_Euro II,,,-0.02,0.5,12,86,8.44E-05,-0.009504717,0.39446973,0.071632335,0.00014707,0.006757769,2.216281499,0,1,1,1 
HDVD_10,Heavy Duty Trucks_Diesel_Rigid 7.5 - 12 t_Euro II,,,-0.02,1,12,86,0.000152403,-0.018532205,0.831101775,0.084883334,0.000204493,0.015055234,4.333398728,0,1,1,1 
HDVD_10,Heavy Duty Trucks_Diesel_Rigid 7.5 - 12 t_Euro II,,,0,0,12,86,-3.24E-16,2.13E-14,2.03301244,-1.70E-11,-0.006822814,0.798980692,5.491020724,0,1,1,1 
HDVD_10,Heavy Duty Trucks_Diesel_Rigid 7.5 - 12 t_Euro II,,,0,0.5,12,86,0.000275206,-0.023685916,1.05630407,0.544563988,0.000763893,-0.002159406,5.310128439,0,1,1,1 
HDVD_10,Heavy Duty Trucks_Diesel_Rigid 7.5 - 12 t_Euro II,,,0,1,12,86,0.000197118,-0.018820203,0.918682022,0.148749469,0.000252,0.010606683,3.953996299,0,1,1,1 
HDVD_10,Heavy Duty Trucks_Diesel_Rigid 7.5 - 12 t_Euro II,,,0.02,0,12,86,4.85E-05,0.025565122,1.563750832,5.243969877,-0.001802479,0.550285065,6.836596977,0,1,1,1 
HDVD_10,Heavy Duty Trucks_Diesel_Rigid 7.5 - 12 t_Euro II,,,0.02,0.5,12,86,9.73E-17,-3.69E-15,1.396956461,1.47E-12,-0.001559045,0.215335114,4.763931264,0,1,1,1 
HDVD_10,Heavy Duty Trucks_Diesel_Rigid 7.5 - 12 t_Euro II,,,0.02,1,12,86,0.000310864,-0.025218108,1.778726159,0.493028591,0.000935654,0.0139922,6.621539343,0,1,1,1 
HDVD_10,Heavy Duty Trucks_Diesel_Rigid 7.5 - 12 t_Euro II,,,0.04,0,12,86,0.000433644,0.070557354,-0.15775904,-2.734445199,0.006296663,0.461463987,-3.828329496,0,1,1,1 
HDVD_10,Heavy Duty Trucks_Diesel_Rigid 7.5 - 12 t_Euro II,,,0.04,0.5,12,81,0.000123592,-0.016171065,1.204949957,0.00458623,3.19E-05,0.009908307,4.354873474,0,1,1,1 
HDVD_10,Heavy Duty Trucks_Diesel_Rigid 7.5 - 12 t_Euro II,,,0.04,1,12,70,-0.00023144,0.006577523,1.273504452,-1.407571685,-0.001896426,0.15410796,2.923883216,0,1,1,1 
HDVD_10,Heavy Duty Trucks_Diesel_Rigid 7.5 - 12 t_Euro II,,,0.06,0,12,82,0.000131927,-0.016562117,1.198718867,0.0060258,3.69E-05,0.010502895,4.457089759,0,1,1,1 
HDVD_10,Heavy Duty Trucks_Diesel_Rigid 7.5 - 12 t_Euro II,,,0.06,0.5,12,66,-3.67E-15,2.24E-13,1.638182184,-4.72E-11,-0.002047123,0.201187913,3.818469729,0,1,1,1 
HDVD_10,Heavy Duty Trucks_Diesel_Rigid 7.5 - 12 t_Euro II,,,0.06,1,12,56,0.000136584,-0.016124283,0.980985605,0.000106222,3.22E-06,0.002706079,2.482567449,0,1,1,1 
HDVD_11,Heavy Duty Trucks_Diesel_Rigid 7.5 - 12 t_Euro III,,,-0.06,0,12,86,-0.000381877,0.151831368,2.254816039,-1.867090952,0.045010418,1.095685415,-0.304761996,0,1,1,1 
HDVD_11,Heavy Duty Trucks_Diesel_Rigid 7.5 - 12 t_Euro III,,,-0.06,0.5,12,86,-1.19E-05,0.021026849,1.647786057,-0.339022871,0.009462598,0.507103564,2.565974276,0,1,1,1 
HDVD_11,Heavy Duty Trucks_Diesel_Rigid 7.5 - 12 t_Euro III,,,-0.06,1,12,86,-2.14E-05,0.037094252,2.165457665,-1.047728208,0.016368567,0.652841224,3.522587533,0,1,1,1 
HDVD_11,Heavy Duty Trucks_Diesel_Rigid 7.5 - 12 t_Euro III,,,-0.04,0,12,86,9.80E-18,2.42E-15,2.009795958,7.30E-13,-0.001648359,0.71781637,0.987148505,0,1,1,1 
HDVD_11,Heavy Duty Trucks_Diesel_Rigid 7.5 - 12 t_Euro III,,,-0.04,0.5,12,86,-0.000311673,0.103850923,0.811759782,-3.801765551,0.02657425,0.528114017,-1.864145089,0,1,1,1 
HDVD_11,Heavy Duty Trucks_Diesel_Rigid 7.5 - 12 t_Euro III,,,-0.04,1,12,86,-0.00032226,0.089029056,-0.16596995,-5.296732007,0.020888589,0.234998337,-3.715886204,0,1,1,1 
HDVD_11,Heavy Duty Trucks_Diesel_Rigid 7.5 - 12 t_Euro III,,,-0.02,0,12,86,-0.000109984,0.043748637,1.184409184,2.089492306,0.007502675,0.433149718,2.18323007,0,1,1,1 
HDVD_11,Heavy Duty Trucks_Diesel_Rigid 7.5 - 12 t_Euro III,,,-0.02,0.5,12,86,-2.36E-05,0.022298643,0.990142027,2.916300853,0.00394055,0.333490281,2.309127564,0,1,1,1 
HDVD_11,Heavy Duty Trucks_Diesel_Rigid 7.5 - 12 t_Euro III,,,-0.02,1,12,86,0.00027059,-0.020093766,0.772469882,3.225812368,0.003016017,-0.090693277,4.704902559,0,1,1,1 
HDVD_11,Heavy Duty Trucks_Diesel_Rigid 7.5 - 12 t_Euro III,,,0,0,12,86,1.83E-15,1.47E-13,1.717478428,6.23E-11,-0.001789028,0.476677264,2.223503604,0,1,1,1 
HDVD_11,Heavy Duty Trucks_Diesel_Rigid 7.5 - 12 t_Euro III,,,0,0.5,12,86,6.06E-16,2.05E-14,1.694725439,2.83E-11,-0.002150625,0.480671741,2.049937386,0,1,1,1 
HDVD_11,Heavy Duty Trucks_Diesel_Rigid 7.5 - 12 t_Euro III,,,0,1,12,86,0.000359408,-0.01919565,0.634439949,4.661667247,0.004294604,-0.151700473,5.024317439,0,1,1,1 
HDVD_11,Heavy Duty Trucks_Diesel_Rigid 7.5 - 12 t_Euro III,,,0.02,0,12,86,0.000110784,0.04079554,0.384679514,-3.257528047,0.005847975,0.322070194,-2.101920612,0,1,1,1 
HDVD_11,Heavy Duty Trucks_Diesel_Rigid 7.5 - 12 t_Euro III,,,0.02,0.5,12,86,0.000193674,0.055896771,0.345503882,-3.682653622,0.007036952,0.417409175,-2.930290089,0,1,1,1 
HDVD_11,Heavy Duty Trucks_Diesel_Rigid 7.5 - 12 t_Euro III,,,0.02,1,12,86,3.59E-15,-2.29E-13,7.579850447,2.13E-10,-0.011985339,1.771985191,12.60374008,0,1,1,1 
HDVD_11,Heavy Duty Trucks_Diesel_Rigid 7.5 - 12 t_Euro III,,,0.04,0,12,86,0.000251103,0.060657769,0.19777037,-3.808025781,0.00718872,0.450301514,-3.883411385,0,1,1,1 
HDVD_11,Heavy Duty Trucks_Diesel_Rigid 7.5 - 12 t_Euro III,,,0.04,0.5,12,83,0.000693437,0.135964156,-0.273784798,-8.172762377,0.0117266,0.95188194,-10.10257506,0,1,1,1 
HDVD_11,Heavy Duty Trucks_Diesel_Rigid 7.5 - 12 t_Euro III,,,0.04,1,12,72,0.000561753,0.095652636,-0.042017693,-4.047010533,0.008708707,0.546995355,-4.487751067,0,1,1,1 
HDVD_11,Heavy Duty Trucks_Diesel_Rigid 7.5 - 12 t_Euro III,,,0.06,0,12,83,-2.30E-16,1.23E-14,2.325085743,-1.35E-11,-0.004784473,0.594230887,3.081675884,0,1,1,1 
HDVD_11,Heavy Duty Trucks_Diesel_Rigid 7.5 - 12 t_Euro III,,,0.06,0.5,12,67,0.000400736,0.085365748,-0.491974433,-3.835668011,0.004274195,0.522029949,-5.837602221,0,1,1,1 
HDVD_11,Heavy Duty Trucks_Diesel_Rigid 7.5 - 12 t_Euro III,,,0.06,1,12,58,0.001076497,0.213645018,-1.491333351,-7.178851716,0.008613662,1.095755575,-12.1079777,0,1,1,1 
HDVD_12,Heavy Duty Trucks_Diesel_Rigid 7.5 - 12 t_Euro IV,,,-0.06,0,12,86,-1.35E-12,3.91E-10,0.459988189,1.41E-07,0.013884897,1.212607476,4.76881092,0,1,1,1 
HDVD_12,Heavy Duty Trucks_Diesel_Rigid 7.5 - 12 t_Euro IV,,,-0.06,0.5,12,86,2.75E-06,-0.000925126,0.092673393,0.543190877,-0.000552945,0.245145695,3.156613462,0,1,1,1 
HDVD_12,Heavy Duty Trucks_Diesel_Rigid 7.5 - 12 t_Euro IV,,,-0.06,1,12,86,3.25E-06,-0.0010771,0.106213666,0.605987999,-0.000627598,0.276218081,3.664091519,0,1,1,1 
HDVD_12,Heavy Duty Trucks_Diesel_Rigid 7.5 - 12 t_Euro IV,,,-0.04,0,12,86,3.37E-06,-0.001105164,0.093954268,0.568752609,-0.001217923,0.19330506,2.879980695,0,1,1,1 
HDVD_12,Heavy Duty Trucks_Diesel_Rigid 7.5 - 12 t_Euro IV,,,-0.04,0.5,12,86,4.70E-06,-0.00146899,0.134163413,0.638105541,-0.000596048,0.23781266,3.831284377,0,1,1,1 
HDVD_12,Heavy Duty Trucks_Diesel_Rigid 7.5 - 12 t_Euro IV,,,-0.04,1,12,86,7.51E-06,-0.002298429,0.206752992,0.858736767,-0.000378301,0.328295555,5.739570355,0,1,1,1 
HDVD_12,Heavy Duty Trucks_Diesel_Rigid 7.5 - 12 t_Euro IV,,,-0.02,0,12,86,-1.49E-17,3.43E-17,0.658528154,-3.79E-12,-0.010915359,1.755762811,1.522683388,0,1,1,1 
HDVD_12,Heavy Duty Trucks_Diesel_Rigid 7.5 - 12 t_Euro IV,,,-0.02,0.5,12,86,1.58E-14,1.66E-12,0.606871583,8.37E-10,-0.004600495,1.321968337,3.299155722,0,1,1,1 
HDVD_12,Heavy Duty Trucks_Diesel_Rigid 7.5 - 12 t_Euro IV,,,-0.02,1,12,86,-1.26E-06,0.006501465,0.327932222,-0.05988727,0.011959376,0.580931461,3.035286295,0,1,1,1 
HDVD_12,Heavy Duty Trucks_Diesel_Rigid 7.5 - 12 t_Euro IV,,,0,0,12,86,1.45E-05,-0.00096321,0.171386349,1.042944612,-0.000790069,0.146744833,4.987127029,0,1,1,1 
HDVD_12,Heavy Duty Trucks_Diesel_Rigid 7.5 - 12 t_Euro IV,,,0,0.5,12,86,2.88E-17,3.57E-16,0.401065591,3.71E-13,-0.003868529,0.522615208,4.038289998,0,1,1,1 
HDVD_12,Heavy Duty Trucks_Diesel_Rigid 7.5 - 12 t_Euro IV,,,0,1,12,86,1.53E-16,3.43E-15,0.405467449,2.11E-12,-0.003109408,0.451215504,4.065564277,0,1,1,1 
HDVD_12,Heavy Duty Trucks_Diesel_Rigid 7.5 - 12 t_Euro IV,,,0.02,0,12,86,0.00017548,0.025535281,0.134497447,0.576657664,0.006731633,1.083281053,-2.488154208,0,1,1,1 
HDVD_12,Heavy Duty Trucks_Diesel_Rigid 7.5 - 12 t_Euro IV,,,0.02,0.5,12,86,0.000160297,0.026921407,-0.041585875,-0.176179311,0.009933136,0.656867236,-3.62376318,0,1,1,1 
HDVD_12,Heavy Duty Trucks_Diesel_Rigid 7.5 - 12 t_Euro IV,,,0.02,1,12,86,-1.10E-05,0.007965123,0.222838377,0.228119904,0.001308798,0.234623559,2.924254094,0,1,1,1 
HDVD_12,Heavy Duty Trucks_Diesel_Rigid 7.5 - 12 t_Euro IV,,,0.04,0,12,86,1.84E-05,-0.003005795,0.109242612,1.459548452,0.000679861,-0.115361914,5.040715919,0,1,1,1 
HDVD_12,Heavy Duty Trucks_Diesel_Rigid 7.5 - 12 t_Euro IV,,,0.04,0.5,12,82,-0.000335053,0.025994719,0.564022123,-2.507322165,-0.008553442,0.933246652,0.337924819,0,1,1,1 
HDVD_12,Heavy Duty Trucks_Diesel_Rigid 7.5 - 12 t_Euro IV,,,0.04,1,12,74,-0.000122715,0.000901434,0.857227733,-1.968021012,-0.005800791,0.496766584,4.596785994,0,1,1,1 
HDVD_12,Heavy Duty Trucks_Diesel_Rigid 7.5 - 12 t_Euro IV,,,0.06,0,12,82,-0.000225564,0.020014134,0.104719385,-1.422337117,-0.005115161,0.57438059,-2.863436253,0,1,1,1 
HDVD_12,Heavy Duty Trucks_Diesel_Rigid 7.5 - 12 t_Euro IV,,,0.06,0.5,12,69,-8.11E-05,-0.002849205,0.815314654,-1.177301128,-0.004275531,0.333777556,5.683549707,0,1,1,1 
HDVD_12,Heavy Duty Trucks_Diesel_Rigid 7.5 - 12 t_Euro IV,,,0.06,1,12,59,-0.0002206,0.042176343,-0.3370634,-0.810441182,0.010137699,0.272536874,-3.932301658,0,1,1,1 
HDVD_12,Heavy Duty Trucks_Diesel_Rigid 7.5 - 12 t_Euro IV,,,-0.06,0,12,86,-1.35E-12,3.91E-10,0.459988189,1.41E-07,0.013884897,1.212607476,4.76881092,0,1,1,1 
HDVD_12,Heavy Duty Trucks_Diesel_Rigid 7.5 - 12 t_Euro IV,,,-0.06,0.5,12,86,2.75E-06,-0.000925126,0.092673393,0.543190877,-0.000552945,0.245145695,3.156613462,0,1,1,1 
HDVD_12,Heavy Duty Trucks_Diesel_Rigid 7.5 - 12 t_Euro IV,,,-0.06,1,12,86,3.25E-06,-0.0010771,0.106213666,0.605987999,-0.000627598,0.276218081,3.664091519,0,1,1,1 
HDVD_12,Heavy Duty Trucks_Diesel_Rigid 7.5 - 12 t_Euro IV,,,-0.04,0,12,86,3.37E-06,-0.001105164,0.093954268,0.568752609,-0.001217923,0.19330506,2.879980695,0,1,1,1 
HDVD_12,Heavy Duty Trucks_Diesel_Rigid 7.5 - 12 t_Euro IV,,,-0.04,1,12,86,7.51E-06,-0.002298429,0.206752992,0.858736767,-0.000378301,0.328295555,5.739570355,0,1,1,1 
HDVD_12,Heavy Duty Trucks_Diesel_Rigid 7.5 - 12 t_Euro IV,,,-0.02,0,12,86,-1.49E-17,3.43E-17,0.658528154,-3.79E-12,-0.010915359,1.755762811,1.522683388,0,1,1,1 
HDVD_12,Heavy Duty Trucks_Diesel_Rigid 7.5 - 12 t_Euro IV,,,-0.02,1,12,86,-1.26E-06,0.006501465,0.327932222,-0.05988727,0.011959376,0.580931461,3.035286295,0,1,1,1 
HDVD_12,Heavy Duty Trucks_Diesel_Rigid 7.5 - 12 t_Euro IV,,,0,0,12,86,1.45E-05,-0.00096321,0.171386349,1.042944612,-0.000790069,0.146744833,4.987127029,0,1,1,1 
HDVD_12,Heavy Duty Trucks_Diesel_Rigid 7.5 - 12 t_Euro IV,,,0,1,12,86,1.53E-16,3.43E-15,0.405467449,2.11E-12,-0.003109408,0.451215504,4.065564277,0,1,1,1 
HDVD_12,Heavy Duty Trucks_Diesel_Rigid 7.5 - 12 t_Euro IV,,,0.02,0,12,86,0.00017548,0.025535281,0.134497447,0.576657664,0.006731633,1.083281053,-2.488154208,0,1,1,1 
HDVD_12,Heavy Duty Trucks_Diesel_Rigid 7.5 - 12 t_Euro IV,,,0.02,1,12,86,-1.10E-05,0.007965123,0.222838377,0.228119904,0.001308798,0.234623559,2.924254094,0,1,1,1 
HDVD_12,Heavy Duty Trucks_Diesel_Rigid 7.5 - 12 t_Euro IV,,,0.04,0,12,86,1.84E-05,-0.003005795,0.109242612,1.459548452,0.000679861,-0.115361914,5.040715919,0,1,1,1 
HDVD_12,Heavy Duty Trucks_Diesel_Rigid 7.5 - 12 t_Euro IV,,,0.04,1,12,74,-0.000122715,0.000901434,0.857227733,-1.968021012,-0.005800791,0.496766584,4.596785994,0,1,1,1 
HDVD_12,Heavy Duty Trucks_Diesel_Rigid 7.5 - 12 t_Euro IV,,,0.06,0,12,82,-0.000225564,0.020014134,0.104719385,-1.422337117,-0.005115161,0.57438059,-2.863436253,0,1,1,1 
HDVD_12,Heavy Duty Trucks_Diesel_Rigid 7.5 - 12 t_Euro IV,,,0.06,0.5,12,69,-8.11E-05,-0.002849205,0.815314654,-1.177301128,-0.004275531,0.333777556,5.683549707,0,1,1,1 
HDVD_12,Heavy Duty Trucks_Diesel_Rigid 7.5 - 12 t_Euro IV,,,0.06,1,12,59,-0.0002206,0.042176343,-0.3370634,-0.810441182,0.010137699,0.272536874,-3.932301658,0,1,1,1 
HDVD_13,Heavy Duty Trucks_Diesel_Rigid 7.5 - 12 t_Euro V,SCR,,-0.06,0,10,85,-0.001439034,0.15800004,-0.735123364,1.163475607,0.472176874,-2.434087253,5.105186326,0,1,1,1 
HDVD_13,Heavy Duty Trucks_Diesel_Rigid 7.5 - 12 t_Euro V,SCR,,-0.06,0.5,10,85,-0.000990227,0.105635014,-0.508154784,0.819917454,0.327793809,-1.791705968,3.813617362,0,1,1,1 
HDVD_13,Heavy Duty Trucks_Diesel_Rigid 7.5 - 12 t_Euro V,SCR,,-0.06,1,10,85,-0.005216193,0.467849961,-0.411057819,0.173689502,1.306393225,0.443003489,0.441386156,0,1,1,1 
HDVD_13,Heavy Duty Trucks_Diesel_Rigid 7.5 - 12 t_Euro V,SCR,,-0.04,0,10,85,-0.002676096,0.517715679,-0.433558455,0.122172081,1.280238547,0.430835036,0.477421983,0,1,1,1 
HDVD_13,Heavy Duty Trucks_Diesel_Rigid 7.5 - 12 t_Euro V,SCR,,-0.04,0.5,10,85,-0.003230752,0.358422469,-0.497585205,0.849510461,0.696761491,1.120074964,0.206632721,0,1,1,1 
HDVD_13,Heavy Duty Trucks_Diesel_Rigid 7.5 - 12 t_Euro V,SCR,,-0.04,1,10,85,-0.004157843,0.548362883,-0.583377395,0.04788139,1.244912048,0.402627327,0.506892771,0,1,1,1 
HDVD_13,Heavy Duty Trucks_Diesel_Rigid 7.5 - 12 t_Euro V,SCR,,-0.02,0,10,85,5.28E-06,-0.007565154,1.091864303,-0.929736628,-0.018266608,1.965754542,3.219158219,0,1,1,1 
HDVD_13,Heavy Duty Trucks_Diesel_Rigid 7.5 - 12 t_Euro V,SCR,,-0.02,0.5,10,85,0.001437645,0.400427715,-0.515541323,0.833001988,0.748557735,0.984455444,0.246837538,0,1,1,1 
HDVD_13,Heavy Duty Trucks_Diesel_Rigid 7.5 - 12 t_Euro V,SCR,,-0.02,1,10,85,-0.000103934,0.596480691,-1.017368967,0.038343931,1.000330386,0.389670249,0.610877882,0,1,1,1 
HDVD_13,Heavy Duty Trucks_Diesel_Rigid 7.5 - 12 t_Euro V,SCR,,0,0,10,85,0.018397442,0.529622201,-0.391964159,0.099745604,1.274330336,0.416083277,0.504548304,0,1,1,1 
HDVD_13,Heavy Duty Trucks_Diesel_Rigid 7.5 - 12 t_Euro V,SCR,,0,0.5,10,85,0.017275909,0.502039254,-0.310898164,-1.220562235,1.125317735,-0.187093008,1.379044794,0,1,1,1 
HDVD_13,Heavy Duty Trucks_Diesel_Rigid 7.5 - 12 t_Euro V,SCR,,0,1,10,85,0.009505287,0.338824391,-0.774724508,0.821855495,0.637328953,-0.545084749,1.668311734,0,1,1,1 
HDVD_13,Heavy Duty Trucks_Diesel_Rigid 7.5 - 12 t_Euro V,SCR,,0.02,0,10,85,0.030755741,0.550087409,-0.29944608,-0.074369584,1.309129024,0.355215256,0.569177487,0,1,1,1 
HDVD_13,Heavy Duty Trucks_Diesel_Rigid 7.5 - 12 t_Euro V,SCR,,0.02,0.5,10,85,-0.000882863,0.063188916,1.387436608,-1.513877782,-0.031566992,2.858010723,0.360345486,0,1,1,1 
HDVD_13,Heavy Duty Trucks_Diesel_Rigid 7.5 - 12 t_Euro V,SCR,,0.02,1,10,85,-0.000504524,0.036033243,0.98355836,-0.702371788,-0.016917207,1.608918594,1.644893772,0,1,1,1 
HDVD_13,Heavy Duty Trucks_Diesel_Rigid 7.5 - 12 t_Euro V,SCR,,0.04,0,10,85,-0.000946017,0.071960941,1.154355023,-1.204284593,-0.028046389,2.58358793,4.00E-11,0,1,1,1 
HDVD_13,Heavy Duty Trucks_Diesel_Rigid 7.5 - 12 t_Euro V,SCR,,0.04,0.5,10,80,-0.000776186,0.078504361,0.921282864,-0.858608986,-0.011043404,1.965400796,7.31E-10,0,1,1,1 
HDVD_13,Heavy Duty Trucks_Diesel_Rigid 7.5 - 12 t_Euro V,SCR,,0.04,1,10,70,-0.000928887,0.070268531,1.333467919,-0.48676816,-0.015099793,1.966149765,2.304644749,0,1,1,1 
HDVD_13,Heavy Duty Trucks_Diesel_Rigid 7.5 - 12 t_Euro V,SCR,,0.06,0,10,80,-0.001182646,0.116684721,1.238077087,-1.119141272,-0.016970806,2.783123582,1.71E-08,0,1,1,1 
HDVD_13,Heavy Duty Trucks_Diesel_Rigid 7.5 - 12 t_Euro V,SCR,,0.06,0.5,10,70,-0.000511947,0.03329926,0.893515233,0.278554672,-0.009189694,1.022741835,3.123970124,0,1,1,1 
HDVD_13,Heavy Duty Trucks_Diesel_Rigid 7.5 - 12 t_Euro V,SCR,,0.06,1,10,60,3.06E-05,-0.005469831,0.243795314,0.748327998,-0.000761035,0.026076422,2.226817695,0,1,1,1 
HDVD_13,Heavy Duty Trucks_Diesel_Rigid 7.5 - 12 t_Euro V,EGR,,-0.06,0,10,80,-0.004272789,0.361620227,-0.531659034,-1.509819087,0.999834239,0.253261413,1.730032124,0,1,1,1 
HDVD_13,Heavy Duty Trucks_Diesel_Rigid 7.5 - 12 t_Euro V,EGR,,-0.06,0.5,10,80,-0.003445074,0.286354213,-0.411911215,-1.940014154,0.929428866,-0.866770955,0.836137453,0,1,1,1 
HDVD_13,Heavy Duty Trucks_Diesel_Rigid 7.5 - 12 t_Euro V,EGR,,-0.06,1,10,80,-0.00276664,0.23163222,-0.420385548,-1.787603904,0.834631328,-1.838222109,0.922152418,0,1,1,1 
HDVD_13,Heavy Duty Trucks_Diesel_Rigid 7.5 - 12 t_Euro V,EGR,,-0.04,0,10,85,-0.003011775,0.345404831,-0.993050652,0.85490751,0.582911714,1.227758998,0.396785003,0,1,1,1 
HDVD_13,Heavy Duty Trucks_Diesel_Rigid 7.5 - 12 t_Euro V,EGR,,-0.04,0.5,10,85,-0.003669873,0.348790604,-1.035664894,0.864079916,0.569534467,1.246533113,0.420766833,0,1,1,1 
HDVD_13,Heavy Duty Trucks_Diesel_Rigid 7.5 - 12 t_Euro V,EGR,,-0.04,1,10,85,-0.003741698,0.34210595,-1.103856535,1.028779401,0.564945417,0.942470711,0.634181916,0,1,1,1 
HDVD_13,Heavy Duty Trucks_Diesel_Rigid 7.5 - 12 t_Euro V,EGR,,-0.02,0,10,85,7.38E-05,-0.023506903,1.625961976,-1.660734309,-0.01819317,1.449972738,16.70304004,0,1,1,1 
HDVD_13,Heavy Duty Trucks_Diesel_Rigid 7.5 - 12 t_Euro V,EGR,,-0.02,0.5,10,85,0.000156342,-0.036606757,2.196895596,-2.403722709,-0.023985099,1.935379107,21.72499719,0,1,1,1 
HDVD_13,Heavy Duty Trucks_Diesel_Rigid 7.5 - 12 t_Euro V,EGR,,-0.02,1,10,85,0.000146671,-0.02829585,1.458452447,-1.568413668,-0.013001664,1.013862229,15.91052117,0,1,1,1 
HDVD_13,Heavy Duty Trucks_Diesel_Rigid 7.5 - 12 t_Euro V,EGR,,0,0,10,85,1.39E-05,-0.005269149,0.383165822,-0.360245778,-0.002629849,0.195210575,3.837825061,0,1,1,1 
HDVD_13,Heavy Duty Trucks_Diesel_Rigid 7.5 - 12 t_Euro V,EGR,,0,0.5,10,85,1.35E-05,-0.005023552,0.366004715,-0.341860927,-0.002310429,0.169871886,3.592791675,0,1,1,1 
HDVD_13,Heavy Duty Trucks_Diesel_Rigid 7.5 - 12 t_Euro V,EGR,,0,1,10,85,1.40E-05,-0.005296938,0.388677927,-0.36837767,-0.002290798,0.167490887,3.676750834,0,1,1,1 
HDVD_13,Heavy Duty Trucks_Diesel_Rigid 7.5 - 12 t_Euro V,EGR,,0.02,0,10,85,2.20E-07,-0.009874675,0.999392406,-1.054875289,-0.006430822,0.504426358,8.122902745,0,1,1,1 
HDVD_13,Heavy Duty Trucks_Diesel_Rigid 7.5 - 12 t_Euro V,EGR,,0.02,0.5,10,85,-3.86E-05,-0.005661664,0.879518062,-0.922858429,-0.005775353,0.44758903,6.687087004,0,1,1,1 
HDVD_13,Heavy Duty Trucks_Diesel_Rigid 7.5 - 12 t_Euro V,EGR,,0.02,1,10,85,-1.81E-05,-0.006243097,0.910976647,-0.817230999,-0.004510134,0.371179048,7.135315903,0,1,1,1 
HDVD_13,Heavy Duty Trucks_Diesel_Rigid 7.5 - 12 t_Euro V,EGR,,0.04,0,10,85,-3.54E-05,-0.002196368,0.523304938,-0.519280498,-0.003382567,0.266007211,3.862560747,0,1,1,1 
HDVD_13,Heavy Duty Trucks_Diesel_Rigid 7.5 - 12 t_Euro V,EGR,,0.04,0.5,10,80,0.002737788,0.196645888,0.376435404,-1.000191212,0.104852871,2.20070311,1.74E-07,0,1,1,1 
HDVD_13,Heavy Duty Trucks_Diesel_Rigid 7.5 - 12 t_Euro V,EGR,,0.04,1,10,75,8.91E-05,0.184464796,0.500921175,-1.08644,0.032615571,2.314511913,2.32E-06,0,1,1,1 
HDVD_13,Heavy Duty Trucks_Diesel_Rigid 7.5 - 12 t_Euro V,EGR,,0.06,0,10,80,0.002264554,0.189009452,0.455914304,-1.126914463,0.089163333,2.266922366,2.30E-08,0,1,1,1 
HDVD_13,Heavy Duty Trucks_Diesel_Rigid 7.5 - 12 t_Euro V,EGR,,0.06,0.5,10,70,-0.00021816,0.198186409,0.483212585,-1.046581684,0.025119399,2.3598736,9.06E-10,0,1,1,1 
HDVD_13,Heavy Duty Trucks_Diesel_Rigid 7.5 - 12 t_Euro V,EGR,,0.06,1,10,60,-0.002254843,0.167485966,0.711195499,-1.287591467,-0.019979151,2.316871541,4.90E-09,0,1,1,1 
HDVD_14,Heavy Duty Trucks_Diesel_Rigid 7.5 - 12 t_Euro VI,,,-0.06,0,10,75,-5.52E-05,0.005274314,-0.0857616,0.391773018,0.084823993,-1.617823138,7.819522423,0,1,1,1 
HDVD_14,Heavy Duty Trucks_Diesel_Rigid 7.5 - 12 t_Euro VI,,,-0.06,0.5,10,65,-0.001096256,0.076080862,-0.003655707,0.174826138,1.530297761,0.47557256,0.322788736,0,1,1,1 
HDVD_14,Heavy Duty Trucks_Diesel_Rigid 7.5 - 12 t_Euro VI,,,-0.06,1,10,65,-3.08E-05,0.002735262,-0.045343618,0.212223427,0.046514396,-0.918599207,4.563212934,0,1,1,1 
HDVD_14,Heavy Duty Trucks_Diesel_Rigid 7.5 - 12 t_Euro VI,,,-0.04,0,10,85,-0.000695614,0.087114932,0.011179476,0.11842777,1.538403763,0.4731463,0.329381953,0,1,1,1 
HDVD_14,Heavy Duty Trucks_Diesel_Rigid 7.5 - 12 t_Euro VI,,,-0.04,0.5,10,85,-0.000845192,0.078031471,0.219770003,-1.277200449,1.473409242,0.426134876,0.409574185,0,1,1,1 
HDVD_14,Heavy Duty Trucks_Diesel_Rigid 7.5 - 12 t_Euro VI,,,-0.04,1,10,85,-0.001032103,0.09026798,0.004236672,-0.010823702,1.571163919,0.46507782,0.335513738,0,1,1,1 
HDVD_14,Heavy Duty Trucks_Diesel_Rigid 7.5 - 12 t_Euro VI,,,-0.02,0,10,85,0.000833645,0.088769575,0.011103595,0.116990802,1.538099078,0.473159109,0.329948017,0,1,1,1 
HDVD_14,Heavy Duty Trucks_Diesel_Rigid 7.5 - 12 t_Euro VI,,,-0.02,0.5,10,85,5.18E-07,-0.000107273,0.004814246,0.295924875,-0.000834826,0.035697619,5.17910152,0,1,1,1 
HDVD_14,Heavy Duty Trucks_Diesel_Rigid 7.5 - 12 t_Euro VI,,,-0.02,1,10,85,8.23E-07,-9.41E-05,-0.001010088,0.344396905,0.000128581,-0.074353265,6.162788319,0,1,1,1 
HDVD_14,Heavy Duty Trucks_Diesel_Rigid 7.5 - 12 t_Euro VI,,,0,0,10,85,4.27E-07,-0.000180397,0.011643032,0.346977414,-0.000757374,0.015592853,5.897111277,0,1,1,1 
HDVD_14,Heavy Duty Trucks_Diesel_Rigid 7.5 - 12 t_Euro VI,,,0,0.5,10,85,3.10E-06,-0.000598792,0.023989386,1.171223554,-0.000155722,-0.16567177,19.77352914,0,1,1,1 
HDVD_14,Heavy Duty Trucks_Diesel_Rigid 7.5 - 12 t_Euro VI,,,0,1,10,85,1.83E-06,-0.000286525,0.008651307,0.545647418,0.000386829,-0.118426287,9.166143147,0,1,1,1 
HDVD_14,Heavy Duty Trucks_Diesel_Rigid 7.5 - 12 t_Euro VI,,,0.02,0,10,85,0.002156902,0.106762806,0.006889934,0.085046435,1.540493515,0.469213435,0.337685563,0,1,1,1 
HDVD_14,Heavy Duty Trucks_Diesel_Rigid 7.5 - 12 t_Euro VI,,,0.02,0.5,10,85,0.002318529,0.115036615,-0.032122451,0.09153553,1.540553526,0.458587227,0.337559526,0,1,1,1 
HDVD_14,Heavy Duty Trucks_Diesel_Rigid 7.5 - 12 t_Euro VI,,,0.02,1,10,85,0.002415725,0.139513265,-0.166372941,-0.207276178,1.624774683,0.306806459,0.384697334,0,1,1,1 
HDVD_14,Heavy Duty Trucks_Diesel_Rigid 7.5 - 12 t_Euro VI,,,0.04,0,10,85,7.88E-05,0.014219749,0.217628529,-0.014332555,0.075674907,3.301721479,0.415685174,0,1,1,1 
HDVD_14,Heavy Duty Trucks_Diesel_Rigid 7.5 - 12 t_Euro VI,,,0.04,0.5,10,80,0.000108601,0.015983718,0.207147904,-0.005337166,0.082090855,3.167027173,0.410863736,0,1,1,1 
HDVD_14,Heavy Duty Trucks_Diesel_Rigid 7.5 - 12 t_Euro VI,,,0.04,1,10,75,-1.10E-06,-0.000171903,0.019913795,0.219678346,-0.001178704,0.055724673,3.646058341,0,1,1,1 
HDVD_14,Heavy Duty Trucks_Diesel_Rigid 7.5 - 12 t_Euro VI,,,0.06,0,10,80,0.000104949,0.017429106,0.23601747,-0.048164161,0.083227484,3.528008744,0.029240114,0,1,1,1 
HDVD_14,Heavy Duty Trucks_Diesel_Rigid 7.5 - 12 t_Euro VI,,,0.06,0.5,10,70,-2.51E-05,0.008070116,0.140252394,0.003260237,0.008623171,2.040051839,0.419010173,0,1,1,1 
HDVD_14,Heavy Duty Trucks_Diesel_Rigid 7.5 - 12 t_Euro VI,,,0.06,1,10,60,-0.000121828,0.006735409,0.163301386,0.002091908,-0.025368365,2.281189206,0.462086211,0,1,1,1 
HDVD_15,Heavy Duty Trucks_Diesel_Rigid 12 - 14 t_Conventional,,,-0.06,0,12,86,-1.29E-05,0.005727577,1.197505605,-3.867930915,0.004990003,0.073098304,0.072384414,0,1,1,1 
HDVD_15,Heavy Duty Trucks_Diesel_Rigid 12 - 14 t_Conventional,,,-0.06,0.5,12,86,0.000132075,-0.012138694,0.7321587,2.505705707,0.001808321,0.019401968,1.001484207,0,1,1,1 
HDVD_15,Heavy Duty Trucks_Diesel_Rigid 12 - 14 t_Conventional,,,-0.06,1,12,86,-9.87E-06,0.003798425,1.343319972,-4.612492091,0.005524662,0.07011259,0.228344629,0,1,1,1 
HDVD_15,Heavy Duty Trucks_Diesel_Rigid 12 - 14 t_Conventional,,,-0.04,0,12,86,-3.10E-05,0.02030777,1.832266451,-3.144081845,0.0069688,0.130860023,0.237656945,0,1,1,1 
HDVD_15,Heavy Duty Trucks_Diesel_Rigid 12 - 14 t_Conventional,,,-0.04,0.5,12,86,0.000127658,-0.012545547,1.159238773,2.229116638,0.001899324,0.0624397,0.933542486,0,1,1,1 
HDVD_15,Heavy Duty Trucks_Diesel_Rigid 12 - 14 t_Conventional,,,-0.04,1,12,86,-2.47E-05,0.011673406,1.985292468,-1.562426913,0.007503152,0.08374814,1.168768808,0,1,1,1 
HDVD_15,Heavy Duty Trucks_Diesel_Rigid 12 - 14 t_Conventional,,,-0.02,0,12,86,2.16E-05,0.001834063,0.488508604,4.870638404,-0.000185504,0.076718946,0.362487472,0,1,1,1 
HDVD_15,Heavy Duty Trucks_Diesel_Rigid 12 - 14 t_Conventional,,,-0.02,0.5,12,86,1.58E-05,0.001195319,0.407447521,4.133160631,-7.61E-05,0.06275604,0.304787544,0,1,1,1 
HDVD_15,Heavy Duty Trucks_Diesel_Rigid 12 - 14 t_Conventional,,,-0.02,1,12,86,5.80E-06,0.00278858,0.327711589,2.123247116,0.00032964,0.039155268,0.214803973,0,1,1,1 
HDVD_15,Heavy Duty Trucks_Diesel_Rigid 12 - 14 t_Conventional,,,0,0,12,86,8.36E-06,0.003509953,0.658797598,6.053014398,-0.000154624,0.068152574,0.688323476,0,1,1,1 
HDVD_15,Heavy Duty Trucks_Diesel_Rigid 12 - 14 t_Conventional,,,0,0.5,12,86,3.59E-15,-9.55E-14,2.593420601,7.66E-10,-0.001499299,0.255416233,0.286947072,0,1,1,1 
HDVD_15,Heavy Duty Trucks_Diesel_Rigid 12 - 14 t_Conventional,,,0,1,12,86,-6.43E-18,5.14E-16,2.271489211,-8.47E-13,-0.001199785,0.198858836,0.473251387,0,1,1,1 
HDVD_15,Heavy Duty Trucks_Diesel_Rigid 12 - 14 t_Conventional,,,0.02,0,12,86,9.92E-17,-2.95E-15,2.583956942,1.48E-11,-0.001625877,0.235904867,0.36140646,0,1,1,1 
HDVD_15,Heavy Duty Trucks_Diesel_Rigid 12 - 14 t_Conventional,,,0.02,0.5,12,86,6.80E-05,-0.000675289,0.550938153,3.684824659,-8.42E-05,0.032461915,0.570750146,0,1,1,1 
HDVD_15,Heavy Duty Trucks_Diesel_Rigid 12 - 14 t_Conventional,,,0.02,1,12,84,4.43E-17,-1.81E-15,2.708502497,1.74E-12,-0.001339652,0.162749485,1.097565449,0,1,1,1 
HDVD_15,Heavy Duty Trucks_Diesel_Rigid 12 - 14 t_Conventional,,,0.04,0,12,86,3.03E-16,-2.32E-14,5.079182052,5.29E-11,-0.003550105,0.416175655,0.923947238,0,1,1,1 
HDVD_15,Heavy Duty Trucks_Diesel_Rigid 12 - 14 t_Conventional,,,0.04,0.5,12,75,9.04E-05,0.008030839,0.735311096,8.887960631,-0.00024071,0.046447211,1.051934182,0,1,1,1 
HDVD_15,Heavy Duty Trucks_Diesel_Rigid 12 - 14 t_Conventional,,,0.04,1,12,65,0.000151391,0.028840448,1.523378288,5.203586196,-0.000423487,0.093676255,1.067874514,0,1,1,1 
HDVD_15,Heavy Duty Trucks_Diesel_Rigid 12 - 14 t_Conventional,,,0.06,0,12,75,0.000195762,0.009874719,0.979369535,-4.834212853,-0.000577024,0.109332015,-0.511684724,0,1,1,1 
HDVD_15,Heavy Duty Trucks_Diesel_Rigid 12 - 14 t_Conventional,,,0.06,0.5,12,61,0.000657915,0.049875104,0.513388104,6.976156971,0.000526474,0.086548112,0.489340384,0,1,1,1 
HDVD_15,Heavy Duty Trucks_Diesel_Rigid 12 - 14 t_Conventional,,,0.06,1,12,50,0.008936735,0.500027753,-2.22759395,17.47015488,0.010860231,0.414850552,-1.516461786,0,1,1,1 
HDVD_16,Heavy Duty Trucks_Diesel_Rigid 12 - 14 t_Euro I,,,-0.06,0,12,86,6.83E-06,-0.002891992,0.400352854,2.912454941,7.19E-05,0.071857754,0.652406273,0,1,1,1 
HDVD_16,Heavy Duty Trucks_Diesel_Rigid 12 - 14 t_Euro I,,,-0.06,0.5,12,86,1.07E-05,-0.004017732,0.475126162,3.182459586,3.91E-05,0.081436083,0.8323735,0,1,1,1 
HDVD_16,Heavy Duty Trucks_Diesel_Rigid 12 - 14 t_Euro I,,,-0.06,1,12,86,8.11E-06,-0.003000548,0.349057605,2.307904044,1.70E-05,0.060131024,0.626639205,0,1,1,1 
HDVD_16,Heavy Duty Trucks_Diesel_Rigid 12 - 14 t_Euro I,,,-0.04,0,12,86,2.43E-06,-0.001594148,0.389270731,3.009142511,2.71E-05,0.069632664,0.549958334,0,1,1,1 
HDVD_16,Heavy Duty Trucks_Diesel_Rigid 12 - 14 t_Euro I,,,-0.04,0.5,12,86,6.02E-06,-0.002205869,0.250605644,1.653794408,-5.15E-05,0.038054068,0.414361954,0,1,1,1 
HDVD_16,Heavy Duty Trucks_Diesel_Rigid 12 - 14 t_Euro I,,,-0.04,1,12,86,9.79E-06,-0.003213117,0.317550589,1.734670201,-3.62E-05,0.0413014,0.548334049,0,1,1,1 
HDVD_16,Heavy Duty Trucks_Diesel_Rigid 12 - 14 t_Euro I,,,-0.02,0,12,86,1.32E-17,-8.54E-16,3.093410792,8.65E-12,-0.002608263,0.581643455,-0.207108262,0,1,1,1 
HDVD_16,Heavy Duty Trucks_Diesel_Rigid 12 - 14 t_Euro I,,,-0.02,0.5,12,86,-1.23E-16,-2.76E-16,2.435424617,2.61E-11,-0.00249783,0.49882687,-0.479116853,0,1,1,1 
HDVD_16,Heavy Duty Trucks_Diesel_Rigid 12 - 14 t_Euro I,,,-0.02,1,12,86,8.57E-14,9.96E-12,3.272553901,4.07E-08,-0.001940104,0.59488819,0.099249424,0,1,1,1 
HDVD_16,Heavy Duty Trucks_Diesel_Rigid 12 - 14 t_Euro I,,,0,0,12,86,9.83E-15,-1.75E-13,2.891060362,5.11E-09,-0.002595618,0.489940121,0.241801135,0,1,1,1 
HDVD_16,Heavy Duty Trucks_Diesel_Rigid 12 - 14 t_Euro I,,,0,0.5,12,86,8.33E-17,-1.84E-15,3.675154986,1.21E-11,-0.003464802,0.580797809,0.756937527,0,1,1,1 
HDVD_16,Heavy Duty Trucks_Diesel_Rigid 12 - 14 t_Euro I,,,0,1,12,86,7.07E-15,-3.13E-13,4.224894709,6.88E-10,-0.003622073,0.582033992,1.660380127,0,1,1,1 
HDVD_16,Heavy Duty Trucks_Diesel_Rigid 12 - 14 t_Euro I,,,0.02,0,12,86,5.33E-16,-2.48E-14,2.132758969,1.01E-10,-0.002380679,0.329373828,0.578530105,0,1,1,1 
HDVD_16,Heavy Duty Trucks_Diesel_Rigid 12 - 14 t_Euro I,,,0.02,0.5,12,86,1.68E-15,-8.36E-14,1.877050279,1.01E-10,-0.001802938,0.229046741,1.089035061,0,1,1,1 
HDVD_16,Heavy Duty Trucks_Diesel_Rigid 12 - 14 t_Euro I,,,0.02,1,12,85,4.03E-05,0.013919691,1.045402874,4.683222785,-0.000439313,0.127921384,1.391721565,0,1,1,1 
HDVD_16,Heavy Duty Trucks_Diesel_Rigid 12 - 14 t_Euro I,,,0.04,0,12,86,2.72E-17,-1.64E-15,3.350136338,2.26E-12,-0.003681934,0.432252729,1.688566789,0,1,1,1 
HDVD_16,Heavy Duty Trucks_Diesel_Rigid 12 - 14 t_Euro I,,,0.04,0.5,12,75,5.00E-05,0.011123529,0.716440138,2.996857897,-0.000349792,0.086975881,0.967411361,0,1,1,1 
HDVD_16,Heavy Duty Trucks_Diesel_Rigid 12 - 14 t_Euro I,,,0.04,1,12,65,0.000952254,-0.035460581,0.753242828,3.089017907,0.002262924,-0.082058156,1.836985011,0,1,1,1 
HDVD_16,Heavy Duty Trucks_Diesel_Rigid 12 - 14 t_Euro I,,,0.06,0,12,75,6.37E-05,0.007457986,0.565085798,3.675910265,-0.000340316,0.072526067,0.968523134,0,1,1,1 
HDVD_16,Heavy Duty Trucks_Diesel_Rigid 12 - 14 t_Euro I,,,0.06,0.5,12,62,8.63E-05,0.052003927,2.050219918,4.006153356,-0.000801215,0.209380303,2.623437944,0,1,1,1 
HDVD_16,Heavy Duty Trucks_Diesel_Rigid 12 - 14 t_Euro I,,,0.06,1,12,51,0.002609732,0.250342209,-1.319506581,-4.165650591,0.006217199,0.382742914,-3.066214537,0,1,1,1 
HDVD_17,Heavy Duty Trucks_Diesel_Rigid 12 - 14 t_Euro II,,,-0.06,0,12,86,-1.80E-05,0.020425586,1.259296769,-3.559813628,0.016293968,0.540069646,1.110548391,0,1,1,1 
HDVD_17,Heavy Duty Trucks_Diesel_Rigid 12 - 14 t_Euro II,,,-0.06,0.5,12,86,-2.83E-05,0.017758474,1.484872965,-5.769556793,0.017235302,0.427903787,2.268623997,0,1,1,1 
HDVD_17,Heavy Duty Trucks_Diesel_Rigid 12 - 14 t_Euro II,,,-0.06,1,12,86,-2.70E-05,0.014086188,1.38873609,-5.861292466,0.015124172,0.326501197,2.284055945,0,1,1,1 
HDVD_17,Heavy Duty Trucks_Diesel_Rigid 12 - 14 t_Euro II,,,-0.04,0,12,86,-1.94E-05,0.0223108,1.357903568,-3.860332896,0.015965637,0.531623123,1.157821672,0,1,1,1 
HDVD_17,Heavy Duty Trucks_Diesel_Rigid 12 - 14 t_Euro II,,,-0.04,0.5,12,86,-2.66E-05,0.021784066,1.469819428,-5.216311516,0.015695778,0.450697407,1.926528343,0,1,1,1 
HDVD_17,Heavy Duty Trucks_Diesel_Rigid 12 - 14 t_Euro II,,,-0.04,1,12,86,-1.95E-05,0.008765301,0.866049368,-4.092216002,0.00807995,0.148059777,1.606697849,0,1,1,1 
HDVD_17,Heavy Duty Trucks_Diesel_Rigid 12 - 14 t_Euro II,,,-0.02,0,12,86,9.09E-05,-0.008163123,0.282306805,0.629983836,0.000699769,-0.020064569,1.931404664,0,1,1,1 
HDVD_17,Heavy Duty Trucks_Diesel_Rigid 12 - 14 t_Euro II,,,-0.02,0.5,12,86,0.000121765,-0.011756838,0.470857201,0.656865204,0.000840055,-0.014657429,2.70692916,0,1,1,1 
HDVD_17,Heavy Duty Trucks_Diesel_Rigid 12 - 14 t_Euro II,,,-0.02,1,12,86,0.000180493,-0.015654801,0.707982064,1.475807759,0.001958162,-0.039104252,4.136859309,0,1,1,1 
HDVD_17,Heavy Duty Trucks_Diesel_Rigid 12 - 14 t_Euro II,,,0,0,12,86,-7.77E-16,5.06E-14,1.615646862,-6.18E-11,-0.005738999,0.662140407,2.714473992,0,1,1,1 
HDVD_17,Heavy Duty Trucks_Diesel_Rigid 12 - 14 t_Euro II,,,0,0.5,12,86,0.00018303,-0.015505361,0.639061886,0.482196803,0.000513962,-0.006727729,2.861275151,0,1,1,1 
HDVD_17,Heavy Duty Trucks_Diesel_Rigid 12 - 14 t_Euro II,,,0,1,12,86,0.000293266,-0.025750221,1.121965268,0.578404329,0.000601818,-0.001105498,4.24888353,0,1,1,1 
HDVD_17,Heavy Duty Trucks_Diesel_Rigid 12 - 14 t_Euro II,,,0.02,0,12,86,5.10E-05,0.014487252,0.935742864,3.662745799,-0.00109197,0.306617353,3.76307493,0,1,1,1 
HDVD_17,Heavy Duty Trucks_Diesel_Rigid 12 - 14 t_Euro II,,,0.02,0.5,12,86,-1.70E-05,0.012525717,0.689096997,1.63002655,-0.000523184,0.166823076,2.400724355,0,1,1,1 
HDVD_17,Heavy Duty Trucks_Diesel_Rigid 12 - 14 t_Euro II,,,0.02,1,12,86,0.000349108,-0.018824237,1.388329502,1.034646336,0.001746982,-0.014230406,4.991475899,0,1,1,1 
HDVD_17,Heavy Duty Trucks_Diesel_Rigid 12 - 14 t_Euro II,,,0.04,0,12,86,0.000411037,0.067763377,-0.164631497,-2.847872898,0.005382699,0.387980377,-3.334135326,0,1,1,1 
HDVD_17,Heavy Duty Trucks_Diesel_Rigid 12 - 14 t_Euro II,,,0.04,0.5,12,80,0.000707138,0.035056476,0.179249679,2.016626012,0.008126094,0.007439637,2.040038863,0,1,1,1 
HDVD_17,Heavy Duty Trucks_Diesel_Rigid 12 - 14 t_Euro II,,,0.04,1,12,69,9.28E-05,-0.015687281,0.972903014,-0.008892526,4.49E-05,-0.012671814,2.798492822,0,1,1,1 
HDVD_17,Heavy Duty Trucks_Diesel_Rigid 12 - 14 t_Euro II,,,0.06,0,12,81,4.05E-05,0.036968743,1.016405967,1.159291741,0.001376361,0.243101552,2.95277677,0,1,1,1 
HDVD_17,Heavy Duty Trucks_Diesel_Rigid 12 - 14 t_Euro II,,,0.06,0.5,12,64,-7.38E-05,0.077130133,1.831100098,1.412502165,0.001987144,0.377063181,4.546079662,0,1,1,1 
HDVD_17,Heavy Duty Trucks_Diesel_Rigid 12 - 14 t_Euro II,,,0.06,1,12,53,0.000137605,-0.018233236,0.892467663,-0.053292495,0.000175429,-0.023887108,2.215670253,0,1,1,1 
HDVD_18,Heavy Duty Trucks_Diesel_Rigid 12 - 14 t_Euro III,,,-0.06,0,12,86,3.71E-17,-4.02E-14,1.872209321,-8.91E-13,0.000886882,0.585496609,1.153540729,0,1,1,1 
HDVD_18,Heavy Duty Trucks_Diesel_Rigid 12 - 14 t_Euro III,,,-0.06,0.5,12,86,-1.01E-05,0.032139558,1.917132885,-0.605262807,0.012116446,0.598375342,1.509151624,0,1,1,1 
HDVD_18,Heavy Duty Trucks_Diesel_Rigid 12 - 14 t_Euro III,,,-0.06,1,12,86,-1.69E-05,0.043353126,2.301701114,-1.188092858,0.0166163,0.691766112,2.171095956,0,1,1,1 
HDVD_18,Heavy Duty Trucks_Diesel_Rigid 12 - 14 t_Euro III,,,-0.04,0,12,86,-1.92E-06,0.041295547,2.007602812,-0.357588114,0.013285521,0.638667096,0.587544842,0,1,1,1 
HDVD_18,Heavy Duty Trucks_Diesel_Rigid 12 - 14 t_Euro III,,,-0.04,0.5,12,86,2.35E-17,-4.59E-14,2.055967374,1.22E-12,0.000899469,0.609804961,1.5661463,0,1,1,1 
HDVD_18,Heavy Duty Trucks_Diesel_Rigid 12 - 14 t_Euro III,,,-0.04,1,12,86,-1.89E-05,0.031369031,2.496249207,-0.558259228,0.012431806,0.654073992,3.221535381,0,1,1,1 
HDVD_18,Heavy Duty Trucks_Diesel_Rigid 12 - 14 t_Euro III,,,-0.02,0,12,86,6.19E-05,0.057217593,0.633773439,-4.963355454,0.012551313,0.34160076,-2.349418128,0,1,1,1 
HDVD_18,Heavy Duty Trucks_Diesel_Rigid 12 - 14 t_Euro III,,,-0.02,0.5,12,86,5.55E-18,9.88E-17,2.326350686,1.02E-12,-0.003316759,0.771013568,0.661988038,0,1,1,1 
HDVD_18,Heavy Duty Trucks_Diesel_Rigid 12 - 14 t_Euro III,,,-0.02,1,12,86,5.20E-15,4.31E-13,2.297966245,5.12E-10,-0.002596222,0.732610007,1.026476267,0,1,1,1 
HDVD_18,Heavy Duty Trucks_Diesel_Rigid 12 - 14 t_Euro III,,,0,0,12,86,4.66E-13,-1.34E-11,4.236472059,4.34E-07,-0.007715841,1.415680104,0.393063222,0,1,1,1 
HDVD_18,Heavy Duty Trucks_Diesel_Rigid 12 - 14 t_Euro III,,,0,0.5,12,86,1.44E-15,-2.41E-14,1.852119725,3.53E-10,-0.00338255,0.588349835,0.539429697,0,1,1,1 
HDVD_18,Heavy Duty Trucks_Diesel_Rigid 12 - 14 t_Euro III,,,0,1,12,86,4.26E-18,-6.75E-17,1.684267248,6.60E-13,-0.002982003,0.496585094,0.908130182,0,1,1,1 
HDVD_18,Heavy Duty Trucks_Diesel_Rigid 12 - 14 t_Euro III,,,0.02,0,12,86,8.54E-05,0.030947018,0.804468833,3.421322777,0.002695218,0.389395791,0.493970275,0,1,1,1 
HDVD_18,Heavy Duty Trucks_Diesel_Rigid 12 - 14 t_Euro III,,,0.02,0.5,12,86,5.35E-06,0.005971264,0.671719346,3.595149346,-0.000554082,0.188752858,1.742950658,0,1,1,1 
HDVD_18,Heavy Duty Trucks_Diesel_Rigid 12 - 14 t_Euro III,,,0.02,1,12,86,-1.31E-06,0.007412833,0.70473604,3.155361543,-0.000548351,0.178955363,1.837178171,0,1,1,1 
HDVD_18,Heavy Duty Trucks_Diesel_Rigid 12 - 14 t_Euro III,,,0.04,0,12,86,0.000175701,0.043097326,0.154665848,-2.676326525,0.004664072,0.289414341,-2.426210207,0,1,1,1 
HDVD_18,Heavy Duty Trucks_Diesel_Rigid 12 - 14 t_Euro III,,,0.04,0.5,12,81,2.02E-05,0.010966249,0.929980512,4.332603854,-0.000800945,0.242514745,2.380412217,0,1,1,1 
HDVD_18,Heavy Duty Trucks_Diesel_Rigid 12 - 14 t_Euro III,,,0.04,1,12,70,-4.98E-05,0.009964681,0.690735955,1.825415344,-0.000698781,0.142305885,1.801274196,0,1,1,1 
HDVD_18,Heavy Duty Trucks_Diesel_Rigid 12 - 14 t_Euro III,,,0.06,0,12,82,1.47E-05,0.004900406,0.42588582,2.204001145,-0.000397756,0.116007216,1.134488021,0,1,1,1 
HDVD_18,Heavy Duty Trucks_Diesel_Rigid 12 - 14 t_Euro III,,,0.06,0.5,12,66,0.000512962,0.080457838,-0.068070368,-3.00410682,0.006412941,0.391843259,-3.047616763,0,1,1,1 
HDVD_18,Heavy Duty Trucks_Diesel_Rigid 12 - 14 t_Euro III,,,0.06,1,12,54,-0.00012112,0.068354614,1.421697345,0.917655927,0.001975575,0.322292873,3.518681097,0,1,1,1 
HDVD_19,Heavy Duty Trucks_Diesel_Rigid 12 - 14 t_Euro IV,,,-0.06,0,12,86,3.11E-06,-0.001079202,0.111726062,0.69933205,-0.00066895,0.259811433,3.146812484,0,1,1,1 
HDVD_19,Heavy Duty Trucks_Diesel_Rigid 12 - 14 t_Euro IV,,,-0.06,0.5,12,86,-5.60E-13,1.61E-10,0.490076202,5.44E-08,0.012810675,1.060616951,5.066898784,0,1,1,1 
HDVD_19,Heavy Duty Trucks_Diesel_Rigid 12 - 14 t_Euro IV,,,-0.06,1,12,86,-9.82E-11,2.81E-08,0.454864632,9.48E-06,0.01211,0.961494479,5.070635501,0,1,1,1 
HDVD_19,Heavy Duty Trucks_Diesel_Rigid 12 - 14 t_Euro IV,,,-0.04,0,12,86,8.33E-06,-0.002766686,0.264725314,1.555581944,-0.001753411,0.490037704,6.631298416,0,1,1,1 
HDVD_19,Heavy Duty Trucks_Diesel_Rigid 12 - 14 t_Euro IV,,,-0.04,0.5,12,86,6.16E-06,-0.001942301,0.180035196,0.877114359,-0.000603856,0.285929154,4.434784003,0,1,1,1 
HDVD_19,Heavy Duty Trucks_Diesel_Rigid 12 - 14 t_Euro IV,,,-0.04,1,12,86,5.44E-06,-0.001660645,0.1488803,0.605385963,-0.000199832,0.203226287,3.60336352,0,1,1,1 
HDVD_19,Heavy Duty Trucks_Diesel_Rigid 12 - 14 t_Euro IV,,,-0.02,0,12,86,5.14E-08,-9.68E-08,1.631004441,0.082632947,-0.019394653,4.045740247,0.750756553,0,1,1,1 
HDVD_19,Heavy Duty Trucks_Diesel_Rigid 12 - 14 t_Euro IV,,,-0.02,0.5,12,86,1.87E-05,0.424328508,-0.795487113,0.645103795,0.741175183,1.052534614,0.269836258,0,1,1,1 
HDVD_19,Heavy Duty Trucks_Diesel_Rigid 12 - 14 t_Euro IV,,,-0.02,1,12,86,7.46E-06,-0.002228104,0.161576069,0.658646929,-0.001276981,0.139051,3.567241242,0,1,1,1 
HDVD_19,Heavy Duty Trucks_Diesel_Rigid 12 - 14 t_Euro IV,,,0,0,12,86,1.11E-18,-3.46E-17,0.413824528,5.48E-14,-0.005087375,0.660547282,2.837357663,0,1,1,1 
HDVD_19,Heavy Duty Trucks_Diesel_Rigid 12 - 14 t_Euro IV,,,0,0.5,12,86,1.09E-17,1.29E-16,0.401215213,1.94E-13,-0.003482333,0.490465205,3.495022234,0,1,1,1 
HDVD_19,Heavy Duty Trucks_Diesel_Rigid 12 - 14 t_Euro IV,,,0,1,12,86,6.52E-16,-1.87E-14,0.484839029,2.29E-11,-0.00336013,0.509716162,4.097087419,0,1,1,1 
HDVD_19,Heavy Duty Trucks_Diesel_Rigid 12 - 14 t_Euro IV,,,0.02,0,12,86,0.000507234,0.056191442,1.3655314,0.953775535,0.008129794,3.182237788,5.714994073,0,1,1,1 
HDVD_19,Heavy Duty Trucks_Diesel_Rigid 12 - 14 t_Euro IV,,,0.02,0.5,12,86,0.000125304,0.025376035,0.018004734,-0.89254624,0.007289057,0.617303707,-3.757789699,0,1,1,1 
HDVD_19,Heavy Duty Trucks_Diesel_Rigid 12 - 14 t_Euro IV,,,0.02,1,12,86,-7.76E-06,0.009515523,0.28429667,0.333889437,0.001433721,0.264451101,3.298704748,0,1,1,1 
HDVD_19,Heavy Duty Trucks_Diesel_Rigid 12 - 14 t_Euro IV,,,0.04,0,12,86,-0.000175717,0.016631553,-0.008288203,-1.416593836,-0.004824238,0.513419732,-4.611411877,0,1,1,1 
HDVD_19,Heavy Duty Trucks_Diesel_Rigid 12 - 14 t_Euro IV,,,0.04,0.5,12,83,-0.000143343,0.009663735,0.43628147,-1.045544542,-0.003405855,0.37058148,2.576181155,0,1,1,1 
HDVD_19,Heavy Duty Trucks_Diesel_Rigid 12 - 14 t_Euro IV,,,0.04,1,12,71,-0.000638334,0.165956851,0.246598081,-0.972910233,0.02668215,2.03273827,-1.640054406,0,1,1,1 
HDVD_19,Heavy Duty Trucks_Diesel_Rigid 12 - 14 t_Euro IV,,,0.06,0,12,83,-0.000486483,0.041990101,0.565894603,-2.068834607,-0.008356247,1.012675106,1.537038287,0,1,1,1 
HDVD_19,Heavy Duty Trucks_Diesel_Rigid 12 - 14 t_Euro IV,,,0.06,0.5,12,68,-4.58E-05,-0.00376232,0.669045666,-0.524452198,-0.002316133,0.173920832,5.365282832,0,1,1,1 
HDVD_19,Heavy Duty Trucks_Diesel_Rigid 12 - 14 t_Euro IV,,,0.06,1,12,56,-0.000267943,0.064407603,0.647203159,0.117096753,0.01324158,0.845514283,3.228476124,0,1,1,1 
HDVD_19,Heavy Duty Trucks_Diesel_Rigid 12 - 14 t_Euro IV,,,-0.06,0,12,86,3.11E-06,-0.001079202,0.111726062,0.69933205,-0.00066895,0.259811433,3.146812484,0,1,1,1 
HDVD_19,Heavy Duty Trucks_Diesel_Rigid 12 - 14 t_Euro IV,,,-0.06,0.5,12,86,-5.60E-13,1.61E-10,0.490076202,5.44E-08,0.012810675,1.060616951,5.066898784,0,1,1,1 
HDVD_19,Heavy Duty Trucks_Diesel_Rigid 12 - 14 t_Euro IV,,,-0.06,1,12,86,-9.82E-11,2.81E-08,0.454864632,9.48E-06,0.01211,0.961494479,5.070635501,0,1,1,1 
HDVD_19,Heavy Duty Trucks_Diesel_Rigid 12 - 14 t_Euro IV,,,-0.04,0,12,86,8.33E-06,-0.002766686,0.264725314,1.555581944,-0.001753411,0.490037704,6.631298416,0,1,1,1 
HDVD_19,Heavy Duty Trucks_Diesel_Rigid 12 - 14 t_Euro IV,,,-0.04,1,12,86,5.44E-06,-0.001660645,0.1488803,0.605385963,-0.000199832,0.203226287,3.60336352,0,1,1,1 
HDVD_19,Heavy Duty Trucks_Diesel_Rigid 12 - 14 t_Euro IV,,,-0.02,0,12,86,5.14E-08,-9.68E-08,1.631004441,0.082632947,-0.019394653,4.045740247,0.750756553,0,1,1,1 
HDVD_19,Heavy Duty Trucks_Diesel_Rigid 12 - 14 t_Euro IV,,,-0.02,1,12,86,7.46E-06,-0.002228104,0.161576069,0.658646929,-0.001276981,0.139051,3.567241242,0,1,1,1 
HDVD_19,Heavy Duty Trucks_Diesel_Rigid 12 - 14 t_Euro IV,,,0,0,12,86,1.11E-18,-3.46E-17,0.413824528,5.48E-14,-0.005087375,0.660547282,2.837357663,0,1,1,1 
HDVD_19,Heavy Duty Trucks_Diesel_Rigid 12 - 14 t_Euro IV,,,0,1,12,86,6.52E-16,-1.87E-14,0.484839029,2.29E-11,-0.00336013,0.509716162,4.097087419,0,1,1,1 
HDVD_19,Heavy Duty Trucks_Diesel_Rigid 12 - 14 t_Euro IV,,,0.02,0,12,86,0.000507234,0.056191442,1.3655314,0.953775535,0.008129794,3.182237788,5.714994073,0,1,1,1 
HDVD_19,Heavy Duty Trucks_Diesel_Rigid 12 - 14 t_Euro IV,,,0.02,1,12,86,-7.76E-06,0.009515523,0.28429667,0.333889437,0.001433721,0.264451101,3.298704748,0,1,1,1 
HDVD_19,Heavy Duty Trucks_Diesel_Rigid 12 - 14 t_Euro IV,,,0.04,0,12,86,-0.000175717,0.016631553,-0.008288203,-1.416593836,-0.004824238,0.513419732,-4.611411877,0,1,1,1 
HDVD_19,Heavy Duty Trucks_Diesel_Rigid 12 - 14 t_Euro IV,,,0.04,1,12,71,-0.000638334,0.165956851,0.246598081,-0.972910233,0.02668215,2.03273827,-1.640054406,0,1,1,1 
HDVD_19,Heavy Duty Trucks_Diesel_Rigid 12 - 14 t_Euro IV,,,0.06,0,12,83,-0.000486483,0.041990101,0.565894603,-2.068834607,-0.008356247,1.012675106,1.537038287,0,1,1,1 
HDVD_19,Heavy Duty Trucks_Diesel_Rigid 12 - 14 t_Euro IV,,,0.06,0.5,12,68,-4.58E-05,-0.00376232,0.669045666,-0.524452198,-0.002316133,0.173920832,5.365282832,0,1,1,1 
HDVD_19,Heavy Duty Trucks_Diesel_Rigid 12 - 14 t_Euro IV,,,0.06,1,12,56,-0.000267943,0.064407603,0.647203159,0.117096753,0.01324158,0.845514283,3.228476124,0,1,1,1 
HDVD_20,Heavy Duty Trucks_Diesel_Rigid 12 - 14 t_Euro V,SCR,,-0.06,0,10,85,-0.003292333,0.311013968,0.642037834,0.996050885,0.959858217,0.105303358,0.238228168,0,1,1,1 
HDVD_20,Heavy Duty Trucks_Diesel_Rigid 12 - 14 t_Euro V,SCR,,-0.06,0.5,10,85,-0.003394923,0.305759349,0.894480903,0.630372045,0.978099708,0.301895318,0.467085591,0,1,1,1 
HDVD_20,Heavy Duty Trucks_Diesel_Rigid 12 - 14 t_Euro V,SCR,,-0.06,1,10,85,-0.003474134,0.308626117,0.860826583,0.668039305,0.988959201,0.28200676,0.434367225,0,1,1,1 
HDVD_20,Heavy Duty Trucks_Diesel_Rigid 12 - 14 t_Euro V,SCR,,-0.04,0,10,85,-0.000660975,0.094336512,-0.498866993,0.920133644,0.215733229,-1.388029015,3.347972436,0,1,1,1 
HDVD_20,Heavy Duty Trucks_Diesel_Rigid 12 - 14 t_Euro V,SCR,,-0.04,0.5,10,85,-0.00214323,0.26498461,-1.055937754,-1.17195971,0.580555287,-2.999369918,1.238904084,0,1,1,1 
HDVD_20,Heavy Duty Trucks_Diesel_Rigid 12 - 14 t_Euro V,SCR,,-0.04,1,10,85,-0.001436214,0.171446056,-0.818403414,1.410312731,0.360590015,-2.095461859,5.206611507,0,1,1,1 
HDVD_20,Heavy Duty Trucks_Diesel_Rigid 12 - 14 t_Euro V,SCR,,-0.02,0,10,85,0.001188318,0.106952025,-0.534225817,1.232671065,0.280480818,-1.759031602,4.922064253,0,1,1,1 
HDVD_20,Heavy Duty Trucks_Diesel_Rigid 12 - 14 t_Euro V,SCR,,-0.02,0.5,10,85,0.000387926,0.177525434,-0.75557441,1.350317686,0.343238916,-1.602966045,4.133195319,0,1,1,1 
HDVD_20,Heavy Duty Trucks_Diesel_Rigid 12 - 14 t_Euro V,SCR,,-0.02,1,10,85,-0.001190596,0.574573634,-1.093538173,-1.326673847,0.89995991,-1.307268309,1.187420429,0,1,1,1 
HDVD_20,Heavy Duty Trucks_Diesel_Rigid 12 - 14 t_Euro V,SCR,,0,0,10,85,0.002584416,0.037460514,0.011334755,0.671445632,0.151937807,-0.802193997,4.305752788,0,1,1,1 
HDVD_20,Heavy Duty Trucks_Diesel_Rigid 12 - 14 t_Euro V,SCR,,0,0.5,10,85,0.004219413,0.096915884,-0.282224478,0.937708076,0.246997247,-1.071936688,4.044175961,0,1,1,1 
HDVD_20,Heavy Duty Trucks_Diesel_Rigid 12 - 14 t_Euro V,SCR,,0,1,10,85,0.005669665,0.18889509,-0.537838402,1.107626347,0.34688574,-0.979221599,3.480210412,0,1,1,1 
HDVD_20,Heavy Duty Trucks_Diesel_Rigid 12 - 14 t_Euro V,SCR,,0.02,0,10,85,0.00704228,0.067446613,-0.195897715,0.877125018,0.250542514,-1.153736404,3.999942865,0,1,1,1 
HDVD_20,Heavy Duty Trucks_Diesel_Rigid 12 - 14 t_Euro V,SCR,,0.02,0.5,10,85,-0.001226746,0.086563968,2.05937058,-1.868691811,-0.038202964,3.454731354,1.455083337,0,1,1,1 
HDVD_20,Heavy Duty Trucks_Diesel_Rigid 12 - 14 t_Euro V,SCR,,0.02,1,10,85,-0.000738908,0.057016591,1.285955064,-0.889281304,-0.019076808,1.951072963,1.651076952,0,1,1,1 
HDVD_20,Heavy Duty Trucks_Diesel_Rigid 12 - 14 t_Euro V,SCR,,0.04,0,10,85,-0.000945568,0.072657393,1.106128669,-1.091191564,-0.023277366,2.160267348,9.69E-12,0,1,1,1 
HDVD_20,Heavy Duty Trucks_Diesel_Rigid 12 - 14 t_Euro V,SCR,,0.04,0.5,10,80,-0.001278164,0.115099851,1.216336993,-1.090187279,-0.016310502,2.362819692,1.22E-09,0,1,1,1 
HDVD_20,Heavy Duty Trucks_Diesel_Rigid 12 - 14 t_Euro V,SCR,,0.04,1,10,70,-0.001527676,0.14609621,1.518715329,-0.99737799,-0.008095625,2.620199663,0.594661491,0,1,1,1 
HDVD_20,Heavy Duty Trucks_Diesel_Rigid 12 - 14 t_Euro V,SCR,,0.06,0,10,80,-0.001520991,0.13581359,1.223048747,-1.05171637,-0.018295915,2.556719633,4.84E-09,0,1,1,1 
HDVD_20,Heavy Duty Trucks_Diesel_Rigid 12 - 14 t_Euro V,SCR,,0.06,0.5,10,65,-0.001782191,0.150732655,1.494277793,-0.326662674,-0.008147972,2.408821937,1.986860141,0,1,1,1 
HDVD_20,Heavy Duty Trucks_Diesel_Rigid 12 - 14 t_Euro V,SCR,,0.06,1,10,55,-0.001550394,0.190320284,1.058998253,-0.28723039,0.02827426,1.990560358,0.383325118,0,1,1,1 
HDVD_20,Heavy Duty Trucks_Diesel_Rigid 12 - 14 t_Euro V,EGR,,-0.06,0,10,75,-0.001044288,0.087239753,-0.362740025,0.564445096,0.253487949,-1.409991606,4.179742429,0,1,1,1 
HDVD_20,Heavy Duty Trucks_Diesel_Rigid 12 - 14 t_Euro V,EGR,,-0.06,0.5,10,75,-0.000976566,0.08137259,-0.352573798,0.587183513,0.266493412,-1.716703421,5.31950481,0,1,1,1 
HDVD_20,Heavy Duty Trucks_Diesel_Rigid 12 - 14 t_Euro V,EGR,,-0.06,1,10,75,-0.000968096,0.080501966,-0.353760411,0.611038009,0.282854983,-1.921074637,6.114764037,0,1,1,1 
HDVD_20,Heavy Duty Trucks_Diesel_Rigid 12 - 14 t_Euro V,EGR,,-0.04,0,10,85,-0.004618248,0.423530212,-0.803716091,0.677645424,0.733338586,1.032845855,0.308230133,0,1,1,1 
HDVD_20,Heavy Duty Trucks_Diesel_Rigid 12 - 14 t_Euro V,EGR,,-0.04,0.5,10,85,-0.00407364,0.378030784,-0.5115215,-2.512341164,0.793962567,-1.072277898,1.621263514,0,1,1,1 
HDVD_20,Heavy Duty Trucks_Diesel_Rigid 12 - 14 t_Euro V,EGR,,-0.04,1,10,85,-0.003988222,0.362443146,-0.596144978,-2.677661984,0.760076326,-1.389317737,1.536873414,0,1,1,1 
HDVD_20,Heavy Duty Trucks_Diesel_Rigid 12 - 14 t_Euro V,EGR,,-0.02,0,10,85,5.00E-05,-0.008995315,0.528284948,-0.667218676,-0.007088384,0.66438333,2.031813862,0,1,1,1 
HDVD_20,Heavy Duty Trucks_Diesel_Rigid 12 - 14 t_Euro V,EGR,,-0.02,0.5,10,85,0.000148452,-0.026144286,1.367091459,-1.716637852,-0.016996327,1.558039058,6.1313667,0,1,1,1 
HDVD_20,Heavy Duty Trucks_Diesel_Rigid 12 - 14 t_Euro V,EGR,,-0.02,1,10,85,-0.002515941,0.422482106,-0.568130891,0.166785381,0.550977621,1.764913646,-0.005094062,0,1,1,1 
HDVD_20,Heavy Duty Trucks_Diesel_Rigid 12 - 14 t_Euro V,EGR,,0,0,10,85,7.02E-07,-0.00464807,0.542102006,-0.681236871,-0.006449384,0.604913502,1.848921875,0,1,1,1 
HDVD_20,Heavy Duty Trucks_Diesel_Rigid 12 - 14 t_Euro V,EGR,,0,0.5,10,85,-2.31E-05,-0.013331629,1.762236286,-2.164314741,-0.019998014,1.842453629,6.348150975,0,1,1,1 
HDVD_20,Heavy Duty Trucks_Diesel_Rigid 12 - 14 t_Euro V,EGR,,0,1,10,85,-6.21E-05,-0.01171192,1.838260775,-2.197897894,-0.019940638,1.780206836,7.141793831,0,1,1,1 
HDVD_20,Heavy Duty Trucks_Diesel_Rigid 12 - 14 t_Euro V,EGR,,0.02,0,10,85,-4.88E-05,-0.002658514,1.12957588,-1.470962532,-0.012439159,1.202309532,3.015977155,0,1,1,1 
HDVD_20,Heavy Duty Trucks_Diesel_Rigid 12 - 14 t_Euro V,EGR,,0.02,0.5,10,85,-0.00010014,0.00406568,0.773618933,-1.023551477,-0.008651324,0.82849677,1.936257172,0,1,1,1 
HDVD_20,Heavy Duty Trucks_Diesel_Rigid 12 - 14 t_Euro V,EGR,,0.02,1,10,85,-2.41E-05,0.00186085,1.022541319,-1.164727514,-0.007056844,0.82018957,3.679821843,0,1,1,1 
HDVD_20,Heavy Duty Trucks_Diesel_Rigid 12 - 14 t_Euro V,EGR,,0.04,0,10,85,-4.10E-05,0.007672076,1.172305572,-1.568746214,-0.009342572,1.210120992,2.724784511,0,1,1,1 
HDVD_20,Heavy Duty Trucks_Diesel_Rigid 12 - 14 t_Euro V,EGR,,0.04,0.5,10,80,0.000273486,0.005929062,0.786604757,-0.927007643,0.002120339,0.594740562,2.549352884,0,1,1,1 
HDVD_20,Heavy Duty Trucks_Diesel_Rigid 12 - 14 t_Euro V,EGR,,0.04,1,10,70,-0.000353123,0.047257004,1.449012302,-1.854306601,-0.009888264,1.49467395,3.403652423,0,1,1,1 
HDVD_20,Heavy Duty Trucks_Diesel_Rigid 12 - 14 t_Euro V,EGR,,0.06,0,10,80,0.000802622,0.008215681,1.586042706,-1.997581517,0.008447005,1.197752737,4.542890161,0,1,1,1 
HDVD_20,Heavy Duty Trucks_Diesel_Rigid 12 - 14 t_Euro V,EGR,,0.06,0.5,10,70,-0.001084965,0.060658696,1.665511249,-2.279426128,-0.024781981,1.853432512,2.942399636,0,1,1,1 
HDVD_20,Heavy Duty Trucks_Diesel_Rigid 12 - 14 t_Euro V,EGR,,0.06,1,10,55,-0.00044057,0.094080894,1.188973918,-1.562101097,6.37E-05,1.431202142,2.378124449,0,1,1,1 
HDVD_21,Heavy Duty Trucks_Diesel_Rigid 12 - 14 t_Euro VI,,,-0.06,0,10,65,-0.001327525,0.090314754,0.006846623,0.182966197,1.521289734,0.476936734,0.327659949,0,1,1,1 
HDVD_21,Heavy Duty Trucks_Diesel_Rigid 12 - 14 t_Euro VI,,,-0.06,0.5,10,65,-2.07E-05,0.001866048,-0.03170287,0.159543779,0.028501476,-0.570212599,3.003773437,0,1,1,1 
HDVD_21,Heavy Duty Trucks_Diesel_Rigid 12 - 14 t_Euro VI,,,-0.06,1,10,65,-2.28E-05,0.002034803,-0.034909766,0.176534471,0.032191644,-0.651063579,3.43932798,0,1,1,1 
HDVD_21,Heavy Duty Trucks_Diesel_Rigid 12 - 14 t_Euro VI,,,-0.04,0,10,85,-0.001090589,0.101649022,0.015350464,0.107956113,1.535313747,0.472333834,0.33540346,0,1,1,1 
HDVD_21,Heavy Duty Trucks_Diesel_Rigid 12 - 14 t_Euro VI,,,-0.04,0.5,10,85,-0.000957166,0.082586742,0.317439837,-0.920666621,1.552895886,0.298760496,0.460170588,0,1,1,1 
HDVD_21,Heavy Duty Trucks_Diesel_Rigid 12 - 14 t_Euro VI,,,-0.04,1,10,80,-0.001258807,0.101326339,-0.022052485,0.132636364,1.534002723,0.464666983,0.331404567,0,1,1,1 
HDVD_21,Heavy Duty Trucks_Diesel_Rigid 12 - 14 t_Euro VI,,,-0.02,0,10,85,4.01E-06,-0.000400943,0.026063088,0.608649256,-0.002179995,0.303283832,8.873365913,0,1,1,1 
HDVD_21,Heavy Duty Trucks_Diesel_Rigid 12 - 14 t_Euro VI,,,-0.02,0.5,10,85,2.25E-06,-0.000384356,0.015428617,0.465396576,-0.002502576,0.167799366,6.99067481,0,1,1,1 
HDVD_21,Heavy Duty Trucks_Diesel_Rigid 12 - 14 t_Euro VI,,,-0.02,1,10,85,-0.00042296,0.103870067,0.238124971,-1.091769702,1.536356844,0.273241972,0.42496389,0,1,1,1 
HDVD_21,Heavy Duty Trucks_Diesel_Rigid 12 - 14 t_Euro VI,,,0,0,10,85,0.00131457,0.118452557,0.00193385,0.107298044,1.530790968,0.467531729,0.340430124,0,1,1,1 
HDVD_21,Heavy Duty Trucks_Diesel_Rigid 12 - 14 t_Euro VI,,,0,0.5,10,85,0.001417664,0.118702451,0.001881455,0.105266368,1.531244844,0.467425552,0.340634829,0,1,1,1 
HDVD_21,Heavy Duty Trucks_Diesel_Rigid 12 - 14 t_Euro VI,,,0,1,10,85,0.001344795,0.12303163,-0.066708751,0.271512464,1.485466588,0.462394784,0.327731956,0,1,1,1 
HDVD_21,Heavy Duty Trucks_Diesel_Rigid 12 - 14 t_Euro VI,,,0.02,0,10,85,0.00205783,0.126709588,0.004029011,0.090917517,1.53166846,0.466575878,0.344615166,0,1,1,1 
HDVD_21,Heavy Duty Trucks_Diesel_Rigid 12 - 14 t_Euro VI,,,0.02,0.5,10,85,2.07E-05,0.000138412,-0.00361268,0.484260397,0.010915352,-0.274519035,6.563274848,0,1,1,1 
HDVD_21,Heavy Duty Trucks_Diesel_Rigid 12 - 14 t_Euro VI,,,0.02,1,10,85,1.86E-06,-7.37E-05,0.021590696,0.317663904,-2.54E-05,0.080425525,4.424117133,0,1,1,1 
HDVD_21,Heavy Duty Trucks_Diesel_Rigid 12 - 14 t_Euro VI,,,0.04,0,10,85,1.05E-05,0.000189973,0.031254284,0.382780508,0.003982672,0.127301221,5.370045033,0,1,1,1 
HDVD_21,Heavy Duty Trucks_Diesel_Rigid 12 - 14 t_Euro VI,,,0.04,0.5,10,80,0.002976404,0.14144581,-0.113777047,0.324521951,1.461175804,0.460559104,0.326876297,0,1,1,1 
HDVD_21,Heavy Duty Trucks_Diesel_Rigid 12 - 14 t_Euro VI,,,0.04,1,10,75,0.000124144,0.021146738,0.294505361,0.001332443,0.080367619,3.782709462,0.437694698,0,1,1,1 
HDVD_21,Heavy Duty Trucks_Diesel_Rigid 12 - 14 t_Euro VI,,,0.06,0,10,80,1.90E-05,0.000787488,0.051784275,0.385172357,0.006964525,0.286379611,5.527346969,0,1,1,1 
HDVD_21,Heavy Duty Trucks_Diesel_Rigid 12 - 14 t_Euro VI,,,0.06,0.5,10,70,0.002924499,0.146881783,-0.272534711,0.694265657,1.279076221,0.499484812,0.299195949,0,1,1,1 
HDVD_21,Heavy Duty Trucks_Diesel_Rigid 12 - 14 t_Euro VI,,,0.06,1,10,60,2.30E-05,-0.00193182,0.116693401,1.415602485,0.000866649,-0.005186302,19.41418559,0,1,1,1 
HDVD_22,Heavy Duty Trucks_Diesel_Rigid 14 - 20 t_Conventional,,,-0.06,0,12,86,-1.63E-05,0.007069311,1.574986007,-5.128339129,0.004524974,0.065232158,0.086885156,0,1,1,1 
HDVD_22,Heavy Duty Trucks_Diesel_Rigid 14 - 20 t_Conventional,,,-0.06,0.5,12,86,-3.26E-05,0.014873474,2.681305873,-2.496848491,0.009068658,0.088900139,1.04125255,0,1,1,1 
HDVD_22,Heavy Duty Trucks_Diesel_Rigid 14 - 20 t_Conventional,,,-0.06,1,12,86,-1.35E-05,0.00513054,1.898301422,-6.627285167,0.005437118,0.068842629,0.250897328,0,1,1,1 
HDVD_22,Heavy Duty Trucks_Diesel_Rigid 14 - 20 t_Conventional,,,-0.04,0,12,86,0.000128239,-0.011290151,1.12354306,2.229918703,0.00130793,0.043539827,0.587069045,0,1,1,1 
HDVD_22,Heavy Duty Trucks_Diesel_Rigid 14 - 20 t_Conventional,,,-0.04,0.5,12,86,0.000115184,-0.012788614,1.255731774,2.178613012,0.001361331,0.050984088,0.663154753,0,1,1,1 
HDVD_22,Heavy Duty Trucks_Diesel_Rigid 14 - 20 t_Conventional,,,-0.04,1,12,86,0.000138743,-0.016213473,1.280916631,2.227135362,0.001327401,0.040628429,0.824289907,0,1,1,1 
HDVD_22,Heavy Duty Trucks_Diesel_Rigid 14 - 20 t_Conventional,,,-0.02,0,12,86,1.10E-05,2.14E-05,-0.036180607,2.455397335,7.44E-05,-0.004724534,0.209316929,0,1,1,1 
HDVD_22,Heavy Duty Trucks_Diesel_Rigid 14 - 20 t_Conventional,,,-0.02,0.5,12,86,0.000258309,-0.013022523,0.65173337,2.899053372,0.001071382,-0.0044008,0.66634172,0,1,1,1 
HDVD_22,Heavy Duty Trucks_Diesel_Rigid 14 - 20 t_Conventional,,,-0.02,1,12,86,9.23E-06,0.00014342,-0.037791102,2.362535246,0.000107438,-0.006012465,0.215630496,0,1,1,1 
HDVD_22,Heavy Duty Trucks_Diesel_Rigid 14 - 20 t_Conventional,,,0,0,12,86,2.42E-06,0.002484777,0.53287253,3.657731681,-8.30E-05,0.038365427,0.303345668,0,1,1,1 
HDVD_22,Heavy Duty Trucks_Diesel_Rigid 14 - 20 t_Conventional,,,0,0.5,12,86,3.91E-06,0.001643701,0.3125502,3.032395948,-5.01E-05,0.02228637,0.237596491,0,1,1,1 
HDVD_22,Heavy Duty Trucks_Diesel_Rigid 14 - 20 t_Conventional,,,0,1,12,86,0.00028255,0.009798411,1.622052807,3.525784695,0.000818077,0.091966353,0.519495215,0,1,1,1 
HDVD_22,Heavy Duty Trucks_Diesel_Rigid 14 - 20 t_Conventional,,,0.02,0,12,86,2.18E-06,0.002528425,0.427109541,2.733838608,-6.93E-05,0.027663065,0.227588896,0,1,1,1 
HDVD_22,Heavy Duty Trucks_Diesel_Rigid 14 - 20 t_Conventional,,,0.02,0.5,12,86,1.71E-05,0.00424803,0.530211459,4.664894967,-0.000106347,0.033754521,0.366286717,0,1,1,1 
HDVD_22,Heavy Duty Trucks_Diesel_Rigid 14 - 20 t_Conventional,,,0.02,1,12,86,3.02E-05,0.009034191,0.883879512,5.237039217,-0.000167243,0.050481971,0.489588687,0,1,1,1 
HDVD_22,Heavy Duty Trucks_Diesel_Rigid 14 - 20 t_Conventional,,,0.04,0,12,86,0.000142634,0.025671894,3.157549133,3.916560048,-0.000740145,0.224933087,0.25154104,0,1,1,1 
HDVD_22,Heavy Duty Trucks_Diesel_Rigid 14 - 20 t_Conventional,,,0.04,0.5,12,84,0.000120644,0.010934285,0.96676993,-10.28265967,-0.000350891,0.081237429,-0.740809812,0,1,1,1 
HDVD_22,Heavy Duty Trucks_Diesel_Rigid 14 - 20 t_Conventional,,,0.04,1,12,73,0.000118079,0.017146225,1.187615434,6.209268308,-0.000250883,0.055810528,0.654207427,0,1,1,1 
HDVD_22,Heavy Duty Trucks_Diesel_Rigid 14 - 20 t_Conventional,,,0.06,0,12,85,0.000193696,0.013382963,1.572302766,2.696783464,-0.000526758,0.114915868,0.099062865,0,1,1,1 
HDVD_22,Heavy Duty Trucks_Diesel_Rigid 14 - 20 t_Conventional,,,0.06,0.5,12,68,0.000229669,0.013946483,0.316910868,4.933575324,8.48E-05,0.026686818,0.274395443,0,1,1,1 
HDVD_22,Heavy Duty Trucks_Diesel_Rigid 14 - 20 t_Conventional,,,0.06,1,12,54,0.000243276,0.048465871,2.127603107,5.798397375,-0.000424877,0.086074142,0.92639643,0,1,1,1 
HDVD_23,Heavy Duty Trucks_Diesel_Rigid 14 - 20 t_Euro I,,,-0.06,0,12,86,1.33E-05,-0.005724408,0.806269731,5.945467823,0.000143328,0.099645291,0.88772561,0,1,1,1 
HDVD_23,Heavy Duty Trucks_Diesel_Rigid 14 - 20 t_Euro I,,,-0.06,0.5,12,86,7.62E-06,-0.003251719,0.455055045,3.320207015,5.69E-05,0.059375791,0.536654644,0,1,1,1 
HDVD_23,Heavy Duty Trucks_Diesel_Rigid 14 - 20 t_Euro I,,,-0.06,1,12,86,1.00E-05,-0.003924769,0.491903788,3.412322873,2.90E-05,0.062489859,0.610198592,0,1,1,1 
HDVD_23,Heavy Duty Trucks_Diesel_Rigid 14 - 20 t_Euro I,,,-0.04,0,12,86,3.61E-06,-0.001763373,0.29626965,2.241252692,-1.80E-06,0.034250806,0.293339541,0,1,1,1 
HDVD_23,Heavy Duty Trucks_Diesel_Rigid 14 - 20 t_Euro I,,,-0.04,0.5,12,86,6.96E-06,-0.002619774,0.310840503,2.092056654,-2.06E-05,0.033621534,0.349398008,0,1,1,1 
HDVD_23,Heavy Duty Trucks_Diesel_Rigid 14 - 20 t_Euro I,,,-0.04,1,12,86,1.08E-05,-0.003588885,0.361555657,2.038216808,-2.33E-05,0.034328325,0.43847927,0,1,1,1 
HDVD_23,Heavy Duty Trucks_Diesel_Rigid 14 - 20 t_Euro I,,,-0.02,0,12,86,7.06E-06,0.001767575,0.482182997,3.6047955,-6.39E-05,0.061105886,0.405251086,0,1,1,1 
HDVD_23,Heavy Duty Trucks_Diesel_Rigid 14 - 20 t_Euro I,,,-0.02,0.5,12,86,1.75E-05,0.002532014,0.696923685,5.78140815,-0.000114061,0.100512085,0.598329828,0,1,1,1 
HDVD_23,Heavy Duty Trucks_Diesel_Rigid 14 - 20 t_Euro I,,,-0.02,1,12,86,1.70E-06,0.053122078,2.45377115,0.364496425,0.00596898,0.289742585,0.389571705,0,1,1,1 
HDVD_23,Heavy Duty Trucks_Diesel_Rigid 14 - 20 t_Euro I,,,0,0,12,86,1.35E-06,0.00233255,0.648359207,4.5457285,-0.000140742,0.07442884,0.576044905,0,1,1,1 
HDVD_23,Heavy Duty Trucks_Diesel_Rigid 14 - 20 t_Euro I,,,0,0.5,12,86,3.35E-06,0.00237489,0.4680121,3.261153479,-0.000120455,0.054062813,0.432395956,0,1,1,1 
HDVD_23,Heavy Duty Trucks_Diesel_Rigid 14 - 20 t_Euro I,,,0,1,12,86,7.13E-07,0.003306059,0.541569366,3.306426604,-0.00015272,0.058348979,0.492225588,0,1,1,1 
HDVD_23,Heavy Duty Trucks_Diesel_Rigid 14 - 20 t_Euro I,,,0.02,0,12,86,4.08E-06,0.001245413,0.198057686,2.993591376,-5.82E-05,0.021426765,0.38480216,0,1,1,1 
HDVD_23,Heavy Duty Trucks_Diesel_Rigid 14 - 20 t_Euro I,,,0.02,0.5,12,86,1.66E-05,0.00356462,0.404974142,3.503272162,-0.000148586,0.043832433,0.493926453,0,1,1,1 
HDVD_23,Heavy Duty Trucks_Diesel_Rigid 14 - 20 t_Euro I,,,0.02,1,12,86,2.53E-17,-5.66E-16,1.987971608,9.39E-13,-0.001120687,0.148399921,0.981663745,0,1,1,1 
HDVD_23,Heavy Duty Trucks_Diesel_Rigid 14 - 20 t_Euro I,,,0.04,0,12,86,0.000102327,0.015160496,1.633716856,-6.205417239,-0.00080239,0.223409132,-0.816336357,0,1,1,1 
HDVD_23,Heavy Duty Trucks_Diesel_Rigid 14 - 20 t_Euro I,,,0.04,0.5,12,85,5.09E-05,0.007037135,0.615686385,4.639918858,-0.000233754,0.05643166,0.754474738,0,1,1,1 
HDVD_23,Heavy Duty Trucks_Diesel_Rigid 14 - 20 t_Euro I,,,0.04,1,12,74,7.18E-05,0.033132352,1.811858167,5.516068865,-0.000501649,0.137943386,1.621081929,0,1,1,1 
HDVD_23,Heavy Duty Trucks_Diesel_Rigid 14 - 20 t_Euro I,,,0.06,0,12,86,3.00E-05,0.003317463,0.333324764,4.233201889,-0.000131656,0.029628509,0.635501552,0,1,1,1 
HDVD_23,Heavy Duty Trucks_Diesel_Rigid 14 - 20 t_Euro I,,,0.06,0.5,12,70,0.000245396,0.024713892,0.412485069,4.557926219,0.000283822,0.06052693,0.610403572,0,1,1,1 
HDVD_23,Heavy Duty Trucks_Diesel_Rigid 14 - 20 t_Euro I,,,0.06,1,12,56,0.002333318,0.247524841,-1.116114291,-4.789545191,0.00474813,0.302857387,-2.376848841,0,1,1,1 
HDVD_24,Heavy Duty Trucks_Diesel_Rigid 14 - 20 t_Euro II,,,-0.06,0,12,86,-1.89E-05,0.027982861,1.575390603,-3.937313341,0.014992566,0.536161367,0.840369512,0,1,1,1 
HDVD_24,Heavy Duty Trucks_Diesel_Rigid 14 - 20 t_Euro II,,,-0.06,0.5,12,86,-2.89E-05,0.027581783,1.758721462,-5.698136302,0.015667586,0.484898134,1.602483092,0,1,1,1 
HDVD_24,Heavy Duty Trucks_Diesel_Rigid 14 - 20 t_Euro II,,,-0.06,1,12,86,-2.37E-05,0.013351187,1.168070262,-4.870051714,0.009473589,0.216340434,1.467854047,0,1,1,1 
HDVD_24,Heavy Duty Trucks_Diesel_Rigid 14 - 20 t_Euro II,,,-0.04,0,12,86,-2.23E-05,0.030362265,1.776584922,-4.447718364,0.015795304,0.552251307,0.70985551,0,1,1,1 
HDVD_24,Heavy Duty Trucks_Diesel_Rigid 14 - 20 t_Euro II,,,-0.04,0.5,12,86,-3.56E-05,0.03053656,2.061335187,-7.000930736,0.016478142,0.486604812,1.791985468,0,1,1,1 
HDVD_24,Heavy Duty Trucks_Diesel_Rigid 14 - 20 t_Euro II,,,-0.04,1,12,86,-2.07E-05,0.011859619,0.962691088,-4.099910774,0.006965777,0.15891497,1.176866939,0,1,1,1 
HDVD_24,Heavy Duty Trucks_Diesel_Rigid 14 - 20 t_Euro II,,,-0.02,0,12,86,9.88E-16,3.91E-14,1.772519956,1.26E-10,-0.002925888,0.699916373,1.080824772,0,1,1,1 
HDVD_24,Heavy Duty Trucks_Diesel_Rigid 14 - 20 t_Euro II,,,-0.02,0.5,12,86,0.00026797,-0.017604049,0.692871762,3.847238077,0.003887213,-0.118804872,5.059341098,0,1,1,1 
HDVD_24,Heavy Duty Trucks_Diesel_Rigid 14 - 20 t_Euro II,,,-0.02,1,12,86,0.000373922,-0.021266873,1.15674221,5.52893258,0.006279173,-0.150809787,7.36442634,0,1,1,1 
HDVD_24,Heavy Duty Trucks_Diesel_Rigid 14 - 20 t_Euro II,,,0,0,12,86,-1.58E-17,8.74E-16,3.096309926,-1.65E-12,-0.008416952,1.032067144,2.838129319,0,1,1,1 
HDVD_24,Heavy Duty Trucks_Diesel_Rigid 14 - 20 t_Euro II,,,0,0.5,12,86,0.000277355,-0.024119923,0.974078516,0.821220146,0.000656791,-0.00933411,3.345944934,0,1,1,1 
HDVD_24,Heavy Duty Trucks_Diesel_Rigid 14 - 20 t_Euro II,,,0,1,12,86,0.000237588,-0.022095656,0.980147489,0.361423085,0.000319063,0.003381911,2.830009601,0,1,1,1 
HDVD_24,Heavy Duty Trucks_Diesel_Rigid 14 - 20 t_Euro II,,,0.02,0,12,86,7.13E-05,0.01596132,1.125574791,5.165008251,-0.001099323,0.295604121,3.537574218,0,1,1,1 
HDVD_24,Heavy Duty Trucks_Diesel_Rigid 14 - 20 t_Euro II,,,0.02,0.5,12,86,-9.17E-16,4.25E-14,0.87728354,-1.67E-11,-0.000826949,0.104662637,1.899073364,0,1,1,1 
HDVD_24,Heavy Duty Trucks_Diesel_Rigid 14 - 20 t_Euro II,,,0.02,1,12,86,0.000622051,-0.027574156,1.042967741,2.937533387,0.002893313,-0.096677739,3.873850661,0,1,1,1 
HDVD_24,Heavy Duty Trucks_Diesel_Rigid 14 - 20 t_Euro II,,,0.04,0,12,86,3.96E-05,0.011446165,0.36408505,2.198228175,0.000312472,0.071330426,1.464387212,0,1,1,1 
HDVD_24,Heavy Duty Trucks_Diesel_Rigid 14 - 20 t_Euro II,,,0.04,0.5,12,86,0.00034474,0.064266157,1.227758823,1.301792003,0.003256391,0.276774098,2.354359182,0,1,1,1 
HDVD_24,Heavy Duty Trucks_Diesel_Rigid 14 - 20 t_Euro II,,,0.04,1,12,77,-0.000207799,-0.010378873,2.517502902,-2.740046956,-0.002107687,0.13993995,3.991050673,0,1,1,1 
HDVD_24,Heavy Duty Trucks_Diesel_Rigid 14 - 20 t_Euro II,,,0.06,0,12,86,3.53E-05,0.055513042,1.571645882,1.700703949,0.001387767,0.279541753,3.65710077,0,1,1,1 
HDVD_24,Heavy Duty Trucks_Diesel_Rigid 14 - 20 t_Euro II,,,0.06,0.5,12,74,8.75E-05,0.060497687,1.584767609,1.815797697,0.001591641,0.250651328,2.830002718,0,1,1,1 
HDVD_24,Heavy Duty Trucks_Diesel_Rigid 14 - 20 t_Euro II,,,0.06,1,12,61,0.000141065,-0.019693486,1.272441298,-0.000244307,3.80E-06,-0.003107908,2.319170417,0,1,1,1 
HDVD_25,Heavy Duty Trucks_Diesel_Rigid 14 - 20 t_Euro III,,,-0.06,0,12,86,-0.000279776,0.123672127,1.119102094,-6.051309649,0.024791023,0.347033298,-1.638271782,0,1,1,1 
HDVD_25,Heavy Duty Trucks_Diesel_Rigid 14 - 20 t_Euro III,,,-0.06,0.5,12,86,-0.000402474,0.173354935,3.068335707,-0.00489706,0.034362458,0.900124579,0.525463118,0,1,1,1 
HDVD_25,Heavy Duty Trucks_Diesel_Rigid 14 - 20 t_Euro III,,,-0.06,1,12,86,-2.19E-05,0.047036608,3.224227242,-0.89405239,0.013094616,0.664096793,2.425645303,0,1,1,1 
HDVD_25,Heavy Duty Trucks_Diesel_Rigid 14 - 20 t_Euro III,,,-0.04,0,12,86,-1.47E-05,0.034412161,2.132549148,-1.015750445,0.008621119,0.400014777,0.813854919,0,1,1,1 
HDVD_25,Heavy Duty Trucks_Diesel_Rigid 14 - 20 t_Euro III,,,-0.04,0.5,12,86,1.49E-16,-1.12E-13,1.791469731,-4.12E-12,0.000868977,0.353589619,1.031220516,0,1,1,1 
HDVD_25,Heavy Duty Trucks_Diesel_Rigid 14 - 20 t_Euro III,,,-0.04,1,12,86,3.47E-15,-2.40E-12,1.711403701,-4.60E-11,0.000966905,0.326915961,1.346665987,0,1,1,1 
HDVD_25,Heavy Duty Trucks_Diesel_Rigid 14 - 20 t_Euro III,,,-0.02,0,12,86,1.56E-07,0.002595949,0.378950793,4.45115578,0.000276295,0.06709661,1.224091039,0,1,1,1 
HDVD_25,Heavy Duty Trucks_Diesel_Rigid 14 - 20 t_Euro III,,,-0.02,0.5,12,86,-2.85E-06,0.001551935,0.528520639,3.559890705,-0.000296034,0.119926343,0.964998136,0,1,1,1 
HDVD_25,Heavy Duty Trucks_Diesel_Rigid 14 - 20 t_Euro III,,,-0.02,1,12,86,1.00E-05,0.057484432,2.602246086,-2.037372098,0.010105337,0.548082205,1.032560143,0,1,1,1 
HDVD_25,Heavy Duty Trucks_Diesel_Rigid 14 - 20 t_Euro III,,,0,0,12,86,-3.99E-06,0.00297124,0.929660295,6.248142621,-0.000479655,0.201190836,1.61214498,0,1,1,1 
HDVD_25,Heavy Duty Trucks_Diesel_Rigid 14 - 20 t_Euro III,,,0,0.5,12,86,-1.21E-07,0.002352271,0.521823373,3.425540464,-0.000267058,0.114121433,0.918365337,0,1,1,1 
HDVD_25,Heavy Duty Trucks_Diesel_Rigid 14 - 20 t_Euro III,,,0,1,12,86,3.93E-06,0.006046445,1.089235746,7.020298569,-0.000578212,0.236134338,1.92820752,0,1,1,1 
HDVD_25,Heavy Duty Trucks_Diesel_Rigid 14 - 20 t_Euro III,,,0.02,0,12,86,5.61E-06,0.01028839,1.585925617,9.646897207,-0.000883658,0.334384681,2.831987787,0,1,1,1 
HDVD_25,Heavy Duty Trucks_Diesel_Rigid 14 - 20 t_Euro III,,,0.02,0.5,12,86,-8.06E-07,0.00933652,1.237439819,6.806328109,-0.000699108,0.245132621,2.213117752,0,1,1,1 
HDVD_25,Heavy Duty Trucks_Diesel_Rigid 14 - 20 t_Euro III,,,0.02,1,12,86,-1.70E-05,0.01888508,2.05567426,9.676767078,-0.001158344,0.375555333,3.757613919,0,1,1,1 
HDVD_25,Heavy Duty Trucks_Diesel_Rigid 14 - 20 t_Euro III,,,0.04,0,12,86,0.000266259,0.102259302,1.283658884,-2.637321477,0.008106688,0.551677993,-1.704563932,0,1,1,1 
HDVD_25,Heavy Duty Trucks_Diesel_Rigid 14 - 20 t_Euro III,,,0.04,0.5,12,86,-9.52E-19,2.39E-16,2.033022984,-9.80E-14,-0.002315039,0.329566206,1.585985816,0,1,1,1 
HDVD_25,Heavy Duty Trucks_Diesel_Rigid 14 - 20 t_Euro III,,,0.04,1,12,79,0.000572887,0.123764861,1.001662426,-3.106533283,0.00642595,0.577392983,-2.050688394,0,1,1,1 
HDVD_25,Heavy Duty Trucks_Diesel_Rigid 14 - 20 t_Euro III,,,0.06,0,12,86,-2.51E-05,0.020241793,2.069732928,9.165054701,-0.001162082,0.366834851,3.822653754,0,1,1,1 
HDVD_25,Heavy Duty Trucks_Diesel_Rigid 14 - 20 t_Euro III,,,0.06,0.5,12,73,0.001139812,0.051912482,0.764107024,2.798317453,0.007287108,0.23420468,0.643303027,0,1,1,1 
HDVD_25,Heavy Duty Trucks_Diesel_Rigid 14 - 20 t_Euro III,,,0.06,1,12,62,3.21E-05,0.017099907,0.839756173,2.27422409,-0.00054085,0.135181149,1.467187916,0,1,1,1 
HDVD_26,Heavy Duty Trucks_Diesel_Rigid 14 - 20 t_Euro IV,,,-0.06,0,12,86,6.93E-06,-0.002459178,0.249734253,1.657796034,-0.001691097,0.436927584,5.223598633,0,1,1,1 
HDVD_26,Heavy Duty Trucks_Diesel_Rigid 14 - 20 t_Euro IV,,,-0.06,0.5,12,86,7.36E-06,-0.00249277,0.237837418,1.479353087,-0.001691819,0.396419493,5.196543934,0,1,1,1 
HDVD_26,Heavy Duty Trucks_Diesel_Rigid 14 - 20 t_Euro IV,,,-0.06,1,12,86,1.04E-05,-0.003422702,0.318548458,1.880966132,-0.002176572,0.509826475,7.073814256,0,1,1,1 
HDVD_26,Heavy Duty Trucks_Diesel_Rigid 14 - 20 t_Euro IV,,,-0.04,0,12,86,6.18E-06,-0.002033768,0.190696405,1.108002165,-0.001006373,0.255479665,3.554188465,0,1,1,1 
HDVD_26,Heavy Duty Trucks_Diesel_Rigid 14 - 20 t_Euro IV,,,-0.04,0.5,12,86,8.65E-06,-0.002762488,0.256962339,1.332966235,-0.000902951,0.31306273,4.692769573,0,1,1,1 
HDVD_26,Heavy Duty Trucks_Diesel_Rigid 14 - 20 t_Euro IV,,,-0.04,1,12,86,7.85E-06,-0.002430402,0.220531967,0.985539128,-0.000457402,0.236089753,3.956824832,0,1,1,1 
HDVD_26,Heavy Duty Trucks_Diesel_Rigid 14 - 20 t_Euro IV,,,-0.02,0,12,86,5.86E-12,1.07E-09,2.150608757,5.07E-07,-0.009110581,3.535264496,4.233061949,0,1,1,1 
HDVD_26,Heavy Duty Trucks_Diesel_Rigid 14 - 20 t_Euro IV,,,-0.02,0.5,12,86,-2.88E-06,0.004499211,0.384571343,-0.069104321,0.007855308,0.431515045,2.516606294,0,1,1,1 
HDVD_26,Heavy Duty Trucks_Diesel_Rigid 14 - 20 t_Euro IV,,,-0.02,1,12,86,1.12E-05,-0.003331415,0.262145794,1.014482141,-0.001159228,0.174198007,4.108525953,0,1,1,1 
HDVD_26,Heavy Duty Trucks_Diesel_Rigid 14 - 20 t_Euro IV,,,0,0,12,86,3.36E-15,-1.25E-14,1.242338333,1.42E-10,-0.01098791,1.561099511,5.311311723,0,1,1,1 
HDVD_26,Heavy Duty Trucks_Diesel_Rigid 14 - 20 t_Euro IV,,,0,0.5,12,86,7.54E-16,1.48E-14,0.679971005,1.90E-11,-0.004061466,0.64047415,4.155971791,0,1,1,1 
HDVD_26,Heavy Duty Trucks_Diesel_Rigid 14 - 20 t_Euro IV,,,0,1,12,86,9.61E-15,-1.33E-13,0.743507956,2.96E-10,-0.003127304,0.563560018,4.950413183,0,1,1,1 
HDVD_26,Heavy Duty Trucks_Diesel_Rigid 14 - 20 t_Euro IV,,,0.02,0,12,86,5.60E-05,0.002391899,0.320779706,1.312905175,-0.000335528,0.28111114,3.910893059,0,1,1,1 
HDVD_26,Heavy Duty Trucks_Diesel_Rigid 14 - 20 t_Euro IV,,,0.02,0.5,12,86,-3.97E-06,0.006178219,0.345772455,0.882001442,-0.000802855,0.262331084,3.623747068,0,1,1,1 
HDVD_26,Heavy Duty Trucks_Diesel_Rigid 14 - 20 t_Euro IV,,,0.02,1,12,86,1.02E-06,0.004962968,0.368521599,1.537049605,0.000225061,0.150111905,4.7219299,0,1,1,1 
HDVD_26,Heavy Duty Trucks_Diesel_Rigid 14 - 20 t_Euro IV,,,0.04,0,12,86,0.000222429,0.046621246,0.2309862,1.661521436,0.005593073,0.946271088,0.818153448,0,1,1,1 
HDVD_26,Heavy Duty Trucks_Diesel_Rigid 14 - 20 t_Euro IV,,,0.04,0.5,12,86,-0.000403207,0.03327625,0.762222037,-3.067632109,-0.007199356,0.791833847,1.095492982,0,1,1,1 
HDVD_26,Heavy Duty Trucks_Diesel_Rigid 14 - 20 t_Euro IV,,,0.04,1,12,81,-0.000293932,0.011893697,1.595532801,-2.982046116,-0.006266413,0.61862279,7.420396432,0,1,1,1 
HDVD_26,Heavy Duty Trucks_Diesel_Rigid 14 - 20 t_Euro IV,,,0.06,0,12,86,-0.000277477,0.027295614,-0.017133073,-1.628976365,-0.004308057,0.490925732,-3.679172727,0,1,1,1 
HDVD_26,Heavy Duty Trucks_Diesel_Rigid 14 - 20 t_Euro IV,,,0.06,0.5,12,77,-0.000130529,0.001558096,1.085605421,-0.697658083,-0.002306923,0.225596109,7.258634521,0,1,1,1 
HDVD_26,Heavy Duty Trucks_Diesel_Rigid 14 - 20 t_Euro IV,,,0.06,1,12,62,-0.000897714,0.207327693,0.056526765,-1.519056052,0.024635196,1.502482438,-3.137729709,0,1,1,1 
HDVD_26,Heavy Duty Trucks_Diesel_Rigid 14 - 20 t_Euro IV,,,-0.06,0,12,86,6.93E-06,-0.002459178,0.249734253,1.657796034,-0.001691097,0.436927584,5.223598633,0,1,1,1 
HDVD_26,Heavy Duty Trucks_Diesel_Rigid 14 - 20 t_Euro IV,,,-0.06,0.5,12,86,7.36E-06,-0.00249277,0.237837418,1.479353087,-0.001691819,0.396419493,5.196543934,0,1,1,1 
HDVD_26,Heavy Duty Trucks_Diesel_Rigid 14 - 20 t_Euro IV,,,-0.06,1,12,86,1.04E-05,-0.003422702,0.318548458,1.880966132,-0.002176572,0.509826475,7.073814256,0,1,1,1 
HDVD_26,Heavy Duty Trucks_Diesel_Rigid 14 - 20 t_Euro IV,,,-0.04,0,12,86,6.18E-06,-0.002033768,0.190696405,1.108002165,-0.001006373,0.255479665,3.554188465,0,1,1,1 
HDVD_26,Heavy Duty Trucks_Diesel_Rigid 14 - 20 t_Euro IV,,,-0.04,1,12,86,7.85E-06,-0.002430402,0.220531967,0.985539128,-0.000457402,0.236089753,3.956824832,0,1,1,1 
HDVD_26,Heavy Duty Trucks_Diesel_Rigid 14 - 20 t_Euro IV,,,-0.02,0,12,86,5.86E-12,1.07E-09,2.150608757,5.07E-07,-0.009110581,3.535264496,4.233061949,0,1,1,1 
HDVD_26,Heavy Duty Trucks_Diesel_Rigid 14 - 20 t_Euro IV,,,-0.02,1,12,86,1.12E-05,-0.003331415,0.262145794,1.014482141,-0.001159228,0.174198007,4.108525953,0,1,1,1 
HDVD_26,Heavy Duty Trucks_Diesel_Rigid 14 - 20 t_Euro IV,,,0,0,12,86,3.36E-15,-1.25E-14,1.242338333,1.42E-10,-0.01098791,1.561099511,5.311311723,0,1,1,1 
HDVD_26,Heavy Duty Trucks_Diesel_Rigid 14 - 20 t_Euro IV,,,0,1,12,86,9.61E-15,-1.33E-13,0.743507956,2.96E-10,-0.003127304,0.563560018,4.950413183,0,1,1,1 
HDVD_26,Heavy Duty Trucks_Diesel_Rigid 14 - 20 t_Euro IV,,,0.02,0,12,86,5.60E-05,0.002391899,0.320779706,1.312905175,-0.000335528,0.28111114,3.910893059,0,1,1,1 
HDVD_26,Heavy Duty Trucks_Diesel_Rigid 14 - 20 t_Euro IV,,,0.02,1,12,86,1.02E-06,0.004962968,0.368521599,1.537049605,0.000225061,0.150111905,4.7219299,0,1,1,1 
HDVD_26,Heavy Duty Trucks_Diesel_Rigid 14 - 20 t_Euro IV,,,0.04,0,12,86,0.000222429,0.046621246,0.2309862,1.661521436,0.005593073,0.946271088,0.818153448,0,1,1,1 
HDVD_26,Heavy Duty Trucks_Diesel_Rigid 14 - 20 t_Euro IV,,,0.04,1,12,81,-0.000293932,0.011893697,1.595532801,-2.982046116,-0.006266413,0.61862279,7.420396432,0,1,1,1 
HDVD_26,Heavy Duty Trucks_Diesel_Rigid 14 - 20 t_Euro IV,,,0.06,0,12,86,-0.000277477,0.027295614,-0.017133073,-1.628976365,-0.004308057,0.490925732,-3.679172727,0,1,1,1 
HDVD_26,Heavy Duty Trucks_Diesel_Rigid 14 - 20 t_Euro IV,,,0.06,0.5,12,77,-0.000130529,0.001558096,1.085605421,-0.697658083,-0.002306923,0.225596109,7.258634521,0,1,1,1 
HDVD_26,Heavy Duty Trucks_Diesel_Rigid 14 - 20 t_Euro IV,,,0.06,1,12,62,-0.000897714,0.207327693,0.056526765,-1.519056052,0.024635196,1.502482438,-3.137729709,0,1,1,1 
HDVD_27,Heavy Duty Trucks_Diesel_Rigid 14 - 20 t_Euro V,SCR,,-0.06,0,10,85,-0.000596056,0.060578192,-0.36235252,0.76958683,0.122020032,-0.953415316,2.524633509,0,1,1,1 
HDVD_27,Heavy Duty Trucks_Diesel_Rigid 14 - 20 t_Euro V,SCR,,-0.06,0.5,10,85,-0.004484747,0.403969133,0.953633926,0.831169534,0.88805742,-0.061697004,0.24707739,0,1,1,1 
HDVD_27,Heavy Duty Trucks_Diesel_Rigid 14 - 20 t_Euro V,SCR,,-0.06,1,10,85,-0.004519762,0.401247468,0.894288158,0.833430901,0.917127899,-0.019485577,0.240079843,0,1,1,1 
HDVD_27,Heavy Duty Trucks_Diesel_Rigid 14 - 20 t_Euro V,SCR,,-0.04,0,10,85,-0.00111102,0.145348987,-0.817113535,1.50294111,0.231671224,-1.516376001,3.47839885,0,1,1,1 
HDVD_27,Heavy Duty Trucks_Diesel_Rigid 14 - 20 t_Euro V,SCR,,-0.04,0.5,10,85,-0.001722462,0.206755939,-1.052389348,1.889493596,0.315859305,-1.955236615,4.766947217,0,1,1,1 
HDVD_27,Heavy Duty Trucks_Diesel_Rigid 14 - 20 t_Euro V,SCR,,-0.04,1,10,85,-0.007637554,0.738087713,-0.652809856,0.076826277,0.976569779,0.459324222,0.644866057,0,1,1,1 
HDVD_27,Heavy Duty Trucks_Diesel_Rigid 14 - 20 t_Euro V,SCR,,-0.02,0,10,85,0.001276181,0.181056619,-0.750653664,1.906168509,0.31855971,-1.809776827,5.798192463,0,1,1,1 
HDVD_27,Heavy Duty Trucks_Diesel_Rigid 14 - 20 t_Euro V,SCR,,-0.02,0.5,10,85,-0.000268671,0.276263038,-1.124004044,1.828682403,0.348885485,-1.475887227,3.534518278,0,1,1,1 
HDVD_27,Heavy Duty Trucks_Diesel_Rigid 14 - 20 t_Euro V,SCR,,-0.02,1,10,85,-0.002758236,0.701673369,-1.201793254,-0.986319846,0.760081259,-0.651618988,1.380995175,0,1,1,1 
HDVD_27,Heavy Duty Trucks_Diesel_Rigid 14 - 20 t_Euro V,SCR,,0,0,10,85,0.003386344,0.075016656,-0.185633334,1.045943745,0.173823237,-0.940891611,3.95917505,0,1,1,1 
HDVD_27,Heavy Duty Trucks_Diesel_Rigid 14 - 20 t_Euro V,SCR,,0,0.5,10,85,0.016222504,0.766277927,-0.543232008,0.233017314,0.893325578,0.545706372,0.614681878,0,1,1,1 
HDVD_27,Heavy Duty Trucks_Diesel_Rigid 14 - 20 t_Euro V,SCR,,0,1,10,85,0.008157384,0.407058744,-1.826105614,1.140638718,0.444466105,-0.927552225,-2.109655973,0,1,1,1 
HDVD_27,Heavy Duty Trucks_Diesel_Rigid 14 - 20 t_Euro V,SCR,,0.02,0,10,85,0.006255572,0.057356862,0.017056758,0.946460729,0.175552101,-0.82365198,4.069185356,0,1,1,1 
HDVD_27,Heavy Duty Trucks_Diesel_Rigid 14 - 20 t_Euro V,SCR,,0.02,0.5,10,85,0.037725527,0.786743684,-0.435356631,0.146332971,0.954082975,0.450904303,0.669935329,0,1,1,1 
HDVD_27,Heavy Duty Trucks_Diesel_Rigid 14 - 20 t_Euro V,SCR,,0.02,1,10,85,-0.000786242,0.054829711,1.4384984,-1.154481042,-0.017043495,1.552213466,1.144811701,0,1,1,1 
HDVD_27,Heavy Duty Trucks_Diesel_Rigid 14 - 20 t_Euro V,SCR,,0.04,0,10,85,-0.001015777,0.058057767,1.295502192,-1.380906575,-0.022502203,1.66273541,0.102983244,0,1,1,1 
HDVD_27,Heavy Duty Trucks_Diesel_Rigid 14 - 20 t_Euro V,SCR,,0.04,0.5,10,85,-0.001384606,0.11170908,1.573707769,-1.5390853,-0.020042699,2.007968984,3.07E-12,0,1,1,1 
HDVD_27,Heavy Duty Trucks_Diesel_Rigid 14 - 20 t_Euro V,SCR,,0.04,1,10,80,-0.001411046,0.126456495,1.371384827,-1.184490872,-0.011110146,1.766614044,1.09E-11,0,1,1,1 
HDVD_27,Heavy Duty Trucks_Diesel_Rigid 14 - 20 t_Euro V,SCR,,0.06,0,10,85,-0.001430923,0.114405308,1.477680282,-1.423268357,-0.020932669,2.029876485,1.78E-12,0,1,1,1 
HDVD_27,Heavy Duty Trucks_Diesel_Rigid 14 - 20 t_Euro V,SCR,,0.06,0.5,10,80,-0.001881288,0.167388571,1.435552931,-1.123665393,-0.011517499,1.93904399,6.40E-11,0,1,1,1 
HDVD_27,Heavy Duty Trucks_Diesel_Rigid 14 - 20 t_Euro V,SCR,,0.06,1,10,60,-0.000923833,0.238388744,1.057501863,-0.472031998,0.033437936,1.644008923,3.12E-07,0,1,1,1 
HDVD_27,Heavy Duty Trucks_Diesel_Rigid 14 - 20 t_Euro V,EGR,,-0.06,0,10,75,-0.007824662,0.605599168,-0.801370182,-0.005931003,1.131732607,0.38154137,0.55150054,0,1,1,1 
HDVD_27,Heavy Duty Trucks_Diesel_Rigid 14 - 20 t_Euro V,EGR,,-0.06,0.5,10,75,-0.00172743,0.143306063,-0.621240474,1.071959244,0.331130945,-2.166446647,6.886671433,0,1,1,1 
HDVD_27,Heavy Duty Trucks_Diesel_Rigid 14 - 20 t_Euro V,EGR,,-0.06,1,10,75,-0.000967441,0.081275859,-0.368222125,0.703142072,0.220535902,-1.660952226,5.581422734,0,1,1,1 
HDVD_27,Heavy Duty Trucks_Diesel_Rigid 14 - 20 t_Euro V,EGR,,-0.04,0,10,85,-0.002937185,0.293306852,-1.141290088,1.604229603,0.415364841,-1.440895464,4.262347445,0,1,1,1 
HDVD_27,Heavy Duty Trucks_Diesel_Rigid 14 - 20 t_Euro V,EGR,,-0.04,0.5,10,85,-0.00355449,0.329573269,-1.255771927,1.712748068,0.465715455,-1.743661711,5.648713499,0,1,1,1 
HDVD_27,Heavy Duty Trucks_Diesel_Rigid 14 - 20 t_Euro V,EGR,,-0.04,1,10,85,-0.001597485,0.145397918,-0.572878608,0.791503485,0.214749388,-0.857772397,2.833121102,0,1,1,1 
HDVD_27,Heavy Duty Trucks_Diesel_Rigid 14 - 20 t_Euro V,EGR,,-0.02,0,10,85,6.47E-05,-0.012293244,0.723760455,-0.93239025,-0.006988891,0.654598535,1.888841222,0,1,1,1 
HDVD_27,Heavy Duty Trucks_Diesel_Rigid 14 - 20 t_Euro V,EGR,,-0.02,0.5,10,85,-0.003249621,0.574077706,-0.768628762,0.115758232,0.547841624,1.542401083,0.061398061,0,1,1,1 
HDVD_27,Heavy Duty Trucks_Diesel_Rigid 14 - 20 t_Euro V,EGR,,-0.02,1,10,85,-0.002497467,0.371617813,-0.804393872,0.420532709,0.373221026,-0.011896047,2.586446171,0,1,1,1 
HDVD_27,Heavy Duty Trucks_Diesel_Rigid 14 - 20 t_Euro V,EGR,,0,0,10,85,7.75E-06,-0.00828562,0.85724508,-1.12165177,-0.00714981,0.672597309,1.991517584,0,1,1,1 
HDVD_27,Heavy Duty Trucks_Diesel_Rigid 14 - 20 t_Euro V,EGR,,0,0.5,10,85,-5.16E-06,-0.008117039,0.9364794,-1.211233678,-0.00736263,0.684010251,2.138973652,0,1,1,1 
HDVD_27,Heavy Duty Trucks_Diesel_Rigid 14 - 20 t_Euro V,EGR,,0,1,10,85,-2.01E-05,-0.009200108,1.191353946,-1.500982414,-0.008947793,0.828116668,3.08763692,0,1,1,1 
HDVD_27,Heavy Duty Trucks_Diesel_Rigid 14 - 20 t_Euro V,EGR,,0.02,0,10,85,-3.74E-05,-0.004549123,0.949082231,-1.281444286,-0.007611523,0.706516705,1.756987197,0,1,1,1 
HDVD_27,Heavy Duty Trucks_Diesel_Rigid 14 - 20 t_Euro V,EGR,,0.02,0.5,10,85,-7.71E-05,-0.001328623,1.16643064,-1.580036467,-0.008349304,0.802188196,2.018547764,0,1,1,1 
HDVD_27,Heavy Duty Trucks_Diesel_Rigid 14 - 20 t_Euro V,EGR,,0.02,1,10,85,-0.000127815,0.004925782,0.903081191,-1.208291183,-0.006629044,0.628492725,1.656604921,0,1,1,1 
HDVD_27,Heavy Duty Trucks_Diesel_Rigid 14 - 20 t_Euro V,EGR,,0.04,0,10,85,-0.000187213,0.007089859,2.01585995,-2.922830122,-0.015276019,1.547845053,2.654484451,0,1,1,1 
HDVD_27,Heavy Duty Trucks_Diesel_Rigid 14 - 20 t_Euro V,EGR,,0.04,0.5,10,85,-7.33E-05,0.008313801,1.103262265,-1.524087701,-0.005913036,0.713237729,1.686536918,0,1,1,1 
HDVD_27,Heavy Duty Trucks_Diesel_Rigid 14 - 20 t_Euro V,EGR,,0.04,1,10,80,0.049325161,0.814515261,-0.984104551,-0.091014379,0.896722515,0.350447019,0.474123173,0,1,1,1 
HDVD_27,Heavy Duty Trucks_Diesel_Rigid 14 - 20 t_Euro V,EGR,,0.06,0,10,85,6.84E-05,0.015910704,1.758628504,-2.526455943,-0.005883193,1.207425111,2.466080922,0,1,1,1 
HDVD_27,Heavy Duty Trucks_Diesel_Rigid 14 - 20 t_Euro V,EGR,,0.06,0.5,10,80,0.043018974,0.81813074,-1.170091199,-0.17570027,0.759551116,0.651687732,0.06993159,0,1,1,1 
HDVD_27,Heavy Duty Trucks_Diesel_Rigid 14 - 20 t_Euro V,EGR,,0.06,1,10,60,0.021916254,0.622589428,-0.649543379,-0.003843697,0.359831348,1.383253414,0.116904259,0,1,1,1 
HDVD_28,Heavy Duty Trucks_Diesel_Rigid 14 - 20 t_Euro VI,,,-0.06,0,10,70,-3.17E-05,0.003074933,-0.061100684,0.456994679,0.030956333,-0.70885132,5.554946127,0,1,1,1 
HDVD_28,Heavy Duty Trucks_Diesel_Rigid 14 - 20 t_Euro VI,,,-0.06,0.5,10,70,-2.05E-05,0.001937661,-0.037787658,0.242454943,0.020528906,-0.468196267,3.133207928,0,1,1,1 
HDVD_28,Heavy Duty Trucks_Diesel_Rigid 14 - 20 t_Euro VI,,,-0.06,1,10,60,-0.001925455,0.118711965,0.012881092,0.296938024,1.472213277,0.477746422,0.329539897,0,1,1,1 
HDVD_28,Heavy Duty Trucks_Diesel_Rigid 14 - 20 t_Euro VI,,,-0.04,0,10,85,-0.001598786,0.144578062,0.032490927,0.141180796,1.507243458,0.472479729,0.349779852,0,1,1,1 
HDVD_28,Heavy Duty Trucks_Diesel_Rigid 14 - 20 t_Euro VI,,,-0.04,0.5,10,80,-0.001726198,0.141318063,0.016042813,0.126222363,1.515548935,0.469446305,0.348650068,0,1,1,1 
HDVD_28,Heavy Duty Trucks_Diesel_Rigid 14 - 20 t_Euro VI,,,-0.04,1,10,75,-0.001770921,0.139687012,0.001604885,0.133339787,1.516738364,0.467464897,0.346533127,0,1,1,1 
HDVD_28,Heavy Duty Trucks_Diesel_Rigid 14 - 20 t_Euro VI,,,-0.02,0,10,85,3.15E-05,-0.007847805,0.642354979,0.011592716,-0.057633071,5.993212696,0.705032781,0,1,1,1 
HDVD_28,Heavy Duty Trucks_Diesel_Rigid 14 - 20 t_Euro VI,,,-0.02,0.5,10,85,4.98E-06,-0.001074764,0.055116951,0.55326099,-0.006003057,0.490663133,5.709171707,0,1,1,1 
HDVD_28,Heavy Duty Trucks_Diesel_Rigid 14 - 20 t_Euro VI,,,-0.02,1,10,85,-0.000903191,0.150280491,0.244778091,-1.382091419,1.46886517,0.18013406,0.494972086,0,1,1,1 
HDVD_28,Heavy Duty Trucks_Diesel_Rigid 14 - 20 t_Euro VI,,,0,0,10,85,0.001620318,0.167313432,0.026813771,0.12886362,1.501969659,0.468815819,0.358364552,0,1,1,1 
HDVD_28,Heavy Duty Trucks_Diesel_Rigid 14 - 20 t_Euro VI,,,0,0.5,10,85,0.001634876,0.173004311,0.002544006,0.104372433,1.509407262,0.462030076,0.360921511,0,1,1,1 
HDVD_28,Heavy Duty Trucks_Diesel_Rigid 14 - 20 t_Euro VI,,,0,1,10,85,2.09E-07,-0.000714411,0.063388502,1.487911196,-0.003879575,0.248556834,14.48048277,0,1,1,1 
HDVD_28,Heavy Duty Trucks_Diesel_Rigid 14 - 20 t_Euro VI,,,0.02,0,10,85,-5.62E-05,0.000686235,0.40496249,-0.094309954,-0.036777051,3.324235405,3.36E-09,0,1,1,1 
HDVD_28,Heavy Duty Trucks_Diesel_Rigid 14 - 20 t_Euro VI,,,0.02,0.5,10,85,0.002976275,0.182717141,0.001290919,0.12292611,1.500258175,0.461908572,0.362657865,0,1,1,1 
HDVD_28,Heavy Duty Trucks_Diesel_Rigid 14 - 20 t_Euro VI,,,0.02,1,10,85,2.35E-05,0.000513918,0.043677719,0.732211018,0.007855586,0.074526237,7.089639396,0,1,1,1 
HDVD_28,Heavy Duty Trucks_Diesel_Rigid 14 - 20 t_Euro VI,,,0.04,0,10,85,0.003176905,0.193858438,-0.021240578,0.104188559,1.503107873,0.455239316,0.367049109,0,1,1,1 
HDVD_28,Heavy Duty Trucks_Diesel_Rigid 14 - 20 t_Euro VI,,,0.04,0.5,10,85,-1.02E-05,0.000642903,0.133404611,0.549606026,-0.005793129,0.752850059,5.704062779,0,1,1,1 
HDVD_28,Heavy Duty Trucks_Diesel_Rigid 14 - 20 t_Euro VI,,,0.04,1,10,80,0.000373735,0.026866669,0.212209265,-0.000524625,0.133244513,1.897595975,0.319033594,0,1,1,1 
HDVD_28,Heavy Duty Trucks_Diesel_Rigid 14 - 20 t_Euro VI,,,0.06,0,10,85,-3.14E-05,0.000804145,0.198734733,0.49598739,-0.013755144,1.231609122,5.484929236,0,1,1,1 
HDVD_28,Heavy Duty Trucks_Diesel_Rigid 14 - 20 t_Euro VI,,,0.06,0.5,10,80,-3.80E-05,0.001435483,0.168730835,0.423643841,-0.011752222,1.002149927,4.658456739,0,1,1,1 
HDVD_28,Heavy Duty Trucks_Diesel_Rigid 14 - 20 t_Euro VI,,,0.06,1,10,65,-1.13E-05,6.27E-05,0.051849987,0.292990885,-0.003307322,0.205655661,2.915094972,0,1,1,1 
HDVD_29,Heavy Duty Trucks_Diesel_Rigid 20 - 26 t_Conventional,,,-0.06,0,12,86,2.09E-06,-0.001482182,0.379994056,2.979683826,4.63E-05,0.03603989,0.281113384,0,1,1,1 
HDVD_29,Heavy Duty Trucks_Diesel_Rigid 20 - 26 t_Conventional,,,-0.06,0.5,12,86,3.82E-06,-0.00187915,0.317754875,2.412722666,-1.29E-05,0.029179537,0.250625315,0,1,1,1 
HDVD_29,Heavy Duty Trucks_Diesel_Rigid 20 - 26 t_Conventional,,,-0.06,1,12,86,-2.45E-05,0.020167043,2.118163626,-1.742527173,0.004193165,0.14737543,0.296695193,0,1,1,1 
HDVD_29,Heavy Duty Trucks_Diesel_Rigid 20 - 26 t_Conventional,,,-0.04,0,12,86,3.67E-06,-0.001836211,0.316397472,2.413393667,-1.64E-05,0.026347461,0.225454535,0,1,1,1 
HDVD_29,Heavy Duty Trucks_Diesel_Rigid 20 - 26 t_Conventional,,,-0.04,0.5,12,86,5.06E-06,-0.001963049,0.235209948,1.656515699,-3.82E-05,0.017722851,0.182836943,0,1,1,1 
HDVD_29,Heavy Duty Trucks_Diesel_Rigid 20 - 26 t_Conventional,,,-0.04,1,12,86,1.63E-05,-0.007381995,2.510290757,3.077572363,0.001301873,0.150523598,0.999788493,0,1,1,1 
HDVD_29,Heavy Duty Trucks_Diesel_Rigid 20 - 26 t_Conventional,,,-0.02,0,12,86,0.000280205,0.004314367,2.923156933,-0.1198576,0.001689415,0.217021408,0.168998501,0,1,1,1 
HDVD_29,Heavy Duty Trucks_Diesel_Rigid 20 - 26 t_Conventional,,,-0.02,0.5,12,86,-9.00E-05,0.051908562,1.438507776,2.730675496,0.003617559,0.12197085,0.315355622,0,1,1,1 
HDVD_29,Heavy Duty Trucks_Diesel_Rigid 20 - 26 t_Conventional,,,-0.02,1,12,86,-1.25E-15,5.31E-13,1.928873248,3.92E-11,0.000563234,0.109098394,0.544535908,0,1,1,1 
HDVD_29,Heavy Duty Trucks_Diesel_Rigid 20 - 26 t_Conventional,,,0,0,12,86,1.06E-05,0.002818738,0.529217945,3.48924534,-0.000100856,0.044215613,0.27607065,0,1,1,1 
HDVD_29,Heavy Duty Trucks_Diesel_Rigid 20 - 26 t_Conventional,,,0,0.5,12,86,0.000230614,0.002363894,0.951794788,3.149663692,0.000645276,0.045776903,0.524847539,0,1,1,1 
HDVD_29,Heavy Duty Trucks_Diesel_Rigid 20 - 26 t_Conventional,,,0,1,12,86,0.000561606,-0.014621949,1.581270246,3.756385663,0.001299877,0.020291656,1.158969695,0,1,1,1 
HDVD_29,Heavy Duty Trucks_Diesel_Rigid 20 - 26 t_Conventional,,,0.02,0,12,86,0.000145046,0.029420508,3.351481846,0.82216695,-0.000954826,0.280843431,0.068859886,0,1,1,1 
HDVD_29,Heavy Duty Trucks_Diesel_Rigid 20 - 26 t_Conventional,,,0.02,0.5,12,86,0.000920337,0.222567824,2.309991114,-3.876827971,0.004143296,0.383671074,-1.26389271,0,1,1,1 
HDVD_29,Heavy Duty Trucks_Diesel_Rigid 20 - 26 t_Conventional,,,0.02,1,12,85,-5.15E-05,0.007975243,0.773500001,2.494990779,-0.000171189,0.033221097,0.456712555,0,1,1,1 
HDVD_29,Heavy Duty Trucks_Diesel_Rigid 20 - 26 t_Conventional,,,0.04,0,12,86,0.001011533,0.209614144,-0.142380659,4.970922694,0.00508782,0.234642473,-1.173210756,0,1,1,1 
HDVD_29,Heavy Duty Trucks_Diesel_Rigid 20 - 26 t_Conventional,,,0.04,0.5,12,78,1.98E-05,0.01354379,0.925111207,3.457119794,-0.000159802,0.046748316,0.503033094,0,1,1,1 
HDVD_29,Heavy Duty Trucks_Diesel_Rigid 20 - 26 t_Conventional,,,0.04,1,12,63,2.95E-17,1.77E-15,3.449541459,2.41E-14,-0.000604854,0.078448507,1.525051163,0,1,1,1 
HDVD_29,Heavy Duty Trucks_Diesel_Rigid 20 - 26 t_Conventional,,,0.06,0,12,80,0.001323838,0.154742286,0.885409192,-3.271093123,0.003261672,0.220961167,-1.099366427,0,1,1,1 
HDVD_29,Heavy Duty Trucks_Diesel_Rigid 20 - 26 t_Conventional,,,0.06,0.5,12,61,-3.56E-05,0.032591491,1.590911076,3.653450377,-0.000270128,0.069134221,0.791688921,0,1,1,1 
HDVD_29,Heavy Duty Trucks_Diesel_Rigid 20 - 26 t_Conventional,,,0.06,1,12,46,0.000592433,0.143772555,2.82207925,3.955180032,0.001137694,0.126132922,1.271606988,0,1,1,1 
HDVD_30,Heavy Duty Trucks_Diesel_Rigid 20 - 26 t_Euro I,,,-0.06,0,12,86,7.04E-06,-0.003190277,0.461279424,3.853629015,0.000156291,0.04473185,0.386455079,0,1,1,1 
HDVD_30,Heavy Duty Trucks_Diesel_Rigid 20 - 26 t_Euro I,,,-0.06,0.5,12,86,1.01E-05,-0.003873803,0.465345857,3.350419574,0.000117741,0.043052108,0.406045444,0,1,1,1 
HDVD_30,Heavy Duty Trucks_Diesel_Rigid 20 - 26 t_Euro I,,,-0.06,1,12,86,1.08E-05,-0.004151328,0.498426121,3.54467407,0.000115522,0.046642563,0.443631635,0,1,1,1 
HDVD_30,Heavy Duty Trucks_Diesel_Rigid 20 - 26 t_Euro I,,,-0.04,0,12,86,4.77E-06,-0.002209191,0.334746871,2.604147341,6.99E-05,0.029127591,0.247151429,0,1,1,1 
HDVD_30,Heavy Duty Trucks_Diesel_Rigid 20 - 26 t_Euro I,,,-0.04,0.5,12,86,7.59E-06,-0.002937208,0.359393732,2.518953923,5.34E-05,0.030067456,0.288337443,0,1,1,1 
HDVD_30,Heavy Duty Trucks_Diesel_Rigid 20 - 26 t_Euro I,,,-0.04,1,12,86,1.71E-05,-0.005608346,0.554732827,3.139323932,6.65E-05,0.038645106,0.471949513,0,1,1,1 
HDVD_30,Heavy Duty Trucks_Diesel_Rigid 20 - 26 t_Euro I,,,-0.02,0,12,86,1.24E-05,0.001321422,0.409423021,3.651547733,2.47E-05,0.043822629,0.239494703,0,1,1,1 
HDVD_30,Heavy Duty Trucks_Diesel_Rigid 20 - 26 t_Euro I,,,-0.02,0.5,12,86,0.000113846,0.003231284,1.742422225,1.629564199,0.001738502,0.120206173,0.465954455,0,1,1,1 
HDVD_30,Heavy Duty Trucks_Diesel_Rigid 20 - 26 t_Euro I,,,-0.02,1,12,86,3.63E-05,-0.003719721,1.374464722,1.540110859,0.000709929,0.078303474,0.613341597,0,1,1,1 
HDVD_30,Heavy Duty Trucks_Diesel_Rigid 20 - 26 t_Euro I,,,0,0,12,86,-6.73E-18,-2.38E-15,2.775581956,4.67E-14,-0.000978213,0.261175045,-0.159327817,0,1,1,1 
HDVD_30,Heavy Duty Trucks_Diesel_Rigid 20 - 26 t_Euro I,,,0,0.5,12,86,-3.14E-18,3.01E-16,2.735844581,-6.21E-12,-0.001218569,0.245047767,0.050444878,0,1,1,1 
HDVD_30,Heavy Duty Trucks_Diesel_Rigid 20 - 26 t_Euro I,,,0,1,12,86,0.000219734,-0.006525818,-0.005410371,5.312307409,0.000920244,-0.041260803,0.764039813,0,1,1,1 
HDVD_30,Heavy Duty Trucks_Diesel_Rigid 20 - 26 t_Euro I,,,0.02,0,12,86,-5.18E-16,1.74E-14,2.871046717,2.97E-10,-0.001697682,0.271502348,-0.078110018,0,1,1,1 
HDVD_30,Heavy Duty Trucks_Diesel_Rigid 20 - 26 t_Euro I,,,0.02,0.5,12,86,6.56E-05,-0.001991171,0.597862359,4.601626388,-0.000100363,0.030679082,0.612816632,0,1,1,1 
HDVD_30,Heavy Duty Trucks_Diesel_Rigid 20 - 26 t_Euro I,,,0.02,1,12,85,0.00106264,-0.02726158,1.220831371,3.616372856,0.002021323,-0.02672872,1.312489071,0,1,1,1 
HDVD_30,Heavy Duty Trucks_Diesel_Rigid 20 - 26 t_Euro I,,,0.04,0,12,86,6.90E-05,0.008384007,1.038094164,4.493534763,-0.000381729,0.101420111,0.359397064,0,1,1,1 
HDVD_30,Heavy Duty Trucks_Diesel_Rigid 20 - 26 t_Euro I,,,0.04,0.5,12,79,6.73E-05,0.00825605,0.690753329,5.255319353,-0.000206395,0.046166829,0.634790491,0,1,1,1 
HDVD_30,Heavy Duty Trucks_Diesel_Rigid 20 - 26 t_Euro I,,,0.04,1,12,64,-4.12E-05,0.047450634,2.237397701,4.905491813,-0.000425871,0.114167217,1.376736971,0,1,1,1 
HDVD_30,Heavy Duty Trucks_Diesel_Rigid 20 - 26 t_Euro I,,,0.06,0,12,83,-6.79E-06,-9.48E-06,0.033123033,8.157926533,3.47E-05,-0.011061191,0.834509152,0,1,1,1 
HDVD_30,Heavy Duty Trucks_Diesel_Rigid 20 - 26 t_Euro I,,,0.06,0.5,12,62,5.67E-05,0.036931818,1.617451524,3.691839467,-0.000356548,0.091537231,1.070866318,0,1,1,1 
HDVD_30,Heavy Duty Trucks_Diesel_Rigid 20 - 26 t_Euro I,,,0.06,1,12,46,0.000618819,-0.062976728,3.042996627,-0.03926247,6.32E-05,-0.013376214,1.904031339,0,1,1,1 
HDVD_31,Heavy Duty Trucks_Diesel_Rigid 20 - 26 t_Euro II,,,-0.06,0,12,86,-2.46E-05,0.033618327,1.979843752,-4.810584882,0.015100372,0.526360437,0.485903768,0,1,1,1 
HDVD_31,Heavy Duty Trucks_Diesel_Rigid 20 - 26 t_Euro II,,,-0.06,0.5,12,86,-2.22E-05,0.016249836,1.293255648,-4.422771149,0.008754441,0.239670913,0.785620051,0,1,1,1 
HDVD_31,Heavy Duty Trucks_Diesel_Rigid 20 - 26 t_Euro II,,,-0.06,1,12,86,-2.57E-05,0.016445488,1.46714925,-5.329850824,0.009329108,0.235240687,0.931007298,0,1,1,1 
HDVD_31,Heavy Duty Trucks_Diesel_Rigid 20 - 26 t_Euro II,,,-0.04,0,12,86,-1.89E-14,8.02E-12,2.490770977,1.41E-09,0.003060262,0.68634336,1.379474569,0,1,1,1 
HDVD_31,Heavy Duty Trucks_Diesel_Rigid 20 - 26 t_Euro II,,,-0.04,0.5,12,86,-4.80E-15,1.45E-12,1.831399268,2.24E-10,0.003439703,0.349762797,2.617392216,0,1,1,1 
HDVD_31,Heavy Duty Trucks_Diesel_Rigid 20 - 26 t_Euro II,,,-0.04,1,12,86,-2.91E-05,0.013007739,1.599462348,-7.077924928,0.008191666,0.154107023,1.29218727,0,1,1,1 
HDVD_31,Heavy Duty Trucks_Diesel_Rigid 20 - 26 t_Euro II,,,-0.02,0,12,86,6.41E-15,3.56E-12,1.929025575,2.18E-10,-0.000790644,0.546950448,0.670252411,0,1,1,1 
HDVD_31,Heavy Duty Trucks_Diesel_Rigid 20 - 26 t_Euro II,,,-0.02,0.5,12,86,0.000147705,0.00471762,-0.168909428,5.781627224,0.004849494,-0.162556044,2.624316664,0,1,1,1 
HDVD_31,Heavy Duty Trucks_Diesel_Rigid 20 - 26 t_Euro II,,,-0.02,1,12,86,0.000144051,0.0033929,0.162401529,4.718206081,0.004219497,-0.106392954,2.614402945,0,1,1,1 
HDVD_31,Heavy Duty Trucks_Diesel_Rigid 20 - 26 t_Euro II,,,0,0,12,86,7.93E-17,1.30E-15,5.376187868,-4.07E-11,-0.011940919,1.526272466,1.030784107,0,1,1,1 
HDVD_31,Heavy Duty Trucks_Diesel_Rigid 20 - 26 t_Euro II,,,0,0.5,12,86,0.000570337,-0.046015042,1.696318802,2.967737103,0.001515024,-0.045073696,4.794764918,0,1,1,1 
HDVD_31,Heavy Duty Trucks_Diesel_Rigid 20 - 26 t_Euro II,,,0,1,12,86,0.000189723,-0.017813932,0.79692526,0.322676,0.000203149,0.001605649,1.637002047,0,1,1,1 
HDVD_31,Heavy Duty Trucks_Diesel_Rigid 20 - 26 t_Euro II,,,0.02,0,12,86,8.55E-05,0.012500746,1.083431288,7.742823227,-0.000905958,0.22347471,2.886859043,0,1,1,1 
HDVD_31,Heavy Duty Trucks_Diesel_Rigid 20 - 26 t_Euro II,,,0.02,0.5,12,86,2.53E-06,0.009747555,0.587183892,1.748540361,-0.000266358,0.086213506,1.106380908,0,1,1,1 
HDVD_31,Heavy Duty Trucks_Diesel_Rigid 20 - 26 t_Euro II,,,0.02,1,12,86,0.000766462,-0.016572763,0.637095499,3.500372786,0.003413671,-0.08810312,2.3665112,0,1,1,1 
HDVD_31,Heavy Duty Trucks_Diesel_Rigid 20 - 26 t_Euro II,,,0.04,0,12,86,0.000723857,0.138139413,0.364911131,1.531971502,0.005674518,0.526013488,-1.312521156,0,1,1,1 
HDVD_31,Heavy Duty Trucks_Diesel_Rigid 20 - 26 t_Euro II,,,0.04,0.5,12,82,0.001024958,0.050380055,-0.879540695,2.097024307,0.006716204,-0.028686108,-0.520945846,0,1,1,1 
HDVD_31,Heavy Duty Trucks_Diesel_Rigid 20 - 26 t_Euro II,,,0.04,1,12,68,0.000206517,-0.034440395,2.006854127,-0.040085378,8.28E-05,-0.018789931,3.187538811,0,1,1,1 
HDVD_31,Heavy Duty Trucks_Diesel_Rigid 20 - 26 t_Euro II,,,0.06,0,12,86,-6.54E-06,0.006888501,0.672161402,3.056549142,-1.30E-06,0.046142234,1.719182275,0,1,1,1 
HDVD_31,Heavy Duty Trucks_Diesel_Rigid 20 - 26 t_Euro II,,,0.06,0.5,12,65,-0.000258219,0.097889741,1.74590507,0.837436631,0.001592021,0.2364075,2.433528922,0,1,1,1 
HDVD_31,Heavy Duty Trucks_Diesel_Rigid 20 - 26 t_Euro II,,,0.06,1,12,51,0.000633762,-0.071303316,2.845953097,-0.522283231,0.000488182,-0.05940165,3.813788742,0,1,1,1 
HDVD_32,Heavy Duty Trucks_Diesel_Rigid 20 - 26 t_Euro III,,,-0.06,0,12,86,-0.000290639,0.105570276,-0.272392776,-9.746891198,0.016699561,0.022919841,-2.344057623,0,1,1,1 
HDVD_32,Heavy Duty Trucks_Diesel_Rigid 20 - 26 t_Euro III,,,-0.06,0.5,12,86,-0.000182434,0.059075261,-0.113367218,-4.800691139,0.008970834,0.039956197,-1.341468248,0,1,1,1 
HDVD_32,Heavy Duty Trucks_Diesel_Rigid 20 - 26 t_Euro III,,,-0.06,1,12,86,-2.50E-05,0.038963235,2.959630911,-1.059664178,0.009747464,0.466211657,1.66057338,0,1,1,1 
HDVD_32,Heavy Duty Trucks_Diesel_Rigid 20 - 26 t_Euro III,,,-0.04,0,12,86,-8.20E-05,0.034440142,-0.100195495,-3.440181178,0.005414984,-0.002765753,-0.714288523,0,1,1,1 
HDVD_32,Heavy Duty Trucks_Diesel_Rigid 20 - 26 t_Euro III,,,-0.04,0.5,12,86,-0.000173564,0.061817396,-0.034567323,-5.164147738,0.009362156,0.043394615,-1.26917845,0,1,1,1 
HDVD_32,Heavy Duty Trucks_Diesel_Rigid 20 - 26 t_Euro III,,,-0.04,1,12,86,-1.13E-15,4.64E-13,1.901328059,4.15E-11,0.001419595,0.271820337,1.187082321,0,1,1,1 
HDVD_32,Heavy Duty Trucks_Diesel_Rigid 20 - 26 t_Euro III,,,-0.02,0,12,86,0.000107292,0.108299692,1.911508059,-3.970133212,0.013204124,0.482801144,-1.700794393,0,1,1,1 
HDVD_32,Heavy Duty Trucks_Diesel_Rigid 20 - 26 t_Euro III,,,-0.02,0.5,12,86,-9.62E-07,0.015072439,0.857942932,3.615868278,0.002165371,0.150957513,0.816192776,0,1,1,1 
HDVD_32,Heavy Duty Trucks_Diesel_Rigid 20 - 26 t_Euro III,,,-0.02,1,12,86,-0.000772691,0.269148666,2.701416653,-7.858621948,0.032465446,0.703221286,-1.547520565,0,1,1,1 
HDVD_32,Heavy Duty Trucks_Diesel_Rigid 20 - 26 t_Euro III,,,0,0,12,86,-2.27E-15,-1.24E-13,2.046114319,1.24E-07,-0.001296231,0.365039248,-0.001271436,0,1,1,1 
HDVD_32,Heavy Duty Trucks_Diesel_Rigid 20 - 26 t_Euro III,,,0,0.5,12,86,-8.41E-18,1.37E-14,2.352721829,-1.86E-10,-0.002115843,0.428310977,0.074914058,0,1,1,1 
HDVD_32,Heavy Duty Trucks_Diesel_Rigid 20 - 26 t_Euro III,,,0,1,12,86,0.00028516,-0.003290925,0.978405855,1.459766691,0.002062733,0.070542048,1.202103674,0,1,1,1 
HDVD_32,Heavy Duty Trucks_Diesel_Rigid 20 - 26 t_Euro III,,,0.02,0,12,86,4.45E-06,0.005726518,0.277136109,1.774246328,0.000102192,0.064913333,0.229979452,0,1,1,1 
HDVD_32,Heavy Duty Trucks_Diesel_Rigid 20 - 26 t_Euro III,,,0.02,0.5,12,86,0.00044023,0.131711423,1.876836498,-1.132315081,0.007975275,0.664540445,-2.099926891,0,1,1,1 
HDVD_32,Heavy Duty Trucks_Diesel_Rigid 20 - 26 t_Euro III,,,0.02,1,12,86,-4.83E-06,0.006702742,0.669615915,3.006700523,-0.000290438,0.093822519,0.964418678,0,1,1,1 
HDVD_32,Heavy Duty Trucks_Diesel_Rigid 20 - 26 t_Euro III,,,0.04,0,12,86,0.000190068,0.065426489,0.817245224,2.546279358,0.004083208,0.302824109,-0.501041386,0,1,1,1 
HDVD_32,Heavy Duty Trucks_Diesel_Rigid 20 - 26 t_Euro III,,,0.04,0.5,12,83,0.000848858,0.113249756,0.792230937,-2.668813545,0.006603992,0.460854453,-2.410124977,0,1,1,1 
HDVD_32,Heavy Duty Trucks_Diesel_Rigid 20 - 26 t_Euro III,,,0.04,1,12,69,0.000491224,0.094048643,0.102376523,-4.679011148,0.004340678,0.253351801,-1.893596413,0,1,1,1 
HDVD_32,Heavy Duty Trucks_Diesel_Rigid 20 - 26 t_Euro III,,,0.06,0,12,86,0.000523331,0.116162978,1.308572859,0.998545927,0.005644915,0.555871159,-1.726004543,0,1,1,1 
HDVD_32,Heavy Duty Trucks_Diesel_Rigid 20 - 26 t_Euro III,,,0.06,0.5,12,67,0.000490865,0.07985294,-0.041486069,-3.150400693,0.00366481,0.222713781,-1.762937071,0,1,1,1 
HDVD_32,Heavy Duty Trucks_Diesel_Rigid 20 - 26 t_Euro III,,,0.06,1,12,52,0.001148406,0.135950304,-0.374799172,-3.427878808,0.005048918,0.290967823,-2.195090782,0,1,1,1 
HDVD_33,Heavy Duty Trucks_Diesel_Rigid 20 - 26 t_Euro IV,,,-0.06,0,12,86,3.03E-06,-0.00149123,0.25177832,1.912670712,-0.000210177,0.414621708,3.565405505,0,1,1,1 
HDVD_33,Heavy Duty Trucks_Diesel_Rigid 20 - 26 t_Euro IV,,,-0.06,0.5,12,86,-0.003000716,0.68168142,-0.301561439,0.251348413,1.106970159,0.439759178,0.570137183,0,1,1,1 
HDVD_33,Heavy Duty Trucks_Diesel_Rigid 20 - 26 t_Euro IV,,,-0.06,1,12,86,4.06E-06,-0.001540053,0.175806338,1.229956391,-0.00073195,0.262251088,2.802750804,0,1,1,1 
HDVD_33,Heavy Duty Trucks_Diesel_Rigid 20 - 26 t_Euro IV,,,-0.04,0,12,86,-0.00347171,0.739127934,-0.392744959,0.216129794,1.009733429,0.423289098,0.67578502,0,1,1,1 
HDVD_33,Heavy Duty Trucks_Diesel_Rigid 20 - 26 t_Euro IV,,,-0.04,0.5,12,86,4.50E-06,-0.001520167,0.154366989,0.910019116,-0.000311499,0.164767473,2.081140927,0,1,1,1 
HDVD_33,Heavy Duty Trucks_Diesel_Rigid 20 - 26 t_Euro IV,,,-0.04,1,12,86,6.35E-06,-0.002033022,0.193823734,0.986139996,-0.00021986,0.177685102,2.564079713,0,1,1,1 
HDVD_33,Heavy Duty Trucks_Diesel_Rigid 20 - 26 t_Euro IV,,,-0.02,0,12,86,-1.15E-05,0.0473512,2.278042975,-3.371004802,0.063872831,2.659706925,0.925780342,0,1,1,1 
HDVD_33,Heavy Duty Trucks_Diesel_Rigid 20 - 26 t_Euro IV,,,-0.02,0.5,12,86,1.57E-05,-0.004945053,0.374381209,2.063423345,-0.002192048,0.261667914,4.795873262,0,1,1,1 
HDVD_33,Heavy Duty Trucks_Diesel_Rigid 20 - 26 t_Euro IV,,,-0.02,1,12,86,5.45E-06,-0.004463826,0.381814223,-3.063879719,-0.003636316,0.354641908,-2.603260529,0,1,1,1 
HDVD_33,Heavy Duty Trucks_Diesel_Rigid 20 - 26 t_Euro IV,,,0,0,12,86,1.87E-16,-1.38E-15,1.613627646,1.05E-11,-0.010875652,1.654480386,4.415031916,0,1,1,1 
HDVD_33,Heavy Duty Trucks_Diesel_Rigid 20 - 26 t_Euro IV,,,0,0.5,12,86,1.58E-16,1.93E-15,1.105997413,5.02E-12,-0.004540853,0.78899657,5.206635778,0,1,1,1 
HDVD_33,Heavy Duty Trucks_Diesel_Rigid 20 - 26 t_Euro IV,,,0,1,12,86,2.77E-14,-3.12E-13,1.339727421,8.49E-10,-0.003963768,0.776737829,6.625073916,0,1,1,1 
HDVD_33,Heavy Duty Trucks_Diesel_Rigid 20 - 26 t_Euro IV,,,0.02,0,12,86,4.81E-05,0.007925568,0.622369581,3.606269518,-0.002072087,0.522303651,6.452231871,0,1,1,1 
HDVD_33,Heavy Duty Trucks_Diesel_Rigid 20 - 26 t_Euro IV,,,0.02,0.5,12,86,0.000315365,0.069853482,0.557407211,0.953950768,0.009094102,1.214072456,-0.471101954,0,1,1,1 
HDVD_33,Heavy Duty Trucks_Diesel_Rigid 20 - 26 t_Euro IV,,,0.02,1,12,86,-1.36E-05,0.02354684,0.729247289,0.950992656,0.002209815,0.389698649,4.70353671,0,1,1,1 
HDVD_33,Heavy Duty Trucks_Diesel_Rigid 20 - 26 t_Euro IV,,,0.04,0,12,86,0.000276951,0.033730272,-0.113903252,0.731420771,0.006547737,0.430023537,-2.008387571,0,1,1,1 
HDVD_33,Heavy Duty Trucks_Diesel_Rigid 20 - 26 t_Euro IV,,,0.04,0.5,12,85,-0.000150346,0.009083137,0.597580165,-1.448111644,-0.002449784,0.259433006,2.019870238,0,1,1,1 
HDVD_33,Heavy Duty Trucks_Diesel_Rigid 20 - 26 t_Euro IV,,,0.04,1,12,71,-0.000125873,-0.006743959,1.491543011,-2.427869877,-0.0043919,0.336715221,5.350595869,0,1,1,1 
HDVD_33,Heavy Duty Trucks_Diesel_Rigid 20 - 26 t_Euro IV,,,0.06,0,12,86,-0.000406932,0.039098883,-0.006480933,-2.808192726,-0.005070553,0.576580134,-4.637646212,0,1,1,1 
HDVD_33,Heavy Duty Trucks_Diesel_Rigid 20 - 26 t_Euro IV,,,0.06,0.5,12,69,-0.00011792,-0.010157345,1.751382115,-1.655131333,-0.003716523,0.283062033,7.611663364,0,1,1,1 
HDVD_33,Heavy Duty Trucks_Diesel_Rigid 20 - 26 t_Euro IV,,,0.06,1,12,52,-0.000260369,0.001470765,0.812222223,-3.823420896,-0.006449076,0.375907903,-0.586437579,0,1,1,1 
HDVD_33,Heavy Duty Trucks_Diesel_Rigid 20 - 26 t_Euro IV,,,-0.06,0,12,86,3.03E-06,-0.00149123,0.25177832,1.912670712,-0.000210177,0.414621708,3.565405505,0,1,1,1 
HDVD_33,Heavy Duty Trucks_Diesel_Rigid 20 - 26 t_Euro IV,,,-0.06,0.5,12,86,-0.003000716,0.68168142,-0.301561439,0.251348413,1.106970159,0.439759178,0.570137183,0,1,1,1 
HDVD_33,Heavy Duty Trucks_Diesel_Rigid 20 - 26 t_Euro IV,,,-0.06,1,12,86,4.06E-06,-0.001540053,0.175806338,1.229956391,-0.00073195,0.262251088,2.802750804,0,1,1,1 
HDVD_33,Heavy Duty Trucks_Diesel_Rigid 20 - 26 t_Euro IV,,,-0.04,0,12,86,-0.00347171,0.739127934,-0.392744959,0.216129794,1.009733429,0.423289098,0.67578502,0,1,1,1 
HDVD_33,Heavy Duty Trucks_Diesel_Rigid 20 - 26 t_Euro IV,,,-0.04,1,12,86,6.35E-06,-0.002033022,0.193823734,0.986139996,-0.00021986,0.177685102,2.564079713,0,1,1,1 
HDVD_33,Heavy Duty Trucks_Diesel_Rigid 20 - 26 t_Euro IV,,,-0.02,0,12,86,-1.15E-05,0.0473512,2.278042975,-3.371004802,0.063872831,2.659706925,0.925780342,0,1,1,1 
HDVD_33,Heavy Duty Trucks_Diesel_Rigid 20 - 26 t_Euro IV,,,-0.02,1,12,86,5.45E-06,-0.004463826,0.381814223,-3.063879719,-0.003636316,0.354641908,-2.603260529,0,1,1,1 
HDVD_33,Heavy Duty Trucks_Diesel_Rigid 20 - 26 t_Euro IV,,,0,0,12,86,1.87E-16,-1.38E-15,1.613627646,1.05E-11,-0.010875652,1.654480386,4.415031916,0,1,1,1 
HDVD_33,Heavy Duty Trucks_Diesel_Rigid 20 - 26 t_Euro IV,,,0,1,12,86,2.77E-14,-3.12E-13,1.339727421,8.49E-10,-0.003963768,0.776737829,6.625073916,0,1,1,1 
HDVD_33,Heavy Duty Trucks_Diesel_Rigid 20 - 26 t_Euro IV,,,0.02,0,12,86,4.81E-05,0.007925568,0.622369581,3.606269518,-0.002072087,0.522303651,6.452231871,0,1,1,1 
HDVD_33,Heavy Duty Trucks_Diesel_Rigid 20 - 26 t_Euro IV,,,0.02,1,12,86,-1.36E-05,0.02354684,0.729247289,0.950992656,0.002209815,0.389698649,4.70353671,0,1,1,1 
HDVD_33,Heavy Duty Trucks_Diesel_Rigid 20 - 26 t_Euro IV,,,0.04,0,12,86,0.000276951,0.033730272,-0.113903252,0.731420771,0.006547737,0.430023537,-2.008387571,0,1,1,1 
HDVD_33,Heavy Duty Trucks_Diesel_Rigid 20 - 26 t_Euro IV,,,0.04,1,12,71,-0.000125873,-0.006743959,1.491543011,-2.427869877,-0.0043919,0.336715221,5.350595869,0,1,1,1 
HDVD_33,Heavy Duty Trucks_Diesel_Rigid 20 - 26 t_Euro IV,,,0.06,0,12,86,-0.000406932,0.039098883,-0.006480933,-2.808192726,-0.005070553,0.576580134,-4.637646212,0,1,1,1 
HDVD_33,Heavy Duty Trucks_Diesel_Rigid 20 - 26 t_Euro IV,,,0.06,0.5,12,69,-0.00011792,-0.010157345,1.751382115,-1.655131333,-0.003716523,0.283062033,7.611663364,0,1,1,1 
HDVD_33,Heavy Duty Trucks_Diesel_Rigid 20 - 26 t_Euro IV,,,0.06,1,12,52,-0.000260369,0.001470765,0.812222223,-3.823420896,-0.006449076,0.375907903,-0.586437579,0,1,1,1 
HDVD_34,Heavy Duty Trucks_Diesel_Rigid 20 - 26 t_Euro V,SCR,,-0.06,0,10,70,-0.003869505,0.29880246,-1.369709847,1.196955239,0.257048145,-0.828481015,-0.65518961,0,1,1,1 
HDVD_34,Heavy Duty Trucks_Diesel_Rigid 20 - 26 t_Euro V,SCR,,-0.06,0.5,10,80,-0.007825622,0.64665211,0.44979594,0.485766438,0.789966707,-0.246275012,1.17759903,0,1,1,1 
HDVD_34,Heavy Duty Trucks_Diesel_Rigid 20 - 26 t_Euro V,SCR,,-0.06,1,10,80,-0.002016703,0.175588544,-0.855823062,1.255093899,0.193722617,-1.14451654,2.255617481,0,1,1,1 
HDVD_34,Heavy Duty Trucks_Diesel_Rigid 20 - 26 t_Euro V,SCR,,-0.04,0,10,85,-0.002581747,0.265850305,-1.317292937,1.990911824,0.263061497,-1.502251788,2.970978428,0,1,1,1 
HDVD_34,Heavy Duty Trucks_Diesel_Rigid 20 - 26 t_Euro V,SCR,,-0.04,0.5,10,85,-0.001435315,0.15823873,-0.815754852,1.217731546,0.163177915,-0.978166829,1.856029878,0,1,1,1 
HDVD_34,Heavy Duty Trucks_Diesel_Rigid 20 - 26 t_Euro V,SCR,,-0.04,1,10,85,-0.002305534,0.247694969,-1.226010996,1.757455623,0.244842012,-1.397882865,2.612315501,0,1,1,1 
HDVD_34,Heavy Duty Trucks_Diesel_Rigid 20 - 26 t_Euro V,SCR,,-0.02,0,10,85,-0.000648303,0.339377328,-1.616674324,2.515450596,0.332737733,-1.718520088,3.473559429,0,1,1,1 
HDVD_34,Heavy Duty Trucks_Diesel_Rigid 20 - 26 t_Euro V,SCR,,-0.02,0.5,10,85,-0.001750584,0.348664578,-1.5570105,2.170091501,0.282441056,-1.207249979,2.209533539,0,1,1,1 
HDVD_34,Heavy Duty Trucks_Diesel_Rigid 20 - 26 t_Euro V,SCR,,-0.02,1,10,85,-0.00185652,0.328363127,-1.39561192,1.824076489,0.243311108,-0.917783343,1.633742582,0,1,1,1 
HDVD_34,Heavy Duty Trucks_Diesel_Rigid 20 - 26 t_Euro V,SCR,,0,0,10,85,0.004483728,0.273398689,-1.38106347,1.213113375,0.271709882,-0.998865364,2.90E-14,0,1,1,1 
HDVD_34,Heavy Duty Trucks_Diesel_Rigid 20 - 26 t_Euro V,SCR,,0,0.5,10,85,0.006745035,0.348926841,-1.764409276,1.607043278,0.326367004,-1.161306588,4.61E-09,0,1,1,1 
HDVD_34,Heavy Duty Trucks_Diesel_Rigid 20 - 26 t_Euro V,SCR,,0,1,10,85,0.005254345,0.330000042,-1.247798464,1.523854453,0.259076845,-0.682168739,1.04026484,0,1,1,1 
HDVD_34,Heavy Duty Trucks_Diesel_Rigid 20 - 26 t_Euro V,SCR,,0.02,0,10,85,0.001685553,0.011281687,0.938492585,0.216847259,0.034427787,0.214934797,3.433465302,0,1,1,1 
HDVD_34,Heavy Duty Trucks_Diesel_Rigid 20 - 26 t_Euro V,SCR,,0.02,0.5,10,85,0.015206422,0.353466835,-1.298331927,1.466328983,0.330233079,-0.802051959,0.936004941,0,1,1,1 
HDVD_34,Heavy Duty Trucks_Diesel_Rigid 20 - 26 t_Euro V,SCR,,0.02,1,10,85,-0.000965763,0.064608696,2.629114046,-1.746532161,-0.017624501,1.741803144,2.73650021,0,1,1,1 
HDVD_34,Heavy Duty Trucks_Diesel_Rigid 20 - 26 t_Euro V,SCR,,0.04,0,10,85,0.016681357,0.242996202,-1.01320777,1.57660369,0.299071801,-1.053556745,1.974842651,0,1,1,1 
HDVD_34,Heavy Duty Trucks_Diesel_Rigid 20 - 26 t_Euro V,SCR,,0.04,0.5,10,85,-0.001169288,0.101706872,1.816845739,-1.354516963,-0.010309847,1.441685178,1.238859595,0,1,1,1 
HDVD_34,Heavy Duty Trucks_Diesel_Rigid 20 - 26 t_Euro V,SCR,,0.04,1,10,70,-0.001303043,0.137642523,1.62387878,-1.51542116,0.000451048,1.359249487,0.386221889,0,1,1,1 
HDVD_34,Heavy Duty Trucks_Diesel_Rigid 20 - 26 t_Euro V,SCR,,0.06,0,10,85,-0.001382206,0.115267922,1.893441134,-1.584654332,-0.014221454,1.646864004,0.96147454,0,1,1,1 
HDVD_34,Heavy Duty Trucks_Diesel_Rigid 20 - 26 t_Euro V,SCR,,0.06,0.5,10,70,-0.001879183,0.187007318,1.550617179,-1.438250728,0.002228769,1.491691235,0.210832828,0,1,1,1 
HDVD_34,Heavy Duty Trucks_Diesel_Rigid 20 - 26 t_Euro V,SCR,,0.06,1,10,50,-0.001596552,0.31273582,1.295348723,-1.054462574,0.044278288,1.445532571,0.02392267,0,1,1,1 
HDVD_34,Heavy Duty Trucks_Diesel_Rigid 20 - 26 t_Euro V,EGR,,-0.06,0,10,70,-0.009925236,0.712489628,-0.777754404,0.035659788,0.970048705,0.436012899,0.64505856,0,1,1,1 
HDVD_34,Heavy Duty Trucks_Diesel_Rigid 20 - 26 t_Euro V,EGR,,-0.06,0.5,10,60,-0.010861771,0.716987555,-0.949497211,-0.155111417,0.965051732,0.279654105,0.68274254,0,1,1,1 
HDVD_34,Heavy Duty Trucks_Diesel_Rigid 20 - 26 t_Euro V,EGR,,-0.06,1,10,75,-0.00074883,0.061077778,-0.105541392,0.269465446,0.136255365,-0.868385156,3.826276684,0,1,1,1 
HDVD_34,Heavy Duty Trucks_Diesel_Rigid 20 - 26 t_Euro V,EGR,,-0.04,0,10,80,-0.001663941,0.154902694,-0.414393851,0.702633388,0.184238267,-0.661293306,2.934458449,0,1,1,1 
HDVD_34,Heavy Duty Trucks_Diesel_Rigid 20 - 26 t_Euro V,EGR,,-0.04,0.5,10,80,-0.001820769,0.164122939,-0.52728118,0.783899204,0.193568421,-0.773899466,2.917046151,0,1,1,1 
HDVD_34,Heavy Duty Trucks_Diesel_Rigid 20 - 26 t_Euro V,EGR,,-0.04,1,10,85,-0.008341423,0.759159908,-1.025816372,-0.104446042,0.863379204,0.33959153,0.672288131,0,1,1,1 
HDVD_34,Heavy Duty Trucks_Diesel_Rigid 20 - 26 t_Euro V,EGR,,-0.02,0,10,80,0.00013731,0.008802676,0.34868812,-0.022946457,0.025370048,0.026764851,2.161848782,0,1,1,1 
HDVD_34,Heavy Duty Trucks_Diesel_Rigid 20 - 26 t_Euro V,EGR,,-0.02,0.5,10,80,-0.003935293,0.484861322,-0.33597363,0.708646306,0.340795378,1.465832857,0.302298672,0,1,1,1 
HDVD_34,Heavy Duty Trucks_Diesel_Rigid 20 - 26 t_Euro V,EGR,,-0.02,1,10,80,-0.002708728,0.369413901,-1.185297259,1.489013149,0.279181611,-0.443089361,2.110997636,0,1,1,1 
HDVD_34,Heavy Duty Trucks_Diesel_Rigid 20 - 26 t_Euro V,EGR,,0,0,10,85,0.000461125,0.020725063,0.512011167,-0.16694645,0.030404745,0.160768587,2.118534987,0,1,1,1 
HDVD_34,Heavy Duty Trucks_Diesel_Rigid 20 - 26 t_Euro V,EGR,,0,0.5,10,85,0.000679967,0.041340744,0.47177125,-0.029914205,0.045246487,0.096596142,2.501177726,0,1,1,1 
HDVD_34,Heavy Duty Trucks_Diesel_Rigid 20 - 26 t_Euro V,EGR,,0,1,10,85,0.000849359,0.06139888,0.444567673,0.090090206,0.054039043,0.086469662,2.812988622,0,1,1,1 
HDVD_34,Heavy Duty Trucks_Diesel_Rigid 20 - 26 t_Euro V,EGR,,0.02,0,10,85,0.000260361,-0.007088054,1.151253995,-0.766095008,0.001940564,0.523812746,2.571876123,0,1,1,1 
HDVD_34,Heavy Duty Trucks_Diesel_Rigid 20 - 26 t_Euro V,EGR,,0.02,0.5,10,80,0.001110526,0.009467067,0.523089507,0.017642547,0.025265702,0.018582471,2.291481893,0,1,1,1 
HDVD_34,Heavy Duty Trucks_Diesel_Rigid 20 - 26 t_Euro V,EGR,,0.02,1,10,85,-0.000124787,0.005317772,1.458299855,-1.11696337,-0.006355262,0.672331911,2.72660594,0,1,1,1 
HDVD_34,Heavy Duty Trucks_Diesel_Rigid 20 - 26 t_Euro V,EGR,,0.04,0,10,85,0.002791027,0.009310575,1.497100656,-0.54169559,0.055353007,0.183385898,4.965694967,0,1,1,1 
HDVD_34,Heavy Duty Trucks_Diesel_Rigid 20 - 26 t_Euro V,EGR,,0.04,0.5,10,85,0.000456629,0.006261877,1.404002493,-1.047501355,0.001959413,0.552075599,2.63233084,0,1,1,1 
HDVD_34,Heavy Duty Trucks_Diesel_Rigid 20 - 26 t_Euro V,EGR,,0.04,1,10,70,-0.001187709,0.059548534,2.446563773,-2.425876548,-0.017519666,1.315650737,2.874417831,0,1,1,1 
HDVD_34,Heavy Duty Trucks_Diesel_Rigid 20 - 26 t_Euro V,EGR,,0.06,0,10,85,-0.0001068,0.013428189,1.720636987,-1.75213856,-0.007632012,0.912800732,2.007787416,0,1,1,1 
HDVD_34,Heavy Duty Trucks_Diesel_Rigid 20 - 26 t_Euro V,EGR,,0.06,0.5,10,70,-0.001384531,0.073080984,2.213545013,-2.595883689,-0.018463067,1.357873897,1.636655261,0,1,1,1 
HDVD_34,Heavy Duty Trucks_Diesel_Rigid 20 - 26 t_Euro V,EGR,,0.06,1,10,50,-0.000391737,0.013728499,1.597955343,-1.150543799,-0.007311352,0.516033661,2.669041439,0,1,1,1 
HDVD_35,Heavy Duty Trucks_Diesel_Rigid 20 - 26 t_Euro VI,,,-0.06,0,10,70,-2.23E-05,0.002092964,-0.039474979,0.237867635,0.018321375,-0.403940018,2.534454762,0,1,1,1 
HDVD_35,Heavy Duty Trucks_Diesel_Rigid 20 - 26 t_Euro VI,,,-0.06,0.5,10,65,-2.45E-05,0.002230126,-0.039804607,0.219566715,0.021524824,-0.446206802,2.529871765,0,1,1,1 
HDVD_35,Heavy Duty Trucks_Diesel_Rigid 20 - 26 t_Euro VI,,,-0.06,1,10,65,-2.76E-05,0.002484518,-0.043460092,0.230697535,0.024963124,-0.507240131,2.765117781,0,1,1,1 
HDVD_35,Heavy Duty Trucks_Diesel_Rigid 20 - 26 t_Euro VI,,,-0.04,0,10,80,-0.002081215,0.170794423,0.010961211,0.132190423,1.502463692,0.465510297,0.358389754,0,1,1,1 
HDVD_35,Heavy Duty Trucks_Diesel_Rigid 20 - 26 t_Euro VI,,,-0.04,0.5,10,80,-0.001870344,0.151639796,0.035447679,0.31910376,1.449460747,0.47350152,0.336397423,0,1,1,1 
HDVD_35,Heavy Duty Trucks_Diesel_Rigid 20 - 26 t_Euro VI,,,-0.04,1,10,85,-6.64E-05,0.006661391,-0.087498733,0.394469786,0.061556179,-0.932483594,4.350329891,0,1,1,1 
HDVD_35,Heavy Duty Trucks_Diesel_Rigid 20 - 26 t_Euro VI,,,-0.02,0,10,85,1.12E-06,-0.000326058,0.013900393,0.99290208,-0.002723164,0.168698353,7.92541846,0,1,1,1 
HDVD_35,Heavy Duty Trucks_Diesel_Rigid 20 - 26 t_Euro VI,,,-0.02,0.5,10,85,-0.001272941,0.202474235,-0.006708704,-0.115347831,1.549714649,0.438378626,0.394110706,0,1,1,1 
HDVD_35,Heavy Duty Trucks_Diesel_Rigid 20 - 26 t_Euro VI,,,-0.02,1,10,85,-0.001539491,0.21200958,-0.03081937,-0.213790754,1.567067591,0.417998135,0.406257555,0,1,1,1 
HDVD_35,Heavy Duty Trucks_Diesel_Rigid 20 - 26 t_Euro VI,,,0,0,10,85,0.001802971,0.200222921,0.023690107,0.109935918,1.493434139,0.463693162,0.37229878,0,1,1,1 
HDVD_35,Heavy Duty Trucks_Diesel_Rigid 20 - 26 t_Euro VI,,,0,0.5,10,85,0.001777875,0.206516081,-0.055309764,0.261204597,1.452154863,0.460781098,0.352531978,0,1,1,1 
HDVD_35,Heavy Duty Trucks_Diesel_Rigid 20 - 26 t_Euro VI,,,0,1,10,85,0.001543955,0.199035386,-0.177058224,0.648409613,1.286693363,0.493213741,0.302599301,0,1,1,1 
HDVD_35,Heavy Duty Trucks_Diesel_Rigid 20 - 26 t_Euro VI,,,0.02,0,10,85,0.003000482,0.215021224,0.03733831,0.074302795,1.494258948,0.463010965,0.383198352,0,1,1,1 
HDVD_35,Heavy Duty Trucks_Diesel_Rigid 20 - 26 t_Euro VI,,,0.02,0.5,10,85,0.002990715,0.199376935,-0.146652713,0.720522308,1.249149215,0.494448017,0.293013001,0,1,1,1 
HDVD_35,Heavy Duty Trucks_Diesel_Rigid 20 - 26 t_Euro VI,,,0.02,1,10,85,8.35E-05,0.002705471,-0.028804992,0.629952775,0.027063166,-0.363351321,4.740931313,0,1,1,1 
HDVD_35,Heavy Duty Trucks_Diesel_Rigid 20 - 26 t_Euro VI,,,0.04,0,10,85,0.002969239,0.187015998,-0.13681625,0.873274565,1.149989719,0.526398872,0.270297423,0,1,1,1 
HDVD_35,Heavy Duty Trucks_Diesel_Rigid 20 - 26 t_Euro VI,,,0.04,0.5,10,85,7.78E-05,0.002571444,0.024594269,0.699367267,0.021031356,-0.081378241,5.342442553,0,1,1,1 
HDVD_35,Heavy Duty Trucks_Diesel_Rigid 20 - 26 t_Euro VI,,,0.04,1,10,75,4.81E-05,0.002075845,0.045060719,0.47350372,0.011680026,0.084260053,3.73942976,0,1,1,1 
HDVD_35,Heavy Duty Trucks_Diesel_Rigid 20 - 26 t_Euro VI,,,0.06,0,10,85,-7.61E-05,0.003069651,0.607951555,2.713165173,-0.027739882,2.871495265,21.71241388,0,1,1,1 
HDVD_35,Heavy Duty Trucks_Diesel_Rigid 20 - 26 t_Euro VI,,,0.06,0.5,10,70,-1.31E-05,-0.00012056,0.092768778,0.511967393,-0.004237648,0.292937268,4.244445648,0,1,1,1 
HDVD_35,Heavy Duty Trucks_Diesel_Rigid 20 - 26 t_Euro VI,,,0.06,1,10,55,5.52E-05,0.010706665,0.007289684,-0.412779352,0.024858765,0.437691298,-3.365668932,0,1,1,1 
HDVD_36,Heavy Duty Trucks_Diesel_Rigid 26 - 28 t_Conventional,,,-0.06,0,12,86,7.05E-06,-0.003203391,0.303630492,2.55155525,-0.000196075,0.026787311,0.287421366,0,1,1,1 
HDVD_36,Heavy Duty Trucks_Diesel_Rigid 26 - 28 t_Conventional,,,-0.06,0.5,12,86,8.07E-06,-0.003082646,0.260360203,2.003418177,-0.000165046,0.020894902,0.260028608,0,1,1,1 
HDVD_36,Heavy Duty Trucks_Diesel_Rigid 26 - 28 t_Conventional,,,-0.06,1,12,86,1.74E-05,-0.006139742,0.521606873,3.627545859,-0.000275532,0.038560044,0.516308217,0,1,1,1 
HDVD_36,Heavy Duty Trucks_Diesel_Rigid 26 - 28 t_Conventional,,,-0.04,0,12,86,6.99E-06,-0.002773394,0.237223132,1.882307424,-0.00013978,0.017578094,0.211488996,0,1,1,1 
HDVD_36,Heavy Duty Trucks_Diesel_Rigid 26 - 28 t_Conventional,,,-0.04,0.5,12,86,3.67E-05,-0.012503039,1.06303301,6.986890452,-0.000463629,0.068345277,0.955431057,0,1,1,1 
HDVD_36,Heavy Duty Trucks_Diesel_Rigid 26 - 28 t_Conventional,,,-0.04,1,12,86,1.99E-05,-0.006325139,0.555402958,3.002349236,-0.000149891,0.030577654,0.479065029,0,1,1,1 
HDVD_36,Heavy Duty Trucks_Diesel_Rigid 26 - 28 t_Conventional,,,-0.02,0,12,86,6.74E-05,0.067063586,1.587301872,-5.807014905,0.003934268,0.180381674,-0.779832246,0,1,1,1 
HDVD_36,Heavy Duty Trucks_Diesel_Rigid 26 - 28 t_Conventional,,,-0.02,0.5,12,86,-0.000113259,0.052086032,1.431886327,2.708712488,0.003012001,0.1222274,0.407046615,0,1,1,1 
HDVD_36,Heavy Duty Trucks_Diesel_Rigid 26 - 28 t_Conventional,,,-0.02,1,12,86,-2.79E-16,1.23E-13,1.966099488,5.05E-12,0.000535315,0.096744078,0.7450577,0,1,1,1 
HDVD_36,Heavy Duty Trucks_Diesel_Rigid 26 - 28 t_Conventional,,,0,0,12,86,0.000160914,0.064085173,0.715688509,-4.636374133,0.002359633,0.126620992,-0.820106273,0,1,1,1 
HDVD_36,Heavy Duty Trucks_Diesel_Rigid 26 - 28 t_Conventional,,,0,0.5,12,86,0.000243903,0.00459032,1.368996541,3.650742731,0.000634518,0.064098115,0.754696987,0,1,1,1 
HDVD_36,Heavy Duty Trucks_Diesel_Rigid 26 - 28 t_Conventional,,,0,1,12,86,0.000337018,-0.007687044,0.016615279,5.273417181,0.001058661,-0.041494678,0.705953032,0,1,1,1 
HDVD_36,Heavy Duty Trucks_Diesel_Rigid 26 - 28 t_Conventional,,,0.02,0,12,86,1.61E-05,0.00432057,0.487988754,3.448268663,-0.000110198,0.034208081,0.32899992,0,1,1,1 
HDVD_36,Heavy Duty Trucks_Diesel_Rigid 26 - 28 t_Conventional,,,0.02,0.5,12,86,-4.78E-06,0.010882576,0.956461513,3.966277276,-0.000160646,0.051682959,0.555747337,0,1,1,1 
HDVD_36,Heavy Duty Trucks_Diesel_Rigid 26 - 28 t_Conventional,,,0.02,1,12,84,4.03E-15,-6.29E-14,2.747536916,8.49E-11,-0.000563935,0.087386825,1.109547632,0,1,1,1 
HDVD_36,Heavy Duty Trucks_Diesel_Rigid 26 - 28 t_Conventional,,,0.04,0,12,86,0.001094658,0.225215564,2.15090889,0.226758467,0.003813354,0.394833392,-1.192048729,0,1,1,1 
HDVD_36,Heavy Duty Trucks_Diesel_Rigid 26 - 28 t_Conventional,,,0.04,0.5,12,75,-2.91E-05,0.016665613,1.071925594,3.111042525,-0.000172315,0.047994568,0.573883044,0,1,1,1 
HDVD_36,Heavy Duty Trucks_Diesel_Rigid 26 - 28 t_Conventional,,,0.04,1,12,60,8.12E-17,1.15E-15,3.424109874,5.82E-13,-0.000553848,0.071890896,1.451313825,0,1,1,1 
HDVD_36,Heavy Duty Trucks_Diesel_Rigid 26 - 28 t_Conventional,,,0.06,0,12,81,2.05E-05,0.010116722,0.754841222,3.179356927,-0.000134077,0.039548202,0.41454532,0,1,1,1 
HDVD_36,Heavy Duty Trucks_Diesel_Rigid 26 - 28 t_Conventional,,,0.06,0.5,12,58,0.000453126,0.053026622,0.827233219,3.154554376,0.00058516,0.061102857,0.369344321,0,1,1,1 
HDVD_36,Heavy Duty Trucks_Diesel_Rigid 26 - 28 t_Conventional,,,0.06,1,12,45,0.003985133,0.489661254,-0.885682837,-6.239283291,0.005904233,0.295171966,-1.583661902,0,1,1,1 
HDVD_37,Heavy Duty Trucks_Diesel_Rigid 26 - 28 t_Euro I,,,-0.06,0,12,86,3.31E-06,-0.002171377,0.448321819,3.017180591,0.000186855,0.048807853,0.297544031,0,1,1,1 
HDVD_37,Heavy Duty Trucks_Diesel_Rigid 26 - 28 t_Euro I,,,-0.06,0.5,12,86,5.84E-06,-0.002752799,0.42528932,3.335326585,0.000114892,0.046758513,0.394215562,0,1,1,1 
HDVD_37,Heavy Duty Trucks_Diesel_Rigid 26 - 28 t_Euro I,,,-0.06,1,12,86,7.57E-06,-0.003069931,0.399912565,2.874021435,6.55E-05,0.04202068,0.389081461,0,1,1,1 
HDVD_37,Heavy Duty Trucks_Diesel_Rigid 26 - 28 t_Euro I,,,-0.04,0,12,86,2.60E-06,-0.001775823,0.398334971,5.464972768,0.000105034,0.040146939,0.505119799,0,1,1,1 
HDVD_37,Heavy Duty Trucks_Diesel_Rigid 26 - 28 t_Euro I,,,-0.04,0.5,12,86,7.89E-06,-0.002964292,0.351613625,2.360562396,1.54E-05,0.030355996,0.309248053,0,1,1,1 
HDVD_37,Heavy Duty Trucks_Diesel_Rigid 26 - 28 t_Euro I,,,-0.04,1,12,86,1.29E-05,-0.004161607,0.404669024,2.157887271,2.48E-05,0.028526392,0.373629002,0,1,1,1 
HDVD_37,Heavy Duty Trucks_Diesel_Rigid 26 - 28 t_Euro I,,,-0.02,0,12,86,9.07E-05,0.057251655,1.033277127,-4.102332846,0.003569623,0.169536973,-1.044612721,0,1,1,1 
HDVD_37,Heavy Duty Trucks_Diesel_Rigid 26 - 28 t_Euro I,,,-0.02,0.5,12,86,1.65E-05,0.054085904,1.902385125,-3.6254702,0.004700779,0.202514618,-0.512071106,0,1,1,1 
HDVD_37,Heavy Duty Trucks_Diesel_Rigid 26 - 28 t_Euro I,,,-0.02,1,12,86,1.78E-05,-0.005834282,0.422672033,2.640127904,-0.000235431,0.024369114,0.423451228,0,1,1,1 
HDVD_37,Heavy Duty Trucks_Diesel_Rigid 26 - 28 t_Euro I,,,0,0,12,86,0.00010842,0.059091572,0.9407112,-4.321452485,0.003094024,0.152937345,-0.925208029,0,1,1,1 
HDVD_37,Heavy Duty Trucks_Diesel_Rigid 26 - 28 t_Euro I,,,0,0.5,12,86,2.65E-06,0.004088933,0.764238771,4.976250492,-0.000158396,0.065913734,0.53469965,0,1,1,1 
HDVD_37,Heavy Duty Trucks_Diesel_Rigid 26 - 28 t_Euro I,,,0,1,12,86,0.000144281,-0.004296125,0.010709753,2.911207643,0.000557983,-0.02437096,0.444278114,0,1,1,1 
HDVD_37,Heavy Duty Trucks_Diesel_Rigid 26 - 28 t_Euro I,,,0.02,0,12,86,1.55E-05,0.00286531,0.447342481,2.833434664,-0.00012631,0.04347705,0.241660674,0,1,1,1 
HDVD_37,Heavy Duty Trucks_Diesel_Rigid 26 - 28 t_Euro I,,,0.02,0.5,12,86,2.11E-15,-1.41E-13,3.150799247,2.02E-10,-0.001702783,0.216776348,0.842637135,0,1,1,1 
HDVD_37,Heavy Duty Trucks_Diesel_Rigid 26 - 28 t_Euro I,,,0.02,1,12,85,0.001225762,-0.031063476,1.292260837,3.430178603,0.002151906,-0.032782163,1.402293964,0,1,1,1 
HDVD_37,Heavy Duty Trucks_Diesel_Rigid 26 - 28 t_Euro I,,,0.04,0,12,86,0.00015863,0.01347336,1.636923475,5.920231201,-0.000714134,0.167215105,0.414960683,0,1,1,1 
HDVD_37,Heavy Duty Trucks_Diesel_Rigid 26 - 28 t_Euro I,,,0.04,0.5,12,77,9.64E-05,0.012142811,0.334859954,4.800063438,8.70E-05,0.026769077,0.499962122,0,1,1,1 
HDVD_37,Heavy Duty Trucks_Diesel_Rigid 26 - 28 t_Euro I,,,0.04,1,12,62,0.001373824,-0.056330086,3.964519531,1.738848999,0.001140905,-0.001651676,2.855619652,0,1,1,1 
HDVD_37,Heavy Duty Trucks_Diesel_Rigid 26 - 28 t_Euro I,,,0.06,0,12,83,5.22E-06,0.000539396,0.075513107,3.400150767,-7.78E-06,0.000323359,0.36108469,0,1,1,1 
HDVD_37,Heavy Duty Trucks_Diesel_Rigid 26 - 28 t_Euro I,,,0.06,0.5,12,60,-5.91E-05,0.057766887,2.17339629,3.42690056,-0.000411532,0.111231771,1.460926124,0,1,1,1 
HDVD_37,Heavy Duty Trucks_Diesel_Rigid 26 - 28 t_Euro I,,,0.06,1,12,46,0.004866099,0.335069015,-3.28918256,-2.505637888,0.006914879,0.177882177,-2.266384799,0,1,1,1 
HDVD_38,Heavy Duty Trucks_Diesel_Rigid 26 - 28 t_Euro II,,,-0.06,0,12,86,-0.000211478,0.06657647,0.102508747,-4.138576329,0.017620031,0.198704351,-2.343404966,0,1,1,1 
HDVD_38,Heavy Duty Trucks_Diesel_Rigid 26 - 28 t_Euro II,,,-0.06,0.5,12,86,-1.06E-05,0.008895011,1.473013931,-0.175162389,0.005862262,0.317943492,2.779893333,0,1,1,1 
HDVD_38,Heavy Duty Trucks_Diesel_Rigid 26 - 28 t_Euro II,,,-0.06,1,12,86,-1.79E-05,0.013108735,1.212395127,-0.652520147,0.007443037,0.193335095,2.478235804,0,1,1,1 
HDVD_38,Heavy Duty Trucks_Diesel_Rigid 26 - 28 t_Euro II,,,-0.04,0,12,86,1.71E-05,-0.005660019,0.383686053,2.416782824,-0.000878773,0.078353312,1.490235524,0,1,1,1 
HDVD_38,Heavy Duty Trucks_Diesel_Rigid 26 - 28 t_Euro II,,,-0.04,0.5,12,86,6.22E-06,-0.003167274,1.782424314,0.041763601,0.003514376,0.232363516,4.31603366,0,1,1,1 
HDVD_38,Heavy Duty Trucks_Diesel_Rigid 26 - 28 t_Euro II,,,-0.04,1,12,86,-0.000244451,0.062299005,-0.235182999,12.22441698,0.016994117,-0.290496702,6.915567539,0,1,1,1 
HDVD_38,Heavy Duty Trucks_Diesel_Rigid 26 - 28 t_Euro II,,,-0.02,0,12,86,3.11E-05,0.027915584,0.556807155,-3.615799611,0.005725547,0.248747489,-1.491769601,0,1,1,1 
HDVD_38,Heavy Duty Trucks_Diesel_Rigid 26 - 28 t_Euro II,,,-0.02,0.5,12,86,0.000410314,0.001769639,0.408193306,10.62308441,0.010753474,-0.288079166,6.949485899,0,1,1,1 
HDVD_38,Heavy Duty Trucks_Diesel_Rigid 26 - 28 t_Euro II,,,-0.02,1,12,86,-3.96E-05,0.021683442,1.106355004,-5.650277007,0.004915341,0.087469347,1.252575306,0,1,1,1 
HDVD_38,Heavy Duty Trucks_Diesel_Rigid 26 - 28 t_Euro II,,,0,0,12,86,9.20E-18,-7.31E-16,3.647876459,1.55E-12,-0.007275918,0.922693919,2.306953907,0,1,1,1 
HDVD_38,Heavy Duty Trucks_Diesel_Rigid 26 - 28 t_Euro II,,,0,0.5,12,86,0.000300279,-0.026892001,1.199285337,0.669510068,0.000470015,-0.001398541,2.960983499,0,1,1,1 
HDVD_38,Heavy Duty Trucks_Diesel_Rigid 26 - 28 t_Euro II,,,0,1,12,86,0.000156315,-0.01616608,0.797049944,0.080685621,7.36E-05,0.004952205,1.588896115,0,1,1,1 
HDVD_38,Heavy Duty Trucks_Diesel_Rigid 26 - 28 t_Euro II,,,0.02,0,12,86,4.91E-05,0.011785954,0.84426447,3.883998848,-0.000614448,0.167916786,1.964082577,0,1,1,1 
HDVD_38,Heavy Duty Trucks_Diesel_Rigid 26 - 28 t_Euro II,,,0.02,0.5,12,86,0.000329267,-0.02151265,1.07495014,1.141959004,0.000791963,-0.01911252,2.505330484,0,1,1,1 
HDVD_38,Heavy Duty Trucks_Diesel_Rigid 26 - 28 t_Euro II,,,0.02,1,12,86,0.000336402,-0.03945977,2.776396625,0.055033917,9.02E-05,0.014452903,4.750145679,0,1,1,1 
HDVD_38,Heavy Duty Trucks_Diesel_Rigid 26 - 28 t_Euro II,,,0.04,0,12,86,0.000622164,0.093075994,-0.354831864,-3.306145177,0.004311966,0.328300282,-3.083420051,0,1,1,1 
HDVD_38,Heavy Duty Trucks_Diesel_Rigid 26 - 28 t_Euro II,,,0.04,0.5,12,81,0.000168923,-0.017726969,1.499119472,0.067073575,0.000122028,0.01093224,2.625026938,0,1,1,1 
HDVD_38,Heavy Duty Trucks_Diesel_Rigid 26 - 28 t_Euro II,,,0.04,1,12,66,0.000619444,-0.075470173,3.071689416,-1.472312355,0.000461964,-0.071322358,4.576536879,0,1,1,1 
HDVD_38,Heavy Duty Trucks_Diesel_Rigid 26 - 28 t_Euro II,,,0.06,0,12,86,0.000179602,-0.023595474,1.450065685,-4.83E-10,2.67E-10,-2.71E-05,2.748271385,0,1,1,1 
HDVD_38,Heavy Duty Trucks_Diesel_Rigid 26 - 28 t_Euro II,,,0.06,0.5,12,64,0.000737215,-0.083818,4.210370901,-0.065410624,0.000107708,-0.032127536,6.314557819,0,1,1,1 
HDVD_38,Heavy Duty Trucks_Diesel_Rigid 26 - 28 t_Euro II,,,0.06,1,12,49,0.00067312,-0.068146194,2.955564666,-0.234774828,0.000297293,-0.046602239,3.775800391,0,1,1,1 
HDVD_39,Heavy Duty Trucks_Diesel_Rigid 26 - 28 t_Euro III,,,-0.06,0,12,86,-0.000102305,0.061251546,1.610930974,2.697217211,0.010701185,0.33412371,0.740906878,0,1,1,1 
HDVD_39,Heavy Duty Trucks_Diesel_Rigid 26 - 28 t_Euro III,,,-0.06,0.5,12,86,-0.000534275,0.210410451,2.808989152,-4.194816324,0.033318817,0.744633705,-0.744971314,0,1,1,1 
HDVD_39,Heavy Duty Trucks_Diesel_Rigid 26 - 28 t_Euro III,,,-0.06,1,12,86,-0.000328015,0.12441423,1.615364581,-2.458447684,0.019376926,0.446704755,-0.436231514,0,1,1,1 
HDVD_39,Heavy Duty Trucks_Diesel_Rigid 26 - 28 t_Euro III,,,-0.04,0,12,86,-7.00E-05,0.045504789,1.277815631,2.482657345,0.007502704,0.242702855,0.595277389,0,1,1,1 
HDVD_39,Heavy Duty Trucks_Diesel_Rigid 26 - 28 t_Euro III,,,-0.04,0.5,12,86,-0.000312751,0.11139803,0.849415391,-4.860400516,0.015996458,0.26895514,-1.203335773,0,1,1,1 
HDVD_39,Heavy Duty Trucks_Diesel_Rigid 26 - 28 t_Euro III,,,-0.04,1,12,86,-3.80E-05,0.012855474,-0.810246627,-5.258734701,0.001184753,-0.089323409,-1.926410423,0,1,1,1 
HDVD_39,Heavy Duty Trucks_Diesel_Rigid 26 - 28 t_Euro III,,,-0.02,0,12,86,0.000140182,0.074650862,1.162612823,-5.478293472,0.007632305,0.379850895,-2.291585432,0,1,1,1 
HDVD_39,Heavy Duty Trucks_Diesel_Rigid 26 - 28 t_Euro III,,,-0.02,0.5,12,86,3.32E-05,0.042889504,0.789159617,-9.099640179,0.005742331,0.194194725,-1.929891918,0,1,1,1 
HDVD_39,Heavy Duty Trucks_Diesel_Rigid 26 - 28 t_Euro III,,,-0.02,1,12,86,-0.000450374,0.139044374,1.034710677,-4.111901294,0.014476759,0.351129813,-0.962500966,0,1,1,1 
HDVD_39,Heavy Duty Trucks_Diesel_Rigid 26 - 28 t_Euro III,,,0,0,12,86,0.000135297,0.072845125,1.145333586,-5.399606442,0.007208649,0.35960364,-2.10654588,0,1,1,1 
HDVD_39,Heavy Duty Trucks_Diesel_Rigid 26 - 28 t_Euro III,,,0,0.5,12,86,0.000179029,0.078778809,0.998339424,-5.823288102,0.006919738,0.362604556,-2.248268049,0,1,1,1 
HDVD_39,Heavy Duty Trucks_Diesel_Rigid 26 - 28 t_Euro III,,,0,1,12,86,3.75E-16,1.69E-15,2.428704234,2.40E-11,-0.001954798,0.364276548,1.042203161,0,1,1,1 
HDVD_39,Heavy Duty Trucks_Diesel_Rigid 26 - 28 t_Euro III,,,0.02,0,12,86,0.000652717,0.201158047,-0.41763884,0.963176425,0.018853075,0.415085871,-3.282941051,0,1,1,1 
HDVD_39,Heavy Duty Trucks_Diesel_Rigid 26 - 28 t_Euro III,,,0.02,0.5,12,86,6.19E-06,0.004464253,0.509899661,2.848065857,-0.000235855,0.080348337,0.728912,0,1,1,1 
HDVD_39,Heavy Duty Trucks_Diesel_Rigid 26 - 28 t_Euro III,,,0.02,1,12,86,1.43E-16,-3.12E-15,1.573342988,5.28E-12,-0.001323531,0.182863002,1.207596734,0,1,1,1 
HDVD_39,Heavy Duty Trucks_Diesel_Rigid 26 - 28 t_Euro III,,,0.04,0,12,86,0.000542028,0.144032575,-0.119059345,2.622062797,0.011159754,0.357897733,-2.156248011,0,1,1,1 
HDVD_39,Heavy Duty Trucks_Diesel_Rigid 26 - 28 t_Euro III,,,0.04,0.5,12,82,6.28E-05,0.010202952,0.942783974,7.208467533,-0.000561736,0.141815263,1.682442767,0,1,1,1 
HDVD_39,Heavy Duty Trucks_Diesel_Rigid 26 - 28 t_Euro III,,,0.04,1,12,67,3.91E-05,0.019770745,1.016328713,2.888351968,-0.000486927,0.127079059,1.428743059,0,1,1,1 
HDVD_39,Heavy Duty Trucks_Diesel_Rigid 26 - 28 t_Euro III,,,0.06,0,12,86,1.24E-17,-4.16E-16,2.27732197,4.30E-13,-0.00262212,0.325825888,1.089451948,0,1,1,1 
HDVD_39,Heavy Duty Trucks_Diesel_Rigid 26 - 28 t_Euro III,,,0.06,0.5,12,65,0.000138741,0.014807911,0.960933779,5.156186761,-0.000678816,0.1299125,1.651760193,0,1,1,1 
HDVD_39,Heavy Duty Trucks_Diesel_Rigid 26 - 28 t_Euro III,,,0.06,1,12,50,0.002804426,0.232212125,0.659171409,4.78924595,0.004394798,0.601001818,-0.556437589,0,1,1,1 
HDVD_40,Heavy Duty Trucks_Diesel_Rigid 26 - 28 t_Euro IV,,,-0.06,0,12,86,-1.23E-05,0.008299366,0.769661957,-2.42094151,0.033773778,0.847489209,1.211668136,0,1,1,1 
HDVD_40,Heavy Duty Trucks_Diesel_Rigid 26 - 28 t_Euro IV,,,-0.06,0.5,12,86,-1.57E-05,0.010611524,0.975589472,-3.113154593,0.042838591,1.0859543,1.881474327,0,1,1,1 
HDVD_40,Heavy Duty Trucks_Diesel_Rigid 26 - 28 t_Euro IV,,,-0.06,1,12,86,-1.65E-05,0.010002118,1.012681098,-3.505454157,0.043094864,1.029883455,2.961471854,0,1,1,1 
HDVD_40,Heavy Duty Trucks_Diesel_Rigid 26 - 28 t_Euro IV,,,-0.04,0,12,86,5.46E-06,-0.001789288,0.173697625,0.962044359,-0.000431448,0.187907059,2.574635438,0,1,1,1 
HDVD_40,Heavy Duty Trucks_Diesel_Rigid 26 - 28 t_Euro IV,,,-0.04,0.5,12,86,1.05E-05,-0.003262771,0.297932536,1.314851208,-0.000249441,0.265272886,4.355129492,0,1,1,1 
HDVD_40,Heavy Duty Trucks_Diesel_Rigid 26 - 28 t_Euro IV,,,-0.04,1,12,86,-0.000218671,0.041244063,-0.851314188,5.714123405,0.046479857,-1.084559348,8.11902293,0,1,1,1 
HDVD_40,Heavy Duty Trucks_Diesel_Rigid 26 - 28 t_Euro IV,,,-0.02,0,12,86,-5.37E-06,0.028166672,1.249267364,-2.107986214,0.034239385,1.417835257,2.037489642,0,1,1,1 
HDVD_40,Heavy Duty Trucks_Diesel_Rigid 26 - 28 t_Euro IV,,,-0.02,0.5,12,86,3.46E-06,-0.004534842,0.406051654,-3.258414225,-0.004237998,0.412223553,-3.000658719,0,1,1,1 
HDVD_40,Heavy Duty Trucks_Diesel_Rigid 26 - 28 t_Euro IV,,,-0.02,1,12,86,8.06E-06,-0.004526801,0.362557336,-2.516899386,-0.003149019,0.302691019,-1.631238391,0,1,1,1 
HDVD_40,Heavy Duty Trucks_Diesel_Rigid 26 - 28 t_Euro IV,,,0,0,12,86,-9.54E-06,0.006879486,0.765476716,3.557076798,-0.002340432,0.740001465,7.504198366,0,1,1,1 
HDVD_40,Heavy Duty Trucks_Diesel_Rigid 26 - 28 t_Euro IV,,,0,0.5,12,86,-3.77E-05,-6.81E-05,0.337156034,1.465346781,-0.002508202,0.203353813,3.539334758,0,1,1,1 
HDVD_40,Heavy Duty Trucks_Diesel_Rigid 26 - 28 t_Euro IV,,,0,1,12,86,1.01E-14,3.35E-13,0.494105033,2.00E-10,-0.001115337,0.248130863,2.698199335,0,1,1,1 
HDVD_40,Heavy Duty Trucks_Diesel_Rigid 26 - 28 t_Euro IV,,,0.02,0,12,86,1.77E-05,0.005392084,0.368179035,1.521871475,-0.00100761,0.287031739,3.371234376,0,1,1,1 
HDVD_40,Heavy Duty Trucks_Diesel_Rigid 26 - 28 t_Euro IV,,,0.02,0.5,12,86,-5.58E-05,0.009998437,0.681059726,1.563452968,-0.001654381,0.331339377,5.371333492,0,1,1,1 
HDVD_40,Heavy Duty Trucks_Diesel_Rigid 26 - 28 t_Euro IV,,,0.02,1,12,86,-7.77E-05,0.035000526,0.836950387,0.762249116,0.003442837,0.475302356,5.021740594,0,1,1,1 
HDVD_40,Heavy Duty Trucks_Diesel_Rigid 26 - 28 t_Euro IV,,,0.04,0,12,86,0.030683433,0.065451191,-3.866208691,-0.407746065,0.589680351,-5.79463394,-1.938401069,0,1,1,1 
HDVD_40,Heavy Duty Trucks_Diesel_Rigid 26 - 28 t_Euro IV,,,0.04,0.5,12,83,-5.20E-05,-0.000319725,0.567267533,-0.538763263,-0.001125614,0.109066106,3.020825098,0,1,1,1 
HDVD_40,Heavy Duty Trucks_Diesel_Rigid 26 - 28 t_Euro IV,,,0.04,1,12,66,-6.43E-05,0.034886496,0.95594953,1.260786727,0.003877355,0.449170417,4.1202077,0,1,1,1 
HDVD_40,Heavy Duty Trucks_Diesel_Rigid 26 - 28 t_Euro IV,,,0.06,0,12,86,-0.000444345,0.037461789,0.724305304,-2.786717189,-0.005361221,0.628269018,0.992257145,0,1,1,1 
HDVD_40,Heavy Duty Trucks_Diesel_Rigid 26 - 28 t_Euro IV,,,0.06,0.5,12,64,6.43E-05,-0.006969201,0.514088281,0.047303306,0.000347278,0.019469639,2.709705256,0,1,1,1 
HDVD_40,Heavy Duty Trucks_Diesel_Rigid 26 - 28 t_Euro IV,,,0.06,1,12,49,-3.00E-15,1.10E-14,1.915136317,-2.54E-11,-0.004686891,0.608182901,4.935210715,0,1,1,1 
HDVD_40,Heavy Duty Trucks_Diesel_Rigid 26 - 28 t_Euro IV,,,-0.06,0,12,86,-1.23E-05,0.008299366,0.769661957,-2.42094151,0.033773778,0.847489209,1.211668136,0,1,1,1 
HDVD_40,Heavy Duty Trucks_Diesel_Rigid 26 - 28 t_Euro IV,,,-0.06,0.5,12,86,-1.57E-05,0.010611524,0.975589472,-3.113154593,0.042838591,1.0859543,1.881474327,0,1,1,1 
HDVD_40,Heavy Duty Trucks_Diesel_Rigid 26 - 28 t_Euro IV,,,-0.06,1,12,86,-1.65E-05,0.010002118,1.012681098,-3.505454157,0.043094864,1.029883455,2.961471854,0,1,1,1 
HDVD_40,Heavy Duty Trucks_Diesel_Rigid 26 - 28 t_Euro IV,,,-0.04,0,12,86,5.46E-06,-0.001789288,0.173697625,0.962044359,-0.000431448,0.187907059,2.574635438,0,1,1,1 
HDVD_40,Heavy Duty Trucks_Diesel_Rigid 26 - 28 t_Euro IV,,,-0.04,1,12,86,-0.000218671,0.041244063,-0.851314188,5.714123405,0.046479857,-1.084559348,8.11902293,0,1,1,1 
HDVD_40,Heavy Duty Trucks_Diesel_Rigid 26 - 28 t_Euro IV,,,-0.02,0,12,86,-5.37E-06,0.028166672,1.249267364,-2.107986214,0.034239385,1.417835257,2.037489642,0,1,1,1 
HDVD_40,Heavy Duty Trucks_Diesel_Rigid 26 - 28 t_Euro IV,,,-0.02,1,12,86,8.06E-06,-0.004526801,0.362557336,-2.516899386,-0.003149019,0.302691019,-1.631238391,0,1,1,1 
HDVD_40,Heavy Duty Trucks_Diesel_Rigid 26 - 28 t_Euro IV,,,0,0,12,86,-9.54E-06,0.006879486,0.765476716,3.557076798,-0.002340432,0.740001465,7.504198366,0,1,1,1 
HDVD_40,Heavy Duty Trucks_Diesel_Rigid 26 - 28 t_Euro IV,,,0,1,12,86,1.01E-14,3.35E-13,0.494105033,2.00E-10,-0.001115337,0.248130863,2.698199335,0,1,1,1 
HDVD_40,Heavy Duty Trucks_Diesel_Rigid 26 - 28 t_Euro IV,,,0.02,0,12,86,1.77E-05,0.005392084,0.368179035,1.521871475,-0.00100761,0.287031739,3.371234376,0,1,1,1 
HDVD_40,Heavy Duty Trucks_Diesel_Rigid 26 - 28 t_Euro IV,,,0.02,1,12,86,-7.77E-05,0.035000526,0.836950387,0.762249116,0.003442837,0.475302356,5.021740594,0,1,1,1 
HDVD_40,Heavy Duty Trucks_Diesel_Rigid 26 - 28 t_Euro IV,,,0.04,0,12,86,0.030683433,0.065451191,-3.866208691,-0.407746065,0.589680351,-5.79463394,-1.938401069,0,1,1,1 
HDVD_40,Heavy Duty Trucks_Diesel_Rigid 26 - 28 t_Euro IV,,,0.04,1,12,66,-6.43E-05,0.034886496,0.95594953,1.260786727,0.003877355,0.449170417,4.1202077,0,1,1,1 
HDVD_40,Heavy Duty Trucks_Diesel_Rigid 26 - 28 t_Euro IV,,,0.06,0,12,86,-0.000444345,0.037461789,0.724305304,-2.786717189,-0.005361221,0.628269018,0.992257145,0,1,1,1 
HDVD_40,Heavy Duty Trucks_Diesel_Rigid 26 - 28 t_Euro IV,,,0.06,0.5,12,64,6.43E-05,-0.006969201,0.514088281,0.047303306,0.000347278,0.019469639,2.709705256,0,1,1,1 
HDVD_40,Heavy Duty Trucks_Diesel_Rigid 26 - 28 t_Euro IV,,,0.06,1,12,49,-3.00E-15,1.10E-14,1.915136317,-2.54E-11,-0.004686891,0.608182901,4.935210715,0,1,1,1 
HDVD_41,Heavy Duty Trucks_Diesel_Rigid 26 - 28 t_Euro V,SCR,,-0.06,0,10,85,-0.001255482,0.120721631,-0.657373521,1.265697227,0.175017481,-1.242226568,3.159529543,0,1,1,1 
HDVD_41,Heavy Duty Trucks_Diesel_Rigid 26 - 28 t_Euro V,SCR,,-0.06,0.5,10,85,-0.000723471,0.071029046,-0.392747001,0.702749203,0.106320918,-0.743611321,1.727275687,0,1,1,1 
HDVD_41,Heavy Duty Trucks_Diesel_Rigid 26 - 28 t_Euro V,SCR,,-0.06,1,10,85,-0.005721112,0.527388327,0.883428426,0.543129935,0.873155689,0.149550898,0.554436415,0,1,1,1 
HDVD_41,Heavy Duty Trucks_Diesel_Rigid 26 - 28 t_Euro V,SCR,,-0.04,0,10,85,-0.008256819,0.814131259,-0.590081061,0.117011737,0.849510537,0.480182723,0.715471649,0,1,1,1 
HDVD_41,Heavy Duty Trucks_Diesel_Rigid 26 - 28 t_Euro V,SCR,,-0.04,0.5,10,85,-0.002250577,0.259313851,-1.263024577,2.123978264,0.303887889,-1.763314112,4.200180889,0,1,1,1 
HDVD_41,Heavy Duty Trucks_Diesel_Rigid 26 - 28 t_Euro V,SCR,,-0.04,1,10,85,-0.002310245,0.260134797,-1.230322689,1.987377335,0.294028102,-1.638537453,3.860686692,0,1,1,1 
HDVD_41,Heavy Duty Trucks_Diesel_Rigid 26 - 28 t_Euro V,SCR,,-0.02,0,10,85,0.000102776,0.169207384,-0.733681323,1.434634289,0.188490721,-0.924001732,2.581493151,0,1,1,1 
HDVD_41,Heavy Duty Trucks_Diesel_Rigid 26 - 28 t_Euro V,SCR,,-0.02,0.5,10,85,-0.00146426,0.348101659,-1.401912201,1.995528645,0.298117782,-0.979328852,2.068327292,0,1,1,1 
HDVD_41,Heavy Duty Trucks_Diesel_Rigid 26 - 28 t_Euro V,SCR,,-0.02,1,10,85,-0.002106056,0.386183384,-1.403617723,1.815373257,0.292669173,-0.692707997,1.614203711,0,1,1,1 
HDVD_41,Heavy Duty Trucks_Diesel_Rigid 26 - 28 t_Euro V,SCR,,0,0,10,85,0.004002259,0.143544308,-0.582797679,1.483040525,0.194714505,-0.958454973,3.064609823,0,1,1,1 
HDVD_41,Heavy Duty Trucks_Diesel_Rigid 26 - 28 t_Euro V,SCR,,0,0.5,10,85,0.006828785,0.320667336,-1.147466565,1.777662878,0.318194927,-0.950002987,2.26779821,0,1,1,1 
HDVD_41,Heavy Duty Trucks_Diesel_Rigid 26 - 28 t_Euro V,SCR,,0,1,10,85,0.007760275,0.47512979,-1.452848522,1.630276549,0.374361892,-0.481827122,0.79061284,0,1,1,1 
HDVD_41,Heavy Duty Trucks_Diesel_Rigid 26 - 28 t_Euro V,SCR,,0.02,0,10,85,0.013540544,0.292668461,-1.544502601,1.217344008,0.356323778,-1.236906679,-0.113598938,0,1,1,1 
HDVD_41,Heavy Duty Trucks_Diesel_Rigid 26 - 28 t_Euro V,SCR,,0.02,0.5,10,85,0.016483106,0.380764219,-1.265413682,1.440974001,0.364599892,-0.744878522,0.984265083,0,1,1,1 
HDVD_41,Heavy Duty Trucks_Diesel_Rigid 26 - 28 t_Euro V,SCR,,0.02,1,10,85,-0.0002153,0.066847204,1.842518362,-0.714916838,2.52E-05,1.249139535,2.771064413,0,1,1,1 
HDVD_41,Heavy Duty Trucks_Diesel_Rigid 26 - 28 t_Euro V,SCR,,0.04,0,10,85,-0.000960073,0.06329712,1.790884156,-1.573809044,-0.018117006,1.571764268,1.021780276,0,1,1,1 
HDVD_41,Heavy Duty Trucks_Diesel_Rigid 26 - 28 t_Euro V,SCR,,0.04,0.5,10,85,-0.000972937,0.134986347,1.545867078,-1.405850558,0.000278065,1.49401785,0.458555791,0,1,1,1 
HDVD_41,Heavy Duty Trucks_Diesel_Rigid 26 - 28 t_Euro V,SCR,,0.04,1,10,60,-0.000167225,0.264788682,1.842469048,-1.666625026,0.040229871,1.853373392,0.211997117,0,1,1,1 
HDVD_41,Heavy Duty Trucks_Diesel_Rigid 26 - 28 t_Euro V,SCR,,0.06,0,10,85,-0.000847328,0.098090662,1.448802242,-1.018677708,-0.005186995,1.287737685,1.124883766,0,1,1,1 
HDVD_41,Heavy Duty Trucks_Diesel_Rigid 26 - 28 t_Euro V,SCR,,0.06,0.5,10,65,0.001288759,0.320086971,1.121106568,-0.977067917,0.069702683,1.516476368,1.25E-08,0,1,1,1 
HDVD_41,Heavy Duty Trucks_Diesel_Rigid 26 - 28 t_Euro V,SCR,,0.06,1,10,45,0.00026243,-0.019835146,0.84496082,1.263012083,-0.001384601,0.10583567,2.737436956,0,1,1,1 
HDVD_41,Heavy Duty Trucks_Diesel_Rigid 26 - 28 t_Euro V,EGR,,-0.06,0,10,75,-0.000913422,0.075385994,-0.236018237,0.436942511,0.130144964,-0.724583845,2.899819302,0,1,1,1 
HDVD_41,Heavy Duty Trucks_Diesel_Rigid 26 - 28 t_Euro V,EGR,,-0.06,0.5,10,80,-0.000826806,0.069263897,-0.171460839,0.384996989,0.148218819,-0.975084691,4.278955058,0,1,1,1 
HDVD_41,Heavy Duty Trucks_Diesel_Rigid 26 - 28 t_Euro V,EGR,,-0.06,1,10,80,-0.000656564,0.056989896,-0.110231958,0.324628867,0.143222045,-1.061781529,4.915074538,0,1,1,1 
HDVD_41,Heavy Duty Trucks_Diesel_Rigid 26 - 28 t_Euro V,EGR,,-0.04,0,10,85,-0.006939741,0.614746222,-0.778493132,0.109788492,0.567529717,1.417691905,0.069640853,0,1,1,1 
HDVD_41,Heavy Duty Trucks_Diesel_Rigid 26 - 28 t_Euro V,EGR,,-0.04,0.5,10,85,-0.002302184,0.215730875,-0.714536649,1.042635524,0.240955667,-0.870538912,3.915003451,0,1,1,1 
HDVD_41,Heavy Duty Trucks_Diesel_Rigid 26 - 28 t_Euro V,EGR,,-0.04,1,10,80,-0.007459813,0.614330083,-0.948168538,0.034842618,0.553620185,1.438206444,0.040654086,0,1,1,1 
HDVD_41,Heavy Duty Trucks_Diesel_Rigid 26 - 28 t_Euro V,EGR,,-0.02,0,10,85,0.000359569,0.099035702,0.442164953,0.585715035,0.125085387,-0.187613694,6.315790674,0,1,1,1 
HDVD_41,Heavy Duty Trucks_Diesel_Rigid 26 - 28 t_Euro V,EGR,,-0.02,0.5,10,85,-0.00223545,0.364311144,-1.176745932,1.567008643,0.263451614,-0.120012802,1.470337928,0,1,1,1 
HDVD_41,Heavy Duty Trucks_Diesel_Rigid 26 - 28 t_Euro V,EGR,,-0.02,1,10,85,-0.004279393,0.534780723,-0.578210964,0.022954103,0.311871029,1.694955201,0.130573685,0,1,1,1 
HDVD_41,Heavy Duty Trucks_Diesel_Rigid 26 - 28 t_Euro V,EGR,,0,0,10,85,0.002175966,0.194896569,0.232500334,0.418667701,0.156798575,0.267812319,3.508407636,0,1,1,1 
HDVD_41,Heavy Duty Trucks_Diesel_Rigid 26 - 28 t_Euro V,EGR,,0,0.5,10,85,0.001778642,0.183856228,0.253372225,0.335401055,0.124662535,0.37318518,3.102536839,0,1,1,1 
HDVD_41,Heavy Duty Trucks_Diesel_Rigid 26 - 28 t_Euro V,EGR,,0,1,10,85,0.001512668,0.232737006,0.180026086,0.276490568,0.121652551,0.652136444,2.452204264,0,1,1,1 
HDVD_41,Heavy Duty Trucks_Diesel_Rigid 26 - 28 t_Euro V,EGR,,0.02,0,10,85,-0.000199146,0.002003988,1.528445439,-1.193893731,-0.010108788,0.883722873,3.03690295,0,1,1,1 
HDVD_41,Heavy Duty Trucks_Diesel_Rigid 26 - 28 t_Euro V,EGR,,0.02,0.5,10,85,0.002292991,0.065873953,0.483041069,0.070731748,0.054377799,0.140179842,2.513347286,0,1,1,1 
HDVD_41,Heavy Duty Trucks_Diesel_Rigid 26 - 28 t_Euro V,EGR,,0.02,1,10,85,-2.06E-05,0.003498427,1.149734932,-0.540860147,-0.003206844,0.426459699,3.118955864,0,1,1,1 
HDVD_41,Heavy Duty Trucks_Diesel_Rigid 26 - 28 t_Euro V,EGR,,0.04,0,10,85,0.001975923,0.032478938,0.472576459,-0.107759497,0.039685479,0.061081993,1.994327419,0,1,1,1 
HDVD_41,Heavy Duty Trucks_Diesel_Rigid 26 - 28 t_Euro V,EGR,,0.04,0.5,10,85,0.048662249,0.934768861,-1.108221893,-0.318923604,0.724175954,0.530086614,-0.027026317,0,1,1,1 
HDVD_41,Heavy Duty Trucks_Diesel_Rigid 26 - 28 t_Euro V,EGR,,0.04,1,10,65,-0.000364902,0.004717903,1.333734689,-0.51311659,-0.006475465,0.383160612,3.412379638,0,1,1,1 
HDVD_41,Heavy Duty Trucks_Diesel_Rigid 26 - 28 t_Euro V,EGR,,0.06,0,10,85,0.000770885,0.003442391,1.159703904,-0.800082659,0.00623873,0.384939795,2.63306944,0,1,1,1 
HDVD_41,Heavy Duty Trucks_Diesel_Rigid 26 - 28 t_Euro V,EGR,,0.06,0.5,10,60,-0.001551552,0.10293172,1.52283245,-1.71164833,-0.012356238,1.138750816,1.272242608,0,1,1,1 
HDVD_41,Heavy Duty Trucks_Diesel_Rigid 26 - 28 t_Euro V,EGR,,0.06,1,10,45,-0.000602879,-0.008472938,2.052888686,-0.82245788,-0.010403698,0.440624567,4.713140384,0,1,1,1 
HDVD_42,Heavy Duty Trucks_Diesel_Rigid 26 - 28 t_Euro VI,,,-0.06,0,10,70,-4.02E-05,0.003682867,-0.06240949,0.332044734,0.032155647,-0.638281323,3.550985056,0,1,1,1 
HDVD_42,Heavy Duty Trucks_Diesel_Rigid 26 - 28 t_Euro VI,,,-0.06,0.5,10,65,-4.15E-05,0.003740301,-0.06420813,0.329052007,0.035033233,-0.705585138,3.763647167,0,1,1,1 
HDVD_42,Heavy Duty Trucks_Diesel_Rigid 26 - 28 t_Euro VI,,,-0.06,1,10,65,-4.22E-05,0.003792763,-0.064914805,0.334566317,0.038033862,-0.757411323,4.022570065,0,1,1,1 
HDVD_42,Heavy Duty Trucks_Diesel_Rigid 26 - 28 t_Euro VI,,,-0.04,0,10,85,-0.00172269,0.161308195,0.038191798,0.173592255,1.490578137,0.472276371,0.35311156,0,1,1,1 
HDVD_42,Heavy Duty Trucks_Diesel_Rigid 26 - 28 t_Euro VI,,,-0.04,0.5,10,85,-0.00176209,0.151605629,0.036435343,0.300668538,1.455656529,0.473039529,0.338075869,0,1,1,1 
HDVD_42,Heavy Duty Trucks_Diesel_Rigid 26 - 28 t_Euro VI,,,-0.04,1,10,75,-0.002211486,0.171894777,-0.046421815,0.129718246,1.509711717,0.454521486,0.354769303,0,1,1,1 
HDVD_42,Heavy Duty Trucks_Diesel_Rigid 26 - 28 t_Euro VI,,,-0.02,0,10,85,1.75E-06,-0.000433857,0.01925732,0.836463115,-0.002270098,0.135206534,6.99131844,0,1,1,1 
HDVD_42,Heavy Duty Trucks_Diesel_Rigid 26 - 28 t_Euro VI,,,-0.02,0.5,10,85,-0.001366601,0.217098296,-0.11445172,-0.064873938,1.544375836,0.410801738,0.386400934,0,1,1,1 
HDVD_42,Heavy Duty Trucks_Diesel_Rigid 26 - 28 t_Euro VI,,,-0.02,1,10,85,-0.001665863,0.225048361,-0.122477267,-0.423548902,1.554225264,0.343556758,0.43689413,0,1,1,1 
HDVD_42,Heavy Duty Trucks_Diesel_Rigid 26 - 28 t_Euro VI,,,0,0,10,85,-6.28E-07,-0.00014565,0.01330297,0.514042475,-0.000852487,0.03387097,4.055658524,0,1,1,1 
HDVD_42,Heavy Duty Trucks_Diesel_Rigid 26 - 28 t_Euro VI,,,0,0.5,10,85,0.00166533,0.192820572,-0.16635552,0.671905852,1.278148522,0.492688038,0.299451585,0,1,1,1 
HDVD_42,Heavy Duty Trucks_Diesel_Rigid 26 - 28 t_Euro VI,,,0,1,10,85,0.002437633,0.201797427,0.265372814,-1.173603098,1.488412533,0.146019993,0.552034356,0,1,1,1 
HDVD_42,Heavy Duty Trucks_Diesel_Rigid 26 - 28 t_Euro VI,,,0.02,0,10,85,0.003451538,0.210706712,0.030479591,0.138457773,1.480038692,0.465116766,0.373385901,0,1,1,1 
HDVD_42,Heavy Duty Trucks_Diesel_Rigid 26 - 28 t_Euro VI,,,0.02,0.5,10,85,-8.68E-06,-0.000311441,0.083206632,1.367573869,-0.004058689,0.248820495,10.41520682,0,1,1,1 
HDVD_42,Heavy Duty Trucks_Diesel_Rigid 26 - 28 t_Euro VI,,,0.02,1,10,85,0.002927271,0.186870149,-0.221040176,0.900328477,1.034802993,0.747123523,0.249239439,0,1,1,1 
HDVD_42,Heavy Duty Trucks_Diesel_Rigid 26 - 28 t_Euro VI,,,0.04,0,10,85,7.66E-05,0.013590423,0.307132975,-0.050161783,0.035476685,2.14033697,0.000114801,0,1,1,1 
HDVD_42,Heavy Duty Trucks_Diesel_Rigid 26 - 28 t_Euro VI,,,0.04,0.5,10,85,0.000597231,0.046482466,0.286393542,0.039140499,0.189976053,2.294970662,0.317185278,0,1,1,1 
HDVD_42,Heavy Duty Trucks_Diesel_Rigid 26 - 28 t_Euro VI,,,0.04,1,10,70,0.00010781,0.02916684,0.331043426,0.031301595,0.05924285,2.483147588,0.444415538,0,1,1,1 
HDVD_42,Heavy Duty Trucks_Diesel_Rigid 26 - 28 t_Euro VI,,,0.06,0,10,85,0.000529554,0.041029509,0.276312309,0.020679045,0.172828934,2.109850681,0.319760619,0,1,1,1 
HDVD_42,Heavy Duty Trucks_Diesel_Rigid 26 - 28 t_Euro VI,,,0.06,0.5,10,65,0.000190832,0.033873991,0.315570384,-0.035469797,0.080333498,2.389291991,0.00843414,0,1,1,1 
HDVD_42,Heavy Duty Trucks_Diesel_Rigid 26 - 28 t_Euro VI,,,0.06,1,10,50,0.000277481,0.050844096,0.410273348,0.005096742,0.112538488,3.053861912,0.412503044,0,1,1,1 
HDVD_43,Heavy Duty Trucks_Diesel_Rigid 28 - 32 t_Conventional,,,-0.06,0,12,86,1.24E-05,-0.004673586,0.342155468,2.671170458,-0.000256158,0.025216663,0.356851288,0,1,1,1 
HDVD_43,Heavy Duty Trucks_Diesel_Rigid 28 - 32 t_Conventional,,,-0.06,0.5,12,86,1.19E-05,-0.004272583,0.324801859,2.388731268,-0.000215703,0.023282145,0.331935114,0,1,1,1 
HDVD_43,Heavy Duty Trucks_Diesel_Rigid 28 - 32 t_Conventional,,,-0.06,1,12,86,-2.53E-05,0.024401047,2.617097946,-0.885336501,0.003853352,0.172923221,0.805466828,0,1,1,1 
HDVD_43,Heavy Duty Trucks_Diesel_Rigid 28 - 32 t_Conventional,,,-0.04,0,12,86,1.25E-05,-0.004582086,0.340345406,2.565342577,-0.00021533,0.02204725,0.315958938,0,1,1,1 
HDVD_43,Heavy Duty Trucks_Diesel_Rigid 28 - 32 t_Conventional,,,-0.04,0.5,12,86,7.94E-05,-0.011945433,3.253655954,3.455593087,0.001320661,0.168905745,1.580500968,0,1,1,1 
HDVD_43,Heavy Duty Trucks_Diesel_Rigid 28 - 32 t_Conventional,,,-0.04,1,12,86,8.02E-05,-0.012414503,2.01529674,1.727852957,0.000791261,0.083701822,1.07681792,0,1,1,1 
HDVD_43,Heavy Duty Trucks_Diesel_Rigid 28 - 32 t_Conventional,,,-0.02,0,12,86,0.000146131,-0.001087576,1.402997951,3.718460876,0.000576865,0.080016101,0.68251243,0,1,1,1 
HDVD_43,Heavy Duty Trucks_Diesel_Rigid 28 - 32 t_Conventional,,,-0.02,0.5,12,86,-1.05E-05,0.035923378,2.330590368,-0.33165279,0.002507289,0.14077843,0.639878509,0,1,1,1 
HDVD_43,Heavy Duty Trucks_Diesel_Rigid 28 - 32 t_Conventional,,,-0.02,1,12,86,0.000105752,-0.011220376,1.164192709,1.968363351,0.000343071,0.026605275,0.766756706,0,1,1,1 
HDVD_43,Heavy Duty Trucks_Diesel_Rigid 28 - 32 t_Conventional,,,0,0,12,86,-5.55E-06,0.002818821,0.475060701,2.654320172,-9.88E-05,0.032222612,0.29341353,0,1,1,1 
HDVD_43,Heavy Duty Trucks_Diesel_Rigid 28 - 32 t_Conventional,,,0,0.5,12,86,0.000255793,-0.003347399,1.073411671,2.241108799,0.000576253,0.027514076,0.684752414,0,1,1,1 
HDVD_43,Heavy Duty Trucks_Diesel_Rigid 28 - 32 t_Conventional,,,0,1,12,86,0.000336609,-0.00809289,0.141305493,4.435325647,0.000913632,-0.032306316,0.627182515,0,1,1,1 
HDVD_43,Heavy Duty Trucks_Diesel_Rigid 28 - 32 t_Conventional,,,0.02,0,12,86,7.39E-06,0.00599958,0.596350315,3.01715385,-0.000112426,0.036941776,0.355471101,0,1,1,1 
HDVD_43,Heavy Duty Trucks_Diesel_Rigid 28 - 32 t_Conventional,,,0.02,0.5,12,86,2.54E-15,-2.49E-14,2.467211662,5.57E-11,-0.000520793,0.083458455,0.985665809,0,1,1,1 
HDVD_43,Heavy Duty Trucks_Diesel_Rigid 28 - 32 t_Conventional,,,0.02,1,12,80,0.000662652,-0.015252323,2.198440943,1.8617798,0.00083962,0.01367674,1.24833396,0,1,1,1 
HDVD_43,Heavy Duty Trucks_Diesel_Rigid 28 - 32 t_Conventional,,,0.04,0,12,86,0.001356994,0.281824373,2.466493228,-2.47684176,0.004315436,0.441520716,-1.366885397,0,1,1,1 
HDVD_43,Heavy Duty Trucks_Diesel_Rigid 28 - 32 t_Conventional,,,0.04,0.5,12,66,2.64E-17,1.61E-16,3.64906268,2.36E-13,-0.000805924,0.096346198,1.421865514,0,1,1,1 
HDVD_43,Heavy Duty Trucks_Diesel_Rigid 28 - 32 t_Conventional,,,0.04,1,12,54,0.000595561,-0.019870344,3.182311858,1.166056304,0.000496241,0.018055118,1.481013447,0,1,1,1 
HDVD_43,Heavy Duty Trucks_Diesel_Rigid 28 - 32 t_Conventional,,,0.06,0,12,78,1.38E-05,0.014790141,0.974603119,3.399898618,-0.00015581,0.046257529,0.512817479,0,1,1,1 
HDVD_43,Heavy Duty Trucks_Diesel_Rigid 28 - 32 t_Conventional,,,0.06,0.5,12,51,-0.000337294,0.184705098,3.82602606,2.645002118,0.001056568,0.158688728,1.641776107,0,1,1,1 
HDVD_43,Heavy Duty Trucks_Diesel_Rigid 28 - 32 t_Conventional,,,0.06,1,12,40,0.000701434,-0.008209631,2.526267006,1.072552212,0.000442451,0.021623396,0.884879521,0,1,1,1 
HDVD_44,Heavy Duty Trucks_Diesel_Rigid 28 - 32 t_Euro I,,,-0.06,0,12,86,4.92E-06,-0.002220932,0.32911169,2.495029093,6.28E-05,0.032692468,0.281864336,0,1,1,1 
HDVD_44,Heavy Duty Trucks_Diesel_Rigid 28 - 32 t_Euro I,,,-0.06,0.5,12,86,5.66E-06,-0.00242482,0.339282514,2.500517771,5.23E-05,0.034790153,0.310426716,0,1,1,1 
HDVD_44,Heavy Duty Trucks_Diesel_Rigid 28 - 32 t_Euro I,,,-0.06,1,12,86,5.58E-06,-0.00245653,0.355585467,2.65041402,5.77E-05,0.037107425,0.325619523,0,1,1,1 
HDVD_44,Heavy Duty Trucks_Diesel_Rigid 28 - 32 t_Euro I,,,-0.04,0,12,86,2.90E-06,-0.001895896,0.429137667,3.453453875,7.50E-05,0.040112829,0.318788359,0,1,1,1 
HDVD_44,Heavy Duty Trucks_Diesel_Rigid 28 - 32 t_Euro I,,,-0.04,0.5,12,86,7.82E-06,-0.002762221,0.301668703,1.885075199,-2.14E-06,0.02338604,0.262705123,0,1,1,1 
HDVD_44,Heavy Duty Trucks_Diesel_Rigid 28 - 32 t_Euro I,,,-0.04,1,12,86,1.27E-05,-0.004080211,0.390969207,1.997855521,9.12E-06,0.025470238,0.35132355,0,1,1,1 
HDVD_44,Heavy Duty Trucks_Diesel_Rigid 28 - 32 t_Euro I,,,-0.02,0,12,86,7.76E-05,0.052367774,0.994334684,-3.845729714,0.003011482,0.144148736,-0.768884986,0,1,1,1 
HDVD_44,Heavy Duty Trucks_Diesel_Rigid 28 - 32 t_Euro I,,,-0.02,0.5,12,86,0.000123912,0.007973826,2.188422076,2.49519519,0.001692532,0.155961393,0.729677517,0,1,1,1 
HDVD_44,Heavy Duty Trucks_Diesel_Rigid 28 - 32 t_Euro I,,,-0.02,1,12,86,1.78E-05,-0.003066668,1.187137127,1.444765964,0.000327789,0.065208116,0.591373479,0,1,1,1 
HDVD_44,Heavy Duty Trucks_Diesel_Rigid 28 - 32 t_Euro I,,,0,0,12,86,-3.44E-06,0.001725545,0.49050387,3.189069479,-0.000108992,0.040832746,0.336895148,0,1,1,1 
HDVD_44,Heavy Duty Trucks_Diesel_Rigid 28 - 32 t_Euro I,,,0,0.5,12,86,1.26E-18,1.94E-16,3.370527251,-2.57E-13,-0.00130992,0.245105246,0.754865999,0,1,1,1 
HDVD_44,Heavy Duty Trucks_Diesel_Rigid 28 - 32 t_Euro I,,,0,1,12,86,0.000251975,-0.008305762,0.116507857,3.905845531,0.000803691,-0.032530561,0.648125945,0,1,1,1 
HDVD_44,Heavy Duty Trucks_Diesel_Rigid 28 - 32 t_Euro I,,,0.02,0,12,86,5.27E-17,-2.20E-15,3.257891165,7.05E-12,-0.001671164,0.255572015,0.565871487,0,1,1,1 
HDVD_44,Heavy Duty Trucks_Diesel_Rigid 28 - 32 t_Euro I,,,0.02,0.5,12,86,0.000322371,-0.021010722,0.691867229,2.419639869,0.000436133,-0.018232717,0.854399971,0,1,1,1 
HDVD_44,Heavy Duty Trucks_Diesel_Rigid 28 - 32 t_Euro I,,,0.02,1,12,81,0.000557697,-0.024394184,0.91380382,2.722598412,0.000803796,-0.025250182,1.01585268,0,1,1,1 
HDVD_44,Heavy Duty Trucks_Diesel_Rigid 28 - 32 t_Euro I,,,0.04,0,12,86,2.19E-18,-2.06E-16,4.354885817,5.95E-13,-0.002560472,0.304063219,1.087700584,0,1,1,1 
HDVD_44,Heavy Duty Trucks_Diesel_Rigid 28 - 32 t_Euro I,,,0.04,0.5,12,68,0.004657316,0.615055445,2.841895001,2.363583859,0.007954303,0.881298383,-1.867688157,0,1,1,1 
HDVD_44,Heavy Duty Trucks_Diesel_Rigid 28 - 32 t_Euro I,,,0.04,1,12,56,-6.42E-18,5.49E-15,2.603944489,-6.05E-14,-0.000259226,0.038842692,1.468938711,0,1,1,1 
HDVD_44,Heavy Duty Trucks_Diesel_Rigid 28 - 32 t_Euro I,,,0.06,0,12,80,0.000114548,0.014623781,1.104131543,6.704874911,-0.000326029,0.073536094,0.984641831,0,1,1,1 
HDVD_44,Heavy Duty Trucks_Diesel_Rigid 28 - 32 t_Euro I,,,0.06,0.5,12,54,-0.000163512,-0.005367841,1.02811206,3.780333665,-0.000238256,0.000706827,1.012248921,0,1,1,1 
HDVD_44,Heavy Duty Trucks_Diesel_Rigid 28 - 32 t_Euro I,,,0.06,1,12,41,0.001094809,0.211441076,3.327747199,2.777141443,0.00151107,0.167052013,1.614871927,0,1,1,1 
HDVD_45,Heavy Duty Trucks_Diesel_Rigid 28 - 32 t_Euro II,,,-0.06,0,12,86,-8.06E-06,0.015548559,1.251220799,-0.172446042,0.006190674,0.360388872,2.241718574,0,1,1,1 
HDVD_45,Heavy Duty Trucks_Diesel_Rigid 28 - 32 t_Euro II,,,-0.06,0.5,12,86,-2.45E-05,0.014107637,1.034265186,-4.569742947,0.007065031,0.15744564,1.342679086,0,1,1,1 
HDVD_45,Heavy Duty Trucks_Diesel_Rigid 28 - 32 t_Euro II,,,-0.06,1,12,86,-2.84E-05,0.014143552,1.256974156,-5.715855529,0.007724942,0.156229881,1.458280723,0,1,1,1 
HDVD_45,Heavy Duty Trucks_Diesel_Rigid 28 - 32 t_Euro II,,,-0.04,0,12,86,-0.000203782,0.050693252,-0.305772344,-3.125096196,0.010081979,0.067592959,-2.204994348,0,1,1,1 
HDVD_45,Heavy Duty Trucks_Diesel_Rigid 28 - 32 t_Euro II,,,-0.04,0.5,12,86,-3.65E-05,0.017672232,1.361964591,-6.602164452,0.007854338,0.146471564,1.748662292,0,1,1,1 
HDVD_45,Heavy Duty Trucks_Diesel_Rigid 28 - 32 t_Euro II,,,-0.04,1,12,86,-1.84E-05,0.005422295,0.819088063,-4.501566724,0.003744037,0.039197946,0.951445803,0,1,1,1 
HDVD_45,Heavy Duty Trucks_Diesel_Rigid 28 - 32 t_Euro II,,,-0.02,0,12,86,-1.08E-17,-1.92E-16,1.891877482,-8.91E-13,-0.002207983,0.530804089,1.499254061,0,1,1,1 
HDVD_45,Heavy Duty Trucks_Diesel_Rigid 28 - 32 t_Euro II,,,-0.02,0.5,12,86,0.000165438,-0.010435987,0.620919542,1.932552803,0.001890351,-0.036354223,2.606904621,0,1,1,1 
HDVD_45,Heavy Duty Trucks_Diesel_Rigid 28 - 32 t_Euro II,,,-0.02,1,12,86,-4.89E-05,0.025508442,1.202531606,-6.433136669,0.004957691,0.078918996,1.341084394,0,1,1,1 
HDVD_45,Heavy Duty Trucks_Diesel_Rigid 28 - 32 t_Euro II,,,0,0,12,86,-1.44E-16,8.59E-15,2.972276206,-9.69E-12,-0.005225597,0.637249019,3.239621007,0,1,1,1 
HDVD_45,Heavy Duty Trucks_Diesel_Rigid 28 - 32 t_Euro II,,,0,0.5,12,86,0.000240999,-0.02424405,1.228373325,0.126978071,0.000130921,0.008445913,2.758980801,0,1,1,1 
HDVD_45,Heavy Duty Trucks_Diesel_Rigid 28 - 32 t_Euro II,,,0,1,12,86,0.000172451,-0.019017753,0.991357994,0.026893194,3.26E-05,0.005094405,1.791778773,0,1,1,1 
HDVD_45,Heavy Duty Trucks_Diesel_Rigid 28 - 32 t_Euro II,,,0.02,0,12,86,4.13E-05,0.014850003,0.928056152,3.35467528,-0.00056913,0.166058604,2.049302805,0,1,1,1 
HDVD_45,Heavy Duty Trucks_Diesel_Rigid 28 - 32 t_Euro II,,,0.02,0.5,12,86,0.000550686,-0.045827107,3.28802292,0.634827994,0.000654372,0.016327194,6.296016391,0,1,1,1 
HDVD_45,Heavy Duty Trucks_Diesel_Rigid 28 - 32 t_Euro II,,,0.02,1,12,83,0.000216284,-0.032155163,2.15663943,-1.23E-06,5.57E-08,-0.000434462,3.335110694,0,1,1,1 
HDVD_45,Heavy Duty Trucks_Diesel_Rigid 28 - 32 t_Euro II,,,0.04,0,12,86,0.000719695,0.110916839,-0.320373055,-3.876796565,0.004737598,0.354157261,-3.024984383,0,1,1,1 
HDVD_45,Heavy Duty Trucks_Diesel_Rigid 28 - 32 t_Euro II,,,0.04,0.5,12,75,0.000227273,0.004003,1.297602812,0.409789974,0.000986422,0.027371002,2.217468367,0,1,1,1 
HDVD_45,Heavy Duty Trucks_Diesel_Rigid 28 - 32 t_Euro II,,,0.04,1,12,59,0.00046112,-0.055343113,2.196254381,-0.831192758,0.000363606,-0.046591655,2.795228432,0,1,1,1 
HDVD_45,Heavy Duty Trucks_Diesel_Rigid 28 - 32 t_Euro II,,,0.06,0,12,83,6.63E-14,-3.18E-12,2.293783311,9.29E-10,-0.000859855,0.131746067,3.379961858,0,1,1,1 
HDVD_45,Heavy Duty Trucks_Diesel_Rigid 28 - 32 t_Euro II,,,0.06,0.5,12,58,0.000236756,-0.029910565,1.513656591,-0.033499261,6.24E-05,-0.013829783,2.030133813,0,1,1,1 
HDVD_45,Heavy Duty Trucks_Diesel_Rigid 28 - 32 t_Euro II,,,0.06,1,12,44,0.000350027,-0.040682632,1.902183814,-0.014705837,5.65E-05,-0.011801424,1.908718883,0,1,1,1 
HDVD_46,Heavy Duty Trucks_Diesel_Rigid 28 - 32 t_Euro III,,,-0.06,0,12,86,-0.000254987,0.103234815,1.93501545,0.819770091,0.014998577,0.450409256,0.576829076,0,1,1,1 
HDVD_46,Heavy Duty Trucks_Diesel_Rigid 28 - 32 t_Euro III,,,-0.06,0.5,12,86,-0.000271446,0.084965101,0.551556452,-3.082437969,0.011138658,0.234247275,-0.911539592,0,1,1,1 
HDVD_46,Heavy Duty Trucks_Diesel_Rigid 28 - 32 t_Euro III,,,-0.06,1,12,86,-1.12E-05,0.023109524,1.759101012,-0.278289381,0.004923039,0.278111354,1.540137566,0,1,1,1 
HDVD_46,Heavy Duty Trucks_Diesel_Rigid 28 - 32 t_Euro III,,,-0.04,0,12,86,-0.000175985,0.076163427,1.634330082,1.564395843,0.010481304,0.3351697,0.630824977,0,1,1,1 
HDVD_46,Heavy Duty Trucks_Diesel_Rigid 28 - 32 t_Euro III,,,-0.04,0.5,12,86,-0.000287328,0.083454255,0.114011689,-4.297741125,0.009912037,0.151668434,-1.415099564,0,1,1,1 
HDVD_46,Heavy Duty Trucks_Diesel_Rigid 28 - 32 t_Euro III,,,-0.04,1,12,86,-1.89E-05,0.019030928,2.61318457,-0.268306707,0.005198224,0.308615659,2.818425614,0,1,1,1 
HDVD_46,Heavy Duty Trucks_Diesel_Rigid 28 - 32 t_Euro III,,,-0.02,0,12,86,-2.83E-06,-0.000493147,0.248575592,3.866497806,-0.000123911,0.026130475,0.939310233,0,1,1,1 
HDVD_46,Heavy Duty Trucks_Diesel_Rigid 28 - 32 t_Euro III,,,-0.02,0.5,12,86,0.000102576,0.005161998,2.445689947,2.862096657,0.001834456,0.301192395,2.531290787,0,1,1,1 
HDVD_46,Heavy Duty Trucks_Diesel_Rigid 28 - 32 t_Euro III,,,-0.02,1,12,86,6.33E-05,-0.005055976,1.478215216,1.101094594,0.000798279,0.127779074,1.921722647,0,1,1,1 
HDVD_46,Heavy Duty Trucks_Diesel_Rigid 28 - 32 t_Euro III,,,0,0,12,86,1.67E-15,7.52E-14,2.539247701,1.12E-10,-0.001628403,0.383263945,1.114575911,0,1,1,1 
HDVD_46,Heavy Duty Trucks_Diesel_Rigid 28 - 32 t_Euro III,,,0,0.5,12,86,2.10E-18,3.03E-16,1.986644322,1.43E-13,-0.001349524,0.276064033,1.25463676,0,1,1,1 
HDVD_46,Heavy Duty Trucks_Diesel_Rigid 28 - 32 t_Euro III,,,0,1,12,86,0.000243079,-0.009208062,0.248867241,3.182782726,0.001582854,-0.057300631,1.418380638,0,1,1,1 
HDVD_46,Heavy Duty Trucks_Diesel_Rigid 28 - 32 t_Euro III,,,0.02,0,12,86,0.000280382,0.093854738,0.784903648,-6.70989378,0.006544482,0.371396987,-2.468878989,0,1,1,1 
HDVD_46,Heavy Duty Trucks_Diesel_Rigid 28 - 32 t_Euro III,,,0.02,0.5,12,86,3.16E-15,-1.46E-13,2.588733603,1.29E-10,-0.001913262,0.291728453,2.297751066,0,1,1,1 
HDVD_46,Heavy Duty Trucks_Diesel_Rigid 28 - 32 t_Euro III,,,0.02,1,12,84,1.70E-16,-6.60E-15,2.961104773,3.82E-12,-0.00158396,0.238084646,3.430455947,0,1,1,1 
HDVD_46,Heavy Duty Trucks_Diesel_Rigid 28 - 32 t_Euro III,,,0.04,0,12,86,0.000325649,0.078421024,0.264988108,-4.731526859,0.004577183,0.285566418,-2.350937847,0,1,1,1 
HDVD_46,Heavy Duty Trucks_Diesel_Rigid 28 - 32 t_Euro III,,,0.04,0.5,12,77,0.000396766,0.061997659,-0.176707338,-2.569578156,0.002545903,0.179597726,-1.714537348,0,1,1,1 
HDVD_46,Heavy Duty Trucks_Diesel_Rigid 28 - 32 t_Euro III,,,0.04,1,12,61,-2.63E-05,0.04707201,2.052932941,4.177819536,-0.000839988,0.22171644,2.664969131,0,1,1,1 
HDVD_46,Heavy Duty Trucks_Diesel_Rigid 28 - 32 t_Euro III,,,0.06,0,12,84,1.14E-15,-5.97E-14,1.980038589,5.59E-11,-0.001983875,0.241472498,1.443391256,0,1,1,1 
HDVD_46,Heavy Duty Trucks_Diesel_Rigid 28 - 32 t_Euro III,,,0.06,0.5,12,59,9.34E-05,0.035356204,1.559904241,3.834729716,-0.000809183,0.191598878,2.138542483,0,1,1,1 
HDVD_46,Heavy Duty Trucks_Diesel_Rigid 28 - 32 t_Euro III,,,0.06,1,12,45,0.002151258,0.338673167,-2.742861713,-6.71882379,0.005374558,0.624084781,-6.643781315,0,1,1,1 
HDVD_47,Heavy Duty Trucks_Diesel_Rigid 28 - 32 t_Euro IV,,,-0.06,0,12,86,-1.95E-15,5.23E-13,0.58658414,1.04E-10,0.009598797,0.702154459,5.618616451,0,1,1,1 
HDVD_47,Heavy Duty Trucks_Diesel_Rigid 28 - 32 t_Euro IV,,,-0.06,0.5,12,86,-3.33E-15,8.99E-13,0.499906556,1.74E-10,0.008180548,0.597086242,5.017051056,0,1,1,1 
HDVD_47,Heavy Duty Trucks_Diesel_Rigid 28 - 32 t_Euro IV,,,-0.06,1,12,86,-2.08E-05,0.008000299,-0.59408256,4.937313146,0.010131564,-0.979703896,7.833993003,0,1,1,1 
HDVD_47,Heavy Duty Trucks_Diesel_Rigid 28 - 32 t_Euro IV,,,-0.04,0,12,86,1.41E-05,-0.004271528,0.37466862,1.482095624,-0.000813022,0.311886522,6.003496028,0,1,1,1 
HDVD_47,Heavy Duty Trucks_Diesel_Rigid 28 - 32 t_Euro IV,,,-0.04,0.5,12,86,6.76E-05,-0.02299082,1.626481628,-12.29358403,-0.02001675,1.928511198,-13.0170072,0,1,1,1 
HDVD_47,Heavy Duty Trucks_Diesel_Rigid 28 - 32 t_Euro IV,,,-0.04,1,12,86,6.93E-06,-0.002134775,0.14489847,-1.038968332,-0.001624854,0.155582941,-0.939386513,0,1,1,1 
HDVD_47,Heavy Duty Trucks_Diesel_Rigid 28 - 32 t_Euro IV,,,-0.02,0,12,86,1.94E-06,0.025937937,1.724623584,-2.859331359,0.024667858,1.875380434,5.050271291,0,1,1,1 
HDVD_47,Heavy Duty Trucks_Diesel_Rigid 28 - 32 t_Euro IV,,,-0.02,0.5,12,86,2.12E-06,-0.007333006,0.680583258,-4.650940929,-0.006301659,0.607002243,-3.060611252,0,1,1,1 
HDVD_47,Heavy Duty Trucks_Diesel_Rigid 28 - 32 t_Euro IV,,,-0.02,1,12,86,6.78E-06,-0.005265688,0.441047219,-2.793057055,-0.003425829,0.329180951,-1.328432046,0,1,1,1 
HDVD_47,Heavy Duty Trucks_Diesel_Rigid 28 - 32 t_Euro IV,,,0,0,12,86,-1.91E-05,0.005135052,0.497530453,1.84574956,-0.001647479,0.420926107,5.079136587,0,1,1,1 
HDVD_47,Heavy Duty Trucks_Diesel_Rigid 28 - 32 t_Euro IV,,,0,0.5,12,86,4.59E-18,8.45E-17,0.749993439,6.68E-14,-0.001885753,0.367719276,4.723891481,0,1,1,1 
HDVD_47,Heavy Duty Trucks_Diesel_Rigid 28 - 32 t_Euro IV,,,0,1,12,86,1.25E-14,6.49E-13,0.503503126,2.02E-10,-0.000937982,0.214574247,2.697941977,0,1,1,1 
HDVD_47,Heavy Duty Trucks_Diesel_Rigid 28 - 32 t_Euro IV,,,0.02,0,12,86,0.000192871,0.03650108,0.887633525,1.809459002,0.002232714,0.993119608,5.045660897,0,1,1,1 
HDVD_47,Heavy Duty Trucks_Diesel_Rigid 28 - 32 t_Euro IV,,,0.02,0.5,12,86,5.42E-06,0.022014268,0.650357558,0.770496588,0.001810953,0.35036277,4.452467424,0,1,1,1 
HDVD_47,Heavy Duty Trucks_Diesel_Rigid 28 - 32 t_Euro IV,,,0.02,1,12,84,-0.000170943,0.054560858,0.630714469,0.128606185,0.005326583,0.513160486,2.794395375,0,1,1,1 
HDVD_47,Heavy Duty Trucks_Diesel_Rigid 28 - 32 t_Euro IV,,,0.04,0,12,86,-0.000161406,0.015178913,-0.033404707,-1.374357234,-0.002487238,0.258675371,-2.63983159,0,1,1,1 
HDVD_47,Heavy Duty Trucks_Diesel_Rigid 28 - 32 t_Euro IV,,,0.04,0.5,12,79,-9.83E-05,0.002433422,0.631918794,-1.079607922,-0.001715821,0.166204215,2.291437261,0,1,1,1 
HDVD_47,Heavy Duty Trucks_Diesel_Rigid 28 - 32 t_Euro IV,,,0.04,1,12,62,-0.000140119,0.568378462,0.080424009,0.023979451,0.115700229,2.144508735,0.326193582,0,1,1,1 
HDVD_47,Heavy Duty Trucks_Diesel_Rigid 28 - 32 t_Euro IV,,,0.06,0,12,84,-0.000407987,0.035033634,0.491141391,-2.033341373,-0.004030966,0.483342734,0.378859702,0,1,1,1 
HDVD_47,Heavy Duty Trucks_Diesel_Rigid 28 - 32 t_Euro IV,,,0.06,0.5,12,61,5.12E-05,-0.006970988,0.554872534,0.052081457,0.000401728,0.02358576,2.605237236,0,1,1,1 
HDVD_47,Heavy Duty Trucks_Diesel_Rigid 28 - 32 t_Euro IV,,,0.06,1,12,46,0.000624891,-0.027120098,1.204954706,1.53943807,0.005504132,-0.037684395,5.49302681,0,1,1,1 
HDVD_47,Heavy Duty Trucks_Diesel_Rigid 28 - 32 t_Euro IV,,,-0.06,0,12,86,-1.95E-15,5.23E-13,0.58658414,1.04E-10,0.009598797,0.702154459,5.618616451,0,1,1,1 
HDVD_47,Heavy Duty Trucks_Diesel_Rigid 28 - 32 t_Euro IV,,,-0.06,0.5,12,86,-3.33E-15,8.99E-13,0.499906556,1.74E-10,0.008180548,0.597086242,5.017051056,0,1,1,1 
HDVD_47,Heavy Duty Trucks_Diesel_Rigid 28 - 32 t_Euro IV,,,-0.06,1,12,86,-2.08E-05,0.008000299,-0.59408256,4.937313146,0.010131564,-0.979703896,7.833993003,0,1,1,1 
HDVD_47,Heavy Duty Trucks_Diesel_Rigid 28 - 32 t_Euro IV,,,-0.04,0,12,86,1.41E-05,-0.004271528,0.37466862,1.482095624,-0.000813022,0.311886522,6.003496028,0,1,1,1 
HDVD_47,Heavy Duty Trucks_Diesel_Rigid 28 - 32 t_Euro IV,,,-0.04,1,12,86,6.93E-06,-0.002134775,0.14489847,-1.038968332,-0.001624854,0.155582941,-0.939386513,0,1,1,1 
HDVD_47,Heavy Duty Trucks_Diesel_Rigid 28 - 32 t_Euro IV,,,-0.02,0,12,86,1.94E-06,0.025937937,1.724623584,-2.859331359,0.024667858,1.875380434,5.050271291,0,1,1,1 
HDVD_47,Heavy Duty Trucks_Diesel_Rigid 28 - 32 t_Euro IV,,,-0.02,1,12,86,6.78E-06,-0.005265688,0.441047219,-2.793057055,-0.003425829,0.329180951,-1.328432046,0,1,1,1 
HDVD_47,Heavy Duty Trucks_Diesel_Rigid 28 - 32 t_Euro IV,,,0,0,12,86,-1.91E-05,0.005135052,0.497530453,1.84574956,-0.001647479,0.420926107,5.079136587,0,1,1,1 
HDVD_47,Heavy Duty Trucks_Diesel_Rigid 28 - 32 t_Euro IV,,,0,1,12,86,1.25E-14,6.49E-13,0.503503126,2.02E-10,-0.000937982,0.214574247,2.697941977,0,1,1,1 
HDVD_47,Heavy Duty Trucks_Diesel_Rigid 28 - 32 t_Euro IV,,,0.02,0,12,86,0.000192871,0.03650108,0.887633525,1.809459002,0.002232714,0.993119608,5.045660897,0,1,1,1 
HDVD_47,Heavy Duty Trucks_Diesel_Rigid 28 - 32 t_Euro IV,,,0.02,1,12,84,-0.000170943,0.054560858,0.630714469,0.128606185,0.005326583,0.513160486,2.794395375,0,1,1,1 
HDVD_47,Heavy Duty Trucks_Diesel_Rigid 28 - 32 t_Euro IV,,,0.04,0,12,86,-0.000161406,0.015178913,-0.033404707,-1.374357234,-0.002487238,0.258675371,-2.63983159,0,1,1,1 
HDVD_47,Heavy Duty Trucks_Diesel_Rigid 28 - 32 t_Euro IV,,,0.04,1,12,62,-0.000140119,0.568378462,0.080424009,0.023979451,0.115700229,2.144508735,0.326193582,0,1,1,1 
HDVD_47,Heavy Duty Trucks_Diesel_Rigid 28 - 32 t_Euro IV,,,0.06,0,12,84,-0.000407987,0.035033634,0.491141391,-2.033341373,-0.004030966,0.483342734,0.378859702,0,1,1,1 
HDVD_47,Heavy Duty Trucks_Diesel_Rigid 28 - 32 t_Euro IV,,,0.06,0.5,12,61,5.12E-05,-0.006970988,0.554872534,0.052081457,0.000401728,0.02358576,2.605237236,0,1,1,1 
HDVD_47,Heavy Duty Trucks_Diesel_Rigid 28 - 32 t_Euro IV,,,0.06,1,12,46,0.000624891,-0.027120098,1.204954706,1.53943807,0.005504132,-0.037684395,5.49302681,0,1,1,1 
HDVD_48,Heavy Duty Trucks_Diesel_Rigid 28 - 32 t_Euro V,SCR,,-0.06,0,10,85,-0.001263452,0.140222309,-0.768406034,1.381546386,0.238778206,-1.531807337,3.483744096,0,1,1,1 
HDVD_48,Heavy Duty Trucks_Diesel_Rigid 28 - 32 t_Euro V,SCR,,-0.06,0.5,10,85,-0.000755356,0.082546053,-0.480670524,0.932944255,0.146872653,-1.047242503,2.56851511,0,1,1,1 
HDVD_48,Heavy Duty Trucks_Diesel_Rigid 28 - 32 t_Euro V,SCR,,-0.06,1,10,85,-0.000633073,0.069073727,-0.40503077,0.795528334,0.123712449,-0.904814636,2.251461585,0,1,1,1 
HDVD_48,Heavy Duty Trucks_Diesel_Rigid 28 - 32 t_Euro V,SCR,,-0.04,0,10,85,-0.005147264,0.578648581,-0.549924256,0.658715387,0.629444399,1.045903034,0.325968102,0,1,1,1 
HDVD_48,Heavy Duty Trucks_Diesel_Rigid 28 - 32 t_Euro V,SCR,,-0.04,0.5,10,85,-0.005715895,0.600198186,-0.593282217,0.618869861,0.623897095,1.033732031,0.35541254,0,1,1,1 
HDVD_48,Heavy Duty Trucks_Diesel_Rigid 28 - 32 t_Euro V,SCR,,-0.04,1,10,85,-0.006545092,0.785870454,-0.738789314,0.012125264,0.892844008,0.42599554,0.703197163,0,1,1,1 
HDVD_48,Heavy Duty Trucks_Diesel_Rigid 28 - 32 t_Euro V,SCR,,-0.02,0,10,85,0.004521916,0.789858755,-0.569206596,0.084596101,0.926298814,0.450351333,0.688681023,0,1,1,1 
HDVD_48,Heavy Duty Trucks_Diesel_Rigid 28 - 32 t_Euro V,SCR,,-0.02,0.5,10,85,-0.001527819,0.44539793,-1.520320737,1.709668253,0.355043402,-0.391093556,0.521001006,0,1,1,1 
HDVD_48,Heavy Duty Trucks_Diesel_Rigid 28 - 32 t_Euro V,SCR,,-0.02,1,10,85,-0.002442834,0.459660326,-1.482722586,1.563208307,0.312202418,-0.108888712,0.212303903,0,1,1,1 
HDVD_48,Heavy Duty Trucks_Diesel_Rigid 28 - 32 t_Euro V,SCR,,0,0,10,85,0.009348957,0.294177853,-0.760857245,1.468983751,0.372905203,-0.906726828,3.32148785,0,1,1,1 
HDVD_48,Heavy Duty Trucks_Diesel_Rigid 28 - 32 t_Euro V,SCR,,0,0.5,10,85,0.008418643,0.397922475,-1.730695639,1.012832449,0.337515748,-0.429064704,-2.38967492,0,1,1,1 
HDVD_48,Heavy Duty Trucks_Diesel_Rigid 28 - 32 t_Euro V,SCR,,0,1,10,85,0.008326793,0.475006,-1.008360629,1.163161535,0.341657695,-0.007164857,1.081525779,0,1,1,1 
HDVD_48,Heavy Duty Trucks_Diesel_Rigid 28 - 32 t_Euro V,SCR,,0.02,0,10,85,0.046023221,0.919382669,-0.83255043,-0.267293943,1.012046357,0.333730839,0.082017453,0,1,1,1 
HDVD_48,Heavy Duty Trucks_Diesel_Rigid 28 - 32 t_Euro V,SCR,,0.02,0.5,10,85,-0.000922172,0.059986511,2.03131434,-1.244696718,-0.016945697,1.513725926,2.565643489,0,1,1,1 
HDVD_48,Heavy Duty Trucks_Diesel_Rigid 28 - 32 t_Euro V,SCR,,0.02,1,10,85,-0.000432433,0.060747164,1.474386496,-0.647615475,-0.002344067,0.983976842,1.77799844,0,1,1,1 
HDVD_48,Heavy Duty Trucks_Diesel_Rigid 28 - 32 t_Euro V,SCR,,0.04,0,10,85,-0.00107916,0.079208361,1.502181452,-1.274249181,-0.016322703,1.471464192,0.91140557,0,1,1,1 
HDVD_48,Heavy Duty Trucks_Diesel_Rigid 28 - 32 t_Euro V,SCR,,0.04,0.5,10,75,-0.001314612,0.121592756,1.641608742,-1.116746536,-0.007293535,1.430936704,0.632775759,0,1,1,1 
HDVD_48,Heavy Duty Trucks_Diesel_Rigid 28 - 32 t_Euro V,SCR,,0.04,1,10,60,4.93E-05,-0.01958288,1.155238206,2.628440928,-0.003200625,0.164426361,4.292482909,0,1,1,1 
HDVD_48,Heavy Duty Trucks_Diesel_Rigid 28 - 32 t_Euro V,SCR,,0.06,0,10,80,-0.001392555,0.158654508,1.409797189,-1.247481935,-0.005912056,1.649408096,-1.17E-12,0,1,1,1 
HDVD_48,Heavy Duty Trucks_Diesel_Rigid 28 - 32 t_Euro V,SCR,,0.06,0.5,10,60,4.17E-05,-0.007398523,0.334981887,1.103829106,-0.000456695,0.014558006,1.598705015,0,1,1,1 
HDVD_48,Heavy Duty Trucks_Diesel_Rigid 28 - 32 t_Euro V,SCR,,0.06,1,10,45,0.010766524,0.419582399,-2.532539124,-1.666057722,0.202044179,-0.663054258,-3.002024163,0,1,1,1 
HDVD_48,Heavy Duty Trucks_Diesel_Rigid 28 - 32 t_Euro V,EGR,,-0.06,0,10,80,-0.005064439,0.428065077,-0.836109651,-2.810453241,0.746459403,-1.598865735,2.069376263,0,1,1,1 
HDVD_48,Heavy Duty Trucks_Diesel_Rigid 28 - 32 t_Euro V,EGR,,-0.06,0.5,10,80,-0.001540545,0.138954604,-0.706151013,1.251094407,0.302074625,-2.052615185,6.448835111,0,1,1,1 
HDVD_48,Heavy Duty Trucks_Diesel_Rigid 28 - 32 t_Euro V,EGR,,-0.06,1,10,85,-0.000764055,0.071450685,-0.358171797,0.684395459,0.179673021,-1.372099429,4.568006185,0,1,1,1 
HDVD_48,Heavy Duty Trucks_Diesel_Rigid 28 - 32 t_Euro V,EGR,,-0.04,0,10,85,-0.00310309,0.305154096,-1.147006365,1.386298254,0.279088686,0.023987999,1.113769229,0,1,1,1 
HDVD_48,Heavy Duty Trucks_Diesel_Rigid 28 - 32 t_Euro V,EGR,,-0.04,0.5,10,80,-0.003699785,0.312377902,-0.386701257,0.070363166,0.252680109,1.794332097,0.14050901,0,1,1,1 
HDVD_48,Heavy Duty Trucks_Diesel_Rigid 28 - 32 t_Euro V,EGR,,-0.04,1,10,85,-0.002897859,0.277397109,-1.176900242,1.644055598,0.288420234,-0.813322423,3.660576033,0,1,1,1 
HDVD_48,Heavy Duty Trucks_Diesel_Rigid 28 - 32 t_Euro V,EGR,,-0.02,0,10,85,7.16E-05,-0.018976453,1.193959227,-1.421962335,-0.007487209,0.60972124,5.816581242,0,1,1,1 
HDVD_48,Heavy Duty Trucks_Diesel_Rigid 28 - 32 t_Euro V,EGR,,-0.02,0.5,10,85,-0.002807945,0.348524618,-0.295384679,0.214899916,0.16120782,2.167295941,0.263877408,0,1,1,1 
HDVD_48,Heavy Duty Trucks_Diesel_Rigid 28 - 32 t_Euro V,EGR,,-0.02,1,10,85,-0.003538644,0.457033825,-1.242045266,0.902390482,0.236770615,1.094797367,0.902177456,0,1,1,1 
HDVD_48,Heavy Duty Trucks_Diesel_Rigid 28 - 32 t_Euro V,EGR,,0,0,10,85,0.000392606,0.092667463,-0.953225177,1.082667786,0.047365125,-0.029277067,-3.28314825,0,1,1,1 
HDVD_48,Heavy Duty Trucks_Diesel_Rigid 28 - 32 t_Euro V,EGR,,0,0.5,10,85,0.00169308,0.520525825,-0.638301473,-0.064508092,0.213120159,2.09357163,0.175738014,0,1,1,1 
HDVD_48,Heavy Duty Trucks_Diesel_Rigid 28 - 32 t_Euro V,EGR,,0,1,10,85,-1.21E-05,-0.007230565,0.740153624,-0.927382472,-0.002780767,0.210136961,2.880281184,0,1,1,1 
HDVD_48,Heavy Duty Trucks_Diesel_Rigid 28 - 32 t_Euro V,EGR,,0.02,0,10,85,-0.000200707,-0.008716311,2.540130377,-3.540498685,-0.01207,0.992992514,8.014095636,0,1,1,1 
HDVD_48,Heavy Duty Trucks_Diesel_Rigid 28 - 32 t_Euro V,EGR,,0.02,0.5,10,85,-0.00018795,0.002466761,1.275715332,-1.612210127,-0.005587219,0.446963117,3.908264239,0,1,1,1 
HDVD_48,Heavy Duty Trucks_Diesel_Rigid 28 - 32 t_Euro V,EGR,,0.02,1,10,85,0.014719678,0.60501172,-0.692335885,-0.040352697,0.263793349,1.75467158,0.156498569,0,1,1,1 
HDVD_48,Heavy Duty Trucks_Diesel_Rigid 28 - 32 t_Euro V,EGR,,0.04,0,10,85,-0.000281369,0.01082234,1.241785458,-1.724216073,-0.006807441,0.559775242,3.134691142,0,1,1,1 
HDVD_48,Heavy Duty Trucks_Diesel_Rigid 28 - 32 t_Euro V,EGR,,0.04,0.5,10,75,-0.000542331,0.024751945,1.66118128,-1.956839647,-0.008081287,0.617289374,4.321364223,0,1,1,1 
HDVD_48,Heavy Duty Trucks_Diesel_Rigid 28 - 32 t_Euro V,EGR,,0.04,1,10,60,-0.000678289,0.022418523,1.56847345,-1.451022024,-0.007345669,0.46435541,4.226769012,0,1,1,1 
HDVD_48,Heavy Duty Trucks_Diesel_Rigid 28 - 32 t_Euro V,EGR,,0.06,0,10,80,0.001261547,0.039098532,1.346647005,-1.718051394,0.015341283,0.516366676,3.773769727,0,1,1,1 
HDVD_48,Heavy Duty Trucks_Diesel_Rigid 28 - 32 t_Euro V,EGR,,0.06,0.5,10,60,-0.000735789,0.029236855,1.470120544,-1.403265206,-0.007149858,0.475359087,3.790802584,0,1,1,1 
HDVD_48,Heavy Duty Trucks_Diesel_Rigid 28 - 32 t_Euro V,EGR,,0.06,1,10,45,7.61E-05,-0.021241262,0.870629503,-0.395640732,-0.001493369,0.022968306,2.665360362,0,1,1,1 
HDVD_49,Heavy Duty Trucks_Diesel_Rigid 28 - 32 t_Euro VI,,,-0.06,0,10,65,-0.00214618,0.148556319,0.021731167,0.28653318,1.463249731,0.475174966,0.338379772,0,1,1,1 
HDVD_49,Heavy Duty Trucks_Diesel_Rigid 28 - 32 t_Euro VI,,,-0.06,0.5,10,65,-4.41E-05,0.003833956,-0.063943833,0.303556089,0.032668143,-0.651937161,3.285443714,0,1,1,1 
HDVD_49,Heavy Duty Trucks_Diesel_Rigid 28 - 32 t_Euro VI,,,-0.06,1,10,65,-2.94E-05,0.002614206,-0.045250194,0.228565011,0.024382492,-0.49833256,2.631763508,0,1,1,1 
HDVD_49,Heavy Duty Trucks_Diesel_Rigid 28 - 32 t_Euro VI,,,-0.04,0,10,85,-0.002146089,0.192734045,-0.037169914,-0.063321486,1.547368122,0.435655293,0.381395762,0,1,1,1 
HDVD_49,Heavy Duty Trucks_Diesel_Rigid 28 - 32 t_Euro VI,,,-0.04,0.5,10,85,-0.001921586,0.167207892,0.005028318,0.124650505,1.506200916,0.463674686,0.357285828,0,1,1,1 
HDVD_49,Heavy Duty Trucks_Diesel_Rigid 28 - 32 t_Euro VI,,,-0.04,1,10,85,-0.001838518,0.158732993,0.041843896,0.12000336,1.505949995,0.472389612,0.357399682,0,1,1,1 
HDVD_49,Heavy Duty Trucks_Diesel_Rigid 28 - 32 t_Euro VI,,,-0.02,0,10,85,3.22E-06,-0.001200144,0.08002517,1.061213986,-0.006581842,0.508901922,9.317906447,0,1,1,1 
HDVD_49,Heavy Duty Trucks_Diesel_Rigid 28 - 32 t_Euro VI,,,-0.02,0.5,10,85,-0.000950231,0.15182368,-0.310060157,1.119358938,0.933130497,0.625053202,0.248091675,0,1,1,1 
HDVD_49,Heavy Duty Trucks_Diesel_Rigid 28 - 32 t_Euro VI,,,-0.02,1,10,85,-0.000275681,0.02932393,0.307099062,0.012518374,0.157620778,3.151794402,0.290880018,0,1,1,1 
HDVD_49,Heavy Duty Trucks_Diesel_Rigid 28 - 32 t_Euro VI,,,0,0,10,85,7.08E-05,0.013062095,0.285079903,-0.072226383,0.056929511,2.15579043,8.27E-05,0,1,1,1 
HDVD_49,Heavy Duty Trucks_Diesel_Rigid 28 - 32 t_Euro VI,,,0,0.5,10,85,-2.16E-05,-0.00149082,0.288678289,1.74661941,-0.018155747,1.437016954,16.0024788,0,1,1,1 
HDVD_49,Heavy Duty Trucks_Diesel_Rigid 28 - 32 t_Euro VI,,,0,1,10,85,-2.50E-06,-0.000491049,0.059228313,0.601368719,-0.003011397,0.212460117,5.359851002,0,1,1,1 
HDVD_49,Heavy Duty Trucks_Diesel_Rigid 28 - 32 t_Euro VI,,,0.02,0,10,85,0.004073194,0.22031184,0.006779721,0.053535924,1.501226028,0.45474778,0.385253463,0,1,1,1 
HDVD_49,Heavy Duty Trucks_Diesel_Rigid 28 - 32 t_Euro VI,,,0.02,0.5,10,85,0.000162009,0.023062389,0.345041003,-0.080481424,0.069022317,2.548932946,0.000326084,0,1,1,1 
HDVD_49,Heavy Duty Trucks_Diesel_Rigid 28 - 32 t_Euro VI,,,0.02,1,10,85,0.000455736,0.044345818,0.419841722,-0.005665148,0.152318565,3.255858463,0.397379022,0,1,1,1 
HDVD_49,Heavy Duty Trucks_Diesel_Rigid 28 - 32 t_Euro VI,,,0.04,0,10,85,0.000146731,0.024661864,0.415908515,-0.141657563,0.065093668,2.913425221,3.30E-05,0,1,1,1 
HDVD_49,Heavy Duty Trucks_Diesel_Rigid 28 - 32 t_Euro VI,,,0.04,0.5,10,80,0.000200409,0.026724433,0.327741006,-0.029580696,0.066365186,2.33740247,0.412197869,0,1,1,1 
HDVD_49,Heavy Duty Trucks_Diesel_Rigid 28 - 32 t_Euro VI,,,0.04,1,10,60,-0.00026212,0.015425331,0.422212222,-0.107235603,-0.029951383,2.846169174,0.000134308,0,1,1,1 
HDVD_49,Heavy Duty Trucks_Diesel_Rigid 28 - 32 t_Euro VI,,,0.06,0,10,85,0.000297492,0.033436663,0.370480578,-0.051187425,0.097831293,2.644719395,0.447531864,0,1,1,1 
HDVD_49,Heavy Duty Trucks_Diesel_Rigid 28 - 32 t_Euro VI,,,0.06,0.5,10,60,-0.000353937,0.018225534,0.527004526,-0.158618454,-0.041710358,3.455471255,7.22E-05,0,1,1,1 
HDVD_49,Heavy Duty Trucks_Diesel_Rigid 28 - 32 t_Euro VI,,,0.06,1,10,45,-3.83E-05,0.005479251,0.000587787,-0.397123713,0.004123951,0.316969868,-3.082453265,0,1,1,1 
HDVD_50,Heavy Duty Trucks_Diesel_Rigid >32 t_Conventional,,,-0.06,0,12,86,2.42E-06,-0.001372152,0.278523479,2.142792684,1.01E-05,0.023338654,0.189515302,0,1,1,1 
HDVD_50,Heavy Duty Trucks_Diesel_Rigid >32 t_Conventional,,,-0.06,0.5,12,86,-2.63E-05,0.021234291,2.283775552,-1.84914285,0.004051472,0.14165535,0.294977757,0,1,1,1 
HDVD_50,Heavy Duty Trucks_Diesel_Rigid >32 t_Conventional,,,-0.06,1,12,86,-2.43E-05,0.018194658,1.530185135,-4.484420951,0.003212601,0.083622727,0.021817244,0,1,1,1 
HDVD_50,Heavy Duty Trucks_Diesel_Rigid >32 t_Conventional,,,-0.04,0,12,86,-5.58E-06,0.002334298,-0.203429588,5.740959359,0.000140165,-0.014660284,0.45068666,0,1,1,1 
HDVD_50,Heavy Duty Trucks_Diesel_Rigid >32 t_Conventional,,,-0.04,0.5,12,86,2.79E-05,-0.007296363,0.919642533,3.367798273,7.94E-05,0.05260717,0.467586708,0,1,1,1 
HDVD_50,Heavy Duty Trucks_Diesel_Rigid >32 t_Conventional,,,-0.04,1,12,86,3.30E-18,-9.07E-16,2.514638656,-5.05E-13,0.00204172,0.11404285,0.803016188,0,1,1,1 
HDVD_50,Heavy Duty Trucks_Diesel_Rigid >32 t_Conventional,,,-0.02,0,12,86,0.000205089,-0.001239764,2.09164646,2.3714033,0.001056397,0.128309639,0.380343282,0,1,1,1 
HDVD_50,Heavy Duty Trucks_Diesel_Rigid >32 t_Conventional,,,-0.02,0.5,12,86,-0.000186549,0.061422071,-0.053707286,-4.813695732,0.003276045,0.018919934,-0.470541446,0,1,1,1 
HDVD_50,Heavy Duty Trucks_Diesel_Rigid >32 t_Conventional,,,-0.02,1,12,86,0.000150021,-0.020089153,2.182687728,4.523823008,0.00048303,0.060277845,1.24520959,0,1,1,1 
HDVD_50,Heavy Duty Trucks_Diesel_Rigid >32 t_Conventional,,,0,0,12,86,1.28E-05,0.003284812,0.608910936,4.017032492,-0.000105549,0.045488519,0.282480688,0,1,1,1 
HDVD_50,Heavy Duty Trucks_Diesel_Rigid >32 t_Conventional,,,0,0.5,12,86,0.000429245,-0.007158526,1.291958947,3.817472586,0.000966069,0.027563135,0.808186783,0,1,1,1 
HDVD_50,Heavy Duty Trucks_Diesel_Rigid >32 t_Conventional,,,0,1,12,86,0.000377076,-0.008373475,0.024155376,5.913847141,0.001040329,-0.04024473,0.689792826,0,1,1,1 
HDVD_50,Heavy Duty Trucks_Diesel_Rigid >32 t_Conventional,,,0.02,0,12,86,1.46E-05,0.002914441,0.354438287,4.65750502,-7.32E-05,0.021265577,0.360243944,0,1,1,1 
HDVD_50,Heavy Duty Trucks_Diesel_Rigid >32 t_Conventional,,,0.02,0.5,12,86,0.000427759,0.052508473,1.282961414,4.043653876,0.001175882,0.083149281,0.480859547,0,1,1,1 
HDVD_50,Heavy Duty Trucks_Diesel_Rigid >32 t_Conventional,,,0.02,1,12,78,0.00053587,-0.033280681,1.874184232,1.806962422,0.000450379,-0.004866776,1.112997262,0,1,1,1 
HDVD_50,Heavy Duty Trucks_Diesel_Rigid >32 t_Conventional,,,0.04,0,12,86,0.000815556,0.194841652,0.779069824,4.29432581,0.003543883,0.234400161,-0.736634717,0,1,1,1 
HDVD_50,Heavy Duty Trucks_Diesel_Rigid >32 t_Conventional,,,0.04,0.5,12,69,0.000274946,0.045591685,-0.207617305,-4.325244113,0.00070071,0.036722046,-0.529544676,0,1,1,1 
HDVD_50,Heavy Duty Trucks_Diesel_Rigid >32 t_Conventional,,,0.04,1,12,53,0.000244196,0.014759328,3.129632433,2.250801174,0.000108951,0.047864593,1.348139957,0,1,1,1 
HDVD_50,Heavy Duty Trucks_Diesel_Rigid >32 t_Conventional,,,0.06,0,12,79,4.28E-15,-1.78E-13,2.107084301,1.38E-10,-0.000660209,0.078905286,0.582664397,0,1,1,1 
HDVD_50,Heavy Duty Trucks_Diesel_Rigid >32 t_Conventional,,,0.06,0.5,12,53,0.001743776,0.232542392,0.304627339,-6.112795305,0.002355234,0.180564982,-0.882834912,0,1,1,1 
HDVD_50,Heavy Duty Trucks_Diesel_Rigid >32 t_Conventional,,,0.06,1,12,39,-2.82E-06,0.302677457,5.323481836,2.687423048,0.001055977,0.184123302,1.889493141,0,1,1,1 
HDVD_51,Heavy Duty Trucks_Diesel_Rigid >32 t_Euro I,,,-0.06,0,12,86,5.56E-06,-0.002636862,0.401571291,3.418248484,0.000122709,0.036015825,0.309477698,0,1,1,1 
HDVD_51,Heavy Duty Trucks_Diesel_Rigid >32 t_Euro I,,,-0.06,0.5,12,86,9.03E-06,-0.003576412,0.446957223,3.262557171,9.80E-05,0.03834888,0.354142934,0,1,1,1 
HDVD_51,Heavy Duty Trucks_Diesel_Rigid >32 t_Euro I,,,-0.06,1,12,86,-1.22E-05,0.006112412,2.690918251,-0.583590042,0.005059045,0.153196885,0.847190446,0,1,1,1 
HDVD_51,Heavy Duty Trucks_Diesel_Rigid >32 t_Euro I,,,-0.04,0,12,86,6.21E-06,-0.002997697,0.474960072,3.776644961,9.79E-05,0.037991596,0.318072185,0,1,1,1 
HDVD_51,Heavy Duty Trucks_Diesel_Rigid >32 t_Euro I,,,-0.04,0.5,12,86,1.17E-05,-0.004114691,0.445050597,2.814500716,4.59E-05,0.030692305,0.332992641,0,1,1,1 
HDVD_51,Heavy Duty Trucks_Diesel_Rigid >32 t_Euro I,,,-0.04,1,12,86,2.24E-05,-0.006953164,0.638124158,3.10201687,7.15E-05,0.034990109,0.494393927,0,1,1,1 
HDVD_51,Heavy Duty Trucks_Diesel_Rigid >32 t_Euro I,,,-0.02,0,12,86,0.0005111,-0.000570354,3.45691913,0.150942915,0.002773923,0.231124753,0.210499471,0,1,1,1 
HDVD_51,Heavy Duty Trucks_Diesel_Rigid >32 t_Euro I,,,-0.02,0.5,12,86,8.86E-06,-0.003457913,0.280633909,2.222159592,-0.000158588,0.01834781,0.231139109,0,1,1,1 
HDVD_51,Heavy Duty Trucks_Diesel_Rigid >32 t_Euro I,,,-0.02,1,12,86,0.000105974,-0.015869283,1.661189158,3.79004476,0.000425928,0.057111289,1.049788915,0,1,1,1 
HDVD_51,Heavy Duty Trucks_Diesel_Rigid >32 t_Euro I,,,0,0,12,86,8.91E-06,0.001623344,0.446778952,3.520352522,-3.54E-05,0.038370124,0.241356378,0,1,1,1 
HDVD_51,Heavy Duty Trucks_Diesel_Rigid >32 t_Euro I,,,0,0.5,12,86,0.000294497,-0.0060331,1.038701847,3.41328737,0.000868638,0.030224748,0.716760782,0,1,1,1 
HDVD_51,Heavy Duty Trucks_Diesel_Rigid >32 t_Euro I,,,0,1,12,86,0.000266706,-0.006429247,0.002070546,5.096893782,0.000921259,-0.037637159,0.661079626,0,1,1,1 
HDVD_51,Heavy Duty Trucks_Diesel_Rigid >32 t_Euro I,,,0.02,0,12,86,1.86E-05,0.003131172,0.499572394,3.346092101,-0.000130003,0.044082113,0.244930844,0,1,1,1 
HDVD_51,Heavy Duty Trucks_Diesel_Rigid >32 t_Euro I,,,0.02,0.5,12,86,6.02E-05,-0.002446098,0.678521402,4.085802246,-0.000101617,0.023603912,0.609560479,0,1,1,1 
HDVD_51,Heavy Duty Trucks_Diesel_Rigid >32 t_Euro I,,,0.02,1,12,79,0.000514853,-0.031698277,1.423066994,2.086564198,0.000484703,-0.011191488,1.083086104,0,1,1,1 
HDVD_51,Heavy Duty Trucks_Diesel_Rigid >32 t_Euro I,,,0.04,0,12,86,0.000151053,0.017405792,1.978381286,4.03998231,-0.000680473,0.173989398,0.281529255,0,1,1,1 
HDVD_51,Heavy Duty Trucks_Diesel_Rigid >32 t_Euro I,,,0.04,0.5,12,70,1.98E-06,0.019020229,1.026576546,2.77074634,-0.000183346,0.051746598,0.602368835,0,1,1,1 
HDVD_51,Heavy Duty Trucks_Diesel_Rigid >32 t_Euro I,,,0.04,1,12,54,-8.90E-05,0.006203806,1.984089702,1.408727166,-0.000223061,0.031318114,1.092927205,0,1,1,1 
HDVD_51,Heavy Duty Trucks_Diesel_Rigid >32 t_Euro I,,,0.06,0,12,80,-2.39E-06,0.00018314,0.041310509,4.888645655,1.50E-05,-0.005000066,0.454459675,0,1,1,1 
HDVD_51,Heavy Duty Trucks_Diesel_Rigid >32 t_Euro I,,,0.06,0.5,12,54,0.005314369,0.541031634,-1.394557692,3.940886125,0.007593124,0.426693863,-1.773887136,0,1,1,1 
HDVD_51,Heavy Duty Trucks_Diesel_Rigid >32 t_Euro I,,,0.06,1,12,39,-0.000768325,0.272199052,3.541551187,0.576685398,0.00089229,0.166119204,1.649375422,0,1,1,1 
HDVD_52,Heavy Duty Trucks_Diesel_Rigid >32 t_Euro II,,,-0.06,0,12,86,-2.75E-05,0.037562432,2.205912886,-5.434578454,0.015106625,0.527581842,0.579705694,0,1,1,1 
HDVD_52,Heavy Duty Trucks_Diesel_Rigid >32 t_Euro II,,,-0.06,0.5,12,86,-2.78E-05,0.018723167,1.587285548,-5.656719634,0.009400804,0.245146729,0.918972627,0,1,1,1 
HDVD_52,Heavy Duty Trucks_Diesel_Rigid >32 t_Euro II,,,-0.06,1,12,86,-2.67E-05,0.013673754,1.484733521,-6.105113111,0.007935833,0.169167845,1.059323673,0,1,1,1 
HDVD_52,Heavy Duty Trucks_Diesel_Rigid >32 t_Euro II,,,-0.04,0,12,86,1.15E-05,-0.00419934,0.304506164,2.302852377,-0.000674354,0.066095074,0.971464261,0,1,1,1 
HDVD_52,Heavy Duty Trucks_Diesel_Rigid >32 t_Euro II,,,-0.04,0.5,12,86,-2.53E-05,0.014507231,1.34425097,-5.369624444,0.006766449,0.157709837,0.902696776,0,1,1,1 
HDVD_52,Heavy Duty Trucks_Diesel_Rigid >32 t_Euro II,,,-0.04,1,12,86,-1.56E-05,0.005089407,0.921692432,-4.601666947,0.003770694,0.050446349,0.750646519,0,1,1,1 
HDVD_52,Heavy Duty Trucks_Diesel_Rigid >32 t_Euro II,,,-0.02,0,12,86,2.96E-05,0.02223276,0.859051163,2.942731483,0.004901659,0.234497715,1.000951491,0,1,1,1 
HDVD_52,Heavy Duty Trucks_Diesel_Rigid >32 t_Euro II,,,-0.02,0.5,12,86,0.000501836,0.019939645,-0.262393576,17.63516669,0.014485136,-0.422053038,7.549189217,0,1,1,1 
HDVD_52,Heavy Duty Trucks_Diesel_Rigid >32 t_Euro II,,,-0.02,1,12,86,-4.86E-05,0.022984634,1.59537843,-8.074124273,0.005221601,0.090226344,1.273869751,0,1,1,1 
HDVD_52,Heavy Duty Trucks_Diesel_Rigid >32 t_Euro II,,,0,0,12,86,6.27E-15,-4.97E-13,5.973780773,1.69E-09,-0.011341844,1.435361337,2.088187621,0,1,1,1 
HDVD_52,Heavy Duty Trucks_Diesel_Rigid >32 t_Euro II,,,0,0.5,12,86,0.000217474,-0.019776523,0.859980983,0.467006885,0.000265342,-0.000436518,1.752014754,0,1,1,1 
HDVD_52,Heavy Duty Trucks_Diesel_Rigid >32 t_Euro II,,,0,1,12,86,0.000219655,-0.023127267,1.140417796,0.116340548,8.64E-05,0.005799906,1.831417077,0,1,1,1 
HDVD_52,Heavy Duty Trucks_Diesel_Rigid >32 t_Euro II,,,0.02,0,12,86,3.78E-05,0.006347847,0.505504556,2.968112426,-0.0003577,0.090798252,1.105247117,0,1,1,1 
HDVD_52,Heavy Duty Trucks_Diesel_Rigid >32 t_Euro II,,,0.02,0.5,12,86,0.000800677,-0.0268875,0.541551037,4.398586684,0.00316401,-0.115937166,2.384366486,0,1,1,1 
HDVD_52,Heavy Duty Trucks_Diesel_Rigid >32 t_Euro II,,,0.02,1,12,81,0.00019307,-0.010811995,1.451596081,0.413738373,0.000520407,0.013268145,2.126205153,0,1,1,1 
HDVD_52,Heavy Duty Trucks_Diesel_Rigid >32 t_Euro II,,,0.04,0,12,86,0.001567626,0.257672416,-0.515848518,-0.68810959,0.01166843,0.711905786,-4.070443346,0,1,1,1 
HDVD_52,Heavy Duty Trucks_Diesel_Rigid >32 t_Euro II,,,0.04,0.5,12,75,0.00021116,-0.031500188,1.8024103,-0.029072018,4.22E-05,-0.013034425,2.755422992,0,1,1,1 
HDVD_52,Heavy Duty Trucks_Diesel_Rigid >32 t_Euro II,,,0.04,1,12,57,0.000515299,-0.060512617,2.259548862,-1.413620858,0.000484241,-0.05277315,2.706198335,0,1,1,1 
HDVD_52,Heavy Duty Trucks_Diesel_Rigid >32 t_Euro II,,,0.06,0,12,83,-2.66E-05,0.000249579,0.548853118,3.031313034,-0.000176081,0.017769046,1.373244779,0,1,1,1 
HDVD_52,Heavy Duty Trucks_Diesel_Rigid >32 t_Euro II,,,0.06,0.5,12,56,0.000246758,-0.034414425,1.775005563,-0.0478569,0.000100315,-0.018125012,2.327099939,0,1,1,1 
HDVD_52,Heavy Duty Trucks_Diesel_Rigid >32 t_Euro II,,,0.06,1,12,42,0.000542718,-0.05550749,2.079856925,-0.323825364,0.000390911,-0.037046068,2.13455097,0,1,1,1 
HDVD_53,Heavy Duty Trucks_Diesel_Rigid >32 t_Euro III,,,-0.06,0,12,86,-0.000151825,0.055367575,-0.05164421,-4.800181228,0.007875049,0.029197838,-1.066538998,0,1,1,1 
HDVD_53,Heavy Duty Trucks_Diesel_Rigid >32 t_Euro III,,,-0.06,0.5,12,86,-0.000258176,0.081268895,-0.151544383,-6.3547879,0.010935192,0.057711243,-1.670287002,0,1,1,1 
HDVD_53,Heavy Duty Trucks_Diesel_Rigid >32 t_Euro III,,,-0.06,1,12,86,-2.29E-05,0.034557313,1.9420034,-4.752052126,0.007429269,0.267052936,0.378813361,0,1,1,1 
HDVD_53,Heavy Duty Trucks_Diesel_Rigid >32 t_Euro III,,,-0.04,0,12,86,-8.59E-05,0.035715836,-0.050091255,-3.403872621,0.005053986,0.007765836,-0.654218797,0,1,1,1 
HDVD_53,Heavy Duty Trucks_Diesel_Rigid >32 t_Euro III,,,-0.04,0.5,12,86,-0.000244377,0.074505999,-0.251198159,-6.041563234,0.009435925,0.032258403,-1.517650786,0,1,1,1 
HDVD_53,Heavy Duty Trucks_Diesel_Rigid >32 t_Euro III,,,-0.04,1,12,86,-1.63E-05,0.014673917,1.975904494,-0.351095174,0.00423345,0.214734705,1.521534507,0,1,1,1 
HDVD_53,Heavy Duty Trucks_Diesel_Rigid >32 t_Euro III,,,-0.02,0,12,86,6.87E-16,4.42E-14,2.169578641,-3.88E-10,-0.001287641,0.360831851,-0.06584906,0,1,1,1 
HDVD_53,Heavy Duty Trucks_Diesel_Rigid >32 t_Euro III,,,-0.02,0.5,12,86,-7.90E-05,0.03885904,1.118844094,2.290693783,0.004651216,0.185844393,0.616793972,0,1,1,1 
HDVD_53,Heavy Duty Trucks_Diesel_Rigid >32 t_Euro III,,,-0.02,1,12,86,-2.35E-05,0.029441242,3.015401834,-0.458887847,0.005541437,0.310829819,2.184425491,0,1,1,1 
HDVD_53,Heavy Duty Trucks_Diesel_Rigid >32 t_Euro III,,,0,0,12,86,6.76E-06,0.00220412,0.613747013,4.446261273,-0.000114733,0.100386837,0.686051113,0,1,1,1 
HDVD_53,Heavy Duty Trucks_Diesel_Rigid >32 t_Euro III,,,0,0.5,12,86,1.57E-17,3.34E-16,2.841931676,4.21E-12,-0.002218022,0.434485502,0.49729769,0,1,1,1 
HDVD_53,Heavy Duty Trucks_Diesel_Rigid >32 t_Euro III,,,0,1,12,86,5.10E-17,1.44E-15,2.674067593,2.89E-12,-0.001683816,0.332663033,1.276859994,0,1,1,1 
HDVD_53,Heavy Duty Trucks_Diesel_Rigid >32 t_Euro III,,,0.02,0,12,86,0.000105045,0.039240439,0.764576147,3.322816167,0.00226142,0.215810959,-0.056101671,0,1,1,1 
HDVD_53,Heavy Duty Trucks_Diesel_Rigid >32 t_Euro III,,,0.02,0.5,12,86,1.55E-06,0.005388305,0.590711569,2.994618144,-0.000236511,0.079788932,0.758852114,0,1,1,1 
HDVD_53,Heavy Duty Trucks_Diesel_Rigid >32 t_Euro III,,,0.02,1,12,82,0.000308446,-0.002362529,-0.100759038,2.434817017,0.001755086,-0.055184311,0.622855479,0,1,1,1 
HDVD_53,Heavy Duty Trucks_Diesel_Rigid >32 t_Euro III,,,0.04,0,12,86,0.000445616,0.132501881,1.873529013,-1.180812643,0.007076384,0.591442129,-1.870644932,0,1,1,1 
HDVD_53,Heavy Duty Trucks_Diesel_Rigid >32 t_Euro III,,,0.04,0.5,12,76,4.12E-05,0.010973413,0.823537278,3.905966359,-0.000406115,0.107255767,1.077835804,0,1,1,1 
HDVD_53,Heavy Duty Trucks_Diesel_Rigid >32 t_Euro III,,,0.04,1,12,58,8.07E-05,0.064532767,1.601296104,1.920736642,0.001408438,0.181905843,1.73770199,0,1,1,1 
HDVD_53,Heavy Duty Trucks_Diesel_Rigid >32 t_Euro III,,,0.06,0,12,84,4.25E-05,0.019130997,0.320770368,2.8313065,0.000315805,0.097897956,0.211091007,0,1,1,1 
HDVD_53,Heavy Duty Trucks_Diesel_Rigid >32 t_Euro III,,,0.06,0.5,12,57,0.000820051,0.123787084,0.42900967,-3.003638532,0.00387885,0.309909008,-1.245464206,0,1,1,1 
HDVD_53,Heavy Duty Trucks_Diesel_Rigid >32 t_Euro III,,,0.06,1,12,43,0.001996708,0.211625212,-1.334673624,-4.706878595,0.00524664,0.356901448,-3.508948804,0,1,1,1 
HDVD_54,Heavy Duty Trucks_Diesel_Rigid >32 t_Euro IV,,,-0.06,0,12,86,2.38E-06,-0.00126078,0.234178415,1.796655769,-0.000154342,0.359981767,3.013669502,0,1,1,1 
HDVD_54,Heavy Duty Trucks_Diesel_Rigid >32 t_Euro IV,,,-0.06,0.5,12,86,4.14E-06,-0.001605839,0.185102294,1.325525626,-0.000800491,0.257692629,2.709743976,0,1,1,1 
HDVD_54,Heavy Duty Trucks_Diesel_Rigid >32 t_Euro IV,,,-0.06,1,12,86,5.20E-06,-0.001839923,0.189055606,1.242816403,-0.000848945,0.240608505,2.865143714,0,1,1,1 
HDVD_54,Heavy Duty Trucks_Diesel_Rigid >32 t_Euro IV,,,-0.04,0,12,86,3.86E-06,-0.001495102,0.177432856,1.251397307,-0.000487168,0.207301016,2.151711448,0,1,1,1 
HDVD_54,Heavy Duty Trucks_Diesel_Rigid >32 t_Euro IV,,,-0.04,0.5,12,86,5.71E-06,-0.001884633,0.185726918,1.041739641,-0.000328566,0.169584427,2.263803924,0,1,1,1 
HDVD_54,Heavy Duty Trucks_Diesel_Rigid >32 t_Euro IV,,,-0.04,1,12,86,9.20E-06,-0.002898582,0.27084457,1.300726145,-0.000242658,0.209844785,3.198284003,0,1,1,1 
HDVD_54,Heavy Duty Trucks_Diesel_Rigid >32 t_Euro IV,,,-0.02,0,12,86,-9.71E-06,0.033621422,1.641240059,-2.657370718,0.040966309,1.680158621,0.834833696,0,1,1,1 
HDVD_54,Heavy Duty Trucks_Diesel_Rigid >32 t_Euro IV,,,-0.02,0.5,12,86,1.40E-05,-0.004246119,0.335764113,1.555846245,-0.001258285,0.183218779,3.681675691,0,1,1,1 
HDVD_54,Heavy Duty Trucks_Diesel_Rigid >32 t_Euro IV,,,-0.02,1,12,86,1.35E-05,-0.007524279,0.603297193,-4.450376927,-0.004618754,0.446767351,-2.795067417,0,1,1,1 
HDVD_54,Heavy Duty Trucks_Diesel_Rigid >32 t_Euro IV,,,0,0,12,86,4.61E-06,0.002701344,0.317865474,1.84967209,-0.000896485,0.3067214,2.738840332,0,1,1,1 
HDVD_54,Heavy Duty Trucks_Diesel_Rigid >32 t_Euro IV,,,0,0.5,12,86,1.30E-17,4.84E-16,1.620259853,2.19E-13,-0.004822354,0.899572761,7.476057818,0,1,1,1 
HDVD_54,Heavy Duty Trucks_Diesel_Rigid >32 t_Euro IV,,,0,1,12,86,1.28E-14,-2.25E-14,1.781666204,3.77E-10,-0.004084527,0.851012317,7.296768703,0,1,1,1 
HDVD_54,Heavy Duty Trucks_Diesel_Rigid >32 t_Euro IV,,,0.02,0,12,86,0.000910917,0.073432933,2.521238576,1.042757182,0.006059074,2.855941965,3.456159363,0,1,1,1 
HDVD_54,Heavy Duty Trucks_Diesel_Rigid >32 t_Euro IV,,,0.02,0.5,12,86,-0.000232553,0.019235981,0.205824161,-3.630911101,-0.004304242,0.43903993,-3.781960329,0,1,1,1 
HDVD_54,Heavy Duty Trucks_Diesel_Rigid >32 t_Euro IV,,,0.02,1,12,83,-9.28E-05,0.043942882,1.129509533,1.204755766,0.004124895,0.547383403,5.667563047,0,1,1,1 
HDVD_54,Heavy Duty Trucks_Diesel_Rigid >32 t_Euro IV,,,0.04,0,12,86,1.80E-05,-0.002982177,0.109834086,1.603188346,0.000343327,-0.057761899,2.537446477,0,1,1,1 
HDVD_54,Heavy Duty Trucks_Diesel_Rigid >32 t_Euro IV,,,0.04,0.5,12,75,-0.000366156,0.095285216,-0.269934795,-0.755642055,0.007717967,0.571861378,-2.696276376,0,1,1,1 
HDVD_54,Heavy Duty Trucks_Diesel_Rigid >32 t_Euro IV,,,0.04,1,12,60,-0.000671263,0.167776874,1.689250516,0.262344938,0.018484313,1.232058104,4.766530464,0,1,1,1 
HDVD_54,Heavy Duty Trucks_Diesel_Rigid >32 t_Euro IV,,,0.06,0,12,86,-0.000475257,0.042553427,0.426744914,-3.030451409,-0.004924313,0.580783597,-1.427969443,0,1,1,1 
HDVD_54,Heavy Duty Trucks_Diesel_Rigid >32 t_Euro IV,,,0.06,0.5,12,59,4.87E-05,-0.011755901,0.54120791,0.610686459,-0.000867334,0.013217253,2.668010997,0,1,1,1 
HDVD_54,Heavy Duty Trucks_Diesel_Rigid >32 t_Euro IV,,,0.06,1,12,43,6.86E-05,-0.004512739,0.003834936,2.820616274,0.001016308,-0.088287501,1.940870817,0,1,1,1 
HDVD_54,Heavy Duty Trucks_Diesel_Rigid >32 t_Euro IV,,,-0.06,0,12,86,2.38E-06,-0.00126078,0.234178415,1.796655769,-0.000154342,0.359981767,3.013669502,0,1,1,1 
HDVD_54,Heavy Duty Trucks_Diesel_Rigid >32 t_Euro IV,,,-0.06,0.5,12,86,4.14E-06,-0.001605839,0.185102294,1.325525626,-0.000800491,0.257692629,2.709743976,0,1,1,1 
HDVD_54,Heavy Duty Trucks_Diesel_Rigid >32 t_Euro IV,,,-0.06,1,12,86,5.20E-06,-0.001839923,0.189055606,1.242816403,-0.000848945,0.240608505,2.865143714,0,1,1,1 
HDVD_54,Heavy Duty Trucks_Diesel_Rigid >32 t_Euro IV,,,-0.04,0,12,86,3.86E-06,-0.001495102,0.177432856,1.251397307,-0.000487168,0.207301016,2.151711448,0,1,1,1 
HDVD_54,Heavy Duty Trucks_Diesel_Rigid >32 t_Euro IV,,,-0.04,1,12,86,9.20E-06,-0.002898582,0.27084457,1.300726145,-0.000242658,0.209844785,3.198284003,0,1,1,1 
HDVD_54,Heavy Duty Trucks_Diesel_Rigid >32 t_Euro IV,,,-0.02,0,12,86,-9.71E-06,0.033621422,1.641240059,-2.657370718,0.040966309,1.680158621,0.834833696,0,1,1,1 
HDVD_54,Heavy Duty Trucks_Diesel_Rigid >32 t_Euro IV,,,-0.02,1,12,86,1.35E-05,-0.007524279,0.603297193,-4.450376927,-0.004618754,0.446767351,-2.795067417,0,1,1,1 
HDVD_54,Heavy Duty Trucks_Diesel_Rigid >32 t_Euro IV,,,0,0,12,86,4.61E-06,0.002701344,0.317865474,1.84967209,-0.000896485,0.3067214,2.738840332,0,1,1,1 
HDVD_54,Heavy Duty Trucks_Diesel_Rigid >32 t_Euro IV,,,0,1,12,86,1.28E-14,-2.25E-14,1.781666204,3.77E-10,-0.004084527,0.851012317,7.296768703,0,1,1,1 
HDVD_54,Heavy Duty Trucks_Diesel_Rigid >32 t_Euro IV,,,0.02,0,12,86,0.000910917,0.073432933,2.521238576,1.042757182,0.006059074,2.855941965,3.456159363,0,1,1,1 
HDVD_54,Heavy Duty Trucks_Diesel_Rigid >32 t_Euro IV,,,0.02,1,12,83,-9.28E-05,0.043942882,1.129509533,1.204755766,0.004124895,0.547383403,5.667563047,0,1,1,1 
HDVD_54,Heavy Duty Trucks_Diesel_Rigid >32 t_Euro IV,,,0.04,0,12,86,1.80E-05,-0.002982177,0.109834086,1.603188346,0.000343327,-0.057761899,2.537446477,0,1,1,1 
HDVD_54,Heavy Duty Trucks_Diesel_Rigid >32 t_Euro IV,,,0.04,1,12,60,-0.000671263,0.167776874,1.689250516,0.262344938,0.018484313,1.232058104,4.766530464,0,1,1,1 
HDVD_54,Heavy Duty Trucks_Diesel_Rigid >32 t_Euro IV,,,0.06,0,12,86,-0.000475257,0.042553427,0.426744914,-3.030451409,-0.004924313,0.580783597,-1.427969443,0,1,1,1 
HDVD_54,Heavy Duty Trucks_Diesel_Rigid >32 t_Euro IV,,,0.06,0.5,12,59,4.87E-05,-0.011755901,0.54120791,0.610686459,-0.000867334,0.013217253,2.668010997,0,1,1,1 
HDVD_54,Heavy Duty Trucks_Diesel_Rigid >32 t_Euro IV,,,0.06,1,12,43,6.86E-05,-0.004512739,0.003834936,2.820616274,0.001016308,-0.088287501,1.940870817,0,1,1,1 
HDVD_55,Heavy Duty Trucks_Diesel_Rigid >32 t_Euro V,SCR,,-0.06,0,10,80,-0.008897194,0.744902162,0.605359658,0.768721801,0.813813078,-0.0549019,0.225065318,0,1,1,1 
HDVD_55,Heavy Duty Trucks_Diesel_Rigid >32 t_Euro V,SCR,,-0.06,0.5,10,85,-0.001354966,0.12369504,-0.627739489,0.935262138,0.128638505,-0.793545819,1.527223113,0,1,1,1 
HDVD_55,Heavy Duty Trucks_Diesel_Rigid >32 t_Euro V,SCR,,-0.06,1,10,80,-0.002377776,0.206723357,-1.004034467,1.481030231,0.20505175,-1.21564773,2.44868943,0,1,1,1 
HDVD_55,Heavy Duty Trucks_Diesel_Rigid >32 t_Euro V,SCR,,-0.04,0,10,85,-0.002489042,0.258051179,-1.31260097,1.996530098,0.230701531,-1.36290392,2.689120393,0,1,1,1 
HDVD_55,Heavy Duty Trucks_Diesel_Rigid >32 t_Euro V,SCR,,-0.04,0.5,10,85,-0.002090026,0.223735995,-1.13178288,1.653491111,0.199610897,-1.171752383,2.219658512,0,1,1,1 
HDVD_55,Heavy Duty Trucks_Diesel_Rigid >32 t_Euro V,SCR,,-0.04,1,10,85,-0.002252768,0.244355167,-1.212568889,1.719581604,0.214067645,-1.218216161,2.242564778,0,1,1,1 
HDVD_55,Heavy Duty Trucks_Diesel_Rigid >32 t_Euro V,SCR,,-0.02,0,10,85,-0.000921806,0.358429778,-1.738986899,2.657880457,0.306901441,-1.591559761,3.107729178,0,1,1,1 
HDVD_55,Heavy Duty Trucks_Diesel_Rigid >32 t_Euro V,SCR,,-0.02,0.5,10,85,-0.001729068,0.328985888,-1.503981537,2.067642197,0.229246019,-0.978452598,1.717728998,0,1,1,1 
HDVD_55,Heavy Duty Trucks_Diesel_Rigid >32 t_Euro V,SCR,,-0.02,1,10,85,-0.002486645,0.38739933,-1.586906229,1.962664409,0.234901247,-0.758704873,1.272836857,0,1,1,1 
HDVD_55,Heavy Duty Trucks_Diesel_Rigid >32 t_Euro V,SCR,,0,0,10,85,0.006715356,0.310960701,-1.511110072,2.522487129,0.320636838,-1.583900086,3.275280943,0,1,1,1 
HDVD_55,Heavy Duty Trucks_Diesel_Rigid >32 t_Euro V,SCR,,0,0.5,10,85,0.007166436,0.352864663,-1.784478583,1.641122672,0.288990538,-1.018265342,3.93E-12,0,1,1,1 
HDVD_55,Heavy Duty Trucks_Diesel_Rigid >32 t_Euro V,SCR,,0,1,10,85,0.006841538,0.458081298,-1.762032899,2.038051198,0.299910049,-0.751256202,0.928200668,0,1,1,1 
HDVD_55,Heavy Duty Trucks_Diesel_Rigid >32 t_Euro V,SCR,,0.02,0,10,85,0.015179437,0.267794822,-1.277495646,2.453761385,0.331864091,-1.548596652,3.485586865,0,1,1,1 
HDVD_55,Heavy Duty Trucks_Diesel_Rigid >32 t_Euro V,SCR,,0.02,0.5,10,85,-0.000742627,0.042063863,2.191918679,-1.31824638,-0.014281841,1.261499231,2.441148768,0,1,1,1 
HDVD_55,Heavy Duty Trucks_Diesel_Rigid >32 t_Euro V,SCR,,0.02,1,10,80,-0.000639624,0.051535775,1.731922403,-1.230878171,-0.007562219,1.002196335,1.40212954,0,1,1,1 
HDVD_55,Heavy Duty Trucks_Diesel_Rigid >32 t_Euro V,SCR,,0.04,0,10,85,-0.000805257,0.052781364,1.593665964,-1.310017282,-0.012869118,1.126536365,0.999309823,0,1,1,1 
HDVD_55,Heavy Duty Trucks_Diesel_Rigid >32 t_Euro V,SCR,,0.04,0.5,10,75,-0.001203941,0.137105844,1.777089569,-1.438000981,-0.001093193,1.322832356,0.797387053,0,1,1,1 
HDVD_55,Heavy Duty Trucks_Diesel_Rigid >32 t_Euro V,SCR,,0.04,1,10,60,-0.000926149,0.264266673,1.631434099,-1.17796231,0.037172187,1.329165118,0.603790333,0,1,1,1 
HDVD_55,Heavy Duty Trucks_Diesel_Rigid >32 t_Euro V,SCR,,0.06,0,10,85,-0.001185417,0.102530562,1.58762846,-1.253971154,-0.009035381,1.203803147,0.863840413,0,1,1,1 
HDVD_55,Heavy Duty Trucks_Diesel_Rigid >32 t_Euro V,SCR,,0.06,0.5,10,60,-0.002220438,0.318965471,1.510076974,-1.338914275,0.029138013,1.537248664,2.09E-07,0,1,1,1 
HDVD_55,Heavy Duty Trucks_Diesel_Rigid >32 t_Euro V,SCR,,0.06,1,10,45,0.000666482,0.558062455,-0.933947721,-1.867595622,0.123624222,0.867403462,-3.486674235,0,1,1,1 
HDVD_55,Heavy Duty Trucks_Diesel_Rigid >32 t_Euro V,EGR,,-0.06,0,10,70,-0.010039258,0.715499848,-0.834849986,0.138381117,0.87751543,0.536683945,0.616606587,0,1,1,1 
HDVD_55,Heavy Duty Trucks_Diesel_Rigid >32 t_Euro V,EGR,,-0.06,0.5,10,65,-0.009999051,0.709723457,-0.843570861,0.004358735,0.9573583,0.415543292,0.648530374,0,1,1,1 
HDVD_55,Heavy Duty Trucks_Diesel_Rigid >32 t_Euro V,EGR,,-0.06,1,10,65,-0.009786574,0.694438062,-0.850927851,0.007171226,0.974754373,0.414014219,0.634365764,0,1,1,1 
HDVD_55,Heavy Duty Trucks_Diesel_Rigid >32 t_Euro V,EGR,,-0.04,0,10,85,-0.008380976,0.797921127,-0.889164942,-0.054022025,0.839020513,0.386238259,0.710124657,0,1,1,1 
HDVD_55,Heavy Duty Trucks_Diesel_Rigid >32 t_Euro V,EGR,,-0.04,0.5,10,85,-0.00235404,0.212587119,-0.704544259,1.03225255,0.22454963,-0.91934948,3.549936997,0,1,1,1 
HDVD_55,Heavy Duty Trucks_Diesel_Rigid >32 t_Euro V,EGR,,-0.04,1,10,85,-0.002140624,0.193906409,-0.650435764,0.892241031,0.198958552,-0.793361795,3.075691897,0,1,1,1 
HDVD_55,Heavy Duty Trucks_Diesel_Rigid >32 t_Euro V,EGR,,-0.02,0,10,85,5.27E-05,0.032014237,0.17110023,0.279647846,0.043069373,-0.121651419,2.183989377,0,1,1,1 
HDVD_55,Heavy Duty Trucks_Diesel_Rigid >32 t_Euro V,EGR,,-0.02,0.5,10,85,-0.00275285,0.393770569,-1.548340222,2.08201438,0.275880697,-0.632768972,1.646589603,0,1,1,1 
HDVD_55,Heavy Duty Trucks_Diesel_Rigid >32 t_Euro V,EGR,,-0.02,1,10,85,-0.005486121,0.643288564,-0.709676196,0.105984411,0.351826684,1.500501902,0.178363644,0,1,1,1 
HDVD_55,Heavy Duty Trucks_Diesel_Rigid >32 t_Euro V,EGR,,0,0,10,85,0.000732762,0.044626473,0.2392906,0.306006165,0.048599881,-0.059724268,2.110427367,0,1,1,1 
HDVD_55,Heavy Duty Trucks_Diesel_Rigid >32 t_Euro V,EGR,,0,0.5,10,85,0.001113315,0.080425001,0.19493676,0.486265261,0.066857355,-0.079805288,2.562659836,0,1,1,1 
HDVD_55,Heavy Duty Trucks_Diesel_Rigid >32 t_Euro V,EGR,,0,1,10,85,0.001277315,0.315328052,-1.557894533,0.671635502,0.139732019,0.230253736,-3.689411789,0,1,1,1 
HDVD_55,Heavy Duty Trucks_Diesel_Rigid >32 t_Euro V,EGR,,0.02,0,10,85,0.000884293,0.003692899,0.8570854,-0.005095427,0.021381833,0.153638305,3.028167207,0,1,1,1 
HDVD_55,Heavy Duty Trucks_Diesel_Rigid >32 t_Euro V,EGR,,0.02,0.5,10,85,0.001371979,0.010947275,0.636592227,0.112645648,0.024280373,0.031817958,2.519980855,0,1,1,1 
HDVD_55,Heavy Duty Trucks_Diesel_Rigid >32 t_Euro V,EGR,,0.02,1,10,80,7.28E-05,-0.003095752,0.661411201,-0.19741173,-0.00079085,0.163867909,1.670943003,0,1,1,1 
HDVD_55,Heavy Duty Trucks_Diesel_Rigid >32 t_Euro V,EGR,,0.04,0,10,85,0.003527625,0.024306066,0.713137656,0.425144449,0.06478804,-0.218594979,3.778131532,0,1,1,1 
HDVD_55,Heavy Duty Trucks_Diesel_Rigid >32 t_Euro V,EGR,,0.04,0.5,10,75,0.058576273,1.035360646,-1.016171518,-0.313933951,0.76101451,0.27986401,0.147155485,0,1,1,1 
HDVD_55,Heavy Duty Trucks_Diesel_Rigid >32 t_Euro V,EGR,,0.04,1,10,60,-0.000648404,0.023968027,1.504638423,-0.876557395,-0.007862596,0.52959936,2.436689259,0,1,1,1 
HDVD_55,Heavy Duty Trucks_Diesel_Rigid >32 t_Euro V,EGR,,0.06,0,10,85,0.001589392,-0.007998175,1.305719343,-0.49070567,0.016018648,0.229606931,3.185505228,0,1,1,1 
HDVD_55,Heavy Duty Trucks_Diesel_Rigid >32 t_Euro V,EGR,,0.06,0.5,10,60,-0.000738747,0.033110629,1.676115246,-1.10633401,-0.008208351,0.614044223,2.507135544,0,1,1,1 
HDVD_55,Heavy Duty Trucks_Diesel_Rigid >32 t_Euro V,EGR,,0.06,1,10,45,-0.000999899,0.015335529,1.560702433,-0.905388171,-0.010571118,0.460736037,2.204856741,0,1,1,1 
HDVD_56,Heavy Duty Trucks_Diesel_Rigid >32 t_Euro VI,,,-0.06,0,10,65,-2.68E-05,0.002471274,-0.045873673,0.260242915,0.01949,-0.427579864,2.542295476,0,1,1,1 
HDVD_56,Heavy Duty Trucks_Diesel_Rigid >32 t_Euro VI,,,-0.06,0.5,10,65,-2.88E-05,0.002577082,-0.045496907,0.240089721,0.022494517,-0.465621218,2.546595145,0,1,1,1 
HDVD_56,Heavy Duty Trucks_Diesel_Rigid >32 t_Euro VI,,,-0.06,1,10,65,-2.77E-05,0.002487459,-0.04335418,0.226718251,0.023271433,-0.471005006,2.526913642,0,1,1,1 
HDVD_56,Heavy Duty Trucks_Diesel_Rigid >32 t_Euro VI,,,-0.04,0,10,80,-0.002131188,0.178486838,0.043851147,0.149419295,1.489990676,0.471674125,0.361937936,0,1,1,1 
HDVD_56,Heavy Duty Trucks_Diesel_Rigid >32 t_Euro VI,,,-0.04,0.5,10,85,0.000113119,-0.011805313,0.184515606,-0.498686546,-0.088746718,1.621178963,-4.552637561,0,1,1,1 
HDVD_56,Heavy Duty Trucks_Diesel_Rigid >32 t_Euro VI,,,-0.04,1,10,85,-7.60E-05,0.007730311,-0.10349543,0.457891285,0.065387959,-1.011675405,4.643771581,0,1,1,1 
HDVD_56,Heavy Duty Trucks_Diesel_Rigid >32 t_Euro VI,,,-0.02,0,10,85,4.04E-05,-0.011510332,0.772719395,0.131661955,-0.062852686,5.794164818,0.709015133,0,1,1,1 
HDVD_56,Heavy Duty Trucks_Diesel_Rigid >32 t_Euro VI,,,-0.02,0.5,10,85,-0.001600513,0.230712171,-0.046275656,-0.149629832,1.548504989,0.418604834,0.408387279,0,1,1,1 
HDVD_56,Heavy Duty Trucks_Diesel_Rigid >32 t_Euro VI,,,-0.02,1,10,85,-0.000324262,0.035900452,0.204847203,0.024665457,0.211780504,1.969247534,0.273750514,0,1,1,1 
HDVD_56,Heavy Duty Trucks_Diesel_Rigid >32 t_Euro VI,,,0,0,10,85,0.002174318,0.21356333,0.051866063,0.121627439,1.480509122,0.467827833,0.378156774,0,1,1,1 
HDVD_56,Heavy Duty Trucks_Diesel_Rigid >32 t_Euro VI,,,0,0.5,10,85,0.001896157,0.222792188,-0.116108534,0.471235055,1.363698146,0.476510243,0.328181621,0,1,1,1 
HDVD_56,Heavy Duty Trucks_Diesel_Rigid >32 t_Euro VI,,,0,1,10,85,0.00237363,0.195083927,0.050645938,0.686221174,1.276385359,0.456665145,0.296434971,0,1,1,1 
HDVD_56,Heavy Duty Trucks_Diesel_Rigid >32 t_Euro VI,,,0.02,0,10,85,0.003358465,0.242862609,0.012047305,0.084291713,1.482133071,0.455243109,0.391259458,0,1,1,1 
HDVD_56,Heavy Duty Trucks_Diesel_Rigid >32 t_Euro VI,,,0.02,0.5,10,85,0.000247605,0.009381012,-0.138682213,0.839431881,0.077744732,-1.007570902,5.488797814,0,1,1,1 
HDVD_56,Heavy Duty Trucks_Diesel_Rigid >32 t_Euro VI,,,0.02,1,10,85,0.000173548,0.004167441,-0.062469649,1.313431014,0.044545949,-0.724757272,8.873125901,0,1,1,1 
HDVD_56,Heavy Duty Trucks_Diesel_Rigid >32 t_Euro VI,,,0.04,0,10,85,0.000107603,0.014437012,0.346892624,0.015931929,0.039154677,2.115168153,0.424809768,0,1,1,1 
HDVD_56,Heavy Duty Trucks_Diesel_Rigid >32 t_Euro VI,,,0.04,0.5,10,80,-2.07E-05,0.000266301,0.117178214,0.731525415,-0.005421491,0.399341097,5.241572555,0,1,1,1 
HDVD_56,Heavy Duty Trucks_Diesel_Rigid >32 t_Euro VI,,,0.04,1,10,60,4.95E-05,-0.001706789,0.078777405,1.15682908,0.004841309,-0.104656254,8.186006549,0,1,1,1 
HDVD_56,Heavy Duty Trucks_Diesel_Rigid >32 t_Euro VI,,,0.06,0,10,85,5.53E-05,0.003046042,0.071820791,0.554227318,0.013639917,0.238236173,3.873205862,0,1,1,1 
HDVD_56,Heavy Duty Trucks_Diesel_Rigid >32 t_Euro VI,,,0.06,0.5,10,60,8.11E-05,-0.000580172,0.058500386,0.90240103,0.010623634,-0.133095926,6.426761452,0,1,1,1 
HDVD_56,Heavy Duty Trucks_Diesel_Rigid >32 t_Euro VI,,,0.06,1,10,45,-2.86E-05,-0.001523699,0.114710376,0.672632347,-0.006688582,0.199329917,4.872268086,0,1,1,1 
HDVD_57,Heavy Duty Trucks_Diesel_Articulated 14 - 20 t_Conventional,,,-0.06,0,12,86,-3.06E-05,0.014282752,2.39164347,-2.471171754,0.008684612,0.090255552,0.882295377,0,1,1,1 
HDVD_57,Heavy Duty Trucks_Diesel_Articulated 14 - 20 t_Conventional,,,-0.06,0.5,12,86,-1.31E-05,0.005112423,1.672875802,-5.721218326,0.005233449,0.068002909,0.207069736,0,1,1,1 
HDVD_57,Heavy Duty Trucks_Diesel_Articulated 14 - 20 t_Conventional,,,-0.06,1,12,86,-1.27E-05,0.004869747,1.688816772,-5.859042973,0.005283323,0.068038412,0.232379591,0,1,1,1 
HDVD_57,Heavy Duty Trucks_Diesel_Articulated 14 - 20 t_Conventional,,,-0.04,0,12,86,-2.05E-05,0.010143583,1.547143464,-5.004374574,0.004047222,0.071287768,0.05683058,0,1,1,1 
HDVD_57,Heavy Duty Trucks_Diesel_Articulated 14 - 20 t_Conventional,,,-0.04,0.5,12,86,-3.68E-05,0.017549151,2.887104084,-2.467261892,0.008538276,0.09668336,1.197075874,0,1,1,1 
HDVD_57,Heavy Duty Trucks_Diesel_Articulated 14 - 20 t_Conventional,,,-0.04,1,12,86,-3.30E-05,0.014687131,3.041045742,-1.979511889,0.008837556,0.081942505,1.57466562,0,1,1,1 
HDVD_57,Heavy Duty Trucks_Diesel_Articulated 14 - 20 t_Conventional,,,-0.02,0,12,86,0.000269498,-0.007178176,0.812032321,2.784950326,0.001363505,0.02502619,0.556145898,0,1,1,1 
HDVD_57,Heavy Duty Trucks_Diesel_Articulated 14 - 20 t_Conventional,,,-0.02,0.5,12,86,0.00044719,-0.0189356,2.592409499,4.749995871,0.002962984,0.102918783,1.360985289,0,1,1,1 
HDVD_57,Heavy Duty Trucks_Diesel_Articulated 14 - 20 t_Conventional,,,-0.02,1,12,86,0.000128577,-0.006355879,1.991333855,2.246959489,0.001544363,0.105103078,0.757181068,0,1,1,1 
HDVD_57,Heavy Duty Trucks_Diesel_Articulated 14 - 20 t_Conventional,,,0,0,12,86,5.33E-06,0.002481506,0.511788716,4.910777318,-8.48E-05,0.040449367,0.421740637,0,1,1,1 
HDVD_57,Heavy Duty Trucks_Diesel_Articulated 14 - 20 t_Conventional,,,0,0.5,12,86,3.96E-06,0.0021493,0.391819985,2.803980567,-7.02E-05,0.030222017,0.247411043,0,1,1,1 
HDVD_57,Heavy Duty Trucks_Diesel_Articulated 14 - 20 t_Conventional,,,0,1,12,86,-2.53E-06,0.004342185,0.715529875,4.208014801,-0.000135944,0.049453239,0.428710027,0,1,1,1 
HDVD_57,Heavy Duty Trucks_Diesel_Articulated 14 - 20 t_Conventional,,,0.02,0,12,86,8.90E-06,0.003752772,0.573063195,4.092366341,-0.000107959,0.041251808,0.351984226,0,1,1,1 
HDVD_57,Heavy Duty Trucks_Diesel_Articulated 14 - 20 t_Conventional,,,0.02,0.5,12,86,1.82E-05,0.005101421,0.568150081,3.865221713,-0.0001216,0.037869329,0.359208968,0,1,1,1 
HDVD_57,Heavy Duty Trucks_Diesel_Articulated 14 - 20 t_Conventional,,,0.02,1,12,86,9.89E-05,0.003248737,1.035184093,4.887193946,-9.66E-05,0.043335215,0.679721413,0,1,1,1 
HDVD_57,Heavy Duty Trucks_Diesel_Articulated 14 - 20 t_Conventional,,,0.04,0,12,86,-2.91E-06,-0.000255393,0.002464175,6.99870543,1.82E-05,-0.006944268,0.549556475,0,1,1,1 
HDVD_57,Heavy Duty Trucks_Diesel_Articulated 14 - 20 t_Conventional,,,0.04,0.5,12,79,6.51E-05,0.006923026,0.63515444,6.751481491,-0.000154418,0.032937752,0.599451042,0,1,1,1 
HDVD_57,Heavy Duty Trucks_Diesel_Articulated 14 - 20 t_Conventional,,,0.04,1,12,66,0.000112523,0.017553542,0.4429055,4.403306391,9.57E-05,0.023271966,0.424143798,0,1,1,1 
HDVD_57,Heavy Duty Trucks_Diesel_Articulated 14 - 20 t_Conventional,,,0.06,0,12,81,0.000280571,0.018060356,1.865770576,-4.914013537,-0.000726489,0.151349979,-0.414841639,0,1,1,1 
HDVD_57,Heavy Duty Trucks_Diesel_Articulated 14 - 20 t_Conventional,,,0.06,0.5,12,62,0.000831447,0.061901093,0.68963798,9.560361403,0.000511411,0.0865439,0.496603208,0,1,1,1 
HDVD_57,Heavy Duty Trucks_Diesel_Articulated 14 - 20 t_Conventional,,,0.06,1,12,50,0.003623112,0.288643279,-0.368054801,9.615199427,0.003290082,0.203552923,-0.341613156,0,1,1,1 
HDVD_58,Heavy Duty Trucks_Diesel_Articulated 14 - 20 t_Euro I,,,-0.06,0,12,86,8.37E-06,-0.003526377,0.48515643,3.526226681,7.16E-05,0.066241825,0.602211153,0,1,1,1 
HDVD_58,Heavy Duty Trucks_Diesel_Articulated 14 - 20 t_Euro I,,,-0.06,0.5,12,86,1.10E-05,-0.00420559,0.51232461,3.498113657,3.36E-05,0.068615941,0.684093077,0,1,1,1 
HDVD_58,Heavy Duty Trucks_Diesel_Articulated 14 - 20 t_Euro I,,,-0.06,1,12,86,8.45E-06,-0.003070812,0.348554106,2.258556896,-3.08E-06,0.045623599,0.490660316,0,1,1,1 
HDVD_58,Heavy Duty Trucks_Diesel_Articulated 14 - 20 t_Euro I,,,-0.04,0,12,86,5.67E-06,-0.002330296,0.311221965,2.224809462,-1.15E-05,0.037377241,0.354926681,0,1,1,1 
HDVD_58,Heavy Duty Trucks_Diesel_Articulated 14 - 20 t_Euro I,,,-0.04,0.5,12,86,7.16E-06,-0.002551399,0.281660577,1.786416054,-2.09E-05,0.031660626,0.354325778,0,1,1,1 
HDVD_58,Heavy Duty Trucks_Diesel_Articulated 14 - 20 t_Euro I,,,-0.04,1,12,86,1.31E-05,-0.004251363,0.415550915,2.209189098,-1.53E-05,0.040599088,0.547047276,0,1,1,1 
HDVD_58,Heavy Duty Trucks_Diesel_Articulated 14 - 20 t_Euro I,,,-0.02,0,12,86,1.39E-05,0.002223708,0.599542861,4.857153314,-0.000104864,0.089844167,0.547285178,0,1,1,1 
HDVD_58,Heavy Duty Trucks_Diesel_Articulated 14 - 20 t_Euro I,,,-0.02,0.5,12,86,2.42E-06,0.00111828,0.416751988,2.999324545,7.52E-06,0.05808655,0.408493677,0,1,1,1 
HDVD_58,Heavy Duty Trucks_Diesel_Articulated 14 - 20 t_Euro I,,,-0.02,1,12,86,-0.000173544,0.055041755,0.009659245,-3.835255555,0.005090295,0.043821347,-0.721884552,0,1,1,1 
HDVD_58,Heavy Duty Trucks_Diesel_Articulated 14 - 20 t_Euro I,,,0,0,12,86,0.000273907,0.001180215,1.20607924,1.617099034,0.001884283,0.090142438,0.782051998,0,1,1,1 
HDVD_58,Heavy Duty Trucks_Diesel_Articulated 14 - 20 t_Euro I,,,0,0.5,12,86,0.0003526,-0.006310572,1.044680639,1.923538236,0.001766932,0.043687192,1.017042604,0,1,1,1 
HDVD_58,Heavy Duty Trucks_Diesel_Articulated 14 - 20 t_Euro I,,,0,1,12,86,0.00032557,-0.011204222,0.080818177,6.682492968,0.001734433,-0.077091554,1.496151769,0,1,1,1 
HDVD_58,Heavy Duty Trucks_Diesel_Articulated 14 - 20 t_Euro I,,,0.02,0,12,86,4.31E-06,0.001165647,0.170418796,2.460073247,-5.82E-05,0.019931447,0.347627513,0,1,1,1 
HDVD_58,Heavy Duty Trucks_Diesel_Articulated 14 - 20 t_Euro I,,,0.02,0.5,12,86,0.000431672,-0.010600878,0.505758901,2.071394734,0.00140989,-0.01386395,0.862810895,0,1,1,1 
HDVD_58,Heavy Duty Trucks_Diesel_Articulated 14 - 20 t_Euro I,,,0.02,1,12,86,0.000622718,-0.020715279,0.708103794,2.1728394,0.001628941,-0.035760333,1.209407755,0,1,1,1 
HDVD_58,Heavy Duty Trucks_Diesel_Articulated 14 - 20 t_Euro I,,,0.04,0,12,86,0.000188653,0.027793388,2.690816778,0.814400303,-0.001504836,0.380179605,0.116012553,0,1,1,1 
HDVD_58,Heavy Duty Trucks_Diesel_Articulated 14 - 20 t_Euro I,,,0.04,0.5,12,80,5.58E-05,0.011800525,0.823990092,3.82497689,-0.000299588,0.07663654,0.869153132,0,1,1,1 
HDVD_58,Heavy Duty Trucks_Diesel_Articulated 14 - 20 t_Euro I,,,0.04,1,12,67,-8.99E-05,0.031237522,1.425419115,2.558887261,-0.000394799,0.097924069,1.360156378,0,1,1,1 
HDVD_58,Heavy Duty Trucks_Diesel_Articulated 14 - 20 t_Euro I,,,0.06,0,12,82,5.59E-05,0.006650989,0.563396765,4.34944937,-0.000246799,0.05566991,0.807117728,0,1,1,1 
HDVD_58,Heavy Duty Trucks_Diesel_Articulated 14 - 20 t_Euro I,,,0.06,0.5,12,62,1.39E-05,0.031012615,1.235291275,2.308075015,-0.000353608,0.096142624,1.208899275,0,1,1,1 
HDVD_58,Heavy Duty Trucks_Diesel_Articulated 14 - 20 t_Euro I,,,0.06,1,12,51,0.001592569,0.135586522,-1.411680042,-3.637230477,0.002948026,0.147145206,-2.037158991,0,1,1,1 
HDVD_59,Heavy Duty Trucks_Diesel_Articulated 14 - 20 t_Euro II,,,-0.06,0,12,86,-2.20E-05,0.036234664,1.975209297,-4.721259571,0.020300401,0.744811183,1.101227291,0,1,1,1 
HDVD_59,Heavy Duty Trucks_Diesel_Articulated 14 - 20 t_Euro II,,,-0.06,0.5,12,86,-1.93E-05,0.012090801,0.999179661,-3.925757889,0.008998595,0.222296873,1.231768638,0,1,1,1 
HDVD_59,Heavy Duty Trucks_Diesel_Articulated 14 - 20 t_Euro II,,,-0.06,1,12,86,-2.22E-05,0.010947092,1.088690031,-4.790304148,0.009153772,0.187381443,1.536490461,0,1,1,1 
HDVD_59,Heavy Duty Trucks_Diesel_Articulated 14 - 20 t_Euro II,,,-0.04,0,12,86,-2.23E-05,0.025912383,1.586380969,-4.403953545,0.014815393,0.495177262,0.952706499,0,1,1,1 
HDVD_59,Heavy Duty Trucks_Diesel_Articulated 14 - 20 t_Euro II,,,-0.04,0.5,12,86,-2.05E-05,0.014703235,1.068559944,-4.036179727,0.008842042,0.236259188,1.194983755,0,1,1,1 
HDVD_59,Heavy Duty Trucks_Diesel_Articulated 14 - 20 t_Euro II,,,-0.04,1,12,86,-2.91E-05,0.011490072,1.246144974,-6.2360488,0.008969602,0.141311464,1.97321389,0,1,1,1 
HDVD_59,Heavy Duty Trucks_Diesel_Articulated 14 - 20 t_Euro II,,,-0.02,0,12,86,6.98E-16,1.34E-13,2.244511159,1.73E-11,-0.002519608,0.869279899,2.150547601,0,1,1,1 
HDVD_59,Heavy Duty Trucks_Diesel_Articulated 14 - 20 t_Euro II,,,-0.02,0.5,12,86,0.000386833,-0.017917361,0.915158714,6.740104294,0.008403944,-0.230984348,8.434294114,0,1,1,1 
HDVD_59,Heavy Duty Trucks_Diesel_Articulated 14 - 20 t_Euro II,,,-0.02,1,12,86,0.000249218,-0.016164133,1.052189308,3.351836963,0.004296956,-0.076519782,5.742415152,0,1,1,1 
HDVD_59,Heavy Duty Trucks_Diesel_Articulated 14 - 20 t_Euro II,,,0,0,12,86,-1.42E-18,-3.12E-17,2.465532463,9.38E-14,-0.00675998,0.840360161,2.654726447,0,1,1,1 
HDVD_59,Heavy Duty Trucks_Diesel_Articulated 14 - 20 t_Euro II,,,0,0.5,12,86,0.000211088,-0.018073222,0.738376889,0.669391798,0.000555605,-0.008999926,2.633467925,0,1,1,1 
HDVD_59,Heavy Duty Trucks_Diesel_Articulated 14 - 20 t_Euro II,,,0,1,12,86,0.000179502,-0.017174902,0.796430111,0.214024813,0.000212282,0.004693062,2.299599095,0,1,1,1 
HDVD_59,Heavy Duty Trucks_Diesel_Articulated 14 - 20 t_Euro II,,,0.02,0,12,86,-1.94E-16,1.04E-14,1.463311026,-4.65E-12,-0.002045331,0.248394237,3.459311511,0,1,1,1 
HDVD_59,Heavy Duty Trucks_Diesel_Articulated 14 - 20 t_Euro II,,,0.02,0.5,12,86,-1.03E-15,4.36E-14,0.879661356,-1.80E-11,-0.000774931,0.102082994,1.933941595,0,1,1,1 
HDVD_59,Heavy Duty Trucks_Diesel_Articulated 14 - 20 t_Euro II,,,0.02,1,12,86,0.000693761,-0.035023604,2.318353473,2.310700484,0.002814772,-0.041428944,6.675252416,0,1,1,1 
HDVD_59,Heavy Duty Trucks_Diesel_Articulated 14 - 20 t_Euro II,,,0.04,0,12,86,0.001044247,0.151513358,-0.671748348,-1.722210183,0.011114474,0.587009837,-4.598195621,0,1,1,1 
HDVD_59,Heavy Duty Trucks_Diesel_Articulated 14 - 20 t_Euro II,,,0.04,0.5,12,84,0.000211999,-0.013988151,1.465303065,0.353427515,0.000672599,0.015789243,3.712747182,0,1,1,1 
HDVD_59,Heavy Duty Trucks_Diesel_Articulated 14 - 20 t_Euro II,,,0.04,1,12,72,0.000170694,-0.024370653,1.187801897,-0.181316308,0.000149753,-0.027500847,2.630788825,0,1,1,1 
HDVD_59,Heavy Duty Trucks_Diesel_Articulated 14 - 20 t_Euro II,,,0.06,0,12,85,0.000196189,-0.021549098,1.861720216,0.095009807,0.000229081,0.019891678,4.810985658,0,1,1,1 
HDVD_59,Heavy Duty Trucks_Diesel_Articulated 14 - 20 t_Euro II,,,0.06,0.5,12,68,-4.94E-05,0.061400628,1.53932884,1.33216921,0.001278027,0.240583397,2.916453245,0,1,1,1 
HDVD_59,Heavy Duty Trucks_Diesel_Articulated 14 - 20 t_Euro II,,,0.06,1,12,52,0.00034088,-0.036162785,1.269750443,-0.628812077,0.000410525,-0.046100233,2.3014016,0,1,1,1 
HDVD_60,Heavy Duty Trucks_Diesel_Articulated 14 - 20 t_Euro III,,,-0.06,0,12,86,-0.000118091,0.064184015,1.639527752,2.577717348,0.014583294,0.464838234,1.041156674,0,1,1,1 
HDVD_60,Heavy Duty Trucks_Diesel_Articulated 14 - 20 t_Euro III,,,-0.06,0.5,12,86,-1.42E-05,0.040489777,2.491182172,-0.771379628,0.011735335,0.582617631,1.613571631,0,1,1,1 
HDVD_60,Heavy Duty Trucks_Diesel_Articulated 14 - 20 t_Euro III,,,-0.06,1,12,86,-1.93E-05,0.050680955,2.507939802,-4.990682909,0.014595342,0.579346906,0.716541612,0,1,1,1 
HDVD_60,Heavy Duty Trucks_Diesel_Articulated 14 - 20 t_Euro III,,,-0.04,0,12,86,-6.41E-05,0.04067366,1.196493888,2.549467655,0.008988494,0.309321962,0.848587609,0,1,1,1 
HDVD_60,Heavy Duty Trucks_Diesel_Articulated 14 - 20 t_Euro III,,,-0.04,0.5,12,86,-0.000457321,0.182566915,2.59914332,-2.89062843,0.036627789,0.852239291,-0.515840132,0,1,1,1 
HDVD_60,Heavy Duty Trucks_Diesel_Articulated 14 - 20 t_Euro III,,,-0.04,1,12,86,-1.49E-05,0.021270133,1.880335672,-0.37584879,0.0067586,0.361205957,2.051511921,0,1,1,1 
HDVD_60,Heavy Duty Trucks_Diesel_Articulated 14 - 20 t_Euro III,,,-0.02,0,12,86,-1.75E-17,2.93E-15,5.17080266,-8.68E-11,-0.00564523,1.300260216,0.310905449,0,1,1,1 
HDVD_60,Heavy Duty Trucks_Diesel_Articulated 14 - 20 t_Euro III,,,-0.02,0.5,12,86,2.07E-14,2.13E-12,2.482029283,3.22E-09,-0.002020537,0.615458729,0.573276584,0,1,1,1 
HDVD_60,Heavy Duty Trucks_Diesel_Articulated 14 - 20 t_Euro III,,,-0.02,1,12,86,-2.53E-05,1.011116584,0.076136458,0.68625238,0.203032203,0.775212253,0.344369267,0,1,1,1 
HDVD_60,Heavy Duty Trucks_Diesel_Articulated 14 - 20 t_Euro III,,,0,0,12,86,7.86E-18,1.57E-16,1.942800162,3.29E-12,-0.002238273,0.482104844,0.227817883,0,1,1,1 
HDVD_60,Heavy Duty Trucks_Diesel_Articulated 14 - 20 t_Euro III,,,0,0.5,12,86,2.26E-15,-3.85E-14,2.139382843,7.22E-10,-0.002786038,0.520680211,0.409568487,0,1,1,1 
HDVD_60,Heavy Duty Trucks_Diesel_Articulated 14 - 20 t_Euro III,,,0,1,12,86,1.69E-06,0.003594341,0.587975935,3.638189481,-0.000351493,0.135955271,1.138076167,0,1,1,1 
HDVD_60,Heavy Duty Trucks_Diesel_Articulated 14 - 20 t_Euro III,,,0.02,0,12,86,3.84E-05,0.01618135,0.606178797,2.749313077,0.000879738,0.195315125,0.534080739,0,1,1,1 
HDVD_60,Heavy Duty Trucks_Diesel_Articulated 14 - 20 t_Euro III,,,0.02,0.5,12,86,0.000109964,0.036289511,1.073029935,3.18610519,0.002016522,0.348478484,0.653792826,0,1,1,1 
HDVD_60,Heavy Duty Trucks_Diesel_Articulated 14 - 20 t_Euro III,,,0.02,1,12,86,-3.72E-06,0.015105374,1.452946038,6.533059974,-0.000866615,0.282835093,2.896813959,0,1,1,1 
HDVD_60,Heavy Duty Trucks_Diesel_Articulated 14 - 20 t_Euro III,,,0.04,0,12,86,0.000173058,0.049674035,0.306310029,-3.217944983,0.004390239,0.258537843,-1.909714635,0,1,1,1 
HDVD_60,Heavy Duty Trucks_Diesel_Articulated 14 - 20 t_Euro III,,,0.04,0.5,12,85,1.52E-05,0.005649139,0.510001886,2.667457482,-0.000340571,0.103385002,1.017293469,0,1,1,1 
HDVD_60,Heavy Duty Trucks_Diesel_Articulated 14 - 20 t_Euro III,,,0.04,1,12,72,-3.25E-05,0.015759518,1.002103549,2.842207773,-0.0006243,0.16636501,1.962781681,0,1,1,1 
HDVD_60,Heavy Duty Trucks_Diesel_Articulated 14 - 20 t_Euro III,,,0.06,0,12,86,1.13E-05,0.005125327,0.473084309,2.430479137,-0.000310927,0.097415905,0.956231603,0,1,1,1 
HDVD_60,Heavy Duty Trucks_Diesel_Articulated 14 - 20 t_Euro III,,,0.06,0.5,12,69,2.43E-05,0.010837378,0.657823065,2.293867566,-0.000469172,0.123157018,1.278364236,0,1,1,1 
HDVD_60,Heavy Duty Trucks_Diesel_Articulated 14 - 20 t_Euro III,,,0.06,1,12,55,-3.67E-05,0.08721314,1.98268078,1.622788891,0.001997829,0.337258318,3.690093723,0,1,1,1 
HDVD_61,Heavy Duty Trucks_Diesel_Articulated 14 - 20 t_Euro IV,,,-0.06,0,12,86,5.10E-06,-0.001760331,0.18021796,1.121908223,-0.000892418,0.323975451,3.976392598,0,1,1,1 
HDVD_61,Heavy Duty Trucks_Diesel_Articulated 14 - 20 t_Euro IV,,,-0.06,0.5,12,86,4.22E-06,-0.001392472,0.134815775,0.770137784,-0.000657526,0.227291086,3.082768807,0,1,1,1 
HDVD_61,Heavy Duty Trucks_Diesel_Articulated 14 - 20 t_Euro IV,,,-0.06,1,12,86,4.98E-06,-0.001596661,0.149481138,0.782666588,-0.000652452,0.235515464,3.481659422,0,1,1,1 
HDVD_61,Heavy Duty Trucks_Diesel_Articulated 14 - 20 t_Euro IV,,,-0.04,0,12,86,4.24E-06,-0.001394185,0.135554684,0.757310771,-0.000454835,0.18991992,2.587926282,0,1,1,1 
HDVD_61,Heavy Duty Trucks_Diesel_Articulated 14 - 20 t_Euro IV,,,-0.04,0.5,12,86,5.69E-06,-0.0017924,0.166738541,0.803262735,-0.000338762,0.204561803,3.158167222,0,1,1,1 
HDVD_61,Heavy Duty Trucks_Diesel_Articulated 14 - 20 t_Euro IV,,,-0.04,1,12,86,7.72E-06,-0.002351313,0.21060892,0.848426533,-0.00015186,0.221127293,3.918663188,0,1,1,1 
HDVD_61,Heavy Duty Trucks_Diesel_Articulated 14 - 20 t_Euro IV,,,-0.02,0,12,86,-1.91E-06,0.026340173,1.119085188,-1.353018439,0.042060085,1.788486382,1.935447553,0,1,1,1 
HDVD_61,Heavy Duty Trucks_Diesel_Articulated 14 - 20 t_Euro IV,,,-0.02,0.5,12,86,8.87E-06,-0.002725223,0.199851001,0.991033865,-0.001508272,0.168211004,3.536793068,0,1,1,1 
HDVD_61,Heavy Duty Trucks_Diesel_Articulated 14 - 20 t_Euro IV,,,-0.02,1,12,86,5.15E-06,-0.003718732,0.31140197,-2.292604821,-0.003825825,0.369820132,-2.284660121,0,1,1,1 
HDVD_61,Heavy Duty Trucks_Diesel_Articulated 14 - 20 t_Euro IV,,,0,0,12,86,2.12E-17,6.33E-16,0.649604797,5.20E-13,-0.005472049,0.822507196,3.19546734,0,1,1,1 
HDVD_61,Heavy Duty Trucks_Diesel_Articulated 14 - 20 t_Euro IV,,,0,0.5,12,86,4.95E-17,2.22E-15,0.686273565,1.04E-12,-0.003570623,0.622832966,4.836193788,0,1,1,1 
HDVD_61,Heavy Duty Trucks_Diesel_Articulated 14 - 20 t_Euro IV,,,0,1,12,86,0.001015815,-0.011567431,-0.08667151,11.71595524,0.056303784,-1.876547025,28.4037189,0,1,1,1 
HDVD_61,Heavy Duty Trucks_Diesel_Articulated 14 - 20 t_Euro IV,,,0.02,0,12,86,2.33E-05,0.006356239,0.432466279,1.817878694,-0.001634407,0.456577595,5.429655958,0,1,1,1 
HDVD_61,Heavy Duty Trucks_Diesel_Articulated 14 - 20 t_Euro IV,,,0.02,0.5,12,86,-1.39E-05,0.003320592,0.20826347,0.474250424,-0.0006143,0.144629172,2.262367081,0,1,1,1 
HDVD_61,Heavy Duty Trucks_Diesel_Articulated 14 - 20 t_Euro IV,,,0.02,1,12,86,-1.19E-05,0.013942136,0.420382729,0.509204605,0.001671011,0.300081113,3.686607902,0,1,1,1 
HDVD_61,Heavy Duty Trucks_Diesel_Articulated 14 - 20 t_Euro IV,,,0.04,0,12,86,-0.000214659,0.019641429,-0.011571105,-2.000239198,-0.005038715,0.512217603,-5.050456738,0,1,1,1 
HDVD_61,Heavy Duty Trucks_Diesel_Articulated 14 - 20 t_Euro IV,,,0.04,0.5,12,85,-0.000183329,0.01253414,0.578211312,-1.536784502,-0.00354439,0.386997656,2.348180383,0,1,1,1 
HDVD_61,Heavy Duty Trucks_Diesel_Articulated 14 - 20 t_Euro IV,,,0.04,1,12,73,-0.000862569,0.229512409,0.581101244,-1.257200067,0.028258419,2.194774552,-0.088204426,0,1,1,1 
HDVD_61,Heavy Duty Trucks_Diesel_Articulated 14 - 20 t_Euro IV,,,0.06,0,12,86,-0.000571512,0.051778817,0.59288967,-2.881484803,-0.008215323,0.997281664,-0.206120172,0,1,1,1 
HDVD_61,Heavy Duty Trucks_Diesel_Articulated 14 - 20 t_Euro IV,,,0.06,0.5,12,69,5.91E-06,-0.008552847,0.72690132,-0.273205711,-0.001232662,0.070458204,5.0525612,0,1,1,1 
HDVD_61,Heavy Duty Trucks_Diesel_Articulated 14 - 20 t_Euro IV,,,0.06,1,12,57,-0.000531365,0.123517981,0.962981718,-0.199027399,0.020017203,1.145259217,2.805744407,0,1,1,1 
HDVD_61,Heavy Duty Trucks_Diesel_Articulated 14 - 20 t_Euro IV,,,-0.06,0,12,86,5.10E-06,-0.001760331,0.18021796,1.121908223,-0.000892418,0.323975451,3.976392598,0,1,1,1 
HDVD_61,Heavy Duty Trucks_Diesel_Articulated 14 - 20 t_Euro IV,,,-0.06,0.5,12,86,4.22E-06,-0.001392472,0.134815775,0.770137784,-0.000657526,0.227291086,3.082768807,0,1,1,1 
HDVD_61,Heavy Duty Trucks_Diesel_Articulated 14 - 20 t_Euro IV,,,-0.06,1,12,86,4.98E-06,-0.001596661,0.149481138,0.782666588,-0.000652452,0.235515464,3.481659422,0,1,1,1 
HDVD_61,Heavy Duty Trucks_Diesel_Articulated 14 - 20 t_Euro IV,,,-0.04,0,12,86,4.24E-06,-0.001394185,0.135554684,0.757310771,-0.000454835,0.18991992,2.587926282,0,1,1,1 
HDVD_61,Heavy Duty Trucks_Diesel_Articulated 14 - 20 t_Euro IV,,,-0.04,1,12,86,7.72E-06,-0.002351313,0.21060892,0.848426533,-0.00015186,0.221127293,3.918663188,0,1,1,1 
HDVD_61,Heavy Duty Trucks_Diesel_Articulated 14 - 20 t_Euro IV,,,-0.02,0,12,86,-1.91E-06,0.026340173,1.119085188,-1.353018439,0.042060085,1.788486382,1.935447553,0,1,1,1 
HDVD_61,Heavy Duty Trucks_Diesel_Articulated 14 - 20 t_Euro IV,,,-0.02,1,12,86,5.15E-06,-0.003718732,0.31140197,-2.292604821,-0.003825825,0.369820132,-2.284660121,0,1,1,1 
HDVD_61,Heavy Duty Trucks_Diesel_Articulated 14 - 20 t_Euro IV,,,0,0,12,86,2.12E-17,6.33E-16,0.649604797,5.20E-13,-0.005472049,0.822507196,3.19546734,0,1,1,1 
HDVD_61,Heavy Duty Trucks_Diesel_Articulated 14 - 20 t_Euro IV,,,0,1,12,86,0.001015815,-0.011567431,-0.08667151,11.71595524,0.056303784,-1.876547025,28.4037189,0,1,1,1 
HDVD_61,Heavy Duty Trucks_Diesel_Articulated 14 - 20 t_Euro IV,,,0.02,0,12,86,2.33E-05,0.006356239,0.432466279,1.817878694,-0.001634407,0.456577595,5.429655958,0,1,1,1 
HDVD_61,Heavy Duty Trucks_Diesel_Articulated 14 - 20 t_Euro IV,,,0.02,1,12,86,-1.19E-05,0.013942136,0.420382729,0.509204605,0.001671011,0.300081113,3.686607902,0,1,1,1 
HDVD_61,Heavy Duty Trucks_Diesel_Articulated 14 - 20 t_Euro IV,,,0.04,0,12,86,-0.000214659,0.019641429,-0.011571105,-2.000239198,-0.005038715,0.512217603,-5.050456738,0,1,1,1 
HDVD_61,Heavy Duty Trucks_Diesel_Articulated 14 - 20 t_Euro IV,,,0.04,1,12,73,-0.000862569,0.229512409,0.581101244,-1.257200067,0.028258419,2.194774552,-0.088204426,0,1,1,1 
HDVD_61,Heavy Duty Trucks_Diesel_Articulated 14 - 20 t_Euro IV,,,0.06,0,12,86,-0.000571512,0.051778817,0.59288967,-2.881484803,-0.008215323,0.997281664,-0.206120172,0,1,1,1 
HDVD_61,Heavy Duty Trucks_Diesel_Articulated 14 - 20 t_Euro IV,,,0.06,0.5,12,69,5.91E-06,-0.008552847,0.72690132,-0.273205711,-0.001232662,0.070458204,5.0525612,0,1,1,1 
HDVD_61,Heavy Duty Trucks_Diesel_Articulated 14 - 20 t_Euro IV,,,0.06,1,12,57,-0.000531365,0.123517981,0.962981718,-0.199027399,0.020017203,1.145259217,2.805744407,0,1,1,1 
HDVD_62,Heavy Duty Trucks_Diesel_Articulated 14 - 20 t_Euro V,SCR,,-0.06,0,10,85,-0.004604386,0.420119855,0.877898383,0.452645544,0.972312832,0.315066889,0.542018092,0,1,1,1 
HDVD_62,Heavy Duty Trucks_Diesel_Articulated 14 - 20 t_Euro V,SCR,,-0.06,0.5,10,85,-0.004487914,0.409248145,0.744851008,0.840217083,0.973778815,0.066021221,0.22745525,0,1,1,1 
HDVD_62,Heavy Duty Trucks_Diesel_Articulated 14 - 20 t_Euro V,SCR,,-0.06,1,10,85,-0.004394709,0.393485391,0.843953531,0.708947276,0.944513756,0.184957528,0.417032468,0,1,1,1 
HDVD_62,Heavy Duty Trucks_Diesel_Articulated 14 - 20 t_Euro V,SCR,,-0.04,0,10,85,-0.001558344,0.189598372,-1.011633495,1.755175371,0.314620043,-1.907852394,4.189169487,0,1,1,1 
HDVD_62,Heavy Duty Trucks_Diesel_Articulated 14 - 20 t_Euro V,SCR,,-0.04,0.5,10,85,-0.007205218,0.709593418,-0.623960678,0.084411062,1.02852732,0.457015188,0.613104505,0,1,1,1 
HDVD_62,Heavy Duty Trucks_Diesel_Articulated 14 - 20 t_Euro V,SCR,,-0.04,1,10,85,-0.007269337,0.714358611,-0.663201342,0.066679073,1.013003783,0.450047667,0.625301022,0,1,1,1 
HDVD_62,Heavy Duty Trucks_Diesel_Articulated 14 - 20 t_Euro V,SCR,,-0.02,0,10,85,0.000440828,0.222620725,-0.941259548,1.680907734,0.354516356,-1.681819985,4.168338094,0,1,1,1 
HDVD_62,Heavy Duty Trucks_Diesel_Articulated 14 - 20 t_Euro V,SCR,,-0.02,0.5,10,85,-0.002335044,0.693304534,-1.132325753,-0.896101029,0.847208054,-0.690721285,1.147283853,0,1,1,1 
HDVD_62,Heavy Duty Trucks_Diesel_Articulated 14 - 20 t_Euro V,SCR,,-0.02,1,10,85,-0.001573848,0.317643094,-1.136383532,1.468268954,0.334182598,-0.727547792,1.554295616,0,1,1,1 
HDVD_62,Heavy Duty Trucks_Diesel_Articulated 14 - 20 t_Euro V,SCR,,0,0,10,85,0.006134983,0.195804734,-0.754507031,1.69086708,0.371808576,-1.697511443,4.843110018,0,1,1,1 
HDVD_62,Heavy Duty Trucks_Diesel_Articulated 14 - 20 t_Euro V,SCR,,0,0.5,10,85,0.005700251,0.237461773,-0.780134516,1.15319316,0.331947503,-0.905941792,2.118848904,0,1,1,1 
HDVD_62,Heavy Duty Trucks_Diesel_Articulated 14 - 20 t_Euro V,SCR,,0,1,10,85,0.003599522,0.237152143,-0.987714584,0.334249168,0.233884556,-0.178327026,-2.403167371,0,1,1,1 
HDVD_62,Heavy Duty Trucks_Diesel_Articulated 14 - 20 t_Euro V,SCR,,0.02,0,10,85,0.011183215,0.168438925,-0.5131349,1.296524915,0.349428376,-1.29134282,3.844753496,0,1,1,1 
HDVD_62,Heavy Duty Trucks_Diesel_Articulated 14 - 20 t_Euro V,SCR,,0.02,0.5,10,85,-0.0007786,0.049874461,1.709239552,-1.040647593,-0.021201109,1.866245184,2.546859691,0,1,1,1 
HDVD_62,Heavy Duty Trucks_Diesel_Articulated 14 - 20 t_Euro V,SCR,,0.02,1,10,85,-0.000566921,0.042466025,1.412080936,-0.462785132,-0.012741159,1.325230872,2.885994989,0,1,1,1 
HDVD_62,Heavy Duty Trucks_Diesel_Articulated 14 - 20 t_Euro V,SCR,,0.04,0,10,85,-0.000886026,0.064427509,1.26410724,-1.184617179,-0.019061146,1.708670778,0.430825069,0,1,1,1 
HDVD_62,Heavy Duty Trucks_Diesel_Articulated 14 - 20 t_Euro V,SCR,,0.04,0.5,10,85,-0.001194435,0.125976035,1.178850881,-1.043225281,-0.008056567,1.820519367,5.19E-11,0,1,1,1 
HDVD_62,Heavy Duty Trucks_Diesel_Articulated 14 - 20 t_Euro V,SCR,,0.04,1,10,70,-0.001282008,0.130129235,1.143869361,-0.881943996,-0.00241271,1.621607582,2.83E-09,0,1,1,1 
HDVD_62,Heavy Duty Trucks_Diesel_Articulated 14 - 20 t_Euro V,SCR,,0.06,0,10,85,-0.001307832,0.128335128,1.191315982,-1.068000441,-0.011634635,1.890169374,3.48E-11,0,1,1,1 
HDVD_62,Heavy Duty Trucks_Diesel_Articulated 14 - 20 t_Euro V,SCR,,0.06,0.5,10,70,-0.001594946,0.190767375,1.016841152,-0.55624077,0.008686146,1.754722624,4.27E-10,0,1,1,1 
HDVD_62,Heavy Duty Trucks_Diesel_Articulated 14 - 20 t_Euro V,SCR,,0.06,1,10,55,-0.001560715,0.235459702,0.988159861,-0.212866471,0.035432853,1.60608746,0.161542538,0,1,1,1 
HDVD_62,Heavy Duty Trucks_Diesel_Articulated 14 - 20 t_Euro V,EGR,,-0.06,0,10,75,-0.00757604,0.579675572,-0.785497795,-0.006726219,1.168654098,0.37406943,0.531996001,0,1,1,1 
HDVD_62,Heavy Duty Trucks_Diesel_Articulated 14 - 20 t_Euro V,EGR,,-0.06,0.5,10,75,-0.001413364,0.116926834,-0.518785323,0.865158266,0.300906849,-1.944126712,5.901397313,0,1,1,1 
HDVD_62,Heavy Duty Trucks_Diesel_Articulated 14 - 20 t_Euro V,EGR,,-0.06,1,10,75,-0.001066984,0.089182266,-0.391024853,0.68426279,0.25156944,-1.731357482,5.529611465,0,1,1,1 
HDVD_62,Heavy Duty Trucks_Diesel_Articulated 14 - 20 t_Euro V,EGR,,-0.04,0,10,85,-0.005370119,0.502847866,-0.911168838,-2.076822422,0.783160412,-1.120407377,1.785183569,0,1,1,1 
HDVD_62,Heavy Duty Trucks_Diesel_Articulated 14 - 20 t_Euro V,EGR,,-0.04,0.5,10,85,-0.003127771,0.287972816,-1.093822591,1.48483085,0.452482205,-1.681068416,5.535498185,0,1,1,1 
HDVD_62,Heavy Duty Trucks_Diesel_Articulated 14 - 20 t_Euro V,EGR,,-0.04,1,10,85,-0.003261475,0.296186714,-1.137245195,1.534739351,0.463760367,-1.778465859,5.990077478,0,1,1,1 
HDVD_62,Heavy Duty Trucks_Diesel_Articulated 14 - 20 t_Euro V,EGR,,-0.02,0,10,85,6.46E-05,-0.012064702,0.672097623,-0.833030328,-0.006885661,0.645361697,1.971964898,0,1,1,1 
HDVD_62,Heavy Duty Trucks_Diesel_Articulated 14 - 20 t_Euro V,EGR,,-0.02,0.5,10,85,-0.001829133,0.315089265,-0.663811018,0.653200981,0.359961542,-0.049575109,2.577432572,0,1,1,1 
HDVD_62,Heavy Duty Trucks_Diesel_Articulated 14 - 20 t_Euro V,EGR,,-0.02,1,10,85,-0.00222011,0.325333982,-1.013559659,1.211013204,0.339228158,-0.298128586,2.366055548,0,1,1,1 
HDVD_62,Heavy Duty Trucks_Diesel_Articulated 14 - 20 t_Euro V,EGR,,0,0,10,85,9.43E-06,-0.005946185,0.79002147,-1.004650977,-0.006273269,0.69638125,1.90074701,0,1,1,1 
HDVD_62,Heavy Duty Trucks_Diesel_Articulated 14 - 20 t_Euro V,EGR,,0,0.5,10,85,0.000394456,-0.002319556,2.107222655,-2.446967694,0.012138905,1.484345564,6.857880356,0,1,1,1 
HDVD_62,Heavy Duty Trucks_Diesel_Articulated 14 - 20 t_Euro V,EGR,,0,1,10,85,0.000308903,0.008649708,0.944402238,-1.028441376,0.016136844,0.573523979,3.647212826,0,1,1,1 
HDVD_62,Heavy Duty Trucks_Diesel_Articulated 14 - 20 t_Euro V,EGR,,0.02,0,10,85,-4.97E-05,-0.001525416,0.842156247,-1.129517039,-0.007364368,0.717282143,1.482219669,0,1,1,1 
HDVD_62,Heavy Duty Trucks_Diesel_Articulated 14 - 20 t_Euro V,EGR,,0.02,0.5,10,85,6.61E-05,0.002021339,0.970396497,-1.233460743,-0.003045922,0.69378512,2.147225613,0,1,1,1 
HDVD_62,Heavy Duty Trucks_Diesel_Articulated 14 - 20 t_Euro V,EGR,,0.02,1,10,85,-0.000178482,0.008642187,0.978828833,-1.23914209,-0.008025985,0.741265541,2.008252154,0,1,1,1 
HDVD_62,Heavy Duty Trucks_Diesel_Articulated 14 - 20 t_Euro V,EGR,,0.04,0,10,85,0.000243567,0.005522904,1.31769172,-1.761064085,-0.000723406,0.955664585,2.443381524,0,1,1,1 
HDVD_62,Heavy Duty Trucks_Diesel_Articulated 14 - 20 t_Euro V,EGR,,0.04,0.5,10,85,0.000199509,0.008072271,1.282960962,-1.612256132,-0.00262227,0.799820554,2.654480553,0,1,1,1 
HDVD_62,Heavy Duty Trucks_Diesel_Articulated 14 - 20 t_Euro V,EGR,,0.04,1,10,75,0.035133627,0.74523582,-0.983310528,-0.053732133,0.671205354,1.096685355,0.033893516,0,1,1,1 
HDVD_62,Heavy Duty Trucks_Diesel_Articulated 14 - 20 t_Euro V,EGR,,0.06,0,10,85,0.000344324,0.007359773,1.748683628,-2.347922499,-0.003501022,1.127412081,3.079779034,0,1,1,1 
HDVD_62,Heavy Duty Trucks_Diesel_Articulated 14 - 20 t_Euro V,EGR,,0.06,0.5,10,70,0.031853946,0.739871648,-0.933790734,-0.038674496,0.59992211,1.225922509,0.052192056,0,1,1,1 
HDVD_62,Heavy Duty Trucks_Diesel_Articulated 14 - 20 t_Euro V,EGR,,0.06,1,10,55,-0.001169081,0.075606437,1.663917018,-2.0644137,-0.013658721,1.232977846,2.71985306,0,1,1,1 
HDVD_63,Heavy Duty Trucks_Diesel_Articulated 14 - 20 t_Euro VI,,,-0.06,0,10,85,2.06E-05,-0.0033202,0.140447237,-0.448278563,-0.013065486,1.685559472,-5.733389498,0,1,1,1 
HDVD_63,Heavy Duty Trucks_Diesel_Articulated 14 - 20 t_Euro VI,,,-0.06,0.5,10,65,-0.000278647,0.021393748,-0.202580211,1.796137453,0.228612308,-0.015845166,0.182069109,0,1,1,1 
HDVD_63,Heavy Duty Trucks_Diesel_Articulated 14 - 20 t_Euro VI,,,-0.06,1,10,65,-2.79E-05,0.002478236,-0.043253702,0.224052823,0.029877051,-0.615507189,3.33010739,0,1,1,1 
HDVD_63,Heavy Duty Trucks_Diesel_Articulated 14 - 20 t_Euro VI,,,-0.04,0,10,85,-0.001471188,0.129612473,0.030225313,0.136481321,1.5147666,0.473569345,0.344706905,0,1,1,1 
HDVD_63,Heavy Duty Trucks_Diesel_Articulated 14 - 20 t_Euro VI,,,-0.04,0.5,10,80,-0.001637274,0.131367537,0.000198237,0.116197315,1.524364294,0.466447016,0.344599708,0,1,1,1 
HDVD_63,Heavy Duty Trucks_Diesel_Articulated 14 - 20 t_Euro VI,,,-0.04,1,10,75,-0.001632906,0.128003069,-0.014232744,0.216106901,1.498162087,0.467994795,0.335743828,0,1,1,1 
HDVD_63,Heavy Duty Trucks_Diesel_Articulated 14 - 20 t_Euro VI,,,-0.02,0,10,85,6.51E-06,-0.001421294,0.084162959,0.749724155,-0.009397996,0.823015941,8.269803987,0,1,1,1 
HDVD_63,Heavy Duty Trucks_Diesel_Articulated 14 - 20 t_Euro VI,,,-0.02,0.5,10,85,-0.000638118,0.137088007,0.279304077,-1.295015932,1.52750188,0.060626572,0.484442086,0,1,1,1 
HDVD_63,Heavy Duty Trucks_Diesel_Articulated 14 - 20 t_Euro VI,,,-0.02,1,10,85,-0.001250006,0.169029812,-0.117882101,0.041398009,1.540278637,0.427141918,0.355609688,0,1,1,1 
HDVD_63,Heavy Duty Trucks_Diesel_Articulated 14 - 20 t_Euro VI,,,0,0,10,85,0.001532162,0.152074692,0.027408427,0.127989911,1.508387534,0.470632986,0.352973453,0,1,1,1 
HDVD_63,Heavy Duty Trucks_Diesel_Articulated 14 - 20 t_Euro VI,,,0,0.5,10,85,-2.87E-07,-0.000392035,0.045011071,0.866950106,-0.003039582,0.243499647,9.202930438,0,1,1,1 
HDVD_63,Heavy Duty Trucks_Diesel_Articulated 14 - 20 t_Euro VI,,,0,1,10,85,0.001442324,0.112481579,0.053511586,-1.5735481,1.205135099,-2.317985878,0.347856692,0,1,1,1 
HDVD_63,Heavy Duty Trucks_Diesel_Articulated 14 - 20 t_Euro VI,,,0.02,0,10,85,0.002421485,0.164967054,0.009738663,0.126397347,1.5058086,0.465534172,0.356460162,0,1,1,1 
HDVD_63,Heavy Duty Trucks_Diesel_Articulated 14 - 20 t_Euro VI,,,0.02,0.5,10,85,2.59E-05,0.00068009,0.004725722,0.468995334,0.011610368,-0.130584704,4.833133265,0,1,1,1 
HDVD_63,Heavy Duty Trucks_Diesel_Articulated 14 - 20 t_Euro VI,,,0.02,1,10,85,3.65E-05,0.001055698,0.001842009,0.402810977,0.01506652,-0.151151849,4.187046939,0,1,1,1 
HDVD_63,Heavy Duty Trucks_Diesel_Articulated 14 - 20 t_Euro VI,,,0.04,0,10,85,0.003218863,0.174139071,-0.010009248,0.135454316,1.501737087,0.461108757,0.35754704,0,1,1,1 
HDVD_63,Heavy Duty Trucks_Diesel_Articulated 14 - 20 t_Euro VI,,,0.04,0.5,10,85,3.19E-05,0.001002877,0.040013857,0.437067157,0.010214459,0.105548721,4.678333031,0,1,1,1 
HDVD_63,Heavy Duty Trucks_Diesel_Articulated 14 - 20 t_Euro VI,,,0.04,1,10,75,-1.03E-05,0.00026719,0.051626926,0.264726878,-0.003588907,0.280915928,2.897830314,0,1,1,1 
HDVD_63,Heavy Duty Trucks_Diesel_Articulated 14 - 20 t_Euro VI,,,0.06,0,10,85,3.50E-05,0.002854313,0.246155608,1.257386122,0.008106747,1.316822227,14.0414468,0,1,1,1 
HDVD_63,Heavy Duty Trucks_Diesel_Articulated 14 - 20 t_Euro VI,,,0.06,0.5,10,70,-1.48E-05,0.00027815,0.065318971,0.295066511,-0.00491556,0.345366158,3.274933748,0,1,1,1 
HDVD_63,Heavy Duty Trucks_Diesel_Articulated 14 - 20 t_Euro VI,,,0.06,1,10,55,1.17E-05,-0.000669014,0.03817335,0.448805391,0.000828569,-0.006578676,4.698830345,0,1,1,1 
HDVD_64,Heavy Duty Trucks_Diesel_Articulated 20 - 28 t_Conventional,,,-0.06,0,12,86,-1.94E-05,0.019472199,1.321029987,-3.493173511,0.003453983,0.103523102,-0.03532503,0,1,1,1 
HDVD_64,Heavy Duty Trucks_Diesel_Articulated 20 - 28 t_Conventional,,,-0.06,0.5,12,86,-2.30E-05,0.018785946,1.46416207,-4.241422298,0.003647037,0.102339869,0.083976223,0,1,1,1 
HDVD_64,Heavy Duty Trucks_Diesel_Articulated 20 - 28 t_Conventional,,,-0.06,1,12,86,-2.53E-05,0.01961327,1.593019468,-4.760606642,0.003885717,0.106503017,0.122001065,0,1,1,1 
HDVD_64,Heavy Duty Trucks_Diesel_Articulated 20 - 28 t_Conventional,,,-0.04,0,12,86,-3.11E-05,0.032539976,2.159535195,-5.618159364,0.00510239,0.15603169,-0.046407007,0,1,1,1 
HDVD_64,Heavy Duty Trucks_Diesel_Articulated 20 - 28 t_Conventional,,,-0.04,0.5,12,86,-2.66E-05,0.019774656,1.65028377,-5.147652812,0.003567691,0.096577672,0.168385701,0,1,1,1 
HDVD_64,Heavy Duty Trucks_Diesel_Articulated 20 - 28 t_Conventional,,,-0.04,1,12,86,-2.86E-05,0.018575911,1.743507753,-5.867054254,0.003565877,0.089392755,0.229699729,0,1,1,1 
HDVD_64,Heavy Duty Trucks_Diesel_Articulated 20 - 28 t_Conventional,,,-0.02,0,12,86,0.000307937,-0.005007388,1.652065697,2.441001621,0.001886866,0.082590784,0.826339575,0,1,1,1 
HDVD_64,Heavy Duty Trucks_Diesel_Articulated 20 - 28 t_Conventional,,,-0.02,0.5,12,86,0.000171679,-0.007048669,2.029184795,2.015061146,0.001293036,0.097890704,1.033690505,0,1,1,1 
HDVD_64,Heavy Duty Trucks_Diesel_Articulated 20 - 28 t_Conventional,,,-0.02,1,12,86,0.000161897,-0.013633444,1.582444862,1.19488708,0.000809632,0.04661577,0.987215535,0,1,1,1 
HDVD_64,Heavy Duty Trucks_Diesel_Articulated 20 - 28 t_Conventional,,,0,0,12,86,1.86E-16,8.86E-16,2.444169563,2.40E-11,-0.001155579,0.201630325,0.262632138,0,1,1,1 
HDVD_64,Heavy Duty Trucks_Diesel_Articulated 20 - 28 t_Conventional,,,0,0.5,12,86,0.000730924,-0.015188209,2.125754436,5.658522258,0.001961226,0.044008482,1.68376003,0,1,1,1 
HDVD_64,Heavy Duty Trucks_Diesel_Articulated 20 - 28 t_Conventional,,,0,1,12,86,0.000249968,-0.006959562,0.079412077,3.831661901,0.000795747,-0.031050966,0.584825594,0,1,1,1 
HDVD_64,Heavy Duty Trucks_Diesel_Articulated 20 - 28 t_Conventional,,,0.02,0,12,86,1.49E-05,0.006519764,0.680352925,3.848045008,-0.000153277,0.049483004,0.460302591,0,1,1,1 
HDVD_64,Heavy Duty Trucks_Diesel_Articulated 20 - 28 t_Conventional,,,0.02,0.5,12,86,-3.87E-05,0.006437476,0.666381542,2.320879804,-0.000161911,0.03326921,0.437469135,0,1,1,1 
HDVD_64,Heavy Duty Trucks_Diesel_Articulated 20 - 28 t_Conventional,,,0.02,1,12,81,0.001382035,-0.000226205,0.114178101,7.95425016,0.003301225,-0.074674919,1.207119804,0,1,1,1 
HDVD_64,Heavy Duty Trucks_Diesel_Articulated 20 - 28 t_Conventional,,,0.04,0,12,86,0.001651025,0.340617032,-0.846973978,-4.704199764,0.008893297,0.337019464,-2.63783335,0,1,1,1 
HDVD_64,Heavy Duty Trucks_Diesel_Articulated 20 - 28 t_Conventional,,,0.04,0.5,12,71,-0.000110269,0.053368671,3.133077877,8.15232705,-0.000554453,0.147183088,1.792213687,0,1,1,1 
HDVD_64,Heavy Duty Trucks_Diesel_Articulated 20 - 28 t_Conventional,,,0.04,1,12,55,-0.000467682,0.195372466,3.878044413,2.490191521,0.001329334,0.187074983,1.897948992,0,1,1,1 
HDVD_64,Heavy Duty Trucks_Diesel_Articulated 20 - 28 t_Conventional,,,0.06,0,12,74,-7.19E-06,0.017139775,1.139099339,3.715249397,-0.000206729,0.059800006,0.658782526,0,1,1,1 
HDVD_64,Heavy Duty Trucks_Diesel_Articulated 20 - 28 t_Conventional,,,0.06,0.5,12,53,-9.79E-05,-0.004959632,0.707176252,3.73277058,-0.000176547,0.00179826,0.662056228,0,1,1,1 
HDVD_64,Heavy Duty Trucks_Diesel_Articulated 20 - 28 t_Conventional,,,0.06,1,12,42,0.00075601,0.168925633,3.156241302,4.311469036,0.001231173,0.136989049,1.406407108,0,1,1,1 
HDVD_65,Heavy Duty Trucks_Diesel_Articulated 20 - 28 t_Euro I,,,-0.06,0,12,86,8.72E-06,-0.004052585,0.627491434,4.749785664,0.000110937,0.072616501,0.620985358,0,1,1,1 
HDVD_65,Heavy Duty Trucks_Diesel_Articulated 20 - 28 t_Euro I,,,-0.06,0.5,12,86,1.01E-05,-0.003767215,0.442419515,2.945505145,1.30E-05,0.04728681,0.488605972,0,1,1,1 
HDVD_65,Heavy Duty Trucks_Diesel_Articulated 20 - 28 t_Euro I,,,-0.06,1,12,86,9.74E-06,-0.003555944,0.406197051,2.646062421,-1.53E-06,0.043043467,0.459627863,0,1,1,1 
HDVD_65,Heavy Duty Trucks_Diesel_Articulated 20 - 28 t_Euro I,,,-0.04,0,12,86,5.53E-06,-0.002477996,0.371636723,2.75125747,1.49E-05,0.03800224,0.336667311,0,1,1,1 
HDVD_65,Heavy Duty Trucks_Diesel_Articulated 20 - 28 t_Euro I,,,-0.04,0.5,12,86,9.88E-06,-0.003214875,0.314582297,1.676905862,-1.15E-05,0.024909057,0.335433611,0,1,1,1 
HDVD_65,Heavy Duty Trucks_Diesel_Articulated 20 - 28 t_Euro I,,,-0.04,1,12,86,1.42E-05,-0.004424846,0.409968751,1.903246561,3.43E-06,0.028813174,0.438430032,0,1,1,1 
HDVD_65,Heavy Duty Trucks_Diesel_Articulated 20 - 28 t_Euro I,,,-0.02,0,12,86,1.13E-05,0.001253777,0.358604561,3.208928048,-6.41E-05,0.046714348,0.25682582,0,1,1,1 
HDVD_65,Heavy Duty Trucks_Diesel_Articulated 20 - 28 t_Euro I,,,-0.02,0.5,12,86,-0.000185881,0.06792281,0.410473493,-3.656815345,0.005452923,0.074530324,-0.490553265,0,1,1,1 
HDVD_65,Heavy Duty Trucks_Diesel_Articulated 20 - 28 t_Euro I,,,-0.02,1,12,86,-2.12E-05,0.016516558,3.118384271,-0.337600669,0.003396186,0.182775143,1.669384707,0,1,1,1 
HDVD_65,Heavy Duty Trucks_Diesel_Articulated 20 - 28 t_Euro I,,,0,0,12,86,2.94E-17,1.19E-15,2.418716382,7.44E-12,-0.001178449,0.247064708,0.147179117,0,1,1,1 
HDVD_65,Heavy Duty Trucks_Diesel_Articulated 20 - 28 t_Euro I,,,0,0.5,12,86,7.51E-17,1.38E-15,3.201165475,6.15E-12,-0.001506758,0.27973784,0.693869938,0,1,1,1 
HDVD_65,Heavy Duty Trucks_Diesel_Articulated 20 - 28 t_Euro I,,,0,1,12,86,0.000458244,-0.015135946,0.224792287,7.311971764,0.001748768,-0.070227099,1.419632443,0,1,1,1 
HDVD_65,Heavy Duty Trucks_Diesel_Articulated 20 - 28 t_Euro I,,,0.02,0,12,86,9.60E-18,9.24E-18,2.336816327,1.28E-12,-0.001445474,0.216081916,0.419913048,0,1,1,1 
HDVD_65,Heavy Duty Trucks_Diesel_Articulated 20 - 28 t_Euro I,,,0.02,0.5,12,86,1.72E-05,0.006314498,0.531036658,2.620071609,-0.000141874,0.042626551,0.438737733,0,1,1,1 
HDVD_65,Heavy Duty Trucks_Diesel_Articulated 20 - 28 t_Euro I,,,0.02,1,12,82,0.001279842,-0.052087301,1.577986181,7.701608421,0.002423186,-0.084225956,2.494390633,0,1,1,1 
HDVD_65,Heavy Duty Trucks_Diesel_Articulated 20 - 28 t_Euro I,,,0.04,0,12,86,1.82E-05,0.002491506,0.259514967,3.250087594,-8.69E-05,0.021264446,0.398279777,0,1,1,1 
HDVD_65,Heavy Duty Trucks_Diesel_Articulated 20 - 28 t_Euro I,,,0.04,0.5,12,73,0.000169745,0.079887367,4.206256518,12.20413351,-0.000999992,0.273768103,3.259607751,0,1,1,1 
HDVD_65,Heavy Duty Trucks_Diesel_Articulated 20 - 28 t_Euro I,,,0.04,1,12,57,0.000121407,0.000900997,1.903344268,0.732158121,8.44E-05,0.024823613,1.431230787,0,1,1,1 
HDVD_65,Heavy Duty Trucks_Diesel_Articulated 20 - 28 t_Euro I,,,0.06,0,12,78,8.89E-05,0.013857594,0.964646821,4.885436256,-0.000316275,0.074045474,0.900387519,0,1,1,1 
HDVD_65,Heavy Duty Trucks_Diesel_Articulated 20 - 28 t_Euro I,,,0.06,0.5,12,53,-5.82E-05,0.026653854,1.681135566,3.322400521,-6.73E-05,0.044304376,1.598036853,0,1,1,1 
HDVD_65,Heavy Duty Trucks_Diesel_Articulated 20 - 28 t_Euro I,,,0.06,1,12,43,0.00029251,0.239279534,3.94689972,1.253986631,0.000892833,0.208030024,2.466026078,0,1,1,1 
HDVD_66,Heavy Duty Trucks_Diesel_Articulated 20 - 28 t_Euro II,,,-0.06,0,12,86,-4.20E-05,0.044436293,2.693513075,-8.398775835,0.021727528,0.698030283,2.151736474,0,1,1,1 
HDVD_66,Heavy Duty Trucks_Diesel_Articulated 20 - 28 t_Euro II,,,-0.06,0.5,12,86,-2.32E-05,0.011262082,1.113871782,-4.975842645,0.007753599,0.155730725,1.353928064,0,1,1,1 
HDVD_66,Heavy Duty Trucks_Diesel_Articulated 20 - 28 t_Euro II,,,-0.06,1,12,86,-2.40E-05,0.011844893,1.21537969,-5.286217752,0.007958355,0.163529798,1.280721538,0,1,1,1 
HDVD_66,Heavy Duty Trucks_Diesel_Articulated 20 - 28 t_Euro II,,,-0.04,0,12,86,-1.86E-05,0.017133881,1.150085891,-3.640383166,0.008393808,0.25721243,0.732522395,0,1,1,1 
HDVD_66,Heavy Duty Trucks_Diesel_Articulated 20 - 28 t_Euro II,,,-0.04,0.5,12,86,-2.95E-05,0.014018162,1.289999509,-6.000280216,0.007964022,0.153443672,1.561778891,0,1,1,1 
HDVD_66,Heavy Duty Trucks_Diesel_Articulated 20 - 28 t_Euro II,,,-0.04,1,12,86,-1.59E-05,0.004804956,0.771433242,-4.136618802,0.003975768,0.044898849,0.952325158,0,1,1,1 
HDVD_66,Heavy Duty Trucks_Diesel_Articulated 20 - 28 t_Euro II,,,-0.02,0,12,86,1.29E-05,0.038174077,1.621513197,-0.638643435,0.00906039,0.516159178,1.219490465,0,1,1,1 
HDVD_66,Heavy Duty Trucks_Diesel_Articulated 20 - 28 t_Euro II,,,-0.02,0.5,12,86,0.000274879,-0.003559056,0.574509871,6.034871491,0.006760093,-0.160424289,5.182569275,0,1,1,1 
HDVD_66,Heavy Duty Trucks_Diesel_Articulated 20 - 28 t_Euro II,,,-0.02,1,12,86,-4.05E-05,0.020640707,1.20779954,-6.159733819,0.005268349,0.092243129,1.327529737,0,1,1,1 
HDVD_66,Heavy Duty Trucks_Diesel_Articulated 20 - 28 t_Euro II,,,0,0,12,86,0.000270904,-0.021299248,0.755567526,1.642572346,0.001034865,-0.034620117,2.896379506,0,1,1,1 
HDVD_66,Heavy Duty Trucks_Diesel_Articulated 20 - 28 t_Euro II,,,0,0.5,12,86,0.000271257,-0.025383818,1.148012642,0.425045417,0.000335613,0.003517956,2.889625468,0,1,1,1 
HDVD_66,Heavy Duty Trucks_Diesel_Articulated 20 - 28 t_Euro II,,,0,1,12,86,0.000149328,-0.015963717,0.78507935,0.052752726,5.46E-05,0.005031337,1.598222552,0,1,1,1 
HDVD_66,Heavy Duty Trucks_Diesel_Articulated 20 - 28 t_Euro II,,,0.02,0,12,86,0.000127465,0.005440476,1.175138529,4.250708172,-0.000405144,0.16475524,3.261798934,0,1,1,1 
HDVD_66,Heavy Duty Trucks_Diesel_Articulated 20 - 28 t_Euro II,,,0.02,0.5,12,86,0.000681751,-0.037398724,1.958925358,2.551967908,0.002196219,-0.053443398,5.045119606,0,1,1,1 
HDVD_66,Heavy Duty Trucks_Diesel_Articulated 20 - 28 t_Euro II,,,0.02,1,12,84,0.000162355,-0.021749786,1.605629914,0.017137919,4.02E-05,0.008300781,2.822734324,0,1,1,1 
HDVD_66,Heavy Duty Trucks_Diesel_Articulated 20 - 28 t_Euro II,,,0.04,0,12,86,0.000586492,0.098125345,-0.226942258,-4.275161582,0.004806005,0.343219401,-2.968099185,0,1,1,1 
HDVD_66,Heavy Duty Trucks_Diesel_Articulated 20 - 28 t_Euro II,,,0.04,0.5,12,76,-5.81E-05,-0.019742926,1.967270748,-1.39527702,-0.001123167,0.05201238,3.027429614,0,1,1,1 
HDVD_66,Heavy Duty Trucks_Diesel_Articulated 20 - 28 t_Euro II,,,0.04,1,12,60,0.000259034,-0.033791923,1.473605466,-0.496291715,0.00032979,-0.037449281,2.346764999,0,1,1,1 
HDVD_66,Heavy Duty Trucks_Diesel_Articulated 20 - 28 t_Euro II,,,0.06,0,12,82,2.74E-14,1.32E-12,1.265006141,1.80E-10,-0.000361389,0.071307925,2.187765753,0,1,1,1 
HDVD_66,Heavy Duty Trucks_Diesel_Articulated 20 - 28 t_Euro II,,,0.06,0.5,12,59,0.000251573,-0.033948841,1.937444636,-0.011277498,4.46E-05,-0.013411401,3.070809982,0,1,1,1 
HDVD_66,Heavy Duty Trucks_Diesel_Articulated 20 - 28 t_Euro II,,,0.06,1,12,45,0.000307312,-0.037739333,1.685279546,-0.143586044,0.000290364,-0.028117449,2.164372071,0,1,1,1 
HDVD_67,Heavy Duty Trucks_Diesel_Articulated 20 - 28 t_Euro III,,,-0.06,0,12,86,-0.000177501,0.09032821,2.137066833,2.699111575,0.016343759,0.500458087,0.969702952,0,1,1,1 
HDVD_67,Heavy Duty Trucks_Diesel_Articulated 20 - 28 t_Euro III,,,-0.06,0.5,12,86,-1.87E-05,0.048008604,2.396329381,-4.732466004,0.011194965,0.443545699,0.501193198,0,1,1,1 
HDVD_67,Heavy Duty Trucks_Diesel_Articulated 20 - 28 t_Euro III,,,-0.06,1,12,86,-1.78E-05,0.057610139,2.773309634,-5.065037142,0.013082454,0.532234368,0.604852023,0,1,1,1 
HDVD_67,Heavy Duty Trucks_Diesel_Articulated 20 - 28 t_Euro III,,,-0.04,0,12,86,-0.000156033,0.087014513,1.998216847,2.146939831,0.015427692,0.432219529,0.67009948,0,1,1,1 
HDVD_67,Heavy Duty Trucks_Diesel_Articulated 20 - 28 t_Euro III,,,-0.04,0.5,12,86,-0.000341856,0.121163235,1.100592386,-4.314792892,0.01868068,0.36086142,-1.120304997,0,1,1,1 
HDVD_67,Heavy Duty Trucks_Diesel_Articulated 20 - 28 t_Euro III,,,-0.04,1,12,86,-2.82E-05,0.037994488,2.397967186,-1.308093425,0.0094002,0.345953392,2.137094194,0,1,1,1 
HDVD_67,Heavy Duty Trucks_Diesel_Articulated 20 - 28 t_Euro III,,,-0.02,0,12,86,-5.55E-16,-4.74E-15,2.487477932,1.21E-10,-0.002750588,0.5548177,-0.464095974,0,1,1,1 
HDVD_67,Heavy Duty Trucks_Diesel_Articulated 20 - 28 t_Euro III,,,-0.02,0.5,12,86,-2.75E-05,0.020654281,0.926929328,3.042208586,0.00282443,0.180359299,0.987603541,0,1,1,1 
HDVD_67,Heavy Duty Trucks_Diesel_Articulated 20 - 28 t_Euro III,,,-0.02,1,12,86,0.000136188,-0.006338149,1.976132893,1.691384313,0.002047793,0.200987913,2.485123571,0,1,1,1 
HDVD_67,Heavy Duty Trucks_Diesel_Articulated 20 - 28 t_Euro III,,,0,0,12,86,0.000390031,0.001117529,1.55030112,2.287140669,0.004051861,0.176061486,1.548964135,0,1,1,1 
HDVD_67,Heavy Duty Trucks_Diesel_Articulated 20 - 28 t_Euro III,,,0,0.5,12,86,0.001114361,-0.022749795,3.016809971,6.432267587,0.008481922,0.167598562,4.78630643,0,1,1,1 
HDVD_67,Heavy Duty Trucks_Diesel_Articulated 20 - 28 t_Euro III,,,0,1,12,86,0.000275345,-0.008592427,0.737740281,1.256013779,0.001741417,0.017726477,1.346477746,0,1,1,1 
HDVD_67,Heavy Duty Trucks_Diesel_Articulated 20 - 28 t_Euro III,,,0.02,0,12,86,8.18E-05,0.030426674,0.755274685,2.750396815,0.001821392,0.225358983,0.160279239,0,1,1,1 
HDVD_67,Heavy Duty Trucks_Diesel_Articulated 20 - 28 t_Euro III,,,0.02,0.5,12,86,2.91E-06,0.004881226,0.519757169,2.638177818,-0.000255108,0.085692516,0.81574063,0,1,1,1 
HDVD_67,Heavy Duty Trucks_Diesel_Articulated 20 - 28 t_Euro III,,,0.02,1,12,85,1.97E-15,-7.48E-14,2.665698597,6.27E-11,-0.001773579,0.281677497,2.745909193,0,1,1,1 
HDVD_67,Heavy Duty Trucks_Diesel_Articulated 20 - 28 t_Euro III,,,0.04,0,12,86,0.000260961,0.067643179,0.303036376,-4.298316886,0.004568324,0.277527659,-2.263838115,0,1,1,1 
HDVD_67,Heavy Duty Trucks_Diesel_Articulated 20 - 28 t_Euro III,,,0.04,0.5,12,78,0.000396041,0.077576462,0.084123887,-3.758895381,0.004071648,0.256779715,-2.036690213,0,1,1,1 
HDVD_67,Heavy Duty Trucks_Diesel_Articulated 20 - 28 t_Euro III,,,0.04,1,12,61,-0.000350891,0.110343736,1.647490122,0.706156887,0.002448459,0.288079443,2.38405896,0,1,1,1 
HDVD_67,Heavy Duty Trucks_Diesel_Articulated 20 - 28 t_Euro III,,,0.06,0,12,83,1.49E-14,-1.04E-12,2.570689651,9.01E-10,-0.002636229,0.342025639,2.106416386,0,1,1,1 
HDVD_67,Heavy Duty Trucks_Diesel_Articulated 20 - 28 t_Euro III,,,0.06,0.5,12,59,0.0011873,0.173437429,-0.278515227,-6.506841317,0.007784786,0.446555765,-3.482985589,0,1,1,1 
HDVD_67,Heavy Duty Trucks_Diesel_Articulated 20 - 28 t_Euro III,,,0.06,1,12,46,0.000127996,0.093207122,2.452636413,0.28407108,0.002378125,0.233110039,3.331920064,0,1,1,1 
HDVD_68,Heavy Duty Trucks_Diesel_Articulated 20 - 28 t_Euro IV,,,-0.06,0,12,86,4.96E-06,-0.001659886,0.161109569,0.957303867,-0.00078239,0.232428155,3.079956684,0,1,1,1 
HDVD_68,Heavy Duty Trucks_Diesel_Articulated 20 - 28 t_Euro IV,,,-0.06,0.5,12,86,5.64E-06,-0.001827902,0.169840973,0.938354579,-0.000845522,0.231906766,3.359993914,0,1,1,1 
HDVD_68,Heavy Duty Trucks_Diesel_Articulated 20 - 28 t_Euro IV,,,-0.06,1,12,86,7.23E-06,-0.002262673,0.204387205,0.987436608,-0.00079382,0.251282981,4.088581795,0,1,1,1 
HDVD_68,Heavy Duty Trucks_Diesel_Articulated 20 - 28 t_Euro IV,,,-0.04,0,12,86,6.55E-06,-0.002095376,0.196859215,1.02216029,-0.000545089,0.216948391,3.203171792,0,1,1,1 
HDVD_68,Heavy Duty Trucks_Diesel_Articulated 20 - 28 t_Euro IV,,,-0.04,0.5,12,86,1.13E-05,-0.003463018,0.311656697,1.30061909,-0.000348027,0.281951503,4.920683157,0,1,1,1 
HDVD_68,Heavy Duty Trucks_Diesel_Articulated 20 - 28 t_Euro IV,,,-0.04,1,12,86,7.24E-06,-0.002163056,0.18898592,0.647515548,6.43E-06,0.143824954,2.874126395,0,1,1,1 
HDVD_68,Heavy Duty Trucks_Diesel_Articulated 20 - 28 t_Euro IV,,,-0.02,0,12,86,-4.05E-18,2.28E-15,0.66515414,1.19E-13,0.002045381,0.743720534,2.979561749,0,1,1,1 
HDVD_68,Heavy Duty Trucks_Diesel_Articulated 20 - 28 t_Euro IV,,,-0.02,0.5,12,86,7.73E-06,-0.002297804,0.187799247,0.681459056,-0.000570788,0.108010024,2.527914186,0,1,1,1 
HDVD_68,Heavy Duty Trucks_Diesel_Articulated 20 - 28 t_Euro IV,,,-0.02,1,12,86,1.03E-05,-0.00531443,0.417249132,-2.771185343,-0.003696408,0.354774325,-1.693525747,0,1,1,1 
HDVD_68,Heavy Duty Trucks_Diesel_Articulated 20 - 28 t_Euro IV,,,0,0,12,86,1.91E-15,3.14E-14,0.702145565,6.76E-11,-0.004342253,0.680730377,3.12491557,0,1,1,1 
HDVD_68,Heavy Duty Trucks_Diesel_Articulated 20 - 28 t_Euro IV,,,0,0.5,12,86,1.88E-14,-1.54E-13,1.108461579,5.51E-10,-0.003659748,0.72105804,6.510064628,0,1,1,1 
HDVD_68,Heavy Duty Trucks_Diesel_Articulated 20 - 28 t_Euro IV,,,0,1,12,86,0.00191732,-0.012260978,0.072366234,23.29001324,0.087505439,-2.665315552,44.47984457,0,1,1,1 
HDVD_68,Heavy Duty Trucks_Diesel_Articulated 20 - 28 t_Euro IV,,,0.02,0,12,86,1.06E-05,0.005501452,0.345849064,1.201164947,-0.000902474,0.274807724,3.354533897,0,1,1,1 
HDVD_68,Heavy Duty Trucks_Diesel_Articulated 20 - 28 t_Euro IV,,,0.02,0.5,12,86,3.34E-05,0.020101595,0.574223573,0.779092498,0.002466676,0.373857391,4.239938023,0,1,1,1 
HDVD_68,Heavy Duty Trucks_Diesel_Articulated 20 - 28 t_Euro IV,,,0.02,1,12,85,-5.81E-05,0.027321452,0.683600912,0.673840427,0.002888335,0.399843191,4.256283297,0,1,1,1 
HDVD_68,Heavy Duty Trucks_Diesel_Articulated 20 - 28 t_Euro IV,,,0.04,0,12,86,-0.000269876,0.024694211,0.089130806,-2.411444543,-0.004789429,0.504360196,-3.778589179,0,1,1,1 
HDVD_68,Heavy Duty Trucks_Diesel_Articulated 20 - 28 t_Euro IV,,,0.04,0.5,12,80,-7.06E-05,0.000670089,0.590971553,-0.855934191,-0.001661306,0.15424456,2.746032472,0,1,1,1 
HDVD_68,Heavy Duty Trucks_Diesel_Articulated 20 - 28 t_Euro IV,,,0.04,1,12,63,-0.000386871,0.011662259,1.146605206,-6.898062568,-0.009503368,0.706126905,-2.34023023,0,1,1,1 
HDVD_68,Heavy Duty Trucks_Diesel_Articulated 20 - 28 t_Euro IV,,,0.06,0,12,84,-0.000210186,0.016009528,0.509921919,-0.949850369,-0.002329377,0.279861885,2.366273482,0,1,1,1 
HDVD_68,Heavy Duty Trucks_Diesel_Articulated 20 - 28 t_Euro IV,,,0.06,0.5,12,60,-0.000323131,0.002473478,1.445026818,-4.766086462,-0.008385468,0.578298988,1.603647457,0,1,1,1 
HDVD_68,Heavy Duty Trucks_Diesel_Articulated 20 - 28 t_Euro IV,,,0.06,1,12,47,-0.000187791,0.051110018,0.942937803,0.902821738,0.007322992,0.504119507,3.047408644,0,1,1,1 
HDVD_68,Heavy Duty Trucks_Diesel_Articulated 20 - 28 t_Euro IV,,,-0.06,0,12,86,4.96E-06,-0.001659886,0.161109569,0.957303867,-0.00078239,0.232428155,3.079956684,0,1,1,1 
HDVD_68,Heavy Duty Trucks_Diesel_Articulated 20 - 28 t_Euro IV,,,-0.06,0.5,12,86,5.64E-06,-0.001827902,0.169840973,0.938354579,-0.000845522,0.231906766,3.359993914,0,1,1,1 
HDVD_68,Heavy Duty Trucks_Diesel_Articulated 20 - 28 t_Euro IV,,,-0.06,1,12,86,7.23E-06,-0.002262673,0.204387205,0.987436608,-0.00079382,0.251282981,4.088581795,0,1,1,1 
HDVD_68,Heavy Duty Trucks_Diesel_Articulated 20 - 28 t_Euro IV,,,-0.04,0,12,86,6.55E-06,-0.002095376,0.196859215,1.02216029,-0.000545089,0.216948391,3.203171792,0,1,1,1 
HDVD_68,Heavy Duty Trucks_Diesel_Articulated 20 - 28 t_Euro IV,,,-0.04,1,12,86,7.24E-06,-0.002163056,0.18898592,0.647515548,6.43E-06,0.143824954,2.874126395,0,1,1,1 
HDVD_68,Heavy Duty Trucks_Diesel_Articulated 20 - 28 t_Euro IV,,,-0.02,0,12,86,-4.05E-18,2.28E-15,0.66515414,1.19E-13,0.002045381,0.743720534,2.979561749,0,1,1,1 
HDVD_68,Heavy Duty Trucks_Diesel_Articulated 20 - 28 t_Euro IV,,,-0.02,1,12,86,1.03E-05,-0.00531443,0.417249132,-2.771185343,-0.003696408,0.354774325,-1.693525747,0,1,1,1 
HDVD_68,Heavy Duty Trucks_Diesel_Articulated 20 - 28 t_Euro IV,,,0,0,12,86,1.91E-15,3.14E-14,0.702145565,6.76E-11,-0.004342253,0.680730377,3.12491557,0,1,1,1 
HDVD_68,Heavy Duty Trucks_Diesel_Articulated 20 - 28 t_Euro IV,,,0,1,12,86,0.00191732,-0.012260978,0.072366234,23.29001324,0.087505439,-2.665315552,44.47984457,0,1,1,1 
HDVD_68,Heavy Duty Trucks_Diesel_Articulated 20 - 28 t_Euro IV,,,0.02,0,12,86,1.06E-05,0.005501452,0.345849064,1.201164947,-0.000902474,0.274807724,3.354533897,0,1,1,1 
HDVD_68,Heavy Duty Trucks_Diesel_Articulated 20 - 28 t_Euro IV,,,0.02,1,12,85,-5.81E-05,0.027321452,0.683600912,0.673840427,0.002888335,0.399843191,4.256283297,0,1,1,1 
HDVD_68,Heavy Duty Trucks_Diesel_Articulated 20 - 28 t_Euro IV,,,0.04,0,12,86,-0.000269876,0.024694211,0.089130806,-2.411444543,-0.004789429,0.504360196,-3.778589179,0,1,1,1 
HDVD_68,Heavy Duty Trucks_Diesel_Articulated 20 - 28 t_Euro IV,,,0.04,1,12,63,-0.000386871,0.011662259,1.146605206,-6.898062568,-0.009503368,0.706126905,-2.34023023,0,1,1,1 
HDVD_68,Heavy Duty Trucks_Diesel_Articulated 20 - 28 t_Euro IV,,,0.06,0,12,84,-0.000210186,0.016009528,0.509921919,-0.949850369,-0.002329377,0.279861885,2.366273482,0,1,1,1 
HDVD_68,Heavy Duty Trucks_Diesel_Articulated 20 - 28 t_Euro IV,,,0.06,0.5,12,60,-0.000323131,0.002473478,1.445026818,-4.766086462,-0.008385468,0.578298988,1.603647457,0,1,1,1 
HDVD_68,Heavy Duty Trucks_Diesel_Articulated 20 - 28 t_Euro IV,,,0.06,1,12,47,-0.000187791,0.051110018,0.942937803,0.902821738,0.007322992,0.504119507,3.047408644,0,1,1,1 
HDVD_69,Heavy Duty Trucks_Diesel_Articulated 20 - 28 t_Euro V,SCR,,-0.06,0,10,85,-0.005069447,0.477058347,0.794113011,0.789922584,0.933802417,0.025065968,0.252359009,0,1,1,1 
HDVD_69,Heavy Duty Trucks_Diesel_Articulated 20 - 28 t_Euro V,SCR,,-0.06,0.5,10,85,-0.000858335,0.085617964,-0.504679162,1.005443239,0.155772176,-1.205932544,3.087976354,0,1,1,1 
HDVD_69,Heavy Duty Trucks_Diesel_Articulated 20 - 28 t_Euro V,SCR,,-0.06,1,10,85,-0.000887717,0.084292911,-0.465011037,0.889432745,0.144796531,-1.047601744,2.679516839,0,1,1,1 
HDVD_69,Heavy Duty Trucks_Diesel_Articulated 20 - 28 t_Euro V,SCR,,-0.04,0,10,85,-0.002237317,0.26814669,-1.306965666,2.20618189,0.374346611,-2.152967166,4.997647164,0,1,1,1 
HDVD_69,Heavy Duty Trucks_Diesel_Articulated 20 - 28 t_Euro V,SCR,,-0.04,0.5,10,85,-0.007771922,0.769152076,-0.631612418,0.114895642,0.915408413,0.486899702,0.663279092,0,1,1,1 
HDVD_69,Heavy Duty Trucks_Diesel_Articulated 20 - 28 t_Euro V,SCR,,-0.04,1,10,85,-0.002142206,0.241387875,-1.128710863,1.84417217,0.306228104,-1.698421348,4.136799485,0,1,1,1 
HDVD_69,Heavy Duty Trucks_Diesel_Articulated 20 - 28 t_Euro V,SCR,,-0.02,0,10,85,-0.000321795,0.286301981,-1.198246226,1.875518307,0.338551384,-1.432341922,3.188426118,0,1,1,1 
HDVD_69,Heavy Duty Trucks_Diesel_Articulated 20 - 28 t_Euro V,SCR,,-0.02,0.5,10,85,-0.003403614,0.727731722,-1.344311412,-0.70273993,0.669099475,-0.468770208,1.32384322,0,1,1,1 
HDVD_69,Heavy Duty Trucks_Diesel_Articulated 20 - 28 t_Euro V,SCR,,-0.02,1,10,85,-0.002333919,0.393974107,-1.354971471,1.603453327,0.308024538,-0.48383341,1.123997949,0,1,1,1 
HDVD_69,Heavy Duty Trucks_Diesel_Articulated 20 - 28 t_Euro V,SCR,,0,0,10,85,0.007687151,0.286990361,-0.937262478,2.050911673,0.398333421,-1.517143097,4.866919305,0,1,1,1 
HDVD_69,Heavy Duty Trucks_Diesel_Articulated 20 - 28 t_Euro V,SCR,,0,0.5,10,85,0.007314725,0.413627246,-1.156500406,1.419265195,0.381147762,-0.473097669,1.340487148,0,1,1,1 
HDVD_69,Heavy Duty Trucks_Diesel_Articulated 20 - 28 t_Euro V,SCR,,0,1,10,85,0.007082613,0.533322703,-1.35428071,1.266032608,0.393203414,0.051590739,-5.66E-07,0,1,1,1 
HDVD_69,Heavy Duty Trucks_Diesel_Articulated 20 - 28 t_Euro V,SCR,,0.02,0,10,85,0.007923272,0.159969502,-1.236005528,0.946650171,0.20939561,-0.938279777,-0.836362796,0,1,1,1 
HDVD_69,Heavy Duty Trucks_Diesel_Articulated 20 - 28 t_Euro V,SCR,,0.02,0.5,10,85,-0.000673168,0.042955854,1.61903027,-0.890347431,-0.014021989,1.263633303,2.472256849,0,1,1,1 
HDVD_69,Heavy Duty Trucks_Diesel_Articulated 20 - 28 t_Euro V,SCR,,0.02,1,10,85,-0.000641596,0.075153903,1.37675179,-0.915258674,-0.004725351,1.221252169,1.271634399,0,1,1,1 
HDVD_69,Heavy Duty Trucks_Diesel_Articulated 20 - 28 t_Euro V,SCR,,0.04,0,10,85,-0.001015114,0.074760847,1.484153837,-1.311113628,-0.016641826,1.524917476,0.865827251,0,1,1,1 
HDVD_69,Heavy Duty Trucks_Diesel_Articulated 20 - 28 t_Euro V,SCR,,0.04,0.5,10,80,-0.001496403,0.15515036,1.375803719,-1.257531777,-0.004016576,1.631706546,0.080006079,0,1,1,1 
HDVD_69,Heavy Duty Trucks_Diesel_Articulated 20 - 28 t_Euro V,SCR,,0.04,1,10,60,-0.001462305,0.171596954,1.599534005,-0.734049627,0.008249759,1.530465035,0.844202811,0,1,1,1 
HDVD_69,Heavy Duty Trucks_Diesel_Articulated 20 - 28 t_Euro V,SCR,,0.06,0,10,85,-0.001632877,0.17404451,1.262434898,-1.138076955,-0.0060033,1.753322754,2.32E-11,0,1,1,1 
HDVD_69,Heavy Duty Trucks_Diesel_Articulated 20 - 28 t_Euro V,SCR,,0.06,0.5,10,60,-0.001676043,0.187174703,1.516069379,-0.607440365,0.008772987,1.50754182,0.820910886,0,1,1,1 
HDVD_69,Heavy Duty Trucks_Diesel_Articulated 20 - 28 t_Euro V,SCR,,0.06,1,10,45,-0.001221236,0.431806585,1.203270759,0.304220879,0.086476824,1.703831694,0.34833306,0,1,1,1 
HDVD_69,Heavy Duty Trucks_Diesel_Articulated 20 - 28 t_Euro V,EGR,,-0.06,0,10,75,-0.001753447,0.14548732,-0.619987518,0.987298742,0.293042028,-1.72095518,5.200566561,0,1,1,1 
HDVD_69,Heavy Duty Trucks_Diesel_Articulated 20 - 28 t_Euro V,EGR,,-0.06,0.5,10,80,-0.000897875,0.076612244,-0.334947158,0.601944779,0.18543279,-1.318013493,4.323238593,0,1,1,1 
HDVD_69,Heavy Duty Trucks_Diesel_Articulated 20 - 28 t_Euro V,EGR,,-0.06,1,10,80,-0.000879806,0.075500338,-0.322865892,0.590141714,0.192794518,-1.410451091,4.762577732,0,1,1,1 
HDVD_69,Heavy Duty Trucks_Diesel_Articulated 20 - 28 t_Euro V,EGR,,-0.04,0,10,85,-0.001920876,0.180954034,-0.663648597,0.885828823,0.235299613,-0.8175192,2.793134729,0,1,1,1 
HDVD_69,Heavy Duty Trucks_Diesel_Articulated 20 - 28 t_Euro V,EGR,,-0.04,0.5,10,85,-0.001990911,0.182028205,-0.703852525,0.930157681,0.236450565,-0.872760084,2.854311356,0,1,1,1 
HDVD_69,Heavy Duty Trucks_Diesel_Articulated 20 - 28 t_Euro V,EGR,,-0.04,1,10,85,-0.001702757,0.158387563,-0.607621046,0.857813762,0.210754067,-0.927743276,3.468560144,0,1,1,1 
HDVD_69,Heavy Duty Trucks_Diesel_Articulated 20 - 28 t_Euro V,EGR,,-0.02,0,10,85,9.60E-05,-0.018978147,1.022283833,-1.298080279,-0.008824394,0.795272847,2.675925052,0,1,1,1 
HDVD_69,Heavy Duty Trucks_Diesel_Articulated 20 - 28 t_Euro V,EGR,,-0.02,0.5,10,85,-0.003698189,0.462024942,-0.527356262,0.158673028,0.348220175,1.57591637,0.134866565,0,1,1,1 
HDVD_69,Heavy Duty Trucks_Diesel_Articulated 20 - 28 t_Euro V,EGR,,-0.02,1,10,85,-0.002690023,0.372548807,-1.256848812,1.403361212,0.290384657,-0.174683521,1.686618614,0,1,1,1 
HDVD_69,Heavy Duty Trucks_Diesel_Articulated 20 - 28 t_Euro V,EGR,,0,0,10,85,-2.35E-05,-0.007717801,1.027822479,-1.316543547,-0.008142701,0.742861212,2.065359732,0,1,1,1 
HDVD_69,Heavy Duty Trucks_Diesel_Articulated 20 - 28 t_Euro V,EGR,,0,0.5,10,85,0.000196784,0.000334249,1.008637355,-1.155196751,0.005629271,0.525665387,2.949158845,0,1,1,1 
HDVD_69,Heavy Duty Trucks_Diesel_Articulated 20 - 28 t_Euro V,EGR,,0,1,10,85,0.000188352,0.00939117,1.042420105,-1.13625521,0.008198017,0.515189115,3.32309744,0,1,1,1 
HDVD_69,Heavy Duty Trucks_Diesel_Articulated 20 - 28 t_Euro V,EGR,,0.02,0,10,85,-0.000104486,-0.000166694,1.15908533,-1.575928645,-0.008597808,0.800748363,1.628575373,0,1,1,1 
HDVD_69,Heavy Duty Trucks_Diesel_Articulated 20 - 28 t_Euro V,EGR,,0.02,0.5,10,85,-0.000243609,0.011278641,1.307432027,-1.765063762,-0.009035243,0.839385385,1.938732763,0,1,1,1 
HDVD_69,Heavy Duty Trucks_Diesel_Articulated 20 - 28 t_Euro V,EGR,,0.02,1,10,85,-1.66E-05,0.000995051,0.986843391,-1.065260946,-0.003521349,0.408067648,2.347680803,0,1,1,1 
HDVD_69,Heavy Duty Trucks_Diesel_Articulated 20 - 28 t_Euro V,EGR,,0.04,0,10,85,3.95E-05,0.013275126,1.452095792,-2.037753017,-0.004473275,0.919686101,1.848633204,0,1,1,1 
HDVD_69,Heavy Duty Trucks_Diesel_Articulated 20 - 28 t_Euro V,EGR,,0.04,0.5,10,80,0.048007817,0.868054517,-1.263892318,-0.292622523,0.766163623,0.381659062,0.028617798,0,1,1,1 
HDVD_69,Heavy Duty Trucks_Diesel_Articulated 20 - 28 t_Euro V,EGR,,0.04,1,10,65,0.005582076,0.383027577,0.959621571,-2.148489571,0.103991545,1.838731329,6.94E-06,0,1,1,1 
HDVD_69,Heavy Duty Trucks_Diesel_Articulated 20 - 28 t_Euro V,EGR,,0.06,0,10,85,0.000844479,0.009100643,1.670677704,-2.228532785,0.00495641,0.77482275,2.591973938,0,1,1,1 
HDVD_69,Heavy Duty Trucks_Diesel_Articulated 20 - 28 t_Euro V,EGR,,0.06,0.5,10,60,0.003590411,0.30698975,1.43199961,-2.742450199,0.063614208,1.865313021,0.222942278,0,1,1,1 
HDVD_69,Heavy Duty Trucks_Diesel_Articulated 20 - 28 t_Euro V,EGR,,0.06,1,10,45,-0.001307925,0.183619377,2.092544578,-2.785268777,0.000478373,1.458235357,2.277624206,0,1,1,1 
HDVD_70,Heavy Duty Trucks_Diesel_Articulated 20 - 28 t_Euro VI,,,-0.06,0,10,70,-2.46E-05,0.002292567,-0.042355228,0.25642264,0.021823772,-0.471871612,2.982211339,0,1,1,1 
HDVD_70,Heavy Duty Trucks_Diesel_Articulated 20 - 28 t_Euro VI,,,-0.06,0.5,10,65,-2.08E-05,0.001919179,-0.035529498,0.210328326,0.019891959,-0.427881422,2.613264819,0,1,1,1 
HDVD_70,Heavy Duty Trucks_Diesel_Articulated 20 - 28 t_Euro VI,,,-0.06,1,10,65,-3.88E-05,0.003539258,-0.062875953,0.352465238,0.039206085,-0.803516876,4.602656127,0,1,1,1 
HDVD_70,Heavy Duty Trucks_Diesel_Articulated 20 - 28 t_Euro VI,,,-0.04,0,10,80,-0.001941672,0.159833964,0.000754186,0.122308849,1.511086785,0.46404082,0.354514068,0,1,1,1 
HDVD_70,Heavy Duty Trucks_Diesel_Articulated 20 - 28 t_Euro VI,,,-0.04,0.5,10,80,-0.001724773,0.143595071,0.035398636,0.164882886,1.500987242,0.474431141,0.347820723,0,1,1,1 
HDVD_70,Heavy Duty Trucks_Diesel_Articulated 20 - 28 t_Euro VI,,,-0.04,1,10,80,-0.001310944,0.107691472,0.190310625,0.766247419,1.265014998,0.428908378,0.288446526,0,1,1,1 
HDVD_70,Heavy Duty Trucks_Diesel_Articulated 20 - 28 t_Euro VI,,,-0.02,0,10,85,5.78E-06,-0.001382886,0.076688451,0.540214142,-0.007474665,0.628347534,5.080511867,0,1,1,1 
HDVD_70,Heavy Duty Trucks_Diesel_Articulated 20 - 28 t_Euro VI,,,-0.02,0.5,10,85,-0.001432445,0.201349531,-0.073390727,-0.142198909,1.564312608,0.414177107,0.389212322,0,1,1,1 
HDVD_70,Heavy Duty Trucks_Diesel_Articulated 20 - 28 t_Euro VI,,,-0.02,1,10,85,-0.001642126,0.208110274,-0.175677123,-0.002283613,1.536873414,0.405574383,0.371251144,0,1,1,1 
HDVD_70,Heavy Duty Trucks_Diesel_Articulated 20 - 28 t_Euro VI,,,0,0,10,85,0.001662188,0.162719313,-0.006274777,0.631749566,1.320250867,0.465699712,0.303223946,0,1,1,1 
HDVD_70,Heavy Duty Trucks_Diesel_Articulated 20 - 28 t_Euro VI,,,0,0.5,10,85,-4.13E-07,-0.000306335,0.029289613,0.622429495,-0.001707415,0.109000434,5.481849767,0,1,1,1 
HDVD_70,Heavy Duty Trucks_Diesel_Articulated 20 - 28 t_Euro VI,,,0,1,10,85,0.001332818,0.172674767,-0.231657404,0.871327224,1.152081633,0.536473597,0.275192882,0,1,1,1 
HDVD_70,Heavy Duty Trucks_Diesel_Articulated 20 - 28 t_Euro VI,,,0.02,0,10,85,0.00312698,0.198964392,0.016721041,0.132003539,1.48878673,0.463648213,0.368820156,0,1,1,1 
HDVD_70,Heavy Duty Trucks_Diesel_Articulated 20 - 28 t_Euro VI,,,0.02,0.5,10,85,-1.66E-05,0.000640651,0.228150905,1.336270517,-0.009554339,1.154193022,11.97621756,0,1,1,1 
HDVD_70,Heavy Duty Trucks_Diesel_Articulated 20 - 28 t_Euro VI,,,0.02,1,10,85,4.92E-05,0.000901478,-0.002988681,0.582835122,0.014657116,-0.234352673,4.940113395,0,1,1,1 
HDVD_70,Heavy Duty Trucks_Diesel_Articulated 20 - 28 t_Euro VI,,,0.04,0,10,85,0.003074103,0.188107435,-0.192602796,0.808089038,1.191559109,0.521842112,0.281357731,0,1,1,1 
HDVD_70,Heavy Duty Trucks_Diesel_Articulated 20 - 28 t_Euro VI,,,0.04,0.5,10,80,0.000509859,0.036768217,0.255978301,0.008038817,0.160235866,2.112314857,0.316178514,0,1,1,1 
HDVD_70,Heavy Duty Trucks_Diesel_Articulated 20 - 28 t_Euro VI,,,0.04,1,10,65,-4.88E-06,-0.000404859,0.065176344,0.535745585,-0.002428691,0.144643483,4.718809509,0,1,1,1 
HDVD_70,Heavy Duty Trucks_Diesel_Articulated 20 - 28 t_Euro VI,,,0.06,0,10,85,6.43E-05,0.003439294,0.098437011,0.526233855,0.017350092,0.40572674,4.827447548,0,1,1,1 
HDVD_70,Heavy Duty Trucks_Diesel_Articulated 20 - 28 t_Euro VI,,,0.06,0.5,10,65,0.000165991,0.028530888,0.28200842,0.013062293,0.067490584,2.251456252,0.412874488,0,1,1,1 
HDVD_70,Heavy Duty Trucks_Diesel_Articulated 20 - 28 t_Euro VI,,,0.06,1,10,50,9.25E-05,4.40E-05,0.040206012,0.626746342,0.012614047,-0.122056157,5.236186217,0,1,1,1 
HDVD_71,Heavy Duty Trucks_Diesel_Articulated 28 - 34 t_Conventional,,,-0.06,0,12,86,-3.18E-05,0.030770024,2.134785263,-5.707446041,0.005540164,0.164401445,-0.028214774,0,1,1,1 
HDVD_71,Heavy Duty Trucks_Diesel_Articulated 28 - 34 t_Conventional,,,-0.06,0.5,12,86,-2.44E-05,0.019304948,1.544046753,-4.56009078,0.003807839,0.105291081,0.107376314,0,1,1,1 
HDVD_71,Heavy Duty Trucks_Diesel_Articulated 28 - 34 t_Conventional,,,-0.06,1,12,86,-2.22E-05,0.016396863,1.381983776,-4.254003345,0.003315338,0.088940309,0.131127707,0,1,1,1 
HDVD_71,Heavy Duty Trucks_Diesel_Articulated 28 - 34 t_Conventional,,,-0.04,0,12,86,-3.57E-05,0.037388127,2.468965351,-3.088108237,0.005952086,0.173397995,0.345734811,0,1,1,1 
HDVD_71,Heavy Duty Trucks_Diesel_Articulated 28 - 34 t_Conventional,,,-0.04,0.5,12,86,-2.53E-05,0.018321251,1.558970109,-4.920400031,0.003332467,0.089070037,0.164835557,0,1,1,1 
HDVD_71,Heavy Duty Trucks_Diesel_Articulated 28 - 34 t_Conventional,,,-0.04,1,12,86,-3.42E-05,0.020119785,2.095417752,-7.446023731,0.004130828,0.096777029,0.318086712,0,1,1,1 
HDVD_71,Heavy Duty Trucks_Diesel_Articulated 28 - 34 t_Conventional,,,-0.02,0,12,86,0.00030913,-0.007434987,1.74863413,2.499489315,0.001857622,0.081300487,0.934627953,0,1,1,1 
HDVD_71,Heavy Duty Trucks_Diesel_Articulated 28 - 34 t_Conventional,,,-0.02,0.5,12,86,0.000187446,-0.010228352,2.222854657,2.087889998,0.001303165,0.097536922,1.182353236,0,1,1,1 
HDVD_71,Heavy Duty Trucks_Diesel_Articulated 28 - 34 t_Conventional,,,-0.02,1,12,86,-5.80E-05,0.049302678,4.030528904,-2.07392131,0.005537088,0.165362219,1.871059686,0,1,1,1 
HDVD_71,Heavy Duty Trucks_Diesel_Articulated 28 - 34 t_Conventional,,,0,0,12,86,3.56E-17,1.08E-15,2.44339666,3.77E-12,-0.001129481,0.196954746,0.310705624,0,1,1,1 
HDVD_71,Heavy Duty Trucks_Diesel_Articulated 28 - 34 t_Conventional,,,0,0.5,12,86,0.000262615,-0.00847361,0.078996229,4.626905116,0.000878402,-0.037115205,0.710399061,0,1,1,1 
HDVD_71,Heavy Duty Trucks_Diesel_Articulated 28 - 34 t_Conventional,,,0,1,12,86,0.000536442,-0.014011621,0.279254405,7.309314103,0.001632975,-0.057966325,1.176300851,0,1,1,1 
HDVD_71,Heavy Duty Trucks_Diesel_Articulated 28 - 34 t_Conventional,,,0.02,0,12,86,9.07E-06,0.005137836,0.517081555,2.740271992,-0.000111987,0.036419332,0.345165917,0,1,1,1 
HDVD_71,Heavy Duty Trucks_Diesel_Articulated 28 - 34 t_Conventional,,,0.02,0.5,12,86,0.000170611,0.008872994,1.295196107,2.280035502,0.000286715,0.045622065,0.792671896,0,1,1,1 
HDVD_71,Heavy Duty Trucks_Diesel_Articulated 28 - 34 t_Conventional,,,0.02,1,12,74,0.002842422,0.114792337,-2.067205255,11.46036304,0.00803629,-0.099987207,0.555548807,0,1,1,1 
HDVD_71,Heavy Duty Trucks_Diesel_Articulated 28 - 34 t_Conventional,,,0.04,0,12,86,0.000497676,0.110662533,0.255955637,-6.090172247,0.002306714,0.149624277,-1.140099935,0,1,1,1 
HDVD_71,Heavy Duty Trucks_Diesel_Articulated 28 - 34 t_Conventional,,,0.04,0.5,12,65,0.000171875,0.071117214,1.732746003,2.15286635,0.000777525,0.092710879,0.885312058,0,1,1,1 
HDVD_71,Heavy Duty Trucks_Diesel_Articulated 28 - 34 t_Conventional,,,0.04,1,12,51,0.00018858,0.012051935,2.420353498,1.707308889,8.86E-05,0.042732243,1.178190425,0,1,1,1 
HDVD_71,Heavy Duty Trucks_Diesel_Articulated 28 - 34 t_Conventional,,,0.06,0,12,73,2.33E-05,0.011876889,0.762144457,2.763165513,-0.000150752,0.041477151,0.436636349,0,1,1,1 
HDVD_71,Heavy Duty Trucks_Diesel_Articulated 28 - 34 t_Conventional,,,0.06,0.5,12,49,-0.000555903,0.009702759,1.266901091,1.906797059,-0.000762316,0.032426607,0.675740299,0,1,1,1 
HDVD_71,Heavy Duty Trucks_Diesel_Articulated 28 - 34 t_Conventional,,,0.06,1,11,36,0.001291322,-0.105431,3.793845028,-0.024852522,4.83E-05,-0.009983444,1.511020726,0,1,1,1 
HDVD_72,Heavy Duty Trucks_Diesel_Articulated 28 - 34 t_Euro I,,,-0.06,0,12,86,9.71E-06,-0.004399509,0.661225588,4.955692344,0.00010548,0.076349213,0.662243419,0,1,1,1 
HDVD_72,Heavy Duty Trucks_Diesel_Articulated 28 - 34 t_Euro I,,,-0.06,0.5,12,86,1.04E-05,-0.003781822,0.432443689,2.819503077,4.95E-06,0.045666744,0.485725402,0,1,1,1 
HDVD_72,Heavy Duty Trucks_Diesel_Articulated 28 - 34 t_Euro I,,,-0.06,1,12,86,1.05E-05,-0.003784863,0.422436709,2.697184715,-7.17E-06,0.043948369,0.482095986,0,1,1,1 
HDVD_72,Heavy Duty Trucks_Diesel_Articulated 28 - 34 t_Euro I,,,-0.04,0,12,86,6.15E-06,-0.002516144,0.334897869,2.387253494,-7.46E-07,0.033125825,0.313858118,0,1,1,1 
HDVD_72,Heavy Duty Trucks_Diesel_Articulated 28 - 34 t_Euro I,,,-0.04,0.5,12,86,1.08E-05,-0.003498383,0.338388796,1.758791539,-8.71E-06,0.02623222,0.361283729,0,1,1,1 
HDVD_72,Heavy Duty Trucks_Diesel_Articulated 28 - 34 t_Euro I,,,-0.04,1,12,86,1.79E-05,-0.005455573,0.488785944,2.029225899,2.39E-05,0.031118398,0.517394001,0,1,1,1 
HDVD_72,Heavy Duty Trucks_Diesel_Articulated 28 - 34 t_Euro I,,,-0.02,0,12,86,8.19E-06,0.00103817,0.301798105,2.586537052,-3.39E-05,0.038282192,0.221136429,0,1,1,1 
HDVD_72,Heavy Duty Trucks_Diesel_Articulated 28 - 34 t_Euro I,,,-0.02,0.5,12,86,-0.00030704,0.086626793,-0.392980137,-6.634747602,0.006212459,0.02179108,-1.09049073,0,1,1,1 
HDVD_72,Heavy Duty Trucks_Diesel_Articulated 28 - 34 t_Euro I,,,-0.02,1,12,86,-7.91E-06,0.005191718,1.926998914,-0.094967278,0.001729703,0.09805807,1.150438218,0,1,1,1 
HDVD_72,Heavy Duty Trucks_Diesel_Articulated 28 - 34 t_Euro I,,,0,0,12,86,3.41E-16,-3.18E-15,2.801379935,1.69E-10,-0.001413052,0.286219989,0.162657999,0,1,1,1 
HDVD_72,Heavy Duty Trucks_Diesel_Articulated 28 - 34 t_Euro I,,,0,0.5,12,86,0.000132778,-0.004486585,0.034512697,2.679483325,0.000571733,-0.025059626,0.486057568,0,1,1,1 
HDVD_72,Heavy Duty Trucks_Diesel_Articulated 28 - 34 t_Euro I,,,0,1,12,86,0.00024939,-0.008427233,0.187853989,3.461985117,0.000869772,-0.032335555,0.717677412,0,1,1,1 
HDVD_72,Heavy Duty Trucks_Diesel_Articulated 28 - 34 t_Euro I,,,0.02,0,12,86,2.74E-05,-0.001819834,0.315243159,2.752718139,-8.07E-05,0.017394765,0.435141753,0,1,1,1 
HDVD_72,Heavy Duty Trucks_Diesel_Articulated 28 - 34 t_Euro I,,,0.02,0.5,12,86,3.76E-18,-2.21E-17,2.388704565,1.12E-14,-0.000962853,0.128736557,1.223710362,0,1,1,1 
HDVD_72,Heavy Duty Trucks_Diesel_Articulated 28 - 34 t_Euro I,,,0.02,1,12,76,0.001759465,0.001279955,0.114433894,6.639839172,0.004292106,-0.082921246,1.278649753,0,1,1,1 
HDVD_72,Heavy Duty Trucks_Diesel_Articulated 28 - 34 t_Euro I,,,0.04,0,12,86,2.71E-05,0.003716529,0.361205589,3.502545653,-0.000122055,0.029894789,0.451044142,0,1,1,1 
HDVD_72,Heavy Duty Trucks_Diesel_Articulated 28 - 34 t_Euro I,,,0.04,0.5,12,67,0.000815735,0.005732566,1.648392289,1.287080158,0.001181559,0.033223031,1.361454534,0,1,1,1 
HDVD_72,Heavy Duty Trucks_Diesel_Articulated 28 - 34 t_Euro I,,,0.04,1,12,52,0.001176689,-0.036709183,3.05949679,0.581130755,0.001208387,-0.011659606,2.210593258,0,1,1,1 
HDVD_72,Heavy Duty Trucks_Diesel_Articulated 28 - 34 t_Euro I,,,0.06,0,12,73,0.000118005,0.017277472,1.123687731,5.327489043,-0.000381939,0.084687752,1.024776327,0,1,1,1 
HDVD_72,Heavy Duty Trucks_Diesel_Articulated 28 - 34 t_Euro I,,,0.06,0.5,12,51,0.000669354,0.141371531,2.579945475,2.812318352,0.001078113,0.154080434,1.972107674,0,1,1,1 
HDVD_72,Heavy Duty Trucks_Diesel_Articulated 28 - 34 t_Euro I,,,0.06,1,11,37,-0.001897491,0.076346986,2.349205496,-1.098190543,-0.001490297,0.083437796,1.103383748,0,1,1,1 
HDVD_73,Heavy Duty Trucks_Diesel_Articulated 28 - 34 t_Euro II,,,-0.06,0,12,86,-3.15E-05,0.031728356,1.962720931,-6.255569517,0.015668137,0.494341611,1.598635937,0,1,1,1 
HDVD_73,Heavy Duty Trucks_Diesel_Articulated 28 - 34 t_Euro II,,,-0.06,0.5,12,86,-2.99E-05,0.016702429,1.481599623,-6.195708435,0.010313621,0.233631744,1.599172756,0,1,1,1 
HDVD_73,Heavy Duty Trucks_Diesel_Articulated 28 - 34 t_Euro II,,,-0.06,1,12,86,-2.63E-05,0.011554889,1.368932754,-6.202178799,0.008545851,0.157940264,1.455156744,0,1,1,1 
HDVD_73,Heavy Duty Trucks_Diesel_Articulated 28 - 34 t_Euro II,,,-0.04,0,12,86,-1.96E-05,0.017757974,1.191044662,-3.857895599,0.008569963,0.26007818,0.811510179,0,1,1,1 
HDVD_73,Heavy Duty Trucks_Diesel_Articulated 28 - 34 t_Euro II,,,-0.04,0.5,12,86,-3.34E-05,0.013665905,1.500347785,-7.310929439,0.008704458,0.145132075,1.803530594,0,1,1,1 
HDVD_73,Heavy Duty Trucks_Diesel_Articulated 28 - 34 t_Euro II,,,-0.04,1,12,86,-1.55E-05,0.00406203,0.877466009,-4.771677363,0.004166882,0.040350698,0.997041327,0,1,1,1 
HDVD_73,Heavy Duty Trucks_Diesel_Articulated 28 - 34 t_Euro II,,,-0.02,0,12,86,0.000479704,-0.009536167,0.345037469,12.09693001,0.012054982,-0.402209991,8.934619741,0,1,1,1 
HDVD_73,Heavy Duty Trucks_Diesel_Articulated 28 - 34 t_Euro II,,,-0.02,0.5,12,86,0.000129719,-0.008542972,0.582290786,1.744128864,0.001856405,-0.030642567,2.520809415,0,1,1,1 
HDVD_73,Heavy Duty Trucks_Diesel_Articulated 28 - 34 t_Euro II,,,-0.02,1,12,86,-4.86E-05,0.021213104,1.444783203,-7.670132334,0.005607058,0.085192259,1.475562342,0,1,1,1 
HDVD_73,Heavy Duty Trucks_Diesel_Articulated 28 - 34 t_Euro II,,,0,0,12,86,0.000271818,-0.022118954,0.82197027,1.375536629,0.000889536,-0.025544977,2.881507664,0,1,1,1 
HDVD_73,Heavy Duty Trucks_Diesel_Articulated 28 - 34 t_Euro II,,,0,0.5,12,86,0.000264741,-0.026446861,1.251967863,0.211838928,0.000192497,0.008113801,2.913469116,0,1,1,1 
HDVD_73,Heavy Duty Trucks_Diesel_Articulated 28 - 34 t_Euro II,,,0,1,12,86,0.000160621,-0.018083507,0.903469546,0.027927788,3.31E-05,0.004904931,1.682713199,0,1,1,1 
HDVD_73,Heavy Duty Trucks_Diesel_Articulated 28 - 34 t_Euro II,,,0.02,0,12,86,0.000110548,0.005436034,1.020657357,3.651925437,-0.000329389,0.142292233,2.691120259,0,1,1,1 
HDVD_73,Heavy Duty Trucks_Diesel_Articulated 28 - 34 t_Euro II,,,0.02,0.5,12,86,0.000223853,-0.014822828,1.051386143,0.531246878,0.000533456,-0.001081857,2.243657462,0,1,1,1 
HDVD_73,Heavy Duty Trucks_Diesel_Articulated 28 - 34 t_Euro II,,,0.02,1,12,80,-1.64E-05,-0.000670766,1.318008664,-4.71773305,-0.000243324,0.068578285,1.047027537,0,1,1,1 
HDVD_73,Heavy Duty Trucks_Diesel_Articulated 28 - 34 t_Euro II,,,0.04,0,12,86,0.000445131,0.071855848,-0.429268257,-4.63354642,0.003782331,0.221782599,-2.913602211,0,1,1,1 
HDVD_73,Heavy Duty Trucks_Diesel_Articulated 28 - 34 t_Euro II,,,0.04,0.5,12,71,0.000230712,-0.032272029,1.511770271,-0.345911799,0.000194188,-0.032748245,2.713968154,0,1,1,1 
HDVD_73,Heavy Duty Trucks_Diesel_Articulated 28 - 34 t_Euro II,,,0.04,1,12,54,0.000573922,-0.063011244,2.19977554,-2.232096767,0.000728457,-0.069237146,2.969693644,0,1,1,1 
HDVD_73,Heavy Duty Trucks_Diesel_Articulated 28 - 34 t_Euro II,,,0.06,0,12,79,1.66E-05,0.065102498,1.815303715,1.974115289,0.001318794,0.251691438,3.133560873,0,1,1,1 
HDVD_73,Heavy Duty Trucks_Diesel_Articulated 28 - 34 t_Euro II,,,0.06,0.5,12,52,0.000355899,-0.039253118,1.47321678,-0.520146252,0.000370292,-0.040959248,2.208553457,0,1,1,1 
HDVD_73,Heavy Duty Trucks_Diesel_Articulated 28 - 34 t_Euro II,,,0.06,1,12,41,0.000627209,-0.057917976,1.904590604,-0.603882264,0.000543157,-0.048192876,2.178653027,0,1,1,1 
HDVD_74,Heavy Duty Trucks_Diesel_Articulated 28 - 34 t_Euro III,,,-0.06,0,12,86,-0.00019396,0.100860314,2.609072933,4.275892318,0.018285324,0.609066949,1.479104517,0,1,1,1 
HDVD_74,Heavy Duty Trucks_Diesel_Articulated 28 - 34 t_Euro III,,,-0.06,0.5,12,86,-1.99E-05,0.05917029,3.072010579,-1.488471119,0.013650943,0.580022738,1.668896305,0,1,1,1 
HDVD_74,Heavy Duty Trucks_Diesel_Articulated 28 - 34 t_Euro III,,,-0.06,1,12,86,-1.51E-05,0.036145466,1.806876352,-3.778504896,0.008419976,0.329700375,0.453513743,0,1,1,1 
HDVD_74,Heavy Duty Trucks_Diesel_Articulated 28 - 34 t_Euro III,,,-0.04,0,12,86,-0.0001104,0.064155594,1.660269443,2.673682381,0.011470949,0.357140049,0.777794749,0,1,1,1 
HDVD_74,Heavy Duty Trucks_Diesel_Articulated 28 - 34 t_Euro III,,,-0.04,0.5,12,86,-1.58E-05,0.026496109,2.077752905,-0.488448472,0.006458096,0.336533872,1.592109344,0,1,1,1 
HDVD_74,Heavy Duty Trucks_Diesel_Articulated 28 - 34 t_Euro III,,,-0.04,1,12,86,-2.71E-05,0.032526784,1.892234034,-5.520981245,0.007938254,0.266648879,0.700640258,0,1,1,1 
HDVD_74,Heavy Duty Trucks_Diesel_Articulated 28 - 34 t_Euro III,,,-0.02,0,12,86,-1.56E-17,-3.80E-16,2.85375608,6.11E-12,-0.002819411,0.621527053,-0.314880807,0,1,1,1 
HDVD_74,Heavy Duty Trucks_Diesel_Articulated 28 - 34 t_Euro III,,,-0.02,0.5,12,86,7.35E-05,0.002564274,2.237756695,2.77897559,0.00203383,0.309912388,2.335106333,0,1,1,1 
HDVD_74,Heavy Duty Trucks_Diesel_Articulated 28 - 34 t_Euro III,,,-0.02,1,12,86,0.000159819,-0.011110514,2.041092965,1.478894105,0.001985068,0.171181404,2.789263286,0,1,1,1 
HDVD_74,Heavy Duty Trucks_Diesel_Articulated 28 - 34 t_Euro III,,,0,0,12,86,0.00043043,-0.003647784,1.527249985,2.630342741,0.004072825,0.144086147,1.827153008,0,1,1,1 
HDVD_74,Heavy Duty Trucks_Diesel_Articulated 28 - 34 t_Euro III,,,0,0.5,12,86,0.000592581,-0.011375695,1.645601367,3.12257336,0.004349049,0.093558757,2.596384511,0,1,1,1 
HDVD_74,Heavy Duty Trucks_Diesel_Articulated 28 - 34 t_Euro III,,,0,1,12,86,0.000205054,-0.009458117,0.24371754,3.04718332,0.001370219,-0.053485173,1.400934495,0,1,1,1 
HDVD_74,Heavy Duty Trucks_Diesel_Articulated 28 - 34 t_Euro III,,,0.02,0,12,86,4.42E-05,0.018436453,0.678709777,3.074544816,0.00077223,0.172796544,0.475758072,0,1,1,1 
HDVD_74,Heavy Duty Trucks_Diesel_Articulated 28 - 34 t_Euro III,,,0.02,0.5,12,86,8.88E-15,-4.46E-13,2.304240815,4.68E-10,-0.002030047,0.304125311,1.87730856,0,1,1,1 
HDVD_74,Heavy Duty Trucks_Diesel_Articulated 28 - 34 t_Euro III,,,0.02,1,12,81,0.000595647,-0.023176512,1.217376257,3.645432284,0.002803905,-0.06243072,3.237241202,0,1,1,1 
HDVD_74,Heavy Duty Trucks_Diesel_Articulated 28 - 34 t_Euro III,,,0.04,0,12,86,0.00029569,0.073175621,0.272312159,-4.57399592,0.004773036,0.295233385,-2.472625917,0,1,1,1 
HDVD_74,Heavy Duty Trucks_Diesel_Articulated 28 - 34 t_Euro III,,,0.04,0.5,12,71,0.000467856,0.088807164,0.085536805,-4.289690286,0.004428611,0.265623153,-1.982233257,0,1,1,1 
HDVD_74,Heavy Duty Trucks_Diesel_Articulated 28 - 34 t_Euro III,,,0.04,1,12,56,0.000149288,-0.018920551,1.329693016,0.004183652,3.18E-05,0.007259295,2.073420812,0,1,1,1 
HDVD_74,Heavy Duty Trucks_Diesel_Articulated 28 - 34 t_Euro III,,,0.06,0,12,81,1.73E-05,0.007197177,0.58773695,2.756088811,-0.000320639,0.094322495,0.940057355,0,1,1,1 
HDVD_74,Heavy Duty Trucks_Diesel_Articulated 28 - 34 t_Euro III,,,0.06,0.5,12,54,-3.45E-05,0.109645422,2.480013697,2.05416656,0.002045567,0.338620029,3.651923553,0,1,1,1 
HDVD_74,Heavy Duty Trucks_Diesel_Articulated 28 - 34 t_Euro III,,,0.06,1,12,41,0.002805516,0.238512725,-1.178081258,-3.222797145,0.007624346,0.423154004,-3.207565404,0,1,1,1 
HDVD_75,Heavy Duty Trucks_Diesel_Articulated 28 - 34 t_Euro IV,,,-0.06,0,12,86,4.65E-06,-0.00154939,0.1495438,0.882625248,-0.000734364,0.214809453,2.87366663,0,1,1,1 
HDVD_75,Heavy Duty Trucks_Diesel_Articulated 28 - 34 t_Euro IV,,,-0.06,0.5,12,86,5.62E-06,-0.001798473,0.165700079,0.882204718,-0.000768266,0.219577117,3.28533735,0,1,1,1 
HDVD_75,Heavy Duty Trucks_Diesel_Articulated 28 - 34 t_Euro IV,,,-0.06,1,12,86,9.33E-06,-0.00289238,0.259844954,1.192909389,-0.000873914,0.306703477,5.181325578,0,1,1,1 
HDVD_75,Heavy Duty Trucks_Diesel_Articulated 28 - 34 t_Euro IV,,,-0.04,0,12,86,6.97E-06,-0.002221799,0.20799276,1.061594972,-0.000541208,0.22576633,3.377362434,0,1,1,1 
HDVD_75,Heavy Duty Trucks_Diesel_Articulated 28 - 34 t_Euro IV,,,-0.04,0.5,12,86,1.19E-05,-0.003592712,0.319349485,1.232545425,-0.000199418,0.270113616,4.981710617,0,1,1,1 
HDVD_75,Heavy Duty Trucks_Diesel_Articulated 28 - 34 t_Euro IV,,,-0.04,1,12,86,7.50E-06,-0.002215802,0.19089116,0.590668201,0.000105486,0.133371985,2.840553201,0,1,1,1 
HDVD_75,Heavy Duty Trucks_Diesel_Articulated 28 - 34 t_Euro IV,,,-0.02,0,12,86,-0.000108787,0.02875229,-0.148782884,-1.995616707,0.025647272,0.12914295,-4.983219448,0,1,1,1 
HDVD_75,Heavy Duty Trucks_Diesel_Articulated 28 - 34 t_Euro IV,,,-0.02,0.5,12,86,5.77E-06,-0.004356707,0.366774083,-2.700387001,-0.003694613,0.35801719,-2.212297679,0,1,1,1 
HDVD_75,Heavy Duty Trucks_Diesel_Articulated 28 - 34 t_Euro IV,,,-0.02,1,12,86,1.83E-05,-0.007460313,0.551867884,-3.47254724,-0.004478717,0.426438766,-1.708858206,0,1,1,1 
HDVD_75,Heavy Duty Trucks_Diesel_Articulated 28 - 34 t_Euro IV,,,0,0,12,86,7.75E-17,1.47E-15,0.667502632,2.69E-12,-0.003834758,0.615678236,3.158717937,0,1,1,1 
HDVD_75,Heavy Duty Trucks_Diesel_Articulated 28 - 34 t_Euro IV,,,0,0.5,12,86,3.51E-17,1.17E-15,0.773088842,7.48E-13,-0.002236774,0.469933567,4.440420086,0,1,1,1 
HDVD_75,Heavy Duty Trucks_Diesel_Articulated 28 - 34 t_Euro IV,,,0,1,12,86,8.22E-18,9.23E-16,0.59760269,1.39E-13,-0.001344772,0.321283018,2.884511593,0,1,1,1 
HDVD_75,Heavy Duty Trucks_Diesel_Articulated 28 - 34 t_Euro IV,,,0.02,0,12,86,1.47E-05,0.015182888,0.917381037,2.867626492,-0.002165481,0.688265796,8.680981419,0,1,1,1 
HDVD_75,Heavy Duty Trucks_Diesel_Articulated 28 - 34 t_Euro IV,,,0.02,0.5,12,86,-1.38E-05,0.020060071,0.610812811,0.75764717,0.001962171,0.354422997,4.351568046,0,1,1,1 
HDVD_75,Heavy Duty Trucks_Diesel_Articulated 28 - 34 t_Euro IV,,,0.02,1,12,82,-9.08E-05,0.0356691,0.779615688,0.692496593,0.004073076,0.474669395,4.36467787,0,1,1,1 
HDVD_75,Heavy Duty Trucks_Diesel_Articulated 28 - 34 t_Euro IV,,,0.04,0,12,86,-0.000331622,0.029825391,0.249007409,-2.798349138,-0.005567873,0.601005871,-2.977280906,0,1,1,1 
HDVD_75,Heavy Duty Trucks_Diesel_Articulated 28 - 34 t_Euro IV,,,0.04,0.5,12,73,-0.00032132,0.080976597,-0.294177481,-0.692274039,0.007818974,0.541084184,-3.041957583,0,1,1,1 
HDVD_75,Heavy Duty Trucks_Diesel_Articulated 28 - 34 t_Euro IV,,,0.04,1,12,57,-0.00012782,0.047345019,1.100300906,1.267940503,0.00618287,0.571160603,4.458609778,0,1,1,1 
HDVD_75,Heavy Duty Trucks_Diesel_Articulated 28 - 34 t_Euro IV,,,0.06,0,12,82,-0.000190971,0.011997615,0.681133312,-0.95424506,-0.002296024,0.260616108,3.493794706,0,1,1,1 
HDVD_75,Heavy Duty Trucks_Diesel_Articulated 28 - 34 t_Euro IV,,,0.06,0.5,12,56,-0.000975077,0.218886584,1.268444133,-0.849790802,0.028304263,1.55011309,2.174770874,0,1,1,1 
HDVD_75,Heavy Duty Trucks_Diesel_Articulated 28 - 34 t_Euro IV,,,0.06,1,12,41,4.74E-05,-0.002801007,-0.007675196,1.817083265,0.000834099,-0.067882337,1.399129838,0,1,1,1 
HDVD_75,Heavy Duty Trucks_Diesel_Articulated 28 - 34 t_Euro IV,,,-0.06,0,12,86,4.65E-06,-0.00154939,0.1495438,0.882625248,-0.000734364,0.214809453,2.87366663,0,1,1,1 
HDVD_75,Heavy Duty Trucks_Diesel_Articulated 28 - 34 t_Euro IV,,,-0.06,0.5,12,86,5.62E-06,-0.001798473,0.165700079,0.882204718,-0.000768266,0.219577117,3.28533735,0,1,1,1 
HDVD_75,Heavy Duty Trucks_Diesel_Articulated 28 - 34 t_Euro IV,,,-0.06,1,12,86,9.33E-06,-0.00289238,0.259844954,1.192909389,-0.000873914,0.306703477,5.181325578,0,1,1,1 
HDVD_75,Heavy Duty Trucks_Diesel_Articulated 28 - 34 t_Euro IV,,,-0.04,0,12,86,6.97E-06,-0.002221799,0.20799276,1.061594972,-0.000541208,0.22576633,3.377362434,0,1,1,1 
HDVD_75,Heavy Duty Trucks_Diesel_Articulated 28 - 34 t_Euro IV,,,-0.04,1,12,86,7.50E-06,-0.002215802,0.19089116,0.590668201,0.000105486,0.133371985,2.840553201,0,1,1,1 
HDVD_75,Heavy Duty Trucks_Diesel_Articulated 28 - 34 t_Euro IV,,,-0.02,0,12,86,-0.000108787,0.02875229,-0.148782884,-1.995616707,0.025647272,0.12914295,-4.983219448,0,1,1,1 
HDVD_75,Heavy Duty Trucks_Diesel_Articulated 28 - 34 t_Euro IV,,,-0.02,1,12,86,1.83E-05,-0.007460313,0.551867884,-3.47254724,-0.004478717,0.426438766,-1.708858206,0,1,1,1 
HDVD_75,Heavy Duty Trucks_Diesel_Articulated 28 - 34 t_Euro IV,,,0,0,12,86,7.75E-17,1.47E-15,0.667502632,2.69E-12,-0.003834758,0.615678236,3.158717937,0,1,1,1 
HDVD_75,Heavy Duty Trucks_Diesel_Articulated 28 - 34 t_Euro IV,,,0,1,12,86,8.22E-18,9.23E-16,0.59760269,1.39E-13,-0.001344772,0.321283018,2.884511593,0,1,1,1 
HDVD_75,Heavy Duty Trucks_Diesel_Articulated 28 - 34 t_Euro IV,,,0.02,0,12,86,1.47E-05,0.015182888,0.917381037,2.867626492,-0.002165481,0.688265796,8.680981419,0,1,1,1 
HDVD_75,Heavy Duty Trucks_Diesel_Articulated 28 - 34 t_Euro IV,,,0.02,1,12,82,-9.08E-05,0.0356691,0.779615688,0.692496593,0.004073076,0.474669395,4.36467787,0,1,1,1 
HDVD_75,Heavy Duty Trucks_Diesel_Articulated 28 - 34 t_Euro IV,,,0.04,0,12,86,-0.000331622,0.029825391,0.249007409,-2.798349138,-0.005567873,0.601005871,-2.977280906,0,1,1,1 
HDVD_75,Heavy Duty Trucks_Diesel_Articulated 28 - 34 t_Euro IV,,,0.04,1,12,57,-0.00012782,0.047345019,1.100300906,1.267940503,0.00618287,0.571160603,4.458609778,0,1,1,1 
HDVD_75,Heavy Duty Trucks_Diesel_Articulated 28 - 34 t_Euro IV,,,0.06,0,12,82,-0.000190971,0.011997615,0.681133312,-0.95424506,-0.002296024,0.260616108,3.493794706,0,1,1,1 
HDVD_75,Heavy Duty Trucks_Diesel_Articulated 28 - 34 t_Euro IV,,,0.06,0.5,12,56,-0.000975077,0.218886584,1.268444133,-0.849790802,0.028304263,1.55011309,2.174770874,0,1,1,1 
HDVD_75,Heavy Duty Trucks_Diesel_Articulated 28 - 34 t_Euro IV,,,0.06,1,12,41,4.74E-05,-0.002801007,-0.007675196,1.817083265,0.000834099,-0.067882337,1.399129838,0,1,1,1 
HDVD_76,Heavy Duty Trucks_Diesel_Articulated 28 - 34 t_Euro V,SCR,,-0.06,0,10,85,-0.005082889,0.476044534,0.809778458,0.778177127,0.931823819,0.028268991,0.261581346,0,1,1,1 
HDVD_76,Heavy Duty Trucks_Diesel_Articulated 28 - 34 t_Euro V,SCR,,-0.06,0.5,10,85,-0.004922948,0.442953268,0.946637649,0.593655499,0.868093818,0.16966282,0.564843308,0,1,1,1 
HDVD_76,Heavy Duty Trucks_Diesel_Articulated 28 - 34 t_Euro V,SCR,,-0.06,1,10,85,-0.000989573,0.09268186,-0.500613603,0.931637288,0.156850441,-1.108279377,2.783100442,0,1,1,1 
HDVD_76,Heavy Duty Trucks_Diesel_Articulated 28 - 34 t_Euro V,SCR,,-0.04,0,10,85,-0.007843158,0.768567779,-0.618048378,0.102928102,0.929533981,0.475733399,0.66579928,0,1,1,1 
HDVD_76,Heavy Duty Trucks_Diesel_Articulated 28 - 34 t_Euro V,SCR,,-0.04,0.5,10,85,-0.00258878,0.30016845,-1.429577737,2.275773846,0.396685158,-2.187888881,4.932046572,0,1,1,1 
HDVD_76,Heavy Duty Trucks_Diesel_Articulated 28 - 34 t_Euro V,SCR,,-0.04,1,10,85,-0.002174439,0.243819438,-1.134409371,1.851025487,0.303051272,-1.675641485,4.133945693,0,1,1,1 
HDVD_76,Heavy Duty Trucks_Diesel_Articulated 28 - 34 t_Euro V,SCR,,-0.02,0,10,85,-0.0006114,0.292673467,-1.189000749,1.779548412,0.329122074,-1.279777842,2.771468089,0,1,1,1 
HDVD_76,Heavy Duty Trucks_Diesel_Articulated 28 - 34 t_Euro V,SCR,,-0.02,0.5,10,85,-0.002027466,0.320339796,-1.281220477,0.757326821,0.239750421,-0.064713896,-2.575754333,0,1,1,1 
HDVD_76,Heavy Duty Trucks_Diesel_Articulated 28 - 34 t_Euro V,SCR,,-0.02,1,10,85,-0.002704783,0.419321423,-1.42029599,1.593736149,0.308091561,-0.361501126,0.764096118,0,1,1,1 
HDVD_76,Heavy Duty Trucks_Diesel_Articulated 28 - 34 t_Euro V,SCR,,0,0,10,85,0.007458058,0.292389385,-0.961242223,1.930822167,0.386206734,-1.37998123,4.249962801,0,1,1,1 
HDVD_76,Heavy Duty Trucks_Diesel_Articulated 28 - 34 t_Euro V,SCR,,0,0.5,10,85,0.007456096,0.487125459,-1.267702641,1.337435433,0.403832976,-0.186609078,0.642167674,0,1,1,1 
HDVD_76,Heavy Duty Trucks_Diesel_Articulated 28 - 34 t_Euro V,SCR,,0,1,10,85,0.006595856,0.550652588,-1.317654988,1.232445007,0.380406165,0.17235027,-2.86E-08,0,1,1,1 
HDVD_76,Heavy Duty Trucks_Diesel_Articulated 28 - 34 t_Euro V,SCR,,0.02,0,10,85,0.014854831,0.282995275,-1.498784456,1.310840017,0.371925153,-1.240230357,-1.41E-08,0,1,1,1 
HDVD_76,Heavy Duty Trucks_Diesel_Articulated 28 - 34 t_Euro V,SCR,,0.02,0.5,10,85,-0.000735378,0.055472974,1.923849869,-0.879170892,-0.013718942,1.445154655,3.133252065,0,1,1,1 
HDVD_76,Heavy Duty Trucks_Diesel_Articulated 28 - 34 t_Euro V,SCR,,0.02,1,10,80,-0.000698073,0.094031957,1.440766785,-1.140660831,-0.00108101,1.32399047,0.810472664,0,1,1,1 
HDVD_76,Heavy Duty Trucks_Diesel_Articulated 28 - 34 t_Euro V,SCR,,0.04,0,10,85,-0.001363694,0.104739313,2.0325004,-1.618872362,-0.020924327,2.019475856,1.516461203,0,1,1,1 
HDVD_76,Heavy Duty Trucks_Diesel_Articulated 28 - 34 t_Euro V,SCR,,0.04,0.5,10,75,-0.00150299,0.15158926,1.525785996,-1.15246984,-0.002667381,1.599348206,0.470102392,0,1,1,1 
HDVD_76,Heavy Duty Trucks_Diesel_Articulated 28 - 34 t_Euro V,SCR,,0.04,1,10,55,-0.000635809,0.323536454,1.610380678,-0.484689684,0.062851443,1.772091135,0.787715585,0,1,1,1 
HDVD_76,Heavy Duty Trucks_Diesel_Articulated 28 - 34 t_Euro V,SCR,,0.06,0,10,80,-0.00170939,0.177278587,1.253429994,-1.113920178,-0.005153654,1.712695541,6.34E-11,0,1,1,1 
HDVD_76,Heavy Duty Trucks_Diesel_Articulated 28 - 34 t_Euro V,SCR,,0.06,0.5,10,55,-0.001628718,0.294457086,1.181921293,-0.585325187,0.040657606,1.575812635,1.91E-07,0,1,1,1 
HDVD_76,Heavy Duty Trucks_Diesel_Articulated 28 - 34 t_Euro V,SCR,,0.06,1,10,40,0.037898824,0.995464406,0.05221418,0.485203712,0.622294064,0.379930472,0.580051082,0,1,1,1 
HDVD_76,Heavy Duty Trucks_Diesel_Articulated 28 - 34 t_Euro V,EGR,,-0.06,0,10,75,-0.001738034,0.144594186,-0.618791361,0.999243855,0.298372678,-1.794090239,5.469676696,0,1,1,1 
HDVD_76,Heavy Duty Trucks_Diesel_Articulated 28 - 34 t_Euro V,EGR,,-0.06,0.5,10,80,-0.001371972,0.116809853,-0.52428497,0.918042568,0.283854325,-2.005371315,6.340183687,0,1,1,1 
HDVD_76,Heavy Duty Trucks_Diesel_Articulated 28 - 34 t_Euro V,EGR,,-0.06,1,10,80,-0.000807852,0.069223448,-0.29973432,0.530928541,0.177729411,-1.282560528,4.201517069,0,1,1,1 
HDVD_76,Heavy Duty Trucks_Diesel_Articulated 28 - 34 t_Euro V,EGR,,-0.04,0,10,85,-0.001857786,0.174703879,-0.666452761,0.903544347,0.22927796,-0.851651207,2.772414609,0,1,1,1 
HDVD_76,Heavy Duty Trucks_Diesel_Articulated 28 - 34 t_Euro V,EGR,,-0.04,0.5,10,85,-0.001929842,0.177034344,-0.682304764,0.925577782,0.232099188,-0.91288565,3.179336759,0,1,1,1 
HDVD_76,Heavy Duty Trucks_Diesel_Articulated 28 - 34 t_Euro V,EGR,,-0.04,1,10,85,-0.001740642,0.163060629,-0.64320416,0.899902894,0.214029998,-0.958650531,3.443434845,0,1,1,1 
HDVD_76,Heavy Duty Trucks_Diesel_Articulated 28 - 34 t_Euro V,EGR,,-0.02,0,10,85,-0.003203081,0.584145018,-0.841032783,0.514821002,0.535415742,1.200613115,0.384458973,0,1,1,1 
HDVD_76,Heavy Duty Trucks_Diesel_Articulated 28 - 34 t_Euro V,EGR,,-0.02,0.5,10,85,-0.002442627,0.351764987,-1.182057895,1.391547846,0.298698567,-0.350447819,2.176649411,0,1,1,1 
HDVD_76,Heavy Duty Trucks_Diesel_Articulated 28 - 34 t_Euro V,EGR,,-0.02,1,10,85,-0.004093558,0.482037334,-0.642679171,0.061372318,0.30907143,1.672275883,0.124063887,0,1,1,1 
HDVD_76,Heavy Duty Trucks_Diesel_Articulated 28 - 34 t_Euro V,EGR,,0,0,10,85,-3.04E-05,-0.009832209,1.312376765,-1.677239438,-0.010236318,0.934032586,2.663419918,0,1,1,1 
HDVD_76,Heavy Duty Trucks_Diesel_Articulated 28 - 34 t_Euro V,EGR,,0,0.5,10,85,0.005494064,0.696294491,-0.953252306,-0.119820651,0.49559204,1.280342272,-0.003978091,0,1,1,1 
HDVD_76,Heavy Duty Trucks_Diesel_Articulated 28 - 34 t_Euro V,EGR,,0,1,10,85,-4.69E-05,-0.005980441,0.912732026,-1.031501346,-0.005412392,0.449075997,2.531034357,0,1,1,1 
HDVD_76,Heavy Duty Trucks_Diesel_Articulated 28 - 34 t_Euro V,EGR,,0.02,0,10,85,-0.000101696,0.00031055,1.14154521,-1.543235221,-0.008150578,0.770993212,1.647059029,0,1,1,1 
HDVD_76,Heavy Duty Trucks_Diesel_Articulated 28 - 34 t_Euro V,EGR,,0.02,0.5,10,85,-0.000187066,0.006756752,1.414467981,-1.714170493,-0.008136605,0.758674762,2.788451686,0,1,1,1 
HDVD_76,Heavy Duty Trucks_Diesel_Articulated 28 - 34 t_Euro V,EGR,,0.02,1,10,80,-7.49E-05,0.003761978,1.407603727,-1.508287963,-0.005266174,0.560347018,3.298564835,0,1,1,1 
HDVD_76,Heavy Duty Trucks_Diesel_Articulated 28 - 34 t_Euro V,EGR,,0.04,0,10,85,-0.000303292,0.021378339,1.495256654,-2.21483363,-0.01043148,1.06563314,1.372073307,0,1,1,1 
HDVD_76,Heavy Duty Trucks_Diesel_Articulated 28 - 34 t_Euro V,EGR,,0.04,0.5,10,75,0.000422928,0.082911355,1.835304024,-2.604459823,0.005629381,1.243907137,2.111182327,0,1,1,1 
HDVD_76,Heavy Duty Trucks_Diesel_Articulated 28 - 34 t_Euro V,EGR,,0.04,1,10,55,-0.001351544,0.135117276,1.762421281,-2.538907027,-0.007816824,1.389167317,1.512314087,0,1,1,1 
HDVD_76,Heavy Duty Trucks_Diesel_Articulated 28 - 34 t_Euro V,EGR,,0.06,0,10,85,0.002909771,0.040433024,2.505749878,-3.402358575,0.032955783,1.15854774,3.901320726,0,1,1,1 
HDVD_76,Heavy Duty Trucks_Diesel_Articulated 28 - 34 t_Euro V,EGR,,0.06,0.5,10,55,-0.001438592,0.136713504,1.915668912,-2.732175482,-0.008324743,1.393137776,1.819071718,0,1,1,1 
HDVD_76,Heavy Duty Trucks_Diesel_Articulated 28 - 34 t_Euro V,EGR,,0.06,1,10,40,6.19E-05,-0.027084028,1.434745894,-1.029754549,-0.004355561,0.182143928,3.31640553,0,1,1,1 
HDVD_77,Heavy Duty Trucks_Diesel_Articulated 28 - 34 t_Euro VI,,,-0.06,0,10,70,-4.44E-05,0.004135968,-0.076842757,0.465244668,0.039796711,-0.864672308,5.454176958,0,1,1,1 
HDVD_77,Heavy Duty Trucks_Diesel_Articulated 28 - 34 t_Euro VI,,,-0.06,0.5,10,65,-1.95E-05,0.001784604,-0.032489221,0.190419975,0.01903508,-0.400738584,2.410820058,0,1,1,1 
HDVD_77,Heavy Duty Trucks_Diesel_Articulated 28 - 34 t_Euro VI,,,-0.06,1,10,65,-3.50E-05,0.003179904,-0.055692916,0.304777505,0.036114146,-0.727501974,4.053894609,0,1,1,1 
HDVD_77,Heavy Duty Trucks_Diesel_Articulated 28 - 34 t_Euro VI,,,-0.04,0,10,80,-0.001949507,0.158813133,0.000687155,0.123808263,1.511095033,0.464199298,0.35401267,0,1,1,1 
HDVD_77,Heavy Duty Trucks_Diesel_Articulated 28 - 34 t_Euro VI,,,-0.04,0.5,10,80,-0.001754146,0.14386911,0.037771263,0.158747216,1.50229909,0.474821104,0.348593239,0,1,1,1 
HDVD_77,Heavy Duty Trucks_Diesel_Articulated 28 - 34 t_Euro VI,,,-0.04,1,10,75,-0.002043618,0.157307267,-0.033515023,0.123332914,1.516480613,0.457773634,0.350981944,0,1,1,1 
HDVD_77,Heavy Duty Trucks_Diesel_Articulated 28 - 34 t_Euro VI,,,-0.02,0,10,85,-0.000604546,0.143237494,-0.049531968,0.867009858,1.213987854,0.428104906,0.269425279,0,1,1,1 
HDVD_77,Heavy Duty Trucks_Diesel_Articulated 28 - 34 t_Euro VI,,,-0.02,0.5,10,85,-0.001504933,0.203369173,-0.091883049,-0.133264739,1.563516799,0.409405224,0.387600318,0,1,1,1 
HDVD_77,Heavy Duty Trucks_Diesel_Articulated 28 - 34 t_Euro VI,,,-0.02,1,10,85,-0.000269668,0.028777678,0.178363489,0.025706567,0.196626263,2.080486314,0.283223823,0,1,1,1 
HDVD_77,Heavy Duty Trucks_Diesel_Articulated 28 - 34 t_Euro VI,,,0,0,10,85,0.00166965,0.162753615,-0.006700252,0.633344178,1.319469514,0.465649189,0.30302343,0,1,1,1 
HDVD_77,Heavy Duty Trucks_Diesel_Articulated 28 - 34 t_Euro VI,,,0,0.5,10,85,0.001657089,0.189576012,-0.117406552,0.492415881,1.37088699,0.475383709,0.320693104,0,1,1,1 
HDVD_77,Heavy Duty Trucks_Diesel_Articulated 28 - 34 t_Euro VI,,,0,1,10,85,0.001121445,0.153950323,-0.260392764,1.080565471,0.982952759,0.591247314,0.250305464,0,1,1,1 
HDVD_77,Heavy Duty Trucks_Diesel_Articulated 28 - 34 t_Euro VI,,,0.02,0,10,85,0.003111743,0.200264336,0.005425602,0.195397106,1.471321788,0.463910826,0.361485409,0,1,1,1 
HDVD_77,Heavy Duty Trucks_Diesel_Articulated 28 - 34 t_Euro VI,,,0.02,0.5,10,85,5.67E-05,0.001714315,0.006612582,0.614093805,0.019015584,-0.167156018,5.250988392,0,1,1,1 
HDVD_77,Heavy Duty Trucks_Diesel_Articulated 28 - 34 t_Euro VI,,,0.02,1,10,80,5.94E-05,0.001013523,-0.00684836,0.594468788,0.016716817,-0.275677925,5.024458546,0,1,1,1 
HDVD_77,Heavy Duty Trucks_Diesel_Articulated 28 - 34 t_Euro VI,,,0.04,0,10,85,-1.93E-05,0.000466703,0.113984923,0.341755712,-0.007488535,0.645280862,3.22600267,0,1,1,1 
HDVD_77,Heavy Duty Trucks_Diesel_Articulated 28 - 34 t_Euro VI,,,0.04,0.5,10,75,0.00023826,0.027162248,0.29090209,0.005687738,0.083880005,2.312138486,0.402768398,0,1,1,1 
HDVD_77,Heavy Duty Trucks_Diesel_Articulated 28 - 34 t_Euro VI,,,0.04,1,10,55,-2.03E-05,-0.000152408,0.078055537,0.496930866,-0.005119124,0.24416719,4.368664433,0,1,1,1 
HDVD_77,Heavy Duty Trucks_Diesel_Articulated 28 - 34 t_Euro VI,,,0.06,0,10,85,0.005054576,0.243567924,-0.071383596,-0.60744677,1.492357052,0.420569636,0.57321833,0,1,1,1 
HDVD_77,Heavy Duty Trucks_Diesel_Articulated 28 - 34 t_Euro VI,,,0.06,0.5,10,55,1.78E-05,-0.000671459,0.058506188,0.53515218,0.001094828,0.043028936,4.707342217,0,1,1,1 
HDVD_77,Heavy Duty Trucks_Diesel_Articulated 28 - 34 t_Euro VI,,,0.06,1,10,40,0.000438241,0.053222665,0.261841188,0.091294576,0.139280096,2.422119176,0.372118876,0,1,1,1 
HDVD_78,Heavy Duty Trucks_Diesel_Articulated 34 - 40 t_Conventional,,,-0.06,0,12,86,6.74E-17,-2.19E-14,2.505286939,-2.00E-11,0.00150305,0.190281737,0.210702587,0,1,1,1 
HDVD_78,Heavy Duty Trucks_Diesel_Articulated 34 - 40 t_Conventional,,,-0.06,0.5,12,86,-2.18E-05,0.017246697,1.380051344,-3.960930598,0.002976971,0.079144777,-0.00939328,0,1,1,1 
HDVD_78,Heavy Duty Trucks_Diesel_Articulated 34 - 40 t_Conventional,,,-0.06,1,12,86,-2.23E-05,0.016350456,1.402501787,-4.153069369,0.002918605,0.075400231,0.033694363,0,1,1,1 
HDVD_78,Heavy Duty Trucks_Diesel_Articulated 34 - 40 t_Conventional,,,-0.04,0,12,86,3.22E-05,-0.009889722,2.23128489,0.810713052,0.000462087,0.1500169,0.287327936,0,1,1,1 
HDVD_78,Heavy Duty Trucks_Diesel_Articulated 34 - 40 t_Conventional,,,-0.04,0.5,12,86,-1.44E-15,3.70E-13,4.759397854,1.09E-10,0.003632661,0.247879513,1.252978962,0,1,1,1 
HDVD_78,Heavy Duty Trucks_Diesel_Articulated 34 - 40 t_Conventional,,,-0.04,1,12,86,8.08E-06,-0.003264144,1.355535435,-4.270918163,0.000746631,0.065013234,0.049730504,0,1,1,1 
HDVD_78,Heavy Duty Trucks_Diesel_Articulated 34 - 40 t_Conventional,,,-0.02,0,12,86,-2.19E-07,0.063861274,2.918789256,-0.555525648,0.004746755,0.217374476,0.003147981,0,1,1,1 
HDVD_78,Heavy Duty Trucks_Diesel_Articulated 34 - 40 t_Conventional,,,-0.02,0.5,12,86,-2.69E-05,0.027977872,2.971367295,-0.764771511,0.002948298,0.142960564,0.782553566,0,1,1,1 
HDVD_78,Heavy Duty Trucks_Diesel_Articulated 34 - 40 t_Conventional,,,-0.02,1,12,86,0.000160559,-0.022738329,2.309120259,4.988558647,0.000498265,0.058144039,1.338559025,0,1,1,1 
HDVD_78,Heavy Duty Trucks_Diesel_Articulated 34 - 40 t_Conventional,,,0,0,12,86,0.000389341,0.008637568,2.033153372,4.573414356,0.001211579,0.113655561,0.60365301,0,1,1,1 
HDVD_78,Heavy Duty Trucks_Diesel_Articulated 34 - 40 t_Conventional,,,0,0.5,12,86,0.000295782,-0.006931028,0.905977817,2.304374466,0.00065275,0.014640294,0.574800581,0,1,1,1 
HDVD_78,Heavy Duty Trucks_Diesel_Articulated 34 - 40 t_Conventional,,,0,1,12,86,0.000532027,-0.008329966,-0.004983554,8.197659106,0.0015379,-0.055322131,0.924067739,0,1,1,1 
HDVD_78,Heavy Duty Trucks_Diesel_Articulated 34 - 40 t_Conventional,,,0.02,0,12,86,2.69E-05,0.006708455,0.790389449,6.203610546,-0.000160689,0.049931636,0.505305974,0,1,1,1 
HDVD_78,Heavy Duty Trucks_Diesel_Articulated 34 - 40 t_Conventional,,,0.02,0.5,12,86,0.000505072,0.129339984,0.962412167,-7.736065856,0.002043045,0.162564636,-0.88674086,0,1,1,1 
HDVD_78,Heavy Duty Trucks_Diesel_Articulated 34 - 40 t_Conventional,,,0.02,1,12,74,0.00066845,-0.010131317,1.154469841,3.140873016,0.001068601,-0.013953507,0.891929544,0,1,1,1 
HDVD_78,Heavy Duty Trucks_Diesel_Articulated 34 - 40 t_Conventional,,,0.04,0,12,86,0.001296197,0.314291169,1.081077033,4.751278656,0.005898093,0.361831922,-1.305410992,0,1,1,1 
HDVD_78,Heavy Duty Trucks_Diesel_Articulated 34 - 40 t_Conventional,,,0.04,0.5,12,64,0.001393394,0.256516444,0.483985762,-4.280381669,0.003203621,0.214699637,-0.902925732,0,1,1,1 
HDVD_78,Heavy Duty Trucks_Diesel_Articulated 34 - 40 t_Conventional,,,0.04,1,12,47,-0.001229024,0.340659374,-3.22962977,-2.437378176,0.002159749,0.124593658,-1.556501889,0,1,1,1 
HDVD_78,Heavy Duty Trucks_Diesel_Articulated 34 - 40 t_Conventional,,,0.06,0,12,78,3.92E-05,0.008956368,0.698076285,3.598952334,-0.0001313,0.034280371,0.351736636,0,1,1,1 
HDVD_78,Heavy Duty Trucks_Diesel_Articulated 34 - 40 t_Conventional,,,0.06,0.5,12,48,2.72E-05,0.154214592,3.312494308,2.763973956,0.000870032,0.130132363,1.300132233,0,1,1,1 
HDVD_78,Heavy Duty Trucks_Diesel_Articulated 34 - 40 t_Conventional,,,0.06,1,11,35,-0.000960397,0.416728718,6.481928493,2.820643473,0.001684928,0.228635059,2.022241328,0,1,1,1 
HDVD_79,Heavy Duty Trucks_Diesel_Articulated 34 - 40 t_Euro I,,,-0.06,0,12,86,7.96E-06,-0.003282331,0.429747216,3.26052505,0.000105901,0.036848882,0.328923716,0,1,1,1 
HDVD_79,Heavy Duty Trucks_Diesel_Articulated 34 - 40 t_Euro I,,,-0.06,0.5,12,86,8.79E-06,-0.003286683,0.383377525,2.651204802,7.20E-05,0.031913957,0.31273536,0,1,1,1 
HDVD_79,Heavy Duty Trucks_Diesel_Articulated 34 - 40 t_Euro I,,,-0.06,1,12,86,-8.21E-06,0.003982279,2.67080163,-0.34419608,0.00479793,0.148957921,0.952631383,0,1,1,1 
HDVD_79,Heavy Duty Trucks_Diesel_Articulated 34 - 40 t_Euro I,,,-0.04,0,12,86,8.24E-06,-0.003418539,0.454902801,3.371456856,7.81E-05,0.034825384,0.312834673,0,1,1,1 
HDVD_79,Heavy Duty Trucks_Diesel_Articulated 34 - 40 t_Euro I,,,-0.04,0.5,12,86,1.99E-05,-0.006490067,0.636303568,3.552652278,7.02E-05,0.039684167,0.491209157,0,1,1,1 
HDVD_79,Heavy Duty Trucks_Diesel_Articulated 34 - 40 t_Euro I,,,-0.04,1,12,86,6.79E-05,-0.017916858,2.160801155,2.095053463,0.001173791,0.095471599,1.118687605,0,1,1,1 
HDVD_79,Heavy Duty Trucks_Diesel_Articulated 34 - 40 t_Euro I,,,-0.02,0,12,86,2.25E-06,0.000636595,-0.090896676,3.541660295,6.88E-05,-0.007744974,0.290060192,0,1,1,1 
HDVD_79,Heavy Duty Trucks_Diesel_Articulated 34 - 40 t_Euro I,,,-0.02,0.5,12,86,4.62E-18,-1.00E-15,2.284904108,1.73E-13,0.001096584,0.13499925,0.560094837,0,1,1,1 
HDVD_79,Heavy Duty Trucks_Diesel_Articulated 34 - 40 t_Euro I,,,-0.02,1,12,86,0.000118369,-0.018398338,1.732277222,3.705830191,0.000463273,0.049785755,1.155239714,0,1,1,1 
HDVD_79,Heavy Duty Trucks_Diesel_Articulated 34 - 40 t_Euro I,,,0,0,12,86,0.000348817,0.009650896,2.887097951,-0.499795675,0.001682221,0.198929262,0.159987815,0,1,1,1 
HDVD_79,Heavy Duty Trucks_Diesel_Articulated 34 - 40 t_Euro I,,,0,0.5,12,86,0.000213019,-0.005575953,0.706821046,2.1260574,0.000605466,0.015600852,0.507929241,0,1,1,1 
HDVD_79,Heavy Duty Trucks_Diesel_Articulated 34 - 40 t_Euro I,,,0,1,12,86,0.00027438,-0.005684067,0.032572946,4.843490367,0.000945569,-0.035581747,0.639758257,0,1,1,1 
HDVD_79,Heavy Duty Trucks_Diesel_Articulated 34 - 40 t_Euro I,,,0.02,0,12,86,1.60E-05,0.0029897,0.476610038,3.076942711,-0.000117592,0.04125175,0.23293365,0,1,1,1 
HDVD_79,Heavy Duty Trucks_Diesel_Articulated 34 - 40 t_Euro I,,,0.02,0.5,12,86,5.04E-05,-0.001795549,0.743932062,3.897472221,-0.000110896,0.024554013,0.631542901,0,1,1,1 
HDVD_79,Heavy Duty Trucks_Diesel_Articulated 34 - 40 t_Euro I,,,0.02,1,12,76,0.000881552,-0.035611562,1.530218292,1.69512288,0.001179599,-0.027008882,1.186576213,0,1,1,1 
HDVD_79,Heavy Duty Trucks_Diesel_Articulated 34 - 40 t_Euro I,,,0.04,0,12,86,0.000261282,0.032789057,3.571876528,-1.186365958,-0.00120982,0.31693596,-0.158867569,0,1,1,1 
HDVD_79,Heavy Duty Trucks_Diesel_Articulated 34 - 40 t_Euro I,,,0.04,0.5,12,64,0.000845031,0.131140218,-0.084008039,-7.095560457,0.001964262,0.138504755,-1.153237803,0,1,1,1 
HDVD_79,Heavy Duty Trucks_Diesel_Articulated 34 - 40 t_Euro I,,,0.04,1,12,49,-0.000289576,0.157650789,3.075354666,1.761827909,0.000815201,0.13248438,1.413752071,0,1,1,1 
HDVD_79,Heavy Duty Trucks_Diesel_Articulated 34 - 40 t_Euro I,,,0.06,0,12,79,1.34E-05,0.001145247,0.132235558,3.527349486,-2.64E-05,0.004265531,0.339604596,0,1,1,1 
HDVD_79,Heavy Duty Trucks_Diesel_Articulated 34 - 40 t_Euro I,,,0.06,0.5,12,49,0.000505228,0.119616733,2.466920075,3.774610901,0.000851375,0.114626238,1.44199799,0,1,1,1 
HDVD_79,Heavy Duty Trucks_Diesel_Articulated 34 - 40 t_Euro I,,,0.06,1,11,36,-0.009086349,0.435208104,0.486759072,-10.19831813,-0.00586428,0.31759816,-1.121655271,0,1,1,1 
HDVD_80,Heavy Duty Trucks_Diesel_Articulated 34 - 40 t_Euro II,,,-0.06,0,12,86,-3.51E-05,0.040937943,2.524428977,-6.873067328,0.01699326,0.568127081,0.962237093,0,1,1,1 
HDVD_80,Heavy Duty Trucks_Diesel_Articulated 34 - 40 t_Euro II,,,-0.06,0.5,12,86,-2.01E-05,0.012283647,1.127716453,-4.245891671,0.006511531,0.158956728,0.722383963,0,1,1,1 
HDVD_80,Heavy Duty Trucks_Diesel_Articulated 34 - 40 t_Euro II,,,-0.06,1,12,86,-2.60E-05,0.013763061,1.44418905,-5.826941826,0.007652135,0.168065061,0.979206849,0,1,1,1 
HDVD_80,Heavy Duty Trucks_Diesel_Articulated 34 - 40 t_Euro II,,,-0.04,0,12,86,-3.97E-05,0.045339995,2.866866385,-7.559808336,0.01800044,0.593865889,0.692527216,0,1,1,1 
HDVD_80,Heavy Duty Trucks_Diesel_Articulated 34 - 40 t_Euro II,,,-0.04,0.5,12,86,-2.06E-05,0.009079882,1.103273285,-4.949912481,0.005217115,0.096847203,0.858407889,0,1,1,1 
HDVD_80,Heavy Duty Trucks_Diesel_Articulated 34 - 40 t_Euro II,,,-0.04,1,12,86,-1.49E-05,0.004269883,0.969903891,-4.999625166,0.003769417,0.04319525,0.789195546,0,1,1,1 
HDVD_80,Heavy Duty Trucks_Diesel_Articulated 34 - 40 t_Euro II,,,-0.02,0,12,86,1.06E-17,7.27E-15,1.868765686,4.57E-13,-0.000236203,0.446856006,0.875123108,0,1,1,1 
HDVD_80,Heavy Duty Trucks_Diesel_Articulated 34 - 40 t_Euro II,,,-0.02,0.5,12,86,0.000140134,0.006218026,0.123314051,5.003040125,0.004419841,-0.107159426,2.537495821,0,1,1,1 
HDVD_80,Heavy Duty Trucks_Diesel_Articulated 34 - 40 t_Euro II,,,-0.02,1,12,86,-3.17E-05,0.01268199,1.055153494,-5.590504605,0.003180982,0.046196356,0.814936086,0,1,1,1 
HDVD_80,Heavy Duty Trucks_Diesel_Articulated 34 - 40 t_Euro II,,,0,0,12,86,7.88E-05,0.010305471,1.255866068,4.784056148,-0.001306673,0.354392782,1.151431987,0,1,1,1 
HDVD_80,Heavy Duty Trucks_Diesel_Articulated 34 - 40 t_Euro II,,,0,0.5,12,86,0.000212824,-0.020435228,0.924826677,0.320689268,0.000198344,0.002697028,1.775012894,0,1,1,1 
HDVD_80,Heavy Duty Trucks_Diesel_Articulated 34 - 40 t_Euro II,,,0,1,12,86,0.00023158,-0.025648646,1.272017536,0.077852482,6.27E-05,0.006147148,1.917088295,0,1,1,1 
HDVD_80,Heavy Duty Trucks_Diesel_Articulated 34 - 40 t_Euro II,,,0.02,0,12,86,3.60E-05,0.006411701,0.509662209,2.922649095,-0.000353159,0.090995254,1.082930082,0,1,1,1 
HDVD_80,Heavy Duty Trucks_Diesel_Articulated 34 - 40 t_Euro II,,,0.02,0.5,12,86,0.00083197,-0.021754894,0.699522586,3.885576721,0.003314119,-0.095186231,2.437188437,0,1,1,1 
HDVD_80,Heavy Duty Trucks_Diesel_Articulated 34 - 40 t_Euro II,,,0.02,1,12,78,0.000260896,-0.040549261,2.328820655,-0.007671817,1.64E-05,-0.007977782,3.093267313,0,1,1,1 
HDVD_80,Heavy Duty Trucks_Diesel_Articulated 34 - 40 t_Euro II,,,0.04,0,12,86,0.000563755,0.096867436,-0.134759947,-4.017285709,0.004075687,0.292253529,-2.384878094,0,1,1,1 
HDVD_80,Heavy Duty Trucks_Diesel_Articulated 34 - 40 t_Euro II,,,0.04,0.5,12,70,0.000156351,-0.025161617,1.451941204,-0.029446982,4.99E-05,-0.012264275,2.150520154,0,1,1,1 
HDVD_80,Heavy Duty Trucks_Diesel_Articulated 34 - 40 t_Euro II,,,0.04,1,12,52,0.000747141,-0.080766563,2.833385379,-1.851243946,0.000691318,-0.068690594,3.193108978,0,1,1,1 
HDVD_80,Heavy Duty Trucks_Diesel_Articulated 34 - 40 t_Euro II,,,0.06,0,12,82,8.88E-06,0.013414308,0.868618703,3.506600258,0.000148413,0.063514704,1.759261809,0,1,1,1 
HDVD_80,Heavy Duty Trucks_Diesel_Articulated 34 - 40 t_Euro II,,,0.06,0.5,12,52,0.00013244,-0.026933945,1.962903724,-0.000288383,7.32E-06,-0.004156576,2.458008635,0,1,1,1 
HDVD_80,Heavy Duty Trucks_Diesel_Articulated 34 - 40 t_Euro II,,,0.06,1,12,38,0.000972362,-0.083024007,2.559660879,-1.70312482,0.000980101,-0.06536106,2.38347582,0,1,1,1 
HDVD_81,Heavy Duty Trucks_Diesel_Articulated 34 - 40 t_Euro III,,,-0.06,0,12,86,-0.000163621,0.056852002,-0.107937034,-4.945904389,0.007999281,0.024383939,-1.137918362,0,1,1,1 
HDVD_81,Heavy Duty Trucks_Diesel_Articulated 34 - 40 t_Euro III,,,-0.06,0.5,12,86,2.62E-05,-9.11E-05,1.196225059,1.527870858,0.001197571,0.157379317,1.037297023,0,1,1,1 
HDVD_81,Heavy Duty Trucks_Diesel_Articulated 34 - 40 t_Euro III,,,-0.06,1,12,86,-2.20E-05,0.034313533,1.908659182,-4.62052659,0.007333623,0.265616679,0.376141398,0,1,1,1 
HDVD_81,Heavy Duty Trucks_Diesel_Articulated 34 - 40 t_Euro III,,,-0.04,0,12,86,-0.000134258,0.05116136,-0.154724394,-4.916512981,0.007143758,0.001227048,-0.981738107,0,1,1,1 
HDVD_81,Heavy Duty Trucks_Diesel_Articulated 34 - 40 t_Euro III,,,-0.04,0.5,12,86,-9.42E-16,4.06E-13,1.92070325,3.66E-11,0.00121341,0.253770148,1.017611992,0,1,1,1 
HDVD_81,Heavy Duty Trucks_Diesel_Articulated 34 - 40 t_Euro III,,,-0.04,1,12,86,-2.67E-05,0.024388667,1.657906244,-5.22047303,0.005659116,0.172749664,0.472864456,0,1,1,1 
HDVD_81,Heavy Duty Trucks_Diesel_Articulated 34 - 40 t_Euro III,,,-0.02,0,12,86,-1.65E-16,-2.69E-14,2.295875263,5.72E-11,-0.001060719,0.37907652,-0.035085213,0,1,1,1 
HDVD_81,Heavy Duty Trucks_Diesel_Articulated 34 - 40 t_Euro III,,,-0.02,0.5,12,86,-0.000409457,0.148695606,1.691634829,-3.780117844,0.016723657,0.369939196,-0.606481505,0,1,1,1 
HDVD_81,Heavy Duty Trucks_Diesel_Articulated 34 - 40 t_Euro III,,,-0.02,1,12,86,-2.95E-05,0.032394235,2.257560591,-1.129874986,0.005912837,0.205585021,1.785728338,0,1,1,1 
HDVD_81,Heavy Duty Trucks_Diesel_Articulated 34 - 40 t_Euro III,,,0,0,12,86,2.95E-06,0.001413284,0.443831967,3.138913586,-7.79E-05,0.071067659,0.49899289,0,1,1,1 
HDVD_81,Heavy Duty Trucks_Diesel_Articulated 34 - 40 t_Euro III,,,0,0.5,12,86,4.37E-15,8.27E-15,2.600763788,5.32E-10,-0.001849847,0.379525548,0.665374172,0,1,1,1 
HDVD_81,Heavy Duty Trucks_Diesel_Articulated 34 - 40 t_Euro III,,,0,1,12,86,0.000224518,-0.009058615,0.231323043,3.55065487,0.00138502,-0.052064829,1.280547115,0,1,1,1 
HDVD_81,Heavy Duty Trucks_Diesel_Articulated 34 - 40 t_Euro III,,,0.02,0,12,86,0.000119471,0.047820014,1.404243887,7.200708434,0.002255525,0.335236476,0.468038818,0,1,1,1 
HDVD_81,Heavy Duty Trucks_Diesel_Articulated 34 - 40 t_Euro III,,,0.02,0.5,12,86,-2.10E-06,0.006263315,0.661619948,3.155783312,-0.000260265,0.085950227,0.849568013,0,1,1,1 
HDVD_81,Heavy Duty Trucks_Diesel_Articulated 34 - 40 t_Euro III,,,0.02,1,12,79,0.000897225,0.028176763,-0.790921692,4.350260444,0.006290652,-0.11413099,0.531719858,0,1,1,1 
HDVD_81,Heavy Duty Trucks_Diesel_Articulated 34 - 40 t_Euro III,,,0.04,0,12,86,0.000471352,0.132665973,1.861591602,0.187661642,0.0069763,0.601657488,-1.888504616,0,1,1,1 
HDVD_81,Heavy Duty Trucks_Diesel_Articulated 34 - 40 t_Euro III,,,0.04,0.5,12,72,-2.45E-05,0.017599523,1.204140029,3.829786564,-0.000494382,0.136390971,1.504513305,0,1,1,1 
HDVD_81,Heavy Duty Trucks_Diesel_Articulated 34 - 40 t_Euro III,,,0.04,1,12,52,-0.001626491,0.384519634,2.173824462,-0.430979811,0.007193463,0.600534148,1.788329064,0,1,1,1 
HDVD_81,Heavy Duty Trucks_Diesel_Articulated 34 - 40 t_Euro III,,,0.06,0,12,83,3.51E-05,0.013305032,0.213733798,1.827255945,0.000256321,0.065597651,0.128800732,0,1,1,1 
HDVD_81,Heavy Duty Trucks_Diesel_Articulated 34 - 40 t_Euro III,,,0.06,0.5,12,52,0.000344432,-0.035068509,1.642780975,-0.000513764,4.78E-06,-0.003424284,2.17091247,0,1,1,1 
HDVD_81,Heavy Duty Trucks_Diesel_Articulated 34 - 40 t_Euro III,,,0.06,1,12,38,0.002110944,-0.169099383,4.590073376,-1.944104258,0.001121768,-0.109755321,4.740889285,0,1,1,1 
HDVD_82,Heavy Duty Trucks_Diesel_Articulated 34 - 40 t_Euro IV,,,-0.06,0,12,86,-0.002715882,0.606631329,-0.270443906,0.675477309,0.884857141,0.682782079,0.312831288,0,1,1,1 
HDVD_82,Heavy Duty Trucks_Diesel_Articulated 34 - 40 t_Euro IV,,,-0.06,0.5,12,86,-7.25E-10,2.19E-07,1.416967297,6.67E-05,0.016842352,1.77464418,5.968089796,0,1,1,1 
HDVD_82,Heavy Duty Trucks_Diesel_Articulated 34 - 40 t_Euro IV,,,-0.06,1,12,86,-1.83E-05,0.0129083,1.129883606,-3.585611898,0.041241896,1.08140171,1.974775409,0,1,1,1 
HDVD_82,Heavy Duty Trucks_Diesel_Articulated 34 - 40 t_Euro IV,,,-0.04,0,12,86,4.77E-06,-0.001692397,0.181485243,1.167959774,-0.000441257,0.195353588,2.263614144,0,1,1,1 
HDVD_82,Heavy Duty Trucks_Diesel_Articulated 34 - 40 t_Euro IV,,,-0.04,0.5,12,86,8.53E-06,-0.002697334,0.25305296,1.235099126,-0.000270418,0.206681924,3.115129594,0,1,1,1 
HDVD_82,Heavy Duty Trucks_Diesel_Articulated 34 - 40 t_Euro IV,,,-0.04,1,12,86,2.26E-06,-0.001040237,0.736535053,0.035613865,0.009916306,0.438002469,5.46219652,0,1,1,1 
HDVD_82,Heavy Duty Trucks_Diesel_Articulated 34 - 40 t_Euro IV,,,-0.02,0,12,86,-1.74E-05,0.02172486,1.31264985,-3.410435438,0.032155365,1.096323766,1.512079698,0,1,1,1 
HDVD_82,Heavy Duty Trucks_Diesel_Articulated 34 - 40 t_Euro IV,,,-0.02,0.5,12,86,6.35E-06,-0.005190137,0.443479858,-3.548058352,-0.003882092,0.378889623,-2.767310398,0,1,1,1 
HDVD_82,Heavy Duty Trucks_Diesel_Articulated 34 - 40 t_Euro IV,,,-0.02,1,12,86,2.31E-05,-0.010339822,0.788145769,-5.497418448,-0.00567269,0.545742873,-3.008671609,0,1,1,1 
HDVD_82,Heavy Duty Trucks_Diesel_Articulated 34 - 40 t_Euro IV,,,0,0,12,86,8.34E-16,3.25E-15,1.034012107,4.22E-11,-0.005142264,0.865969051,3.318528237,0,1,1,1 
HDVD_82,Heavy Duty Trucks_Diesel_Articulated 34 - 40 t_Euro IV,,,0,0.5,12,86,-2.02E-16,-4.51E-15,1.068327511,-5.04E-12,-0.002617557,0.562785066,4.988467262,0,1,1,1 
HDVD_82,Heavy Duty Trucks_Diesel_Articulated 34 - 40 t_Euro IV,,,0,1,12,86,4.61E-18,8.06E-16,0.626843333,7.07E-15,-0.001145607,0.283277024,2.596459924,0,1,1,1 
HDVD_82,Heavy Duty Trucks_Diesel_Articulated 34 - 40 t_Euro IV,,,0.02,0,12,86,2.20E-05,0.006701118,0.458917958,1.902571011,-0.001127044,0.321247676,3.765036783,0,1,1,1 
HDVD_82,Heavy Duty Trucks_Diesel_Articulated 34 - 40 t_Euro IV,,,0.02,0.5,12,86,-0.000296126,0.023054968,0.431188372,-4.98104329,-0.005645935,0.574776123,-3.992299291,0,1,1,1 
HDVD_82,Heavy Duty Trucks_Diesel_Articulated 34 - 40 t_Euro IV,,,0.02,1,12,81,-4.31E-05,0.036210061,1.123848104,1.61056691,0.003531049,0.508128603,5.424308715,0,1,1,1 
HDVD_82,Heavy Duty Trucks_Diesel_Articulated 34 - 40 t_Euro IV,,,0.04,0,12,86,2.13E-05,-0.003535976,0.130705163,1.591518958,0.000347336,-0.060264144,2.667034904,0,1,1,1 
HDVD_82,Heavy Duty Trucks_Diesel_Articulated 34 - 40 t_Euro IV,,,0.04,0.5,12,73,-7.56E-05,-0.002288422,0.785034959,-1.257482454,-0.002075506,0.166263635,2.674512571,0,1,1,1 
HDVD_82,Heavy Duty Trucks_Diesel_Articulated 34 - 40 t_Euro IV,,,0.04,1,12,54,-0.000296976,0.009974548,0.518877341,-3.865315403,-0.005288753,0.348020913,-1.776293118,0,1,1,1 
HDVD_82,Heavy Duty Trucks_Diesel_Articulated 34 - 40 t_Euro IV,,,0.06,0,12,85,-0.000369467,0.028326539,0.895509909,-2.265453372,-0.004048257,0.466103114,2.68807416,0,1,1,1 
HDVD_82,Heavy Duty Trucks_Diesel_Articulated 34 - 40 t_Euro IV,,,0.06,0.5,12,55,-0.000215951,0.000284436,0.901393338,-3.160309437,-0.004910496,0.313200481,0.507061825,0,1,1,1 
HDVD_82,Heavy Duty Trucks_Diesel_Articulated 34 - 40 t_Euro IV,,,0.06,1,12,40,-0.000447917,-0.020703071,1.920162347,-5.817420421,-0.013058099,0.555461982,1.022103269,0,1,1,1 
HDVD_82,Heavy Duty Trucks_Diesel_Articulated 34 - 40 t_Euro IV,,,-0.06,0,12,86,-0.002715882,0.606631329,-0.270443906,0.675477309,0.884857141,0.682782079,0.312831288,0,1,1,1 
HDVD_82,Heavy Duty Trucks_Diesel_Articulated 34 - 40 t_Euro IV,,,-0.06,0.5,12,86,-7.25E-10,2.19E-07,1.416967297,6.67E-05,0.016842352,1.77464418,5.968089796,0,1,1,1 
HDVD_82,Heavy Duty Trucks_Diesel_Articulated 34 - 40 t_Euro IV,,,-0.06,1,12,86,-1.83E-05,0.0129083,1.129883606,-3.585611898,0.041241896,1.08140171,1.974775409,0,1,1,1 
HDVD_82,Heavy Duty Trucks_Diesel_Articulated 34 - 40 t_Euro IV,,,-0.04,0,12,86,4.77E-06,-0.001692397,0.181485243,1.167959774,-0.000441257,0.195353588,2.263614144,0,1,1,1 
HDVD_82,Heavy Duty Trucks_Diesel_Articulated 34 - 40 t_Euro IV,,,-0.04,1,12,86,2.26E-06,-0.001040237,0.736535053,0.035613865,0.009916306,0.438002469,5.46219652,0,1,1,1 
HDVD_82,Heavy Duty Trucks_Diesel_Articulated 34 - 40 t_Euro IV,,,-0.02,0,12,86,-1.74E-05,0.02172486,1.31264985,-3.410435438,0.032155365,1.096323766,1.512079698,0,1,1,1 
HDVD_82,Heavy Duty Trucks_Diesel_Articulated 34 - 40 t_Euro IV,,,-0.02,1,12,86,2.31E-05,-0.010339822,0.788145769,-5.497418448,-0.00567269,0.545742873,-3.008671609,0,1,1,1 
HDVD_82,Heavy Duty Trucks_Diesel_Articulated 34 - 40 t_Euro IV,,,0,0,12,86,8.34E-16,3.25E-15,1.034012107,4.22E-11,-0.005142264,0.865969051,3.318528237,0,1,1,1 
HDVD_82,Heavy Duty Trucks_Diesel_Articulated 34 - 40 t_Euro IV,,,0,1,12,86,4.61E-18,8.06E-16,0.626843333,7.07E-15,-0.001145607,0.283277024,2.596459924,0,1,1,1 
HDVD_82,Heavy Duty Trucks_Diesel_Articulated 34 - 40 t_Euro IV,,,0.02,0,12,86,2.20E-05,0.006701118,0.458917958,1.902571011,-0.001127044,0.321247676,3.765036783,0,1,1,1 
HDVD_82,Heavy Duty Trucks_Diesel_Articulated 34 - 40 t_Euro IV,,,0.02,1,12,81,-4.31E-05,0.036210061,1.123848104,1.61056691,0.003531049,0.508128603,5.424308715,0,1,1,1 
HDVD_82,Heavy Duty Trucks_Diesel_Articulated 34 - 40 t_Euro IV,,,0.04,0,12,86,2.13E-05,-0.003535976,0.130705163,1.591518958,0.000347336,-0.060264144,2.667034904,0,1,1,1 
HDVD_82,Heavy Duty Trucks_Diesel_Articulated 34 - 40 t_Euro IV,,,0.04,1,12,54,-0.000296976,0.009974548,0.518877341,-3.865315403,-0.005288753,0.348020913,-1.776293118,0,1,1,1 
HDVD_82,Heavy Duty Trucks_Diesel_Articulated 34 - 40 t_Euro IV,,,0.06,0,12,85,-0.000369467,0.028326539,0.895509909,-2.265453372,-0.004048257,0.466103114,2.68807416,0,1,1,1 
HDVD_82,Heavy Duty Trucks_Diesel_Articulated 34 - 40 t_Euro IV,,,0.06,0.5,12,55,-0.000215951,0.000284436,0.901393338,-3.160309437,-0.004910496,0.313200481,0.507061825,0,1,1,1 
HDVD_82,Heavy Duty Trucks_Diesel_Articulated 34 - 40 t_Euro IV,,,0.06,1,12,40,-0.000447917,-0.020703071,1.920162347,-5.817420421,-0.013058099,0.555461982,1.022103269,0,1,1,1 
HDVD_83,Heavy Duty Trucks_Diesel_Articulated 34 - 40 t_Euro V,SCR,,-0.06,0,10,65,-0.01017412,0.71583444,-0.406985252,0.605856425,0.541164189,0.961382888,0.391133983,0,1,1,1 
HDVD_83,Heavy Duty Trucks_Diesel_Articulated 34 - 40 t_Euro V,SCR,,-0.06,0.5,10,80,-0.002052235,0.178600707,-0.8717601,1.246831115,0.173535312,-1.012448296,1.910539355,0,1,1,1 
HDVD_83,Heavy Duty Trucks_Diesel_Articulated 34 - 40 t_Euro V,SCR,,-0.06,1,10,75,-0.004309515,0.35700592,-1.638793177,2.32501484,0.32924636,-1.797113539,3.657057802,0,1,1,1 
HDVD_83,Heavy Duty Trucks_Diesel_Articulated 34 - 40 t_Euro V,SCR,,-0.04,0,10,85,-0.002628349,0.267257155,-1.338881599,2.001881281,0.238730156,-1.392713258,2.730574069,0,1,1,1 
HDVD_83,Heavy Duty Trucks_Diesel_Articulated 34 - 40 t_Euro V,SCR,,-0.04,0.5,10,85,-0.002767463,0.268469882,-1.319677904,1.375613115,0.205953839,-0.795689055,-7.02E-08,0,1,1,1 
HDVD_83,Heavy Duty Trucks_Diesel_Articulated 34 - 40 t_Euro V,SCR,,-0.04,1,10,85,-0.002711994,0.269921543,-1.324470864,1.387016405,0.206339643,-0.792454013,-9.31E-08,0,1,1,1 
HDVD_83,Heavy Duty Trucks_Diesel_Articulated 34 - 40 t_Euro V,SCR,,-0.02,0,10,85,-0.001547062,0.321495136,-1.511536821,2.26571867,0.252966692,-1.240233786,2.461343401,0,1,1,1 
HDVD_83,Heavy Duty Trucks_Diesel_Articulated 34 - 40 t_Euro V,SCR,,-0.02,0.5,10,85,-0.004815814,0.894474136,-0.537544816,0.198148391,0.617434039,0.495757369,0.831532032,0,1,1,1 
HDVD_83,Heavy Duty Trucks_Diesel_Articulated 34 - 40 t_Euro V,SCR,,-0.02,1,10,85,-0.002716692,0.391518391,-1.575643806,1.876443272,0.227608124,-0.682105378,1.067120759,0,1,1,1 
HDVD_83,Heavy Duty Trucks_Diesel_Articulated 34 - 40 t_Euro V,SCR,,0,0,10,85,0.005627437,0.326412686,-1.466805558,2.255599147,0.305154086,-1.333543738,2.634038766,0,1,1,1 
HDVD_83,Heavy Duty Trucks_Diesel_Articulated 34 - 40 t_Euro V,SCR,,0,0.5,10,85,0.004818922,0.348296166,-1.317144014,1.619138721,0.239748033,-0.621906908,0.981289627,0,1,1,1 
HDVD_83,Heavy Duty Trucks_Diesel_Articulated 34 - 40 t_Euro V,SCR,,0,1,10,85,0.004644718,0.362603341,-1.338083658,1.515362541,0.223012128,-0.484786474,0.593592507,0,1,1,1 
HDVD_83,Heavy Duty Trucks_Diesel_Articulated 34 - 40 t_Euro V,SCR,,0.02,0,10,85,0.013288259,0.26925816,-1.254029254,1.963118602,0.299505066,-1.253407528,2.309091885,0,1,1,1 
HDVD_83,Heavy Duty Trucks_Diesel_Articulated 34 - 40 t_Euro V,SCR,,0.02,0.5,10,85,-0.000609915,0.037606326,1.791287943,-1.133209007,-0.01103649,1.035403496,1.879636099,0,1,1,1 
HDVD_83,Heavy Duty Trucks_Diesel_Articulated 34 - 40 t_Euro V,SCR,,0.02,1,10,80,-0.000585828,0.05525269,1.758537955,-1.251807489,-0.005359829,0.99266418,1.395844564,0,1,1,1 
HDVD_83,Heavy Duty Trucks_Diesel_Articulated 34 - 40 t_Euro V,SCR,,0.04,0,10,85,-0.001043075,0.069577351,2.046538871,-1.772201507,-0.016332512,1.45050528,1.17681914,0,1,1,1 
HDVD_83,Heavy Duty Trucks_Diesel_Articulated 34 - 40 t_Euro V,SCR,,0.04,0.5,10,75,-0.001135568,0.189557368,1.485346001,-1.541519162,0.01100333,1.358120631,-8.16E-08,0,1,1,1 
HDVD_83,Heavy Duty Trucks_Diesel_Articulated 34 - 40 t_Euro V,SCR,,0.04,1,10,55,-0.001402214,0.23875117,1.704177336,-1.315965449,0.027299117,1.323542217,0.404881164,0,1,1,1 
HDVD_83,Heavy Duty Trucks_Diesel_Articulated 34 - 40 t_Euro V,SCR,,0.06,0,10,85,-0.001268546,0.114152566,1.586403438,-1.366783012,-0.008539738,1.263574925,0.641326586,0,1,1,1 
HDVD_83,Heavy Duty Trucks_Diesel_Articulated 34 - 40 t_Euro V,SCR,,0.06,0.5,10,55,-0.002402828,0.295294635,1.551364449,-1.380520282,0.026174294,1.457169506,2.58E-07,0,1,1,1 
HDVD_83,Heavy Duty Trucks_Diesel_Articulated 34 - 40 t_Euro V,SCR,,0.06,1,10,40,-0.001642367,0.157911655,2.115374243,-0.073148519,0.015287897,1.004966144,1.824550031,0,1,1,1 
HDVD_83,Heavy Duty Trucks_Diesel_Articulated 34 - 40 t_Euro V,EGR,,-0.06,0,10,75,-0.000935854,0.073417792,0.044888601,0.103616005,0.141700047,-0.68461084,4.157550558,0,1,1,1 
HDVD_83,Heavy Duty Trucks_Diesel_Articulated 34 - 40 t_Euro V,EGR,,-0.06,0.5,10,65,-0.009897848,0.700314311,-0.816891741,0.035602168,0.967088788,0.435284385,0.637063799,0,1,1,1 
HDVD_83,Heavy Duty Trucks_Diesel_Articulated 34 - 40 t_Euro V,EGR,,-0.06,1,10,65,-0.009711726,0.688000825,-0.854083956,0.00418478,0.984329553,0.410125007,0.628241323,0,1,1,1 
HDVD_83,Heavy Duty Trucks_Diesel_Articulated 34 - 40 t_Euro V,EGR,,-0.04,0,10,85,-0.00864363,0.792613745,-0.932770504,-0.069167799,0.834670506,0.374724733,0.704155591,0,1,1,1 
HDVD_83,Heavy Duty Trucks_Diesel_Articulated 34 - 40 t_Euro V,EGR,,-0.04,0.5,10,75,-0.008646136,0.700458961,-0.993856483,0.218208352,0.621316964,1.005248726,0.323597633,0,1,1,1 
HDVD_83,Heavy Duty Trucks_Diesel_Articulated 34 - 40 t_Euro V,EGR,,-0.04,1,10,85,-0.002656474,0.24080349,-0.81196004,1.07544785,0.245800707,-0.941415791,3.585189631,0,1,1,1 
HDVD_83,Heavy Duty Trucks_Diesel_Articulated 34 - 40 t_Euro V,EGR,,-0.02,0,10,85,-0.002208524,0.399537678,-1.339056223,1.897877356,0.329872685,-0.788908804,2.489290887,0,1,1,1 
HDVD_83,Heavy Duty Trucks_Diesel_Articulated 34 - 40 t_Euro V,EGR,,-0.02,0.5,10,85,-0.003273096,0.396327335,-1.722970585,1.406002062,0.234092698,0.088645384,-3.113964712,0,1,1,1 
HDVD_83,Heavy Duty Trucks_Diesel_Articulated 34 - 40 t_Euro V,EGR,,-0.02,1,10,85,-0.003314844,0.418105342,-1.264797623,1.392684616,0.245338598,-0.0670637,1.470410118,0,1,1,1 
HDVD_83,Heavy Duty Trucks_Diesel_Articulated 34 - 40 t_Euro V,EGR,,0,0,10,85,0.000516331,0.030659886,0.467262944,-0.017346809,0.034545012,0.111537215,2.138587416,0,1,1,1 
HDVD_83,Heavy Duty Trucks_Diesel_Articulated 34 - 40 t_Euro V,EGR,,0,0.5,10,85,0.00119082,0.10204159,0.445085432,0.327577688,0.077380784,0.0501042,3.377251981,0,1,1,1 
HDVD_83,Heavy Duty Trucks_Diesel_Articulated 34 - 40 t_Euro V,EGR,,0,1,10,85,0.000973917,0.176958077,0.308431748,0.148381067,0.084865944,0.390959952,2.247714943,0,1,1,1 
HDVD_83,Heavy Duty Trucks_Diesel_Articulated 34 - 40 t_Euro V,EGR,,0.02,0,10,85,-4.95E-05,-0.005195336,1.506082149,-1.194639133,-0.007513816,0.774464658,2.296423704,0,1,1,1 
HDVD_83,Heavy Duty Trucks_Diesel_Articulated 34 - 40 t_Euro V,EGR,,0.02,0.5,10,85,-0.000123004,0.005508887,1.617645128,-1.097618209,-0.006107725,0.675130738,2.931774049,0,1,1,1 
HDVD_83,Heavy Duty Trucks_Diesel_Articulated 34 - 40 t_Euro V,EGR,,0.02,1,10,80,0.000120794,-0.001326824,0.696122812,-0.307243423,-0.000210963,0.178097108,1.615752607,0,1,1,1 
HDVD_83,Heavy Duty Trucks_Diesel_Articulated 34 - 40 t_Euro V,EGR,,0.04,0,10,85,0.002338815,0.019925559,0.988684145,-0.321950564,0.040884687,0.121190015,2.986005172,0,1,1,1 
HDVD_83,Heavy Duty Trucks_Diesel_Articulated 34 - 40 t_Euro V,EGR,,0.04,0.5,10,75,-0.000944859,0.052309863,1.743863343,-1.800172803,-0.012226391,0.951563093,1.549332891,0,1,1,1 
HDVD_83,Heavy Duty Trucks_Diesel_Articulated 34 - 40 t_Euro V,EGR,,0.04,1,10,55,0.019987773,0.839994277,-0.316274757,-0.119380586,0.262708856,1.570092285,0.188468164,0,1,1,1 
HDVD_83,Heavy Duty Trucks_Diesel_Articulated 34 - 40 t_Euro V,EGR,,0.06,0,10,85,0.000816119,0.005574118,1.302879293,-0.989493588,0.006358313,0.432030487,2.175953221,0,1,1,1 
HDVD_83,Heavy Duty Trucks_Diesel_Articulated 34 - 40 t_Euro V,EGR,,0.06,0.5,10,55,-0.001222763,0.055057179,2.600819562,-2.00463982,-0.01292219,0.942058677,3.573809608,0,1,1,1 
HDVD_83,Heavy Duty Trucks_Diesel_Articulated 34 - 40 t_Euro V,EGR,,0.06,1,10,40,0.028627486,0.689003977,-1.270455945,0.993252859,0.271774786,0.416573458,-2.07E-06,0,1,1,1 
HDVD_84,Heavy Duty Trucks_Diesel_Articulated 34 - 40 t_Euro VI,,,-0.06,0,10,60,-0.002427943,0.155129895,0.02916152,0.2354591,1.477313498,0.476917239,0.345517152,0,1,1,1 
HDVD_84,Heavy Duty Trucks_Diesel_Articulated 34 - 40 t_Euro VI,,,-0.06,0.5,10,65,-3.03E-05,0.002703321,-0.04743097,0.24723484,0.024034127,-0.493869414,2.664618695,0,1,1,1 
HDVD_84,Heavy Duty Trucks_Diesel_Articulated 34 - 40 t_Euro VI,,,-0.06,1,10,65,-3.45E-05,0.003090059,-0.05350876,0.274961516,0.029222813,-0.587817151,3.100969924,0,1,1,1 
HDVD_84,Heavy Duty Trucks_Diesel_Articulated 34 - 40 t_Euro VI,,,-0.04,0,10,75,-0.002282797,0.18018591,0.007546164,0.251899206,1.462956942,0.468390856,0.349489177,0,1,1,1 
HDVD_84,Heavy Duty Trucks_Diesel_Articulated 34 - 40 t_Euro VI,,,-0.04,0.5,10,75,-0.002277868,0.177926264,-0.017824755,0.142171065,1.500601702,0.460416363,0.357920218,0,1,1,1 
HDVD_84,Heavy Duty Trucks_Diesel_Articulated 34 - 40 t_Euro VI,,,-0.04,1,10,85,-7.89E-05,0.007910936,-0.100516458,0.441856471,0.067958509,-0.999111785,4.555817719,0,1,1,1 
HDVD_84,Heavy Duty Trucks_Diesel_Articulated 34 - 40 t_Euro VI,,,-0.02,0,10,85,-0.000881814,0.198518401,0.046648502,0.122131617,1.487893346,0.46846006,0.37224568,0,1,1,1 
HDVD_84,Heavy Duty Trucks_Diesel_Articulated 34 - 40 t_Euro VI,,,-0.02,0.5,10,85,-4.11E-05,0.004733545,0.020635938,-0.543681109,0.026995681,0.286533634,-4.791870595,0,1,1,1 
HDVD_84,Heavy Duty Trucks_Diesel_Articulated 34 - 40 t_Euro VI,,,-0.02,1,10,85,-0.001968259,0.240823269,-0.060570264,-0.854983011,1.5211224,0.26817273,0.505051848,0,1,1,1 
HDVD_84,Heavy Duty Trucks_Diesel_Articulated 34 - 40 t_Euro VI,,,0,0,10,85,0.002290277,0.215635547,0.171583863,-0.784239738,1.560339102,0.182738922,0.491317403,0,1,1,1 
HDVD_84,Heavy Duty Trucks_Diesel_Articulated 34 - 40 t_Euro VI,,,0,0.5,10,85,0.002093173,0.195948098,0.037574217,0.634415789,1.302103671,0.46192173,0.304557792,0,1,1,1 
HDVD_84,Heavy Duty Trucks_Diesel_Articulated 34 - 40 t_Euro VI,,,0,1,10,85,0.00010564,0.021407553,0.091546209,-0.650187311,0.098732717,0.95755025,-4.936591155,0,1,1,1 
HDVD_84,Heavy Duty Trucks_Diesel_Articulated 34 - 40 t_Euro VI,,,0.02,0,10,85,0.003407428,0.24017136,0.034391759,0.060366247,1.486596202,0.458318219,0.39512407,0,1,1,1 
HDVD_84,Heavy Duty Trucks_Diesel_Articulated 34 - 40 t_Euro VI,,,0.02,0.5,10,85,0.000122097,0.004622929,-0.043690163,0.863096183,0.037799852,-0.451557458,5.795262636,0,1,1,1 
HDVD_84,Heavy Duty Trucks_Diesel_Articulated 34 - 40 t_Euro VI,,,0.02,1,10,80,9.69E-05,0.001943001,-0.028885945,0.856590795,0.023786714,-0.41769075,5.830625946,0,1,1,1 
HDVD_84,Heavy Duty Trucks_Diesel_Articulated 34 - 40 t_Euro VI,,,0.04,0,10,85,0.000125748,0.018366594,0.444318834,0.00472644,0.047070221,2.727557928,0.451348594,0,1,1,1 
HDVD_84,Heavy Duty Trucks_Diesel_Articulated 34 - 40 t_Euro VI,,,0.04,0.5,10,75,-1.69E-05,6.40E-05,0.095242887,0.574834332,-0.004462105,0.304446796,4.191279301,0,1,1,1 
HDVD_84,Heavy Duty Trucks_Diesel_Articulated 34 - 40 t_Euro VI,,,0.04,1,10,55,2.17E-05,-0.001112253,0.05024983,0.64447084,0.001578691,-0.041196162,4.587222696,0,1,1,1 
HDVD_84,Heavy Duty Trucks_Diesel_Articulated 34 - 40 t_Euro VI,,,0.06,0,10,85,0.000552268,0.04024737,0.320804834,-0.043860384,0.154587222,2.076208252,0.00521777,0,1,1,1 
HDVD_84,Heavy Duty Trucks_Diesel_Articulated 34 - 40 t_Euro VI,,,0.06,0.5,10,55,2.62E-05,-0.001962587,0.128185449,1.104590105,-2.15E-05,0.081853622,8.080534935,0,1,1,1 
HDVD_84,Heavy Duty Trucks_Diesel_Articulated 34 - 40 t_Euro VI,,,0.06,1,10,40,4.91E-05,-0.001833262,0.060414704,0.625995628,0.002445681,-0.058300398,4.377371978,0,1,1,1 
HDVD_85,Heavy Duty Trucks_Diesel_Articulated 40 - 50 t_Conventional,,,-0.06,0,12,86,6.79E-05,-0.002392372,1.927063605,1.978791,0.001670078,0.117568032,0.534665117,0,1,1,1 
HDVD_85,Heavy Duty Trucks_Diesel_Articulated 40 - 50 t_Conventional,,,-0.06,0.5,12,86,-2.41E-05,0.017202092,1.51634492,-4.54583114,0.003054681,0.077750848,0.046119412,0,1,1,1 
HDVD_85,Heavy Duty Trucks_Diesel_Articulated 40 - 50 t_Conventional,,,-0.06,1,12,86,-2.62E-05,0.017911724,1.645797607,-5.05908728,0.003214187,0.080360506,0.078864064,0,1,1,1 
HDVD_85,Heavy Duty Trucks_Diesel_Articulated 40 - 50 t_Conventional,,,-0.04,0,12,86,4.74E-05,-0.013729605,0.99197599,-5.483009102,-0.000605045,0.066996194,-0.356853575,0,1,1,1 
HDVD_85,Heavy Duty Trucks_Diesel_Articulated 40 - 50 t_Conventional,,,-0.04,0.5,12,86,-1.67E-05,0.010026762,1.058551389,-3.545922264,0.001787463,0.041595342,0.091702347,0,1,1,1 
HDVD_85,Heavy Duty Trucks_Diesel_Articulated 40 - 50 t_Conventional,,,-0.04,1,12,86,-2.54E-06,0.001266252,3.18043357,-0.05267213,0.002814426,0.11600535,1.152181644,0,1,1,1 
HDVD_85,Heavy Duty Trucks_Diesel_Articulated 40 - 50 t_Conventional,,,-0.02,0,12,86,-1.61E-06,0.057506554,2.611297355,-1.436617331,0.004124256,0.185002162,-0.030985537,0,1,1,1 
HDVD_85,Heavy Duty Trucks_Diesel_Articulated 40 - 50 t_Conventional,,,-0.02,0.5,12,86,9.63E-05,-0.012139178,1.465868355,3.697068507,0.000312597,0.047276075,0.805352831,0,1,1,1 
HDVD_85,Heavy Duty Trucks_Diesel_Articulated 40 - 50 t_Conventional,,,-0.02,1,12,86,-3.80E-05,0.025128141,2.633144002,-1.257512991,0.002753938,0.065122688,1.085902898,0,1,1,1 
HDVD_85,Heavy Duty Trucks_Diesel_Articulated 40 - 50 t_Conventional,,,0,0,12,86,2.35E-16,-6.69E-15,4.213370034,1.34E-10,-0.001546688,0.286590525,0.155343043,0,1,1,1 
HDVD_85,Heavy Duty Trucks_Diesel_Articulated 40 - 50 t_Conventional,,,0,0.5,12,86,0.000330429,-0.008566574,0.003622385,6.103441027,0.000935992,-0.039215669,0.683715345,0,1,1,1 
HDVD_85,Heavy Duty Trucks_Diesel_Articulated 40 - 50 t_Conventional,,,0,1,12,86,0.000696591,-0.007761525,0.034535985,9.665378898,0.00186605,-0.061542357,1.042935256,0,1,1,1 
HDVD_85,Heavy Duty Trucks_Diesel_Articulated 40 - 50 t_Conventional,,,0.02,0,12,86,2.02E-05,0.005258575,0.6086759,4.497004683,-0.000117811,0.036718135,0.358563464,0,1,1,1 
HDVD_85,Heavy Duty Trucks_Diesel_Articulated 40 - 50 t_Conventional,,,0.02,0.5,12,83,-8.95E-05,0.003966208,0.751587109,2.471510693,-0.000234286,0.024071024,0.400597227,0,1,1,1 
HDVD_85,Heavy Duty Trucks_Diesel_Articulated 40 - 50 t_Conventional,,,0.02,1,12,66,-0.000170233,-0.012201966,1.87693299,-3.51783598,-0.000546133,0.034467699,0.466752734,0,1,1,1 
HDVD_85,Heavy Duty Trucks_Diesel_Articulated 40 - 50 t_Conventional,,,0.04,0,12,86,0.000802625,0.204945247,1.289024615,3.991459719,0.003339549,0.252599696,-0.627331361,0,1,1,1 
HDVD_85,Heavy Duty Trucks_Diesel_Articulated 40 - 50 t_Conventional,,,0.04,0.5,12,60,0.000103032,0.014723307,1.741361245,1.70630227,4.09E-05,0.036796479,0.767318189,0,1,1,1 
HDVD_85,Heavy Duty Trucks_Diesel_Articulated 40 - 50 t_Conventional,,,0.04,1,12,43,0.000769235,-0.01907308,4.436928465,1.496912803,0.000437072,0.027900701,1.640462963,0,1,1,1 
HDVD_85,Heavy Duty Trucks_Diesel_Articulated 40 - 50 t_Conventional,,,0.06,0,12,77,4.00E-05,0.009891752,0.747866034,3.645502632,-0.000133306,0.034980055,0.356656573,0,1,1,1 
HDVD_85,Heavy Duty Trucks_Diesel_Articulated 40 - 50 t_Conventional,,,0.06,0.5,12,45,-9.00E-05,0.010838142,1.185977865,4.112867231,-8.63E-05,0.01388096,0.671217094,0,1,1,1 
HDVD_85,Heavy Duty Trucks_Diesel_Articulated 40 - 50 t_Conventional,,,0.06,1,11,31,-0.007925289,0.332032218,-0.872614933,-14.66334171,-0.004106681,0.196518289,-1.486221716,0,1,1,1 
HDVD_86,Heavy Duty Trucks_Diesel_Articulated 40 - 50 t_Euro I,,,-0.06,0,12,86,8.65E-06,-0.003475477,0.441800385,3.275704087,9.79E-05,0.036230151,0.329862347,0,1,1,1 
HDVD_86,Heavy Duty Trucks_Diesel_Articulated 40 - 50 t_Euro I,,,-0.06,0.5,12,86,-6.41E-06,0.003038611,2.7321388,-0.266622517,0.00470942,0.144278471,0.955782947,0,1,1,1 
HDVD_86,Heavy Duty Trucks_Diesel_Articulated 40 - 50 t_Euro I,,,-0.06,1,12,86,-2.52E-05,0.011754853,1.995547962,-6.992211358,0.004785039,0.084831906,0.229832265,0,1,1,1 
HDVD_86,Heavy Duty Trucks_Diesel_Articulated 40 - 50 t_Euro I,,,-0.04,0,12,86,6.85E-06,-0.002745774,0.350834342,2.537839671,5.27E-05,0.025525537,0.235783948,0,1,1,1 
HDVD_86,Heavy Duty Trucks_Diesel_Articulated 40 - 50 t_Euro I,,,-0.04,0.5,12,86,5.08E-05,-0.014022463,1.988857368,2.094340282,0.001177889,0.09598654,0.913938661,0,1,1,1 
HDVD_86,Heavy Duty Trucks_Diesel_Articulated 40 - 50 t_Euro I,,,-0.04,1,12,86,4.82E-05,-0.017964689,3.665813178,0.789784564,0.003287064,0.124910984,1.899559161,0,1,1,1 
HDVD_86,Heavy Duty Trucks_Diesel_Articulated 40 - 50 t_Euro I,,,-0.02,0,12,86,0.000226393,-0.00632455,1.477383703,5.078626954,0.001136431,0.081406588,0.607346199,0,1,1,1 
HDVD_86,Heavy Duty Trucks_Diesel_Articulated 40 - 50 t_Euro I,,,-0.02,0.5,12,86,-1.25E-17,3.80E-15,2.720393845,4.84E-13,0.0013268,0.142592088,0.780167496,0,1,1,1 
HDVD_86,Heavy Duty Trucks_Diesel_Articulated 40 - 50 t_Euro I,,,-0.02,1,12,86,-3.80E-05,0.012902258,-0.269919452,2.634742181,0.000826515,-0.021005142,0.226112469,0,1,1,1 
HDVD_86,Heavy Duty Trucks_Diesel_Articulated 40 - 50 t_Euro I,,,0,0,12,86,0.000374119,0.000851326,2.407375699,5.824128009,0.001489219,0.138624885,0.776850823,0,1,1,1 
HDVD_86,Heavy Duty Trucks_Diesel_Articulated 40 - 50 t_Euro I,,,0,0.5,12,86,0.000256667,-0.007535299,0.014683811,5.745717676,0.000907839,-0.039536864,0.734494015,0,1,1,1 
HDVD_86,Heavy Duty Trucks_Diesel_Articulated 40 - 50 t_Euro I,,,0,1,12,86,0.000267968,-0.004384604,0.029168832,4.227052441,0.000842134,-0.029718959,0.523772396,0,1,1,1 
HDVD_86,Heavy Duty Trucks_Diesel_Articulated 40 - 50 t_Euro I,,,0.02,0,12,86,0.000340622,-0.000744835,0.80570226,4.203534299,0.0009435,0.031677046,0.553730971,0,1,1,1 
HDVD_86,Heavy Duty Trucks_Diesel_Articulated 40 - 50 t_Euro I,,,0.02,0.5,12,84,0.000847708,-0.024158972,1.026511451,2.531849764,0.001343769,-0.021172419,0.931056102,0,1,1,1 
HDVD_86,Heavy Duty Trucks_Diesel_Articulated 40 - 50 t_Euro I,,,0.02,1,12,68,0.000635266,0.033685657,-0.134520521,2.48419239,0.001634657,-0.009238371,0.254284316,0,1,1,1 
HDVD_86,Heavy Duty Trucks_Diesel_Articulated 40 - 50 t_Euro I,,,0.04,0,12,86,0.000190482,0.023164172,2.447677962,-4.64222332,-0.000823331,0.213028621,-0.415749337,0,1,1,1 
HDVD_86,Heavy Duty Trucks_Diesel_Articulated 40 - 50 t_Euro I,,,0.04,0.5,12,61,0.001213367,0.046876885,3.447511834,3.429656581,0.001271409,0.094974377,1.846317145,0,1,1,1 
HDVD_86,Heavy Duty Trucks_Diesel_Articulated 40 - 50 t_Euro I,,,0.04,1,12,44,-0.001164018,-0.017808485,4.529659489,-3.000384074,-0.001662974,0.062858202,1.593165406,0,1,1,1 
HDVD_86,Heavy Duty Trucks_Diesel_Articulated 40 - 50 t_Euro I,,,0.06,0,12,78,3.05E-05,0.002635202,0.258253328,3.739465551,-6.72E-05,0.012899768,0.366646289,0,1,1,1 
HDVD_86,Heavy Duty Trucks_Diesel_Articulated 40 - 50 t_Euro I,,,0.06,0.5,12,45,0.002586178,0.22364891,-2.009380529,-9.093598308,0.002737787,0.150845195,-2.0281389,0,1,1,1 
HDVD_86,Heavy Duty Trucks_Diesel_Articulated 40 - 50 t_Euro I,,,0.06,1,11,32,-0.008920216,0.445100622,-2.533570114,-8.195452487,-0.004458946,0.241438976,-1.878106544,0,1,1,1 
HDVD_87,Heavy Duty Trucks_Diesel_Articulated 40 - 50 t_Euro II,,,-0.06,0,12,86,-4.02E-05,0.046825063,2.895707724,-7.869048345,0.018721325,0.625069448,1.035516721,0,1,1,1 
HDVD_87,Heavy Duty Trucks_Diesel_Articulated 40 - 50 t_Euro II,,,-0.06,0.5,12,86,-2.21E-05,0.012803812,1.2369605,-4.768262257,0.006698752,0.157523219,0.775803427,0,1,1,1 
HDVD_87,Heavy Duty Trucks_Diesel_Articulated 40 - 50 t_Euro II,,,-0.06,1,12,86,-2.70E-05,0.013745945,1.541481536,-6.26144392,0.007574419,0.160872696,0.956130069,0,1,1,1 
HDVD_87,Heavy Duty Trucks_Diesel_Articulated 40 - 50 t_Euro II,,,-0.04,0,12,86,-1.71E-05,0.020320547,1.266430749,-3.265890525,0.007637046,0.254707788,0.261703156,0,1,1,1 
HDVD_87,Heavy Duty Trucks_Diesel_Articulated 40 - 50 t_Euro II,,,-0.04,0.5,12,86,-1.58E-05,0.005221551,0.903732201,-4.525762504,0.003795662,0.051181037,0.766938399,0,1,1,1 
HDVD_87,Heavy Duty Trucks_Diesel_Articulated 40 - 50 t_Euro II,,,-0.04,1,12,86,-1.53E-05,0.003974467,1.110967851,-5.790230292,0.003858452,0.04020515,0.813256264,0,1,1,1 
HDVD_87,Heavy Duty Trucks_Diesel_Articulated 40 - 50 t_Euro II,,,-0.02,0,12,86,-5.15E-15,-8.69E-12,1.817838129,-4.08E-11,-0.000339951,0.41841945,0.826153869,0,1,1,1 
HDVD_87,Heavy Duty Trucks_Diesel_Articulated 40 - 50 t_Euro II,,,-0.02,0.5,12,86,0.000131638,-0.000280809,0.375213591,3.629831179,0.002896507,-0.061709405,2.202917556,0,1,1,1 
HDVD_87,Heavy Duty Trucks_Diesel_Articulated 40 - 50 t_Euro II,,,-0.02,1,12,86,-3.45E-05,0.013339045,1.167450469,-6.229059303,0.003059769,0.042820434,0.787922022,0,1,1,1 
HDVD_87,Heavy Duty Trucks_Diesel_Articulated 40 - 50 t_Euro II,,,0,0,12,86,0.000363845,-0.025920162,0.758297079,3.809458337,0.001567332,-0.068399389,2.977574776,0,1,1,1 
HDVD_87,Heavy Duty Trucks_Diesel_Articulated 40 - 50 t_Euro II,,,0,0.5,12,86,0.000212821,-0.020942845,0.971116616,0.24546462,0.000148064,0.003755952,1.658253221,0,1,1,1 
HDVD_87,Heavy Duty Trucks_Diesel_Articulated 40 - 50 t_Euro II,,,0,1,12,86,0.000340035,-0.038558823,1.90917816,0.09033335,6.78E-05,0.007850924,2.495894836,0,1,1,1 
HDVD_87,Heavy Duty Trucks_Diesel_Articulated 40 - 50 t_Euro II,,,0.02,0,12,86,3.38E-05,0.006424515,0.499577202,2.716945719,-0.000322673,0.084355437,0.991129272,0,1,1,1 
HDVD_87,Heavy Duty Trucks_Diesel_Articulated 40 - 50 t_Euro II,,,0.02,0.5,12,86,0.000848861,-0.009427282,0.846523316,3.512340764,0.003458447,-0.063022615,2.352517349,0,1,1,1 
HDVD_87,Heavy Duty Trucks_Diesel_Articulated 40 - 50 t_Euro II,,,0.02,1,12,72,0.000218814,-0.032142645,1.49689442,-0.16886078,8.26E-05,-0.015920422,1.756905534,0,1,1,1 
HDVD_87,Heavy Duty Trucks_Diesel_Articulated 40 - 50 t_Euro II,,,0.04,0,12,86,0.001022145,0.178567023,-0.355964394,-2.54517231,0.007714614,0.455077561,-2.947107887,0,1,1,1 
HDVD_87,Heavy Duty Trucks_Diesel_Articulated 40 - 50 t_Euro II,,,0.04,0.5,12,63,0.000161432,-0.025280281,1.35285318,-0.113291114,0.000134434,-0.018700153,1.872343335,0,1,1,1 
HDVD_87,Heavy Duty Trucks_Diesel_Articulated 40 - 50 t_Euro II,,,0.04,1,12,46,0.000673866,-0.062658409,1.79669686,-2.353169907,0.000478746,-0.042934227,1.560205665,0,1,1,1 
HDVD_87,Heavy Duty Trucks_Diesel_Articulated 40 - 50 t_Euro II,,,0.06,0,12,81,-1.21E-05,0.00369736,0.511192694,2.461909111,-5.39E-05,0.025030478,1.095432238,0,1,1,1 
HDVD_87,Heavy Duty Trucks_Diesel_Articulated 40 - 50 t_Euro II,,,0.06,0.5,12,48,0.000469598,-0.053717287,2.187010986,-0.363223874,0.000373961,-0.038720812,2.465513214,0,1,1,1 
HDVD_87,Heavy Duty Trucks_Diesel_Articulated 40 - 50 t_Euro II,,,0.06,1,11,34,0.000996397,-0.066542976,2.13027642,0.252436275,0.001272015,-0.052949038,1.872989065,0,1,1,1 
HDVD_88,Heavy Duty Trucks_Diesel_Articulated 40 - 50 t_Euro III,,,-0.06,0,12,86,-0.00016703,0.061198311,-0.02048405,-5.176680722,0.008467052,0.038026165,-1.123282536,0,1,1,1 
HDVD_88,Heavy Duty Trucks_Diesel_Articulated 40 - 50 t_Euro III,,,-0.06,0.5,12,86,-2.29E-05,0.03484361,1.965580315,-4.712810442,0.007282843,0.262026802,0.320888979,0,1,1,1 
HDVD_88,Heavy Duty Trucks_Diesel_Articulated 40 - 50 t_Euro III,,,-0.06,1,12,86,-2.48E-05,0.033716714,1.944392514,-5.06410482,0.007107066,0.248760672,0.430298009,0,1,1,1 
HDVD_88,Heavy Duty Trucks_Diesel_Articulated 40 - 50 t_Euro III,,,-0.04,0,12,86,-0.00016565,0.060616957,-0.192423317,-5.72319455,0.008049784,0.003223995,-1.130047503,0,1,1,1 
HDVD_88,Heavy Duty Trucks_Diesel_Articulated 40 - 50 t_Euro III,,,-0.04,0.5,12,86,-3.14E-05,0.033873121,2.147996534,-6.13669536,0.007291049,0.237495003,0.476752978,0,1,1,1 
HDVD_88,Heavy Duty Trucks_Diesel_Articulated 40 - 50 t_Euro III,,,-0.04,1,12,86,-4.75E-05,0.041034193,2.870514332,-9.300112409,0.009240627,0.2752228,0.817467166,0,1,1,1 
HDVD_88,Heavy Duty Trucks_Diesel_Articulated 40 - 50 t_Euro III,,,-0.02,0,12,86,2.42E-06,0.000989118,0.345436667,2.498339514,-1.22E-05,0.054681579,0.382655869,0,1,1,1 
HDVD_88,Heavy Duty Trucks_Diesel_Articulated 40 - 50 t_Euro III,,,-0.02,0.5,12,86,-0.000253254,0.081169047,0.399199417,-3.835132173,0.008168928,0.135229238,-0.826240868,0,1,1,1 
HDVD_88,Heavy Duty Trucks_Diesel_Articulated 40 - 50 t_Euro III,,,-0.02,1,12,86,-3.43E-05,0.03285455,2.492740936,-1.163343844,0.005874214,0.193795339,2.136499547,0,1,1,1 
HDVD_88,Heavy Duty Trucks_Diesel_Articulated 40 - 50 t_Euro III,,,0,0,12,86,5.07E-06,0.001970623,0.578994327,4.143110506,-9.96E-05,0.090415113,0.627495783,0,1,1,1 
HDVD_88,Heavy Duty Trucks_Diesel_Articulated 40 - 50 t_Euro III,,,0,0.5,12,86,-6.18E-06,0.002703682,0.542319798,3.190567822,-0.000226883,0.074808491,0.66165853,0,1,1,1 
HDVD_88,Heavy Duty Trucks_Diesel_Articulated 40 - 50 t_Euro III,,,0,1,12,86,0.000535527,-0.019424986,0.519006342,7.987306752,0.003119449,-0.112512408,2.712777994,0,1,1,1 
HDVD_88,Heavy Duty Trucks_Diesel_Articulated 40 - 50 t_Euro III,,,0.02,0,12,86,7.00E-05,0.026497815,0.647697829,3.242100548,0.001308985,0.160437619,0.114535605,0,1,1,1 
HDVD_88,Heavy Duty Trucks_Diesel_Articulated 40 - 50 t_Euro III,,,0.02,0.5,12,86,-1.45E-05,0.006511959,0.648791471,2.66780418,-0.000252332,0.074122253,0.818837797,0,1,1,1 
HDVD_88,Heavy Duty Trucks_Diesel_Articulated 40 - 50 t_Euro III,,,0.02,1,12,74,0.000354087,-0.031667202,1.830068519,0.505158839,0.000399127,0.008182251,2.326300912,0,1,1,1 
HDVD_88,Heavy Duty Trucks_Diesel_Articulated 40 - 50 t_Euro III,,,0.04,0,12,86,0.0005243,0.145404444,2.00747411,0.160102238,0.007254881,0.630746156,-1.979699648,0,1,1,1 
HDVD_88,Heavy Duty Trucks_Diesel_Articulated 40 - 50 t_Euro III,,,0.04,0.5,12,65,1.54E-05,0.063677058,1.784750574,2.421648277,0.001463155,0.201552098,2.001943297,0,1,1,1 
HDVD_88,Heavy Duty Trucks_Diesel_Articulated 40 - 50 t_Euro III,,,0.04,1,12,47,-0.003073018,0.668340265,1.667557464,-1.619941575,0.011046517,0.852568014,0.690833729,0,1,1,1 
HDVD_88,Heavy Duty Trucks_Diesel_Articulated 40 - 50 t_Euro III,,,0.06,0,12,82,5.72E-05,0.03674957,0.589909411,5.520796839,0.000393143,0.177543642,0.411184693,0,1,1,1 
HDVD_88,Heavy Duty Trucks_Diesel_Articulated 40 - 50 t_Euro III,,,0.06,0.5,12,48,0.000101503,0.038424964,1.199666927,2.754177681,0.000612844,0.100522881,1.568385661,0,1,1,1 
HDVD_88,Heavy Duty Trucks_Diesel_Articulated 40 - 50 t_Euro III,,,0.06,1,11,34,-0.002603,0.097963771,1.158864926,-3.7906416,-0.00449786,0.219703948,-0.051402957,0,1,1,1 
HDVD_89,Heavy Duty Trucks_Diesel_Articulated 40 - 50 t_Euro IV,,,-0.06,0,12,86,-0.002895256,0.630209398,-0.283996174,0.64207518,0.874542542,0.69198179,0.327644608,0,1,1,1 
HDVD_89,Heavy Duty Trucks_Diesel_Articulated 40 - 50 t_Euro IV,,,-0.06,0.5,12,86,-1.35E-05,0.010275262,0.847669214,-2.526077417,0.030656689,0.82812741,0.812584706,0,1,1,1 
HDVD_89,Heavy Duty Trucks_Diesel_Articulated 40 - 50 t_Euro IV,,,-0.06,1,12,86,-2.26E-05,0.01456013,1.382590146,-4.634933285,0.047128574,1.173300524,2.904826556,0,1,1,1 
HDVD_89,Heavy Duty Trucks_Diesel_Articulated 40 - 50 t_Euro IV,,,-0.04,0,12,86,3.92E-06,-0.00138378,0.147817053,0.941590515,-0.000319591,0.150539666,1.756480262,0,1,1,1 
HDVD_89,Heavy Duty Trucks_Diesel_Articulated 40 - 50 t_Euro IV,,,-0.04,0.5,12,86,1.06E-05,-0.003306012,0.305927761,1.418996968,-0.000226231,0.226476957,3.552983584,0,1,1,1 
HDVD_89,Heavy Duty Trucks_Diesel_Articulated 40 - 50 t_Euro IV,,,-0.04,1,12,86,7.96E-06,-0.00239992,0.212302921,0.803936251,2.53E-05,0.129219825,2.360875196,0,1,1,1 
HDVD_89,Heavy Duty Trucks_Diesel_Articulated 40 - 50 t_Euro IV,,,-0.02,0,12,86,-1.77E-05,0.021785022,1.322762412,-3.473368555,0.030758897,1.044043777,1.510031482,0,1,1,1 
HDVD_89,Heavy Duty Trucks_Diesel_Articulated 40 - 50 t_Euro IV,,,-0.02,0.5,12,86,9.35E-06,-0.006511816,0.543201328,-4.160972518,-0.00429185,0.41746142,-2.812512057,0,1,1,1 
HDVD_89,Heavy Duty Trucks_Diesel_Articulated 40 - 50 t_Euro IV,,,-0.02,1,12,86,2.02E-05,-0.007932879,0.582883935,-3.968010213,-0.003770884,0.360792889,-1.87094414,0,1,1,1 
HDVD_89,Heavy Duty Trucks_Diesel_Articulated 40 - 50 t_Euro IV,,,0,0,12,86,6.21E-16,3.56E-16,1.146349408,3.50E-11,-0.005349974,0.902668321,3.641064351,0,1,1,1 
HDVD_89,Heavy Duty Trucks_Diesel_Articulated 40 - 50 t_Euro IV,,,0,0.5,12,86,-1.37E-17,-7.67E-16,0.944559992,-2.53E-13,-0.00205888,0.449470353,4.152786133,0,1,1,1 
HDVD_89,Heavy Duty Trucks_Diesel_Articulated 40 - 50 t_Euro IV,,,0,1,12,86,-1.15E-14,-6.27E-14,1.969634164,-3.47E-10,-0.004031824,0.864976187,6.839455,0,1,1,1 
HDVD_89,Heavy Duty Trucks_Diesel_Articulated 40 - 50 t_Euro IV,,,0.02,0,12,86,0.000279382,0.030122336,0.957741771,1.355119634,0.002193479,0.981763452,2.754681991,0,1,1,1 
HDVD_89,Heavy Duty Trucks_Diesel_Articulated 40 - 50 t_Euro IV,,,0.02,0.5,12,86,-4.85E-05,0.035547155,1.041533235,1.233536274,0.002939005,0.482065294,5.687852443,0,1,1,1 
HDVD_89,Heavy Duty Trucks_Diesel_Articulated 40 - 50 t_Euro IV,,,0.02,1,12,74,-5.12E-05,0.040272391,1.210530591,1.727970544,0.003936822,0.524790319,5.276864104,0,1,1,1 
HDVD_89,Heavy Duty Trucks_Diesel_Articulated 40 - 50 t_Euro IV,,,0.04,0,12,86,-0.000321272,0.030129011,-0.041824716,-2.917359808,-0.004505053,0.475063278,-4.788021966,0,1,1,1 
HDVD_89,Heavy Duty Trucks_Diesel_Articulated 40 - 50 t_Euro IV,,,0.04,0.5,12,67,-0.000308076,0.086097605,0.991934899,0.276899821,0.007846458,0.658721525,3.455224393,0,1,1,1 
HDVD_89,Heavy Duty Trucks_Diesel_Articulated 40 - 50 t_Euro IV,,,0.04,1,12,49,-0.000281314,0.007956252,0.462440946,-3.443252141,-0.004803064,0.293268098,-1.545557776,0,1,1,1 
HDVD_89,Heavy Duty Trucks_Diesel_Articulated 40 - 50 t_Euro IV,,,0.06,0,12,84,-0.000177091,0.011302391,0.668489438,-1.109187337,-0.002008883,0.223439344,2.654800264,0,1,1,1 
HDVD_89,Heavy Duty Trucks_Diesel_Articulated 40 - 50 t_Euro IV,,,0.06,0.5,12,50,-0.000317687,0.012442367,0.351722209,-3.852416549,-0.004636282,0.302169343,-2.234777449,0,1,1,1 
HDVD_89,Heavy Duty Trucks_Diesel_Articulated 40 - 50 t_Euro IV,,,0.06,1,11,36,0.001639157,0.145872208,-2.163084975,7.195016051,0.052520668,-0.547197084,0.992325713,0,1,1,1 
HDVD_89,Heavy Duty Trucks_Diesel_Articulated 40 - 50 t_Euro IV,,,-0.06,0,12,86,-0.002895256,0.630209398,-0.283996174,0.64207518,0.874542542,0.69198179,0.327644608,0,1,1,1 
HDVD_89,Heavy Duty Trucks_Diesel_Articulated 40 - 50 t_Euro IV,,,-0.06,0.5,12,86,-1.35E-05,0.010275262,0.847669214,-2.526077417,0.030656689,0.82812741,0.812584706,0,1,1,1 
HDVD_89,Heavy Duty Trucks_Diesel_Articulated 40 - 50 t_Euro IV,,,-0.06,1,12,86,-2.26E-05,0.01456013,1.382590146,-4.634933285,0.047128574,1.173300524,2.904826556,0,1,1,1 
HDVD_89,Heavy Duty Trucks_Diesel_Articulated 40 - 50 t_Euro IV,,,-0.04,0,12,86,3.92E-06,-0.00138378,0.147817053,0.941590515,-0.000319591,0.150539666,1.756480262,0,1,1,1 
HDVD_89,Heavy Duty Trucks_Diesel_Articulated 40 - 50 t_Euro IV,,,-0.04,1,12,86,7.96E-06,-0.00239992,0.212302921,0.803936251,2.53E-05,0.129219825,2.360875196,0,1,1,1 
HDVD_89,Heavy Duty Trucks_Diesel_Articulated 40 - 50 t_Euro IV,,,-0.02,0,12,86,-1.77E-05,0.021785022,1.322762412,-3.473368555,0.030758897,1.044043777,1.510031482,0,1,1,1 
HDVD_89,Heavy Duty Trucks_Diesel_Articulated 40 - 50 t_Euro IV,,,-0.02,1,12,86,2.02E-05,-0.007932879,0.582883935,-3.968010213,-0.003770884,0.360792889,-1.87094414,0,1,1,1 
HDVD_89,Heavy Duty Trucks_Diesel_Articulated 40 - 50 t_Euro IV,,,0,0,12,86,6.21E-16,3.56E-16,1.146349408,3.50E-11,-0.005349974,0.902668321,3.641064351,0,1,1,1 
HDVD_89,Heavy Duty Trucks_Diesel_Articulated 40 - 50 t_Euro IV,,,0,1,12,86,-1.15E-14,-6.27E-14,1.969634164,-3.47E-10,-0.004031824,0.864976187,6.839455,0,1,1,1 
HDVD_89,Heavy Duty Trucks_Diesel_Articulated 40 - 50 t_Euro IV,,,0.02,0,12,86,0.000279382,0.030122336,0.957741771,1.355119634,0.002193479,0.981763452,2.754681991,0,1,1,1 
HDVD_89,Heavy Duty Trucks_Diesel_Articulated 40 - 50 t_Euro IV,,,0.02,1,12,74,-5.12E-05,0.040272391,1.210530591,1.727970544,0.003936822,0.524790319,5.276864104,0,1,1,1 
HDVD_89,Heavy Duty Trucks_Diesel_Articulated 40 - 50 t_Euro IV,,,0.04,0,12,86,-0.000321272,0.030129011,-0.041824716,-2.917359808,-0.004505053,0.475063278,-4.788021966,0,1,1,1 
HDVD_89,Heavy Duty Trucks_Diesel_Articulated 40 - 50 t_Euro IV,,,0.04,1,12,49,-0.000281314,0.007956252,0.462440946,-3.443252141,-0.004803064,0.293268098,-1.545557776,0,1,1,1 
HDVD_89,Heavy Duty Trucks_Diesel_Articulated 40 - 50 t_Euro IV,,,0.06,0,12,84,-0.000177091,0.011302391,0.668489438,-1.109187337,-0.002008883,0.223439344,2.654800264,0,1,1,1 
HDVD_89,Heavy Duty Trucks_Diesel_Articulated 40 - 50 t_Euro IV,,,0.06,0.5,12,50,-0.000317687,0.012442367,0.351722209,-3.852416549,-0.004636282,0.302169343,-2.234777449,0,1,1,1 
HDVD_89,Heavy Duty Trucks_Diesel_Articulated 40 - 50 t_Euro IV,,,0.06,1,11,36,0.001639157,0.145872208,-2.163084975,7.195016051,0.052520668,-0.547197084,0.992325713,0,1,1,1 
HDVD_90,Heavy Duty Trucks_Diesel_Articulated 40 - 50 t_Euro V,SCR,,-0.06,0,10,65,-0.004447901,0.333711784,-1.642330914,1.510755046,0.226116718,-0.656588385,-1.189937012,0,1,1,1 
HDVD_90,Heavy Duty Trucks_Diesel_Articulated 40 - 50 t_Euro V,SCR,,-0.06,0.5,10,70,-0.011444184,0.844419039,-0.752214833,0.094073979,0.648473084,0.461073068,0.86239387,0,1,1,1 
HDVD_90,Heavy Duty Trucks_Diesel_Articulated 40 - 50 t_Euro V,SCR,,-0.06,1,10,75,-0.004206296,0.352918391,-1.624708063,2.324160495,0.317362455,-1.758056386,3.622218869,0,1,1,1 
HDVD_90,Heavy Duty Trucks_Diesel_Articulated 40 - 50 t_Euro V,SCR,,-0.04,0,10,85,-0.003566797,0.325565298,-1.538624531,1.538161069,0.234364082,-0.862795329,1.00E-09,0,1,1,1 
HDVD_90,Heavy Duty Trucks_Diesel_Articulated 40 - 50 t_Euro V,SCR,,-0.04,0.5,10,85,-0.002805286,0.276709274,-1.360311661,1.420919968,0.202963639,-0.781922194,-1.47E-07,0,1,1,1 
HDVD_90,Heavy Duty Trucks_Diesel_Articulated 40 - 50 t_Euro V,SCR,,-0.04,1,10,85,-0.002902586,0.28585182,-1.386264459,1.452451623,0.202729041,-0.760551412,-3.69E-09,0,1,1,1 
HDVD_90,Heavy Duty Trucks_Diesel_Articulated 40 - 50 t_Euro V,SCR,,-0.02,0,10,85,-0.001231488,0.257248174,-1.208190731,1.813448319,0.192316601,-0.939874516,1.877364354,0,1,1,1 
HDVD_90,Heavy Duty Trucks_Diesel_Articulated 40 - 50 t_Euro V,SCR,,-0.02,0.5,10,85,-0.002555726,0.314103104,-1.305610813,0.693372641,0.150346955,0.018677954,-2.24823523,0,1,1,1 
HDVD_90,Heavy Duty Trucks_Diesel_Articulated 40 - 50 t_Euro V,SCR,,-0.02,1,10,85,-0.002880829,0.410331671,-1.637553305,1.93093058,0.219847783,-0.62626414,0.968340962,0,1,1,1 
HDVD_90,Heavy Duty Trucks_Diesel_Articulated 40 - 50 t_Euro V,SCR,,0,0,10,85,0.005811164,0.331945745,-1.494874315,2.328791013,0.297193832,-1.31409022,2.651539507,0,1,1,1 
HDVD_90,Heavy Duty Trucks_Diesel_Articulated 40 - 50 t_Euro V,SCR,,0,0.5,10,85,0.005043475,0.352337139,-1.329777879,1.59659143,0.227817631,-0.575008812,0.847758878,0,1,1,1 
HDVD_90,Heavy Duty Trucks_Diesel_Articulated 40 - 50 t_Euro V,SCR,,0,1,10,85,0.004853621,0.379943652,-1.354373349,1.512854459,0.215107378,-0.418218582,0.516811818,0,1,1,1 
HDVD_90,Heavy Duty Trucks_Diesel_Articulated 40 - 50 t_Euro V,SCR,,0.02,0,10,85,0.01343719,0.274839081,-1.270205896,1.926862632,0.288159118,-1.177033162,2.090710677,0,1,1,1 
HDVD_90,Heavy Duty Trucks_Diesel_Articulated 40 - 50 t_Euro V,SCR,,0.02,0.5,10,85,-0.000649439,0.046831657,1.765910331,-1.237312684,-0.009396403,1.013995955,1.496959619,0,1,1,1 
HDVD_90,Heavy Duty Trucks_Diesel_Articulated 40 - 50 t_Euro V,SCR,,0.02,1,10,75,-0.000299311,0.126894892,2.092183342,-1.366373153,0.012959059,1.210124309,1.609610397,0,1,1,1 
HDVD_90,Heavy Duty Trucks_Diesel_Articulated 40 - 50 t_Euro V,SCR,,0.04,0,10,85,-0.00105828,0.071929827,2.052140738,-1.757211643,-0.015528492,1.399461943,1.148013812,0,1,1,1 
HDVD_90,Heavy Duty Trucks_Diesel_Articulated 40 - 50 t_Euro V,SCR,,0.04,0.5,10,65,-0.001390324,0.158625969,1.640597167,-1.583609904,0.003986792,1.236787539,0.202433732,0,1,1,1 
HDVD_90,Heavy Duty Trucks_Diesel_Articulated 40 - 50 t_Euro V,SCR,,0.04,1,10,45,3.42E-05,-0.016082669,0.802430898,0.725547429,-0.002881885,0.131983498,1.765110482,0,1,1,1 
HDVD_90,Heavy Duty Trucks_Diesel_Articulated 40 - 50 t_Euro V,SCR,,0.06,0,10,85,-0.001314014,0.117630958,1.709155141,-1.392760303,-0.008268202,1.257510338,0.811842363,0,1,1,1 
HDVD_90,Heavy Duty Trucks_Diesel_Articulated 40 - 50 t_Euro V,SCR,,0.06,0.5,10,50,4.97E-05,-0.007012201,0.40622939,1.639401366,-0.000229896,0.030589655,1.661346181,0,1,1,1 
HDVD_90,Heavy Duty Trucks_Diesel_Articulated 40 - 50 t_Euro V,SCR,,0.06,1,10,35,-0.000153603,0.28945132,-1.148552505,-1.789259379,0.06098788,0.215350217,-2.744358454,0,1,1,1 
HDVD_90,Heavy Duty Trucks_Diesel_Articulated 40 - 50 t_Euro V,EGR,,-0.06,0,10,75,-0.001026738,0.08051962,0.044068426,0.109849794,0.145290931,-0.696989352,4.249364215,0,1,1,1 
HDVD_90,Heavy Duty Trucks_Diesel_Articulated 40 - 50 t_Euro V,EGR,,-0.06,0.5,10,65,-0.010097014,0.71563256,-0.842307775,0.021616973,0.938026125,0.429811209,0.656510381,0,1,1,1 
HDVD_90,Heavy Duty Trucks_Diesel_Articulated 40 - 50 t_Euro V,EGR,,-0.06,1,10,80,-0.000835796,0.071100814,-0.10470758,0.30590674,0.153937533,-1.059888119,4.791775869,0,1,1,1 
HDVD_90,Heavy Duty Trucks_Diesel_Articulated 40 - 50 t_Euro V,EGR,,-0.04,0,10,85,-0.009508256,0.874534068,-1.143271751,-0.273968612,0.872115573,0.287066178,0.187813022,0,1,1,1 
HDVD_90,Heavy Duty Trucks_Diesel_Articulated 40 - 50 t_Euro V,EGR,,-0.04,0.5,10,85,-0.002458346,0.218865269,-0.674998574,0.886685005,0.214285628,-0.744517101,3.055448209,0,1,1,1 
HDVD_90,Heavy Duty Trucks_Diesel_Articulated 40 - 50 t_Euro V,EGR,,-0.04,1,10,85,-0.002475963,0.22691066,-0.762319298,1.023257266,0.216084141,-0.838971724,3.354955939,0,1,1,1 
HDVD_90,Heavy Duty Trucks_Diesel_Articulated 40 - 50 t_Euro V,EGR,,-0.02,0,10,85,-0.001834393,0.249881317,-1.217782737,0.740405647,0.155291341,-0.07052933,-2.621414808,0,1,1,1 
HDVD_90,Heavy Duty Trucks_Diesel_Articulated 40 - 50 t_Euro V,EGR,,-0.02,0.5,10,85,-0.00557708,0.659047725,-0.713170611,0.194822641,0.368696736,1.411712155,0.215044528,0,1,1,1 
HDVD_90,Heavy Duty Trucks_Diesel_Articulated 40 - 50 t_Euro V,EGR,,-0.02,1,10,85,-0.003688676,0.465611037,-1.440252675,1.50845657,0.242644963,0.083032854,0.883433282,0,1,1,1 
HDVD_90,Heavy Duty Trucks_Diesel_Articulated 40 - 50 t_Euro V,EGR,,0,0,10,85,0.001406694,0.309810305,-1.642593302,1.147907331,0.196465528,-0.350970943,-2.22061749,0,1,1,1 
HDVD_90,Heavy Duty Trucks_Diesel_Articulated 40 - 50 t_Euro V,EGR,,0,0.5,10,85,0.001402291,0.138602844,0.533131025,0.362208368,0.089193649,0.146852852,3.746922288,0,1,1,1 
HDVD_90,Heavy Duty Trucks_Diesel_Articulated 40 - 50 t_Euro V,EGR,,0,1,10,85,0.002943666,0.740654245,-0.344704182,-0.039313745,0.280571125,1.779606482,0.218316215,0,1,1,1 
HDVD_90,Heavy Duty Trucks_Diesel_Articulated 40 - 50 t_Euro V,EGR,,0.02,0,10,85,-1.81E-05,-0.005901702,1.623720756,-1.28689302,-0.006918333,0.779274898,2.450678738,0,1,1,1 
HDVD_90,Heavy Duty Trucks_Diesel_Articulated 40 - 50 t_Euro V,EGR,,0.02,0.5,10,85,-9.01E-06,-0.000180404,0.814129569,-0.465201789,-0.002214227,0.268265628,1.635812555,0,1,1,1 
HDVD_90,Heavy Duty Trucks_Diesel_Articulated 40 - 50 t_Euro V,EGR,,0.02,1,10,75,0.000861303,0.019523183,1.888320524,-0.772744615,0.008022922,0.464449532,4.32199461,0,1,1,1 
HDVD_90,Heavy Duty Trucks_Diesel_Articulated 40 - 50 t_Euro V,EGR,,0.04,0,10,85,0.002182749,0.016642713,1.233664894,-0.517995175,0.034642655,0.225636909,3.206603938,0,1,1,1 
HDVD_90,Heavy Duty Trucks_Diesel_Articulated 40 - 50 t_Euro V,EGR,,0.04,0.5,10,70,-0.001181841,0.054504786,2.480992235,-2.049147105,-0.014659832,1.05543001,3.076794776,0,1,1,1 
HDVD_90,Heavy Duty Trucks_Diesel_Articulated 40 - 50 t_Euro V,EGR,,0.04,1,10,45,-0.002261412,0.104885319,2.393349551,-2.280706075,-0.017437924,1.140942799,2.065402263,0,1,1,1 
HDVD_90,Heavy Duty Trucks_Diesel_Articulated 40 - 50 t_Euro V,EGR,,0.06,0,10,85,0.001253492,0.009323176,1.430826575,-1.045620491,0.011155159,0.431577018,2.420215177,0,1,1,1 
HDVD_90,Heavy Duty Trucks_Diesel_Articulated 40 - 50 t_Euro V,EGR,,0.06,0.5,10,50,-0.000811434,0.107687615,1.798582005,-1.576434774,-0.000681191,0.822054568,1.981735932,0,1,1,1 
HDVD_90,Heavy Duty Trucks_Diesel_Articulated 40 - 50 t_Euro V,EGR,,0.06,1,10,35,-0.002156589,0.079617013,2.067877486,-1.706389042,-0.013369224,0.765770685,1.938161619,0,1,1,1 
HDVD_91,Heavy Duty Trucks_Diesel_Articulated 40 - 50 t_Euro VI,,,-0.06,0,10,65,-3.15E-05,0.002854373,-0.050257955,0.265551058,0.022460008,-0.464581519,2.558628447,0,1,1,1 
HDVD_91,Heavy Duty Trucks_Diesel_Articulated 40 - 50 t_Euro VI,,,-0.06,0.5,10,65,-3.14E-05,0.002808232,-0.048634841,0.249446873,0.024397712,-0.493747515,2.617050853,0,1,1,1 
HDVD_91,Heavy Duty Trucks_Diesel_Articulated 40 - 50 t_Euro VI,,,-0.06,1,10,65,-3.38E-05,0.003048889,-0.052191299,0.26393265,0.028193307,-0.559401907,2.900885364,0,1,1,1 
HDVD_91,Heavy Duty Trucks_Diesel_Articulated 40 - 50 t_Euro VI,,,-0.04,0,10,85,-7.09E-05,0.007495008,-0.119342605,0.557856163,0.054279148,-0.990009535,4.828504744,0,1,1,1 
HDVD_91,Heavy Duty Trucks_Diesel_Articulated 40 - 50 t_Euro VI,,,-0.04,0.5,10,75,-0.002500691,0.191858939,-0.024904059,0.109019297,1.504955907,0.455683607,0.365664634,0,1,1,1 
HDVD_91,Heavy Duty Trucks_Diesel_Articulated 40 - 50 t_Euro VI,,,-0.04,1,10,75,-0.002514804,0.194024172,-0.049619379,0.113562554,1.505105934,0.451026455,0.3641326,0,1,1,1 
HDVD_91,Heavy Duty Trucks_Diesel_Articulated 40 - 50 t_Euro VI,,,-0.02,0,10,85,-0.000859428,0.203723475,0.054073182,0.138603886,1.48009168,0.469617643,0.372847185,0,1,1,1 
HDVD_91,Heavy Duty Trucks_Diesel_Articulated 40 - 50 t_Euro VI,,,-0.02,0.5,10,85,-0.001755138,0.236897601,0.004456315,-0.788035503,1.518149073,0.321323635,0.50079031,0,1,1,1 
HDVD_91,Heavy Duty Trucks_Diesel_Articulated 40 - 50 t_Euro VI,,,-0.02,1,10,85,-0.000449831,0.048055915,0.187697425,0.012821146,0.255384002,1.976398218,0.230131655,0,1,1,1 
HDVD_91,Heavy Duty Trucks_Diesel_Articulated 40 - 50 t_Euro VI,,,0,0,10,85,0.002155151,0.213878399,0.033284706,0.266096934,1.438824096,0.471877524,0.359424358,0,1,1,1 
HDVD_91,Heavy Duty Trucks_Diesel_Articulated 40 - 50 t_Euro VI,,,0,0.5,10,85,0.00230468,0.199175905,0.045320835,0.684656701,1.275336924,0.457681265,0.296718191,0,1,1,1 
HDVD_91,Heavy Duty Trucks_Diesel_Articulated 40 - 50 t_Euro VI,,,0,1,10,85,0.000196017,0.04285632,0.371090244,-0.013309135,0.173881334,2.703796451,0.258388416,0,1,1,1 
HDVD_91,Heavy Duty Trucks_Diesel_Articulated 40 - 50 t_Euro VI,,,0.02,0,10,85,0.003775337,0.234570141,0.063649812,0.149282174,1.461741469,0.467949989,0.383193903,0,1,1,1 
HDVD_91,Heavy Duty Trucks_Diesel_Articulated 40 - 50 t_Euro VI,,,0.02,0.5,10,85,0.000132121,0.003998112,-0.053234631,1.023848086,0.036398008,-0.546881923,6.667907463,0,1,1,1 
HDVD_91,Heavy Duty Trucks_Diesel_Articulated 40 - 50 t_Euro VI,,,0.02,1,10,75,0.000804266,0.059163239,0.270705919,0.001388079,0.219227664,1.966829977,0.258260279,0,1,1,1 
HDVD_91,Heavy Duty Trucks_Diesel_Articulated 40 - 50 t_Euro VI,,,0.04,0,10,85,0.000185057,0.022594463,0.447712827,0.005932471,0.064632165,2.67650836,0.43992232,0,1,1,1 
HDVD_91,Heavy Duty Trucks_Diesel_Articulated 40 - 50 t_Euro VI,,,0.04,0.5,10,70,6.88E-05,0.000366745,0.035846257,0.906338362,0.011793314,-0.157763901,6.117252939,0,1,1,1 
HDVD_91,Heavy Duty Trucks_Diesel_Articulated 40 - 50 t_Euro VI,,,0.04,1,10,50,0.000160414,-0.002916318,0.01115298,1.280492754,0.017987288,-0.544027824,8.449304543,0,1,1,1 
HDVD_91,Heavy Duty Trucks_Diesel_Articulated 40 - 50 t_Euro VI,,,0.06,0,10,85,0.00057933,0.044387828,0.365387634,0.006587557,0.157757091,2.287598962,0.344745329,0,1,1,1 
HDVD_91,Heavy Duty Trucks_Diesel_Articulated 40 - 50 t_Euro VI,,,0.06,0.5,10,50,-2.71E-05,-0.001402606,0.136836186,0.757655348,-0.006901892,0.264253366,5.475760619,0,1,1,1 
HDVD_91,Heavy Duty Trucks_Diesel_Articulated 40 - 50 t_Euro VI,,,0.06,1,10,35,-0.000515337,0.008307664,0.29711635,-0.520752044,-0.049247738,1.684089844,-2.312865269,0,1,1,1 
HDVD_92,Heavy Duty Trucks_Diesel_Articulated 50 - 60 t_Conventional,,,-0.06,0,12,86,7.84E-05,-0.010248006,1.635089388,2.977567471,0.000552166,0.091542782,0.483062247,0,1,1,1 
HDVD_92,Heavy Duty Trucks_Diesel_Articulated 50 - 60 t_Conventional,,,-0.06,0.5,12,86,-2.79E-05,0.019306186,1.752629079,-5.331210318,0.003100537,0.077749649,0.061315189,0,1,1,1 
HDVD_92,Heavy Duty Trucks_Diesel_Articulated 50 - 60 t_Conventional,,,-0.06,1,12,86,-1.56E-05,0.009975896,0.985215847,-3.149273798,0.001663127,0.040037501,0.060155173,0,1,1,1 
HDVD_92,Heavy Duty Trucks_Diesel_Articulated 50 - 60 t_Conventional,,,-0.04,0,12,86,5.37E-05,-0.01014862,3.894805537,-3.265316241,0.001464756,0.212031311,0.22798222,0,1,1,1 
HDVD_92,Heavy Duty Trucks_Diesel_Articulated 50 - 60 t_Conventional,,,-0.04,0.5,12,86,-1.44E-05,0.008028762,3.111854508,-0.387362395,0.002899606,0.114778856,0.880033647,0,1,1,1 
HDVD_92,Heavy Duty Trucks_Diesel_Articulated 50 - 60 t_Conventional,,,-0.04,1,12,86,-3.71E-17,8.39E-15,2.015457066,1.95E-12,0.001610756,0.056018085,0.726048405,0,1,1,1 
HDVD_92,Heavy Duty Trucks_Diesel_Articulated 50 - 60 t_Conventional,,,-0.02,0,12,86,-8.52E-06,0.046763181,2.202243585,-1.945244306,0.003133403,0.1307972,0.001658437,0,1,1,1 
HDVD_92,Heavy Duty Trucks_Diesel_Articulated 50 - 60 t_Conventional,,,-0.02,0.5,12,86,7.69E-05,-0.009376998,0.974889778,2.259312908,0.000217959,0.022239373,0.501972137,0,1,1,1 
HDVD_92,Heavy Duty Trucks_Diesel_Articulated 50 - 60 t_Conventional,,,-0.02,1,12,86,-4.61E-05,0.019779927,-0.372295393,3.810121693,0.000932889,-0.021995676,0.252105609,0,1,1,1 
HDVD_92,Heavy Duty Trucks_Diesel_Articulated 50 - 60 t_Conventional,,,0,0,12,86,-4.05E-18,4.11E-16,4.875243281,-2.61E-12,-0.001576565,0.288905214,0.210177849,0,1,1,1 
HDVD_92,Heavy Duty Trucks_Diesel_Articulated 50 - 60 t_Conventional,,,0,0.5,12,86,0.000809346,-0.016535949,-0.01668106,13.18592767,0.002017672,-0.078134298,1.307804494,0,1,1,1 
HDVD_92,Heavy Duty Trucks_Diesel_Articulated 50 - 60 t_Conventional,,,0,1,12,85,0.000656151,-0.010596025,0.360139646,8.379874912,0.001410523,-0.042819268,0.897939246,0,1,1,1 
HDVD_92,Heavy Duty Trucks_Diesel_Articulated 50 - 60 t_Conventional,,,0.02,0,12,86,5.86E-05,0.018943353,2.072870455,13.09695626,-0.000339503,0.107554781,0.997135517,0,1,1,1 
HDVD_92,Heavy Duty Trucks_Diesel_Articulated 50 - 60 t_Conventional,,,0.02,0.5,12,79,0.000581178,-0.008295076,1.980190904,1.971892149,0.000628078,0.01782934,0.912433083,0,1,1,1 
HDVD_92,Heavy Duty Trucks_Diesel_Articulated 50 - 60 t_Conventional,,,0.02,1,12,62,0.001513705,-0.072945299,5.394147008,2.240013401,0.001218171,-0.005097283,2.184286927,0,1,1,1 
HDVD_92,Heavy Duty Trucks_Diesel_Articulated 50 - 60 t_Conventional,,,0.04,0,12,86,0.00118045,0.26594981,2.559511476,-3.526865989,0.003404439,0.330076751,-1.058530587,0,1,1,1 
HDVD_92,Heavy Duty Trucks_Diesel_Articulated 50 - 60 t_Conventional,,,0.04,0.5,12,53,-5.60E-05,0.106361981,2.424219713,2.097778016,0.000515534,0.080895806,0.84622591,0,1,1,1 
HDVD_92,Heavy Duty Trucks_Diesel_Articulated 50 - 60 t_Conventional,,,0.04,1,11,39,-0.00304777,0.087156893,3.181809944,-6.890160747,-0.002132536,0.100089073,0.306707732,0,1,1,1 
HDVD_92,Heavy Duty Trucks_Diesel_Articulated 50 - 60 t_Conventional,,,0.06,0,12,72,3.39E-05,0.016290429,1.091943731,4.17038532,-0.000158131,0.043098712,0.437190962,0,1,1,1 
HDVD_92,Heavy Duty Trucks_Diesel_Articulated 50 - 60 t_Conventional,,,0.06,0.5,12,39,0.004182918,-0.333528613,8.724349789,-6.533556247,0.000790369,-0.073524517,2.755905079,0,1,1,1 
HDVD_92,Heavy Duty Trucks_Diesel_Articulated 50 - 60 t_Conventional,,,0.06,1,10,27,-0.008968008,0.313505856,-0.681531562,-15.02407478,-0.00382154,0.155782903,-1.160565163,0,1,1,1 
HDVD_93,Heavy Duty Trucks_Diesel_Articulated 50 - 60 t_Euro I,,,-0.06,0,12,86,1.53E-05,-0.005716168,0.666503635,4.650766207,0.000115303,0.046536826,0.452725287,0,1,1,1 
HDVD_93,Heavy Duty Trucks_Diesel_Articulated 50 - 60 t_Euro I,,,-0.06,0.5,12,86,-2.68E-05,0.012708429,2.110128938,-7.216661133,0.004590946,0.081334504,0.178856214,0,1,1,1 
HDVD_93,Heavy Duty Trucks_Diesel_Articulated 50 - 60 t_Euro I,,,-0.06,1,12,86,-1.25E-05,0.005455255,1.061563011,-3.888174436,0.002189496,0.036784867,0.136278644,0,1,1,1 
HDVD_93,Heavy Duty Trucks_Diesel_Articulated 50 - 60 t_Euro I,,,-0.04,0,12,86,7.38E-06,-0.002921998,0.367655837,2.632061993,4.71E-05,0.023827616,0.222800322,0,1,1,1 
HDVD_93,Heavy Duty Trucks_Diesel_Articulated 50 - 60 t_Euro I,,,-0.04,0.5,12,86,8.47E-05,-0.017202429,1.511912102,4.519539037,0.000468156,0.058221042,0.905411834,0,1,1,1 
HDVD_93,Heavy Duty Trucks_Diesel_Articulated 50 - 60 t_Euro I,,,-0.04,1,12,86,-0.000114754,0.017271968,-0.066893859,2.457536648,0.001244883,-0.014443866,0.31072471,0,1,1,1 
HDVD_93,Heavy Duty Trucks_Diesel_Articulated 50 - 60 t_Euro I,,,-0.02,0,12,86,8.87E-05,-0.003241358,0.747330294,2.177205589,0.000422369,0.037647976,0.251799154,0,1,1,1 
HDVD_93,Heavy Duty Trucks_Diesel_Articulated 50 - 60 t_Euro I,,,-0.02,0.5,12,86,6.15E-05,-0.008473254,0.85603027,1.931869836,0.000222793,0.024198543,0.481893472,0,1,1,1 
HDVD_93,Heavy Duty Trucks_Diesel_Articulated 50 - 60 t_Euro I,,,-0.02,1,12,86,-7.42E-05,0.019043817,-0.351590698,3.016397952,0.000918396,-0.020398371,0.208021613,0,1,1,1 
HDVD_93,Heavy Duty Trucks_Diesel_Articulated 50 - 60 t_Euro I,,,0,0,12,86,0.000299752,0.000339463,1.809123023,5.0973703,0.001016503,0.089983754,0.601875644,0,1,1,1 
HDVD_93,Heavy Duty Trucks_Diesel_Articulated 50 - 60 t_Euro I,,,0,0.5,12,86,0.000261678,-0.006728918,0.015175518,5.195534872,0.000792574,-0.032690603,0.589330617,0,1,1,1 
HDVD_93,Heavy Duty Trucks_Diesel_Articulated 50 - 60 t_Euro I,,,0,1,12,85,0.000491048,-0.0091555,0.215714299,7.18885606,0.001252017,-0.041196807,0.821815216,0,1,1,1 
HDVD_93,Heavy Duty Trucks_Diesel_Articulated 50 - 60 t_Euro I,,,0.02,0,12,86,2.37E-05,-0.000990263,0.244816883,2.381232254,-3.70E-05,0.011374918,0.213860194,0,1,1,1 
HDVD_93,Heavy Duty Trucks_Diesel_Articulated 50 - 60 t_Euro I,,,0.02,0.5,12,79,0.000597007,-0.019140529,0.299662281,4.396661446,0.000917058,-0.034333676,0.639741785,0,1,1,1 
HDVD_93,Heavy Duty Trucks_Diesel_Articulated 50 - 60 t_Euro I,,,0.02,1,12,63,0.00098092,-0.044499147,2.638159181,1.234864901,0.000888507,-0.013022193,1.30136069,0,1,1,1 
HDVD_93,Heavy Duty Trucks_Diesel_Articulated 50 - 60 t_Euro I,,,0.04,0,12,86,1.25E-05,0.001672447,0.207222238,6.331450239,-3.44E-05,0.00726508,0.489322116,0,1,1,1 
HDVD_93,Heavy Duty Trucks_Diesel_Articulated 50 - 60 t_Euro I,,,0.04,0.5,12,53,-0.000359443,0.195184433,3.935338911,2.325800587,0.000950183,0.158499316,1.743269744,0,1,1,1 
HDVD_93,Heavy Duty Trucks_Diesel_Articulated 50 - 60 t_Euro I,,,0.04,1,11,39,-0.003619496,0.167039215,1.120878602,-6.667921258,-0.002202974,0.125772118,-0.296489473,0,1,1,1 
HDVD_93,Heavy Duty Trucks_Diesel_Articulated 50 - 60 t_Euro I,,,0.06,0,12,74,0.00010517,0.014165929,1.02043531,5.800439787,-0.000242657,0.05337935,0.648539192,0,1,1,1 
HDVD_93,Heavy Duty Trucks_Diesel_Articulated 50 - 60 t_Euro I,,,0.06,0.5,12,40,-0.003220241,0.136076506,2.436005065,-4.893751284,-0.002326343,0.126226586,0.416987099,0,1,1,1 
HDVD_93,Heavy Duty Trucks_Diesel_Articulated 50 - 60 t_Euro I,,,0.06,1,11,28,0.01477109,-0.429170879,4.160278515,4.166384513,0.006148112,-0.175855071,1.752668751,0,1,1,1 
HDVD_94,Heavy Duty Trucks_Diesel_Articulated 50 - 60 t_Euro II,,,-0.06,0,12,86,-2.33E-05,0.02477152,1.575671831,-4.56916549,0.008913084,0.288734529,0.618649856,0,1,1,1 
HDVD_94,Heavy Duty Trucks_Diesel_Articulated 50 - 60 t_Euro II,,,-0.06,0.5,12,86,-2.86E-05,0.015274435,1.611904788,-6.440027513,0.007463526,0.164746766,0.921814596,0,1,1,1 
HDVD_94,Heavy Duty Trucks_Diesel_Articulated 50 - 60 t_Euro II,,,-0.06,1,12,86,-2.26E-05,0.009939655,1.312608128,-5.726394243,0.00544369,0.101305584,0.803963262,0,1,1,1 
HDVD_94,Heavy Duty Trucks_Diesel_Articulated 50 - 60 t_Euro II,,,-0.04,0,12,86,-6.36E-15,2.34E-12,1.761404778,2.69E-10,0.001980779,0.32280281,1.458520981,0,1,1,1 
HDVD_94,Heavy Duty Trucks_Diesel_Articulated 50 - 60 t_Euro II,,,-0.04,0.5,12,86,-1.69E-05,0.005449048,1.001812192,-5.034856947,0.003559988,0.046654568,0.718991208,0,1,1,1 
HDVD_94,Heavy Duty Trucks_Diesel_Articulated 50 - 60 t_Euro II,,,-0.04,1,12,86,-1.45E-05,0.003347507,1.179473435,-6.235814418,0.003394197,0.0316578,0.72841239,0,1,1,1 
HDVD_94,Heavy Duty Trucks_Diesel_Articulated 50 - 60 t_Euro II,,,-0.02,0,12,86,-7.12E-06,0.042253894,1.786383855,-3.11650365,0.008223546,0.333694693,0.562632461,0,1,1,1 
HDVD_94,Heavy Duty Trucks_Diesel_Articulated 50 - 60 t_Euro II,,,-0.02,0.5,12,86,-5.04E-05,0.02575932,1.645891535,-8.173557526,0.004859522,0.089352901,1.165425586,0,1,1,1 
HDVD_94,Heavy Duty Trucks_Diesel_Articulated 50 - 60 t_Euro II,,,-0.02,1,12,86,-2.86E-05,0.01038828,1.003491095,-5.406515076,0.002119235,0.027851868,0.547874926,0,1,1,1 
HDVD_94,Heavy Duty Trucks_Diesel_Articulated 50 - 60 t_Euro II,,,0,0,12,86,0.000214424,-0.015725801,0.493527149,1.931606247,0.000729024,-0.029726191,1.513139331,0,1,1,1 
HDVD_94,Heavy Duty Trucks_Diesel_Articulated 50 - 60 t_Euro II,,,0,0.5,12,86,0.00023033,-0.023970148,1.175842015,0.147936214,9.21E-05,0.005173506,1.670703041,0,1,1,1 
HDVD_94,Heavy Duty Trucks_Diesel_Articulated 50 - 60 t_Euro II,,,0,1,12,86,0.000240721,-0.026802551,1.30596432,0.115465047,5.87E-05,0.004496233,1.362310425,0,1,1,1 
HDVD_94,Heavy Duty Trucks_Diesel_Articulated 50 - 60 t_Euro II,,,0.02,0,12,86,0.000120209,0.028141912,2.063508364,9.820706612,-0.001078271,0.293804451,3.399597043,0,1,1,1 
HDVD_94,Heavy Duty Trucks_Diesel_Articulated 50 - 60 t_Euro II,,,0.02,0.5,12,83,0.001088654,0.024534146,1.699078116,4.464701405,0.004860872,-0.013705016,3.249162753,0,1,1,1 
HDVD_94,Heavy Duty Trucks_Diesel_Articulated 50 - 60 t_Euro II,,,0.02,1,12,66,0.000608418,-0.085660705,3.689628692,-0.684378621,0.000258877,-0.040277547,3.518196962,0,1,1,1 
HDVD_94,Heavy Duty Trucks_Diesel_Articulated 50 - 60 t_Euro II,,,0.04,0,12,86,0.000233453,0.040405458,-0.198615211,-2.792047528,0.001526084,0.088679679,-1.124814086,0,1,1,1 
HDVD_94,Heavy Duty Trucks_Diesel_Articulated 50 - 60 t_Euro II,,,0.04,0.5,12,59,0.000538081,-0.065508269,2.56603427,-1.219514899,0.000415365,-0.049090731,2.783095011,0,1,1,1 
HDVD_94,Heavy Duty Trucks_Diesel_Articulated 50 - 60 t_Euro II,,,0.04,1,12,42,0.001621276,-0.076011884,2.704618576,1.246460785,0.003140852,-0.10194065,2.764213759,0,1,1,1 
HDVD_94,Heavy Duty Trucks_Diesel_Articulated 50 - 60 t_Euro II,,,0.06,0,12,77,0.000331042,-0.030026519,2.03793634,0.197601354,0.000201448,0.010533613,2.661457505,0,1,1,1 
HDVD_94,Heavy Duty Trucks_Diesel_Articulated 50 - 60 t_Euro II,,,0.06,0.5,12,44,-0.000847381,0.23536465,2.431871959,0.384617306,0.002000494,0.265429917,1.962194488,0,1,1,1 
HDVD_94,Heavy Duty Trucks_Diesel_Articulated 50 - 60 t_Euro II,,,0.06,1,11,30,-0.000229642,-0.053693175,4.402002375,-0.017609799,-0.000220594,0.01068694,2.734781204,0,1,1,1 
HDVD_95,Heavy Duty Trucks_Diesel_Articulated 50 - 60 t_Euro III,,,-0.06,0,12,86,-0.000218251,0.074850996,-0.073439777,-6.166151162,0.008982022,0.042224494,-1.259892612,0,1,1,1 
HDVD_95,Heavy Duty Trucks_Diesel_Articulated 50 - 60 t_Euro III,,,-0.06,0.5,12,86,-2.55E-05,0.038295068,2.164048311,-5.25878442,0.007113389,0.2551782,0.336638391,0,1,1,1 
HDVD_95,Heavy Duty Trucks_Diesel_Articulated 50 - 60 t_Euro III,,,-0.06,1,12,86,-3.27E-05,0.039378292,2.354127591,-6.558512794,0.007551262,0.25511664,0.53297051,0,1,1,1 
HDVD_95,Heavy Duty Trucks_Diesel_Articulated 50 - 60 t_Euro III,,,-0.04,0,12,86,-0.000112256,0.042448396,-0.089637791,-3.949536219,0.005085112,0.007828727,-0.69373169,0,1,1,1 
HDVD_95,Heavy Duty Trucks_Diesel_Articulated 50 - 60 t_Euro III,,,-0.04,0.5,12,86,-4.23E-05,0.042165161,2.750241189,-8.266406317,0.008193819,0.259314959,0.621020547,0,1,1,1 
HDVD_95,Heavy Duty Trucks_Diesel_Articulated 50 - 60 t_Euro III,,,-0.04,1,12,86,-2.50E-05,0.019310978,1.688457502,-0.951161365,0.0043983,0.119368,1.355321047,0,1,1,1 
HDVD_95,Heavy Duty Trucks_Diesel_Articulated 50 - 60 t_Euro III,,,-0.02,0,12,86,-6.62E-06,-0.002357766,0.330827843,2.894851786,-0.000415723,0.043742832,0.430726666,0,1,1,1 
HDVD_95,Heavy Duty Trucks_Diesel_Articulated 50 - 60 t_Euro III,,,-0.02,0.5,12,86,-2.41E-05,0.033982979,3.117378826,-0.537538679,0.005247965,0.289289029,1.807750425,0,1,1,1 
HDVD_95,Heavy Duty Trucks_Diesel_Articulated 50 - 60 t_Euro III,,,-0.02,1,12,86,-3.59E-05,0.029883783,2.522425117,-1.122960529,0.004981271,0.151193555,2.072994387,0,1,1,1 
HDVD_95,Heavy Duty Trucks_Diesel_Articulated 50 - 60 t_Euro III,,,0,0,12,86,5.00E-06,0.002521235,0.724212992,4.967136187,-0.000138157,0.100266077,0.692153516,0,1,1,1 
HDVD_95,Heavy Duty Trucks_Diesel_Articulated 50 - 60 t_Euro III,,,0,0.5,12,86,0.000199136,-0.008023759,0.154375431,3.654038061,0.001116348,-0.045624234,1.033310938,0,1,1,1 
HDVD_95,Heavy Duty Trucks_Diesel_Articulated 50 - 60 t_Euro III,,,0,1,12,86,0.000573443,-0.020257588,0.630847482,7.917610471,0.002835257,-0.096404954,2.458040264,0,1,1,1 
HDVD_95,Heavy Duty Trucks_Diesel_Articulated 50 - 60 t_Euro III,,,0.02,0,12,86,0.000106682,0.038366778,0.769227224,3.982358082,0.001758422,0.184700733,0.017167767,0,1,1,1 
HDVD_95,Heavy Duty Trucks_Diesel_Articulated 50 - 60 t_Euro III,,,0.02,0.5,12,84,0.00035115,-0.003045983,-0.123743334,3.067265988,0.001773908,-0.058213569,0.671126404,0,1,1,1 
HDVD_95,Heavy Duty Trucks_Diesel_Articulated 50 - 60 t_Euro III,,,0.02,1,12,67,9.22E-05,0.109994726,-1.395619614,2.291441073,0.004677376,0.021264334,-0.756462516,0,1,1,1 
HDVD_95,Heavy Duty Trucks_Diesel_Articulated 50 - 60 t_Euro III,,,0.04,0,12,86,0.000634915,0.156245334,1.990492925,1.523392655,0.006467815,0.599078934,-1.887146172,0,1,1,1 
HDVD_95,Heavy Duty Trucks_Diesel_Articulated 50 - 60 t_Euro III,,,0.04,0.5,12,60,-0.000169977,0.013257958,1.019473605,2.221454472,-0.000681161,0.075764743,1.075261599,0,1,1,1 
HDVD_95,Heavy Duty Trucks_Diesel_Articulated 50 - 60 t_Euro III,,,0.04,1,12,43,-0.000349121,0.175553878,3.373957859,2.226977189,0.002059145,0.278626835,2.639655769,0,1,1,1 
HDVD_95,Heavy Duty Trucks_Diesel_Articulated 50 - 60 t_Euro III,,,0.06,0,12,77,6.19E-05,0.022559376,0.304364965,2.66438601,0.000332581,0.086297239,0.162122727,0,1,1,1 
HDVD_95,Heavy Duty Trucks_Diesel_Articulated 50 - 60 t_Euro III,,,0.06,0.5,12,44,0.001586625,0.171638994,-0.504969651,-3.98315398,0.004548905,0.240531999,-1.736911328,0,1,1,1 
HDVD_95,Heavy Duty Trucks_Diesel_Articulated 50 - 60 t_Euro III,,,0.06,1,11,31,0.000652292,-0.041232066,0.604469826,2.478450873,0.000795229,-0.052552993,0.902860244,0,1,1,1 
HDVD_96,Heavy Duty Trucks_Diesel_Articulated 50 - 60 t_Euro IV,,,-0.06,0,12,86,3.87E-06,-0.001501714,0.178749815,1.264287078,-0.000496781,0.209443956,2.167712666,0,1,1,1 
HDVD_96,Heavy Duty Trucks_Diesel_Articulated 50 - 60 t_Euro IV,,,-0.06,0.5,12,86,-1.68E-05,0.01239734,1.052899526,-3.21020723,0.033354708,0.887271042,1.117110972,0,1,1,1 
HDVD_96,Heavy Duty Trucks_Diesel_Articulated 50 - 60 t_Euro IV,,,-0.06,1,12,86,-2.50E-05,0.015064244,1.52865215,-5.334903124,0.045292342,1.079956492,3.25455207,0,1,1,1 
HDVD_96,Heavy Duty Trucks_Diesel_Articulated 50 - 60 t_Euro IV,,,-0.04,0,12,86,5.42E-06,-0.001879352,0.19658284,1.21692057,-0.000353719,0.172343996,2.072946101,0,1,1,1 
HDVD_96,Heavy Duty Trucks_Diesel_Articulated 50 - 60 t_Euro IV,,,-0.04,0.5,12,86,7.31E-06,-0.002255424,0.20530891,0.891410634,-8.62E-05,0.126546068,2.093518389,0,1,1,1 
HDVD_96,Heavy Duty Trucks_Diesel_Articulated 50 - 60 t_Euro IV,,,-0.04,1,12,86,3.57E-06,-0.001505202,0.465977789,0.046852269,0.004520103,0.2058943,3.075903472,0,1,1,1 
HDVD_96,Heavy Duty Trucks_Diesel_Articulated 50 - 60 t_Euro IV,,,-0.02,0,12,86,1.82E-05,-0.005891086,0.443150591,2.655759867,-0.002335955,0.267223945,4.590426557,0,1,1,1 
HDVD_96,Heavy Duty Trucks_Diesel_Articulated 50 - 60 t_Euro IV,,,-0.02,0.5,12,86,1.70E-05,-0.009354807,0.747310271,-5.421261374,-0.004881463,0.471913654,-2.843635784,0,1,1,1 
HDVD_96,Heavy Duty Trucks_Diesel_Articulated 50 - 60 t_Euro IV,,,-0.02,1,12,86,2.75E-05,-0.00992904,0.710516576,-4.777120965,-0.003894905,0.371433657,-1.865609719,0,1,1,1 
HDVD_96,Heavy Duty Trucks_Diesel_Articulated 50 - 60 t_Euro IV,,,0,0,12,86,1.95E-16,-9.01E-16,1.435878035,1.07E-11,-0.005357757,0.93790642,4.505023908,0,1,1,1 
HDVD_96,Heavy Duty Trucks_Diesel_Articulated 50 - 60 t_Euro IV,,,0,0.5,12,86,1.53E-17,6.89E-16,1.156723223,3.87E-13,-0.002026192,0.463413479,4.352779433,0,1,1,1 
HDVD_96,Heavy Duty Trucks_Diesel_Articulated 50 - 60 t_Euro IV,,,0,1,12,86,-5.42E-17,-9.52E-16,1.19825499,-1.69E-12,-0.002308974,0.466820015,3.305365664,0,1,1,1 
HDVD_96,Heavy Duty Trucks_Diesel_Articulated 50 - 60 t_Euro IV,,,0.02,0,12,86,0.000218435,0.03256576,0.835662135,1.302664392,0.002131999,0.770700238,2.369176217,0,1,1,1 
HDVD_96,Heavy Duty Trucks_Diesel_Articulated 50 - 60 t_Euro IV,,,0.02,0.5,12,85,-4.68E-05,0.027243333,0.771743355,0.916813463,0.002133969,0.311997233,3.446687152,0,1,1,1 
HDVD_96,Heavy Duty Trucks_Diesel_Articulated 50 - 60 t_Euro IV,,,0.02,1,12,69,-3.26E-05,0.038787955,1.173393121,1.760210404,0.003422109,0.443498789,4.286207152,0,1,1,1 
HDVD_96,Heavy Duty Trucks_Diesel_Articulated 50 - 60 t_Euro IV,,,0.04,0,12,86,-0.000318769,0.029090611,0.11478224,-3.032738609,-0.003904002,0.417695769,-3.219495026,0,1,1,1 
HDVD_96,Heavy Duty Trucks_Diesel_Articulated 50 - 60 t_Euro IV,,,0.04,0.5,12,60,-7.43E-05,0.040667691,1.06085633,1.306296798,0.003433413,0.396253448,3.583406244,0,1,1,1 
HDVD_96,Heavy Duty Trucks_Diesel_Articulated 50 - 60 t_Euro IV,,,0.04,1,12,43,-0.000566015,0.001528026,1.199662819,-6.526724589,-0.010241281,0.492475436,-1.624137241,0,1,1,1 
HDVD_96,Heavy Duty Trucks_Diesel_Articulated 50 - 60 t_Euro IV,,,0.06,0,12,80,-7.00E-05,-0.000737743,0.792251918,-0.519515592,-0.001049516,0.098911748,3.519503872,0,1,1,1 
HDVD_96,Heavy Duty Trucks_Diesel_Articulated 50 - 60 t_Euro IV,,,0.06,0.5,12,44,0.001732925,-0.001591077,-0.546891188,4.239815012,0.02051179,-0.436122926,2.453271095,0,1,1,1 
HDVD_96,Heavy Duty Trucks_Diesel_Articulated 50 - 60 t_Euro IV,,,0.06,1,11,31,5.06E-06,0.000646452,-0.088121712,2.58902377,0.001026262,-0.065463186,1.18045417,0,1,1,1 
HDVD_96,Heavy Duty Trucks_Diesel_Articulated 50 - 60 t_Euro IV,,,-0.06,0,12,86,3.87E-06,-0.001501714,0.178749815,1.264287078,-0.000496781,0.209443956,2.167712666,0,1,1,1 
HDVD_96,Heavy Duty Trucks_Diesel_Articulated 50 - 60 t_Euro IV,,,-0.06,0.5,12,86,-1.68E-05,0.01239734,1.052899526,-3.21020723,0.033354708,0.887271042,1.117110972,0,1,1,1 
HDVD_96,Heavy Duty Trucks_Diesel_Articulated 50 - 60 t_Euro IV,,,-0.06,1,12,86,-2.50E-05,0.015064244,1.52865215,-5.334903124,0.045292342,1.079956492,3.25455207,0,1,1,1 
HDVD_96,Heavy Duty Trucks_Diesel_Articulated 50 - 60 t_Euro IV,,,-0.04,0,12,86,5.42E-06,-0.001879352,0.19658284,1.21692057,-0.000353719,0.172343996,2.072946101,0,1,1,1 
HDVD_96,Heavy Duty Trucks_Diesel_Articulated 50 - 60 t_Euro IV,,,-0.04,1,12,86,3.57E-06,-0.001505202,0.465977789,0.046852269,0.004520103,0.2058943,3.075903472,0,1,1,1 
HDVD_96,Heavy Duty Trucks_Diesel_Articulated 50 - 60 t_Euro IV,,,-0.02,0,12,86,1.82E-05,-0.005891086,0.443150591,2.655759867,-0.002335955,0.267223945,4.590426557,0,1,1,1 
HDVD_96,Heavy Duty Trucks_Diesel_Articulated 50 - 60 t_Euro IV,,,-0.02,1,12,86,2.75E-05,-0.00992904,0.710516576,-4.777120965,-0.003894905,0.371433657,-1.865609719,0,1,1,1 
HDVD_96,Heavy Duty Trucks_Diesel_Articulated 50 - 60 t_Euro IV,,,0,0,12,86,1.95E-16,-9.01E-16,1.435878035,1.07E-11,-0.005357757,0.93790642,4.505023908,0,1,1,1 
HDVD_96,Heavy Duty Trucks_Diesel_Articulated 50 - 60 t_Euro IV,,,0,1,12,86,-5.42E-17,-9.52E-16,1.19825499,-1.69E-12,-0.002308974,0.466820015,3.305365664,0,1,1,1 
HDVD_96,Heavy Duty Trucks_Diesel_Articulated 50 - 60 t_Euro IV,,,0.02,0,12,86,0.000218435,0.03256576,0.835662135,1.302664392,0.002131999,0.770700238,2.369176217,0,1,1,1 
HDVD_96,Heavy Duty Trucks_Diesel_Articulated 50 - 60 t_Euro IV,,,0.02,1,12,69,-3.26E-05,0.038787955,1.173393121,1.760210404,0.003422109,0.443498789,4.286207152,0,1,1,1 
HDVD_96,Heavy Duty Trucks_Diesel_Articulated 50 - 60 t_Euro IV,,,0.04,0,12,86,-0.000318769,0.029090611,0.11478224,-3.032738609,-0.003904002,0.417695769,-3.219495026,0,1,1,1 
HDVD_96,Heavy Duty Trucks_Diesel_Articulated 50 - 60 t_Euro IV,,,0.04,1,12,43,-0.000566015,0.001528026,1.199662819,-6.526724589,-0.010241281,0.492475436,-1.624137241,0,1,1,1 
HDVD_96,Heavy Duty Trucks_Diesel_Articulated 50 - 60 t_Euro IV,,,0.06,0,12,80,-7.00E-05,-0.000737743,0.792251918,-0.519515592,-0.001049516,0.098911748,3.519503872,0,1,1,1 
HDVD_96,Heavy Duty Trucks_Diesel_Articulated 50 - 60 t_Euro IV,,,0.06,0.5,12,44,0.001732925,-0.001591077,-0.546891188,4.239815012,0.02051179,-0.436122926,2.453271095,0,1,1,1 
HDVD_96,Heavy Duty Trucks_Diesel_Articulated 50 - 60 t_Euro IV,,,0.06,1,11,31,5.06E-06,0.000646452,-0.088121712,2.58902377,0.001026262,-0.065463186,1.18045417,0,1,1,1 
HDVD_97,Heavy Duty Trucks_Diesel_Articulated 50 - 60 t_Euro V,SCR,,-0.06,0,10,65,-0.004691956,0.352655885,-1.735801848,1.582732156,0.212953669,-0.602067457,-1.207142512,0,1,1,1 
HDVD_97,Heavy Duty Trucks_Diesel_Articulated 50 - 60 t_Euro V,SCR,,-0.06,0.5,10,75,-0.003802968,0.321450846,-1.502604386,2.121324305,0.257529387,-1.439997829,2.813790625,0,1,1,1 
HDVD_97,Heavy Duty Trucks_Diesel_Articulated 50 - 60 t_Euro V,SCR,,-0.06,1,10,70,-0.004012356,0.318841399,-1.522090704,1.594037385,0.217667567,-0.801782863,-5.14E-10,0,1,1,1 
HDVD_97,Heavy Duty Trucks_Diesel_Articulated 50 - 60 t_Euro V,SCR,,-0.04,0,10,85,-0.003372325,0.345998041,-1.71987535,2.53371286,0.261530138,-1.500911411,2.89078402,0,1,1,1 
HDVD_97,Heavy Duty Trucks_Diesel_Articulated 50 - 60 t_Euro V,SCR,,-0.04,0.5,10,85,-0.003555697,0.376684233,-1.829974456,2.559148681,0.274798883,-1.513364403,2.776500636,0,1,1,1 
HDVD_97,Heavy Duty Trucks_Diesel_Articulated 50 - 60 t_Euro V,SCR,,-0.04,1,10,85,-0.003857868,0.410131857,-1.967785801,2.737688374,0.289457525,-1.570417942,2.936200876,0,1,1,1 
HDVD_97,Heavy Duty Trucks_Diesel_Articulated 50 - 60 t_Euro V,SCR,,-0.02,0,10,85,-0.002012669,0.380960058,-1.745576351,2.533692382,0.24309474,-1.115645091,2.157037694,0,1,1,1 
HDVD_97,Heavy Duty Trucks_Diesel_Articulated 50 - 60 t_Euro V,SCR,,-0.02,0.5,10,85,-0.00458824,0.932110461,-0.474963812,0.24292296,0.533309263,0.489841699,0.871658256,0,1,1,1 
HDVD_97,Heavy Duty Trucks_Diesel_Articulated 50 - 60 t_Euro V,SCR,,-0.02,1,10,85,-0.003261217,0.432828768,-1.642033307,1.826009997,0.191915151,-0.39752254,0.510072907,0,1,1,1 
HDVD_97,Heavy Duty Trucks_Diesel_Articulated 50 - 60 t_Euro V,SCR,,0,0,10,85,0.004008864,0.258072266,-1.292850683,1.184560041,0.184904966,-0.659430088,1.33E-11,0,1,1,1 
HDVD_97,Heavy Duty Trucks_Diesel_Articulated 50 - 60 t_Euro V,SCR,,0,0.5,10,85,0.006684808,0.506748105,-1.864195382,2.049527024,0.271570695,-0.56738728,0.593791222,0,1,1,1 
HDVD_97,Heavy Duty Trucks_Diesel_Articulated 50 - 60 t_Euro V,SCR,,0,1,10,85,0.005179418,0.414672935,-1.453581288,1.645822792,0.201183085,-0.375066789,0.514841296,0,1,1,1 
HDVD_97,Heavy Duty Trucks_Diesel_Articulated 50 - 60 t_Euro V,SCR,,0.02,0,10,85,0.018288964,0.392085826,-1.711957094,2.369559104,0.339895228,-1.240434144,1.988389501,0,1,1,1 
HDVD_97,Heavy Duty Trucks_Diesel_Articulated 50 - 60 t_Euro V,SCR,,0.02,0.5,10,80,-0.000729228,0.061099484,1.919303213,-1.444726159,-0.007336309,0.991397024,1.231761297,0,1,1,1 
HDVD_97,Heavy Duty Trucks_Diesel_Articulated 50 - 60 t_Euro V,SCR,,0.02,1,10,70,-0.000121113,0.188923348,2.115423212,-1.299466356,0.026345686,1.160974955,1.357422045,0,1,1,1 
HDVD_97,Heavy Duty Trucks_Diesel_Articulated 50 - 60 t_Euro V,SCR,,0.04,0,10,85,-0.000955415,0.069970817,1.74609932,-1.489250282,-0.011000771,1.06790167,0.838787847,0,1,1,1 
HDVD_97,Heavy Duty Trucks_Diesel_Articulated 50 - 60 t_Euro V,SCR,,0.04,0.5,10,60,0.000266785,0.31675303,1.655655252,-1.345953566,0.050527844,1.243374013,0.426061791,0,1,1,1 
HDVD_97,Heavy Duty Trucks_Diesel_Articulated 50 - 60 t_Euro V,SCR,,0.04,1,10,40,0.000460505,-0.028627449,1.271329497,0.828007477,-0.002700661,0.204813463,2.003766769,0,1,1,1 
HDVD_97,Heavy Duty Trucks_Diesel_Articulated 50 - 60 t_Euro V,SCR,,0.06,0,10,80,-0.001266463,0.118409784,1.5001741,-1.214294527,-0.004893064,1.003846245,0.58284515,0,1,1,1 
HDVD_97,Heavy Duty Trucks_Diesel_Articulated 50 - 60 t_Euro V,SCR,,0.06,0.5,10,40,-0.000255432,0.052835144,0.056397156,-3.401403591,0.005521919,0.203495162,-1.855122583,0,1,1,1 
HDVD_97,Heavy Duty Trucks_Diesel_Articulated 50 - 60 t_Euro V,SCR,,0.06,1,10,30,0.029311457,0.435096146,-3.43051759,2.110625771,0.258366082,-1.329840896,1.88E-07,0,1,1,1 
HDVD_97,Heavy Duty Trucks_Diesel_Articulated 50 - 60 t_Euro V,EGR,,-0.06,0,10,65,-0.01066687,0.757685669,-0.823379992,0.124588339,0.812215137,0.528333234,0.681669716,0,1,1,1 
HDVD_97,Heavy Duty Trucks_Diesel_Articulated 50 - 60 t_Euro V,EGR,,-0.06,0.5,10,65,-0.010500947,0.746411362,-0.861956229,0.017022092,0.878602985,0.433597417,0.695101812,0,1,1,1 
HDVD_97,Heavy Duty Trucks_Diesel_Articulated 50 - 60 t_Euro V,EGR,,-0.06,1,10,70,-0.010284501,0.738453035,-0.910332232,-0.016834148,0.889127553,0.407679027,0.687531385,0,1,1,1 
HDVD_97,Heavy Duty Trucks_Diesel_Articulated 50 - 60 t_Euro V,EGR,,-0.04,0,10,80,-0.008895735,0.730735077,-0.877604654,0.301844606,0.55874008,0.92722412,0.439985348,0,1,1,1 
HDVD_97,Heavy Duty Trucks_Diesel_Articulated 50 - 60 t_Euro V,EGR,,-0.04,0.5,10,85,-0.003054136,0.274386438,-0.930131345,1.218188514,0.234062734,-0.852529486,3.134651671,0,1,1,1 
HDVD_97,Heavy Duty Trucks_Diesel_Articulated 50 - 60 t_Euro V,EGR,,-0.04,1,10,85,-0.003103517,0.288817163,-0.966433979,1.277601621,0.239667744,-0.902653557,3.707875529,0,1,1,1 
HDVD_97,Heavy Duty Trucks_Diesel_Articulated 50 - 60 t_Euro V,EGR,,-0.02,0,10,85,-0.002642738,0.414396829,-1.448563062,1.81190668,0.271976002,-0.53743846,1.286998189,0,1,1,1 
HDVD_97,Heavy Duty Trucks_Diesel_Articulated 50 - 60 t_Euro V,EGR,,-0.02,0.5,10,85,-0.006314656,0.738308804,-0.808733477,0.090427899,0.347265869,1.446789882,0.229847832,0,1,1,1 
HDVD_97,Heavy Duty Trucks_Diesel_Articulated 50 - 60 t_Euro V,EGR,,-0.02,1,10,85,-0.004189446,0.514312355,-1.553420998,1.566466239,0.220427444,0.235104821,0.575540492,0,1,1,1 
HDVD_97,Heavy Duty Trucks_Diesel_Articulated 50 - 60 t_Euro V,EGR,,0,0,10,85,0.000816658,0.056830685,0.639932998,-0.059693175,0.048685459,0.137879537,2.537803458,0,1,1,1 
HDVD_97,Heavy Duty Trucks_Diesel_Articulated 50 - 60 t_Euro V,EGR,,0,0.5,10,85,0.001765434,0.213077591,0.411631441,0.383504246,0.105072814,0.254860271,3.113707153,0,1,1,1 
HDVD_97,Heavy Duty Trucks_Diesel_Articulated 50 - 60 t_Euro V,EGR,,0,1,10,85,-2.08E-05,-0.016504832,1.642022407,-0.812204829,-0.005226532,0.412159234,3.833246552,0,1,1,1 
HDVD_97,Heavy Duty Trucks_Diesel_Articulated 50 - 60 t_Euro V,EGR,,0.02,0,10,85,0.000878582,-6.89E-05,1.517214951,-0.627238353,0.014405657,0.39362864,3.410314116,0,1,1,1 
HDVD_97,Heavy Duty Trucks_Diesel_Articulated 50 - 60 t_Euro V,EGR,,0.02,0.5,10,80,-3.36E-06,-0.000674764,0.948970557,-0.493680052,-0.002137054,0.253971122,1.759025717,0,1,1,1 
HDVD_97,Heavy Duty Trucks_Diesel_Articulated 50 - 60 t_Euro V,EGR,,0.02,1,10,70,0.006266993,0.176075093,-1.400242795,0.917314336,0.076585801,-0.161164456,-1.672129162,0,1,1,1 
HDVD_97,Heavy Duty Trucks_Diesel_Articulated 50 - 60 t_Euro V,EGR,,0.04,0,10,85,-1.44E-05,0.006993128,1.333337997,-1.174784182,-0.003657938,0.526277585,1.535506016,0,1,1,1 
HDVD_97,Heavy Duty Trucks_Diesel_Articulated 50 - 60 t_Euro V,EGR,,0.04,0.5,10,60,0.013220784,0.675528797,0.434261382,-1.073177773,0.173348892,1.453694067,0.086440249,0,1,1,1 
HDVD_97,Heavy Duty Trucks_Diesel_Articulated 50 - 60 t_Euro V,EGR,,0.04,1,10,40,0.044856376,0.462181275,-0.924591472,1.332988597,0.30950126,-0.460840689,1.714096862,0,1,1,1 
HDVD_97,Heavy Duty Trucks_Diesel_Articulated 50 - 60 t_Euro V,EGR,,0.06,0,10,80,0.024331497,0.329031511,-2.030391024,1.998632342,0.279611732,-0.999193011,-9.21E-11,0,1,1,1 
HDVD_97,Heavy Duty Trucks_Diesel_Articulated 50 - 60 t_Euro V,EGR,,0.06,0.5,10,45,0.040851149,0.449109393,-1.132463164,1.511160572,0.282286555,-0.438673143,1.403792302,0,1,1,1 
HDVD_97,Heavy Duty Trucks_Diesel_Articulated 50 - 60 t_Euro V,EGR,,0.06,1,10,30,0.019568827,-0.089927635,2.597015376,-1.207732625,0.063852705,0.014472001,3.644010553,0,1,1,1 
HDVD_98,Heavy Duty Trucks_Diesel_Articulated 50 - 60 t_Euro VI,,,-0.06,0,10,65,-3.51E-05,0.003171634,-0.055347959,0.288208241,0.022481193,-0.46054874,2.497290609,0,1,1,1 
HDVD_98,Heavy Duty Trucks_Diesel_Articulated 50 - 60 t_Euro VI,,,-0.06,0.5,10,65,-3.46E-05,0.003131262,-0.053939428,0.280546144,0.025227901,-0.502837392,2.676151949,0,1,1,1 
HDVD_98,Heavy Duty Trucks_Diesel_Articulated 50 - 60 t_Euro VI,,,-0.06,1,10,70,-4.41E-05,0.004000663,-0.06830539,0.343566937,0.033377481,-0.659160054,3.394712083,0,1,1,1 
HDVD_98,Heavy Duty Trucks_Diesel_Articulated 50 - 60 t_Euro VI,,,-0.04,0,10,85,-8.19E-05,0.008612403,-0.133640417,0.61815676,0.056333194,-1.000211728,4.821597379,0,1,1,1 
HDVD_98,Heavy Duty Trucks_Diesel_Articulated 50 - 60 t_Euro VI,,,-0.04,0.5,10,75,-0.002796189,0.215173332,-0.041170185,0.12122995,1.492542125,0.451694476,0.371920832,0,1,1,1 
HDVD_98,Heavy Duty Trucks_Diesel_Articulated 50 - 60 t_Euro VI,,,-0.04,1,10,75,-0.00281565,0.218227229,-0.064243137,0.115648409,1.494724257,0.446902005,0.371926865,0,1,1,1 
HDVD_98,Heavy Duty Trucks_Diesel_Articulated 50 - 60 t_Euro VI,,,-0.02,0,10,85,-0.001328487,0.238679974,-0.037342425,0.230520383,1.446483517,0.457995867,0.36706904,0,1,1,1 
HDVD_98,Heavy Duty Trucks_Diesel_Articulated 50 - 60 t_Euro VI,,,-0.02,0.5,10,85,-0.002071342,0.27091187,-0.042941799,-0.902976859,1.494297546,0.256503855,0.546657779,0,1,1,1 
HDVD_98,Heavy Duty Trucks_Diesel_Articulated 50 - 60 t_Euro VI,,,-0.02,1,10,85,-0.002680157,0.31544686,-0.366597664,-0.238768648,1.530504675,0.29516011,0.437570135,0,1,1,1 
HDVD_98,Heavy Duty Trucks_Diesel_Articulated 50 - 60 t_Euro VI,,,0,0,10,85,0.002368643,0.245214323,0.066471364,0.193945645,1.443935818,0.467509415,0.380906046,0,1,1,1 
HDVD_98,Heavy Duty Trucks_Diesel_Articulated 50 - 60 t_Euro VI,,,0,0.5,10,85,0.002611921,0.218304589,0.070059276,0.753692426,1.231005932,0.445376655,0.28332559,0,1,1,1 
HDVD_98,Heavy Duty Trucks_Diesel_Articulated 50 - 60 t_Euro VI,,,0,1,10,85,0.000231039,0.018527036,-0.23395713,1.284753983,0.109394305,-1.364028963,7.427053602,0,1,1,1 
HDVD_98,Heavy Duty Trucks_Diesel_Articulated 50 - 60 t_Euro VI,,,0.02,0,10,85,0.003987318,0.262651918,-0.062727741,0.454471211,1.388224003,0.368112476,0.339878771,0,1,1,1 
HDVD_98,Heavy Duty Trucks_Diesel_Articulated 50 - 60 t_Euro VI,,,0.02,0.5,10,85,0.00070511,0.056348329,0.266411171,-0.713900447,0.194458537,1.997421353,-4.776246325,0,1,1,1 
HDVD_98,Heavy Duty Trucks_Diesel_Articulated 50 - 60 t_Euro VI,,,0.02,1,10,70,0.000170981,0.001690689,-0.04793341,1.278746772,0.029834992,-0.616396226,7.525398475,0,1,1,1 
HDVD_98,Heavy Duty Trucks_Diesel_Articulated 50 - 60 t_Euro VI,,,0.04,0,10,85,0.000318813,0.030888954,0.450840885,0.013922937,0.091406896,2.42876476,0.417989602,0,1,1,1 
HDVD_98,Heavy Duty Trucks_Diesel_Articulated 50 - 60 t_Euro VI,,,0.04,0.5,10,65,-1.23E-05,-0.000260619,0.071437333,0.477098045,-0.002751204,0.150553906,2.988018287,0,1,1,1 
HDVD_98,Heavy Duty Trucks_Diesel_Articulated 50 - 60 t_Euro VI,,,0.04,1,10,45,-8.93E-06,-0.000956662,0.056812883,0.49686647,-0.002183031,0.043978568,2.989636359,0,1,1,1 
HDVD_98,Heavy Duty Trucks_Diesel_Articulated 50 - 60 t_Euro VI,,,0.06,0,10,85,0.00443758,0.250304161,-0.246361716,0.879642662,1.007214904,0.7491658,0.235884283,0,1,1,1 
HDVD_98,Heavy Duty Trucks_Diesel_Articulated 50 - 60 t_Euro VI,,,0.06,0.5,10,45,3.13E-05,-0.000198055,0.046615244,0.471066044,0.003243202,-0.009017987,2.862896401,0,1,1,1 
HDVD_98,Heavy Duty Trucks_Diesel_Articulated 50 - 60 t_Euro VI,,,0.06,1,10,30,-1.32E-05,0.029905338,0.368479217,0.299381749,0.022215938,1.64793711,2.163889902,0,1,1,1 
BD_1,Buses_Diesel_Urban Buses Midi <=15 t_Conventional,,,-0.06,0,11,86,-3.16E-05,0.017651753,1.898558926,-5.564148973,0.004007554,0.078177423,-0.008574905,0,1,1,1 
BD_1,Buses_Diesel_Urban Buses Midi <=15 t_Conventional,,,-0.06,0.5,11,86,-1.61E-05,0.007778833,1.092711445,-3.328554362,0.002334957,0.04011967,0.03601478,0,1,1,1 
BD_1,Buses_Diesel_Urban Buses Midi <=15 t_Conventional,,,-0.06,1,11,86,-1.61E-05,0.007362052,1.169439981,-3.660847495,0.002469935,0.040541246,0.063301971,0,1,1,1 
BD_1,Buses_Diesel_Urban Buses Midi <=15 t_Conventional,,,-0.04,0,11,86,-2.85E-05,0.038056629,1.922809809,-5.263099103,0.003780448,0.103321532,-0.229597647,0,1,1,1 
BD_1,Buses_Diesel_Urban Buses Midi <=15 t_Conventional,,,-0.04,0.5,11,86,0.000285116,0.019221731,2.273330408,-1.518706444,0.00585852,0.036890274,0.704730542,0,1,1,1 
BD_1,Buses_Diesel_Urban Buses Midi <=15 t_Conventional,,,-0.04,1,11,86,0.000186105,0.019332834,2.301356839,-1.472173033,0.005551753,0.038621334,0.757441645,0,1,1,1 
BD_1,Buses_Diesel_Urban Buses Midi <=15 t_Conventional,,,-0.02,0,11,86,0.00049578,-0.016377848,0.741911385,4.608484312,0.001218326,-0.009117375,0.64872815,0,1,1,1 
BD_1,Buses_Diesel_Urban Buses Midi <=15 t_Conventional,,,-0.02,0.5,11,86,0.000443093,-0.015730872,0.739979544,4.58945219,0.001153595,-0.006969322,0.620292226,0,1,1,1 
BD_1,Buses_Diesel_Urban Buses Midi <=15 t_Conventional,,,-0.02,1,11,86,0.000328697,-0.012803991,0.81054614,4.116821858,0.000920027,0.00525424,0.527099268,0,1,1,1 
BD_1,Buses_Diesel_Urban Buses Midi <=15 t_Conventional,,,0,0,11,86,0.000393362,-0.006836565,1.248487648,5.50048945,0.000868716,0.030754417,0.564966893,0,1,1,1 
BD_1,Buses_Diesel_Urban Buses Midi <=15 t_Conventional,,,0,0.5,11,86,0.000383184,-0.003852728,1.428529944,3.916294114,0.000841328,0.041652628,0.44649949,0,1,1,1 
BD_1,Buses_Diesel_Urban Buses Midi <=15 t_Conventional,,,0,1,11,86,0.000433174,0.011115029,2.324376254,-0.574987066,0.001059068,0.093474638,0.156102396,0,1,1,1 
BD_1,Buses_Diesel_Urban Buses Midi <=15 t_Conventional,,,0.02,0,11,86,1.44E-05,0.003227953,0.66699374,4.596863374,-7.02E-05,0.034293962,0.208383961,0,1,1,1 
BD_1,Buses_Diesel_Urban Buses Midi <=15 t_Conventional,,,0.02,0.5,11,86,1.54E-05,0.00323771,0.544956474,3.441275761,-6.93E-05,0.02637337,0.150362865,0,1,1,1 
BD_1,Buses_Diesel_Urban Buses Midi <=15 t_Conventional,,,0.02,1,11,86,0.000556642,0.010580768,0.304504622,-4.691677173,0.001109612,0.005388827,-0.166116359,0,1,1,1 
BD_1,Buses_Diesel_Urban Buses Midi <=15 t_Conventional,,,0.04,0,11,86,3.22E-05,0.003426769,0.54960243,4.022205117,-0.000100659,0.028769192,0.133342287,0,1,1,1 
BD_1,Buses_Diesel_Urban Buses Midi <=15 t_Conventional,,,0.04,0.5,11,82,9.73E-05,0.006906845,0.943418691,5.807310062,-0.000208917,0.046414387,0.157077855,0,1,1,1 
BD_1,Buses_Diesel_Urban Buses Midi <=15 t_Conventional,,,0.04,1,11,71,0.001983043,-0.043529501,0.654367936,3.456470059,0.001839183,-0.034931485,0.441642611,0,1,1,1 
BD_1,Buses_Diesel_Urban Buses Midi <=15 t_Conventional,,,0.06,0,11,80,0.000860916,-0.019688346,0.294268457,4.284474397,0.000982117,-0.020075854,0.342620991,0,1,1,1 
BD_1,Buses_Diesel_Urban Buses Midi <=15 t_Conventional,,,0.06,0.5,11,66,0.00331628,-0.073180677,0.766391914,3.293269847,0.002963144,-0.06367958,0.588305113,0,1,1,1 
BD_1,Buses_Diesel_Urban Buses Midi <=15 t_Conventional,,,0.06,1,11,55,0.015848616,-0.433215061,4.268048849,-1.381683361,0.009316127,-0.224910447,1.791075248,0,1,1,1 
BD_2,Buses_Diesel_Urban Buses Midi <=15 t_Euro I,,,-0.06,0,11,86,1.90E-05,0.010141364,0.827543175,5.206657969,0.002853717,0.163010234,0.592513913,0,1,1,1 
BD_2,Buses_Diesel_Urban Buses Midi <=15 t_Euro I,,,-0.06,0.5,11,86,-9.96E-06,0.010911287,0.413111591,-3.898727779,0.003191481,0.050367016,-0.588919068,0,1,1,1 
BD_2,Buses_Diesel_Urban Buses Midi <=15 t_Euro I,,,-0.06,1,11,86,-2.01E-05,0.02029109,0.972617447,-5.527470957,0.006418742,0.125018586,-0.790529797,0,1,1,1 
BD_2,Buses_Diesel_Urban Buses Midi <=15 t_Euro I,,,-0.04,0,11,86,1.79E-05,0.001330188,0.457295329,4.292919695,-3.78E-05,0.100385407,0.476442353,0,1,1,1 
BD_2,Buses_Diesel_Urban Buses Midi <=15 t_Euro I,,,-0.04,0.5,11,86,1.15E-05,0.00452134,0.439375104,2.787573924,0.00099075,0.082176507,0.366521215,0,1,1,1 
BD_2,Buses_Diesel_Urban Buses Midi <=15 t_Euro I,,,-0.04,1,11,86,-1.95E-05,0.042479282,1.960077043,-4.216362206,0.009116105,0.296558773,-0.482399808,0,1,1,1 
BD_2,Buses_Diesel_Urban Buses Midi <=15 t_Euro I,,,-0.02,0,11,86,6.13E-06,0.002639279,0.415263646,2.866258546,-0.00018216,0.070487302,0.567140109,0,1,1,1 
BD_2,Buses_Diesel_Urban Buses Midi <=15 t_Euro I,,,-0.02,0.5,11,86,5.86E-06,0.002042884,0.334295943,3.121576083,-0.000141969,0.055493568,0.580091266,0,1,1,1 
BD_2,Buses_Diesel_Urban Buses Midi <=15 t_Euro I,,,-0.02,1,11,86,0.000366002,-0.013358331,0.607171868,2.16894102,0.002089624,-0.018732711,1.266150076,0,1,1,1 
BD_2,Buses_Diesel_Urban Buses Midi <=15 t_Euro I,,,0,0,11,86,1.52E-05,0.004330811,0.552153526,4.120285067,-0.00028429,0.093458876,0.850919867,0,1,1,1 
BD_2,Buses_Diesel_Urban Buses Midi <=15 t_Euro I,,,0,0.5,11,86,1.92E-05,0.007561434,0.876409026,5.246192541,-0.000423837,0.138923254,1.174624971,0,1,1,1 
BD_2,Buses_Diesel_Urban Buses Midi <=15 t_Euro I,,,0,1,11,86,0.000483747,-0.011827394,0.764384404,1.761267506,0.002163484,-0.002672849,1.343866902,0,1,1,1 
BD_2,Buses_Diesel_Urban Buses Midi <=15 t_Euro I,,,0.02,0,11,86,8.05E-05,0.003055611,0.550815529,2.776851585,-2.76E-05,0.078538312,0.663682611,0,1,1,1 
BD_2,Buses_Diesel_Urban Buses Midi <=15 t_Euro I,,,0.02,0.5,11,86,0.000599051,-0.00318441,0.629713089,2.007320088,0.002391567,0.019303093,0.991188577,0,1,1,1 
BD_2,Buses_Diesel_Urban Buses Midi <=15 t_Euro I,,,0.02,1,11,86,0.001577936,0.013325595,1.655747905,3.653598571,0.005492781,0.111064683,1.924556864,0,1,1,1 
BD_2,Buses_Diesel_Urban Buses Midi <=15 t_Euro I,,,0.04,0,11,86,0.000383799,0.018689035,0.834878692,-10.55132879,0.000689139,0.196916306,-2.029979294,0,1,1,1 
BD_2,Buses_Diesel_Urban Buses Midi <=15 t_Euro I,,,0.04,0.5,11,83,0.001024358,-0.015019079,0.447700594,4.401840183,0.002990112,-0.038912292,1.341965013,0,1,1,1 
BD_2,Buses_Diesel_Urban Buses Midi <=15 t_Euro I,,,0.04,1,11,70,0.000991902,0.177954076,-0.86561173,-7.224381225,0.00388354,0.385881618,-3.978683038,0,1,1,1 
BD_2,Buses_Diesel_Urban Buses Midi <=15 t_Euro I,,,0.06,0,11,82,0.001316839,-0.032015064,0.464972217,5.296308505,0.003891455,-0.098318403,1.857052356,0,1,1,1 
BD_2,Buses_Diesel_Urban Buses Midi <=15 t_Euro I,,,0.06,0.5,11,68,0.000949509,0.060805498,0.245049141,4.737459747,0.002127184,0.148861696,0.171871291,0,1,1,1 
BD_2,Buses_Diesel_Urban Buses Midi <=15 t_Euro I,,,0.06,1,11,57,0.000662221,-0.064135104,3.250145752,-0.010736575,3.21E-05,-0.012400952,3.575335363,0,1,1,1 
BD_3,Buses_Diesel_Urban Buses Midi <=15 t_Euro II,,,-0.06,0,11,86,-3.18E-05,0.020337031,0.702333508,1.89864405,0.009951057,0.413530423,1.499685855,0,1,1,1 
BD_3,Buses_Diesel_Urban Buses Midi <=15 t_Euro II,,,-0.06,0.5,11,86,-0.000287261,0.076249993,-0.174496974,-4.231432501,0.02692837,0.244657878,-4.272174078,0,1,1,1 
BD_3,Buses_Diesel_Urban Buses Midi <=15 t_Euro II,,,-0.06,1,11,86,-8.21E-15,2.19E-12,0.67789248,2.25E-10,0.002470018,0.169786613,2.627812098,0,1,1,1 
BD_3,Buses_Diesel_Urban Buses Midi <=15 t_Euro II,,,-0.04,0,11,86,-2.31E-05,0.016642684,0.710699374,2.195074707,0.005857404,0.36145508,1.897067768,0,1,1,1 
BD_3,Buses_Diesel_Urban Buses Midi <=15 t_Euro II,,,-0.04,0.5,11,86,-0.000475976,0.13777586,0.798347307,-3.970721469,0.038732539,0.868900038,-2.862569624,0,1,1,1 
BD_3,Buses_Diesel_Urban Buses Midi <=15 t_Euro II,,,-0.04,1,11,86,7.50E-07,-0.005458517,0.507940609,-2.918988626,-0.001859288,0.174135188,-0.55033984,0,1,1,1 
BD_3,Buses_Diesel_Urban Buses Midi <=15 t_Euro II,,,-0.02,0,11,86,2.54E-18,-3.03E-16,2.794323085,-2.65E-12,-0.011578963,1.459001593,-0.321750229,0,1,1,1 
BD_3,Buses_Diesel_Urban Buses Midi <=15 t_Euro II,,,-0.02,0.5,11,86,4.36E-16,-1.07E-14,1.273718814,4.03E-11,-0.00348498,0.517654722,1.191473511,0,1,1,1 
BD_3,Buses_Diesel_Urban Buses Midi <=15 t_Euro II,,,-0.02,1,11,86,0.000240344,0.000968928,-0.179786498,3.470724003,0.005898877,-0.195225333,2.293400932,0,1,1,1 
BD_3,Buses_Diesel_Urban Buses Midi <=15 t_Euro II,,,0,0,11,86,-2.36E-17,1.05E-15,1.834160347,-1.22E-12,-0.004846193,0.588715052,2.439665676,0,1,1,1 
BD_3,Buses_Diesel_Urban Buses Midi <=15 t_Euro II,,,0,0.5,11,86,3.36E-05,0.006160646,0.569697246,3.894592336,-0.000720504,0.190263707,2.018360567,0,1,1,1 
BD_3,Buses_Diesel_Urban Buses Midi <=15 t_Euro II,,,0,1,11,86,1.98E-05,0.005752817,0.488368663,2.50631408,-0.000498915,0.142725153,1.381840359,0,1,1,1 
BD_3,Buses_Diesel_Urban Buses Midi <=15 t_Euro II,,,0.02,0,11,86,9.55E-06,0.006259949,0.483538373,1.998825986,-0.000438906,0.134065342,1.358647515,0,1,1,1 
BD_3,Buses_Diesel_Urban Buses Midi <=15 t_Euro II,,,0.02,0.5,11,86,-1.51E-05,0.014883932,1.118853159,3.857284445,-0.000821013,0.250982878,2.791429476,0,1,1,1 
BD_3,Buses_Diesel_Urban Buses Midi <=15 t_Euro II,,,0.02,1,11,86,0.000690086,-0.011564352,-0.115667412,4.877046056,0.005903261,-0.201822485,2.347411411,0,1,1,1 
BD_3,Buses_Diesel_Urban Buses Midi <=15 t_Euro II,,,0.04,0,11,86,0.000267835,0.057581619,0.134032764,-2.846941612,0.004697991,0.291529676,-2.064563677,0,1,1,1 
BD_3,Buses_Diesel_Urban Buses Midi <=15 t_Euro II,,,0.04,0.5,11,86,-3.55E-05,0.008662119,0.761219139,2.523330209,-0.000540841,0.129991104,1.561478725,0,1,1,1 
BD_3,Buses_Diesel_Urban Buses Midi <=15 t_Euro II,,,0.04,1,11,77,0.000486508,0.127606251,0.385912516,-4.456395596,0.008811729,0.417689332,-2.357417997,0,1,1,1 
BD_3,Buses_Diesel_Urban Buses Midi <=15 t_Euro II,,,0.06,0,11,85,3.61E-05,0.011698259,0.408381478,2.533020892,0.000533326,0.08423854,1.109418715,0,1,1,1 
BD_3,Buses_Diesel_Urban Buses Midi <=15 t_Euro II,,,0.06,0.5,11,66,0.000102144,0.019087972,0.072628481,-3.203995707,0.001284212,0.078707648,-1.012973347,0,1,1,1 
BD_3,Buses_Diesel_Urban Buses Midi <=15 t_Euro II,,,0.06,1,11,60,2.55E-05,0.01637881,0.694228709,2.911400872,0.00077286,0.089536087,1.049501595,0,1,1,1 
BD_4,Buses_Diesel_Urban Buses Midi <=15 t_Euro III,,,-0.06,0,11,86,1.07E-14,1.55E-12,3.629618757,5.42E-10,-0.003652929,1.235311111,2.215731616,0,1,1,1 
BD_4,Buses_Diesel_Urban Buses Midi <=15 t_Euro III,,,-0.06,0.5,11,86,3.88E-17,1.10E-14,2.001171249,1.71E-12,-0.001706732,0.685713227,1.478289629,0,1,1,1 
BD_4,Buses_Diesel_Urban Buses Midi <=15 t_Euro III,,,-0.06,1,11,86,1.99E-05,0.07107284,2.965317882,-2.077229137,0.019532253,1.050642788,2.255145364,0,1,1,1 
BD_4,Buses_Diesel_Urban Buses Midi <=15 t_Euro III,,,-0.04,0,11,86,0.000400726,-0.015586086,0.266622078,7.172967044,0.006494286,-0.257806853,5.447418714,0,1,1,1 
BD_4,Buses_Diesel_Urban Buses Midi <=15 t_Euro III,,,-0.04,0.5,11,86,4.46E-18,9.08E-16,1.874665592,2.25E-13,-0.001516586,0.578028451,1.655345507,0,1,1,1 
BD_4,Buses_Diesel_Urban Buses Midi <=15 t_Euro III,,,-0.04,1,11,86,9.49E-18,7.76E-16,1.299141019,2.94E-13,-0.000726205,0.379289471,1.476923622,0,1,1,1 
BD_4,Buses_Diesel_Urban Buses Midi <=15 t_Euro III,,,-0.02,0,11,86,0.000306914,-0.025393072,0.995102212,1.58365075,0.001564742,-0.036019112,4.010459875,0,1,1,1 
BD_4,Buses_Diesel_Urban Buses Midi <=15 t_Euro III,,,-0.02,0.5,11,86,4.39E-17,3.18E-16,5.727302893,2.35E-12,-0.007746766,1.444023811,8.407925984,0,1,1,1 
BD_4,Buses_Diesel_Urban Buses Midi <=15 t_Euro III,,,-0.02,1,11,86,-3.92E-05,0.011814091,1.648079077,7.773201723,-0.001771425,0.486526878,4.651290975,0,1,1,1 
BD_4,Buses_Diesel_Urban Buses Midi <=15 t_Euro III,,,0,0,11,86,0.000235739,-0.01656534,0.50532346,1.822050543,0.001366095,-0.054523254,2.592161266,0,1,1,1 
BD_4,Buses_Diesel_Urban Buses Midi <=15 t_Euro III,,,0,0.5,11,86,1.28E-18,1.46E-16,1.608268256,-7.20E-14,-0.003335652,0.455990221,1.672302945,0,1,1,1 
BD_4,Buses_Diesel_Urban Buses Midi <=15 t_Euro III,,,0,1,11,86,1.22E-15,-4.71E-14,1.228845916,6.27E-11,-0.002214002,0.31620942,1.522072976,0,1,1,1 
BD_4,Buses_Diesel_Urban Buses Midi <=15 t_Euro III,,,0.02,0,11,86,-2.51E-06,0.005534426,0.613568641,2.921726371,-0.000528071,0.171469961,1.56917124,0,1,1,1 
BD_4,Buses_Diesel_Urban Buses Midi <=15 t_Euro III,,,0.02,0.5,11,86,-2.88E-06,0.007767138,0.763124913,3.382750917,-0.000636108,0.202818813,1.939849219,0,1,1,1 
BD_4,Buses_Diesel_Urban Buses Midi <=15 t_Euro III,,,0.02,1,11,86,-3.81E-06,0.010444146,0.935427457,3.882602797,-0.00073677,0.232129302,2.310449707,0,1,1,1 
BD_4,Buses_Diesel_Urban Buses Midi <=15 t_Euro III,,,0.04,0,11,86,-6.06E-06,0.007778373,0.755346366,3.245330774,-0.000616398,0.193443862,1.890646235,0,1,1,1 
BD_4,Buses_Diesel_Urban Buses Midi <=15 t_Euro III,,,0.04,0.5,11,86,1.55E-05,0.005855721,0.50444704,2.468221441,-0.000432194,0.128721993,1.224074303,0,1,1,1 
BD_4,Buses_Diesel_Urban Buses Midi <=15 t_Euro III,,,0.04,1,11,78,7.30E-05,0.02791059,0.499554267,2.521925244,0.000781012,0.222678883,0.616418261,0,1,1,1 
BD_4,Buses_Diesel_Urban Buses Midi <=15 t_Euro III,,,0.06,0,11,86,1.65E-05,0.005697229,0.496250376,2.498618708,-0.000433925,0.128053311,1.213415867,0,1,1,1 
BD_4,Buses_Diesel_Urban Buses Midi <=15 t_Euro III,,,0.06,0.5,11,70,0.000229685,0.056490976,0.699319639,3.927825084,0.002514357,0.387009289,0.508912567,0,1,1,1 
BD_4,Buses_Diesel_Urban Buses Midi <=15 t_Euro III,,,0.06,1,11,61,0.000403163,0.063111062,0.010250605,-2.19665003,0.004513723,0.245763855,-1.747683092,0,1,1,1 
BD_5,Buses_Diesel_Urban Buses Midi <=15 t_Euro IV,,,-0.06,0,11,86,8.23E-06,-0.002384631,0.200651203,0.594611658,-0.000359945,0.265790781,5.731740592,0,1,1,1 
BD_5,Buses_Diesel_Urban Buses Midi <=15 t_Euro IV,,,-0.06,0.5,11,86,1.28E-05,-0.003661444,0.302366874,0.641141827,0.000451307,0.334403936,8.593031726,0,1,1,1 
BD_5,Buses_Diesel_Urban Buses Midi <=15 t_Euro IV,,,-0.06,1,11,86,6.67E-06,-0.001892987,0.155064443,0.258884558,0.000398543,0.151382856,4.415037096,0,1,1,1 
BD_5,Buses_Diesel_Urban Buses Midi <=15 t_Euro IV,,,-0.04,0,11,86,-2.91E-06,-0.004316383,0.435129989,-3.228701279,-0.009849662,0.945058995,-6.16578069,0,1,1,1 
BD_5,Buses_Diesel_Urban Buses Midi <=15 t_Euro IV,,,-0.04,0.5,11,86,6.19E-06,-0.003922739,0.31715136,-1.955574341,-0.005939829,0.563330117,-2.399709002,0,1,1,1 
BD_5,Buses_Diesel_Urban Buses Midi <=15 t_Euro IV,,,-0.04,1,11,86,1.32E-05,-0.005409754,0.395293399,-2.177302699,-0.006513109,0.611258264,-1.650093865,0,1,1,1 
BD_5,Buses_Diesel_Urban Buses Midi <=15 t_Euro IV,,,-0.02,0,11,86,1.37E-18,-6.19E-18,0.629808931,3.96E-15,-0.008181327,1.169050934,3.569062319,0,1,1,1 
BD_5,Buses_Diesel_Urban Buses Midi <=15 t_Euro IV,,,-0.02,0.5,11,86,1.11E-16,1.63E-14,1.09250914,2.93E-12,-0.007838658,1.670182692,7.862490622,0,1,1,1 
BD_5,Buses_Diesel_Urban Buses Midi <=15 t_Euro IV,,,-0.02,1,11,86,-7.13E-17,-7.70E-14,0.308854321,6.70E-15,-0.000582669,0.382556036,2.614192793,0,1,1,1 
BD_5,Buses_Diesel_Urban Buses Midi <=15 t_Euro IV,,,0,0,11,86,2.13E-05,0.001207433,0.253297633,1.054693665,-0.000624085,0.288852555,4.049192907,0,1,1,1 
BD_5,Buses_Diesel_Urban Buses Midi <=15 t_Euro IV,,,0,0.5,11,86,8.45E-06,0.001091404,0.349540992,1.389255048,-0.001178277,0.317361103,5.26040977,0,1,1,1 
BD_5,Buses_Diesel_Urban Buses Midi <=15 t_Euro IV,,,0,1,11,86,1.87E-15,3.57E-14,1.154931227,3.82E-11,-0.005448758,0.974041143,8.546346457,0,1,1,1 
BD_5,Buses_Diesel_Urban Buses Midi <=15 t_Euro IV,,,0.02,0,11,86,0.000131019,0.030547667,0.044625173,-2.805002853,0.011456041,0.76293445,-7.539911594,0,1,1,1 
BD_5,Buses_Diesel_Urban Buses Midi <=15 t_Euro IV,,,0.02,0.5,11,86,-1.75E-06,0.010826034,0.358375961,0.603072459,0.002420137,0.334734359,3.338144107,0,1,1,1 
BD_5,Buses_Diesel_Urban Buses Midi <=15 t_Euro IV,,,0.02,1,11,86,-2.64E-05,0.015320184,0.471928335,0.738887964,0.003492596,0.399171294,3.626746998,0,1,1,1 
BD_5,Buses_Diesel_Urban Buses Midi <=15 t_Euro IV,,,0.04,0,11,86,-3.42E-05,0.017239072,0.452372203,0.500571781,0.003082476,0.408293028,4.151262585,0,1,1,1 
BD_5,Buses_Diesel_Urban Buses Midi <=15 t_Euro IV,,,0.04,0.5,11,86,-0.000217442,0.066084103,0.815277258,0.236169957,0.013115352,0.972597254,4.354312934,0,1,1,1 
BD_5,Buses_Diesel_Urban Buses Midi <=15 t_Euro IV,,,0.04,1,11,80,1.20E-14,-9.39E-12,0.5142228,-1.15E-11,0.000491673,0.166996256,2.8972717,0,1,1,1 
BD_5,Buses_Diesel_Urban Buses Midi <=15 t_Euro IV,,,0.06,0,11,86,-0.000577855,0.154346209,0.156995509,-1.459202259,0.026830993,1.659678723,-3.354091253,0,1,1,1 
BD_5,Buses_Diesel_Urban Buses Midi <=15 t_Euro IV,,,0.06,0.5,11,74,-1.68E-18,4.59E-16,0.606064106,8.14E-15,0.00104847,0.166178367,3.377610374,0,1,1,1 
BD_5,Buses_Diesel_Urban Buses Midi <=15 t_Euro IV,,,0.06,1,11,63,0.000153305,-0.008037012,0.60747763,1.180355566,0.004949897,-0.034474259,4.690834944,0,1,1,1 
BD_6,Buses_Diesel_Urban Buses Midi <=15 t_Euro V,SCR,,-0.06,0,10,85,-0.00079982,0.119748029,-0.629147834,1.248061004,0.287785513,-1.622066648,4.099522142,0,1,1,1 
BD_6,Buses_Diesel_Urban Buses Midi <=15 t_Euro V,SCR,,-0.06,0.5,10,85,-0.00101401,0.144058757,-0.671620724,1.482770494,0.360080199,-2.008000105,6.180313348,0,1,1,1 
BD_6,Buses_Diesel_Urban Buses Midi <=15 t_Euro V,SCR,,-0.06,1,10,85,-0.000689214,0.096624273,-0.440030587,0.964964643,0.242084184,-1.374646234,4.301760119,0,1,1,1 
BD_6,Buses_Diesel_Urban Buses Midi <=15 t_Euro V,SCR,,-0.04,0,10,85,-0.001626306,0.458474267,-0.495580963,-1.742538426,0.873511432,-0.722117933,1.301619527,0,1,1,1 
BD_6,Buses_Diesel_Urban Buses Midi <=15 t_Euro V,SCR,,-0.04,0.5,10,85,-0.00257217,0.478880513,-0.597159004,-1.757401123,0.863119417,-0.811804334,1.348681868,0,1,1,1 
BD_6,Buses_Diesel_Urban Buses Midi <=15 t_Euro V,SCR,,-0.04,1,10,85,-0.003035352,0.492741365,-0.646058194,-1.772196979,0.849117813,-0.870743686,1.39447058,0,1,1,1 
BD_6,Buses_Diesel_Urban Buses Midi <=15 t_Euro V,SCR,,-0.02,0,10,85,1.81E-05,-0.005214529,0.426751178,-0.05082222,-0.004713466,0.43972612,2.436581735,0,1,1,1 
BD_6,Buses_Diesel_Urban Buses Midi <=15 t_Euro V,SCR,,-0.02,0.5,10,85,0.003920995,0.504939852,-0.638746728,-1.760485017,0.823889043,-0.858986625,1.496206735,0,1,1,1 
BD_6,Buses_Diesel_Urban Buses Midi <=15 t_Euro V,SCR,,-0.02,1,10,85,0.001530353,0.584105021,-0.985639768,-1.44636571,0.818274337,-0.869032333,1.475980456,0,1,1,1 
BD_6,Buses_Diesel_Urban Buses Midi <=15 t_Euro V,SCR,,0,0,10,85,-6.25E-05,-0.000495232,0.743404343,-0.295946548,-0.008892074,0.815512341,2.354262383,0,1,1,1 
BD_6,Buses_Diesel_Urban Buses Midi <=15 t_Euro V,SCR,,0,0.5,10,85,-6.26E-05,-0.001261048,0.781281185,-0.421612709,-0.008466648,0.774155579,2.062278537,0,1,1,1 
BD_6,Buses_Diesel_Urban Buses Midi <=15 t_Euro V,SCR,,0,1,10,85,-5.38E-05,-0.002391892,0.794287613,-0.541644188,-0.00781023,0.716960957,1.723989361,0,1,1,1 
BD_6,Buses_Diesel_Urban Buses Midi <=15 t_Euro V,SCR,,0.02,0,10,85,0.025236618,0.844813654,-0.991613644,-0.371588181,1.138474103,-0.124296527,-0.706819339,0,1,1,1 
BD_6,Buses_Diesel_Urban Buses Midi <=15 t_Euro V,SCR,,0.02,0.5,10,85,0.023640034,0.943594575,-0.786499016,-0.346924111,1.059382318,0.271326677,-0.083534346,0,1,1,1 
BD_6,Buses_Diesel_Urban Buses Midi <=15 t_Euro V,SCR,,0.02,1,10,85,-0.000276502,0.0496163,2.150036027,-1.46069096,-0.003866151,2.059030201,1.645993349,0,1,1,1 
BD_6,Buses_Diesel_Urban Buses Midi <=15 t_Euro V,SCR,,0.04,0,10,85,-0.000496494,0.050080439,1.4280696,-1.176165149,-0.01061169,1.745502819,4.64E-12,0,1,1,1 
BD_6,Buses_Diesel_Urban Buses Midi <=15 t_Euro V,SCR,,0.04,0.5,10,85,-0.000508866,0.056150122,1.698948604,-1.399153325,-0.006405088,1.693537541,0.138727572,0,1,1,1 
BD_6,Buses_Diesel_Urban Buses Midi <=15 t_Euro V,SCR,,0.04,1,10,80,-0.000521549,0.031480613,2.235107348,-1.283726896,-0.012098214,1.641724364,1.325263979,0,1,1,1 
BD_6,Buses_Diesel_Urban Buses Midi <=15 t_Euro V,SCR,,0.06,0,10,85,-0.000808942,0.078353567,2.089125436,-1.635606014,-0.011309508,2.181143415,3.13E-11,0,1,1,1 
BD_6,Buses_Diesel_Urban Buses Midi <=15 t_Euro V,SCR,,0.06,0.5,10,70,-0.000653695,0.045414213,2.085788492,-1.2533061,-0.009235714,1.575980819,0.796313233,0,1,1,1 
BD_6,Buses_Diesel_Urban Buses Midi <=15 t_Euro V,SCR,,0.06,1,10,60,-0.000387636,0.033530368,1.9649633,-1.104817139,0.001809077,1.141257644,0.936985374,0,1,1,1 
BD_6,Buses_Diesel_Urban Buses Midi <=15 t_Euro V,EGR,,-0.06,0,10,85,-0.00128067,0.119160453,-0.465849571,0.888164873,0.242206828,0.361810064,2.979413229,0,1,1,1 
BD_6,Buses_Diesel_Urban Buses Midi <=15 t_Euro V,EGR,,-0.06,0.5,10,80,-0.001251728,0.106917043,-0.369257389,0.670928409,0.23371935,0.442374469,2.89101008,0,1,1,1 
BD_6,Buses_Diesel_Urban Buses Midi <=15 t_Euro V,EGR,,-0.06,1,10,80,-0.001363093,0.115628936,-0.398515973,0.662944024,0.269293289,0.428361287,2.678272221,0,1,1,1 
BD_6,Buses_Diesel_Urban Buses Midi <=15 t_Euro V,EGR,,-0.04,0,10,85,-0.000182455,0.055676097,-0.241545106,0.545929192,0.111000761,-0.237419787,3.025459509,0,1,1,1 
BD_6,Buses_Diesel_Urban Buses Midi <=15 t_Euro V,EGR,,-0.04,0.5,10,85,-0.001247565,0.164652692,-0.628936415,1.090867453,0.263736419,0.63516892,2.78636065,0,1,1,1 
BD_6,Buses_Diesel_Urban Buses Midi <=15 t_Euro V,EGR,,-0.04,1,10,85,-0.002294166,0.250611309,-0.936348343,1.464749446,0.352215174,1.802474585,0.522223903,0,1,1,1 
BD_6,Buses_Diesel_Urban Buses Midi <=15 t_Euro V,EGR,,-0.02,0,10,85,0.000202709,-0.021171793,0.686080796,-0.158287727,0.002487629,-0.270328569,15.26367927,0,1,1,1 
BD_6,Buses_Diesel_Urban Buses Midi <=15 t_Euro V,EGR,,-0.02,0.5,10,85,5.36E-05,-0.005396709,0.173017163,-0.034732843,0.000800692,-0.068436053,3.840070872,0,1,1,1 
BD_6,Buses_Diesel_Urban Buses Midi <=15 t_Euro V,EGR,,-0.02,1,10,85,5.75E-05,-0.00549246,0.175604248,-0.028137074,0.001153097,-0.071723837,3.91045304,0,1,1,1 
BD_6,Buses_Diesel_Urban Buses Midi <=15 t_Euro V,EGR,,0,0,10,85,6.95E-05,-0.007956195,0.302384477,-0.065650468,0.000257309,-0.057903046,5.395765967,0,1,1,1 
BD_6,Buses_Diesel_Urban Buses Midi <=15 t_Euro V,EGR,,0,0.5,10,85,8.64E-05,-0.009988281,0.386429403,-0.067679936,0.00031399,-0.069978749,6.632577785,0,1,1,1 
BD_6,Buses_Diesel_Urban Buses Midi <=15 t_Euro V,EGR,,0,1,10,85,6.65E-05,-0.007603722,0.29230053,-0.043826405,0.000295358,-0.054212214,4.82183357,0,1,1,1 
BD_6,Buses_Diesel_Urban Buses Midi <=15 t_Euro V,EGR,,0.02,0,10,85,9.78E-05,-0.009581464,0.325030291,0.060188414,0.00090817,-0.094336952,5.306767917,0,1,1,1 
BD_6,Buses_Diesel_Urban Buses Midi <=15 t_Euro V,EGR,,0.02,0.5,10,85,0.000102391,-0.009952129,0.338206155,0.124884408,0.001015069,-0.102721507,5.324575139,0,1,1,1 
BD_6,Buses_Diesel_Urban Buses Midi <=15 t_Euro V,EGR,,0.02,1,10,85,0.000111503,-0.010478138,0.346706794,0.189929694,0.00124973,-0.115905887,5.310194481,0,1,1,1 
BD_6,Buses_Diesel_Urban Buses Midi <=15 t_Euro V,EGR,,0.04,0,10,85,0.000108774,-0.009777234,0.315722687,0.193966864,0.00123188,-0.10880694,4.879055142,0,1,1,1 
BD_6,Buses_Diesel_Urban Buses Midi <=15 t_Euro V,EGR,,0.04,0.5,10,85,0.00018115,-0.013795104,0.344848796,0.348220909,0.002770748,-0.19646483,5.353854482,0,1,1,1 
BD_6,Buses_Diesel_Urban Buses Midi <=15 t_Euro V,EGR,,0.04,1,10,80,0.00143652,-0.006249666,0.184363067,0.761435801,0.03402309,-0.470228444,5.550797133,0,1,1,1 
BD_6,Buses_Diesel_Urban Buses Midi <=15 t_Euro V,EGR,,0.06,0,10,85,0.00017618,-0.012178953,0.279559158,0.31648987,0.002835638,-0.181356294,4.396175326,0,1,1,1 
BD_6,Buses_Diesel_Urban Buses Midi <=15 t_Euro V,EGR,,0.06,0.5,10,70,0.001093941,-0.009179486,0.198569634,0.672812034,0.023572906,-0.381911777,4.820781176,0,1,1,1 
BD_6,Buses_Diesel_Urban Buses Midi <=15 t_Euro V,EGR,,0.06,1,10,60,0.000476955,0.007266898,0.109128878,0.416300389,0.011213115,-0.060735585,2.409213976,0,1,1,1 
BD_7,Buses_Diesel_Urban Buses Midi <=15 t_Euro VI,,,-0.06,0,10,80,-0.001231037,0.102320658,-0.002163925,0.031993262,1.558305871,0.464640345,0.338116521,0,1,1,1 
BD_7,Buses_Diesel_Urban Buses Midi <=15 t_Euro VI,,,-0.06,0.5,10,75,-0.001158274,0.090436503,0.008653955,0.18965798,1.517969447,0.4752164,0.327191316,0,1,1,1 
BD_7,Buses_Diesel_Urban Buses Midi <=15 t_Euro VI,,,-0.06,1,10,75,-0.001098041,0.086308425,0.007275445,0.136507777,1.535366764,0.474264962,0.328227628,0,1,1,1 
BD_7,Buses_Diesel_Urban Buses Midi <=15 t_Euro VI,,,-0.04,0,10,85,-0.000865216,0.119920487,-0.009414145,-0.172226879,1.596360778,0.443360999,0.355372234,0,1,1,1 
BD_7,Buses_Diesel_Urban Buses Midi <=15 t_Euro VI,,,-0.04,0.5,10,85,-0.001038546,0.112930381,-0.108081404,0.263807019,1.495383086,0.453638438,0.323290837,0,1,1,1 
BD_7,Buses_Diesel_Urban Buses Midi <=15 t_Euro VI,,,-0.04,1,10,85,-0.001055978,0.104401647,-0.189987277,0.642315649,1.337808642,0.477229436,0.299570735,0,1,1,1 
BD_7,Buses_Diesel_Urban Buses Midi <=15 t_Euro VI,,,-0.02,0,10,85,8.94E-06,-0.000324789,-0.015892536,0.753080777,0.006728594,-0.525505253,12.02859794,0,1,1,1 
BD_7,Buses_Diesel_Urban Buses Midi <=15 t_Euro VI,,,-0.02,0.5,10,85,4.70E-06,-0.000266121,-0.00691741,0.64551525,0.003227074,-0.319171073,10.33951763,0,1,1,1 
BD_7,Buses_Diesel_Urban Buses Midi <=15 t_Euro VI,,,-0.02,1,10,85,0.000587912,0.107604129,0.127452493,-0.599225002,1.571291305,0.427211072,0.384491576,0,1,1,1 
BD_7,Buses_Diesel_Urban Buses Midi <=15 t_Euro VI,,,0,0,10,85,4.92E-06,-0.000362047,0.001563272,0.557476545,0.002093361,-0.21900237,8.339257511,0,1,1,1 
BD_7,Buses_Diesel_Urban Buses Midi <=15 t_Euro VI,,,0,0.5,10,85,3.56E-06,-0.000342902,0.003552296,0.625755106,0.001410074,-0.19751041,9.249620503,0,1,1,1 
BD_7,Buses_Diesel_Urban Buses Midi <=15 t_Euro VI,,,0,1,10,85,0.002296537,0.10854894,0.021001688,0.131229593,1.525323904,0.474266199,0.336804613,0,1,1,1 
BD_7,Buses_Diesel_Urban Buses Midi <=15 t_Euro VI,,,0.02,0,10,85,3.58E-06,-0.000352832,0.004715145,0.547706516,0.001268518,-0.172986557,7.661488845,0,1,1,1 
BD_7,Buses_Diesel_Urban Buses Midi <=15 t_Euro VI,,,0.02,0.5,10,85,0.003124981,0.11518883,0.013819333,0.099987063,1.532275609,0.470867809,0.340443793,0,1,1,1 
BD_7,Buses_Diesel_Urban Buses Midi <=15 t_Euro VI,,,0.02,1,10,85,0.001830577,0.094497447,-0.192601749,0.985957638,0.986152066,0.839704679,0.277425322,0,1,1,1 
BD_7,Buses_Diesel_Urban Buses Midi <=15 t_Euro VI,,,0.04,0,10,85,8.70E-05,0.001797111,-0.058656263,0.408891456,0.043314023,-0.871261455,5.269018216,0,1,1,1 
BD_7,Buses_Diesel_Urban Buses Midi <=15 t_Euro VI,,,0.04,0.5,10,85,7.24E-05,0.00140149,-0.04128331,0.315270419,0.032555836,-0.616438177,4.01962035,0,1,1,1 
BD_7,Buses_Diesel_Urban Buses Midi <=15 t_Euro VI,,,0.04,1,10,80,9.18E-05,0.002561235,-0.03311356,0.293291976,0.039192333,-0.467360014,3.653269506,0,1,1,1 
BD_7,Buses_Diesel_Urban Buses Midi <=15 t_Euro VI,,,0.06,0,10,85,0.000404754,0.028458965,0.097200787,0.102291011,0.21059647,1.919815534,0.293380565,0,1,1,1 
BD_7,Buses_Diesel_Urban Buses Midi <=15 t_Euro VI,,,0.06,0.5,10,75,0.000158297,0.020668121,0.133645282,0.097327518,0.096615827,2.294479698,0.372067018,0,1,1,1 
BD_7,Buses_Diesel_Urban Buses Midi <=15 t_Euro VI,,,0.06,1,10,65,0.003833119,0.133172706,-0.23455896,0.688948647,1.291737003,0.493780462,0.298820469,0,1,1,1 
BD_8,Buses_Diesel_Urban Buses Standard 15 - 18 t_Conventional,,,-0.06,0,11,86,-1.68E-05,0.008167345,1.140526071,-3.510668295,0.002659029,0.046492358,0.054995066,0,1,1,1 
BD_8,Buses_Diesel_Urban Buses Standard 15 - 18 t_Conventional,,,-0.06,0.5,11,86,0.000156166,-0.014852783,1.126584618,2.024009488,0.001235335,0.031864023,0.665962468,0,1,1,1 
BD_8,Buses_Diesel_Urban Buses Standard 15 - 18 t_Conventional,,,-0.06,1,11,86,0.000231728,-0.022643947,1.626778216,2.807220256,0.001716217,0.041233892,1.010693266,0,1,1,1 
BD_8,Buses_Diesel_Urban Buses Standard 15 - 18 t_Conventional,,,-0.04,0,11,86,-3.31E-05,0.02070782,1.919131593,-5.486715142,0.003841829,0.084710405,0.010631625,0,1,1,1 
BD_8,Buses_Diesel_Urban Buses Standard 15 - 18 t_Conventional,,,-0.04,0.5,11,86,-1.99E-05,0.010320479,1.25208309,-3.921948908,0.002386244,0.046462231,0.078960596,0,1,1,1 
BD_8,Buses_Diesel_Urban Buses Standard 15 - 18 t_Conventional,,,-0.04,1,11,86,0.000145308,0.013009795,2.260486251,-0.476355894,0.005874958,0.017321556,1.17736803,0,1,1,1 
BD_8,Buses_Diesel_Urban Buses Standard 15 - 18 t_Conventional,,,-0.02,0,11,86,0.000229333,-0.009165691,0.627256326,3.220372727,0.000763348,0.007563838,0.456142306,0,1,1,1 
BD_8,Buses_Diesel_Urban Buses Standard 15 - 18 t_Conventional,,,-0.02,0.5,11,86,0.000164784,-0.007944644,0.662876614,2.828234064,0.000587549,0.014551383,0.392516172,0,1,1,1 
BD_8,Buses_Diesel_Urban Buses Standard 15 - 18 t_Conventional,,,-0.02,1,11,86,-2.02E-05,0.030854467,1.649773506,-3.443553725,0.002510893,0.083463275,-0.038424872,0,1,1,1 
BD_8,Buses_Diesel_Urban Buses Standard 15 - 18 t_Conventional,,,0,0,11,86,7.01E-06,0.001712118,0.474270851,3.375246515,-2.34E-05,0.029703768,0.188121441,0,1,1,1 
BD_8,Buses_Diesel_Urban Buses Standard 15 - 18 t_Conventional,,,0,0.5,11,86,4.25E-06,0.001889386,0.488378316,3.163089363,-4.40E-05,0.028398036,0.184370506,0,1,1,1 
BD_8,Buses_Diesel_Urban Buses Standard 15 - 18 t_Conventional,,,0,1,11,86,0.000165706,0.089876969,1.400384967,-6.158384452,0.002685399,0.127758988,-0.66266628,0,1,1,1 
BD_8,Buses_Diesel_Urban Buses Standard 15 - 18 t_Conventional,,,0.02,0,11,86,1.14E-05,0.002002556,0.377634799,2.664807767,-5.54E-05,0.022501141,0.128513426,0,1,1,1 
BD_8,Buses_Diesel_Urban Buses Standard 15 - 18 t_Conventional,,,0.02,0.5,11,86,0.000464822,0.098351989,1.261390671,4.003710988,0.001804052,0.156562822,-0.518175729,0,1,1,1 
BD_8,Buses_Diesel_Urban Buses Standard 15 - 18 t_Conventional,,,0.02,1,11,85,0.000533312,0.093358654,1.017894541,3.539412678,0.001376809,0.128472081,-0.420329434,0,1,1,1 
BD_8,Buses_Diesel_Urban Buses Standard 15 - 18 t_Conventional,,,0.04,0,11,85,0.000142784,0.007820218,0.294731486,4.386371871,0.000132339,0.024549867,0.111404052,0,1,1,1 
BD_8,Buses_Diesel_Urban Buses Standard 15 - 18 t_Conventional,,,0.04,0.5,11,75,0.000323656,0.0722786,0.539998864,4.900387832,0.000345167,0.10304274,-0.37996346,0,1,1,1 
BD_8,Buses_Diesel_Urban Buses Standard 15 - 18 t_Conventional,,,0.04,1,11,62,0.000151967,0.010197628,0.98926684,3.374596794,-0.000243241,0.044189572,0.100721531,0,1,1,1 
BD_8,Buses_Diesel_Urban Buses Standard 15 - 18 t_Conventional,,,0.06,0,11,72,0.000539041,0.083107235,0.539187461,6.798682502,0.000445795,0.124061565,-0.49312589,0,1,1,1 
BD_8,Buses_Diesel_Urban Buses Standard 15 - 18 t_Conventional,,,0.06,0.5,11,58,0.003655357,-0.078017163,0.82760115,2.834888599,0.002992967,-0.062293502,0.578305263,0,1,1,1 
BD_8,Buses_Diesel_Urban Buses Standard 15 - 18 t_Conventional,,,0.06,1,11,40,0.002216006,-0.18655075,4.643694541,-3.723918893,0.000353435,-0.030050781,1.134815465,0,1,1,1 
BD_9,Buses_Diesel_Urban Buses Standard 15 - 18 t_Euro I,,,-0.06,0,11,86,1.62E-13,-4.93E-11,2.601717297,9.55E-08,0.003002792,0.338604001,-0.133259942,0,1,1,1 
BD_9,Buses_Diesel_Urban Buses Standard 15 - 18 t_Euro I,,,-0.06,0.5,11,86,-2.63E-05,0.017599446,1.965611034,-2.362723324,0.006782339,0.187659626,0.131474394,0,1,1,1 
BD_9,Buses_Diesel_Urban Buses Standard 15 - 18 t_Euro I,,,-0.06,1,11,86,-3.81E-17,1.04E-14,2.017181218,1.32E-11,0.003087112,0.227700163,0.24937786,0,1,1,1 
BD_9,Buses_Diesel_Urban Buses Standard 15 - 18 t_Euro I,,,-0.04,0,11,86,0.000200416,-0.009512926,1.37134039,2.161497855,0.002367657,0.089653756,0.898882833,0,1,1,1 
BD_9,Buses_Diesel_Urban Buses Standard 15 - 18 t_Euro I,,,-0.04,0.5,11,86,-3.26E-05,0.029182109,1.946516721,-2.511706679,0.006727613,0.171407005,0.304589234,0,1,1,1 
BD_9,Buses_Diesel_Urban Buses Standard 15 - 18 t_Euro I,,,-0.04,1,11,86,-3.70E-05,0.028249394,2.161419609,-2.150368608,0.007065658,0.166677909,0.697766174,0,1,1,1 
BD_9,Buses_Diesel_Urban Buses Standard 15 - 18 t_Euro I,,,-0.02,0,11,86,0.000605973,-0.025044729,1.819177922,3.027031466,0.00292549,0.02872199,2.064869603,0,1,1,1 
BD_9,Buses_Diesel_Urban Buses Standard 15 - 18 t_Euro I,,,-0.02,0.5,11,86,0.000661769,-0.027796612,1.75621984,3.69284375,0.003205446,0.013253064,2.126801137,0,1,1,1 
BD_9,Buses_Diesel_Urban Buses Standard 15 - 18 t_Euro I,,,-0.02,1,11,86,-1.66E-15,-1.50E-12,2.604375369,-8.14E-12,-0.000444679,0.276754033,0.525017964,0,1,1,1 
BD_9,Buses_Diesel_Urban Buses Standard 15 - 18 t_Euro I,,,0,0,11,86,0.000496499,-0.010029473,1.417109848,1.990944947,0.002218964,0.05111969,1.402993607,0,1,1,1 
BD_9,Buses_Diesel_Urban Buses Standard 15 - 18 t_Euro I,,,0,0.5,11,86,0.000546234,-0.010094761,1.550506532,1.836644637,0.002155467,0.051154655,1.53598784,0,1,1,1 
BD_9,Buses_Diesel_Urban Buses Standard 15 - 18 t_Euro I,,,0,1,11,86,0.000371942,-0.000190091,-0.234905054,4.129552699,0.002146431,-0.069921731,0.757435958,0,1,1,1 
BD_9,Buses_Diesel_Urban Buses Standard 15 - 18 t_Euro I,,,0.02,0,11,86,0.000614452,0.011351167,1.248361836,1.627440401,0.002365856,0.093581083,0.888248596,0,1,1,1 
BD_9,Buses_Diesel_Urban Buses Standard 15 - 18 t_Euro I,,,0.02,0.5,11,86,0.009929904,0.311935584,2.916811171,-1.01960984,0.038162094,0.466778391,-0.272708106,0,1,1,1 
BD_9,Buses_Diesel_Urban Buses Standard 15 - 18 t_Euro I,,,0.02,1,11,86,0.000262929,0.064929031,1.051809781,2.549856967,0.00094271,0.177945465,0.342809612,0,1,1,1 
BD_9,Buses_Diesel_Urban Buses Standard 15 - 18 t_Euro I,,,0.04,0,11,86,0.000988835,-0.01206074,0.552043968,4.257073982,0.002531098,-0.019632807,1.096026228,0,1,1,1 
BD_9,Buses_Diesel_Urban Buses Standard 15 - 18 t_Euro I,,,0.04,0.5,11,76,0.000365669,0.103696776,-0.514315489,-4.937008235,0.001252368,0.193367205,-2.05482545,0,1,1,1 
BD_9,Buses_Diesel_Urban Buses Standard 15 - 18 t_Euro I,,,0.04,1,11,61,0.001071408,0.140772461,-0.270955459,-3.931706868,0.003207183,0.187250122,-1.384616629,0,1,1,1 
BD_9,Buses_Diesel_Urban Buses Standard 15 - 18 t_Euro I,,,0.06,0,11,74,0.001337313,0.148422682,0.682361192,4.469274742,0.002236642,0.360803653,-0.866055462,0,1,1,1 
BD_9,Buses_Diesel_Urban Buses Standard 15 - 18 t_Euro I,,,0.06,0.5,11,59,0.00028167,0.026274005,0.455242298,4.957481065,0.000212052,0.049966144,0.656603769,0,1,1,1 
BD_9,Buses_Diesel_Urban Buses Standard 15 - 18 t_Euro I,,,0.06,1,11,45,0.000859176,-0.076906191,2.181877485,-1.692439827,0.000398968,-0.03808574,1.486669558,0,1,1,1 
BD_10,Buses_Diesel_Urban Buses Standard 15 - 18 t_Euro II,,,-0.06,0,11,86,-0.000415259,0.152986644,1.743692343,-3.459175886,0.051759725,1.044124672,-1.56903166,0,1,1,1 
BD_10,Buses_Diesel_Urban Buses Standard 15 - 18 t_Euro II,,,-0.06,0.5,11,86,2.41E-05,-0.007054379,0.525333221,2.106277124,-0.000843208,0.107363402,2.352756104,0,1,1,1 
BD_10,Buses_Diesel_Urban Buses Standard 15 - 18 t_Euro II,,,-0.06,1,11,86,-1.35E-05,0.007650206,0.934881199,-0.329780315,0.00642407,0.126755694,3.028604547,0,1,1,1 
BD_10,Buses_Diesel_Urban Buses Standard 15 - 18 t_Euro II,,,-0.04,0,11,86,-0.000240456,0.094041404,1.990185914,2.242576995,0.025323529,0.886291757,2.129861463,0,1,1,1 
BD_10,Buses_Diesel_Urban Buses Standard 15 - 18 t_Euro II,,,-0.04,0.5,11,86,2.11E-05,-0.006201501,0.419413138,1.671099292,-0.000716407,0.065689105,1.715572731,0,1,1,1 
BD_10,Buses_Diesel_Urban Buses Standard 15 - 18 t_Euro II,,,-0.04,1,11,86,7.87E-05,-0.025216124,1.696523485,-7.688695648,-0.003704569,0.328240351,0.201314645,0,1,1,1 
BD_10,Buses_Diesel_Urban Buses Standard 15 - 18 t_Euro II,,,-0.02,0,11,86,1.26E-05,0.00398814,0.588294011,4.932721039,-0.000582733,0.210889934,2.025982799,0,1,1,1 
BD_10,Buses_Diesel_Urban Buses Standard 15 - 18 t_Euro II,,,-0.02,0.5,11,86,0.000279633,0.008608075,-0.353025102,4.325604794,0.007208639,-0.206572989,2.066263848,0,1,1,1 
BD_10,Buses_Diesel_Urban Buses Standard 15 - 18 t_Euro II,,,-0.02,1,11,86,-0.000347514,-0.000628868,3.023186011,-24.7663125,-0.009624369,0.932286425,-6.439301623,0,1,1,1 
BD_10,Buses_Diesel_Urban Buses Standard 15 - 18 t_Euro II,,,0,0,11,86,2.60E-05,0.005203997,0.499532465,3.400173004,-0.000507525,0.138452358,1.407914894,0,1,1,1 
BD_10,Buses_Diesel_Urban Buses Standard 15 - 18 t_Euro II,,,0,0.5,11,86,1.87E-05,0.006504397,0.563592329,2.818354853,-0.000451049,0.133144751,1.264480857,0,1,1,1 
BD_10,Buses_Diesel_Urban Buses Standard 15 - 18 t_Euro II,,,0,1,11,86,2.05E-17,-4.41E-16,1.522849163,5.19E-13,-0.00165809,0.231774207,1.85945601,0,1,1,1 
BD_10,Buses_Diesel_Urban Buses Standard 15 - 18 t_Euro II,,,0.02,0,11,86,-2.59E-06,0.007624046,0.576703507,2.083873348,-0.000354709,0.110493588,1.191717675,0,1,1,1 
BD_10,Buses_Diesel_Urban Buses Standard 15 - 18 t_Euro II,,,0.02,0.5,11,86,0.000963035,-0.011098234,-0.234845142,5.578901599,0.006846783,-0.211385239,2.155716238,0,1,1,1 
BD_10,Buses_Diesel_Urban Buses Standard 15 - 18 t_Euro II,,,0.02,1,11,86,0.00084629,-0.00010074,-0.330181832,4.47082894,0.005834941,-0.151967415,1.346370202,0,1,1,1 
BD_10,Buses_Diesel_Urban Buses Standard 15 - 18 t_Euro II,,,0.04,0,11,86,0.000102891,0.028598253,0.817830955,3.056818578,0.001219534,0.158290953,1.425313946,0,1,1,1 
BD_10,Buses_Diesel_Urban Buses Standard 15 - 18 t_Euro II,,,0.04,0.5,11,80,0.000283124,0.06819873,0.006183962,-2.944078051,0.003998019,0.162508488,-1.265741199,0,1,1,1 
BD_10,Buses_Diesel_Urban Buses Standard 15 - 18 t_Euro II,,,0.04,1,11,69,0.000148472,0.07219278,2.031154044,3.353908212,0.002946568,0.260662785,1.879449905,0,1,1,1 
BD_10,Buses_Diesel_Urban Buses Standard 15 - 18 t_Euro II,,,0.06,0,11,75,2.57E-05,0.011634014,0.495738579,3.166972739,0.000376966,0.062288294,1.053444222,0,1,1,1 
BD_10,Buses_Diesel_Urban Buses Standard 15 - 18 t_Euro II,,,0.06,0.5,11,54,0.00033632,-0.007785474,0.017445545,1.985794115,0.0013295,-0.044861062,0.5771364,0,1,1,1 
BD_10,Buses_Diesel_Urban Buses Standard 15 - 18 t_Euro II,,,0.06,1,10,52,0.00078819,-0.085572469,2.940470602,-0.197167379,0.000214826,-0.033248033,3.091726589,0,1,1,1 
BD_11,Buses_Diesel_Urban Buses Standard 15 - 18 t_Euro III,,,-0.06,0,11,86,2.27E-17,1.58E-14,2.230947214,6.45E-17,-0.000577641,0.555450483,1.417076459,0,1,1,1 
BD_11,Buses_Diesel_Urban Buses Standard 15 - 18 t_Euro III,,,-0.06,0.5,11,86,-6.52E-06,0.052434994,1.834043102,-3.144408013,0.012805596,0.455336892,0.888017881,0,1,1,1 
BD_11,Buses_Diesel_Urban Buses Standard 15 - 18 t_Euro III,,,-0.06,1,11,86,-2.15E-05,0.065891665,2.697516487,-5.798729738,0.016839548,0.611407778,1.402822851,0,1,1,1 
BD_11,Buses_Diesel_Urban Buses Standard 15 - 18 t_Euro III,,,-0.04,0,11,86,-1.74E-15,-4.79E-12,3.094740662,9.81E-12,-0.000507738,0.67778928,2.39139206,0,1,1,1 
BD_11,Buses_Diesel_Urban Buses Standard 15 - 18 t_Euro III,,,-0.04,0.5,11,86,4.21E-06,0.050828638,2.68122373,-3.375951805,0.010646136,0.635240875,1.273586079,0,1,1,1 
BD_11,Buses_Diesel_Urban Buses Standard 15 - 18 t_Euro III,,,-0.04,1,11,86,0.000220935,0.015957693,-0.403319413,7.289960886,0.008871175,-0.250846499,3.273394814,0,1,1,1 
BD_11,Buses_Diesel_Urban Buses Standard 15 - 18 t_Euro III,,,-0.02,0,11,86,6.75E-05,0.084910318,3.055966048,-2.403209799,0.010471421,0.696830944,2.737043374,0,1,1,1 
BD_11,Buses_Diesel_Urban Buses Standard 15 - 18 t_Euro III,,,-0.02,0.5,11,86,0.000175318,-0.014007135,0.533452711,1.204113345,0.000875205,-0.022914901,1.765566291,0,1,1,1 
BD_11,Buses_Diesel_Urban Buses Standard 15 - 18 t_Euro III,,,-0.02,1,11,86,0.000224705,-0.010450218,0.320693637,3.109559271,0.00234845,-0.07991428,2.201721891,0,1,1,1 
BD_11,Buses_Diesel_Urban Buses Standard 15 - 18 t_Euro III,,,0,0,11,86,2.26E-06,0.003684351,0.436196331,2.289056835,-0.000307299,0.104174361,0.89634154,0,1,1,1 
BD_11,Buses_Diesel_Urban Buses Standard 15 - 18 t_Euro III,,,0,0.5,11,86,-9.50E-06,0.006404975,0.740307999,3.422564395,-0.000527748,0.163394606,1.53809792,0,1,1,1 
BD_11,Buses_Diesel_Urban Buses Standard 15 - 18 t_Euro III,,,0,1,11,86,0.000200403,-0.008162055,0.165041384,2.266377237,0.001633669,-0.064347322,1.419325784,0,1,1,1 
BD_11,Buses_Diesel_Urban Buses Standard 15 - 18 t_Euro III,,,0.02,0,11,86,2.32E-15,-2.51E-14,1.716581469,8.55E-11,-0.001669758,0.294929409,1.710854895,0,1,1,1 
BD_11,Buses_Diesel_Urban Buses Standard 15 - 18 t_Euro III,,,0.02,0.5,11,86,3.18E-16,-1.78E-15,1.784206965,8.86E-12,-0.001584829,0.269964148,2.051414671,0,1,1,1 
BD_11,Buses_Diesel_Urban Buses Standard 15 - 18 t_Euro III,,,0.02,1,11,86,-2.28E-05,0.005801678,0.561963413,2.038145384,-0.000381302,0.094163685,1.070235755,0,1,1,1 
BD_11,Buses_Diesel_Urban Buses Standard 15 - 18 t_Euro III,,,0.04,0,11,86,-3.40E-06,0.00480964,0.473215382,2.060006798,-0.00028527,0.089940332,0.871568592,0,1,1,1 
BD_11,Buses_Diesel_Urban Buses Standard 15 - 18 t_Euro III,,,0.04,0.5,11,81,-4.23E-06,0.00680414,0.544387803,2.038282222,-0.000314926,0.094047526,0.953130622,0,1,1,1 
BD_11,Buses_Diesel_Urban Buses Standard 15 - 18 t_Euro III,,,0.04,1,11,70,-1.28E-05,0.012130641,0.783329051,2.390237701,-0.000459922,0.122765041,1.257378262,0,1,1,1 
BD_11,Buses_Diesel_Urban Buses Standard 15 - 18 t_Euro III,,,0.06,0,11,79,1.55E-06,0.008676705,0.693458534,2.718596197,-0.000417532,0.12424728,1.201496316,0,1,1,1 
BD_11,Buses_Diesel_Urban Buses Standard 15 - 18 t_Euro III,,,0.06,0.5,11,62,0.001099666,0.190886373,0.016429382,-1.101912511,0.012047761,0.52098901,-2.485832057,0,1,1,1 
BD_11,Buses_Diesel_Urban Buses Standard 15 - 18 t_Euro III,,,0.06,1,11,54,0.000601015,-0.06353385,3.263927001,-0.000106866,3.03E-06,-0.004154344,5.357591335,0,1,1,1 
BD_12,Buses_Diesel_Urban Buses Standard 15 - 18 t_Euro IV,,,-0.06,0,11,86,7.70E-06,-0.002217584,0.185852227,0.531290901,4.14E-05,0.19174941,4.050260797,0,1,1,1 
BD_12,Buses_Diesel_Urban Buses Standard 15 - 18 t_Euro IV,,,-0.06,0.5,11,86,9.73E-06,-0.00276762,0.228032178,0.499240833,0.000303012,0.201499973,5.037863536,0,1,1,1 
BD_12,Buses_Diesel_Urban Buses Standard 15 - 18 t_Euro IV,,,-0.06,1,11,86,7.01E-06,-0.001983291,0.161667052,0.275109972,0.000357727,0.12456925,3.566033604,0,1,1,1 
BD_12,Buses_Diesel_Urban Buses Standard 15 - 18 t_Euro IV,,,-0.04,0,11,86,4.06E-06,-0.003256117,0.272269203,-1.813402618,-0.004243315,0.407764049,-2.165283232,0,1,1,1 
BD_12,Buses_Diesel_Urban Buses Standard 15 - 18 t_Euro IV,,,-0.04,0.5,11,86,1.06E-05,-0.003052939,0.255186286,0.566072382,-7.52E-05,0.172444991,4.541937056,0,1,1,1 
BD_12,Buses_Diesel_Urban Buses Standard 15 - 18 t_Euro IV,,,-0.04,1,11,86,8.92E-06,-0.002544517,0.209883038,0.347647206,0.000263989,0.119683932,3.551580017,0,1,1,1 
BD_12,Buses_Diesel_Urban Buses Standard 15 - 18 t_Euro IV,,,-0.02,0,11,86,0.000455942,-0.005945067,-0.008885929,7.324951333,0.040858567,-1.399366062,22.90374162,0,1,1,1 
BD_12,Buses_Diesel_Urban Buses Standard 15 - 18 t_Euro IV,,,-0.02,0.5,11,86,4.77E-05,0.513066078,-1.095495263,-0.076921951,0.503895815,1.833426688,-0.069715242,0,1,1,1 
BD_12,Buses_Diesel_Urban Buses Standard 15 - 18 t_Euro IV,,,-0.02,1,11,86,-2.80E-05,-0.003219073,0.537503231,-3.755110962,-0.006527419,0.639660158,-3.536755495,0,1,1,1 
BD_12,Buses_Diesel_Urban Buses Standard 15 - 18 t_Euro IV,,,0,0,11,86,1.53E-15,-5.98E-14,1.00932876,4.80E-11,-0.004991271,0.783645621,6.978215247,0,1,1,1 
BD_12,Buses_Diesel_Urban Buses Standard 15 - 18 t_Euro IV,,,0,0.5,11,86,1.21E-15,1.66E-14,0.895448931,2.38E-11,-0.00297923,0.573992238,5.954539808,0,1,1,1 
BD_12,Buses_Diesel_Urban Buses Standard 15 - 18 t_Euro IV,,,0,1,11,86,5.29E-15,3.13E-13,0.410976447,8.68E-11,-0.001064174,0.242920302,2.388854526,0,1,1,1 
BD_12,Buses_Diesel_Urban Buses Standard 15 - 18 t_Euro IV,,,0.02,0,11,86,-0.00017709,0.012474331,0.345194525,-3.524111873,-0.005989245,0.591913901,-4.084105123,0,1,1,1 
BD_12,Buses_Diesel_Urban Buses Standard 15 - 18 t_Euro IV,,,0.02,0.5,11,86,-3.09E-05,0.021243082,0.651774365,0.954936134,0.003445653,0.446942179,4.411031935,0,1,1,1 
BD_12,Buses_Diesel_Urban Buses Standard 15 - 18 t_Euro IV,,,0.02,1,11,86,-3.68E-18,-3.36E-15,0.566240212,1.66E-14,-0.000494463,0.204747768,2.809435184,0,1,1,1 
BD_12,Buses_Diesel_Urban Buses Standard 15 - 18 t_Euro IV,,,0.04,0,11,86,-6.99E-05,0.029319137,0.674988943,0.638649536,0.003889499,0.467584634,4.398482853,0,1,1,1 
BD_12,Buses_Diesel_Urban Buses Standard 15 - 18 t_Euro IV,,,0.04,0.5,11,83,-0.000565956,0.153582337,1.067885957,-0.927507457,0.025894712,1.406435711,1.565693437,0,1,1,1 
BD_12,Buses_Diesel_Urban Buses Standard 15 - 18 t_Euro IV,,,0.04,1,11,68,0.000195046,-0.006781617,0.258864023,1.554174166,0.003970983,-0.095771493,2.893976492,0,1,1,1 
BD_12,Buses_Diesel_Urban Buses Standard 15 - 18 t_Euro IV,,,0.06,0,11,81,-0.000241327,0.05731488,-0.208527572,-0.88868964,0.008406223,0.361125826,-2.563893777,0,1,1,1 
BD_12,Buses_Diesel_Urban Buses Standard 15 - 18 t_Euro IV,,,0.06,0.5,11,65,-1.54E-05,0.017183103,0.947743521,-0.199560082,0.006986093,0.260387269,3.238337432,0,1,1,1 
BD_12,Buses_Diesel_Urban Buses Standard 15 - 18 t_Euro IV,,,0.06,1,11,55,0.000336133,-0.032074854,1.096491798,0.113526888,0.000496976,0.023814807,4.192378381,0,1,1,1 
BD_13,Buses_Diesel_Urban Buses Standard 15 - 18 t_Euro V,SCR,,-0.06,0,10,85,-0.001471389,0.174128672,-0.79795099,1.472852453,0.31151707,-1.473507107,3.991485361,0,1,1,1 
BD_13,Buses_Diesel_Urban Buses Standard 15 - 18 t_Euro V,SCR,,-0.06,0.5,10,85,-0.003481426,0.405458684,-1.137235438,-1.282542878,0.750747375,-2.434365513,1.42933428,0,1,1,1 
BD_13,Buses_Diesel_Urban Buses Standard 15 - 18 t_Euro V,SCR,,-0.06,1,10,85,-0.005297188,0.498933851,-0.62878312,0.675204494,0.73805596,0.977940765,0.306951265,0,1,1,1 
BD_13,Buses_Diesel_Urban Buses Standard 15 - 18 t_Euro V,SCR,,-0.04,0,10,85,-0.002453726,0.34926532,-1.151084537,1.50300791,0.438427901,-0.687875056,1.713382363,0,1,1,1 
BD_13,Buses_Diesel_Urban Buses Standard 15 - 18 t_Euro V,SCR,,-0.04,0.5,10,85,-0.002102463,0.279395698,-1.079614721,1.533303354,0.345044206,-0.933030925,2.190109849,0,1,1,1 
BD_13,Buses_Diesel_Urban Buses Standard 15 - 18 t_Euro V,SCR,,-0.04,1,10,85,-0.004806376,0.505337023,-0.386275438,0.222861601,0.517737589,1.654818415,0.070875901,0,1,1,1 
BD_13,Buses_Diesel_Urban Buses Standard 15 - 18 t_Euro V,SCR,,-0.02,0,10,85,0.001147428,0.497933275,-0.24802394,0.301666131,0.498794792,1.63719059,0.0952916,0,1,1,1 
BD_13,Buses_Diesel_Urban Buses Standard 15 - 18 t_Euro V,SCR,,-0.02,0.5,10,85,-0.000116154,0.577940244,-0.901110271,-0.117786844,0.581198377,0.096708671,1.684173319,0,1,1,1 
BD_13,Buses_Diesel_Urban Buses Standard 15 - 18 t_Euro V,SCR,,-0.02,1,10,85,-0.001506705,0.427891427,-1.426643718,1.612524044,0.37448337,-0.442600253,0.85035039,0,1,1,1 
BD_13,Buses_Diesel_Urban Buses Standard 15 - 18 t_Euro V,SCR,,0,0,10,85,0.006599426,0.274041898,-0.770927795,1.255927176,0.343715628,-0.77345118,2.316335876,0,1,1,1 
BD_13,Buses_Diesel_Urban Buses Standard 15 - 18 t_Euro V,SCR,,0,0.5,10,85,0.0059689,0.325457602,-0.963548707,1.237491707,0.335407084,-0.640487161,1.471091985,0,1,1,1 
BD_13,Buses_Diesel_Urban Buses Standard 15 - 18 t_Euro V,SCR,,0,1,10,85,0.00659474,0.445975943,-1.457758577,1.708810528,0.406027459,-0.859915427,1.468225088,0,1,1,1 
BD_13,Buses_Diesel_Urban Buses Standard 15 - 18 t_Euro V,SCR,,0.02,0,10,85,-0.000662599,0.060437895,2.514552355,-1.807320516,-0.018516174,2.462789767,1.339398647,0,1,1,1 
BD_13,Buses_Diesel_Urban Buses Standard 15 - 18 t_Euro V,SCR,,0.02,0.5,10,85,-0.000541597,0.040330399,1.981176922,-1.242453791,-0.013452097,1.642224242,1.215765708,0,1,1,1 
BD_13,Buses_Diesel_Urban Buses Standard 15 - 18 t_Euro V,SCR,,0.02,1,10,85,-0.000456109,0.030891409,2.199824689,-1.162437389,-0.011785955,1.508081698,1.663163159,0,1,1,1 
BD_13,Buses_Diesel_Urban Buses Standard 15 - 18 t_Euro V,SCR,,0.04,0,10,85,-0.001174064,0.095694188,2.834981503,-1.976291656,-0.020134837,2.559251504,0.358331298,0,1,1,1 
BD_13,Buses_Diesel_Urban Buses Standard 15 - 18 t_Euro V,SCR,,0.04,0.5,10,80,-0.000473934,0.028525346,1.620917746,-0.636787271,-0.009166603,1.045448109,0.986663244,0,1,1,1 
BD_13,Buses_Diesel_Urban Buses Standard 15 - 18 t_Euro V,SCR,,0.04,1,10,70,-0.000249086,0.011349249,1.816062293,-0.282575951,-0.005755822,0.87055761,1.583593717,0,1,1,1 
BD_13,Buses_Diesel_Urban Buses Standard 15 - 18 t_Euro V,SCR,,0.06,0,10,75,-0.000614935,0.039577248,1.603227359,-0.514673592,-0.009563653,1.098632111,0.88383867,0,1,1,1 
BD_13,Buses_Diesel_Urban Buses Standard 15 - 18 t_Euro V,SCR,,0.06,0.5,10,60,-0.00016162,-0.021887491,2.145115067,1.236904178,-0.012474916,0.787881325,3.245884491,0,1,1,1 
BD_13,Buses_Diesel_Urban Buses Standard 15 - 18 t_Euro V,SCR,,0.06,1,10,55,0.002653858,0.315917962,-1.813373817,1.324748286,0.147576448,-0.690180362,-1.32E-06,0,1,1,1 
BD_13,Buses_Diesel_Urban Buses Standard 15 - 18 t_Euro V,EGR,,-0.06,0,10,80,-0.00301973,0.25546388,-1.026978283,1.640534813,0.371941659,1.075470442,0.964673558,0,1,1,1 
BD_13,Buses_Diesel_Urban Buses Standard 15 - 18 t_Euro V,EGR,,-0.06,0.5,10,80,-0.002966457,0.250173845,-1.017424096,1.562348956,0.405694518,0.792606179,0.958702297,0,1,1,1 
BD_13,Buses_Diesel_Urban Buses Standard 15 - 18 t_Euro V,EGR,,-0.06,1,10,80,-0.002614067,0.22019788,-0.828687608,1.178722404,0.38196028,0.677312319,1.625815142,0,1,1,1 
BD_13,Buses_Diesel_Urban Buses Standard 15 - 18 t_Euro V,EGR,,-0.04,0,10,85,-0.001481057,0.160332344,-0.5065476,0.810053707,0.15473823,1.029729433,1.527824922,0,1,1,1 
BD_13,Buses_Diesel_Urban Buses Standard 15 - 18 t_Euro V,EGR,,-0.04,0.5,10,85,-0.002090327,0.200683207,-0.625331861,0.840490548,0.179746173,1.577432589,0.389768286,0,1,1,1 
BD_13,Buses_Diesel_Urban Buses Standard 15 - 18 t_Euro V,EGR,,-0.04,1,10,85,-0.002195859,0.202196934,-0.624987896,0.807545984,0.178147666,1.605241974,0.381759286,0,1,1,1 
BD_13,Buses_Diesel_Urban Buses Standard 15 - 18 t_Euro V,EGR,,-0.02,0,10,85,0.000127681,-0.014598957,0.506168447,-0.280028743,0.001058165,-0.115219961,7.916416067,0,1,1,1 
BD_13,Buses_Diesel_Urban Buses Standard 15 - 18 t_Euro V,EGR,,-0.02,0.5,10,85,6.26E-05,-0.007533868,0.277592732,-0.149667071,0.000403084,-0.040118372,4.269952714,0,1,1,1 
BD_13,Buses_Diesel_Urban Buses Standard 15 - 18 t_Euro V,EGR,,-0.02,1,10,85,5.78E-05,0.001979966,0.203915999,0.020037249,0.011566924,-0.123643563,4.603643324,0,1,1,1 
BD_13,Buses_Diesel_Urban Buses Standard 15 - 18 t_Euro V,EGR,,0,0,10,85,7.06E-05,-0.009638637,0.398259913,-0.163050772,7.37E-05,-0.048503115,5.062702068,0,1,1,1 
BD_13,Buses_Diesel_Urban Buses Standard 15 - 18 t_Euro V,EGR,,0,0.5,10,85,7.98E-05,-0.010622652,0.429472115,-0.155401286,0.000205879,-0.059166649,5.269608919,0,1,1,1 
BD_13,Buses_Diesel_Urban Buses Standard 15 - 18 t_Euro V,EGR,,0,1,10,85,9.54E-05,-0.012595369,0.506732757,-0.159705115,0.000284449,-0.070313267,6.025473045,0,1,1,1 
BD_13,Buses_Diesel_Urban Buses Standard 15 - 18 t_Euro V,EGR,,0.02,0,10,85,0.000143875,-0.017356842,0.670311232,0.072812465,0.000817922,-0.123523686,7.914524758,0,1,1,1 
BD_13,Buses_Diesel_Urban Buses Standard 15 - 18 t_Euro V,EGR,,0.02,0.5,10,85,0.000119709,-0.012515773,0.418839528,0.155457656,0.001103159,-0.113132952,4.883818684,0,1,1,1 
BD_13,Buses_Diesel_Urban Buses Standard 15 - 18 t_Euro V,EGR,,0.02,1,10,85,0.000151209,-0.014040008,0.408979593,0.252087371,0.001691404,-0.145618789,4.774856559,0,1,1,1 
BD_13,Buses_Diesel_Urban Buses Standard 15 - 18 t_Euro V,EGR,,0.04,0,10,85,0.000137068,-0.013022338,0.390361721,0.255252574,0.001464273,-0.131290976,4.501951153,0,1,1,1 
BD_13,Buses_Diesel_Urban Buses Standard 15 - 18 t_Euro V,EGR,,0.04,0.5,10,80,0.000261918,-0.01411772,0.303485432,0.441679772,0.004043374,-0.196979458,3.915739394,0,1,1,1 
BD_13,Buses_Diesel_Urban Buses Standard 15 - 18 t_Euro V,EGR,,0.04,1,10,70,0.000285333,-0.004060281,0.203579725,0.48324053,0.005701887,-0.13306541,2.95691947,0,1,1,1 
BD_13,Buses_Diesel_Urban Buses Standard 15 - 18 t_Euro V,EGR,,0.06,0,10,80,0.000279128,-0.01362054,0.292769074,0.466088813,0.004380242,-0.196572309,3.79580094,0,1,1,1 
BD_13,Buses_Diesel_Urban Buses Standard 15 - 18 t_Euro V,EGR,,0.06,0.5,10,60,0.000300583,-0.01532135,0.259866408,0.476458396,0.003791892,-0.185373149,3.080320545,0,1,1,1 
BD_13,Buses_Diesel_Urban Buses Standard 15 - 18 t_Euro V,EGR,,0.06,1,10,55,-6.87E-05,0.006905896,0.209199261,0.537723485,0.001415631,-0.001866102,2.472457937,0,1,1,1 
BD_14,Buses_Diesel_Urban Buses Standard 15 - 18 t_Euro VI,,,-0.06,0,10,75,-0.001551485,0.121431854,0.001758375,0.073512092,1.540655078,0.466624715,0.343783797,0,1,1,1 
BD_14,Buses_Diesel_Urban Buses Standard 15 - 18 t_Euro VI,,,-0.06,0.5,10,75,-0.001472597,0.11298272,0.010627614,0.093827709,1.537082032,0.470848117,0.340126183,0,1,1,1 
BD_14,Buses_Diesel_Urban Buses Standard 15 - 18 t_Euro VI,,,-0.06,1,10,75,-0.00145907,0.109640556,0.007695498,0.097851867,1.537647366,0.47058741,0.338438152,0,1,1,1 
BD_14,Buses_Diesel_Urban Buses Standard 15 - 18 t_Euro VI,,,-0.04,0,10,85,-1.32E-05,0.001964672,-0.050306921,0.456790339,0.018867278,-0.574586355,5.640042634,0,1,1,1 
BD_14,Buses_Diesel_Urban Buses Standard 15 - 18 t_Euro VI,,,-0.04,0.5,10,85,-0.001195062,0.115349892,-0.25716968,0.966624776,1.116953827,0.53277019,0.276147416,0,1,1,1 
BD_14,Buses_Diesel_Urban Buses Standard 15 - 18 t_Euro VI,,,-0.04,1,10,85,-0.001377971,0.127721227,-0.241035381,0.705365165,1.288199436,0.493078085,0.295941579,0,1,1,1 
BD_14,Buses_Diesel_Urban Buses Standard 15 - 18 t_Euro VI,,,-0.02,0,10,85,9.73E-06,-0.000790117,0.003637964,1.276487622,0.00354335,-0.388307895,16.55308384,0,1,1,1 
BD_14,Buses_Diesel_Urban Buses Standard 15 - 18 t_Euro VI,,,-0.02,0.5,10,85,5.62E-06,-0.000774087,0.015859022,1.250630431,-0.000196547,-0.148474351,16.1394206,0,1,1,1 
BD_14,Buses_Diesel_Urban Buses Standard 15 - 18 t_Euro VI,,,-0.02,1,10,85,-3.78E-06,0.002745497,-0.071441989,0.763342606,0.03082868,-0.881202984,9.389146237,0,1,1,1 
BD_14,Buses_Diesel_Urban Buses Standard 15 - 18 t_Euro VI,,,0,0,10,85,1.51E-05,-0.000855049,-0.006180485,1.214834214,0.005981171,-0.506935174,14.41431913,0,1,1,1 
BD_14,Buses_Diesel_Urban Buses Standard 15 - 18 t_Euro VI,,,0,0.5,10,85,7.72E-06,-0.000391048,-0.006566619,0.573223655,0.003274204,-0.270774685,6.749392277,0,1,1,1 
BD_14,Buses_Diesel_Urban Buses Standard 15 - 18 t_Euro VI,,,0,1,10,85,6.85E-05,0.001297508,-0.090732165,0.964833288,0.039018347,-1.251478117,11.00387657,0,1,1,1 
BD_14,Buses_Diesel_Urban Buses Standard 15 - 18 t_Euro VI,,,0.02,0,10,85,6.41E-05,0.000440119,-0.065953435,0.839026777,0.027553999,-0.932003488,8.984555252,0,1,1,1 
BD_14,Buses_Diesel_Urban Buses Standard 15 - 18 t_Euro VI,,,0.02,0.5,10,85,5.24E-05,0.000668312,-0.047080692,0.478972977,0.021450915,-0.609012516,5.008481951,0,1,1,1 
BD_14,Buses_Diesel_Urban Buses Standard 15 - 18 t_Euro VI,,,0.02,1,10,85,5.63E-05,0.000640467,-0.046006777,0.466160707,0.02144574,-0.593798152,4.830436777,0,1,1,1 
BD_14,Buses_Diesel_Urban Buses Standard 15 - 18 t_Euro VI,,,0.04,0,10,85,8.36E-05,0.001060948,-0.061491409,0.655469185,0.030848813,-0.799357968,6.683527212,0,1,1,1 
BD_14,Buses_Diesel_Urban Buses Standard 15 - 18 t_Euro VI,,,0.04,0.5,10,85,9.05E-05,0.001160306,-0.053552461,0.724783391,0.030714975,-0.748748303,7.355017094,0,1,1,1 
BD_14,Buses_Diesel_Urban Buses Standard 15 - 18 t_Euro VI,,,0.04,1,10,70,0.000159484,-7.11E-05,-0.083621783,0.898134216,0.042991442,-1.193153917,9.197952102,0,1,1,1 
BD_14,Buses_Diesel_Urban Buses Standard 15 - 18 t_Euro VI,,,0.06,0,10,80,0.00032251,0.038091618,0.229492393,0.145290959,0.154036013,3.088575325,0.408553446,0,1,1,1 
BD_14,Buses_Diesel_Urban Buses Standard 15 - 18 t_Euro VI,,,0.06,0.5,10,65,0.000134731,0.024609164,0.169614406,0.107380076,0.073514439,2.21469726,0.391697379,0,1,1,1 
BD_14,Buses_Diesel_Urban Buses Standard 15 - 18 t_Euro VI,,,0.06,1,10,55,-0.000216539,0.018824529,0.197369029,0.114987093,-0.004665786,2.469680442,0.460297818,0,1,1,1 
BD_15,Buses_Diesel_Urban Buses Articulated >18 t_Conventional,,,-0.06,0,11,86,0.00016434,-0.017166868,1.218628197,4.380418371,0.001011224,0.035676071,0.792449471,0,1,1,1 
BD_15,Buses_Diesel_Urban Buses Articulated >18 t_Conventional,,,-0.06,0.5,11,86,0.000113351,-0.011873785,0.784912923,2.344542832,0.000666371,0.017279245,0.534153381,0,1,1,1 
BD_15,Buses_Diesel_Urban Buses Articulated >18 t_Conventional,,,-0.06,1,11,86,0.00013535,-0.01601501,1.122241964,3.288534079,0.000771039,0.028920792,0.726619133,0,1,1,1 
BD_15,Buses_Diesel_Urban Buses Articulated >18 t_Conventional,,,-0.04,0,11,86,-2.15E-05,0.011661511,1.315619139,-4.029809948,0.002294666,0.046355068,0.062541402,0,1,1,1 
BD_15,Buses_Diesel_Urban Buses Articulated >18 t_Conventional,,,-0.04,0.5,11,86,-2.05E-05,0.009601587,1.371745408,-4.58111298,0.002229761,0.040258988,0.114300069,0,1,1,1 
BD_15,Buses_Diesel_Urban Buses Articulated >18 t_Conventional,,,-0.04,1,11,86,5.37E-06,-0.002307177,2.189885074,0.115989191,0.001988117,0.067751002,0.641794369,0,1,1,1 
BD_15,Buses_Diesel_Urban Buses Articulated >18 t_Conventional,,,-0.02,0,11,86,0.000197896,-0.009218581,0.780776367,3.080067213,0.00063378,0.015437504,0.408069563,0,1,1,1 
BD_15,Buses_Diesel_Urban Buses Articulated >18 t_Conventional,,,-0.02,0.5,11,86,-2.69E-05,0.038050385,2.095694135,-4.467280539,0.002761867,0.091254152,-0.00537628,0,1,1,1 
BD_15,Buses_Diesel_Urban Buses Articulated >18 t_Conventional,,,-0.02,1,11,86,-0.000155882,0.037228421,2.061477844,-0.654018391,0.002029754,0.087738478,0.229300195,0,1,1,1 
BD_15,Buses_Diesel_Urban Buses Articulated >18 t_Conventional,,,0,0,11,86,1.05E-05,0.007824303,2.154963867,0.805652749,-0.000197474,0.116473873,0.044492553,0,1,1,1 
BD_15,Buses_Diesel_Urban Buses Articulated >18 t_Conventional,,,0,0.5,11,86,0.000162696,0.088620588,1.373588323,-6.382298241,0.00227823,0.108734655,-0.553906611,0,1,1,1 
BD_15,Buses_Diesel_Urban Buses Articulated >18 t_Conventional,,,0,1,11,86,8.98E-05,0.050795413,0.705849704,-5.338821594,0.001153306,0.051571506,-0.325091477,0,1,1,1 
BD_15,Buses_Diesel_Urban Buses Articulated >18 t_Conventional,,,0.02,0,11,86,0.000440846,0.096312508,1.26422179,3.876691908,0.001639107,0.14055609,-0.463633286,0,1,1,1 
BD_15,Buses_Diesel_Urban Buses Articulated >18 t_Conventional,,,0.02,0.5,11,83,0.000814577,0.151485876,1.633069322,4.155677097,0.0018535,0.174155001,-0.53938178,0,1,1,1 
BD_15,Buses_Diesel_Urban Buses Articulated >18 t_Conventional,,,0.02,1,11,75,0.001375335,0.010460969,2.892308129,3.535905905,0.001374196,0.055300636,0.527952615,0,1,1,1 
BD_15,Buses_Diesel_Urban Buses Articulated >18 t_Conventional,,,0.04,0,11,76,0.000329288,0.078869993,0.597946174,5.465730062,0.000326381,0.104067492,-0.386382252,0,1,1,1 
BD_15,Buses_Diesel_Urban Buses Articulated >18 t_Conventional,,,0.04,0.5,11,60,0.005540773,-0.138591994,1.468808259,4.255530732,0.004040906,-0.097270319,0.933328574,0,1,1,1 
BD_15,Buses_Diesel_Urban Buses Articulated >18 t_Conventional,,,0.04,1,10,45,0.002710828,-0.160439042,3.166570822,3.383442182,0.001441215,-0.067142169,1.206843955,0,1,1,1 
BD_15,Buses_Diesel_Urban Buses Articulated >18 t_Conventional,,,0.06,0,11,59,0.006422195,-0.146946037,1.448993213,4.087169768,0.004705303,-0.103379255,0.911292029,0,1,1,1 
BD_15,Buses_Diesel_Urban Buses Articulated >18 t_Conventional,,,0.06,0.5,10,44,0.003621986,-0.208719512,3.649350189,3.617466276,0.001569474,-0.080784027,1.348703808,0,1,1,1 
BD_15,Buses_Diesel_Urban Buses Articulated >18 t_Conventional,,,0.06,1,9,34,0.007128601,-0.212070317,1.142340313,15.55347352,0.003574046,-0.1131625,1.018109551,0,1,1,1 
BD_16,Buses_Diesel_Urban Buses Articulated >18 t_Euro I,,,-0.06,0,11,86,-4.29E-15,1.14E-12,3.564926292,3.69E-09,0.004583036,0.394956313,0.106135357,0,1,1,1 
BD_16,Buses_Diesel_Urban Buses Articulated >18 t_Euro I,,,-0.06,0.5,11,86,-1.10E-14,2.78E-12,2.154560277,1.79E-09,0.003162362,0.208954086,0.381417661,0,1,1,1 
BD_16,Buses_Diesel_Urban Buses Articulated >18 t_Euro I,,,-0.06,1,11,86,6.10E-06,-0.002610174,0.367657427,2.593054044,5.90E-05,0.041142766,0.343370695,0,1,1,1 
BD_16,Buses_Diesel_Urban Buses Articulated >18 t_Euro I,,,-0.04,0,11,86,-3.85E-05,0.035390056,2.345610361,-5.973166203,0.007185514,0.197876109,-0.112882857,0,1,1,1 
BD_16,Buses_Diesel_Urban Buses Articulated >18 t_Euro I,,,-0.04,0.5,11,86,-2.61E-15,7.49E-13,3.063583906,2.05E-10,0.002787735,0.270745727,0.761058336,0,1,1,1 
BD_16,Buses_Diesel_Urban Buses Articulated >18 t_Euro I,,,-0.04,1,11,86,9.83E-06,-0.003253442,0.323721091,1.837848724,-4.97E-05,0.025949051,0.306623221,0,1,1,1 
BD_16,Buses_Diesel_Urban Buses Articulated >18 t_Euro I,,,-0.02,0,11,86,1.26E-15,1.04E-13,2.694018136,1.18E-10,-0.001064406,0.283487559,0.407756058,0,1,1,1 
BD_16,Buses_Diesel_Urban Buses Articulated >18 t_Euro I,,,-0.02,0.5,11,86,7.25E-06,0.057500622,2.577773661,-2.205672429,0.004771055,0.24660047,0.40779355,0,1,1,1 
BD_16,Buses_Diesel_Urban Buses Articulated >18 t_Euro I,,,-0.02,1,11,86,-1.88E-05,0.04010375,2.133574173,-0.747063903,0.003731016,0.153226908,0.825850464,0,1,1,1 
BD_16,Buses_Diesel_Urban Buses Articulated >18 t_Euro I,,,0,0,11,86,0.006605128,-0.07667479,-2.59984614,94.77923957,0.036724671,-1.350570741,18.28242856,0,1,1,1 
BD_16,Buses_Diesel_Urban Buses Articulated >18 t_Euro I,,,0,0.5,11,86,0.000465635,0.002983315,-0.322790517,4.254607667,0.002411213,-0.070351306,0.667429645,0,1,1,1 
BD_16,Buses_Diesel_Urban Buses Articulated >18 t_Euro I,,,0,1,11,86,0.000571261,0.009507273,-0.446985891,4.030982912,0.002742549,-0.06762449,0.514260736,0,1,1,1 
BD_16,Buses_Diesel_Urban Buses Articulated >18 t_Euro I,,,0.02,0,11,86,0.003431573,0.137091556,1.702877066,2.918227397,0.012392884,0.245605229,0.350331113,0,1,1,1 
BD_16,Buses_Diesel_Urban Buses Articulated >18 t_Euro I,,,0.02,0.5,11,84,0.000706775,0.116531103,-0.19596543,-4.726296197,0.002698262,0.184314914,-1.609132506,0,1,1,1 
BD_16,Buses_Diesel_Urban Buses Articulated >18 t_Euro I,,,0.02,1,11,76,-0.00024243,0.014224264,1.531606315,3.671475243,-0.000702123,0.070110863,1.161765008,0,1,1,1 
BD_16,Buses_Diesel_Urban Buses Articulated >18 t_Euro I,,,0.04,0,11,77,0.000417671,0.138251535,-0.679567883,-6.825866181,0.001374339,0.24155627,-2.5752824,0,1,1,1 
BD_16,Buses_Diesel_Urban Buses Articulated >18 t_Euro I,,,0.04,0.5,11,61,0.003515165,-0.075269538,1.322788268,4.86213236,0.00456588,-0.091439669,1.665076337,0,1,1,1 
BD_16,Buses_Diesel_Urban Buses Articulated >18 t_Euro I,,,0.04,1,10,48,0.000771487,-0.075278403,2.513473139,-0.252861475,0.000143668,-0.019636319,1.455030622,0,1,1,1 
BD_16,Buses_Diesel_Urban Buses Articulated >18 t_Euro I,,,0.06,0,11,60,0.000852789,0.064383544,0.625893923,7.561817357,0.000696047,0.113077815,0.671710445,0,1,1,1 
BD_16,Buses_Diesel_Urban Buses Articulated >18 t_Euro I,,,0.06,0.5,10,44,0.002289829,-0.200093584,5.884559839,-2.608996477,0.000887195,-0.087107784,3.54288822,0,1,1,1 
BD_16,Buses_Diesel_Urban Buses Articulated >18 t_Euro I,,,0.06,1,9,36,0.010672318,-0.388387247,3.981183868,7.560826592,0.008914211,-0.313983826,3.343315595,0,1,1,1 
BD_17,Buses_Diesel_Urban Buses Articulated >18 t_Euro II,,,-0.06,0,11,86,2.42E-05,-0.007091008,0.519211194,2.11210631,-0.000813939,0.097150843,2.158919452,0,1,1,1 
BD_17,Buses_Diesel_Urban Buses Articulated >18 t_Euro II,,,-0.06,0.5,11,86,-0.000116586,0.034207719,-0.504893404,4.212403208,0.009953773,-0.180565772,1.916108637,0,1,1,1 
BD_17,Buses_Diesel_Urban Buses Articulated >18 t_Euro II,,,-0.06,1,11,86,-8.86E-06,0.003599648,1.38806131,-0.186623337,0.007271496,0.049006876,4.930862851,0,1,1,1 
BD_17,Buses_Diesel_Urban Buses Articulated >18 t_Euro II,,,-0.04,0,11,86,2.98E-05,-0.00918108,0.576563625,2.703722772,-0.001143024,0.08542668,2.258610125,0,1,1,1 
BD_17,Buses_Diesel_Urban Buses Articulated >18 t_Euro II,,,-0.04,0.5,11,86,-0.000429153,0.075308813,-0.987614664,3.302028752,0.011278778,-0.078757688,-0.143499429,0,1,1,1 
BD_17,Buses_Diesel_Urban Buses Articulated >18 t_Euro II,,,-0.04,1,11,86,-2.44E-06,0.000917374,0.919571975,-0.049201819,0.003617423,0.009659132,2.752550958,0,1,1,1 
BD_17,Buses_Diesel_Urban Buses Articulated >18 t_Euro II,,,-0.02,0,11,86,0.000294079,0.003953605,-0.276488702,4.55465881,0.006005336,-0.189694949,2.142431512,0,1,1,1 
BD_17,Buses_Diesel_Urban Buses Articulated >18 t_Euro II,,,-0.02,0.5,11,86,-4.44E-05,-0.000144844,0.392212424,-3.121404072,-0.001056326,0.102339881,-0.675951273,0,1,1,1 
BD_17,Buses_Diesel_Urban Buses Articulated >18 t_Euro II,,,-0.02,1,11,86,-2.68E-05,-0.001414517,0.362423477,-2.525406846,-0.000726129,0.069894571,-0.371837864,0,1,1,1 
BD_17,Buses_Diesel_Urban Buses Articulated >18 t_Euro II,,,0,0,11,86,1.06E-16,-4.06E-15,1.658400467,3.88E-12,-0.002083576,0.279079607,1.857364292,0,1,1,1 
BD_17,Buses_Diesel_Urban Buses Articulated >18 t_Euro II,,,0,0.5,11,86,1.78E-06,0.010428289,0.85892929,3.446692921,-0.000455156,0.143189001,1.453236269,0,1,1,1 
BD_17,Buses_Diesel_Urban Buses Articulated >18 t_Euro II,,,0,1,11,86,0.000428948,-0.012587195,0.028372183,4.617546912,0.002484408,-0.104009742,1.571855006,0,1,1,1 
BD_17,Buses_Diesel_Urban Buses Articulated >18 t_Euro II,,,0.02,0,11,86,0.001022424,-0.010682399,-0.259468088,5.794832725,0.006728257,-0.203568735,2.046532088,0,1,1,1 
BD_17,Buses_Diesel_Urban Buses Articulated >18 t_Euro II,,,0.02,0.5,11,86,0.000661438,0.004250023,-0.311887563,3.699304602,0.004258441,-0.103814912,0.90347131,0,1,1,1 
BD_17,Buses_Diesel_Urban Buses Articulated >18 t_Euro II,,,0.02,1,11,79,0.000583851,0.03482443,-0.739836102,3.518422562,0.005080423,-0.081473502,0.332016062,0,1,1,1 
BD_17,Buses_Diesel_Urban Buses Articulated >18 t_Euro II,,,0.04,0,11,81,0.000204891,0.048586219,0.033409629,-4.014645524,0.002479913,0.121574928,-1.232281093,0,1,1,1 
BD_17,Buses_Diesel_Urban Buses Articulated >18 t_Euro II,,,0.04,0.5,11,60,-0.000133426,0.078148608,2.138067848,3.087514421,0.002296706,0.226759599,1.78751571,0,1,1,1 
BD_17,Buses_Diesel_Urban Buses Articulated >18 t_Euro II,,,0.04,1,10,54,0.000690257,-0.071474703,2.200039777,-0.731076115,0.00026216,-0.033073275,1.973381799,0,1,1,1 
BD_17,Buses_Diesel_Urban Buses Articulated >18 t_Euro II,,,0.06,0,11,55,0.000955452,0.004793602,-0.468668636,4.005100719,0.004807553,-0.11192199,0.742982666,0,1,1,1 
BD_17,Buses_Diesel_Urban Buses Articulated >18 t_Euro II,,,0.06,0.5,10,48,0.000863427,-0.081246613,2.227164847,-1.433500557,0.000416199,-0.042241213,1.879656961,0,1,1,1 
BD_17,Buses_Diesel_Urban Buses Articulated >18 t_Euro II,,,0.06,1,9,39,0.001988748,-0.09794796,1.412290424,2.62811931,0.002838662,-0.117605126,1.593796005,0,1,1,1 
BD_18,Buses_Diesel_Urban Buses Articulated >18 t_Euro III,,,-0.06,0,11,86,-8.08E-06,0.088620102,2.861384632,-4.725023931,0.019520897,0.658837801,1.274599373,0,1,1,1 
BD_18,Buses_Diesel_Urban Buses Articulated >18 t_Euro III,,,-0.06,0.5,11,86,-1.96E-05,0.065815662,2.660227548,-5.550308376,0.015176969,0.554438348,1.233563479,0,1,1,1 
BD_18,Buses_Diesel_Urban Buses Articulated >18 t_Euro III,,,-0.06,1,11,86,0.000151555,-0.00044062,0.026481561,4.173963928,0.00371189,-0.118264527,2.22213536,0,1,1,1 
BD_18,Buses_Diesel_Urban Buses Articulated >18 t_Euro III,,,-0.04,0,11,86,9.76E-06,0.070635097,3.328569042,-3.816384003,0.013242194,0.735218904,1.510681808,0,1,1,1 
BD_18,Buses_Diesel_Urban Buses Articulated >18 t_Euro III,,,-0.04,0.5,11,86,0.000125137,0.008191225,-0.188301905,4.116447036,0.004441954,-0.124898005,1.740954015,0,1,1,1 
BD_18,Buses_Diesel_Urban Buses Articulated >18 t_Euro III,,,-0.04,1,11,86,0.000241961,0.018605892,-0.336585411,8.860196617,0.009387854,-0.253956532,3.785094041,0,1,1,1 
BD_18,Buses_Diesel_Urban Buses Articulated >18 t_Euro III,,,-0.02,0,11,86,5.34E-18,2.30E-16,1.670333133,1.87E-13,-0.00124209,0.294360199,1.553922686,0,1,1,1 
BD_18,Buses_Diesel_Urban Buses Articulated >18 t_Euro III,,,-0.02,0.5,11,86,0.00027681,-0.009584537,0.297808066,4.14744483,0.003113275,-0.101784259,2.44785184,0,1,1,1 
BD_18,Buses_Diesel_Urban Buses Articulated >18 t_Euro III,,,-0.02,1,11,86,0.000110216,0.007274922,-0.182038572,2.477794473,0.002828881,-0.073576515,0.838351425,0,1,1,1 
BD_18,Buses_Diesel_Urban Buses Articulated >18 t_Euro III,,,0,0,11,86,5.40E-15,-1.69E-13,1.782558501,2.68E-10,-0.001934124,0.315925742,1.558659297,0,1,1,1 
BD_18,Buses_Diesel_Urban Buses Articulated >18 t_Euro III,,,0,0.5,11,86,0.000501047,-0.013664809,0.1763635,5.463200761,0.004229161,-0.154175795,2.738627394,0,1,1,1 
BD_18,Buses_Diesel_Urban Buses Articulated >18 t_Euro III,,,0,1,11,86,0.002375531,-0.013492293,-0.510583315,21.52649097,0.022148047,-0.66807225,8.642220176,0,1,1,1 
BD_18,Buses_Diesel_Urban Buses Articulated >18 t_Euro III,,,0.02,0,11,86,-1.89E-05,0.00283782,0.364415337,1.433973805,-0.000289726,0.058471191,0.666495383,0,1,1,1 
BD_18,Buses_Diesel_Urban Buses Articulated >18 t_Euro III,,,0.02,0.5,11,86,-2.40E-05,0.005163518,0.490804642,1.691242657,-0.000309641,0.071198556,0.846233549,0,1,1,1 
BD_18,Buses_Diesel_Urban Buses Articulated >18 t_Euro III,,,0.02,1,11,81,-1.46E-05,-0.000508916,0.392521498,3.210920657,-0.000185279,0.02080725,1.177595634,0,1,1,1 
BD_18,Buses_Diesel_Urban Buses Articulated >18 t_Euro III,,,0.04,0,11,82,-4.32E-07,0.009959226,0.81376796,3.204968633,-0.000429095,0.130753112,1.295644974,0,1,1,1 
BD_18,Buses_Diesel_Urban Buses Articulated >18 t_Euro III,,,0.04,0.5,11,66,-3.28E-05,-0.00331522,0.407253233,2.993394818,-0.000332885,0.009815648,1.201989464,0,1,1,1 
BD_18,Buses_Diesel_Urban Buses Articulated >18 t_Euro III,,,0.04,1,10,55,0.000425982,-0.044643265,1.975227434,-0.002252989,1.52E-05,-0.007074131,2.719180676,0,1,1,1 
BD_18,Buses_Diesel_Urban Buses Articulated >18 t_Euro III,,,0.06,0,11,64,0.000681937,0.121662026,0.175761681,-4.880768509,0.006516852,0.352004472,-2.345778718,0,1,1,1 
BD_18,Buses_Diesel_Urban Buses Articulated >18 t_Euro III,,,0.06,0.5,11,49,0.000563011,-0.0525744,1.477370018,-2.054612617,0.00050792,-0.049853067,1.852650663,0,1,1,1 
BD_18,Buses_Diesel_Urban Buses Articulated >18 t_Euro III,,,0.06,1,9,40,-0.000590924,0.061102219,2.914295005,-1.063614688,0.001655449,0.09176251,3.241511447,0,1,1,1 
BD_19,Buses_Diesel_Urban Buses Articulated >18 t_Euro IV,,,-0.06,0,11,86,7.39E-06,-0.002104124,0.173520764,0.378474755,0.000198427,0.13861808,3.482062208,0,1,1,1 
BD_19,Buses_Diesel_Urban Buses Articulated >18 t_Euro IV,,,-0.06,0.5,11,86,9.01E-06,-0.002544516,0.206877177,0.31365887,0.000466461,0.135729812,4.114478513,0,1,1,1 
BD_19,Buses_Diesel_Urban Buses Articulated >18 t_Euro IV,,,-0.06,1,11,86,9.46E-06,-0.002657938,0.213522755,0.220785265,0.000659551,0.117832288,4.168045738,0,1,1,1 
BD_19,Buses_Diesel_Urban Buses Articulated >18 t_Euro IV,,,-0.04,0,11,86,1.09E-05,-0.003132115,0.261811666,0.619050858,-0.000196969,0.16502049,4.254238548,0,1,1,1 
BD_19,Buses_Diesel_Urban Buses Articulated >18 t_Euro IV,,,-0.04,0.5,11,86,2.07E-05,-0.00664209,0.444511942,-2.199248765,-0.004538364,0.423418434,-0.463167717,0,1,1,1 
BD_19,Buses_Diesel_Urban Buses Articulated >18 t_Euro IV,,,-0.04,1,11,86,4.00E-05,-0.010419346,0.63325071,-2.733280979,-0.005538121,0.50319808,0.632704546,0,1,1,1 
BD_19,Buses_Diesel_Urban Buses Articulated >18 t_Euro IV,,,-0.02,0,11,86,1.17E-06,0.012004469,0.921563117,-1.824488571,0.009673394,0.90113842,3.300155263,0,1,1,1 
BD_19,Buses_Diesel_Urban Buses Articulated >18 t_Euro IV,,,-0.02,0.5,11,86,-8.80E-05,-0.009572216,1.631808155,-11.38749631,-0.017368101,1.706867661,-9.413075431,0,1,1,1 
BD_19,Buses_Diesel_Urban Buses Articulated >18 t_Euro IV,,,-0.02,1,11,86,-8.00E-05,-0.014133669,1.980635059,-14.39318954,-0.019122049,1.887246186,-11.51642753,0,1,1,1 
BD_19,Buses_Diesel_Urban Buses Articulated >18 t_Euro IV,,,0,0,11,86,-1.66E-15,1.52E-15,0.617566503,-3.40E-11,-0.001819635,0.354283255,3.832210621,0,1,1,1 
BD_19,Buses_Diesel_Urban Buses Articulated >18 t_Euro IV,,,0,0.5,11,86,9.41E-19,1.47E-16,0.528508624,3.25E-14,-0.00116418,0.280386946,2.486321085,0,1,1,1 
BD_19,Buses_Diesel_Urban Buses Articulated >18 t_Euro IV,,,0,1,11,86,0.001916748,0.015166328,-0.637674622,26.3497929,0.09382871,-2.68142558,38.33718703,0,1,1,1 
BD_19,Buses_Diesel_Urban Buses Articulated >18 t_Euro IV,,,0.02,0,11,86,-0.000117433,0.005387305,0.511118532,-3.17487646,-0.004140856,0.397510191,-1.326447815,0,1,1,1 
BD_19,Buses_Diesel_Urban Buses Articulated >18 t_Euro IV,,,0.02,0.5,11,86,3.56E-05,0.039500554,1.438487864,-2.083431553,0.009729098,0.727772043,3.680758296,0,1,1,1 
BD_19,Buses_Diesel_Urban Buses Articulated >18 t_Euro IV,,,0.02,1,11,82,1.47E-05,0.049986037,2.749082517,-5.536204964,0.013837939,1.07547022,4.668192795,0,1,1,1 
BD_19,Buses_Diesel_Urban Buses Articulated >18 t_Euro IV,,,0.04,0,11,84,-0.000414363,0.116481351,1.045400459,-0.310189923,0.017751402,1.045539112,2.37889949,0,1,1,1 
BD_19,Buses_Diesel_Urban Buses Articulated >18 t_Euro IV,,,0.04,0.5,11,68,-8.88E-06,0.318582264,0.478495424,-2.052234885,0.100899451,0.665952562,1.742414385,0,1,1,1 
BD_19,Buses_Diesel_Urban Buses Articulated >18 t_Euro IV,,,0.04,1,10,56,0.000460013,-0.037583975,1.345818342,0.629007246,0.00210585,0.01230033,5.031898008,0,1,1,1 
BD_19,Buses_Diesel_Urban Buses Articulated >18 t_Euro IV,,,0.06,0,11,67,-1.17E-05,0.011970803,0.702158618,-0.149902206,0.004527485,0.167038665,2.333308145,0,1,1,1 
BD_19,Buses_Diesel_Urban Buses Articulated >18 t_Euro IV,,,0.06,0.5,10,51,0.000313591,-0.025273526,0.962281242,0.586698458,0.002155719,0.0079133,3.389756292,0,1,1,1 
BD_19,Buses_Diesel_Urban Buses Articulated >18 t_Euro IV,,,0.06,1,6,41,0.000835636,-0.068816387,1.513074675,-0.373051108,0.000662108,-0.054103878,2.217177706,0,1,1,1 
BD_20,Buses_Diesel_Urban Buses Articulated >18 t_Euro V,SCR,,-0.06,0,10,85,-0.003926833,0.455372437,-1.185859129,-1.316452712,0.753950166,-2.178243048,1.571437775,0,1,1,1 
BD_20,Buses_Diesel_Urban Buses Articulated >18 t_Euro V,SCR,,-0.06,0.5,10,85,-0.001902497,0.226680188,-1.101438762,1.934847222,0.368123342,-1.994987752,5.009249966,0,1,1,1 
BD_20,Buses_Diesel_Urban Buses Articulated >18 t_Euro V,SCR,,-0.06,1,10,85,-0.001420953,0.169345369,-0.847819496,1.492856185,0.27099755,-1.567789438,3.912447248,0,1,1,1 
BD_20,Buses_Diesel_Urban Buses Articulated >18 t_Euro V,SCR,,-0.04,0,10,85,-0.00439401,0.582150905,-0.935456305,-0.580572259,0.656231376,-0.163229842,1.836917715,0,1,1,1 
BD_20,Buses_Diesel_Urban Buses Articulated >18 t_Euro V,SCR,,-0.04,0.5,10,85,-0.005047639,0.620408677,-1.036825825,-1.179687913,0.666145684,-0.475307813,1.946750282,0,1,1,1 
BD_20,Buses_Diesel_Urban Buses Articulated >18 t_Euro V,SCR,,-0.04,1,10,85,-0.005725876,0.678505229,-1.425054101,-0.936047592,0.69733056,-0.959263172,1.802722573,0,1,1,1 
BD_20,Buses_Diesel_Urban Buses Articulated >18 t_Euro V,SCR,,-0.02,0,10,85,0.000231711,0.40483745,-1.362491612,1.62678135,0.371703804,-0.557754137,1.157090652,0,1,1,1 
BD_20,Buses_Diesel_Urban Buses Articulated >18 t_Euro V,SCR,,-0.02,0.5,10,85,-0.001717063,0.44571525,-1.507341571,1.666783303,0.338816188,-0.38544336,0.621465835,0,1,1,1 
BD_20,Buses_Diesel_Urban Buses Articulated >18 t_Euro V,SCR,,-0.02,1,10,85,-0.002102431,0.401367949,-1.41229666,1.651942698,0.28252759,-0.472179775,0.992212039,0,1,1,1 
BD_20,Buses_Diesel_Urban Buses Articulated >18 t_Euro V,SCR,,0,0,10,85,0.008237184,0.44920174,-1.345002169,1.601489487,0.418109894,-0.741009511,1.439497142,0,1,1,1 
BD_20,Buses_Diesel_Urban Buses Articulated >18 t_Euro V,SCR,,0,0.5,10,85,0.006340906,0.485332358,-1.54442473,1.721392272,0.370899988,-0.681870803,1.071614776,0,1,1,1 
BD_20,Buses_Diesel_Urban Buses Articulated >18 t_Euro V,SCR,,0,1,10,85,0.004961838,0.434704229,-1.589451309,1.77143872,0.309896878,-0.808741252,1.018300792,0,1,1,1 
BD_20,Buses_Diesel_Urban Buses Articulated >18 t_Euro V,SCR,,0.02,0,10,85,-0.000515718,0.039017469,1.863068899,-1.19088309,-0.011597644,1.42590702,0.996788316,0,1,1,1 
BD_20,Buses_Diesel_Urban Buses Articulated >18 t_Euro V,SCR,,0.02,0.5,10,85,-0.00038726,0.025063701,2.107517427,-1.226820792,-0.00954341,1.238676208,1.239337823,0,1,1,1 
BD_20,Buses_Diesel_Urban Buses Articulated >18 t_Euro V,SCR,,0.02,1,10,80,0.003266849,0.269556356,-1.499323781,1.303140563,0.146357408,-0.6145369,-3.52E-09,0,1,1,1 
BD_20,Buses_Diesel_Urban Buses Articulated >18 t_Euro V,SCR,,0.04,0,10,80,-0.000523411,0.033097695,1.738030126,-0.745463524,-0.008943576,1.046182934,0.889376665,0,1,1,1 
BD_20,Buses_Diesel_Urban Buses Articulated >18 t_Euro V,SCR,,0.04,0.5,10,65,-0.000195779,-0.01541278,2.040329645,-0.173160514,-0.011283992,0.777063287,1.707356534,0,1,1,1 
BD_20,Buses_Diesel_Urban Buses Articulated >18 t_Euro V,SCR,,0.04,1,10,55,0.004346897,0.377561037,-1.867415857,3.575797351,0.181786269,-0.956547457,2.121225576,0,1,1,1 
BD_20,Buses_Diesel_Urban Buses Articulated >18 t_Euro V,SCR,,0.06,0,10,65,-0.000140922,-0.0099966,1.413793738,0.669085626,-0.007120022,0.498364084,1.833970163,0,1,1,1 
BD_20,Buses_Diesel_Urban Buses Articulated >18 t_Euro V,SCR,,0.06,0.5,10,50,-0.000549861,1.389923378,-0.825521457,-0.435793882,0.465646785,0.192974135,0.050806649,0,1,1,1 
BD_20,Buses_Diesel_Urban Buses Articulated >18 t_Euro V,SCR,,0.06,1,10,40,0.002406168,0.482198698,-2.025542184,2.551613803,0.158131907,-0.663697241,0.926823418,0,1,1,1 
BD_20,Buses_Diesel_Urban Buses Articulated >18 t_Euro V,EGR,,-0.06,0,10,80,-0.003148516,0.266844735,-1.068161465,1.630757176,0.384122776,0.840962848,1.066681226,0,1,1,1 
BD_20,Buses_Diesel_Urban Buses Articulated >18 t_Euro V,EGR,,-0.06,0.5,10,80,-0.002851138,0.243064944,-0.945513192,1.36418157,0.383418555,0.567207169,1.533924021,0,1,1,1 
BD_20,Buses_Diesel_Urban Buses Articulated >18 t_Euro V,EGR,,-0.06,1,10,80,-0.004508209,0.388910907,-1.248173911,0.630778696,0.662344082,1.033311274,0.449297218,0,1,1,1 
BD_20,Buses_Diesel_Urban Buses Articulated >18 t_Euro V,EGR,,-0.04,0,10,85,-0.002240157,0.219279901,-0.692530094,0.933081426,0.176971013,1.54068264,0.408010742,0,1,1,1 
BD_20,Buses_Diesel_Urban Buses Articulated >18 t_Euro V,EGR,,-0.04,0.5,10,85,-0.002429525,0.224578067,-0.692876234,0.881505479,0.176599085,1.600389437,0.396633737,0,1,1,1 
BD_20,Buses_Diesel_Urban Buses Articulated >18 t_Euro V,EGR,,-0.04,1,10,85,-0.002524499,0.228604116,-0.67891396,0.828880414,0.181112523,1.620433992,0.381449535,0,1,1,1 
BD_20,Buses_Diesel_Urban Buses Articulated >18 t_Euro V,EGR,,-0.02,0,10,85,7.68E-05,-0.009131878,0.331584235,-0.172400797,0.000534636,-0.054421045,4.696399022,0,1,1,1 
BD_20,Buses_Diesel_Urban Buses Articulated >18 t_Euro V,EGR,,-0.02,0.5,10,85,2.68E-05,0.007119587,0.166785196,0.061329353,0.012943938,-0.08862837,3.90662901,0,1,1,1 
BD_20,Buses_Diesel_Urban Buses Articulated >18 t_Euro V,EGR,,-0.02,1,10,85,-0.001677386,0.248335752,-0.687290377,0.946616672,0.128901487,1.575279758,0.759464567,0,1,1,1 
BD_20,Buses_Diesel_Urban Buses Articulated >18 t_Euro V,EGR,,0,0,10,85,0.00010996,-0.014670315,0.589211559,-0.204544793,0.000318049,-0.080437951,6.644728493,0,1,1,1 
BD_20,Buses_Diesel_Urban Buses Articulated >18 t_Euro V,EGR,,0,0.5,10,85,0.000184316,-0.02413583,0.956669403,-0.25901831,0.000633411,-0.132350033,10.25252533,0,1,1,1 
BD_20,Buses_Diesel_Urban Buses Articulated >18 t_Euro V,EGR,,0,1,10,85,0.000217315,-0.029494008,1.226885614,-0.305141046,0.000393439,-0.127976839,12.2745381,0,1,1,1 
BD_20,Buses_Diesel_Urban Buses Articulated >18 t_Euro V,EGR,,0.02,0,10,85,9.81E-05,-0.010608507,0.366702815,0.134085586,0.000794866,-0.086022444,3.902944773,0,1,1,1 
BD_20,Buses_Diesel_Urban Buses Articulated >18 t_Euro V,EGR,,0.02,0.5,10,85,0.000542838,-0.047878358,1.313073095,0.988571453,0.005880295,-0.475121835,14.01875059,0,1,1,1 
BD_20,Buses_Diesel_Urban Buses Articulated >18 t_Euro V,EGR,,0.02,1,10,80,0.000421304,-0.021904848,0.434793038,0.675655651,0.005948083,-0.28398849,5.275219842,0,1,1,1 
BD_20,Buses_Diesel_Urban Buses Articulated >18 t_Euro V,EGR,,0.04,0,10,80,0.000341971,-0.019122335,0.404104968,0.584210841,0.004784449,-0.242175983,4.782448019,0,1,1,1 
BD_20,Buses_Diesel_Urban Buses Articulated >18 t_Euro V,EGR,,0.04,0.5,10,65,0.000535753,-0.018428721,0.281023868,0.698954317,0.007185238,-0.257106321,3.6709312,0,1,1,1 
BD_20,Buses_Diesel_Urban Buses Articulated >18 t_Euro V,EGR,,0.04,1,10,55,-0.000146751,0.016759928,0.242555793,0.683681796,0.001683882,0.055280444,2.773378443,0,1,1,1 
BD_20,Buses_Diesel_Urban Buses Articulated >18 t_Euro V,EGR,,0.06,0,10,65,0.000503406,-0.02058996,0.350178889,0.7474676,0.006460237,-0.261648429,4.127703274,0,1,1,1 
BD_20,Buses_Diesel_Urban Buses Articulated >18 t_Euro V,EGR,,0.06,0.5,10,50,0.000462655,-0.001004431,0.322005258,0.948904998,0.00735045,-0.123955218,3.704434782,0,1,1,1 
BD_20,Buses_Diesel_Urban Buses Articulated >18 t_Euro V,EGR,,0.06,1,10,40,0.00235753,-0.038601031,0.461189958,1.436001217,0.02469336,-0.495193183,5.297074368,0,1,1,1 
BD_21,Buses_Diesel_Urban Buses Articulated >18 t_Euro VI,,,-0.06,0,10,75,-0.001592257,0.124063213,0.014681515,0.091648586,1.532875852,0.470562843,0.344702247,0,1,1,1 
BD_21,Buses_Diesel_Urban Buses Articulated >18 t_Euro VI,,,-0.06,0.5,10,75,-0.001577926,0.119356669,0.011450985,0.093511169,1.534633269,0.470320415,0.342575915,0,1,1,1 
BD_21,Buses_Diesel_Urban Buses Articulated >18 t_Euro VI,,,-0.06,1,10,75,-0.001542615,0.11557797,0.012922,0.109590212,1.53139811,0.471727843,0.340337675,0,1,1,1 
BD_21,Buses_Diesel_Urban Buses Articulated >18 t_Euro VI,,,-0.04,0,10,85,-0.001251634,0.123228386,-0.267156428,1.002319195,1.081089845,0.545962189,0.271128005,0,1,1,1 
BD_21,Buses_Diesel_Urban Buses Articulated >18 t_Euro VI,,,-0.04,0.5,10,85,-0.001386986,0.128120077,-0.284555828,0.914738974,1.143504141,0.535055717,0.279848634,0,1,1,1 
BD_21,Buses_Diesel_Urban Buses Articulated >18 t_Euro VI,,,-0.04,1,10,85,-0.0013993,0.125475503,-0.285013226,0.933414609,1.130256643,0.539905332,0.2783104,0,1,1,1 
BD_21,Buses_Diesel_Urban Buses Articulated >18 t_Euro VI,,,-0.02,0,10,85,7.17E-06,-0.000933104,0.015339042,1.641030102,0.000480212,-0.23730639,19.17236758,0,1,1,1 
BD_21,Buses_Diesel_Urban Buses Articulated >18 t_Euro VI,,,-0.02,0.5,10,85,-8.18E-06,0.002850178,-0.053224109,0.530492495,0.025755215,-0.555063793,5.827054124,0,1,1,1 
BD_21,Buses_Diesel_Urban Buses Articulated >18 t_Euro VI,,,-0.02,1,10,85,-0.000141612,0.01734503,0.139817767,0.114610279,0.101006974,2.178634177,0.36373975,0,1,1,1 
BD_21,Buses_Diesel_Urban Buses Articulated >18 t_Euro VI,,,0,0,10,85,2.12E-05,-0.001152393,-0.014676936,1.659406376,0.007931753,-0.676702267,17.79235673,0,1,1,1 
BD_21,Buses_Diesel_Urban Buses Articulated >18 t_Euro VI,,,0,0.5,10,85,3.84E-05,0.000678876,-0.04942959,0.53280138,0.0193519,-0.622215363,5.511566461,0,1,1,1 
BD_21,Buses_Diesel_Urban Buses Articulated >18 t_Euro VI,,,0,1,10,85,4.39E-05,0.000870698,-0.053350543,0.544311004,0.021670646,-0.655773879,5.583384794,0,1,1,1 
BD_21,Buses_Diesel_Urban Buses Articulated >18 t_Euro VI,,,0.02,0,10,85,5.42E-05,0.000725819,-0.048520881,0.500698624,0.020340255,-0.572575682,4.770879158,0,1,1,1 
BD_21,Buses_Diesel_Urban Buses Articulated >18 t_Euro VI,,,0.02,0.5,10,85,0.000146637,0.001715907,-0.114619168,1.209107638,0.049737707,-1.352855113,11.37085404,0,1,1,1 
BD_21,Buses_Diesel_Urban Buses Articulated >18 t_Euro VI,,,0.02,1,10,80,5.66E-05,0.000821785,-0.036778744,0.429105973,0.018029594,-0.43604292,3.986507807,0,1,1,1 
BD_21,Buses_Diesel_Urban Buses Articulated >18 t_Euro VI,,,0.04,0,10,85,0.000112364,0.00146989,-0.067280722,0.920325763,0.035092656,-0.859105447,8.522766724,0,1,1,1 
BD_21,Buses_Diesel_Urban Buses Articulated >18 t_Euro VI,,,0.04,0.5,10,70,0.000613032,0.044200821,0.184834331,0.166823517,0.194199203,2.513458339,0.336636075,0,1,1,1 
BD_21,Buses_Diesel_Urban Buses Articulated >18 t_Euro VI,,,0.04,1,10,55,-0.000119325,0.023847124,0.19360099,0.113696088,0.020696753,2.449534903,4.36E-05,0,1,1,1 
BD_21,Buses_Diesel_Urban Buses Articulated >18 t_Euro VI,,,0.06,0,10,65,0.000334067,0.041886931,0.252253191,0.159718704,0.135314345,3.083746648,0.416485453,0,1,1,1 
BD_21,Buses_Diesel_Urban Buses Articulated >18 t_Euro VI,,,0.06,0.5,10,50,0.00767416,0.183120929,-0.122103688,0.335895638,1.437474117,0.467082961,0.336265308,0,1,1,1 
BD_21,Buses_Diesel_Urban Buses Articulated >18 t_Euro VI,,,0.06,1,10,40,0.009267897,0.177392004,-0.093329466,0.329061367,1.440484466,0.472621258,0.337124424,0,1,1,1 
BD_22,Buses_Diesel_Coaches Standard <=18 t_Conventional,,,-0.06,0,12,105,8.08E-06,-0.003581545,0.504331624,3.777764503,-1.44E-05,0.03864289,0.420855299,0,1,1,1 
BD_22,Buses_Diesel_Coaches Standard <=18 t_Conventional,,,-0.06,0.5,12,105,-1.90E-05,0.013160068,3.013513169,-0.980608083,0.0042809,0.170740643,0.972365147,0,1,1,1 
BD_22,Buses_Diesel_Coaches Standard <=18 t_Conventional,,,-0.06,1,12,105,-2.85E-05,0.020573937,2.203396183,-7.303424975,0.004438977,0.115529082,0.139750504,0,1,1,1 
BD_22,Buses_Diesel_Coaches Standard <=18 t_Conventional,,,-0.04,0,12,105,5.25E-06,-0.002078722,0.251012339,1.65518656,-9.70E-06,0.01539452,0.197752376,0,1,1,1 
BD_22,Buses_Diesel_Coaches Standard <=18 t_Conventional,,,-0.04,0.5,12,105,2.56E-05,-0.006692393,1.82075081,2.195873018,0.0009318,0.097257177,0.76844682,0,1,1,1 
BD_22,Buses_Diesel_Coaches Standard <=18 t_Conventional,,,-0.04,1,12,105,5.54E-05,-0.008901833,1.387147928,1.534503255,0.000758579,0.05938918,0.714853117,0,1,1,1 
BD_22,Buses_Diesel_Coaches Standard <=18 t_Conventional,,,-0.02,0,12,105,2.73E-05,-0.002904199,0.898356669,2.399852928,0.000107184,0.050767919,0.405283983,0,1,1,1 
BD_22,Buses_Diesel_Coaches Standard <=18 t_Conventional,,,-0.02,0.5,12,105,-2.24E-05,0.033040301,2.996492496,-1.243997269,0.003329304,0.1686216,0.660200888,0,1,1,1 
BD_22,Buses_Diesel_Coaches Standard <=18 t_Conventional,,,-0.02,1,12,105,3.53E-05,-0.004856041,0.64874175,2.17612504,0.000165982,0.025012696,0.418884808,0,1,1,1 
BD_22,Buses_Diesel_Coaches Standard <=18 t_Conventional,,,0,0,12,105,2.77E-05,0.025090828,0.398653428,-5.257247454,0.001104045,0.044831312,-0.465029099,0,1,1,1 
BD_22,Buses_Diesel_Coaches Standard <=18 t_Conventional,,,0,0.5,12,105,-1.16E-05,-0.000717728,0.317031539,2.311632286,-0.000143134,0.018553977,0.227370679,0,1,1,1 
BD_22,Buses_Diesel_Coaches Standard <=18 t_Conventional,,,0,1,12,105,0.000141701,0.000605086,1.724498514,4.68762914,0.000423105,0.073430042,0.871724792,0,1,1,1 
BD_22,Buses_Diesel_Coaches Standard <=18 t_Conventional,,,0.02,0,12,105,6.97E-06,0.005280515,0.794934286,5.311612752,-0.000122211,0.050403702,0.474365889,0,1,1,1 
BD_22,Buses_Diesel_Coaches Standard <=18 t_Conventional,,,0.02,0.5,12,104,-9.02E-07,0.004877836,0.643407044,3.60371707,-9.33E-05,0.035938772,0.369298595,0,1,1,1 
BD_22,Buses_Diesel_Coaches Standard <=18 t_Conventional,,,0.02,1,12,101,-1.47E-05,0.004104834,0.576102649,2.768327053,-9.54E-05,0.027441209,0.320859628,0,1,1,1 
BD_22,Buses_Diesel_Coaches Standard <=18 t_Conventional,,,0.04,0,12,101,0.000107441,0.037682556,0.924775145,3.12054491,0.000545771,0.087825051,0.109388557,0,1,1,1 
BD_22,Buses_Diesel_Coaches Standard <=18 t_Conventional,,,0.04,0.5,12,89,-7.86E-06,0.007497359,0.789765885,3.61197622,-0.00011523,0.037623467,0.393543955,0,1,1,1 
BD_22,Buses_Diesel_Coaches Standard <=18 t_Conventional,,,0.04,1,12,79,4.81E-05,-0.004012739,0.571492948,3.787591138,-7.76E-05,0.012055349,0.407944661,0,1,1,1 
BD_22,Buses_Diesel_Coaches Standard <=18 t_Conventional,,,0.06,0,12,82,1.15E-05,0.006682319,0.658747858,3.408348959,-0.000107898,0.034156826,0.316193154,0,1,1,1 
BD_22,Buses_Diesel_Coaches Standard <=18 t_Conventional,,,0.06,0.5,12,72,1.08E-05,0.009067094,0.744709553,3.222192563,-0.000117553,0.033815656,0.313085045,0,1,1,1 
BD_22,Buses_Diesel_Coaches Standard <=18 t_Conventional,,,0.06,1,12,57,-0.000774928,0.031592114,1.051547186,-13.57852062,-0.001382503,0.09585639,-0.844574819,0,1,1,1 
BD_23,Buses_Diesel_Coaches Standard <=18 t_Euro I,,,-0.06,0,12,105,6.61E-06,-0.002913189,0.394470046,3.364775319,0.000126386,0.034451561,0.343383741,0,1,1,1 
BD_23,Buses_Diesel_Coaches Standard <=18 t_Euro I,,,-0.06,0.5,12,105,-2.16E-05,0.010530461,2.460141226,-8.829563458,0.006180302,0.1025591,0.250043266,0,1,1,1 
BD_23,Buses_Diesel_Coaches Standard <=18 t_Euro I,,,-0.06,1,12,105,-2.11E-05,0.010336966,2.374480861,-8.493110841,0.006091909,0.10165552,0.237830907,0,1,1,1 
BD_23,Buses_Diesel_Coaches Standard <=18 t_Euro I,,,-0.04,0,12,105,8.73E-06,-0.003715402,0.492584263,3.631815382,5.72E-05,0.036407433,0.393855853,0,1,1,1 
BD_23,Buses_Diesel_Coaches Standard <=18 t_Euro I,,,-0.04,0.5,12,105,1.39E-05,-0.005616154,0.693813582,4.928341755,0.000106288,0.050896177,0.577037322,0,1,1,1 
BD_23,Buses_Diesel_Coaches Standard <=18 t_Euro I,,,-0.04,1,12,105,9.62E-06,-0.003564419,0.392754352,2.482155964,6.99E-05,0.026263797,0.338397045,0,1,1,1 
BD_23,Buses_Diesel_Coaches Standard <=18 t_Euro I,,,-0.02,0,12,105,-3.45E-05,0.024525696,1.100814945,3.599665947,0.001425326,0.092913896,0.52353006,0,1,1,1 
BD_23,Buses_Diesel_Coaches Standard <=18 t_Euro I,,,-0.02,0.5,12,105,-0.000191327,0.092786274,1.987267107,1.22687418,0.006077717,0.193687405,0.276564167,0,1,1,1 
BD_23,Buses_Diesel_Coaches Standard <=18 t_Euro I,,,-0.02,1,12,105,8.90E-06,-0.003754607,0.331131557,2.704268003,-0.000170074,0.02118366,0.328231302,0,1,1,1 
BD_23,Buses_Diesel_Coaches Standard <=18 t_Euro I,,,0,0,12,105,-2.04E-05,0.027900511,1.465039286,5.191862369,0.001329094,0.117814379,0.829128929,0,1,1,1 
BD_23,Buses_Diesel_Coaches Standard <=18 t_Euro I,,,0,0.5,12,105,1.99E-06,0.004670595,0.444403581,4.154761515,0.00018762,0.031498854,0.51154099,0,1,1,1 
BD_23,Buses_Diesel_Coaches Standard <=18 t_Euro I,,,0,1,12,105,1.62E-05,0.03044844,1.535026082,5.42146382,0.001298953,0.121441437,0.886167916,0,1,1,1 
BD_23,Buses_Diesel_Coaches Standard <=18 t_Euro I,,,0.02,0,12,105,0.00016231,0.06963668,0.806714006,-5.909252473,0.002620482,0.15751948,-1.046750531,0,1,1,1 
BD_23,Buses_Diesel_Coaches Standard <=18 t_Euro I,,,0.02,0.5,12,105,1.81E-15,-9.82E-14,4.128698504,1.94E-10,-0.00162751,0.283142102,1.191801447,0,1,1,1 
BD_23,Buses_Diesel_Coaches Standard <=18 t_Euro I,,,0.02,1,12,104,3.23E-15,-1.41E-13,1.821438984,2.33E-10,-0.000688718,0.110424934,0.653458376,0,1,1,1 
BD_23,Buses_Diesel_Coaches Standard <=18 t_Euro I,,,0.04,0,12,102,2.03E-05,0.004698614,0.52859832,4.164039701,-0.000128593,0.040880962,0.470668706,0,1,1,1 
BD_23,Buses_Diesel_Coaches Standard <=18 t_Euro I,,,0.04,0.5,12,95,1.50E-05,-0.00139038,0.061816939,3.479594974,4.60E-05,-0.006269443,0.400318433,0,1,1,1 
BD_23,Buses_Diesel_Coaches Standard <=18 t_Euro I,,,0.04,1,12,83,4.35E-05,0.008118822,0.621091039,3.345053181,-0.000159411,0.040694286,0.468736469,0,1,1,1 
BD_23,Buses_Diesel_Coaches Standard <=18 t_Euro I,,,0.06,0,12,86,5.26E-05,0.007747941,0.674578056,4.84274088,-0.000191234,0.047307706,0.608471254,0,1,1,1 
BD_23,Buses_Diesel_Coaches Standard <=18 t_Euro I,,,0.06,0.5,12,77,0.000106892,0.015514969,1.081093241,5.617263411,-0.000297665,0.067930888,0.840667035,0,1,1,1 
BD_23,Buses_Diesel_Coaches Standard <=18 t_Euro I,,,0.06,1,12,65,0.002867637,0.393364033,1.915374277,0.201708625,0.005218566,0.546756192,-1.25249611,0,1,1,1 
BD_24,Buses_Diesel_Coaches Standard <=18 t_Euro II,,,-0.06,0,12,105,-1.01E-15,1.22E-12,2.821543032,-1.35E-10,0.001053849,0.956432327,-0.529436614,0,1,1,1 
BD_24,Buses_Diesel_Coaches Standard <=18 t_Euro II,,,-0.06,0.5,12,105,-1.55E-05,0.018473004,1.331015644,-3.73322152,0.008697451,0.302584623,0.27267118,0,1,1,1 
BD_24,Buses_Diesel_Coaches Standard <=18 t_Euro II,,,-0.06,1,12,105,-1.87E-05,0.016233371,1.394886741,-4.758412257,0.008580961,0.261872647,0.697032534,0,1,1,1 
BD_24,Buses_Diesel_Coaches Standard <=18 t_Euro II,,,-0.04,0,12,105,-1.34E-05,0.011466306,1.781441985,-0.635878392,0.007269904,0.327025979,1.760660934,0,1,1,1 
BD_24,Buses_Diesel_Coaches Standard <=18 t_Euro II,,,-0.04,0.5,12,105,-7.34E-17,2.48E-14,1.544531984,6.09E-12,0.002779792,0.292464316,1.809522278,0,1,1,1 
BD_24,Buses_Diesel_Coaches Standard <=18 t_Euro II,,,-0.04,1,12,105,-7.67E-18,2.35E-15,1.601159269,4.46E-13,0.003227678,0.261280599,2.347140502,0,1,1,1 
BD_24,Buses_Diesel_Coaches Standard <=18 t_Euro II,,,-0.02,0,12,105,-0.000126023,0.041239169,-0.066939393,-3.158058799,0.006909276,0.059641517,-1.239340095,0,1,1,1 
BD_24,Buses_Diesel_Coaches Standard <=18 t_Euro II,,,-0.02,0.5,12,105,-2.47E-17,1.16E-14,1.756605243,8.06E-13,0.001435746,0.28406469,2.003044051,0,1,1,1 
BD_24,Buses_Diesel_Coaches Standard <=18 t_Euro II,,,-0.02,1,12,105,-2.17E-05,0.021734563,1.894969449,-1.046658663,0.006853304,0.23061384,2.639387323,0,1,1,1 
BD_24,Buses_Diesel_Coaches Standard <=18 t_Euro II,,,0,0,12,105,-3.30E-06,0.003422439,0.532438503,3.104444698,-0.00026489,0.101552434,1.030812277,0,1,1,1 
BD_24,Buses_Diesel_Coaches Standard <=18 t_Euro II,,,0,0.5,12,105,-1.34E-05,0.007065826,1.045846085,5.653358594,-0.00052306,0.183191846,1.980703758,0,1,1,1 
BD_24,Buses_Diesel_Coaches Standard <=18 t_Euro II,,,0,1,12,105,3.64E-15,-1.47E-13,2.388256048,2.90E-10,-0.001831821,0.350021589,1.994650011,0,1,1,1 
BD_24,Buses_Diesel_Coaches Standard <=18 t_Euro II,,,0.02,0,12,105,0.0004293,0.107948361,1.073960238,-2.356051754,0.004875217,0.519724171,-1.848806305,0,1,1,1 
BD_24,Buses_Diesel_Coaches Standard <=18 t_Euro II,,,0.02,0.5,12,105,0.000152211,0.026307265,0.752001148,2.928326323,0.001260318,0.139723471,1.028669493,0,1,1,1 
BD_24,Buses_Diesel_Coaches Standard <=18 t_Euro II,,,0.02,1,12,105,-0.000226407,0.019725263,0.561794552,-7.751761427,-0.001446909,0.171653141,-1.600182152,0,1,1,1 
BD_24,Buses_Diesel_Coaches Standard <=18 t_Euro II,,,0.04,0,12,103,0.000369078,0.097237916,0.079886321,-3.651223847,0.004618406,0.259685748,-1.838554458,0,1,1,1 
BD_24,Buses_Diesel_Coaches Standard <=18 t_Euro II,,,0.04,0.5,12,99,0.000122946,0.033183259,-0.03476604,-3.349983732,0.001433854,0.082273884,-1.008669086,0,1,1,1 
BD_24,Buses_Diesel_Coaches Standard <=18 t_Euro II,,,0.04,1,12,91,-9.99E-05,0.007030438,0.253172512,-2.936312952,-0.000534186,0.055612244,-0.455618925,0,1,1,1 
BD_24,Buses_Diesel_Coaches Standard <=18 t_Euro II,,,0.06,0,12,90,2.80E-06,0.004097058,0.335775215,2.673440236,5.92E-05,0.023445064,0.741011254,0,1,1,1 
BD_24,Buses_Diesel_Coaches Standard <=18 t_Euro II,,,0.06,0.5,12,81,0.000328851,-0.029120851,1.363039473,0.527216482,0.000242499,0.001962398,1.689830487,0,1,1,1 
BD_24,Buses_Diesel_Coaches Standard <=18 t_Euro II,,,0.06,1,12,72,0.000520777,-0.004784282,0.18104918,3.313827676,0.002207687,-0.053588846,1.012712144,0,1,1,1 
BD_25,Buses_Diesel_Coaches Standard <=18 t_Euro III,,,-0.06,0,12,105,-0.000875787,0.320401013,2.770640297,0.526487014,0.046289895,0.621810051,0.118453528,0,1,1,1 
BD_25,Buses_Diesel_Coaches Standard <=18 t_Euro III,,,-0.06,0.5,12,105,-0.000225678,0.086990389,-0.061697151,-7.935815481,0.012253766,0.062796695,-1.867845233,0,1,1,1 
BD_25,Buses_Diesel_Coaches Standard <=18 t_Euro III,,,-0.06,1,12,105,-4.40E-15,2.95E-12,2.483526512,2.28E-10,0.000940132,0.383644619,1.001257127,0,1,1,1 
BD_25,Buses_Diesel_Coaches Standard <=18 t_Euro III,,,-0.04,0,12,105,-3.34E-16,1.58E-13,2.458566106,2.35E-11,0.001403139,0.304839485,1.213079668,0,1,1,1 
BD_25,Buses_Diesel_Coaches Standard <=18 t_Euro III,,,-0.04,0.5,12,105,9.02E-06,-0.003630098,0.312560748,2.388264905,-0.000291566,0.035682852,0.601808794,0,1,1,1 
BD_25,Buses_Diesel_Coaches Standard <=18 t_Euro III,,,-0.04,1,12,105,1.26E-05,-0.005176357,0.425534432,3.388085749,-0.000449726,0.049563017,0.864132047,0,1,1,1 
BD_25,Buses_Diesel_Coaches Standard <=18 t_Euro III,,,-0.02,0,12,105,-9.27E-05,0.048184989,1.721365794,4.158764624,0.00382078,0.262903098,1.589555016,0,1,1,1 
BD_25,Buses_Diesel_Coaches Standard <=18 t_Euro III,,,-0.02,0.5,12,105,-0.000126143,0.064693585,2.241834807,5.387561096,0.005675605,0.350276034,1.896244555,0,1,1,1 
BD_25,Buses_Diesel_Coaches Standard <=18 t_Euro III,,,-0.02,1,12,105,-0.000438086,0.175102341,3.252333127,1.202432273,0.016234037,0.61782758,1.09135495,0,1,1,1 
BD_25,Buses_Diesel_Coaches Standard <=18 t_Euro III,,,0,0,12,105,-1.60E-15,-1.61E-12,1.848956588,-2.84E-12,-0.000321875,0.213737693,1.266323424,0,1,1,1 
BD_25,Buses_Diesel_Coaches Standard <=18 t_Euro III,,,0,0.5,12,105,-2.97E-16,-2.43E-13,1.822910639,-9.62E-13,-0.000370852,0.211885423,1.221375438,0,1,1,1 
BD_25,Buses_Diesel_Coaches Standard <=18 t_Euro III,,,0,1,12,105,1.24E-14,4.55E-12,1.93092953,2.66E-10,-0.000445364,0.224426302,1.283349492,0,1,1,1 
BD_25,Buses_Diesel_Coaches Standard <=18 t_Euro III,,,0.02,0,12,105,1.39E-05,0.014387543,0.77863261,3.965618161,0.000837124,0.101782055,1.1694468,0,1,1,1 
BD_25,Buses_Diesel_Coaches Standard <=18 t_Euro III,,,0.02,0.5,12,105,2.11E-05,0.020333053,1.051109894,5.132138831,0.001130554,0.136960917,1.558505616,0,1,1,1 
BD_25,Buses_Diesel_Coaches Standard <=18 t_Euro III,,,0.02,1,12,105,0.000110626,0.045783267,1.565543972,4.097228704,0.002998577,0.232098138,1.631843418,0,1,1,1 
BD_25,Buses_Diesel_Coaches Standard <=18 t_Euro III,,,0.04,0,12,104,3.58E-17,1.28E-15,1.694502054,1.59E-12,-0.000870523,0.18090953,1.154268302,0,1,1,1 
BD_25,Buses_Diesel_Coaches Standard <=18 t_Euro III,,,0.04,0.5,12,101,2.17E-17,1.28E-16,1.590005804,8.67E-13,-0.00100437,0.172788358,1.066923053,0,1,1,1 
BD_25,Buses_Diesel_Coaches Standard <=18 t_Euro III,,,0.04,1,12,97,-1.04E-06,0.006038406,0.609900756,2.863356981,-0.000212401,0.075102208,0.81852205,0,1,1,1 
BD_25,Buses_Diesel_Coaches Standard <=18 t_Euro III,,,0.06,0,12,92,4.21E-05,0.003075294,0.82920465,3.828284746,-0.000190737,0.080859381,1.234673202,0,1,1,1 
BD_25,Buses_Diesel_Coaches Standard <=18 t_Euro III,,,0.06,0.5,12,84,0.00017133,0.047533772,0.811589451,2.936496686,0.001200894,0.203882664,0.327732169,0,1,1,1 
BD_25,Buses_Diesel_Coaches Standard <=18 t_Euro III,,,0.06,1,12,78,0.000486349,-0.032222826,1.122364646,2.303348121,0.000817241,-0.028045377,1.989659743,0,1,1,1 
BD_26,Buses_Diesel_Coaches Standard <=18 t_Euro IV,,,-0.06,0,12,105,-1.11E-05,0.005859861,1.091703196,-3.766065238,0.037879719,0.681711479,0.834192,0,1,1,1 
BD_26,Buses_Diesel_Coaches Standard <=18 t_Euro IV,,,-0.06,0.5,12,105,-1.12E-05,0.00597719,1.098271801,-3.776772986,0.038487449,0.695202652,0.778494676,0,1,1,1 
BD_26,Buses_Diesel_Coaches Standard <=18 t_Euro IV,,,-0.06,1,12,105,-1.03E-05,0.005312354,1.048288204,-3.650853361,0.036560393,0.644154754,0.985897887,0,1,1,1 
BD_26,Buses_Diesel_Coaches Standard <=18 t_Euro IV,,,-0.04,0,12,105,-1.39E-05,0.007020867,1.434145277,-5.330153038,0.037898822,0.688540792,2.111976956,0,1,1,1 
BD_26,Buses_Diesel_Coaches Standard <=18 t_Euro IV,,,-0.04,0.5,12,105,-1.30E-05,0.006321735,1.405332933,-5.286491814,0.037057367,0.648637451,2.212520661,0,1,1,1 
BD_26,Buses_Diesel_Coaches Standard <=18 t_Euro IV,,,-0.04,1,12,105,-1.37E-05,0.006281851,1.652914173,-6.407897344,0.042972034,0.703930905,3.019172477,0,1,1,1 
BD_26,Buses_Diesel_Coaches Standard <=18 t_Euro IV,,,-0.02,0,12,105,-1.22E-05,0.01285045,0.978307298,-3.004900232,0.017887977,0.598581451,1.064037299,0,1,1,1 
BD_26,Buses_Diesel_Coaches Standard <=18 t_Euro IV,,,-0.02,0.5,12,105,-1.58E-05,0.013691145,1.192236054,-3.980969673,0.021576724,0.655319689,1.493869934,0,1,1,1 
BD_26,Buses_Diesel_Coaches Standard <=18 t_Euro IV,,,-0.02,1,12,105,-1.49E-05,0.011367606,1.107104286,-3.893141736,0.019809117,0.557219981,1.507693469,0,1,1,1 
BD_26,Buses_Diesel_Coaches Standard <=18 t_Euro IV,,,0,0,12,105,1.32E-16,-1.35E-15,2.007695472,1.11E-11,-0.006377544,1.31372863,5.5836526,0,1,1,1 
BD_26,Buses_Diesel_Coaches Standard <=18 t_Euro IV,,,0,0.5,12,105,1.08E-16,1.39E-16,2.311605407,7.46E-12,-0.006627443,1.421140818,6.779508847,0,1,1,1 
BD_26,Buses_Diesel_Coaches Standard <=18 t_Euro IV,,,0,1,12,105,2.26E-18,1.36E-16,0.824387092,1.24E-13,-0.00214147,0.478639423,2.503126633,0,1,1,1 
BD_26,Buses_Diesel_Coaches Standard <=18 t_Euro IV,,,0.02,0,12,105,4.69E-05,0.010557303,0.971553006,3.617762527,-0.000372908,0.505704096,6.061184365,0,1,1,1 
BD_26,Buses_Diesel_Coaches Standard <=18 t_Euro IV,,,0.02,0.5,12,105,-9.01E-06,0.010958161,0.939279361,3.660269707,-0.001270873,0.459043918,5.92892373,0,1,1,1 
BD_26,Buses_Diesel_Coaches Standard <=18 t_Euro IV,,,0.02,1,12,105,-1.18E-05,0.007485508,0.401580956,1.410159749,-0.000389985,0.220010911,2.154688889,0,1,1,1 
BD_26,Buses_Diesel_Coaches Standard <=18 t_Euro IV,,,0.04,0,12,104,0.000166491,0.040804735,-0.042544564,-2.108492773,0.006556904,0.376013329,-3.324271024,0,1,1,1 
BD_26,Buses_Diesel_Coaches Standard <=18 t_Euro IV,,,0.04,0.5,12,102,-9.10E-06,0.017393076,0.613629052,0.975474576,0.001397502,0.247291867,3.043714898,0,1,1,1 
BD_26,Buses_Diesel_Coaches Standard <=18 t_Euro IV,,,0.04,1,12,99,-8.66E-05,0.007118852,0.209230577,-2.078492375,-0.00139489,0.166799416,-1.079400867,0,1,1,1 
BD_26,Buses_Diesel_Coaches Standard <=18 t_Euro IV,,,0.06,0,12,94,-0.000165317,0.01352754,0.312086296,-3.17905346,-0.002307575,0.267853133,-1.695239384,0,1,1,1 
BD_26,Buses_Diesel_Coaches Standard <=18 t_Euro IV,,,0.06,0.5,12,86,-0.000226543,0.006434835,1.453881533,-6.429440901,-0.004872187,0.488169432,0.528161613,0,1,1,1 
BD_26,Buses_Diesel_Coaches Standard <=18 t_Euro IV,,,0.06,1,12,78,-0.000477979,0.134778631,1.305959093,-0.167972261,0.013925171,0.903626072,2.664681866,0,1,1,1 
BD_27,Buses_Diesel_Coaches Standard <=18 t_Euro V,SCR,,-0.06,0,10,95,-0.000241101,0.026476727,-0.316387665,1.765901436,0.030032746,-0.412539505,2.177604549,0,1,1,1 
BD_27,Buses_Diesel_Coaches Standard <=18 t_Euro V,SCR,,-0.06,0.5,10,70,-0.012088751,0.889656144,0.054936734,0.430990325,0.813440887,0.400371467,0.557960427,0,1,1,1 
BD_27,Buses_Diesel_Coaches Standard <=18 t_Euro V,SCR,,-0.06,1,10,95,-0.000329739,0.036437452,-0.473625529,2.485509216,0.041860132,-0.617436459,3.114630309,0,1,1,1 
BD_27,Buses_Diesel_Coaches Standard <=18 t_Euro V,SCR,,-0.04,0,10,85,-0.010515039,0.944174524,-0.081630394,0.351717983,0.708571136,0.422261111,0.682136555,0,1,1,1 
BD_27,Buses_Diesel_Coaches Standard <=18 t_Euro V,SCR,,-0.04,0.5,10,100,-0.001342827,0.145771376,-0.349488009,3.577739736,0.13654622,-0.615149789,4.593568615,0,1,1,1 
BD_27,Buses_Diesel_Coaches Standard <=18 t_Euro V,SCR,,-0.04,1,10,90,-0.010119797,0.935211415,0.09809497,0.3233932,0.755022983,0.311667304,0.718727116,0,1,1,1 
BD_27,Buses_Diesel_Coaches Standard <=18 t_Euro V,SCR,,-0.02,0,10,100,-0.000492945,0.213261438,0.789739195,1.296077475,0.157766803,0.434033549,2.40094443,0,1,1,1 
BD_27,Buses_Diesel_Coaches Standard <=18 t_Euro V,SCR,,-0.02,0.5,10,100,-0.00133134,0.331052619,0.112877267,1.476282428,0.227631479,0.070468985,2.114701003,0,1,1,1 
BD_27,Buses_Diesel_Coaches Standard <=18 t_Euro V,SCR,,-0.02,1,10,100,-0.00652813,1.242021887,-0.661502656,-0.461548808,0.801553353,0.207632785,-0.128249821,0,1,1,1 
BD_27,Buses_Diesel_Coaches Standard <=18 t_Euro V,SCR,,0,0,10,100,0.002679117,0.187643774,-0.866532879,2.668808675,0.146411331,-0.713739451,2.246943906,0,1,1,1 
BD_27,Buses_Diesel_Coaches Standard <=18 t_Euro V,SCR,,0,0.5,10,100,0.004051156,0.301739681,-1.371366127,2.670592785,0.222187405,-0.995161695,2.047994505,0,1,1,1 
BD_27,Buses_Diesel_Coaches Standard <=18 t_Euro V,SCR,,0,1,10,100,0.005085323,0.417683773,-1.755557451,0.684480085,0.285148281,-1.028224717,-5.29E-09,0,1,1,1 
BD_27,Buses_Diesel_Coaches Standard <=18 t_Euro V,SCR,,0.02,0,10,100,0.001707641,0.044611576,-0.104380131,2.698395663,0.042036537,-0.221502286,2.180595881,0,1,1,1 
BD_27,Buses_Diesel_Coaches Standard <=18 t_Euro V,SCR,,0.02,0.5,10,100,0.003690895,0.106094588,-0.555902825,3.332454969,0.08952375,-0.528081935,2.548148139,0,1,1,1 
BD_27,Buses_Diesel_Coaches Standard <=18 t_Euro V,SCR,,0.02,1,10,100,0.025055432,1.013986372,0.253652233,0.512930326,0.620483206,0.1988617,0.574017901,0,1,1,1 
BD_27,Buses_Diesel_Coaches Standard <=18 t_Euro V,SCR,,0.04,0,10,100,0.030092332,1.023101305,0.242235825,0.621874323,0.596475818,0.240451309,0.411256079,0,1,1,1 
BD_27,Buses_Diesel_Coaches Standard <=18 t_Euro V,SCR,,0.04,0.5,10,100,-0.000538847,0.043433292,1.809706521,-0.389029012,-0.008665011,1.030440453,3.21E-11,0,1,1,1 
BD_27,Buses_Diesel_Coaches Standard <=18 t_Euro V,SCR,,0.04,1,10,100,-0.000525268,0.04052795,1.814644582,0.22639293,-0.007938867,0.954075626,0.425160614,0,1,1,1 
BD_27,Buses_Diesel_Coaches Standard <=18 t_Euro V,SCR,,0.06,0,10,90,-0.00041694,0.032873525,1.24899509,1.475003175,-0.0048296,0.62471035,1.008896087,0,1,1,1 
BD_27,Buses_Diesel_Coaches Standard <=18 t_Euro V,SCR,,0.06,0.5,10,80,-0.000731554,0.1424499,2.834558324,0.272846172,0.005032089,1.513791617,0.322940385,0,1,1,1 
BD_27,Buses_Diesel_Coaches Standard <=18 t_Euro V,SCR,,0.06,1,10,80,-0.000333716,0.066389495,0.143014702,-4.225458353,0.005287599,0.361822121,-2.879991734,0,1,1,1 
BD_27,Buses_Diesel_Coaches Standard <=18 t_Euro V,EGR,,-0.06,0,10,80,-0.000852923,0.076383347,-0.394526034,1.104331242,0.10884503,-0.675367312,2.943358392,0,1,1,1 
BD_27,Buses_Diesel_Coaches Standard <=18 t_Euro V,EGR,,-0.06,0.5,10,80,-0.000835974,0.074388724,-0.410401421,0.998614148,0.110448854,-0.699008976,2.501643048,0,1,1,1 
BD_27,Buses_Diesel_Coaches Standard <=18 t_Euro V,EGR,,-0.06,1,10,80,-0.001806066,0.160756386,-0.942663743,2.273665733,0.250925223,-1.725622432,5.827840095,0,1,1,1 
BD_27,Buses_Diesel_Coaches Standard <=18 t_Euro V,EGR,,-0.04,0,10,90,-0.00265754,0.254823743,-0.435821256,1.02040643,0.190016079,0.682261181,1.569486979,0,1,1,1 
BD_27,Buses_Diesel_Coaches Standard <=18 t_Euro V,EGR,,-0.04,0.5,10,90,-0.001953019,0.185976871,-0.399477266,1.028210043,0.148173784,0.284787112,1.90594632,0,1,1,1 
BD_27,Buses_Diesel_Coaches Standard <=18 t_Euro V,EGR,,-0.04,1,10,90,-0.001856465,0.178782015,-0.522046762,1.214314251,0.153661906,-0.018444982,2.185350891,0,1,1,1 
BD_27,Buses_Diesel_Coaches Standard <=18 t_Euro V,EGR,,-0.02,0,10,100,-0.00139443,0.433661452,-0.733703752,1.120180214,0.223056506,1.5841048,0.045775949,0,1,1,1 
BD_27,Buses_Diesel_Coaches Standard <=18 t_Euro V,EGR,,-0.02,0.5,10,100,-0.002134079,0.434909017,-0.628818786,1.012215349,0.219083603,1.655272199,0.459554795,0,1,1,1 
BD_27,Buses_Diesel_Coaches Standard <=18 t_Euro V,EGR,,-0.02,1,10,100,-0.002697082,0.444246049,-0.762122611,1.155753404,0.220440283,1.635557352,2.26E-06,0,1,1,1 
BD_27,Buses_Diesel_Coaches Standard <=18 t_Euro V,EGR,,0,0,10,100,2.52E-06,-0.005616995,0.618948825,0.807028839,-0.001492652,0.134598153,4.591969018,0,1,1,1 
BD_27,Buses_Diesel_Coaches Standard <=18 t_Euro V,EGR,,0,0.5,10,100,0.000880591,0.310975451,-0.205672667,0.582681401,0.116224842,1.502827061,3.51E-07,0,1,1,1 
BD_27,Buses_Diesel_Coaches Standard <=18 t_Euro V,EGR,,0,1,10,100,0.000876003,0.313095783,-0.189057478,0.559092108,0.114563477,1.519505049,4.43E-07,0,1,1,1 
BD_27,Buses_Diesel_Coaches Standard <=18 t_Euro V,EGR,,0.02,0,10,100,0.006175684,0.470742113,-0.787909864,1.347451983,0.217203066,1.365185078,1.64E-07,0,1,1,1 
BD_27,Buses_Diesel_Coaches Standard <=18 t_Euro V,EGR,,0.02,0.5,10,100,0.006994935,0.476083537,-0.739464339,1.300711418,0.217129042,1.413934774,6.35E-07,0,1,1,1 
BD_27,Buses_Diesel_Coaches Standard <=18 t_Euro V,EGR,,0.02,1,10,100,0.007351315,0.484841661,-0.68896433,1.275846477,0.210661238,1.510416693,7.30E-07,0,1,1,1 
BD_27,Buses_Diesel_Coaches Standard <=18 t_Euro V,EGR,,0.04,0,10,100,0.011845744,0.460247473,-0.82636427,1.367582395,0.232411198,1.082322274,4.53E-07,0,1,1,1 
BD_27,Buses_Diesel_Coaches Standard <=18 t_Euro V,EGR,,0.04,0.5,10,100,0.006451231,0.365625027,-0.330323656,0.833673531,0.131327444,1.288282951,6.18E-05,0,1,1,1 
BD_27,Buses_Diesel_Coaches Standard <=18 t_Euro V,EGR,,0.04,1,10,100,-0.000218433,-0.000513511,1.72876162,0.740287729,-0.004788549,0.326619199,8.346749178,0,1,1,1 
BD_27,Buses_Diesel_Coaches Standard <=18 t_Euro V,EGR,,0.06,0,10,95,-0.000151915,0.009757207,0.645174137,0.592072726,-0.002046664,0.192207491,3.07334576,0,1,1,1 
BD_27,Buses_Diesel_Coaches Standard <=18 t_Euro V,EGR,,0.06,0.5,10,80,-0.000406107,0.022358911,0.927114914,0.698759708,-0.004685885,0.345345391,3.884504758,0,1,1,1 
BD_27,Buses_Diesel_Coaches Standard <=18 t_Euro V,EGR,,0.06,1,10,80,-0.000137464,0.000924909,0.850161959,0.983917735,-0.001997991,0.118044577,4.204982739,0,1,1,1 
BD_28,Buses_Diesel_Coaches Standard <=18 t_Euro VI,,,-0.06,0,10,100,5.39E-05,-0.009252262,0.395841389,0.196947162,-0.008986792,2.549016907,0.492354438,0,1,1,1 
BD_28,Buses_Diesel_Coaches Standard <=18 t_Euro VI,,,-0.06,0.5,10,100,5.29E-05,-0.008864394,0.368893601,0.214480413,-0.010931117,2.502650935,0.436083127,0,1,1,1 
BD_28,Buses_Diesel_Coaches Standard <=18 t_Euro VI,,,-0.06,1,10,65,-0.002946589,0.189936305,0.159943627,0.334690308,1.410896064,0.483392035,0.351463932,0,1,1,1 
BD_28,Buses_Diesel_Coaches Standard <=18 t_Euro VI,,,-0.04,0,10,80,-0.003016902,0.247733082,0.090761628,0.16712428,1.447544185,0.470144756,0.388186794,0,1,1,1 
BD_28,Buses_Diesel_Coaches Standard <=18 t_Euro VI,,,-0.04,0.5,10,75,-0.003045494,0.24207694,0.101566662,0.160953691,1.450859526,0.473232709,0.388014896,0,1,1,1 
BD_28,Buses_Diesel_Coaches Standard <=18 t_Euro VI,,,-0.04,1,10,100,9.23E-05,-0.016897157,0.783368743,0.267248972,-0.035380905,4.802908765,0.59880423,0,1,1,1 
BD_28,Buses_Diesel_Coaches Standard <=18 t_Euro VI,,,-0.02,0,10,100,-0.000466225,0.260506675,0.073377342,0.1409131,1.449312196,0.463578239,0.395200909,0,1,1,1 
BD_28,Buses_Diesel_Coaches Standard <=18 t_Euro VI,,,-0.02,0.5,10,100,-0.001125752,0.267378442,0.058438734,0.127122352,1.451687474,0.460023486,0.398932898,0,1,1,1 
BD_28,Buses_Diesel_Coaches Standard <=18 t_Euro VI,,,-0.02,1,10,100,-0.001658534,0.280184041,0.188227783,-0.86638905,1.529918432,0.093758068,0.563415371,0,1,1,1 
BD_28,Buses_Diesel_Coaches Standard <=18 t_Euro VI,,,0,0,10,100,0.00153605,0.279118471,0.080368295,0.058430876,1.458999161,0.459636894,0.416539197,0,1,1,1 
BD_28,Buses_Diesel_Coaches Standard <=18 t_Euro VI,,,0,0.5,10,100,0.001549222,0.279373562,0.080970474,0.047104746,1.461300081,0.459293331,0.418569617,0,1,1,1 
BD_28,Buses_Diesel_Coaches Standard <=18 t_Euro VI,,,0,1,10,100,0.001566157,0.279443318,0.081381289,0.039361661,1.462897298,0.459068859,0.419907919,0,1,1,1 
BD_28,Buses_Diesel_Coaches Standard <=18 t_Euro VI,,,0.02,0,10,100,8.91E-05,0.012057389,0.154969349,0.500858387,0.047313574,0.864538291,2.451793767,0,1,1,1 
BD_28,Buses_Diesel_Coaches Standard <=18 t_Euro VI,,,0.02,0.5,10,100,0.000119022,0.014289499,0.135228542,0.500602102,0.058372697,0.770769222,2.437614574,0,1,1,1 
BD_28,Buses_Diesel_Coaches Standard <=18 t_Euro VI,,,0.02,1,10,100,0.000104271,0.011369176,0.070430689,0.506920083,0.048247208,0.412584929,2.508818597,0,1,1,1 
BD_28,Buses_Diesel_Coaches Standard <=18 t_Euro VI,,,0.04,0,10,100,0.000174647,0.024421966,0.300488381,0.514737007,0.077370769,1.72200679,2.409129236,0,1,1,1 
BD_28,Buses_Diesel_Coaches Standard <=18 t_Euro VI,,,0.04,0.5,10,100,0.000163398,0.018154569,0.149647092,0.648413843,0.063692786,0.857507041,3.224209887,0,1,1,1 
BD_28,Buses_Diesel_Coaches Standard <=18 t_Euro VI,,,0.04,1,10,100,0.002537907,0.203215889,-0.319358251,1.274960193,0.865408636,0.433041025,0.215513645,0,1,1,1 
BD_28,Buses_Diesel_Coaches Standard <=18 t_Euro VI,,,0.06,0,10,95,0.000282341,0.035601312,0.365159607,0.142037298,0.103225472,2.169399064,0.420823561,0,1,1,1 
BD_28,Buses_Diesel_Coaches Standard <=18 t_Euro VI,,,0.06,0.5,10,85,0.000465587,0.036523917,0.157295731,0.816026924,0.135341151,0.960081832,4.030552103,0,1,1,1 
BD_28,Buses_Diesel_Coaches Standard <=18 t_Euro VI,,,0.06,1,10,80,-4.30E-06,-0.000293598,0.042210319,1.059832737,-0.00121839,0.035787321,5.764367912,0,1,1,1 
BD_29,Buses_Diesel_Coaches Articulated >18 t_Conventional,,,-0.06,0,12,105,-1.99E-05,0.02091897,1.60220111,-4.631151704,0.002925579,0.091246331,-0.066905834,0,1,1,1 
BD_29,Buses_Diesel_Coaches Articulated >18 t_Conventional,,,-0.06,0.5,12,105,-2.21E-05,0.020998607,1.738667657,-5.148091645,0.003106055,0.094374388,0.002556851,0,1,1,1 
BD_29,Buses_Diesel_Coaches Articulated >18 t_Conventional,,,-0.06,1,12,105,-2.24E-05,0.018667869,1.727968665,-5.427905872,0.003004561,0.085918528,0.065278976,0,1,1,1 
BD_29,Buses_Diesel_Coaches Articulated >18 t_Conventional,,,-0.04,0,12,105,-2.28E-05,0.022274886,1.804887019,-5.291585042,0.002913179,0.089190965,-0.01742851,0,1,1,1 
BD_29,Buses_Diesel_Coaches Articulated >18 t_Conventional,,,-0.04,0.5,12,105,-1.40E-05,0.012027384,1.079854462,-3.345976175,0.001698086,0.049540316,0.032552281,0,1,1,1 
BD_29,Buses_Diesel_Coaches Articulated >18 t_Conventional,,,-0.04,1,12,105,-1.60E-05,0.011661821,1.231199858,-4.174857632,0.001859373,0.049418393,0.087480779,0,1,1,1 
BD_29,Buses_Diesel_Coaches Articulated >18 t_Conventional,,,-0.02,0,12,105,6.95E-08,0.039308188,2.476574481,-1.208615703,0.002472156,0.158598716,0.088417994,0,1,1,1 
BD_29,Buses_Diesel_Coaches Articulated >18 t_Conventional,,,-0.02,0.5,12,105,3.64E-05,-0.003211942,0.562496143,2.34345725,0.000156415,0.022226374,0.308092909,0,1,1,1 
BD_29,Buses_Diesel_Coaches Articulated >18 t_Conventional,,,-0.02,1,12,105,5.24E-05,-0.005501955,0.776279141,2.738853925,0.000216734,0.025957202,0.432735308,0,1,1,1 
BD_29,Buses_Diesel_Coaches Articulated >18 t_Conventional,,,0,0,12,105,-3.80E-06,0.00064229,0.278742079,1.925050013,-5.18E-05,0.015958807,0.154355551,0,1,1,1 
BD_29,Buses_Diesel_Coaches Articulated >18 t_Conventional,,,0,0.5,12,105,6.75E-05,0.001044117,0.644315552,2.357247995,0.000185039,0.026421553,0.301147424,0,1,1,1 
BD_29,Buses_Diesel_Coaches Articulated >18 t_Conventional,,,0,1,12,105,0.000160932,-0.002912609,1.017779414,3.088169762,0.000391461,0.026582057,0.546275184,0,1,1,1 
BD_29,Buses_Diesel_Coaches Articulated >18 t_Conventional,,,0.02,0,12,105,9.97E-06,0.007438666,1.050591184,6.818863547,-0.000142125,0.057119299,0.547908673,0,1,1,1 
BD_29,Buses_Diesel_Coaches Articulated >18 t_Conventional,,,0.02,0.5,12,103,-8.30E-07,0.006092922,0.745755177,4.006720751,-9.32E-05,0.03521741,0.368940989,0,1,1,1 
BD_29,Buses_Diesel_Coaches Articulated >18 t_Conventional,,,0.02,1,12,99,0.000230669,0.013665307,1.777568948,4.429094348,0.000379144,0.060822239,0.714578463,0,1,1,1 
BD_29,Buses_Diesel_Coaches Articulated >18 t_Conventional,,,0.04,0,12,100,4.06E-06,0.009585491,1.064126598,5.564997359,-0.000132994,0.048952763,0.510989806,0,1,1,1 
BD_29,Buses_Diesel_Coaches Articulated >18 t_Conventional,,,0.04,0.5,12,86,-1.42E-05,0.011115949,1.030395916,4.235070792,-0.000131244,0.040961196,0.446158017,0,1,1,1 
BD_29,Buses_Diesel_Coaches Articulated >18 t_Conventional,,,0.04,1,12,75,5.25E-15,-1.54E-13,2.382690791,1.30E-10,-0.00056573,0.070812045,0.580503138,0,1,1,1 
BD_29,Buses_Diesel_Coaches Articulated >18 t_Conventional,,,0.06,0,12,81,4.80E-06,0.013626638,1.179475814,5.074370076,-0.000159809,0.049963516,0.502871259,0,1,1,1 
BD_29,Buses_Diesel_Coaches Articulated >18 t_Conventional,,,0.06,0.5,12,67,0.002421921,0.405202203,3.16572636,0.986645707,0.004455372,0.422840817,-1.144205778,0,1,1,1 
BD_29,Buses_Diesel_Coaches Articulated >18 t_Conventional,,,0.06,1,12,57,0.000726663,0.057098558,0.740838832,5.255133988,0.000602311,0.054867177,0.215289897,0,1,1,1 
BD_30,Buses_Diesel_Coaches Articulated >18 t_Euro I,,,-0.06,0,12,105,1.66E-06,-0.001338734,0.308668596,2.548843667,0.000147014,0.028848144,0.186064865,0,1,1,1 
BD_30,Buses_Diesel_Coaches Articulated >18 t_Euro I,,,-0.06,0.5,12,105,3.07E-06,-0.001946801,0.384117792,2.648676372,0.000153686,0.036213091,0.221003908,0,1,1,1 
BD_30,Buses_Diesel_Coaches Articulated >18 t_Euro I,,,-0.06,1,12,105,2.07E-07,-0.000102523,0.009174913,2.974361078,1.06E-05,0.003266905,0.262862231,0,1,1,1 
BD_30,Buses_Diesel_Coaches Articulated >18 t_Euro I,,,-0.04,0,12,105,5.81E-06,-0.00297878,0.492054839,4.173759327,9.02E-05,0.037206949,0.34594057,0,1,1,1 
BD_30,Buses_Diesel_Coaches Articulated >18 t_Euro I,,,-0.04,0.5,12,105,8.17E-06,-0.003906235,0.592470426,4.926710039,0.000118394,0.045450794,0.435597971,0,1,1,1 
BD_30,Buses_Diesel_Coaches Articulated >18 t_Euro I,,,-0.04,1,12,105,2.28E-05,-0.009309981,1.163825967,8.523715293,0.000201139,0.081467273,0.896649529,0,1,1,1 
BD_30,Buses_Diesel_Coaches Articulated >18 t_Euro I,,,-0.02,0,12,105,2.56E-05,0.03829863,1.074443272,-5.055472588,0.002186562,0.103134829,-0.49774305,0,1,1,1 
BD_30,Buses_Diesel_Coaches Articulated >18 t_Euro I,,,-0.02,0.5,12,105,-0.00016345,0.099741631,2.30241204,1.76122653,0.00668529,0.190842232,0.232843276,0,1,1,1 
BD_30,Buses_Diesel_Coaches Articulated >18 t_Euro I,,,-0.02,1,12,105,6.86E-06,-0.003121487,0.29600731,2.577844932,-0.000138044,0.01871256,0.255220596,0,1,1,1 
BD_30,Buses_Diesel_Coaches Articulated >18 t_Euro I,,,0,0,12,105,3.39E-05,0.022499832,0.961147383,3.378370967,0.001105,0.073104731,0.420425479,0,1,1,1 
BD_30,Buses_Diesel_Coaches Articulated >18 t_Euro I,,,0,0.5,12,105,0.000237926,0.07636679,1.609389646,2.342785082,0.004065,0.14048354,0.371521736,0,1,1,1 
BD_30,Buses_Diesel_Coaches Articulated >18 t_Euro I,,,0,1,12,105,0.00016097,-0.004011114,0.999667035,2.892514937,0.00050171,0.030042076,0.725878856,0,1,1,1 
BD_30,Buses_Diesel_Coaches Articulated >18 t_Euro I,,,0.02,0,12,105,1.96E-06,0.003323625,0.50142854,3.170637033,-8.68E-05,0.035680661,0.341968741,0,1,1,1 
BD_30,Buses_Diesel_Coaches Articulated >18 t_Euro I,,,0.02,0.5,12,104,0.000259834,-0.002143194,0.59983556,2.354682055,0.00062527,0.012579835,0.510229544,0,1,1,1 
BD_30,Buses_Diesel_Coaches Articulated >18 t_Euro I,,,0.02,1,12,100,7.32E-06,0.008760375,0.79511774,3.677548927,-0.000131898,0.046839304,0.529920707,0,1,1,1 
BD_30,Buses_Diesel_Coaches Articulated >18 t_Euro I,,,0.04,0,12,101,3.15E-05,0.005955748,0.632204095,5.270249935,-0.000144928,0.042788558,0.54765541,0,1,1,1 
BD_30,Buses_Diesel_Coaches Articulated >18 t_Euro I,,,0.04,0.5,12,90,0.000819453,0.074182158,2.644975053,-0.093690567,0.000573764,0.24128636,0.131773972,0,1,1,1 
BD_30,Buses_Diesel_Coaches Articulated >18 t_Euro I,,,0.04,1,12,78,0.000179037,0.006297462,1.385465031,4.62595373,-0.000127923,0.046591967,0.950210904,0,1,1,1 
BD_30,Buses_Diesel_Coaches Articulated >18 t_Euro I,,,0.06,0,12,86,0.001764282,0.10631046,4.446196173,-2.677673013,0.000777998,0.411317052,-0.051116759,0,1,1,1 
BD_30,Buses_Diesel_Coaches Articulated >18 t_Euro I,,,0.06,0.5,12,71,4.55E-05,0.02028438,1.017435539,2.801094043,-0.000189462,0.0508659,0.610858503,0,1,1,1 
BD_30,Buses_Diesel_Coaches Articulated >18 t_Euro I,,,0.06,1,12,59,0.006704871,0.373268525,-1.683397867,14.63041968,0.007048192,0.290829628,-1.038011789,0,1,1,1 
BD_31,Buses_Diesel_Coaches Articulated >18 t_Euro II,,,-0.06,0,12,105,-2.87E-05,0.044716305,2.871144126,-7.093383797,0.017887231,0.658890762,-0.268909305,0,1,1,1 
BD_31,Buses_Diesel_Coaches Articulated >18 t_Euro II,,,-0.06,0.5,12,105,-2.07E-05,0.019503398,1.606331003,-5.075415258,0.009109376,0.288083946,0.491608539,0,1,1,1 
BD_31,Buses_Diesel_Coaches Articulated >18 t_Euro II,,,-0.06,1,12,105,-2.23E-05,0.013032623,1.665642436,-6.799499068,0.008562802,0.198725441,1.021398314,0,1,1,1 
BD_31,Buses_Diesel_Coaches Articulated >18 t_Euro II,,,-0.04,0,12,105,-1.47E-05,0.01318574,1.136897691,-3.603957325,0.0058984,0.180242549,0.267251783,0,1,1,1 
BD_31,Buses_Diesel_Coaches Articulated >18 t_Euro II,,,-0.04,0.5,12,105,-1.36E-05,0.011866862,1.930481246,-0.523781729,0.006375134,0.308231375,1.974565814,0,1,1,1 
BD_31,Buses_Diesel_Coaches Articulated >18 t_Euro II,,,-0.04,1,12,105,-1.18E-05,0.005557261,0.904029993,-4.178656311,0.003820297,0.072521998,0.63675305,0,1,1,1 
BD_31,Buses_Diesel_Coaches Articulated >18 t_Euro II,,,-0.02,0,12,105,-7.61E-06,0.02931121,1.911740359,-0.575204179,0.006691992,0.367787355,1.051483972,0,1,1,1 
BD_31,Buses_Diesel_Coaches Articulated >18 t_Euro II,,,-0.02,0.5,12,105,-1.27E-05,0.019910523,1.21770702,-3.486027828,0.004665621,0.178755809,0.422004635,0,1,1,1 
BD_31,Buses_Diesel_Coaches Articulated >18 t_Euro II,,,-0.02,1,12,105,5.31E-05,0.002066001,-0.042190134,3.154965545,0.001724446,-0.060701327,1.171433825,0,1,1,1 
BD_31,Buses_Diesel_Coaches Articulated >18 t_Euro II,,,0,0,12,105,9.94E-18,-2.06E-16,2.764775928,8.56E-13,-0.002509403,0.452321013,1.738206659,0,1,1,1 
BD_31,Buses_Diesel_Coaches Articulated >18 t_Euro II,,,0,0.5,12,105,-9.65E-06,0.006897188,0.890089193,4.571684457,-0.000382458,0.137166972,1.51869072,0,1,1,1 
BD_31,Buses_Diesel_Coaches Articulated >18 t_Euro II,,,0,1,12,105,0.000355116,-0.017910322,0.528846306,2.154614513,0.001864751,-0.06768904,1.781783461,0,1,1,1 
BD_31,Buses_Diesel_Coaches Articulated >18 t_Euro II,,,0.02,0,12,105,1.41E-05,0.005640406,0.28313814,3.106614431,0.000122347,0.033716072,0.876182889,0,1,1,1 
BD_31,Buses_Diesel_Coaches Articulated >18 t_Euro II,,,0.02,0.5,12,105,0.000495265,0.003713736,-0.288254214,2.500323282,0.003112379,-0.075224253,0.525559534,0,1,1,1 
BD_31,Buses_Diesel_Coaches Articulated >18 t_Euro II,,,0.02,1,12,103,-0.000227273,0.01917423,0.572577633,-7.213206559,-0.001203182,0.13902932,-1.193563798,0,1,1,1 
BD_31,Buses_Diesel_Coaches Articulated >18 t_Euro II,,,0.04,0,12,102,0.000220809,0.052810699,-0.047013439,-4.784220913,0.002185672,0.134294157,-1.522943279,0,1,1,1 
BD_31,Buses_Diesel_Coaches Articulated >18 t_Euro II,,,0.04,0.5,12,94,3.48E-05,0.018538941,0.730695932,2.399120859,0.000426179,0.067988557,1.018522371,0,1,1,1 
BD_31,Buses_Diesel_Coaches Articulated >18 t_Euro II,,,0.04,1,12,81,0.000689151,0.001219403,-0.225633953,3.04355476,0.002877514,-0.067355325,0.605239174,0,1,1,1 
BD_31,Buses_Diesel_Coaches Articulated >18 t_Euro II,,,0.06,0,12,88,0.000227525,0.051204906,-0.034032407,-4.254227768,0.001916608,0.110190403,-1.187630191,0,1,1,1 
BD_31,Buses_Diesel_Coaches Articulated >18 t_Euro II,,,0.06,0.5,12,75,-5.96E-06,0.018924668,1.234649992,3.970089732,-0.000375856,0.109891899,1.230958751,0,1,1,1 
BD_31,Buses_Diesel_Coaches Articulated >18 t_Euro II,,,0.06,1,12,62,7.70E-05,0.080570536,2.144437859,2.842492864,0.001423402,0.184950345,1.775968943,0,1,1,1 
BD_32,Buses_Diesel_Coaches Articulated >18 t_Euro III,,,-0.06,0,12,105,2.21E-06,-0.001551592,0.25775249,2.339067913,-0.000143647,0.037115785,0.360338217,0,1,1,1 
BD_32,Buses_Diesel_Coaches Articulated >18 t_Euro III,,,-0.06,0.5,12,105,5.23E-06,-0.003077861,0.270908769,2.81176832,-0.000347649,0.037649845,0.492519594,0,1,1,1 
BD_32,Buses_Diesel_Coaches Articulated >18 t_Euro III,,,-0.06,1,12,105,-7.83E-05,0.038063156,-0.023070568,-3.970779695,0.005282327,0.011663595,-0.72228041,0,1,1,1 
BD_32,Buses_Diesel_Coaches Articulated >18 t_Euro III,,,-0.04,0,12,105,3.98E-06,-0.002045189,0.250309951,2.213190973,-0.000156007,0.030842656,0.345189707,0,1,1,1 
BD_32,Buses_Diesel_Coaches Articulated >18 t_Euro III,,,-0.04,0.5,12,105,4.90E-06,-0.002601911,0.268478675,2.521657859,-0.000241637,0.034327832,0.413342603,0,1,1,1 
BD_32,Buses_Diesel_Coaches Articulated >18 t_Euro III,,,-0.04,1,12,105,7.03E-06,-0.003603523,0.329381733,3.152388901,-0.000347134,0.041587884,0.549684774,0,1,1,1 
BD_32,Buses_Diesel_Coaches Articulated >18 t_Euro III,,,-0.02,0,12,105,2.87E-07,0.002217669,0.309661829,3.932924428,0.000195724,0.036547543,0.607388913,0,1,1,1 
BD_32,Buses_Diesel_Coaches Articulated >18 t_Euro III,,,-0.02,0.5,12,105,-0.00010192,0.057646737,1.643080837,3.009489781,0.006035654,0.22864589,0.64286126,0,1,1,1 
BD_32,Buses_Diesel_Coaches Articulated >18 t_Euro III,,,-0.02,1,12,105,-0.000159724,0.070461896,0.633419568,-3.76780393,0.007387009,0.120293028,-0.596160399,0,1,1,1 
BD_32,Buses_Diesel_Coaches Articulated >18 t_Euro III,,,0,0,12,105,0.000142695,0.049482164,0.034731635,-4.390615186,0.006128382,0.023602606,-0.703693783,0,1,1,1 
BD_32,Buses_Diesel_Coaches Articulated >18 t_Euro III,,,0,0.5,12,105,-1.25E-05,-0.001021274,0.583174469,4.559877689,-0.00041534,0.071483411,0.746995554,0,1,1,1 
BD_32,Buses_Diesel_Coaches Articulated >18 t_Euro III,,,0,1,12,105,-1.09E-05,-0.000998394,0.358326297,2.777703816,-0.000311802,0.041985747,0.486523823,0,1,1,1 
BD_32,Buses_Diesel_Coaches Articulated >18 t_Euro III,,,0.02,0,12,105,0.000179605,0.10350867,1.421657114,-3.165756397,0.006770028,0.358421311,-1.396412736,0,1,1,1 
BD_32,Buses_Diesel_Coaches Articulated >18 t_Euro III,,,0.02,0.5,12,105,0.000178601,0.086338653,0.684141126,-2.550322248,0.005457418,0.241988165,-1.252806242,0,1,1,1 
BD_32,Buses_Diesel_Coaches Articulated >18 t_Euro III,,,0.02,1,12,104,0.000154541,0.058330038,0.55766015,-4.673211242,0.003090652,0.191217958,-1.330425033,0,1,1,1 
BD_32,Buses_Diesel_Coaches Articulated >18 t_Euro III,,,0.04,0,12,104,0.000131537,0.053088467,0.564316345,-4.385017148,0.002872276,0.174470495,-1.181585719,0,1,1,1 
BD_32,Buses_Diesel_Coaches Articulated >18 t_Euro III,,,0.04,0.5,12,97,1.12E-05,0.003705889,0.442641102,3.041544405,-0.000155527,0.053336113,0.523964169,0,1,1,1 
BD_32,Buses_Diesel_Coaches Articulated >18 t_Euro III,,,0.04,1,12,86,0.000853492,0.183436694,1.918597533,0.764494136,0.006262326,0.630646985,-1.930935782,0,1,1,1 
BD_32,Buses_Diesel_Coaches Articulated >18 t_Euro III,,,0.06,0,12,90,0.000849182,0.014263827,-0.049361698,-2.77329011,0.004780771,-0.03133637,-0.292660311,0,1,1,1 
BD_32,Buses_Diesel_Coaches Articulated >18 t_Euro III,,,0.06,0.5,12,78,2.65E-05,0.004256597,0.386573879,2.923616804,-0.000182227,0.044823255,0.516620383,0,1,1,1 
BD_32,Buses_Diesel_Coaches Articulated >18 t_Euro III,,,0.06,1,12,66,3.17E-05,-0.003014188,0.031325281,2.616139399,0.000138374,-0.016086589,0.488949819,0,1,1,1 
BD_33,Buses_Diesel_Coaches Articulated >18 t_Euro IV,,,-0.06,0,12,105,-8.40E-06,0.004554904,0.786466121,-2.646718399,0.024911752,0.431933334,-0.115211576,0,1,1,1 
BD_33,Buses_Diesel_Coaches Articulated >18 t_Euro IV,,,-0.06,0.5,12,105,-8.20E-06,0.004370124,0.794993504,-2.680369627,0.025026488,0.432728084,0.099363959,0,1,1,1 
BD_33,Buses_Diesel_Coaches Articulated >18 t_Euro IV,,,-0.06,1,12,105,-7.20E-06,0.0038029,0.709020373,-2.402808084,0.022202902,0.385676039,0.219927069,0,1,1,1 
BD_33,Buses_Diesel_Coaches Articulated >18 t_Euro IV,,,-0.04,0,12,105,-5.47E-06,0.002699143,0.610562246,-2.159552116,0.015024409,0.250096525,0.515718928,0,1,1,1 
BD_33,Buses_Diesel_Coaches Articulated >18 t_Euro IV,,,-0.04,0.5,12,105,-5.31E-06,0.00259994,0.599725025,-2.125155063,0.014713952,0.242956759,0.517730171,0,1,1,1 
BD_33,Buses_Diesel_Coaches Articulated >18 t_Euro IV,,,-0.04,1,12,105,-4.83E-06,0.002308358,0.571569944,-2.066275409,0.013755761,0.223219883,0.597639843,0,1,1,1 
BD_33,Buses_Diesel_Coaches Articulated >18 t_Euro IV,,,-0.02,0,12,105,-1.10E-05,0.00940749,0.850234,-2.629663968,0.015276458,0.441405423,0.225817113,0,1,1,1 
BD_33,Buses_Diesel_Coaches Articulated >18 t_Euro IV,,,-0.02,0.5,12,105,-1.07E-05,0.00814708,0.819480589,-2.671101411,0.014213188,0.386090649,0.43565042,0,1,1,1 
BD_33,Buses_Diesel_Coaches Articulated >18 t_Euro IV,,,-0.02,1,12,105,-1.21E-05,0.008201958,0.944438337,-3.299806199,0.01558867,0.392562534,0.826638545,0,1,1,1 
BD_33,Buses_Diesel_Coaches Articulated >18 t_Euro IV,,,0,0,12,105,-5.93E-18,-9.09E-17,1.173307762,-9.23E-13,-0.003917595,0.78922789,1.415974524,0,1,1,1 
BD_33,Buses_Diesel_Coaches Articulated >18 t_Euro IV,,,0,0.5,12,105,-6.55E-16,3.72E-15,1.02232658,-7.81E-11,-0.002822008,0.606319368,1.822822922,0,1,1,1 
BD_33,Buses_Diesel_Coaches Articulated >18 t_Euro IV,,,0,1,12,105,-8.47E-17,-2.05E-15,1.047048826,-6.05E-12,-0.002375348,0.55365307,2.328977749,0,1,1,1 
BD_33,Buses_Diesel_Coaches Articulated >18 t_Euro IV,,,0.02,0,12,105,9.15E-05,0.013287442,0.272522692,-3.65357003,0.001836388,0.33118937,-3.168135128,0,1,1,1 
BD_33,Buses_Diesel_Coaches Articulated >18 t_Euro IV,,,0.02,0.5,12,105,0.000326127,0.085711485,1.442039132,-1.69445632,0.009259546,1.471032693,-2.070614938,0,1,1,1 
BD_33,Buses_Diesel_Coaches Articulated >18 t_Euro IV,,,0.02,1,12,104,0.000218313,0.065416908,0.316958337,-3.532599901,0.009494649,0.711339196,-4.294853897,0,1,1,1 
BD_33,Buses_Diesel_Coaches Articulated >18 t_Euro IV,,,0.04,0,12,104,-8.34E-06,-0.000492968,0.234190042,1.868789961,-0.00026386,0.022642032,2.286113078,0,1,1,1 
BD_33,Buses_Diesel_Coaches Articulated >18 t_Euro IV,,,0.04,0.5,12,98,-0.000117544,0.046285919,0.908893231,0.673626572,0.003657324,0.421261029,3.604452099,0,1,1,1 
BD_33,Buses_Diesel_Coaches Articulated >18 t_Euro IV,,,0.04,1,12,89,-0.000808278,0.236003495,1.138015755,-1.789348064,0.020684176,1.437146045,0.744624775,0,1,1,1 
BD_33,Buses_Diesel_Coaches Articulated >18 t_Euro IV,,,0.06,0,12,91,-0.000363346,0.019919504,1.708439345,-6.792450413,-0.005399731,0.594374517,1.466915717,0,1,1,1 
BD_33,Buses_Diesel_Coaches Articulated >18 t_Euro IV,,,0.06,0.5,12,79,2.50E-05,-0.007292265,0.498870036,0.520130435,-0.000361158,0.020005007,2.215050494,0,1,1,1 
BD_33,Buses_Diesel_Coaches Articulated >18 t_Euro IV,,,0.06,1,12,69,-0.000576665,0.150218052,1.417004379,-0.216731959,0.015557445,0.878461575,2.229807368,0,1,1,1 
BD_34,Buses_Diesel_Coaches Articulated >18 t_Euro V,SCR,,-0.06,0,10,95,-0.000318437,0.034982409,-0.43068018,2.301569181,0.035999735,-0.507488148,2.598132919,0,1,1,1 
BD_34,Buses_Diesel_Coaches Articulated >18 t_Euro V,SCR,,-0.06,0.5,10,95,-0.000274526,0.030320684,-0.389280639,2.036422503,0.031849287,-0.465302677,2.33712363,0,1,1,1 
BD_34,Buses_Diesel_Coaches Articulated >18 t_Euro V,SCR,,-0.06,1,10,95,-0.00039664,0.044767062,-0.600476399,3.152586018,0.048276253,-0.732003642,3.67019736,0,1,1,1 
BD_34,Buses_Diesel_Coaches Articulated >18 t_Euro V,SCR,,-0.04,0,10,85,-0.010808503,0.965778433,-0.048954344,0.391203306,0.66299217,0.416034491,0.6682102,0,1,1,1 
BD_34,Buses_Diesel_Coaches Articulated >18 t_Euro V,SCR,,-0.04,0.5,10,90,-0.010376569,0.960238853,0.100460076,0.358891166,0.703150771,0.304616996,0.713639137,0,1,1,1 
BD_34,Buses_Diesel_Coaches Articulated >18 t_Euro V,SCR,,-0.04,1,10,85,-0.011039862,0.963076579,-0.034581175,0.411035852,0.665953416,0.420688836,0.644971847,0,1,1,1 
BD_34,Buses_Diesel_Coaches Articulated >18 t_Euro V,SCR,,-0.02,0,10,100,-0.004890353,1.273075911,-0.640287345,-0.473440758,0.770873553,0.1934985,-0.135495187,0,1,1,1 
BD_34,Buses_Diesel_Coaches Articulated >18 t_Euro V,SCR,,-0.02,0.5,10,100,-0.006715495,1.273013046,-0.700692771,-0.480396723,0.743592944,0.188668716,-0.123715611,0,1,1,1 
BD_34,Buses_Diesel_Coaches Articulated >18 t_Euro V,SCR,,-0.02,1,10,100,-0.007603779,1.276992427,-0.627221806,-0.431462131,0.722965033,0.277624799,-0.060130203,0,1,1,1 
BD_34,Buses_Diesel_Coaches Articulated >18 t_Euro V,SCR,,0,0,10,100,0.00259881,0.190983782,-0.84524215,2.089480691,0.130342866,-0.58740243,1.535024491,0,1,1,1 
BD_34,Buses_Diesel_Coaches Articulated >18 t_Euro V,SCR,,0,0.5,10,100,0.00413726,0.321427468,-1.357504992,2.525875434,0.204657309,-0.84372833,1.69392943,0,1,1,1 
BD_34,Buses_Diesel_Coaches Articulated >18 t_Euro V,SCR,,0,1,10,100,0.006111235,0.609729713,-2.03017318,-1.318349777,0.333714363,-0.745426813,-1.954767895,0,1,1,1 
BD_34,Buses_Diesel_Coaches Articulated >18 t_Euro V,SCR,,0.02,0,10,100,0.004338909,0.123141569,-0.522094124,4.561939518,0.09707507,-0.535101141,3.264877483,0,1,1,1 
BD_34,Buses_Diesel_Coaches Articulated >18 t_Euro V,SCR,,0.02,0.5,10,100,0.028510681,1.13801351,-1.468041311,-0.534049542,0.643224202,-0.694066823,-0.267717976,0,1,1,1 
BD_34,Buses_Diesel_Coaches Articulated >18 t_Euro V,SCR,,0.02,1,10,100,0.031607793,1.406030003,-0.261741628,-0.362332275,0.703911808,0.133934237,-0.096747917,0,1,1,1 
BD_34,Buses_Diesel_Coaches Articulated >18 t_Euro V,SCR,,0.04,0,10,100,-0.000540186,0.043542608,1.828125588,-0.38123055,-0.008254043,0.968749582,1.53E-11,0,1,1,1 
BD_34,Buses_Diesel_Coaches Articulated >18 t_Euro V,SCR,,0.04,0.5,10,95,-0.000483773,0.036466282,1.722303033,0.770497874,-0.006583025,0.79422149,0.690841723,0,1,1,1 
BD_34,Buses_Diesel_Coaches Articulated >18 t_Euro V,SCR,,0.04,1,10,85,-0.000443312,0.055563128,1.772802343,0.39682959,-0.001637714,0.788478637,0.454733095,0,1,1,1 
BD_34,Buses_Diesel_Coaches Articulated >18 t_Euro V,SCR,,0.06,0,10,85,-0.000665642,0.077972631,1.906591692,0.130447641,-0.002313945,0.936687459,0.189475908,0,1,1,1 
BD_34,Buses_Diesel_Coaches Articulated >18 t_Euro V,SCR,,0.06,0.5,10,75,-0.000607852,0.05373916,1.593424169,1.170774261,-0.002307928,0.666777676,0.706865579,0,1,1,1 
BD_34,Buses_Diesel_Coaches Articulated >18 t_Euro V,SCR,,0.06,1,10,65,1.99E-05,0.0021089,0.388121861,2.697953544,0.000322003,0.075832409,1.277863659,0,1,1,1 
BD_34,Buses_Diesel_Coaches Articulated >18 t_Euro V,EGR,,-0.06,0,10,80,-0.000995159,0.08912174,-0.484373407,1.25338693,0.117666453,-0.751177583,2.939663668,0,1,1,1 
BD_34,Buses_Diesel_Coaches Articulated >18 t_Euro V,EGR,,-0.06,0.5,10,80,-0.00089628,0.079927773,-0.471865896,1.148212905,0.114017746,-0.795367592,2.7086795,0,1,1,1 
BD_34,Buses_Diesel_Coaches Articulated >18 t_Euro V,EGR,,-0.06,1,10,80,-0.000995705,0.091170672,-0.595222974,1.569331571,0.144838126,-1.188214187,4.113129639,0,1,1,1 
BD_34,Buses_Diesel_Coaches Articulated >18 t_Euro V,EGR,,-0.04,0,10,90,-0.002862398,0.27284083,-0.523799538,1.155610622,0.189729034,0.582048052,1.531149369,0,1,1,1 
BD_34,Buses_Diesel_Coaches Articulated >18 t_Euro V,EGR,,-0.04,0.5,10,90,-0.00216769,0.209185927,-0.621098804,1.433308006,0.163807413,-0.033543599,2.337745526,0,1,1,1 
BD_34,Buses_Diesel_Coaches Articulated >18 t_Euro V,EGR,,-0.04,1,10,90,-0.002249393,0.217300542,-0.753085836,1.580516397,0.178591289,-0.211878768,2.372328986,0,1,1,1 
BD_34,Buses_Diesel_Coaches Articulated >18 t_Euro V,EGR,,-0.02,0,10,100,-0.002046919,0.486677651,-0.831064507,1.258180049,0.22361357,1.632794097,9.79E-07,0,1,1,1 
BD_34,Buses_Diesel_Coaches Articulated >18 t_Euro V,EGR,,-0.02,0.5,10,100,-0.002143583,0.342457505,-0.553934699,0.854457755,0.151752894,1.203078141,1.84E-07,0,1,1,1 
BD_34,Buses_Diesel_Coaches Articulated >18 t_Euro V,EGR,,-0.02,1,10,100,-0.002332246,0.343251456,-0.562130796,0.866011505,0.153854662,1.188274736,0.016004231,0,1,1,1 
BD_34,Buses_Diesel_Coaches Articulated >18 t_Euro V,EGR,,0,0,10,100,0.000751098,0.329515422,-0.133362596,0.528358492,0.107999869,1.563035887,4.71E-07,0,1,1,1 
BD_34,Buses_Diesel_Coaches Articulated >18 t_Euro V,EGR,,0,0.5,10,100,4.44E-06,-0.002272397,0.385412439,0.542320104,-0.000409534,0.077375374,2.587042933,0,1,1,1 
BD_34,Buses_Diesel_Coaches Articulated >18 t_Euro V,EGR,,0,1,10,100,-6.29E-05,0.119145881,-0.252948457,-0.483382837,0.027020606,0.682244958,-2.596370082,0,1,1,1 
BD_34,Buses_Diesel_Coaches Articulated >18 t_Euro V,EGR,,0.02,0,10,100,0.005137193,0.376138663,-0.569837117,1.010037779,0.154700054,1.045263665,3.72E-08,0,1,1,1 
BD_34,Buses_Diesel_Coaches Articulated >18 t_Euro V,EGR,,0.02,0.5,10,100,0.00588526,0.379391857,-0.567849871,1.026361167,0.149947599,1.042697198,3.62E-09,0,1,1,1 
BD_34,Buses_Diesel_Coaches Articulated >18 t_Euro V,EGR,,0.02,1,10,100,0.004714355,0.380628892,-0.330150172,0.84509134,0.118939539,1.330518813,3.31E-05,0,1,1,1 
BD_34,Buses_Diesel_Coaches Articulated >18 t_Euro V,EGR,,0.04,0,10,100,-4.94E-05,0.000369688,0.39624889,0.414202722,-0.001039423,0.076386401,1.995162447,0,1,1,1 
BD_34,Buses_Diesel_Coaches Articulated >18 t_Euro V,EGR,,0.04,0.5,10,95,-7.65E-05,-0.000370089,0.785798545,0.909436958,-0.001526944,0.112244588,3.942117238,0,1,1,1 
BD_34,Buses_Diesel_Coaches Articulated >18 t_Euro V,EGR,,0.04,1,10,85,-0.00026532,0.013995551,1.031925606,0.985027356,-0.003161381,0.256004089,4.48882838,0,1,1,1 
BD_34,Buses_Diesel_Coaches Articulated >18 t_Euro V,EGR,,0.06,0,10,85,-0.000590878,0.038846763,1.521334575,1.113952527,-0.006337366,0.540571685,5.855650991,0,1,1,1 
BD_34,Buses_Diesel_Coaches Articulated >18 t_Euro V,EGR,,0.06,0.5,10,75,-6.62E-05,-0.005869356,0.909129545,1.239836153,-0.001275739,0.053049802,4.393020835,0,1,1,1 
BD_34,Buses_Diesel_Coaches Articulated >18 t_Euro V,EGR,,0.06,1,10,65,8.67E-05,-0.01237599,0.494350849,0.909784375,0.000250637,-0.048099575,2.642509114,0,1,1,1 
BD_35,Buses_Diesel_Coaches Articulated >18 t_Euro VI,,,-0.06,0,10,100,6.00E-05,-0.010188154,0.430483541,0.236838092,-0.010179734,2.614201489,0.489166828,0,1,1,1 
BD_35,Buses_Diesel_Coaches Articulated >18 t_Euro VI,,,-0.06,0.5,10,100,5.92E-05,-0.00984059,0.404718285,0.260629226,-0.012011892,2.624847859,0.41924303,0,1,1,1 
BD_35,Buses_Diesel_Coaches Articulated >18 t_Euro VI,,,-0.06,1,10,65,-0.000345881,0.024623358,-0.007319209,-1.748181467,0.21016474,-1.033241479,-8.15065495,0,1,1,1 
BD_35,Buses_Diesel_Coaches Articulated >18 t_Euro VI,,,-0.04,0,10,100,7.68E-05,-0.014207404,0.658222729,0.801554334,-0.02886541,3.622857434,3.583073752,0,1,1,1 
BD_35,Buses_Diesel_Coaches Articulated >18 t_Euro VI,,,-0.04,0.5,10,100,0.00010558,-0.019347237,0.89558043,0.313769389,-0.038237297,5.070589988,0.607272932,0,1,1,1 
BD_35,Buses_Diesel_Coaches Articulated >18 t_Euro VI,,,-0.04,1,10,75,-0.001339696,0.118811691,-0.929561841,-0.463245474,0.654493539,-5.956286918,-0.424017204,0,1,1,1 
BD_35,Buses_Diesel_Coaches Articulated >18 t_Euro VI,,,-0.02,0,10,100,-0.000973514,0.289594811,0.06381875,0.131414004,1.438770361,0.457866972,0.407455614,0,1,1,1 
BD_35,Buses_Diesel_Coaches Articulated >18 t_Euro VI,,,-0.02,0.5,10,100,-0.001841432,0.304277911,0.185889082,-0.956542261,1.518958084,0.011074498,0.599078298,0,1,1,1 
BD_35,Buses_Diesel_Coaches Articulated >18 t_Euro VI,,,-0.02,1,10,100,-0.001974242,0.281971037,0.080500585,0.204801792,1.420749527,0.462169508,0.393078465,0,1,1,1 
BD_35,Buses_Diesel_Coaches Articulated >18 t_Euro VI,,,0,0,10,100,0.001685533,0.30223398,0.088623051,0.047606295,1.448261129,0.456683624,0.429569199,0,1,1,1 
BD_35,Buses_Diesel_Coaches Articulated >18 t_Euro VI,,,0,0.5,10,100,0.001727048,0.302268831,0.089572315,0.039153463,1.449904057,0.456535791,0.43119135,0,1,1,1 
BD_35,Buses_Diesel_Coaches Articulated >18 t_Euro VI,,,0,1,10,100,0.001798015,0.303270149,0.089829012,-0.003087267,1.458126838,0.454487287,0.439233754,0,1,1,1 
BD_35,Buses_Diesel_Coaches Articulated >18 t_Euro VI,,,0.02,0,10,100,0.000156206,0.021772773,0.302626003,0.898078527,0.074720633,1.554609538,4.001609189,0,1,1,1 
BD_35,Buses_Diesel_Coaches Articulated >18 t_Euro VI,,,0.02,0.5,10,100,8.84E-05,0.012328902,0.168432932,0.654194484,0.039855772,0.870429214,2.952703697,0,1,1,1 
BD_35,Buses_Diesel_Coaches Articulated >18 t_Euro VI,,,0.02,1,10,100,0.000102555,0.014035334,0.190538885,0.750557219,0.043241049,0.992956284,3.380238393,0,1,1,1 
BD_35,Buses_Diesel_Coaches Articulated >18 t_Euro VI,,,0.04,0,10,100,0.000292307,0.037485351,0.368009029,0.228551095,0.111843727,2.062543128,0.437840171,0,1,1,1 
BD_35,Buses_Diesel_Coaches Articulated >18 t_Euro VI,,,0.04,0.5,10,100,0.002386187,0.191761146,-0.261630262,1.321941748,0.735430488,0.673676499,0.185626161,0,1,1,1 
BD_35,Buses_Diesel_Coaches Articulated >18 t_Euro VI,,,0.04,1,10,90,0.000102508,0.009026585,0.053604029,0.547681464,0.029759019,0.259844084,2.586660328,0,1,1,1 
BD_35,Buses_Diesel_Coaches Articulated >18 t_Euro VI,,,0.06,0,10,90,0.00024143,0.036062903,0.454427667,0.06436847,0.082804491,2.434949255,0.001184801,0,1,1,1 
BD_35,Buses_Diesel_Coaches Articulated >18 t_Euro VI,,,0.06,0.5,10,75,-7.90E-07,-0.00025012,0.018535104,0.568451498,-0.00036243,-0.005286076,2.836910445,0,1,1,1 
BD_35,Buses_Diesel_Coaches Articulated >18 t_Euro VI,,,0.06,1,10,70,-4.38E-05,0.01517368,0.338387013,0.424514703,0.00738797,1.674615937,1.994248201,0,1,1,1 
BCNG_1,Buses_CNG_Urban CNG Buses_Euro I,,Urban Peak,,,6,75,0,0,0.02,0,0,0,1,0,1,1,1 
BCNG_1,Buses_CNG_Urban CNG Buses_Euro I,,Urban Off Peak,,,6,75,0,0,0.02,0,0,0,1,0,1,1,1 
BCNG_1,Buses_CNG_Urban CNG Buses_Euro I,,Rural,,,6,75,0,0,0.02,0,0,0,1,0,1,1,1 
BCNG_1,Buses_CNG_Urban CNG Buses_Euro I,,Highway,,,6,75,0,0,0.02,0,0,0,1,0,1,1,1 
BCNG_2,Buses_CNG_Urban CNG Buses_Euro II,,Urban Peak,,,6,75,0,0,0.01,0,0,0,1,0,1,1,1 
BCNG_2,Buses_CNG_Urban CNG Buses_Euro II,,Urban Off Peak,,,6,75,0,0,0.01,0,0,0,1,0,1,1,1 
BCNG_2,Buses_CNG_Urban CNG Buses_Euro II,,Rural,,,6,75,0,0,0.01,0,0,0,1,0,1,1,1 
BCNG_2,Buses_CNG_Urban CNG Buses_Euro II,,Highway,,,6,75,0,0,0.01,0,0,0,1,0,1,1,1 
BCNG_3,Buses_CNG_Urban CNG Buses_Euro III,,Urban Peak,,,6,75,0,0,0.01,0,0,0,1,0,1,1,1 
BCNG_3,Buses_CNG_Urban CNG Buses_Euro III,,Urban Off Peak,,,6,75,0,0,0.01,0,0,0,1,0,1,1,1 
BCNG_3,Buses_CNG_Urban CNG Buses_Euro III,,Rural,,,6,75,0,0,0.01,0,0,0,1,0,1,1,1 
BCNG_3,Buses_CNG_Urban CNG Buses_Euro III,,Highway,,,6,75,0,0,0.01,0,0,0,1,0,1,1,1 
BCNG_4,Buses_CNG_Urban CNG Buses_EEV,,,,,11,86,3.00E-05,0.004321406,1.048895715,4.098263158,-0.011483065,3.5220327,54.17274573,0,1,1,1 
BCNG_5,Buses_CNG_Urban CNG Buses_Euro VI,,,,,11,86,3.00E-05,0.004321406,1.048895715,4.098263158,-0.011483065,3.5220327,54.17274573,0,1,1,1 
BBIO_1,Buses_Biodiesel_Urban Biodiesel Buses_Conventional,,,-0.06,0,11,86,0.002366871,-0.094595903,6.473694599,33.23632279,0.007878245,0.078063795,4.707684191,0,1,1,1 
BBIO_1,Buses_Biodiesel_Urban Biodiesel Buses_Conventional,,,-0.06,0.5,11,86,0.001713252,-0.082600262,6.891911017,29.40506311,0.006108729,0.151290379,4.080979391,0,1,1,1 
BBIO_1,Buses_Biodiesel_Urban Biodiesel Buses_Conventional,,,-0.06,1,11,86,-0.000197998,0.303169284,16.21030611,-33.83555941,0.024671483,0.820091458,-0.377551832,0,1,1,1 
BBIO_1,Buses_Biodiesel_Urban Biodiesel Buses_Conventional,,,-0.04,0,11,86,-0.000149088,0.072268147,10.0918657,-31.06391886,0.023528227,0.41138446,0.486618353,0,1,1,1 
BBIO_1,Buses_Biodiesel_Urban Biodiesel Buses_Conventional,,,-0.04,0.5,11,86,0.001684502,-0.160211416,12.1520476,21.8322509,0.013325103,0.343705261,7.183490371,0,1,1,1 
BBIO_1,Buses_Biodiesel_Urban Biodiesel Buses_Conventional,,,-0.04,1,11,86,0.001794451,-0.175349456,12.59739142,21.73844643,0.013289984,0.319305697,7.826571608,0,1,1,1 
BBIO_1,Buses_Biodiesel_Urban Biodiesel Buses_Conventional,,,-0.02,0,11,85,0.001393466,0.076319786,2.876363309,42.8079194,0.001291534,0.239589002,1.087226567,0,1,1,1 
BBIO_1,Buses_Biodiesel_Urban Biodiesel Buses_Conventional,,,-0.02,0.5,11,75,0.002368826,0.529006908,3.952248941,35.86594275,0.002526267,0.754169608,-2.78095128,0,1,1,1 
BBIO_1,Buses_Biodiesel_Urban Biodiesel Buses_Conventional,,,-0.02,1,11,62,0.001442524,0.096798863,9.390456289,32.03177466,-0.002308918,0.419462468,0.956042822,0,1,1,1 
BBIO_1,Buses_Biodiesel_Urban Biodiesel Buses_Conventional,,,0,0,11,86,6.92E-05,0.01690678,4.683316422,33.32974249,-0.000231425,0.293317929,1.857653581,0,1,1,1 
BBIO_1,Buses_Biodiesel_Urban Biodiesel Buses_Conventional,,,0,0.5,11,86,4.35E-05,0.019312737,4.992059645,32.33239205,-0.000449589,0.290276322,1.884594223,0,1,1,1 
BBIO_1,Buses_Biodiesel_Urban Biodiesel Buses_Conventional,,,0,1,11,86,0.001991565,1.080200393,16.83076707,-74.0157344,0.032274868,1.535492795,-7.964372041,0,1,1,1 
BBIO_1,Buses_Biodiesel_Urban Biodiesel Buses_Conventional,,,0.02,0,11,72,0.004189634,0.645941965,4.190774082,52.84203669,0.00346489,0.964255011,-3.832766787,0,1,1,1 
BBIO_1,Buses_Biodiesel_Urban Biodiesel Buses_Conventional,,,0.02,0.5,11,58,0.032653165,-0.696924316,7.392928833,25.32395802,0.026736057,-0.55646548,5.165978967,0,1,1,1 
BBIO_1,Buses_Biodiesel_Urban Biodiesel Buses_Conventional,,,0.02,1,11,40,0.018527647,-1.559719929,38.82517261,-31.13531501,0.002954991,-0.251248671,9.487992814,0,1,1,1 
BBIO_1,Buses_Biodiesel_Urban Biodiesel Buses_Conventional,,,0.04,0,11,86,-0.00032504,0.203368993,18.84757085,-53.88443129,0.037730147,0.831931255,0.104408716,0,1,1,1 
BBIO_1,Buses_Biodiesel_Urban Biodiesel Buses_Conventional,,,0.04,0.5,11,86,-0.000206765,0.107038317,12.98591966,-40.67631135,0.024748807,0.481880828,0.818935252,0,1,1,1 
BBIO_1,Buses_Biodiesel_Urban Biodiesel Buses_Conventional,,,0.04,1,11,86,0.001400916,0.125427505,21.79333748,-4.592501341,0.056640458,0.166996768,11.3510053,0,1,1,1 
BBIO_1,Buses_Biodiesel_Urban Biodiesel Buses_Conventional,,,0.06,0,11,86,0.000108796,0.019113285,3.604315984,25.43411659,-0.000528425,0.214760988,1.226589565,0,1,1,1 
BBIO_1,Buses_Biodiesel_Urban Biodiesel Buses_Conventional,,,0.06,0.5,11,86,0.004761027,1.007389846,12.92005798,41.00872378,0.018478336,1.60362697,-5.307524862,0,1,1,1 
BBIO_1,Buses_Biodiesel_Urban Biodiesel Buses_Conventional,,,0.06,1,11,85,0.005591807,0.978873973,10.67272962,37.11097079,0.014435932,1.347042592,-4.407199358,0,1,1,1 
BBIO_2,Buses_Biodiesel_Urban Biodiesel Buses_Euro I,,,-0.06,0,11,86,0.003119853,-0.128942867,9.366044542,15.58464691,0.015061887,0.147875631,10.63098175,0,1,1,1 
BBIO_2,Buses_Biodiesel_Urban Biodiesel Buses_Euro I,,,-0.06,0.5,11,86,0.002973678,-0.124904898,7.891626755,16.59387529,0.01440376,0.059553349,9.556838985,0,1,1,1 
BBIO_2,Buses_Biodiesel_Urban Biodiesel Buses_Euro I,,,-0.06,1,11,86,-6.04E-14,-3.10E-11,29.90063382,-8.67E-10,-0.005105321,3.177391822,6.027690967,0,1,1,1 
BBIO_2,Buses_Biodiesel_Urban Biodiesel Buses_Euro I,,,-0.04,0,11,86,1.89E-15,-1.19E-11,24.38982603,2.53E-07,0.028149708,3.174246754,-1.249246795,0,1,1,1 
BBIO_2,Buses_Biodiesel_Urban Biodiesel Buses_Euro I,,,-0.04,0.5,11,86,-0.000239735,0.160164172,17.88799433,-21.50144474,0.06172267,1.707790938,1.196547691,0,1,1,1 
BBIO_2,Buses_Biodiesel_Urban Biodiesel Buses_Euro I,,,-0.04,1,11,86,-1.33E-12,3.44E-10,18.97660295,4.37E-07,0.029041964,2.14208597,2.346018651,0,1,1,1 
BBIO_2,Buses_Biodiesel_Urban Biodiesel Buses_Euro I,,,-0.02,0,11,86,0.00977374,-0.119210878,5.456452153,42.07869725,0.025017627,-0.194060567,10.83344944,0,1,1,1 
BBIO_2,Buses_Biodiesel_Urban Biodiesel Buses_Euro I,,,-0.02,0.5,11,76,0.003654178,1.036271519,-5.139689732,-49.3370164,0.012515137,1.932375715,-20.53446546,0,1,1,1 
BBIO_2,Buses_Biodiesel_Urban Biodiesel Buses_Euro I,,,-0.02,1,11,61,0.033485261,4.399633197,-8.468309905,-122.8796798,0.100235713,5.852223351,-43.27413406,0,1,1,1 
BBIO_2,Buses_Biodiesel_Urban Biodiesel Buses_Euro I,,,0,0,11,86,0.005282481,-0.106708242,15.07728942,21.182615,0.023608591,0.543885928,14.92710512,0,1,1,1 
BBIO_2,Buses_Biodiesel_Urban Biodiesel Buses_Euro I,,,0,0.5,11,86,0.005699364,-0.105327904,16.17785628,19.16340558,0.022489969,0.533743335,16.02637107,0,1,1,1 
BBIO_2,Buses_Biodiesel_Urban Biodiesel Buses_Euro I,,,0,1,11,86,0.003452188,-0.001657448,-2.189730676,38.36333542,0.019930461,-0.649626514,7.029278915,0,1,1,1 
BBIO_2,Buses_Biodiesel_Urban Biodiesel Buses_Euro I,,,0.02,0,11,74,0.013402678,1.487506541,6.838690098,44.79150673,0.022415845,3.616009275,-8.679691912,0,1,1,1 
BBIO_2,Buses_Biodiesel_Urban Biodiesel Buses_Euro I,,,0.02,0.5,11,59,0.002765583,0.257972422,4.469816658,48.67530142,0.002082041,0.490594471,6.446901007,0,1,1,1 
BBIO_2,Buses_Biodiesel_Urban Biodiesel Buses_Euro I,,,0.02,1,11,45,0.010023899,-0.897255318,25.45570867,-19.74555023,0.004654705,-0.444341341,17.34479203,0,1,1,1 
BBIO_2,Buses_Biodiesel_Urban Biodiesel Buses_Euro I,,,0.04,0,11,86,0.002112981,-0.100294552,14.4580112,22.78864439,0.024962157,0.94521747,9.476904984,0,1,1,1 
BBIO_2,Buses_Biodiesel_Urban Biodiesel Buses_Euro I,,,0.04,0.5,11,86,-0.000300583,0.269105946,17.94999822,-23.16190586,0.062039391,1.580646597,2.808807982,0,1,1,1 
BBIO_2,Buses_Biodiesel_Urban Biodiesel Buses_Euro I,,,0.04,1,11,86,-0.000327813,0.250542187,19.16950966,-19.07152887,0.062664904,1.478257216,6.188443823,0,1,1,1 
BBIO_2,Buses_Biodiesel_Urban Biodiesel Buses_Euro I,,,0.06,0,11,86,0.005593163,0.10332611,11.36344303,14.81404254,0.021535631,0.851839277,8.085440027,0,1,1,1 
BBIO_2,Buses_Biodiesel_Urban Biodiesel Buses_Euro I,,,0.06,0.5,11,86,0.07538997,2.367430525,22.1226094,-7.889337397,0.289734961,3.540582071,-2.091752939,0,1,1,1 
BBIO_2,Buses_Biodiesel_Urban Biodiesel Buses_Euro I,,,0.06,1,11,86,0.002435629,0.601465267,9.743364827,23.62049593,0.008732739,1.648384387,3.175605822,0,1,1,1 
BBIO_3,Buses_Biodiesel_Urban Biodiesel Buses_Euro II,,,-0.06,0,11,86,5.69E-05,0.018069872,2.665501169,22.34948092,-0.00264031,0.955521996,9.179450468,0,1,1,1 
BBIO_3,Buses_Biodiesel_Urban Biodiesel Buses_Euro II,,,-0.06,0.5,11,86,0.002747204,0.084512732,-3.464507938,42.4808189,0.070808046,-2.028686735,20.29965809,0,1,1,1 
BBIO_3,Buses_Biodiesel_Urban Biodiesel Buses_Euro II,,,-0.06,1,11,86,-0.003504282,-0.005927465,30.45102678,-249.6640688,-0.096974974,9.395375445,-64.96271629,0,1,1,1 
BBIO_3,Buses_Biodiesel_Urban Biodiesel Buses_Euro II,,,-0.04,0,11,86,-0.003399757,1.252513831,14.27536654,-28.32300041,0.423760766,8.548192882,-12.84742306,0,1,1,1 
BBIO_3,Buses_Biodiesel_Urban Biodiesel Buses_Euro II,,,-0.04,0.5,11,86,0.000279051,-0.08166324,6.081663963,24.38416549,-0.009760651,1.242928191,27.23747349,0,1,1,1 
BBIO_3,Buses_Biodiesel_Urban Biodiesel Buses_Euro II,,,-0.04,1,11,86,-0.000139744,0.079162013,9.67385893,-3.412456102,0.066474292,1.311628157,31.33906146,0,1,1,1 
BBIO_3,Buses_Biodiesel_Urban Biodiesel Buses_Euro II,,,-0.02,0,11,86,0.000954919,0.265418451,7.590239569,28.37016895,0.011318403,1.469088109,13.2282603,0,1,1,1 
BBIO_3,Buses_Biodiesel_Urban Biodiesel Buses_Euro II,,,-0.02,0.5,11,80,0.002838826,0.683814052,0.062013897,-29.51934918,0.040087328,1.629436339,-12.69123658,0,1,1,1 
BBIO_3,Buses_Biodiesel_Urban Biodiesel Buses_Euro II,,,-0.02,1,11,69,0.000961565,0.467551934,13.15467847,21.72149827,0.019083235,1.688168648,12.17219141,0,1,1,1 
BBIO_3,Buses_Biodiesel_Urban Biodiesel Buses_Euro II,,,0,0,11,86,0.000265599,0.053076657,5.094829005,34.67884746,-0.005176353,1.412104268,14.35952974,0,1,1,1 
BBIO_3,Buses_Biodiesel_Urban Biodiesel Buses_Euro II,,,0,0.5,11,86,0.000166874,0.058098917,5.034149241,25.17426892,-0.004028881,1.189282457,11.29466684,0,1,1,1 
BBIO_3,Buses_Biodiesel_Urban Biodiesel Buses_Euro II,,,0,1,11,86,1.55E-13,-1.23E-11,16.1995097,7.43E-09,-0.01763815,2.46552883,19.78020963,0,1,1,1 
BBIO_3,Buses_Biodiesel_Urban Biodiesel Buses_Euro II,,,0.02,0,11,75,0.000253975,0.114973751,4.899160832,31.29775916,0.003725385,0.615567219,10.41071289,0,1,1,1 
BBIO_3,Buses_Biodiesel_Urban Biodiesel Buses_Euro II,,,0.02,0.5,11,54,0.003454089,-0.079957256,0.178731215,20.39674566,0.013654847,-0.460785655,5.927468449,0,1,1,1 
BBIO_3,Buses_Biodiesel_Urban Biodiesel Buses_Euro II,,,0.02,1,10,52,0.008379752,-0.909775202,31.26200789,-2.096207906,0.002283948,-0.353480967,32.87010694,0,1,1,1 
BBIO_3,Buses_Biodiesel_Urban Biodiesel Buses_Euro II,,,0.04,0,11,86,-0.002286448,0.894224743,18.9237923,21.32083771,0.240797272,8.427435902,20.2502891,0,1,1,1 
BBIO_3,Buses_Biodiesel_Urban Biodiesel Buses_Euro II,,,0.04,0.5,11,86,0.000250429,-0.073720289,4.985757043,19.86511389,-0.008516298,0.78087628,20.39379699,0,1,1,1 
BBIO_3,Buses_Biodiesel_Urban Biodiesel Buses_Euro II,,,0.04,1,11,86,0.007510835,-1.390322065,23.85210226,-66.64993074,-0.228986293,2.369880373,17.25567852,0,1,1,1 
BBIO_3,Buses_Biodiesel_Urban Biodiesel Buses_Euro II,,,0.06,0,11,86,-2.20E-05,0.064904328,4.909538367,17.74022949,-0.003019678,0.940643804,10.14521704,0,1,1,1 
BBIO_3,Buses_Biodiesel_Urban Biodiesel Buses_Euro II,,,0.06,0.5,11,86,0.0096546,-0.111259493,-2.354865425,55.93050828,0.068640778,-2.119230796,21.61104324,0,1,1,1 
BBIO_3,Buses_Biodiesel_Urban Biodiesel Buses_Euro II,,,0.06,1,11,86,0.028709497,-0.003467878,-11.19095338,151.6425395,0.197935399,-5.154364721,45.68018269,0,1,1,1 
BBIO_4,Buses_Biodiesel_Urban Biodiesel Buses_Euro III,,,-0.06,0,11,86,0.00031452,0.395541131,14.23560388,-11.1949922,0.048779527,3.246054094,12.7499118,0,1,1,1 
BBIO_4,Buses_Biodiesel_Urban Biodiesel Buses_Euro III,,,-0.06,0.5,11,86,0.00185649,-0.148325609,5.648887818,12.75067041,0.009267785,-0.242651556,18.69608203,0,1,1,1 
BBIO_4,Buses_Biodiesel_Urban Biodiesel Buses_Euro III,,,-0.06,1,11,86,0.001688214,-0.078506671,2.408951214,23.36451291,0.017644887,-0.600467658,16.5417671,0,1,1,1 
BBIO_4,Buses_Biodiesel_Urban Biodiesel Buses_Euro III,,,-0.04,0,11,86,0.013336689,10.9171677,3.660006453,4.705560775,2.748449909,7.433266576,6.169949657,0,1,1,1 
BBIO_4,Buses_Biodiesel_Urban Biodiesel Buses_Euro III,,,-0.04,0.5,11,86,-6.39E-05,0.513417555,17.95806079,-30.788523,0.125386075,4.458437799,8.695037537,0,1,1,1 
BBIO_4,Buses_Biodiesel_Urban Biodiesel Buses_Euro III,,,-0.04,1,11,86,-0.000197782,0.604947802,24.76579224,-53.23792304,0.15460299,5.613310361,12.87925042,0,1,1,1 
BBIO_4,Buses_Biodiesel_Urban Biodiesel Buses_Euro III,,,-0.02,0,11,86,-3.28E-05,0.046441753,4.569353054,19.89134222,-0.002754558,0.868461282,8.415832988,0,1,1,1 
BBIO_4,Buses_Biodiesel_Urban Biodiesel Buses_Euro III,,,-0.02,0.5,11,81,-5.66E-05,0.090969925,7.278352403,27.25142253,-0.0042105,1.257395827,12.74316286,0,1,1,1 
BBIO_4,Buses_Biodiesel_Urban Biodiesel Buses_Euro III,,,-0.02,1,11,70,-0.000118647,0.112491995,7.264104525,22.16557265,-0.004265033,1.138446327,11.66014113,0,1,1,1 
BBIO_4,Buses_Biodiesel_Urban Biodiesel Buses_Euro III,,,0,0,11,86,2.21E-05,0.03612707,4.27714229,22.44543836,-0.00301324,1.021486355,8.789113279,0,1,1,1 
BBIO_4,Buses_Biodiesel_Urban Biodiesel Buses_Euro III,,,0,0.5,11,86,-9.69E-05,0.065375646,7.556331184,34.93415491,-0.005386724,1.667770328,15.69938296,0,1,1,1 
BBIO_4,Buses_Biodiesel_Urban Biodiesel Buses_Euro III,,,0,1,11,86,0.002140125,-0.087157342,1.762097341,24.20303962,0.017446833,-0.687211956,15.15655413,0,1,1,1 
BBIO_4,Buses_Biodiesel_Urban Biodiesel Buses_Euro III,,,0.02,0,11,79,1.63E-05,0.091065434,7.2781176,28.53270005,-0.004382167,1.304024002,12.6101635,0,1,1,1 
BBIO_4,Buses_Biodiesel_Urban Biodiesel Buses_Euro III,,,0.02,0.5,11,62,0.012132362,2.106016886,0.181276252,-12.15814425,0.132920459,5.747996532,-27.42602791,0,1,1,1 
BBIO_4,Buses_Biodiesel_Urban Biodiesel Buses_Euro III,,,0.02,1,11,54,0.005117463,-0.540971444,27.79134763,-0.000909909,2.58E-05,-0.035372976,45.61826389,0,1,1,1 
BBIO_4,Buses_Biodiesel_Urban Biodiesel Buses_Euro III,,,0.04,0,11,86,0.009081734,10.78012607,3.739293109,4.905959619,2.378147467,8.935928308,5.628792608,0,1,1,1 
BBIO_4,Buses_Biodiesel_Urban Biodiesel Buses_Euro III,,,0.04,0.5,11,86,3.84E-05,0.463703834,24.46059803,-30.79853179,0.09712347,5.795251962,11.61883299,0,1,1,1 
BBIO_4,Buses_Biodiesel_Urban Biodiesel Buses_Euro III,,,0.04,1,11,86,0.002011386,0.146029355,-3.705839773,66.55131949,0.080921397,-2.290522396,29.8251134,0,1,1,1 
BBIO_4,Buses_Biodiesel_Urban Biodiesel Buses_Euro III,,,0.06,0,11,86,1.22E-14,-4.65E-13,17.80493724,6.34E-10,-0.017319269,3.059103052,17.74553936,0,1,1,1 
BBIO_4,Buses_Biodiesel_Urban Biodiesel Buses_Euro III,,,0.06,0.5,11,86,1.75E-11,-7.56E-10,18.32771779,6.25E-07,-0.016279664,2.773123745,21.07252706,0,1,1,1 
BBIO_4,Buses_Biodiesel_Urban Biodiesel Buses_Euro III,,,0.06,1,11,86,-0.000247336,0.062940715,6.096577312,22.1112311,-0.004136642,1.021554591,11.61067091,0,1,1,1 
BBIO_5,Buses_Biodiesel_Urban Biodiesel Buses_Euro IV,,,-0.06,0,11,86,0.004311601,-0.056299078,-0.077683695,69.23512382,0.386289107,-13.22638727,216.5740555,0,1,1,1 
BBIO_5,Buses_Biodiesel_Urban Biodiesel Buses_Euro IV,,,-0.06,0.5,11,86,0.000488188,4.910897457,-10.21399847,0.375577638,4.827275879,17.65317593,4.378183933,0,1,1,1 
BBIO_5,Buses_Biodiesel_Urban Biodiesel Buses_Euro IV,,,-0.06,1,11,86,-0.000373349,-0.042897433,7.159336748,-50.00485047,-0.086935054,8.518847848,-47.08156012,0,1,1,1 
BBIO_5,Buses_Biodiesel_Urban Biodiesel Buses_Euro IV,,,-0.04,0,11,86,0.000203197,-0.058525406,4.905078333,14.02247631,0.001096314,5.060695603,106.8975208,0,1,1,1 
BBIO_5,Buses_Biodiesel_Urban Biodiesel Buses_Euro IV,,,-0.04,0.5,11,86,6.47E-05,-0.018423507,1.517975305,3.323393516,0.002017319,1.341353128,33.53637566,0,1,1,1 
BBIO_5,Buses_Biodiesel_Urban Biodiesel Buses_Euro IV,,,-0.04,1,11,86,6.86E-05,-0.019401269,1.581490981,2.691246746,0.003499538,1.218584811,34.88439818,0,1,1,1 
BBIO_5,Buses_Biodiesel_Urban Biodiesel Buses_Euro IV,,,-0.02,0,11,86,-0.000677064,0.283913844,6.536305497,6.184415551,0.037664226,4.527888416,42.59304584,0,1,1,1 
BBIO_5,Buses_Biodiesel_Urban Biodiesel Buses_Euro IV,,,-0.02,0.5,11,83,-0.004496268,1.220143211,8.483805958,-7.368798088,0.205721941,11.17348802,12.43824983,0,1,1,1 
BBIO_5,Buses_Biodiesel_Urban Biodiesel Buses_Euro IV,,,-0.02,1,11,68,0.010661896,-0.37069756,14.14977224,84.95938507,0.217071821,-5.235435173,158.1950446,0,1,1,1 
BBIO_5,Buses_Biodiesel_Urban Biodiesel Buses_Euro IV,,,0,0,11,86,3.03E-12,-1.80E-10,10.24623972,1.06E-07,-0.050669082,7.955208654,70.83962067,0,1,1,1 
BBIO_5,Buses_Biodiesel_Urban Biodiesel Buses_Euro IV,,,0,0.5,11,86,6.22E-12,-1.40E-10,6.85270875,1.54E-07,-0.022799508,4.392658793,45.5690167,0,1,1,1 
BBIO_5,Buses_Biodiesel_Urban Biodiesel Buses_Euro IV,,,0,1,11,86,2.02E-14,3.56E-13,4.025546692,4.46E-10,-0.010423668,2.379423508,23.39901836,0,1,1,1 
BBIO_5,Buses_Biodiesel_Urban Biodiesel Buses_Euro IV,,,0.02,0,11,81,-0.002135231,0.507113593,-1.844835255,-7.862692116,0.074377077,3.195225096,-22.68371377,0,1,1,1 
BBIO_5,Buses_Biodiesel_Urban Biodiesel Buses_Euro IV,,,0.02,0.5,11,65,-0.000136468,0.152287144,8.399510108,-1.768642414,0.061915069,2.30771804,28.70020566,0,1,1,1 
BBIO_5,Buses_Biodiesel_Urban Biodiesel Buses_Euro IV,,,0.02,1,11,55,0.003441167,-0.328366792,11.22535086,1.162239431,0.005087804,0.243804163,42.91954033,0,1,1,1 
BBIO_5,Buses_Biodiesel_Urban Biodiesel Buses_Euro IV,,,0.04,0,11,86,4.29E-05,-0.034538039,2.889338349,-19.25368763,-0.04503731,4.328513678,-23.00933166,0,1,1,1 
BBIO_5,Buses_Biodiesel_Urban Biodiesel Buses_Euro IV,,,0.04,0.5,11,86,-0.004796374,0.705883389,-5.634882066,23.37834986,0.671137362,-0.23636389,7.409476706,0,1,1,1 
BBIO_5,Buses_Biodiesel_Urban Biodiesel Buses_Euro IV,,,0.04,1,11,86,8.98E-05,-0.025609448,2.112392295,3.498960659,0.002657125,1.204571825,35.7453653,0,1,1,1 
BBIO_5,Buses_Biodiesel_Urban Biodiesel Buses_Euro IV,,,0.06,0,11,86,-0.001608689,0.113384945,3.130967426,-32.02491312,-0.054387271,5.37635697,-37.15699725,0,1,1,1 
BBIO_5,Buses_Biodiesel_Urban Biodiesel Buses_Euro IV,,,0.06,0.5,11,86,-0.000307131,0.210872183,6.46992281,9.479299231,0.034203719,4.436629192,43.78668388,0,1,1,1 
BBIO_5,Buses_Biodiesel_Urban Biodiesel Buses_Euro IV,,,0.06,1,11,86,-1.63E-16,-3.48E-13,5.827924461,3.68E-13,-0.005089175,2.107329182,28.91560098,0,1,1,1 
BBIO_6,Buses_Biodiesel_Urban Biodiesel Buses_Euro V,SCR,,-0.06,0,10,85,0.010260762,4.43737723,-2.278377087,5.135632057,4.448993944,14.38114256,4.983177209,0,1,1,1 
BBIO_6,Buses_Biodiesel_Urban Biodiesel Buses_Euro V,SCR,,-0.06,0.5,10,85,-0.001390324,6.692326733,-10.64180231,-5.599323786,6.72431774,1.117963199,12.16038577,0,1,1,1 
BBIO_6,Buses_Biodiesel_Urban Biodiesel Buses_Euro V,SCR,,-0.06,1,10,85,-0.024588717,6.935590382,-10.90882225,-3.285578753,6.106338001,3.690751772,11.02482426,0,1,1,1 
BBIO_6,Buses_Biodiesel_Urban Biodiesel Buses_Euro V,SCR,,-0.04,0,10,85,-0.03483389,4.043968007,-9.481339078,-12.6150407,7.38241148,-18.51735167,13.95332129,0,1,1,1 
BBIO_6,Buses_Biodiesel_Urban Biodiesel Buses_Euro V,SCR,,-0.04,0.5,10,85,-0.032438858,3.778850115,-10.70669504,-11.28151273,6.995135854,-22.87545042,14.52269962,0,1,1,1 
BBIO_6,Buses_Biodiesel_Urban Biodiesel Buses_Euro V,SCR,,-0.04,1,10,85,-0.048262682,4.5298362,-4.213159267,4.283556981,6.725051593,11.15640802,5.459538876,0,1,1,1 
BBIO_6,Buses_Biodiesel_Urban Biodiesel Buses_Euro V,SCR,,-0.02,0,10,85,-0.011068329,0.902144282,26.72641265,-18.63122696,-0.189818511,24.12700456,3.378121774,0,1,1,1 
BBIO_6,Buses_Biodiesel_Urban Biodiesel Buses_Euro V,SCR,,-0.02,0.5,10,80,-0.004230145,0.254605614,14.46765127,-5.683703504,-0.08181736,9.331243789,8.806554196,0,1,1,1 
BBIO_6,Buses_Biodiesel_Urban Biodiesel Buses_Euro V,SCR,,-0.02,1,10,70,-0.002395028,0.109126231,17.46196067,-2.717018351,-0.055343884,8.370660716,15.2267297,0,1,1,1 
BBIO_6,Buses_Biodiesel_Urban Biodiesel Buses_Euro V,SCR,,0,0,10,85,0.129848718,5.646023572,-4.20203474,-10.50046203,6.76122366,-1.700489162,15.50894267,0,1,1,1 
BBIO_6,Buses_Biodiesel_Urban Biodiesel Buses_Euro V,SCR,,0,0.5,10,85,0.117981048,6.660719414,-6.092389313,-6.734031214,6.628412373,0.372874531,13.91053301,0,1,1,1 
BBIO_6,Buses_Biodiesel_Urban Biodiesel Buses_Euro V,SCR,,0,1,10,85,0.100974151,7.04587998,-6.257314107,-5.68000642,6.213389696,0.88847842,13.73144584,0,1,1,1 
BBIO_6,Buses_Biodiesel_Urban Biodiesel Buses_Euro V,SCR,,0.02,0,10,75,-0.005604944,0.360734537,14.61292832,-4.691090144,-0.087169781,10.01369645,8.055922116,0,1,1,1 
BBIO_6,Buses_Biodiesel_Urban Biodiesel Buses_Euro V,SCR,,0.02,0.5,10,60,-0.001137474,-0.15404342,15.09724721,8.70528972,-0.087798039,5.54508209,22.84442514,0,1,1,1 
BBIO_6,Buses_Biodiesel_Urban Biodiesel Buses_Euro V,SCR,,0.02,1,10,55,0.078324911,9.824299552,4.201231188,4.524541791,4.364567567,5.652380132,5.878580549,0,1,1,1 
BBIO_6,Buses_Biodiesel_Urban Biodiesel Buses_Euro V,SCR,,0.04,0,10,85,-0.044817668,6.297922772,-9.811563324,-5.631277337,7.998334647,1.805988134,10.68135927,0,1,1,1 
BBIO_6,Buses_Biodiesel_Urban Biodiesel Buses_Euro V,SCR,,0.04,0.5,10,85,-0.045587387,5.955864812,-9.910209879,-10.7428011,7.480944325,-3.500762993,13.64016304,0,1,1,1 
BBIO_6,Buses_Biodiesel_Urban Biodiesel Buses_Euro V,SCR,,0.04,1,10,85,-0.043076602,4.530120348,-3.541162372,4.535931427,4.643434337,14.6428714,5.190146103,0,1,1,1 
BBIO_6,Buses_Biodiesel_Urban Biodiesel Buses_Euro V,SCR,,0.06,0,10,85,-0.003919557,0.357516053,14.87465747,-10.69104984,-0.109531117,14.56845792,7.923152142,0,1,1,1 
BBIO_6,Buses_Biodiesel_Urban Biodiesel Buses_Euro V,SCR,,0.06,0.5,10,85,-0.00430137,0.320304567,15.73453358,-9.867583153,-0.106836734,13.0425668,9.655629026,0,1,1,1 
BBIO_6,Buses_Biodiesel_Urban Biodiesel Buses_Euro V,SCR,,0.06,1,10,85,-0.003542094,0.239899288,17.08359703,-9.027360955,-0.091528431,11.7115969,12.91594267,0,1,1,1 
BBIO_6,Buses_Biodiesel_Urban Biodiesel Buses_Euro V,EGR,,-0.06,0,10,85,0.0012943,-0.147988799,5.131000987,-2.838635568,0.010726561,-1.167978238,80.24826294,0,1,1,1 
BBIO_6,Buses_Biodiesel_Urban Biodiesel Buses_Euro V,EGR,,-0.06,0.5,10,85,0.00062123,-0.07471814,2.753062825,-1.484343075,0.003997639,-0.397879288,42.3478238,0,1,1,1 
BBIO_6,Buses_Biodiesel_Urban Biodiesel Buses_Euro V,EGR,,-0.06,1,10,85,0.000594431,0.020369458,2.097843071,0.206138863,0.118997978,-1.272017861,47.36127287,0,1,1,1 
BBIO_6,Buses_Biodiesel_Urban Biodiesel Buses_Euro V,EGR,,-0.04,0,10,80,-0.031169703,2.630967001,-10.11316059,15.05979606,3.836174732,11.94088706,10.35323697,0,1,1,1 
BBIO_6,Buses_Biodiesel_Urban Biodiesel Buses_Euro V,EGR,,-0.04,0.5,10,80,-0.03216786,2.700596603,-10.02628661,13.0601284,4.39329242,10.48898579,10.34979935,0,1,1,1 
BBIO_6,Buses_Biodiesel_Urban Biodiesel Buses_Euro V,EGR,,-0.04,1,10,80,-0.036758323,3.07256182,-9.704801359,6.14087264,5.345651105,13.95576155,6.534437434,0,1,1,1 
BBIO_6,Buses_Biodiesel_Urban Biodiesel Buses_Euro V,EGR,,-0.02,0,10,85,0.00124933,-0.118694548,3.558025291,2.32654757,0.013346393,-1.19667628,41.03388007,0,1,1,1 
BBIO_6,Buses_Biodiesel_Urban Biodiesel Buses_Euro V,EGR,,-0.02,0.5,10,80,0.002732763,-0.14729975,3.166469415,4.608344724,0.042187261,-2.055220326,40.85556573,0,1,1,1 
BBIO_6,Buses_Biodiesel_Urban Biodiesel Buses_Euro V,EGR,,-0.02,1,10,70,0.005526302,-0.078639214,3.942916989,9.359366672,0.110433723,-2.577200976,57.26939652,0,1,1,1 
BBIO_6,Buses_Biodiesel_Urban Biodiesel Buses_Euro V,EGR,,0,0,10,85,0.000512949,-0.070045292,2.894209204,-1.184912242,0.000535638,-0.352478767,36.79134767,0,1,1,1 
BBIO_6,Buses_Biodiesel_Urban Biodiesel Buses_Euro V,EGR,,0,0.5,10,85,0.000845439,-0.112610888,4.5528403,-1.647411347,0.002182531,-0.627226527,55.86320277,0,1,1,1 
BBIO_6,Buses_Biodiesel_Urban Biodiesel Buses_Euro V,EGR,,0,1,10,85,0.001015097,-0.134020778,5.39188013,-1.699339206,0.003026678,-0.748166963,64.11392977,0,1,1,1 
BBIO_6,Buses_Biodiesel_Urban Biodiesel Buses_Euro V,EGR,,0.02,0,10,80,0.002854992,-0.13931434,2.994516363,4.767274632,0.044802226,-2.010591452,38.82441505,0,1,1,1 
BBIO_6,Buses_Biodiesel_Urban Biodiesel Buses_Euro V,EGR,,0.02,0.5,10,60,0.003052295,-0.155581812,2.638833131,4.838232896,0.038505056,-1.88238569,31.27934843,0,1,1,1 
BBIO_6,Buses_Biodiesel_Urban Biodiesel Buses_Euro V,EGR,,0.02,1,10,55,-0.000659754,0.066325607,2.009191218,5.164403466,0.013596004,-0.017922391,23.74597731,0,1,1,1 
BBIO_6,Buses_Biodiesel_Urban Biodiesel Buses_Euro V,EGR,,0.04,0,10,85,-0.01690941,1.839998935,-6.808163273,11.68601066,1.765986033,10.80543332,8.819550461,0,1,1,1 
BBIO_6,Buses_Biodiesel_Urban Biodiesel Buses_Euro V,EGR,,0.04,0.5,10,85,-0.020019554,1.917779219,-5.595315566,6.949186499,1.720662667,15.49424316,6.51901178,0,1,1,1 
BBIO_6,Buses_Biodiesel_Urban Biodiesel Buses_Euro V,EGR,,0.04,1,10,85,-0.021010491,1.930438481,-5.598175421,6.67628208,1.703902019,15.72476795,6.458724864,0,1,1,1 
BBIO_6,Buses_Biodiesel_Urban Biodiesel Buses_Euro V,EGR,,0.06,0,10,85,0.000472144,-0.056958626,2.199709324,0.238943122,0.002684112,-0.405358275,25.9724932,0,1,1,1 
BBIO_6,Buses_Biodiesel_Urban Biodiesel Buses_Euro V,EGR,,0.06,0.5,10,85,0.00056849,-0.05943649,1.989038215,0.738257012,0.005238823,-0.537260097,23.19289693,0,1,1,1 
BBIO_6,Buses_Biodiesel_Urban Biodiesel Buses_Euro V,EGR,,0.06,1,10,85,0.001515872,-0.140751076,4.100020204,2.527175762,0.016956325,-1.459828278,47.86793446,0,1,1,1 
BBIO_7,Buses_Biodiesel_Urban Biodiesel Buses_Euro VI,,,-0.06,0,10,85,1.46E-05,-0.001183954,0.005451324,1.912758999,0.00530955,-0.581861828,24.80404786,0,1,1,1 
BBIO_7,Buses_Biodiesel_Urban Biodiesel Buses_Euro VI,,,-0.06,0.5,10,85,2.81E-05,-0.003867693,0.079238949,6.248723209,-0.000982041,-0.741845957,80.63994732,0,1,1,1 
BBIO_7,Buses_Biodiesel_Urban Biodiesel Buses_Euro VI,,,-0.06,1,10,85,-1.65E-05,0.012005623,-0.312404481,3.337976198,0.134808926,-3.853360876,41.05724847,0,1,1,1 
BBIO_7,Buses_Biodiesel_Urban Biodiesel Buses_Euro VI,,,-0.04,0,10,75,-0.011547352,0.902989156,-0.238298968,3.933107049,11.22842276,6.539431649,5.178609891,0,1,1,1 
BBIO_7,Buses_Biodiesel_Urban Biodiesel Buses_Euro VI,,,-0.04,0.5,10,75,-0.010991838,0.842996217,-0.172448324,3.956368145,11.23401981,6.520776076,5.17325599,0,1,1,1 
BBIO_7,Buses_Biodiesel_Urban Biodiesel Buses_Euro VI,,,-0.04,1,10,75,-0.010899748,0.819091779,-0.197508083,3.955296564,11.24717165,6.515246054,5.171381984,0,1,1,1 
BBIO_7,Buses_Biodiesel_Urban Biodiesel Buses_Euro VI,,,-0.02,0,10,85,0.00084593,0.010735988,-0.622246106,6.632847635,0.312166432,-8.088892254,67.63219188,0,1,1,1 
BBIO_7,Buses_Biodiesel_Urban Biodiesel Buses_Euro VI,,,-0.02,0.5,10,85,0.00093,0.011921388,-0.550216576,7.446676243,0.315576319,-7.692900069,75.56799969,0,1,1,1 
BBIO_7,Buses_Biodiesel_Urban Biodiesel Buses_Euro VI,,,-0.02,1,10,70,0.001601355,-0.000714099,-0.839632508,9.018017239,0.431669968,-11.98026133,92.35511689,0,1,1,1 
BBIO_7,Buses_Biodiesel_Urban Biodiesel Buses_Euro VI,,,0,0,10,85,2.68E-05,-0.001517132,-0.010966173,2.15550754,0.010612526,-0.899466428,25.5756491,0,1,1,1 
BBIO_7,Buses_Biodiesel_Urban Biodiesel Buses_Euro VI,,,0,0.5,10,85,7.81E-05,-0.003955657,-0.066424883,5.798465248,0.033120337,-2.739031418,68.27372918,0,1,1,1 
BBIO_7,Buses_Biodiesel_Urban Biodiesel Buses_Euro VI,,,0,1,10,85,0.00030856,0.005848494,-0.408973662,4.348969332,0.175874521,-5.641015929,49.59978301,0,1,1,1 
BBIO_7,Buses_Biodiesel_Urban Biodiesel Buses_Euro VI,,,0.02,0,10,80,0.007084062,0.580718929,-1.714695613,11.09596221,3.11683402,10.29774397,4.665088071,0,1,1,1 
BBIO_7,Buses_Biodiesel_Urban Biodiesel Buses_Euro VI,,,0.02,0.5,10,65,0.001179989,0.21550326,1.505664042,1.132814664,0.643682811,19.43617867,5.709943857,0,1,1,1 
BBIO_7,Buses_Biodiesel_Urban Biodiesel Buses_Euro VI,,,0.02,1,10,55,-0.001972951,0.171358803,1.812965937,1.234004026,-0.042411745,22.49327749,6.358561502,0,1,1,1 
BBIO_7,Buses_Biodiesel_Urban Biodiesel Buses_Euro VI,,,0.04,0,10,85,-0.000108799,0.016164578,-0.413906392,3.75829877,0.155232855,-4.727480006,46.40414539,0,1,1,1 
BBIO_7,Buses_Biodiesel_Urban Biodiesel Buses_Euro VI,,,0.04,0.5,10,85,-0.011464017,1.105752708,-1.632041644,4.455140375,11.02349675,6.7697446,5.147712404,0,1,1,1 
BBIO_7,Buses_Biodiesel_Urban Biodiesel Buses_Euro VI,,,0.04,1,10,85,-0.011778621,1.089006023,-1.587310826,4.249082815,11.11552138,6.739645263,5.161949695,0,1,1,1 
BBIO_7,Buses_Biodiesel_Urban Biodiesel Buses_Euro VI,,,0.06,0,10,85,0.0002981,0.00204661,-0.306691741,3.901579691,0.128129551,-4.333933055,41.77930822,0,1,1,1 
BBIO_7,Buses_Biodiesel_Urban Biodiesel Buses_Euro VI,,,0.06,0.5,10,85,0.000473211,0.006029913,-0.42479045,4.321583622,0.193543116,-5.494878911,45.18955063,0,1,1,1 
BBIO_7,Buses_Biodiesel_Urban Biodiesel Buses_Euro VI,,,0.06,1,10,85,0.000485562,0.005520025,-0.396520802,4.017721499,0.184835424,-5.11779642,41.63231567,0,1,1,1 
M_1,L-Category_Petrol_Mopeds 2-stroke <50 cm³_Conventional,,Urban Peak,,,10,110,0,0,0.176,0,0,0,1,0,1,1,1 
M_1,L-Category_Petrol_Mopeds 2-stroke <50 cm³_Conventional,,Urban Off Peak,,,10,110,0,0,0.176,0,0,0,1,0,1,1,1 
M_1,L-Category_Petrol_Mopeds 2-stroke <50 cm³_Conventional,,Rural,,,10,110,0,0,0.176,0,0,0,1,0,1,1,1 
M_1,L-Category_Petrol_Mopeds 2-stroke <50 cm³_Conventional,,Highway,,,10,110,0,0,0.176,0,0,0,1,0,1,1,1 
M_2,L-Category_Petrol_Mopeds 2-stroke <50 cm³_Euro 1,,Urban Peak,,,10,110,0,0,0.045,0,0,0,1,0,1,1,1 
M_2,L-Category_Petrol_Mopeds 2-stroke <50 cm³_Euro 1,,Urban Off Peak,,,10,110,0,0,0.045,0,0,0,1,0,1,1,1 
M_2,L-Category_Petrol_Mopeds 2-stroke <50 cm³_Euro 1,,Rural,,,10,110,0,0,0.045,0,0,0,1,0,1,1,1 
M_2,L-Category_Petrol_Mopeds 2-stroke <50 cm³_Euro 1,,Highway,,,10,110,0,0,0.045,0,0,0,1,0,1,1,1 
M_3,L-Category_Petrol_Mopeds 2-stroke <50 cm³_Euro 2,,Urban Peak,,,10,110,0,0,0.026,0,0,0,1,0,1,1,1 
M_3,L-Category_Petrol_Mopeds 2-stroke <50 cm³_Euro 2,,Urban Off Peak,,,10,110,0,0,0.026,0,0,0,1,0,1,1,1 
M_3,L-Category_Petrol_Mopeds 2-stroke <50 cm³_Euro 2,,Rural,,,10,110,0,0,0.026,0,0,0,1,0,1,1,1 
M_3,L-Category_Petrol_Mopeds 2-stroke <50 cm³_Euro 2,,Highway,,,10,110,0,0,0.026,0,0,0,1,0,1,1,1 
M_4,L-Category_Petrol_Mopeds 2-stroke <50 cm³_Euro 3,,Urban Peak,,,10,110,0,0,0.018,0,0,0,1,0,1,1,1 
M_4,L-Category_Petrol_Mopeds 2-stroke <50 cm³_Euro 3,,Urban Off Peak,,,10,110,0,0,0.018,0,0,0,1,0,1,1,1 
M_4,L-Category_Petrol_Mopeds 2-stroke <50 cm³_Euro 3,,Rural,,,10,110,0,0,0.018,0,0,0,1,0,1,1,1 
M_4,L-Category_Petrol_Mopeds 2-stroke <50 cm³_Euro 3,,Highway,,,10,110,0,0,0.018,0,0,0,1,0,1,1,1 
M_5,L-Category_Petrol_Mopeds 2-stroke <50 cm³_Euro 4,,Urban Peak,,,10,110,0,0,0.018,0,0,0,1,0,1,1,1 
M_5,L-Category_Petrol_Mopeds 2-stroke <50 cm³_Euro 4,,Urban Off Peak,,,10,110,0,0,0.018,0,0,0,1,0,1,1,1 
M_5,L-Category_Petrol_Mopeds 2-stroke <50 cm³_Euro 4,,Rural,,,10,110,0,0,0.018,0,0,0,1,0,1,1,1 
M_5,L-Category_Petrol_Mopeds 2-stroke <50 cm³_Euro 4,,Highway,,,10,110,0,0,0.018,0,0,0,1,0,1,1,1 
M_6,L-Category_Petrol_Mopeds 2-stroke <50 cm³_Euro 5,,Urban Peak,,,10,110,0,0,0.018,0,0,0,1,0,1,1,1 
M_6,L-Category_Petrol_Mopeds 2-stroke <50 cm³_Euro 5,,Urban Off Peak,,,10,110,0,0,0.018,0,0,0,1,0,1,1,1 
M_6,L-Category_Petrol_Mopeds 2-stroke <50 cm³_Euro 5,,Rural,,,10,110,0,0,0.018,0,0,0,1,0,1,1,1 
M_6,L-Category_Petrol_Mopeds 2-stroke <50 cm³_Euro 5,,Highway,,,10,110,0,0,0.018,0,0,0,1,0,1,1,1 
M_7,L-Category_Petrol_Mopeds 4-stroke <50 cm³_Conventional,,Urban Peak,,,10,110,0,0,0.176,0,0,0,1,0,1,1,1 
M_7,L-Category_Petrol_Mopeds 4-stroke <50 cm³_Conventional,,Urban Off Peak,,,10,110,0,0,0.176,0,0,0,1,0,1,1,1 
M_7,L-Category_Petrol_Mopeds 4-stroke <50 cm³_Conventional,,Rural,,,10,110,0,0,0.176,0,0,0,1,0,1,1,1 
M_7,L-Category_Petrol_Mopeds 4-stroke <50 cm³_Conventional,,Highway,,,10,110,0,0,0.176,0,0,0,1,0,1,1,1 
M_8,L-Category_Petrol_Mopeds 4-stroke <50 cm³_Euro 1,,Urban Peak,,,10,110,0,0,0.04,0,0,0,1,0,1,1,1 
M_8,L-Category_Petrol_Mopeds 4-stroke <50 cm³_Euro 1,,Urban Off Peak,,,10,110,0,0,0.04,0,0,0,1,0,1,1,1 
M_8,L-Category_Petrol_Mopeds 4-stroke <50 cm³_Euro 1,,Rural,,,10,110,0,0,0.04,0,0,0,1,0,1,1,1 
M_8,L-Category_Petrol_Mopeds 4-stroke <50 cm³_Euro 1,,Highway,,,10,110,0,0,0.04,0,0,0,1,0,1,1,1 
M_9,L-Category_Petrol_Mopeds 4-stroke <50 cm³_Euro 2,,Urban Peak,,,10,110,0,0,0.007,0,0,0,1,0,1,1,1 
M_9,L-Category_Petrol_Mopeds 4-stroke <50 cm³_Euro 2,,Urban Off Peak,,,10,110,0,0,0.007,0,0,0,1,0,1,1,1 
M_9,L-Category_Petrol_Mopeds 4-stroke <50 cm³_Euro 2,,Rural,,,10,110,0,0,0.007,0,0,0,1,0,1,1,1 
M_9,L-Category_Petrol_Mopeds 4-stroke <50 cm³_Euro 2,,Highway,,,10,110,0,0,0.007,0,0,0,1,0,1,1,1 
M_10,L-Category_Petrol_Mopeds 4-stroke <50 cm³_Euro 3,,Urban Peak,,,10,110,0,0,0.004,0,0,0,1,0,1,1,1 
M_10,L-Category_Petrol_Mopeds 4-stroke <50 cm³_Euro 3,,Urban Off Peak,,,10,110,0,0,0.004,0,0,0,1,0,1,1,1 
M_10,L-Category_Petrol_Mopeds 4-stroke <50 cm³_Euro 3,,Rural,,,10,110,0,0,0.004,0,0,0,1,0,1,1,1 
M_10,L-Category_Petrol_Mopeds 4-stroke <50 cm³_Euro 3,,Highway,,,10,110,0,0,0.004,0,0,0,1,0,1,1,1 
M_11,L-Category_Petrol_Mopeds 4-stroke <50 cm³_Euro 4,,Urban Peak,,,10,110,0,0,0.004,0,0,0,1,0,1,1,1 
M_11,L-Category_Petrol_Mopeds 4-stroke <50 cm³_Euro 4,,Urban Off Peak,,,10,110,0,0,0.004,0,0,0,1,0,1,1,1 
M_11,L-Category_Petrol_Mopeds 4-stroke <50 cm³_Euro 4,,Rural,,,10,110,0,0,0.004,0,0,0,1,0,1,1,1 
M_11,L-Category_Petrol_Mopeds 4-stroke <50 cm³_Euro 4,,Highway,,,10,110,0,0,0.004,0,0,0,1,0,1,1,1 
M_12,L-Category_Petrol_Mopeds 4-stroke <50 cm³_Euro 5,,Urban Peak,,,10,110,0,0,0.004,0,0,0,1,0,1,1,1 
M_12,L-Category_Petrol_Mopeds 4-stroke <50 cm³_Euro 5,,Urban Off Peak,,,10,110,0,0,0.004,0,0,0,1,0,1,1,1 
M_12,L-Category_Petrol_Mopeds 4-stroke <50 cm³_Euro 5,,Rural,,,10,110,0,0,0.004,0,0,0,1,0,1,1,1 
M_12,L-Category_Petrol_Mopeds 4-stroke <50 cm³_Euro 5,,Highway,,,10,110,0,0,0.004,0,0,0,1,0,1,1,1 
M_13,L-Category_Petrol_Motorcycles 2-stroke >50 cm³_Conventional,,Urban Peak,,,10,110,0,0,0.2,0,0,0,1,0,1,1,1 
M_13,L-Category_Petrol_Motorcycles 2-stroke >50 cm³_Conventional,,Urban Off Peak,,,10,110,0,0,0.2,0,0,0,1,0,1,1,1 
M_13,L-Category_Petrol_Motorcycles 2-stroke >50 cm³_Conventional,,Rural,,,10,110,0,0,0.2,0,0,0,1,0,1,1,1 
M_13,L-Category_Petrol_Motorcycles 2-stroke >50 cm³_Conventional,,Highway,,,10,110,0,0,0.2,0,0,0,1,0,1,1,1 
M_14,L-Category_Petrol_Motorcycles 2-stroke >50 cm³_Euro 1,,Urban Peak,,,10,110,0,0,0.08,0,0,0,1,0,1,1,1 
M_14,L-Category_Petrol_Motorcycles 2-stroke >50 cm³_Euro 1,,Urban Off Peak,,,10,110,0,0,0.08,0,0,0,1,0,1,1,1 
M_14,L-Category_Petrol_Motorcycles 2-stroke >50 cm³_Euro 1,,Rural,,,10,110,0,0,0.08,0,0,0,1,0,1,1,1 
M_14,L-Category_Petrol_Motorcycles 2-stroke >50 cm³_Euro 1,,Highway,,,10,110,0,0,0.08,0,0,0,1,0,1,1,1 
M_15,L-Category_Petrol_Motorcycles 2-stroke >50 cm³_Euro 2,,Urban Peak,,,10,110,0,0,0.04,0,0,0,1,0,1,1,1 
M_15,L-Category_Petrol_Motorcycles 2-stroke >50 cm³_Euro 2,,Urban Off Peak,,,10,110,0,0,0.04,0,0,0,1,0,1,1,1 
M_15,L-Category_Petrol_Motorcycles 2-stroke >50 cm³_Euro 2,,Rural,,,10,110,0,0,0.04,0,0,0,1,0,1,1,1 
M_15,L-Category_Petrol_Motorcycles 2-stroke >50 cm³_Euro 2,,Highway,,,10,110,0,0,0.04,0,0,0,1,0,1,1,1 
M_16,L-Category_Petrol_Motorcycles 2-stroke >50 cm³_Euro 3,,Urban Peak,,,10,110,0,0,0.012,0,0,0,1,0,1,1,1 
M_16,L-Category_Petrol_Motorcycles 2-stroke >50 cm³_Euro 3,,Urban Off Peak,,,10,110,0,0,0.012,0,0,0,1,0,1,1,1 
M_16,L-Category_Petrol_Motorcycles 2-stroke >50 cm³_Euro 3,,Rural,,,10,110,0,0,0.012,0,0,0,1,0,1,1,1 
M_16,L-Category_Petrol_Motorcycles 2-stroke >50 cm³_Euro 3,,Highway,,,10,110,0,0,0.012,0,0,0,1,0,1,1,1 
M_17,L-Category_Petrol_Motorcycles 2-stroke >50 cm³_Euro 4,,Urban Peak,,,10,110,0,0,0.012,0,0,0,1,0,1,1,1 
M_17,L-Category_Petrol_Motorcycles 2-stroke >50 cm³_Euro 4,,Urban Off Peak,,,10,110,0,0,0.012,0,0,0,1,0,1,1,1 
M_17,L-Category_Petrol_Motorcycles 2-stroke >50 cm³_Euro 4,,Rural,,,10,110,0,0,0.012,0,0,0,1,0,1,1,1 
M_17,L-Category_Petrol_Motorcycles 2-stroke >50 cm³_Euro 4,,Highway,,,10,110,0,0,0.012,0,0,0,1,0,1,1,1 
M_18,L-Category_Petrol_Motorcycles 2-stroke >50 cm³_Euro 5,,Urban Peak,,,10,110,0,0,0.012,0,0,0,1,0,1,1,1 
M_18,L-Category_Petrol_Motorcycles 2-stroke >50 cm³_Euro 5,,Urban Off Peak,,,10,110,0,0,0.012,0,0,0,1,0,1,1,1 
M_18,L-Category_Petrol_Motorcycles 2-stroke >50 cm³_Euro 5,,Rural,,,10,110,0,0,0.012,0,0,0,1,0,1,1,1 
M_18,L-Category_Petrol_Motorcycles 2-stroke >50 cm³_Euro 5,,Highway,,,10,110,0,0,0.012,0,0,0,1,0,1,1,1 
M_19,L-Category_Petrol_Motorcycles 4-stroke <250 cm³_Conventional,,Urban Peak,,,10,110,0,0,0.02,0,0,0,1,0,1,1,1 
M_19,L-Category_Petrol_Motorcycles 4-stroke <250 cm³_Conventional,,Urban Off Peak,,,10,110,0,0,0.02,0,0,0,1,0,1,1,1 
M_19,L-Category_Petrol_Motorcycles 4-stroke <250 cm³_Conventional,,Rural,,,10,110,0,0,0.02,0,0,0,1,0,1,1,1 
M_19,L-Category_Petrol_Motorcycles 4-stroke <250 cm³_Conventional,,Highway,,,10,110,0,0,0.02,0,0,0,1,0,1,1,1 
M_20,L-Category_Petrol_Motorcycles 4-stroke <250 cm³_Euro 1,,Urban Peak,,,10,110,0,0,0.02,0,0,0,1,0,1,1,1 
M_20,L-Category_Petrol_Motorcycles 4-stroke <250 cm³_Euro 1,,Urban Off Peak,,,10,110,0,0,0.02,0,0,0,1,0,1,1,1 
M_20,L-Category_Petrol_Motorcycles 4-stroke <250 cm³_Euro 1,,Rural,,,10,110,0,0,0.02,0,0,0,1,0,1,1,1 
M_20,L-Category_Petrol_Motorcycles 4-stroke <250 cm³_Euro 1,,Highway,,,10,110,0,0,0.02,0,0,0,1,0,1,1,1 
M_21,L-Category_Petrol_Motorcycles 4-stroke <250 cm³_Euro 2,,Urban Peak,,,10,110,0,0,0.005,0,0,0,1,0,1,1,1 
M_21,L-Category_Petrol_Motorcycles 4-stroke <250 cm³_Euro 2,,Urban Off Peak,,,10,110,0,0,0.005,0,0,0,1,0,1,1,1 
M_21,L-Category_Petrol_Motorcycles 4-stroke <250 cm³_Euro 2,,Rural,,,10,110,0,0,0.005,0,0,0,1,0,1,1,1 
M_21,L-Category_Petrol_Motorcycles 4-stroke <250 cm³_Euro 2,,Highway,,,10,110,0,0,0.005,0,0,0,1,0,1,1,1 
M_22,L-Category_Petrol_Motorcycles 4-stroke <250 cm³_Euro 3,,Urban Peak,,,10,110,0,0,0.005,0,0,0,1,0,1,1,1 
M_22,L-Category_Petrol_Motorcycles 4-stroke <250 cm³_Euro 3,,Urban Off Peak,,,10,110,0,0,0.005,0,0,0,1,0,1,1,1 
M_22,L-Category_Petrol_Motorcycles 4-stroke <250 cm³_Euro 3,,Rural,,,10,110,0,0,0.005,0,0,0,1,0,1,1,1 
M_22,L-Category_Petrol_Motorcycles 4-stroke <250 cm³_Euro 3,,Highway,,,10,110,0,0,0.005,0,0,0,1,0,1,1,1 
M_23,L-Category_Petrol_Motorcycles 4-stroke <250 cm³_Euro 4,,Urban Peak,,,10,110,0,0,0.005,0,0,0,1,0,1,1,1 
M_23,L-Category_Petrol_Motorcycles 4-stroke <250 cm³_Euro 4,,Urban Off Peak,,,10,110,0,0,0.005,0,0,0,1,0,1,1,1 
M_23,L-Category_Petrol_Motorcycles 4-stroke <250 cm³_Euro 4,,Rural,,,10,110,0,0,0.005,0,0,0,1,0,1,1,1 
M_23,L-Category_Petrol_Motorcycles 4-stroke <250 cm³_Euro 4,,Highway,,,10,110,0,0,0.005,0,0,0,1,0,1,1,1 
M_24,L-Category_Petrol_Motorcycles 4-stroke <250 cm³_Euro 5,,Urban Peak,,,10,110,0,0,0.005,0,0,0,1,0,1,1,1 
M_24,L-Category_Petrol_Motorcycles 4-stroke <250 cm³_Euro 5,,Urban Off Peak,,,10,110,0,0,0.005,0,0,0,1,0,1,1,1 
M_24,L-Category_Petrol_Motorcycles 4-stroke <250 cm³_Euro 5,,Rural,,,10,110,0,0,0.005,0,0,0,1,0,1,1,1 
M_24,L-Category_Petrol_Motorcycles 4-stroke <250 cm³_Euro 5,,Highway,,,10,110,0,0,0.005,0,0,0,1,0,1,1,1 
M_25,L-Category_Petrol_Motorcycles 4-stroke 250 - 750 cm³_Conventional,,Urban Peak,,,10,110,0,0,0.02,0,0,0,1,0,1,1,1 
M_25,L-Category_Petrol_Motorcycles 4-stroke 250 - 750 cm³_Conventional,,Urban Off Peak,,,10,110,0,0,0.02,0,0,0,1,0,1,1,1 
M_25,L-Category_Petrol_Motorcycles 4-stroke 250 - 750 cm³_Conventional,,Rural,,,10,110,0,0,0.02,0,0,0,1,0,1,1,1 
M_25,L-Category_Petrol_Motorcycles 4-stroke 250 - 750 cm³_Conventional,,Highway,,,10,110,0,0,0.02,0,0,0,1,0,1,1,1 
M_26,L-Category_Petrol_Motorcycles 4-stroke 250 - 750 cm³_Euro 1,,Urban Peak,,,10,110,0,0,0.02,0,0,0,1,0,1,1,1 
M_26,L-Category_Petrol_Motorcycles 4-stroke 250 - 750 cm³_Euro 1,,Urban Off Peak,,,10,110,0,0,0.02,0,0,0,1,0,1,1,1 
M_26,L-Category_Petrol_Motorcycles 4-stroke 250 - 750 cm³_Euro 1,,Rural,,,10,110,0,0,0.02,0,0,0,1,0,1,1,1 
M_26,L-Category_Petrol_Motorcycles 4-stroke 250 - 750 cm³_Euro 1,,Highway,,,10,110,0,0,0.02,0,0,0,1,0,1,1,1 
M_27,L-Category_Petrol_Motorcycles 4-stroke 250 - 750 cm³_Euro 2,,Urban Peak,,,10,110,0,0,0.005,0,0,0,1,0,1,1,1 
M_27,L-Category_Petrol_Motorcycles 4-stroke 250 - 750 cm³_Euro 2,,Urban Off Peak,,,10,110,0,0,0.005,0,0,0,1,0,1,1,1 
M_27,L-Category_Petrol_Motorcycles 4-stroke 250 - 750 cm³_Euro 2,,Rural,,,10,110,0,0,0.005,0,0,0,1,0,1,1,1 
M_27,L-Category_Petrol_Motorcycles 4-stroke 250 - 750 cm³_Euro 2,,Highway,,,10,110,0,0,0.005,0,0,0,1,0,1,1,1 
M_28,L-Category_Petrol_Motorcycles 4-stroke 250 - 750 cm³_Euro 3,,Urban Peak,,,10,110,0,0,0.005,0,0,0,1,0,1,1,1 
M_28,L-Category_Petrol_Motorcycles 4-stroke 250 - 750 cm³_Euro 3,,Urban Off Peak,,,10,110,0,0,0.005,0,0,0,1,0,1,1,1 
M_28,L-Category_Petrol_Motorcycles 4-stroke 250 - 750 cm³_Euro 3,,Rural,,,10,110,0,0,0.005,0,0,0,1,0,1,1,1 
M_28,L-Category_Petrol_Motorcycles 4-stroke 250 - 750 cm³_Euro 3,,Highway,,,10,110,0,0,0.005,0,0,0,1,0,1,1,1 
M_29,L-Category_Petrol_Motorcycles 4-stroke 250 - 750 cm³_Euro 4,,Urban Peak,,,10,110,0,0,0.005,0,0,0,1,0,1,1,1 
M_29,L-Category_Petrol_Motorcycles 4-stroke 250 - 750 cm³_Euro 4,,Urban Off Peak,,,10,110,0,0,0.005,0,0,0,1,0,1,1,1 
M_29,L-Category_Petrol_Motorcycles 4-stroke 250 - 750 cm³_Euro 4,,Rural,,,10,110,0,0,0.005,0,0,0,1,0,1,1,1 
M_29,L-Category_Petrol_Motorcycles 4-stroke 250 - 750 cm³_Euro 4,,Highway,,,10,110,0,0,0.005,0,0,0,1,0,1,1,1 
M_30,L-Category_Petrol_Motorcycles 4-stroke 250 - 750 cm³_Euro 5,,Urban Peak,,,10,110,0,0,0.005,0,0,0,1,0,1,1,1 
M_30,L-Category_Petrol_Motorcycles 4-stroke 250 - 750 cm³_Euro 5,,Urban Off Peak,,,10,110,0,0,0.005,0,0,0,1,0,1,1,1 
M_30,L-Category_Petrol_Motorcycles 4-stroke 250 - 750 cm³_Euro 5,,Rural,,,10,110,0,0,0.005,0,0,0,1,0,1,1,1 
M_30,L-Category_Petrol_Motorcycles 4-stroke 250 - 750 cm³_Euro 5,,Highway,,,10,110,0,0,0.005,0,0,0,1,0,1,1,1 
M_31,L-Category_Petrol_Motorcycles 4-stroke >750 cm³_Conventional,,Urban Peak,,,10,110,0,0,0.02,0,0,0,1,0,1,1,1 
M_31,L-Category_Petrol_Motorcycles 4-stroke >750 cm³_Conventional,,Urban Off Peak,,,10,110,0,0,0.02,0,0,0,1,0,1,1,1 
M_31,L-Category_Petrol_Motorcycles 4-stroke >750 cm³_Conventional,,Rural,,,10,110,0,0,0.02,0,0,0,1,0,1,1,1 
M_31,L-Category_Petrol_Motorcycles 4-stroke >750 cm³_Conventional,,Highway,,,10,110,0,0,0.02,0,0,0,1,0,1,1,1 
M_32,L-Category_Petrol_Motorcycles 4-stroke >750 cm³_Euro 1,,Urban Peak,,,10,110,0,0,0.02,0,0,0,1,0,1,1,1 
M_32,L-Category_Petrol_Motorcycles 4-stroke >750 cm³_Euro 1,,Urban Off Peak,,,10,110,0,0,0.02,0,0,0,1,0,1,1,1 
M_32,L-Category_Petrol_Motorcycles 4-stroke >750 cm³_Euro 1,,Rural,,,10,110,0,0,0.02,0,0,0,1,0,1,1,1 
M_32,L-Category_Petrol_Motorcycles 4-stroke >750 cm³_Euro 1,,Highway,,,10,110,0,0,0.02,0,0,0,1,0,1,1,1 
M_33,L-Category_Petrol_Motorcycles 4-stroke >750 cm³_Euro 2,,Urban Peak,,,10,110,0,0,0.005,0,0,0,1,0,1,1,1 
M_33,L-Category_Petrol_Motorcycles 4-stroke >750 cm³_Euro 2,,Urban Off Peak,,,10,110,0,0,0.005,0,0,0,1,0,1,1,1 
M_33,L-Category_Petrol_Motorcycles 4-stroke >750 cm³_Euro 2,,Rural,,,10,110,0,0,0.005,0,0,0,1,0,1,1,1 
M_33,L-Category_Petrol_Motorcycles 4-stroke >750 cm³_Euro 2,,Highway,,,10,110,0,0,0.005,0,0,0,1,0,1,1,1 
M_34,L-Category_Petrol_Motorcycles 4-stroke >750 cm³_Euro 3,,Urban Peak,,,10,110,0,0,0.005,0,0,0,1,0,1,1,1 
M_34,L-Category_Petrol_Motorcycles 4-stroke >750 cm³_Euro 3,,Urban Off Peak,,,10,110,0,0,0.005,0,0,0,1,0,1,1,1 
M_34,L-Category_Petrol_Motorcycles 4-stroke >750 cm³_Euro 3,,Rural,,,10,110,0,0,0.005,0,0,0,1,0,1,1,1 
M_34,L-Category_Petrol_Motorcycles 4-stroke >750 cm³_Euro 3,,Highway,,,10,110,0,0,0.005,0,0,0,1,0,1,1,1 
M_35,L-Category_Petrol_Motorcycles 4-stroke >750 cm³_Euro 4,,Urban Peak,,,10,110,0,0,0.005,0,0,0,1,0,1,1,1 
M_35,L-Category_Petrol_Motorcycles 4-stroke >750 cm³_Euro 4,,Urban Off Peak,,,10,110,0,0,0.005,0,0,0,1,0,1,1,1 
M_35,L-Category_Petrol_Motorcycles 4-stroke >750 cm³_Euro 4,,Rural,,,10,110,0,0,0.005,0,0,0,1,0,1,1,1 
M_35,L-Category_Petrol_Motorcycles 4-stroke >750 cm³_Euro 4,,Highway,,,10,110,0,0,0.005,0,0,0,1,0,1,1,1 
M_36,L-Category_Petrol_Motorcycles 4-stroke >750 cm³_Euro 5,,Urban Peak,,,10,110,0,0,0.005,0,0,0,1,0,1,1,1 
M_36,L-Category_Petrol_Motorcycles 4-stroke >750 cm³_Euro 5,,Urban Off Peak,,,10,110,0,0,0.005,0,0,0,1,0,1,1,1 
M_36,L-Category_Petrol_Motorcycles 4-stroke >750 cm³_Euro 5,,Rural,,,10,110,0,0,0.005,0,0,0,1,0,1,1,1 
M_36,L-Category_Petrol_Motorcycles 4-stroke >750 cm³_Euro 5,,Highway,,,10,110,0,0,0.005,0,0,0,1,0,1,1,1 
BH_1,Buses_Hybrid_Urban Buses Articulated >18 t_Euro V,SCR,,-0.06,0,10,85,-0.003926833,0.455372437,-1.185859129,-1.316452712,0.753950166,-2.178243048,1.571437775,0,1,1,0.8 
BH_1,Buses_Hybrid_Urban Buses Articulated >18 t_Euro V,SCR,,-0.06,0.5,10,85,-0.001902497,0.226680188,-1.101438762,1.934847222,0.368123342,-1.994987752,5.009249966,0,1,1,0.8 
BH_1,Buses_Hybrid_Urban Buses Articulated >18 t_Euro V,SCR,,-0.06,1,10,85,-0.001420953,0.169345369,-0.847819496,1.492856185,0.27099755,-1.567789438,3.912447248,0,1,1,0.8 
BH_1,Buses_Hybrid_Urban Buses Articulated >18 t_Euro V,SCR,,-0.04,0,10,85,-0.00439401,0.582150905,-0.935456305,-0.580572259,0.656231376,-0.163229842,1.836917715,0,1,1,0.8 
BH_1,Buses_Hybrid_Urban Buses Articulated >18 t_Euro V,SCR,,-0.04,0.5,10,85,-0.005047639,0.620408677,-1.036825825,-1.179687913,0.666145684,-0.475307813,1.946750282,0,1,1,0.8 
BH_1,Buses_Hybrid_Urban Buses Articulated >18 t_Euro V,SCR,,-0.04,1,10,85,-0.005725876,0.678505229,-1.425054101,-0.936047592,0.69733056,-0.959263172,1.802722573,0,1,1,0.8 
BH_1,Buses_Hybrid_Urban Buses Articulated >18 t_Euro V,SCR,,-0.02,0,10,85,0.000231711,0.40483745,-1.362491612,1.62678135,0.371703804,-0.557754137,1.157090652,0,1,1,0.8 
BH_1,Buses_Hybrid_Urban Buses Articulated >18 t_Euro V,SCR,,-0.02,0.5,10,85,-0.001717063,0.44571525,-1.507341571,1.666783303,0.338816188,-0.38544336,0.621465835,0,1,1,0.8 
BH_1,Buses_Hybrid_Urban Buses Articulated >18 t_Euro V,SCR,,-0.02,1,10,85,-0.002102431,0.401367949,-1.41229666,1.651942698,0.28252759,-0.472179775,0.992212039,0,1,1,0.8 
BH_1,Buses_Hybrid_Urban Buses Articulated >18 t_Euro V,SCR,,0,0,10,85,0.008237184,0.44920174,-1.345002169,1.601489487,0.418109894,-0.741009511,1.439497142,0,1,1,0.8 
BH_1,Buses_Hybrid_Urban Buses Articulated >18 t_Euro V,SCR,,0,0.5,10,85,0.006340906,0.485332358,-1.54442473,1.721392272,0.370899988,-0.681870803,1.071614776,0,1,1,0.8 
BH_1,Buses_Hybrid_Urban Buses Articulated >18 t_Euro V,SCR,,0,1,10,85,0.004961838,0.434704229,-1.589451309,1.77143872,0.309896878,-0.808741252,1.018300792,0,1,1,0.8 
BH_1,Buses_Hybrid_Urban Buses Articulated >18 t_Euro V,SCR,,0.02,0,10,85,-0.000515718,0.039017469,1.863068899,-1.19088309,-0.011597644,1.42590702,0.996788316,0,1,1,0.8 
BH_1,Buses_Hybrid_Urban Buses Articulated >18 t_Euro V,SCR,,0.02,0.5,10,85,-0.00038726,0.025063701,2.107517427,-1.226820792,-0.00954341,1.238676208,1.239337823,0,1,1,0.8 
BH_1,Buses_Hybrid_Urban Buses Articulated >18 t_Euro V,SCR,,0.02,1,10,80,0.003266849,0.269556356,-1.499323781,1.303140563,0.146357408,-0.6145369,-3.52E-09,0,1,1,0.8 
BH_1,Buses_Hybrid_Urban Buses Articulated >18 t_Euro V,SCR,,0.04,0,10,80,-0.000523411,0.033097695,1.738030126,-0.745463524,-0.008943576,1.046182934,0.889376665,0,1,1,0.8 
BH_1,Buses_Hybrid_Urban Buses Articulated >18 t_Euro V,SCR,,0.04,0.5,10,65,-0.000195779,-0.01541278,2.040329645,-0.173160514,-0.011283992,0.777063287,1.707356534,0,1,1,0.8 
BH_1,Buses_Hybrid_Urban Buses Articulated >18 t_Euro V,SCR,,0.04,1,10,55,0.004346897,0.377561037,-1.867415857,3.575797351,0.181786269,-0.956547457,2.121225576,0,1,1,0.8 
BH_1,Buses_Hybrid_Urban Buses Articulated >18 t_Euro V,SCR,,0.06,0,10,65,-0.000140922,-0.0099966,1.413793738,0.669085626,-0.007120022,0.498364084,1.833970163,0,1,1,0.8 
BH_1,Buses_Hybrid_Urban Buses Articulated >18 t_Euro V,SCR,,0.06,0.5,10,50,-0.000549861,1.389923378,-0.825521457,-0.435793882,0.465646785,0.192974135,0.050806649,0,1,1,0.8 
BH_1,Buses_Hybrid_Urban Buses Articulated >18 t_Euro V,SCR,,0.06,1,10,40,0.002406168,0.482198698,-2.025542184,2.551613803,0.158131907,-0.663697241,0.926823418,0,1,1,0.8 
BH_1,Buses_Hybrid_Urban Buses Articulated >18 t_Euro V,EGR,,-0.06,0,10,80,-0.003148516,0.266844735,-1.068161465,1.630757176,0.384122776,0.840962848,1.066681226,0,1,1,0.8 
BH_1,Buses_Hybrid_Urban Buses Articulated >18 t_Euro V,EGR,,-0.06,0.5,10,80,-0.002851138,0.243064944,-0.945513192,1.36418157,0.383418555,0.567207169,1.533924021,0,1,1,0.8 
BH_1,Buses_Hybrid_Urban Buses Articulated >18 t_Euro V,EGR,,-0.06,1,10,80,-0.004508209,0.388910907,-1.248173911,0.630778696,0.662344082,1.033311274,0.449297218,0,1,1,0.8 
BH_1,Buses_Hybrid_Urban Buses Articulated >18 t_Euro V,EGR,,-0.04,0,10,85,-0.002240157,0.219279901,-0.692530094,0.933081426,0.176971013,1.54068264,0.408010742,0,1,1,0.8 
BH_1,Buses_Hybrid_Urban Buses Articulated >18 t_Euro V,EGR,,-0.04,0.5,10,85,-0.002429525,0.224578067,-0.692876234,0.881505479,0.176599085,1.600389437,0.396633737,0,1,1,0.8 
BH_1,Buses_Hybrid_Urban Buses Articulated >18 t_Euro V,EGR,,-0.04,1,10,85,-0.002524499,0.228604116,-0.67891396,0.828880414,0.181112523,1.620433992,0.381449535,0,1,1,0.8 
BH_1,Buses_Hybrid_Urban Buses Articulated >18 t_Euro V,EGR,,-0.02,0,10,85,7.68E-05,-0.009131878,0.331584235,-0.172400797,0.000534636,-0.054421045,4.696399022,0,1,1,0.8 
BH_1,Buses_Hybrid_Urban Buses Articulated >18 t_Euro V,EGR,,-0.02,0.5,10,85,2.68E-05,0.007119587,0.166785196,0.061329353,0.012943938,-0.08862837,3.90662901,0,1,1,0.8 
BH_1,Buses_Hybrid_Urban Buses Articulated >18 t_Euro V,EGR,,-0.02,1,10,85,-0.001677386,0.248335752,-0.687290377,0.946616672,0.128901487,1.575279758,0.759464567,0,1,1,0.8 
BH_1,Buses_Hybrid_Urban Buses Articulated >18 t_Euro V,EGR,,0,0,10,85,0.00010996,-0.014670315,0.589211559,-0.204544793,0.000318049,-0.080437951,6.644728493,0,1,1,0.8 
BH_1,Buses_Hybrid_Urban Buses Articulated >18 t_Euro V,EGR,,0,0.5,10,85,0.000184316,-0.02413583,0.956669403,-0.25901831,0.000633411,-0.132350033,10.25252533,0,1,1,0.8 
BH_1,Buses_Hybrid_Urban Buses Articulated >18 t_Euro V,EGR,,0,1,10,85,0.000217315,-0.029494008,1.226885614,-0.305141046,0.000393439,-0.127976839,12.2745381,0,1,1,0.8 
BH_1,Buses_Hybrid_Urban Buses Articulated >18 t_Euro V,EGR,,0.02,0,10,85,9.81E-05,-0.010608507,0.366702815,0.134085586,0.000794866,-0.086022444,3.902944773,0,1,1,0.8 
BH_1,Buses_Hybrid_Urban Buses Articulated >18 t_Euro V,EGR,,0.02,0.5,10,85,0.000542838,-0.047878358,1.313073095,0.988571453,0.005880295,-0.475121835,14.01875059,0,1,1,0.8 
BH_1,Buses_Hybrid_Urban Buses Articulated >18 t_Euro V,EGR,,0.02,1,10,80,0.000421304,-0.021904848,0.434793038,0.675655651,0.005948083,-0.28398849,5.275219842,0,1,1,0.8 
BH_1,Buses_Hybrid_Urban Buses Articulated >18 t_Euro V,EGR,,0.04,0,10,80,0.000341971,-0.019122335,0.404104968,0.584210841,0.004784449,-0.242175983,4.782448019,0,1,1,0.8 
BH_1,Buses_Hybrid_Urban Buses Articulated >18 t_Euro V,EGR,,0.04,0.5,10,65,0.000535753,-0.018428721,0.281023868,0.698954317,0.007185238,-0.257106321,3.6709312,0,1,1,0.8 
BH_1,Buses_Hybrid_Urban Buses Articulated >18 t_Euro V,EGR,,0.04,1,10,55,-0.000146751,0.016759928,0.242555793,0.683681796,0.001683882,0.055280444,2.773378443,0,1,1,0.8 
BH_1,Buses_Hybrid_Urban Buses Articulated >18 t_Euro V,EGR,,0.06,0,10,65,0.000503406,-0.02058996,0.350178889,0.7474676,0.006460237,-0.261648429,4.127703274,0,1,1,0.8 
BH_1,Buses_Hybrid_Urban Buses Articulated >18 t_Euro V,EGR,,0.06,0.5,10,50,0.000462655,-0.001004431,0.322005258,0.948904998,0.00735045,-0.123955218,3.704434782,0,1,1,0.8 
BH_1,Buses_Hybrid_Urban Buses Articulated >18 t_Euro V,EGR,,0.06,1,10,40,0.00235753,-0.038601031,0.461189958,1.436001217,0.02469336,-0.495193183,5.297074368,0,1,1,0.8 
BH_2,Buses_Hybrid_Urban Buses Articulated >18 t_Euro VI,,,-0.06,0,10,75,-0.001592257,0.124063213,0.014681515,0.091648586,1.532875852,0.470562843,0.344702247,0,1,1,1 
BH_2,Buses_Hybrid_Urban Buses Articulated >18 t_Euro VI,,,-0.06,0.5,10,75,-0.001577926,0.119356669,0.011450985,0.093511169,1.534633269,0.470320415,0.342575915,0,1,1,1 
BH_2,Buses_Hybrid_Urban Buses Articulated >18 t_Euro VI,,,-0.06,1,10,75,-0.001542615,0.11557797,0.012922,0.109590212,1.53139811,0.471727843,0.340337675,0,1,1,1 
BH_2,Buses_Hybrid_Urban Buses Articulated >18 t_Euro VI,,,-0.04,0,10,85,-0.001251634,0.123228386,-0.267156428,1.002319195,1.081089845,0.545962189,0.271128005,0,1,1,1 
BH_2,Buses_Hybrid_Urban Buses Articulated >18 t_Euro VI,,,-0.04,0.5,10,85,-0.001386986,0.128120077,-0.284555828,0.914738974,1.143504141,0.535055717,0.279848634,0,1,1,1 
BH_2,Buses_Hybrid_Urban Buses Articulated >18 t_Euro VI,,,-0.04,1,10,85,-0.0013993,0.125475503,-0.285013226,0.933414609,1.130256643,0.539905332,0.2783104,0,1,1,1 
BH_2,Buses_Hybrid_Urban Buses Articulated >18 t_Euro VI,,,-0.02,0,10,85,7.17E-06,-0.000933104,0.015339042,1.641030102,0.000480212,-0.23730639,19.17236758,0,1,1,1 
BH_2,Buses_Hybrid_Urban Buses Articulated >18 t_Euro VI,,,-0.02,0.5,10,85,-8.18E-06,0.002850178,-0.053224109,0.530492495,0.025755215,-0.555063793,5.827054124,0,1,1,1 
BH_2,Buses_Hybrid_Urban Buses Articulated >18 t_Euro VI,,,-0.02,1,10,85,-0.000141612,0.01734503,0.139817767,0.114610279,0.101006974,2.178634177,0.36373975,0,1,1,1 
BH_2,Buses_Hybrid_Urban Buses Articulated >18 t_Euro VI,,,0,0,10,85,2.12E-05,-0.001152393,-0.014676936,1.659406376,0.007931753,-0.676702267,17.79235673,0,1,1,1 
BH_2,Buses_Hybrid_Urban Buses Articulated >18 t_Euro VI,,,0,0.5,10,85,3.84E-05,0.000678876,-0.04942959,0.53280138,0.0193519,-0.622215363,5.511566461,0,1,1,1 
BH_2,Buses_Hybrid_Urban Buses Articulated >18 t_Euro VI,,,0,1,10,85,4.39E-05,0.000870698,-0.053350543,0.544311004,0.021670646,-0.655773879,5.583384794,0,1,1,1 
BH_2,Buses_Hybrid_Urban Buses Articulated >18 t_Euro VI,,,0.02,0,10,85,5.42E-05,0.000725819,-0.048520881,0.500698624,0.020340255,-0.572575682,4.770879158,0,1,1,1 
BH_2,Buses_Hybrid_Urban Buses Articulated >18 t_Euro VI,,,0.02,0.5,10,85,0.000146637,0.001715907,-0.114619168,1.209107638,0.049737707,-1.352855113,11.37085404,0,1,1,1 
BH_2,Buses_Hybrid_Urban Buses Articulated >18 t_Euro VI,,,0.02,1,10,80,5.66E-05,0.000821785,-0.036778744,0.429105973,0.018029594,-0.43604292,3.986507807,0,1,1,1 
BH_2,Buses_Hybrid_Urban Buses Articulated >18 t_Euro VI,,,0.04,0,10,85,0.000112364,0.00146989,-0.067280722,0.920325763,0.035092656,-0.859105447,8.522766724,0,1,1,1 
BH_2,Buses_Hybrid_Urban Buses Articulated >18 t_Euro VI,,,0.04,0.5,10,70,0.000613032,0.044200821,0.184834331,0.166823517,0.194199203,2.513458339,0.336636075,0,1,1,1 
BH_2,Buses_Hybrid_Urban Buses Articulated >18 t_Euro VI,,,0.04,1,10,55,-0.000119325,0.023847124,0.19360099,0.113696088,0.020696753,2.449534903,4.36E-05,0,1,1,1 
BH_2,Buses_Hybrid_Urban Buses Articulated >18 t_Euro VI,,,0.06,0,10,65,0.000334067,0.041886931,0.252253191,0.159718704,0.135314345,3.083746648,0.416485453,0,1,1,1 
BH_2,Buses_Hybrid_Urban Buses Articulated >18 t_Euro VI,,,0.06,0.5,10,50,0.00767416,0.183120929,-0.122103688,0.335895638,1.437474117,0.467082961,0.336265308,0,1,1,1 
BH_2,Buses_Hybrid_Urban Buses Articulated >18 t_Euro VI,,,0.06,1,10,40,0.009267897,0.177392004,-0.093329466,0.329061367,1.440484466,0.472621258,0.337124424,0,1,1,1 
