,Link_ID,FID,length
0,0,6427,0.14786482557516803
1,1,6427,0.03809831005169185
2,2,6427,0.14879378314687736
3,3,6427,0.14489619954429114
4,4,6427,0.10615933505542281
5,5,6427,0.06631356904864481
6,7,6427,0.039202270840866936
7,8,6427,0.1376796093652991
8,9,6427,0.1484917285343799
9,10,6427,0.005851903349379425
10,11,6427,0.12823269747813526
11,12,6427,0.153067835089934
12,13,6427,0.13133723868042896
13,14,6427,0.11902300830792627
14,15,6427,0.08286914575662545
15,16,6427,0.05461849038272295
16,17,6427,0.03329036357216001
17,18,6427,0.12028156044952118
18,19,6427,0.068729759544686
19,21,6427,0.1327523891195531
20,22,6427,0.047120747345936166
21,24,6427,0.0538449765016832
22,25,6427,0.05466927467136671
23,26,6427,0.08898041075960415
24,27,6427,0.1366681184471001
25,28,6427,0.1340242865146517
26,29,6427,0.08414950572877081
27,30,6427,0.1417784087322795
28,31,6427,0.012112446111308474
29,32,6427,0.1684955656482108
30,35,6427,0.11358178653613235
31,36,6427,0.13261891999380512
32,37,6427,0.03737047022657311
33,38,6427,0.13127504795553305
34,39,6427,0.09486461486083293
35,41,6427,0.07807898244614671
36,42,6427,0.1524033839816118
37,43,6427,0.14948985326121994
38,44,6427,0.1815975864507979
39,45,6427,0.0730218996827075
40,46,6427,0.024337533879674158
41,47,6427,0.032659628909746045
42,50,6427,0.1285080420630799
43,52,6427,0.07919282233191122
44,53,6427,0.10461026592779851
45,55,6427,0.08996919059968403
46,57,6427,0.0546171748063812
47,58,6427,0.15028648927062216
48,59,6427,0.12407404088376456
49,60,6427,0.01972933773194078
50,61,6427,0.041942771616517896
51,62,6427,0.07587500579782824
52,64,6427,0.04775343449012486
53,65,6427,0.12149666009074112
54,70,6427,0.03875129220842379
55,71,6427,0.11843710798258707
56,72,6427,0.029460774238915376
57,73,6427,0.09683849123784666
58,76,6427,0.05386209058133028
59,77,6427,0.07276492412162887
60,78,6427,0.14715388763151
61,80,6427,0.01902063586411402
62,83,6427,0.13375758735852852
63,84,6427,0.025593932772642176
64,89,6427,0.14764719590342418
65,90,6427,0.031599153301619
66,91,6427,0.08011219141970538
67,92,6427,0.013991123136426298
68,95,6427,0.0951740336174432
69,97,6427,0.039313697822360744
70,99,6427,0.12087866467094627
71,101,6427,0.10120960376672881
72,103,6427,0.06915458753705121
73,107,6427,0.04393040867760625
74,108,6427,0.15106363582899437
75,113,6427,0.044265418594800904
76,123,6427,0.04400976541815894
77,124,6427,0.10012869817951803
78,125,6427,0.15268427717196814
79,127,6427,0.011349884082240377
80,130,6427,0.12627253295482918
81,135,6427,0.02635628029130916
82,138,6427,0.0240258860720913
83,139,6427,0.13286843299153442
84,140,6427,0.15661827026379402
85,141,6427,0.13290552944738013
86,144,6427,0.0784235710610258
87,145,6427,0.13165968381090434
88,146,6427,0.11455297629830227
89,152,6427,0.10980065674065653
90,153,6427,0.004531587878274053
91,154,6427,0.013731527493894414
92,157,6427,0.1793904660502999
93,158,6427,0.049005920253434324
94,161,6427,0.0234192146265395
95,162,6427,0.03218139060938725
96,165,6427,0.0045722542434312044
97,166,6427,0.016738532196489735
98,169,6427,0.016673071245699587
99,171,6427,0.10305870725418217
100,173,6427,0.13142693828521881
101,174,6427,0.11068245249208739
102,176,6427,0.023700862823320748
103,178,6427,0.06871963085457514
104,185,6427,0.08513881484466407
105,191,6427,0.03901702773132719
106,193,6427,0.09569588008478681
107,209,6427,0.18841266280493688
108,210,6427,0.03645757645333198
109,211,6427,0.013303418493867404
110,212,6427,0.09237337106747544
111,218,6427,0.008078379776320895
112,220,6427,0.04153540590138117
113,227,6427,0.20397907845537805
114,229,6427,0.013135005282325552
115,237,6427,0.05808361660544505
116,240,6427,0.044841794407291476
117,242,6427,0.005650260711926465
118,245,6427,0.02478528913114584
119,246,6427,0.05206127028907774
120,247,6427,0.020585227860533382
121,252,6427,0.04930875818509177
122,254,6427,0.0636556138610954
123,255,6427,0.010680149421385364
124,256,6427,0.012501378053639097
125,257,6427,0.016062245255985135
126,258,6427,0.11909680257243987
127,259,6427,0.021832978520023756
128,261,6427,0.4150440928625919
129,262,6427,0.0738910444360461
130,263,6427,0.017041133502996287
131,264,6427,0.191094392617179
132,265,6427,0.07222817018820776
133,268,6427,0.029502778255545335
134,272,6427,0.07855867490076925
135,273,6427,0.014836298622061428
136,274,6427,0.20033511037588927
137,275,6427,0.0926605743741725
138,276,6427,0.17616075748886456
139,279,6427,0.061145058703719626
140,281,6427,0.019327978553582214
141,283,6427,0.06145585985337073
142,284,6427,0.06768136788683889
143,290,6427,0.005719265227223781
144,291,6427,0.12210087183050002
145,293,6427,0.033882879999281475
146,294,6427,0.014976495542633425
147,296,6427,0.12207251274357082
148,309,6427,0.06288936489343154
149,310,6427,0.07306890866504369
150,312,6427,0.02013911227691292
151,313,6427,0.009454033209308434
152,327,6427,0.010676223566827774
153,328,6427,0.01188522227862387
154,343,6427,0.013949811543658578
155,348,6427,0.04144312257017854
156,349,6427,0.02306525492897803
157,353,6427,0.20593992742834272
158,354,6427,0.01209852186468434
159,355,6427,0.02431119680539529
160,358,6427,0.011372387910218036
161,365,6427,0.08939614600815601
162,366,6427,0.02232557771808075
163,367,6427,0.03077220870820539
164,368,6427,0.005778080949765894
165,375,6427,0.08110828067519119
166,378,6427,0.1328791432937816
167,380,6427,0.1026137598576973
168,381,6427,0.1401141280483144
169,383,6427,0.02907407451406677
170,384,6427,0.00907573072447371
171,385,6427,0.01578029279099529
172,386,6427,0.00876911696906073
173,387,6427,0.015427213914950264
174,388,6427,0.008413403845443541
175,389,6427,0.04204123037990075
176,399,6427,0.012693525771457822
177,404,6427,0.02175357869724621
178,405,6427,0.03883913834133375
179,406,6427,0.03339151122908153
180,407,6427,0.14527072096217472
181,408,6427,0.07680808897232493
182,412,6427,0.04276686227931135
183,413,6427,0.10787768200054024
184,420,6427,0.02352546889599386
185,421,6427,0.01995292907096066
186,423,6427,0.05677367214594332
187,424,6427,0.022403953231648406
188,430,6427,0.04121804095109449
189,431,6427,0.11582259217742369
190,432,6427,0.06730992487551804
191,433,6427,0.036309304762800254
192,434,6427,0.03512281150783235
193,442,6427,0.14932291860849187
194,443,6427,0.14893037974610387
195,453,6427,0.027032086470676668
196,454,6427,0.02159382351821343
197,455,6427,0.023224292222905143
198,456,6427,0.10994913550068902
199,457,6427,0.09698317852744467
200,461,6427,0.024117498101276405
201,462,6427,0.03012176440957201
202,463,6427,0.0509344843817227
203,468,6427,0.02098821166154408
204,480,6427,0.03522925167401698
205,481,6427,0.1495638626391687
206,482,6427,0.05421802442664533
207,486,6427,0.019178129872495522
208,488,6427,0.13411181375888512
209,489,6427,0.015224811788433053
210,490,6427,0.028733953639679382
211,497,6427,0.05456648395240708
212,502,6427,0.01486496883508487
213,503,6427,0.007850640903560092
214,504,6427,0.015149874668824996
215,505,6427,0.01948312618407224
216,507,6427,0.009928180088384331
217,508,6427,0.028327851782851205
218,516,6427,0.022799457262099466
219,517,6427,0.02440564052804332
220,519,6427,0.027438391072384508
221,527,6427,0.02133761218725377
222,533,6427,0.20084043744894448
223,537,6427,0.024940496420035648
224,538,6427,0.008396020144978473
225,541,6427,0.013707824657331388
226,543,6427,0.031747962208814685
227,548,6427,0.22120104721194506
228,556,6427,0.08080600780395662
229,557,6427,0.003987684763540609
230,558,6427,0.040299782126692885
231,559,6427,0.170953307824267
232,560,6427,0.020885760073122654
233,561,6427,0.17173560625432843
234,562,6427,0.06475761732543284
235,563,6427,0.009085826111412605
236,566,6427,0.029825801972013326
237,574,6427,0.04384980413027078
238,575,6427,0.04779093280886279
239,576,6427,0.04046045794568228
240,578,6427,0.15127414436714084
241,586,6427,0.02175278594062668
242,587,6427,0.059012113340273196
243,594,6427,0.009110695586541647
244,595,6427,0.016664899795581372
245,680,6427,0.008365249538818027
246,685,6427,0.11364181946551395
247,686,6427,0.02043514006286458
248,687,6427,0.020789643890312754
249,688,6427,0.03493113419904246
250,689,6427,0.015388885711032096
251,690,6427,0.15127057087347665
252,704,6427,0.03226214204816422
253,706,6427,0.00908656989002407
254,709,6427,0.0063538708242980805
255,710,6427,0.15300338133503835
256,728,6427,0.021446428090176415
257,729,6427,0.02069641805336829
258,737,6427,0.0010808845197165804
259,739,6427,0.024763935688407724
260,740,6427,0.11126738039152595
261,741,6427,0.058792603316771726
262,762,6427,0.018259747112729277
263,763,6427,0.02213696347989943
264,764,6427,0.034237002337803316
265,765,6427,0.02891768471165341
266,766,6427,0.04161410872901209
267,767,6427,0.016757975183771975
268,768,6427,0.01531519895018879
269,769,6427,0.14793944147588017
270,770,6427,0.016557513948259415
271,771,6427,0.048809211898010005
272,772,6427,0.15126483998527798
273,773,6427,0.03945442587965796
274,774,6427,0.1096226504210954
275,775,6427,0.019449263664032865
276,776,6427,0.02033766851096347
277,777,6427,0.015273389609888232
278,778,6427,0.15931431465204846
279,779,6427,0.058168954203566575
280,780,6427,0.047778616570207266
281,781,6427,0.08080807076406334
282,782,6427,0.1731547610538221
283,783,6427,0.0261067194092856
284,784,6427,0.024614513696721456
285,785,6427,0.05281193222336842
286,786,6427,0.023671572813790658
287,787,6427,0.02681635311030204
288,788,6427,0.04008178807555603
289,789,6427,0.2219289137300052
290,790,6427,0.010213748332605195
291,791,6427,0.11695827369159931
292,792,6427,0.014060322173268832
293,793,6427,0.1669767406374591
294,794,6427,0.18831183240645608
295,795,6427,0.10124285462814996
296,804,6427,0.027329542824589652
297,805,6427,0.020622231705565056
298,808,6427,0.14764038437617547
299,809,6427,0.006117253927536174
300,816,6427,0.029196122675330328
301,870,6427,0.4827375492647873
302,871,6427,0.007015581662664354
303,872,6427,0.03712317599946145
304,873,6427,0.19989864499821433
305,874,6427,0.015776060810722477
306,875,6427,0.03280627391966638
307,876,6427,0.12048747840139751
308,877,6427,0.042999054038449516
309,878,6427,0.06506292314289765
310,879,6427,0.143763367397191
311,880,6427,0.17005253911940432
312,881,6427,0.005167298790078506
313,882,6427,0.018217177759245105
314,883,6427,0.08784503178645084
315,884,6427,0.08813638480920348
316,885,6427,0.008605430975570212
317,886,6427,0.0069205568174056055
318,887,6427,0.1319005557486164
319,888,6427,0.1423178595373901
320,889,6427,0.03247653578909261
321,890,6427,0.004844255382663617
322,891,6427,0.015152972036447186
323,892,6427,0.02659533256920969
324,893,6427,0.07227473985652375
325,894,6427,0.03511107673377727
326,895,6427,0.010806233218835922
327,896,6427,0.007367466556053339
328,897,6427,0.06765667527486917
329,898,6427,0.17990411733215392
330,899,6427,0.05485248238008962
331,900,6427,0.017349194696898673
332,901,6427,0.025109806887477756
333,902,6427,0.051353367743116884
334,903,6427,0.0351713266265158
335,904,6427,0.0609960056672694
336,905,6427,0.011187354039650346
337,906,6427,0.14802495434056942
338,907,6427,0.0076732987805803446
339,941,6427,0.012577063689066007
340,950,6427,0.03218717907056322
341,954,6427,0.017893698325721064
342,955,6427,0.0057517323994744915
343,956,6427,0.059987470537418264
344,957,6427,0.08931993736308066
345,958,6427,0.005311530199704861
346,959,6427,0.06481883328741367
347,967,6427,0.022651827984696858
348,969,6427,0.008595890022166774
349,976,6427,0.0926124860868073
350,977,6427,0.04898245778461484
351,979,6427,0.04850078210865895
352,981,6427,0.0223839731862023
353,982,6427,0.005066175207717459
354,983,6427,0.045331414181046484
355,991,6427,0.03618425399680668
356,1025,6427,0.021477820060998475
357,1029,6427,0.04143207028306252
358,1030,6427,0.014407407346595194
359,1037,6427,0.13829897260917853
360,1039,6427,0.04048489326261554
361,1043,6427,0.03147649522108474
362,1044,6427,0.02302201044475839
363,1046,6427,0.18685693920927895
364,1050,6427,0.03220612545665855
365,1054,6427,0.1873068225022793
366,1055,6427,0.010853842559965538
367,1057,6427,0.00864575302766497
368,1058,6427,0.18008240178660131
369,1059,6427,0.05090371492262053
370,1060,6427,0.019934558006090487
371,1061,6427,0.15143170650543197
372,1062,6427,0.024967347661406243
373,1063,6427,0.005353121505759358
374,1064,6427,0.1731311082787561
375,1065,6427,0.045405908800537374
376,1068,6427,0.034769733656013324
377,1069,6427,0.05956876925667084
378,1072,6427,0.006483824102896303
379,1078,6427,0.04358088186547448
380,1081,6427,0.012818729352861767
381,1082,6427,0.06249153873659272
382,1084,6427,0.009619710567019943
383,1085,6427,0.015242161057106587
384,1086,6427,0.01569918644517518
385,1087,6427,0.0631590569627852
386,1088,6427,0.06667529634488209
387,1095,6427,0.05512173305026984
388,1110,6427,0.009569685933685498
389,1111,6427,0.005630356898302015
390,1121,6427,0.05265747810238194
391,1122,6427,0.12967727823457728
392,1123,6427,0.01808387275058709
393,1126,6427,0.1253321195602553
394,1130,6427,0.03624925466109857
395,1131,6427,0.005274220246620539
396,1132,6427,0.023528642439449788
397,1133,6427,0.015424843155705685
398,1135,6427,0.0072570556135784165
399,1136,6427,0.06283693957957256
400,1142,6427,0.013347038327803411
401,1143,6427,0.012622702205483758
402,1145,6427,0.13315304198274971
403,1150,6427,0.15060269088570855
404,1151,6427,0.04000020296150226
405,1153,6427,0.449928790720655
406,1164,6427,0.06546188291299684
407,1165,6427,0.05306344144811527
408,1168,6427,0.028249110364699754
409,1171,6427,0.008552696840681544
410,1172,6427,0.011379514217077877
411,1173,6427,0.1055590618441661
412,1178,6427,0.034426460645523446
413,1186,6427,0.0175906475170162
414,1188,6427,0.06295616308443587
415,1189,6427,0.017480278075370177
416,1190,6427,0.13147693089770368
417,1202,6427,0.017198353293395995
418,1206,6427,0.031205992553885075
419,1207,6427,0.012808396269005765
420,1208,6427,0.06563746468001959
421,1212,6427,0.0442713256334354
422,1224,6427,0.01589007531650611
423,1225,6427,0.011860960098690069
424,1232,6427,0.011607247099747933
425,1233,6427,0.026642434360727166
426,1242,6427,0.15955381036311053
427,1244,6427,0.16771504465338216
428,1245,6427,0.011095327597959954
429,1246,6427,0.021916191899183257
430,1247,6427,0.03474030710944929
431,1253,6427,0.16671734535852145
432,1254,6427,0.1433431603171716
433,1255,6427,0.022477593847982928
434,1277,6427,0.0947203859670928
435,1278,6427,0.22423781980979549
436,1281,6427,0.028454629058785322
437,1296,6427,0.0309410625867709
438,1297,6427,0.09184642184030689
439,1298,6427,0.011290446816435365
440,1299,6427,0.033094290076920545
441,1300,6427,0.022998209246307858
442,1301,6427,0.0378870889704165
443,1302,6427,0.006025163287451164
444,1320,6427,0.013029505851508187
445,1324,6427,0.015207877271870158
446,1325,6427,0.009562482757560511
447,1326,6427,0.07891287136031372
448,1327,6427,0.026785169716645945
449,1328,6427,0.009719530302001464
450,1333,6427,0.033022625447230856
451,1335,6427,0.03885442757588532
452,1337,6427,0.020522587120030113
453,1338,6427,0.00863253494677253
454,1339,6427,0.013291995239215823
455,1341,6427,0.007452683483104732
456,1342,6427,0.007714105007128857
457,1343,6427,0.007929636893818048
458,1354,6427,0.09680187508780719
459,1355,6427,0.09413574731318582
460,1356,6427,0.15659983857701942
461,1357,6427,0.08426623548829286
462,1358,6427,0.04017853113504738
463,1359,6427,0.13905461443070272
464,1360,6427,0.014864239472511791
465,1361,6427,0.1065363875696017
466,1362,6427,0.028843521264992535
467,1363,6427,0.04238077578656279
468,1364,6427,0.14400004971870575
469,1365,6427,0.02573522913538869
470,1366,6427,0.05394149610089195
471,1367,6427,0.041941247776933706
472,1368,6427,0.03307536572788529
473,1401,6427,0.013121488126767646
474,1405,6427,0.02071522322395415
475,1409,6427,0.009218925743267638
476,1410,6427,0.04170610024051886
477,1413,6427,0.02611961734689065
478,1416,6427,0.022023027653967735
479,1435,6427,0.02203452793077756
480,1437,6427,0.024401515940583055
481,1454,6427,0.021012743447912766
482,1455,6427,0.015965051887348074
483,1472,6427,0.015566440505379685
484,1474,6427,0.017154162474095763
485,1475,6427,0.06030277341813613
486,1477,6427,0.02421001007806606
487,1502,6427,0.010276449558122536
488,1503,6427,0.02607947450846324
489,1510,6427,0.010986890899422196
490,1511,6427,0.017647724253746923
491,1514,6427,0.013998445791568542
492,1515,6427,0.01334861207962608
493,1518,6427,0.031674047023806426
494,1521,6427,0.48844087982451273
495,1522,6427,0.06541416636661979
496,1530,6427,0.05187709694102906
497,1531,6427,0.010511858206516766
498,1532,6427,0.05679479604952607
499,1535,6427,0.009455990750894398
500,1536,6427,0.05920744495004141
501,1537,6427,0.011366920697289742
502,1540,6427,0.010567933199487742
503,1542,6427,0.014649935635299002
504,1544,6427,0.006640856642903705
505,1545,6427,0.016317078775646917
506,1548,6427,0.014589160503710676
507,1558,6427,0.003866485030760515
508,1561,6427,0.015471013932398893
509,1564,6427,0.004910102885260915
510,1565,6427,0.022824997263302543
511,6,6307,0.13423032253111744
512,20,6307,0.11210444344661435
513,23,6307,0.06288725917848122
514,34,6307,0.13486335683702064
515,40,6307,0.0537408166004822
516,49,6307,0.1339847386826274
517,60,6307,0.11518690353463157
518,66,6307,0.1325346470065879
519,69,6307,0.05799773850515689
520,87,6307,0.11385567529208863
521,102,6307,0.3513121676253709
522,106,6307,0.1316946491875495
523,109,6307,0.07215327089457312
524,111,6307,0.009599766919821034
525,117,6307,0.1322431570064884
526,119,6307,0.07679947826656362
527,122,6307,0.1358814204136406
528,147,6307,0.005610296818446078
529,159,6307,0.12708762970629514
530,160,6307,0.17329064678925415
531,161,6307,0.020141126132900415
532,167,6307,0.1572290245308689
533,168,6307,0.10721540840893642
534,175,6307,0.11204308000514404
535,180,6307,0.12622751742209026
536,181,6307,0.06659238514151858
537,184,6307,0.049274124120336917
538,188,6307,0.13173690355114545
539,189,6307,0.1357920577328418
540,196,6307,0.051848774876334776
541,198,6307,0.05287709301746889
542,207,6307,0.03983958300166271
543,214,6307,0.13854869533653844
544,215,6307,0.03763586018292175
545,216,6307,0.060686981997410544
546,217,6307,0.1348930123375026
547,223,6307,0.10288715270954035
548,224,6307,0.04962826076141455
549,234,6307,0.09807767598361376
550,236,6307,0.03638529436888037
551,239,6307,0.061170890792577114
552,241,6307,0.08012574218205647
553,243,6307,0.0974389983730825
554,280,6307,0.015280700566097993
555,285,6307,0.05215004221416099
556,286,6307,0.049502016033333374
557,288,6307,0.20940211211081705
558,289,6307,0.056457196755111835
559,324,6307,0.012113645571254019
560,326,6307,0.051911505041450465
561,344,6307,0.06584178259477184
562,345,6307,0.019350110520301163
563,346,6307,0.08948868513194125
564,347,6307,0.09664189054415044
565,363,6307,0.11253237527747306
566,370,6307,0.1325634026010984
567,371,6307,0.021038929413554192
568,372,6307,0.10407271551044621
569,373,6307,0.006267499798996791
570,374,6307,0.0612561575685228
571,377,6307,0.13419988206283673
572,394,6307,0.006646865219496977
573,395,6307,0.005001940816396224
574,400,6307,0.005997834889807406
575,401,6307,0.06776759430582402
576,402,6307,0.07197292905838973
577,403,6307,0.017269736767659312
578,418,6307,0.03682842167104412
579,419,6307,0.2413281882775622
580,437,6307,0.23956453467796987
581,450,6307,0.02087809718788154
582,464,6307,0.05152972742127024
583,465,6307,0.08060444278960778
584,470,6307,0.21885195438321864
585,471,6307,0.06713535888584903
586,478,6307,0.014301580802168477
587,479,6307,0.018816739654892785
588,483,6307,0.08401406424853525
589,484,6307,0.23124728795792965
590,485,6307,0.14756125517797017
591,493,6307,0.07717017623813142
592,494,6307,0.3175739381751923
593,495,6307,0.014211460015237156
594,496,6307,0.08785554512148865
595,499,6307,0.0046187085787616575
596,500,6307,0.013560756823082668
597,501,6307,0.015186341473009212
598,514,6307,0.005210231574296286
599,515,6307,0.006063894518723599
600,539,6307,0.10039022673481662
601,540,6307,0.010617401852230523
602,580,6307,0.10955053063605018
603,581,6307,0.018779642840095766
604,582,6307,0.015936454291474483
605,583,6307,0.022862015290577915
606,584,6307,0.014209040400815727
607,585,6307,0.05643108956122561
608,588,6307,0.27824237764537924
609,589,6307,0.018129955233093097
610,590,6307,0.1752848064355811
611,591,6307,0.02670316414272532
612,592,6307,0.015137496466694086
613,593,6307,0.0422815978085776
614,596,6307,0.006794047962634362
615,597,6307,0.009187362332533304
616,598,6307,0.00797532524923792
617,599,6307,0.0297447612168685
618,600,6307,0.051161184086654474
619,601,6307,0.14780341846842743
620,602,6307,0.04886345755621108
621,603,6307,0.10687800807000021
622,604,6307,0.1375744520527543
623,638,6307,0.07907188498216897
624,681,6307,0.017258471852589895
625,683,6307,0.006430702513397021
626,684,6307,0.005465650342503881
627,707,6307,0.11830267710578025
628,708,6307,0.0897211590430958
629,730,6307,0.05450102292366303
630,734,6307,0.033401031039232074
631,735,6307,0.013542784920328782
632,736,6307,0.028017409511047583
633,737,6307,0.13413139447782524
634,738,6307,0.009722274175106701
635,807,6307,0.4228642592015439
636,811,6307,0.09856117952610823
637,814,6307,0.05016438783049124
638,815,6307,0.058635615429322635
639,817,6307,0.021194140144679286
640,943,6307,0.11816470053318287
641,968,6307,0.009131702693791823
642,970,6307,0.02202058158470314
643,972,6307,0.10721715063283446
644,980,6307,0.1181989770709543
645,985,6307,0.08994583871055509
646,1023,6307,0.0903163484427557
647,1024,6307,0.008192688269616012
648,1035,6307,0.024789853696753426
649,1038,6307,0.30742148883149717
650,1041,6307,0.03266635411034822
651,1042,6307,0.052331645237685125
652,1049,6307,0.08477237042251078
653,1052,6307,0.2740498023422377
654,1053,6307,0.22259793636123254
655,1056,6307,0.05099808365167921
656,1074,6307,0.010185217064068483
657,1075,6307,0.039746794635577704
658,1076,6307,0.011531202866797723
659,1080,6307,0.050460937564672376
660,1089,6307,0.004188801775345917
661,1093,6307,0.10478701141864548
662,1098,6307,0.024401863278932616
663,1100,6307,0.016646617280640232
664,1102,6307,0.07127795794179947
665,1105,6307,0.038869431432757416
666,1106,6307,0.01642349908037005
667,1107,6307,0.03639691879677618
668,1118,6307,0.008402214266401793
669,1120,6307,0.0340434910678851
670,1127,6307,0.05105631059394651
671,1158,6307,0.003881731003450124
672,1159,6307,0.13333648686833383
673,1166,6307,0.29391104255221223
674,1169,6307,0.03029249918813365
675,1170,6307,0.017186433190103722
676,1174,6307,0.05017839146405239
677,1175,6307,0.08322294579346158
678,1176,6307,0.0622633790173404
679,1177,6307,0.04176029851110475
680,1180,6307,0.010252464498303792
681,1181,6307,0.9003583345260832
682,1182,6307,0.15882490540730945
683,1183,6307,0.3593000739761782
684,1184,6307,0.11637170588761772
685,1185,6307,0.0911147450439039
686,1191,6307,0.008417382869044079
687,1199,6307,0.059656987012541636
688,1200,6307,0.02369423512763502
689,1204,6307,0.009544135922914565
690,1210,6307,0.05431167666333374
691,1213,6307,0.0178225279049487
692,1214,6307,0.026301682333509924
693,1215,6307,0.007070102907972086
694,1216,6307,0.010753968045295773
695,1217,6307,0.08646639974663362
696,1218,6307,0.05348950837346954
697,1219,6307,0.05767941993678772
698,1220,6307,0.02910884064567754
699,1221,6307,0.03293542281838884
700,1222,6307,0.006896192518957641
701,1223,6307,0.016773785820137513
702,1226,6307,0.09988986822049353
703,1228,6307,0.014762285985626138
704,1237,6307,0.06703994878609554
705,1238,6307,0.1715513984042172
706,1252,6307,0.03202916432862792
707,1263,6307,0.01135469278371906
708,1264,6307,0.03554176039980568
709,1265,6307,0.161731504178766
710,1266,6307,0.014020665237441264
711,1267,6307,0.012291317156235201
712,1271,6307,0.015194374405232938
713,1274,6307,0.017193813766665948
714,1288,6307,0.02379826133883381
715,1289,6307,0.026263186684089623
716,1290,6307,0.04648219106928995
717,1291,6307,0.02678816346942339
718,1292,6307,0.07984478182821328
719,1293,6307,0.03941728980632757
720,1294,6307,0.01954378172315167
721,1295,6307,0.11333919943146017
722,1322,6307,0.006777405176222901
723,1334,6307,0.010110044859979725
724,1407,6307,0.00794902527105891
725,1408,6307,0.014918677342968586
726,1411,6307,0.1594755902103401
727,1412,6307,0.028534317219793243
728,1425,6307,0.04182832062019239
729,1426,6307,0.0037702903108003394
730,1430,6307,0.173096197475657
731,1432,6307,0.03677753057861121
732,1434,6307,0.08401505590504575
733,1446,6307,0.08538881195226568
734,1457,6307,0.12093995665927107
735,1490,6307,0.028604967461920105
736,1491,6307,0.019528506446212474
737,1492,6307,0.020262663422122244
738,1493,6307,1.1367468250633805
739,1494,6307,0.16728233888051933
740,1495,6307,0.007558328456161929
741,1496,6307,0.16115567198818165
742,1497,6307,0.21772662215463856
743,1498,6307,0.017356615334944245
744,1504,6307,0.03429584652548219
745,1505,6307,0.008460540977578021
746,1533,6307,0.04258085559249011
747,1551,6307,0.01857197033192104
748,1567,6307,0.042394416954484
749,1568,6307,0.07741481576714301
750,2200,6307,1.8040219381862577
751,33,6428,0.06519073389604482
752,48,6428,0.14092796202433386
753,51,6428,0.15597052549346946
754,54,6428,0.14004535481056363
755,63,6428,0.0833559806490609
756,67,6428,0.15401271767867375
757,68,6428,0.05196987355492017
758,74,6428,0.02230534771320522
759,75,6428,0.3890364842091723
760,77,6428,0.006984151085993828
761,79,6428,0.14369085041102297
762,81,6428,0.14164595483002668
763,82,6428,0.09268829474826579
764,85,6428,0.12810127608034866
765,86,6428,0.12684925590347196
766,93,6428,0.04041199625409063
767,98,6428,0.11207277030118103
768,100,6428,0.09104610797435869
769,104,6428,0.11011911242033046
770,105,6428,0.011880845406256531
771,107,6428,0.06983174892525565
772,112,6428,0.03945401492560948
773,116,6428,0.05241457883701104
774,120,6428,0.057872927341954206
775,121,6428,0.14820269311086542
776,128,6428,0.15404756809367862
777,129,6428,0.15047209089548144
778,131,6428,0.18665768102331026
779,132,6428,0.22488111016940526
780,134,6428,0.3738171639578731
781,137,6428,0.008721184764399023
782,142,6428,0.03689833800586489
783,143,6428,0.1462590334090566
784,148,6428,0.024470079647354103
785,149,6428,0.09048834904943712
786,150,6428,0.03100345272477191
787,151,6428,0.12984173411195668
788,153,6428,0.042482614515497424
789,163,6428,0.0272876529120443
790,170,6428,0.1361446452981222
791,177,6428,0.03961548723252559
792,179,6428,0.045174473438088614
793,182,6428,0.017061503049473015
794,204,6428,0.13891424766493704
795,225,6428,0.12822254063075567
796,228,6428,0.14186956676685542
797,232,6428,0.07139562073043554
798,238,6428,0.016995628885664894
799,244,6428,0.019491492059755075
800,245,6428,0.08904285992482235
801,248,6428,0.02406327349659924
802,250,6428,0.024808705334801236
803,251,6428,0.019588031303604828
804,271,6428,0.061950588268512415
805,277,6428,0.03244871048150338
806,282,6428,0.12767756825946758
807,287,6428,0.13959855929770265
808,298,6428,0.05096832604151368
809,299,6428,0.2106482805494491
810,300,6428,0.03676387736230603
811,301,6428,0.2017731277307018
812,302,6428,0.14065208744959298
813,303,6428,0.03189662370416635
814,305,6428,0.13611125502391458
815,306,6428,0.020412925073389314
816,307,6428,0.08232216912683352
817,314,6428,0.02472396920854048
818,315,6428,0.016658833290948274
819,316,6428,0.01943739105339457
820,319,6428,0.01879949154644847
821,321,6428,0.0450443043238555
822,322,6428,0.04105972464429239
823,323,6428,0.00852936088146664
824,330,6428,0.03311541457833092
825,331,6428,0.022686058616342018
826,341,6428,0.2668427872384379
827,350,6428,0.024731267077925466
828,351,6428,0.041797439065786375
829,369,6428,0.005872624710633899
830,414,6428,0.0689839495223974
831,415,6428,0.05740113916127421
832,416,6428,0.1351507456286193
833,417,6428,0.12982392681405155
834,436,6428,0.007703804280709716
835,444,6428,0.004762031015943664
836,445,6428,0.014510318485067276
837,446,6428,0.006137372231286787
838,447,6428,0.012110091053224345
839,448,6428,0.14233856635886072
840,451,6428,0.016841362412257376
841,452,6428,0.025107814601856755
842,466,6428,0.02671336162131008
843,469,6428,0.12328076912718791
844,472,6428,0.014836395625090265
845,473,6428,0.012531222252287033
846,492,6428,0.16370904218553917
847,510,6428,0.027241722872747225
848,511,6428,0.0735840837141328
849,512,6428,0.015324848819518838
850,513,6428,0.1858621173430857
851,518,6428,0.06087702364325314
852,520,6428,0.05953552454630881
853,521,6428,0.1606601913163958
854,522,6428,0.03336570441240804
855,523,6428,0.015997041071189037
856,524,6428,0.10276136102352688
857,525,6428,0.025661772625338468
858,528,6428,0.028215222509973614
859,529,6428,0.09205709548510327
860,535,6428,6.103653557424004e-05
861,554,6428,0.1135314994143838
862,555,6428,0.13799822087747884
863,564,6428,0.1290387362257799
864,565,6428,0.012790018340401837
865,616,6428,0.1669550603024751
866,617,6428,0.034568289842002636
867,618,6428,0.010263110109001215
868,619,6428,0.01885986688658887
869,620,6428,0.006619671012838715
870,621,6428,0.07637403329788996
871,622,6428,0.06065370838018326
872,623,6428,0.01821307420880874
873,624,6428,0.0860123813600022
874,625,6428,0.5729586094317118
875,626,6428,0.03399830486443463
876,627,6428,0.08547386594551037
877,628,6428,0.035675081491768915
878,629,6428,0.005361634790302741
879,630,6428,0.10144424722366585
880,631,6428,0.17289685791150042
881,632,6428,0.11671788930592104
882,633,6428,0.03668524199708923
883,634,6428,0.014163144973139525
884,635,6428,0.011939639603005536
885,636,6428,0.015365690971981654
886,637,6428,0.07341611166709056
887,639,6428,0.09927576850871106
888,640,6428,0.3013398291254605
889,641,6428,0.02336552318618916
890,642,6428,0.21328816170239892
891,643,6428,0.15003906606089581
892,644,6428,0.0977188499884751
893,645,6428,0.40351771140465187
894,646,6428,0.03483836244249239
895,647,6428,0.00551659719598724
896,648,6428,0.011820612033713226
897,649,6428,0.029464338461870753
898,691,6428,0.0376136280182532
899,692,6428,0.007558741648259612
900,693,6428,0.031570168798353254
901,698,6428,0.013350634139750165
902,699,6428,0.06541590156471774
903,702,6428,0.013394602854287976
904,703,6428,0.02292659649883629
905,746,6428,0.01781849132391249
906,747,6428,0.025976028149695195
907,748,6428,0.09707454194590424
908,749,6428,0.010092553607690194
909,750,6428,0.012032938992015513
910,751,6428,0.030917859572050965
911,752,6428,0.042458507581645884
912,753,6428,0.03911157844056082
913,754,6428,0.03469600885070886
914,755,6428,0.05474607212265104
915,756,6428,0.02104712086314251
916,757,6428,0.1018019997668167
917,758,6428,0.011538909953142168
918,759,6428,0.005082904082963119
919,760,6428,0.0942210395191718
920,761,6428,0.034162791757566986
921,762,6428,0.12228654063681256
922,803,6428,0.023393163194312137
923,810,6428,0.03196264826384868
924,933,6428,0.08437030646258563
925,935,6428,0.19531101212501256
926,971,6428,0.06632433142600255
927,973,6428,0.0059189126326574205
928,978,6428,0.02768533141465947
929,984,6428,0.00591352302458325
930,987,6428,0.029943747350778597
931,988,6428,0.020507042821261014
932,989,6428,0.025164996667803176
933,990,6428,0.08143891507099625
934,1034,6428,0.060861599915365217
935,1036,6428,0.37035373261567545
936,1045,6428,0.1348540912673409
937,1066,6428,0.43648491359808794
938,1067,6428,0.005524737394499296
939,1070,6428,0.28237590448113337
940,1077,6428,0.3064542503023285
941,1079,6428,0.10387434505268135
942,1090,6428,0.08810508592053272
943,1092,6428,0.14843450621777451
944,1094,6428,0.05657596648145226
945,1103,6428,0.040877942244114486
946,1112,6428,0.03548992701275805
947,1114,6428,0.5054291171428822
948,1115,6428,0.020688129280882886
949,1116,6428,0.024369062447652474
950,1134,6428,0.03356185678675179
951,1140,6428,0.03491657133304696
952,1141,6428,0.051865019554914044
953,1149,6428,0.00470420460396875
954,1152,6428,0.13927795444422514
955,1160,6428,0.029588487149384363
956,1193,6428,0.012562777939320995
957,1194,6428,0.026737123399766992
958,1195,6428,0.010071675558640147
959,1196,6428,0.0050076561615938755
960,1209,6428,0.05043299903191361
961,1230,6428,0.22306263210693345
962,1231,6428,0.015820059238034704
963,1234,6428,0.08714744210215068
964,1243,6428,0.1002592475475884
965,1270,6428,0.08303453656067243
966,1272,6428,0.04119534934026972
967,1273,6428,0.01113036565208353
968,1276,6428,0.14997879908466671
969,1280,6428,0.009324240331805463
970,1287,6428,0.014670454809502758
971,1303,6428,0.010725399328411381
972,1304,6428,0.038505002544391
973,1305,6428,0.22004073943030594
974,1306,6428,0.0784956216009362
975,1307,6428,0.055498761658777915
976,1308,6428,0.010165781594978184
977,1309,6428,0.02702344900872161
978,1310,6428,0.08173060578953081
979,1311,6428,0.06714387399657833
980,1312,6428,0.06833633276930119
981,1313,6428,0.20216898989420667
982,1314,6428,0.13893102798308543
983,1315,6428,0.1137697871231932
984,1316,6428,0.3619301233875765
985,1317,6428,0.1340484493385867
986,1318,6428,0.11125743991879429
987,1329,6428,0.04642863851756673
988,1330,6428,0.03571208723254341
989,1331,6428,0.008715382102711847
990,1332,6428,0.16621664476237238
991,1340,6428,0.03454088049930974
992,1400,6428,0.014449104665245465
993,1423,6428,0.02980318441567944
994,1427,6428,0.037968675913026835
995,1428,6428,0.02400494274047956
996,1431,6428,0.11349203921555474
997,1433,6428,0.04725172108361096
998,1436,6428,0.03438988977790534
999,1451,6428,0.003937733484715079
1000,1458,6428,0.014147554921798209
1001,1459,6428,0.011556996818426684
1002,1460,6428,0.0059230042525596745
1003,1461,6428,0.042711795036112936
1004,1462,6428,0.1177049934396561
1005,1463,6428,0.02889459282760933
1006,1464,6428,0.06829409374703509
1007,1465,6428,0.1017319985143466
1008,1466,6428,0.09671845445999044
1009,1467,6428,0.1305130403701842
1010,1468,6428,0.06500454437957752
1011,1469,6428,0.014005076938175659
1012,1471,6428,0.010600788234907413
1013,1517,6428,0.01267477411074381
1014,1519,6428,0.03329263103050454
1015,1520,6428,0.08958851649899174
1016,1534,6428,0.042375078509301285
1017,1538,6428,0.049471696836198086
1018,1552,6428,0.018938368390325738
1019,1569,6428,0.16082688727290184
1020,1570,6428,0.2515016573581276
1021,1571,6428,0.015495333504505967
1022,1572,6428,0.16057919276460703
1023,1573,6428,0.027993129474789956
1024,1574,6428,0.03076798643804268
1025,1575,6428,0.012677768031487844
1026,1579,6428,0.10188833906103728
1027,1580,6428,0.10715437423525956
1028,1581,6428,0.14020849276899597
1029,1582,6428,0.29888580361339434
1030,1583,6428,0.04694295555143953
1031,1584,6428,0.0420821917024658
1032,1585,6428,0.1505541656862513
1033,1586,6428,0.06149173147174126
1034,1587,6428,0.16923595887557358
1035,1588,6428,0.167110317409589
1036,1589,6428,0.1778775101864099
1037,1590,6428,0.135588062385265
1038,1591,6428,0.29317558096487595
1039,1592,6428,0.22854111667920576
1040,1593,6428,0.31522519736086374
1041,1594,6428,0.14735103256525092
1042,1595,6428,0.1668205416948839
1043,1596,6428,0.05514453062741722
1044,1597,6428,0.3896915925205068
1045,1599,6428,0.32713634221174326
1046,1600,6428,0.05151948025739724
1047,1601,6428,0.07654624556996761
1048,1602,6428,0.14622830311167673
1049,1603,6428,0.05686178369274871
1050,1604,6428,0.23446035473812918
1051,1605,6428,0.020311863414979935
1052,1606,6428,0.2703857271390854
1053,1607,6428,0.08095144918039492
1054,2201,6428,1.10044679911538
1055,56,6306,0.001955062394364685
1056,208,6306,0.029627519133265664
1057,356,6306,0.034257445215916144
1058,357,6306,0.02779574330370025
1059,409,6306,0.013928222883287525
1060,411,6306,0.006336886344551612
1061,428,6306,0.12585917994673426
1062,509,6306,0.11784592738988049
1063,542,6306,0.055610932924802216
1064,552,6306,0.037763320639614545
1065,711,6306,0.04732978230519671
1066,742,6306,0.010170300827144456
1067,743,6306,0.04772615350242109
1068,744,6306,0.007688549023223325
1069,745,6306,0.011664229620309961
1070,800,6306,0.027940706905706256
1071,801,6306,0.057307533355010855
1072,802,6306,0.11020851054591621
1073,931,6306,0.06016565306090978
1074,932,6306,0.014340213644523165
1075,937,6306,0.08858789056452374
1076,951,6306,0.14955170015377356
1077,953,6306,0.013750300517491734
1078,974,6306,0.04404952870449348
1079,1032,6306,0.036087890603908705
1080,1128,6306,0.1361910264776594
1081,1187,6306,0.07805479353424959
1082,1205,6306,0.0065411913863494845
1083,1211,6306,0.07213965167793407
1084,1235,6306,0.011652397133861011
1085,1236,6306,0.02436711492736923
1086,1238,6306,0.12491478692463491
1087,1239,6306,0.036397418860307125
1088,1240,6306,0.016600587877114766
1089,1241,6306,0.010345571108966237
1090,1248,6306,0.0477985373967486
1091,1499,6306,0.06954824594406411
1092,1500,6306,0.02460186373840474
1093,1608,6306,0.1997353188148932
1094,1609,6306,0.3244336333221633
1095,1610,6306,0.22489723349605223
1096,1611,6306,0.14611958801848932
1097,1612,6306,0.3097454429907939
1098,1638,6306,0.2191370647895377
1099,1809,6306,0.6841126713810673
1100,1816,6306,2.771411638863051
1101,1817,6306,1.113192890322394
1102,1822,6306,0.3827296640227402
1103,1823,6306,3.7087188617163687
1104,2200,6306,2.1938988873066183
1105,2209,6306,1.4876706882259458
1106,2211,6306,3.336767847447641
1107,56,6426,0.15220138334771743
1108,94,6426,0.009824021487555568
1109,96,6426,0.005796643848990929
1110,114,6426,0.02744960790255522
1111,115,6426,0.09603389585823546
1112,118,6426,0.032597031107973656
1113,133,6426,0.013347150065501983
1114,136,6426,0.017375447560973818
1115,155,6426,0.135699596653409
1116,156,6426,0.20575400933632929
1117,164,6426,0.07964439999378732
1118,172,6426,0.1495306584531014
1119,183,6426,0.018418217995172362
1120,190,6426,0.15461172340966195
1121,192,6426,0.07594877628195665
1122,194,6426,0.08603501754569262
1123,197,6426,0.1298359515461363
1124,199,6426,0.023358842567694462
1125,200,6426,0.09719612586324552
1126,201,6426,0.2485518908069646
1127,202,6426,0.1585514359972933
1128,203,6426,0.04344089454402336
1129,205,6426,0.513603074522593
1130,206,6426,0.06935424272521494
1131,208,6426,0.056698252733453594
1132,213,6426,0.018510188679714826
1133,226,6426,0.026788569274489967
1134,230,6426,0.30226467699306164
1135,231,6426,0.0653128495848243
1136,233,6426,0.009618290539071163
1137,235,6426,0.07658569166632744
1138,249,6426,0.007718408685814108
1139,253,6426,0.35135995108642853
1140,260,6426,0.0709027887723508
1141,266,6426,0.051935901250175706
1142,267,6426,0.17902635790675467
1143,269,6426,0.008995948551847445
1144,270,6426,0.13622782242441944
1145,278,6426,0.02665959858802197
1146,292,6426,0.010733405185529827
1147,297,6426,0.06885675852327033
1148,304,6426,0.0957271730482342
1149,308,6426,0.005715994516741494
1150,311,6426,0.08502637254115868
1151,320,6426,0.011223441172589941
1152,325,6426,0.05879675205936624
1153,342,6426,0.030073029954852237
1154,352,6426,0.014473768571929864
1155,359,6426,0.03143640471538789
1156,360,6426,0.10671937778962996
1157,361,6426,0.006003263683663118
1158,362,6426,0.015885645726711695
1159,364,6426,0.021803781593683843
1160,376,6426,0.03497621843381083
1161,379,6426,0.0866691627111385
1162,382,6426,0.024102138302626287
1163,390,6426,0.024151009601087358
1164,396,6426,0.03648330905958448
1165,397,6426,0.07419840520208285
1166,398,6426,0.1541013987945335
1167,409,6426,0.010370698407851542
1168,410,6426,0.03871334404541892
1169,411,6426,0.05576045877253945
1170,425,6426,0.016175303446793625
1171,426,6426,0.041695716501554854
1172,427,6426,0.05234926563710887
1173,428,6426,0.0566617752376359
1174,435,6426,0.07351639487479383
1175,458,6426,0.004956848797300915
1176,459,6426,0.0052857823438190584
1177,460,6426,0.01249335904359774
1178,474,6426,0.020665207779704386
1179,487,6426,0.030769499276397865
1180,506,6426,0.36217213480572924
1181,531,6426,0.03605032300378103
1182,534,6426,0.30364091943454885
1183,536,6426,0.3809684527257286
1184,544,6426,0.04217993315246968
1185,545,6426,0.042656279992761385
1186,546,6426,0.3291523209392135
1187,547,6426,0.10860858460920779
1188,549,6426,0.09111339617597129
1189,550,6426,0.0938976808804146
1190,553,6426,0.04386188024719838
1191,567,6426,0.16568569507630715
1192,568,6426,0.012270716501358574
1193,569,6426,0.014908553223504956
1194,570,6426,0.02632022924370936
1195,571,6426,0.005883889384111556
1196,572,6426,0.105595981700235
1197,573,6426,0.09625213272984272
1198,579,6426,0.02417053784552768
1199,682,6426,0.16234969617857267
1200,701,6426,0.6557132968693468
1201,705,6426,0.09040742395714224
1202,712,6426,0.10727223287883657
1203,713,6426,0.03612089318956148
1204,714,6426,0.09019317700687943
1205,715,6426,0.0056895381169117685
1206,716,6426,0.009893211481729381
1207,717,6426,0.03303663301672443
1208,718,6426,0.15868225830172827
1209,719,6426,0.019688365005988976
1210,720,6426,0.0705241909302553
1211,721,6426,0.05712575443130581
1212,722,6426,0.13941551479606853
1213,723,6426,0.0317845683416869
1214,724,6426,0.01659823812605563
1215,725,6426,0.2002287992872413
1216,726,6426,0.09362805548492542
1217,727,6426,0.03436489057910928
1218,731,6426,0.024836427067822815
1219,732,6426,0.05792150349380191
1220,741,6426,0.0017921768022830138
1221,796,6426,0.06939984291590756
1222,797,6426,0.07010842026552346
1223,798,6426,0.13304806956045964
1224,799,6426,0.034368782978749124
1225,806,6426,0.18273648284697447
1226,812,6426,0.3361557098698839
1227,907,6426,0.025811042502313704
1228,908,6426,0.13735185973764852
1229,909,6426,0.019965663988663337
1230,910,6426,0.013515022339196374
1231,911,6426,0.039797347587824564
1232,912,6426,0.06277745182083656
1233,913,6426,0.04893514974792795
1234,914,6426,0.16157275053446243
1235,915,6426,0.1893560080477698
1236,916,6426,0.32194218224329313
1237,917,6426,0.07460746476710164
1238,918,6426,0.030917137470911432
1239,919,6426,0.024271028993996902
1240,920,6426,0.02824195903869486
1241,921,6426,0.014288513937578235
1242,922,6426,0.01182681141694282
1243,923,6426,0.02266212494937954
1244,924,6426,0.09032396004688616
1245,925,6426,0.09809001736384881
1246,926,6426,0.08336942621782996
1247,927,6426,0.021621373406516625
1248,928,6426,0.008685216173049449
1249,929,6426,0.019758273648742466
1250,930,6426,0.01045846354180343
1251,938,6426,0.06355399321074894
1252,939,6426,0.09026986270763422
1253,940,6426,0.1562509115829994
1254,942,6426,0.07130953472260661
1255,952,6426,0.1558627589605373
1256,960,6426,0.11579061222114416
1257,961,6426,4.16592386063098
1258,962,6426,0.6416446819999573
1259,963,6426,0.024013160392867224
1260,965,6426,1.3584038970212176
1261,975,6426,0.1855078505605067
1262,986,6426,0.03475891057521726
1263,996,6426,0.022922155565974822
1264,997,6426,0.01418436378800775
1265,998,6426,0.14116333838030387
1266,999,6426,0.10585273218642006
1267,1000,6426,0.10070936522006978
1268,1001,6426,0.048168458056719
1269,1002,6426,0.2256551249542835
1270,1003,6426,0.19929372014617314
1271,1004,6426,0.03827425669034657
1272,1005,6426,0.008676926371865568
1273,1006,6426,0.048310356608992126
1274,1007,6426,0.03340308298681155
1275,1008,6426,0.2545739998811741
1276,1009,6426,0.06086933034713624
1277,1010,6426,0.03276187837555669
1278,1011,6426,0.042093252607473784
1279,1012,6426,0.010749194295024486
1280,1013,6426,0.060593352596483435
1281,1014,6426,0.05793115417979403
1282,1015,6426,0.05831172242423632
1283,1016,6426,0.022820473447872972
1284,1017,6426,0.04354393406855453
1285,1018,6426,0.055823350037483885
1286,1019,6426,0.007698920608932794
1287,1020,6426,0.6256456147751417
1288,1021,6426,0.006070470768543314
1289,1022,6426,0.03830783482404761
1290,1027,6426,0.1877348182983525
1291,1028,6426,0.12200220451934311
1292,1031,6426,0.016267907176073675
1293,1040,6426,0.08541438261927609
1294,1047,6426,0.027915847709106014
1295,1048,6426,0.02327849492874731
1296,1051,6426,0.028705716785280902
1297,1083,6426,0.012259102179106402
1298,1086,6426,0.12590809492998697
1299,1097,6426,0.2751092670569487
1300,1099,6426,0.0482783931710598
1301,1108,6426,0.027999959766819568
1302,1117,6426,0.012722140862482204
1303,1124,6426,0.32502080679727385
1304,1125,6426,0.03481804592068263
1305,1129,6426,0.07044801932562691
1306,1135,6426,0.044982592085866045
1307,1157,6426,0.34577861074017036
1308,1179,6426,0.19502979890809832
1309,1192,6426,0.010006186461067844
1310,1197,6426,0.07532928631422743
1311,1198,6426,0.10255930396669426
1312,1250,6426,0.11473791929908624
1313,1253,6426,0.017332551000124898
1314,1256,6426,0.13334991293709722
1315,1257,6426,0.11568782278349372
1316,1258,6426,0.1832534192412537
1317,1259,6426,0.21441119915191484
1318,1260,6426,0.2045271520724634
1319,1261,6426,0.05981534641006621
1320,1262,6426,0.07887431549300268
1321,1268,6426,0.027476001922145204
1322,1269,6426,0.022847793343753354
1323,1284,6426,0.013429652247082353
1324,1285,6426,0.014107597445385044
1325,1321,6426,0.13068974794960378
1326,1339,6426,0.01302462873171198
1327,1344,6426,0.10377205679142366
1328,1345,6426,0.013262561296240396
1329,1346,6426,0.009023068298137137
1330,1347,6426,0.020209943130373935
1331,1348,6426,0.050047222888300526
1332,1349,6426,0.6259578420845812
1333,1350,6426,0.054409186079909674
1334,1351,6426,0.06724880661649804
1335,1352,6426,0.042301948098716166
1336,1353,6426,0.051311298740647604
1337,1402,6426,0.012499269269833784
1338,1406,6426,0.02884269875746653
1339,1414,6426,0.08131631339384758
1340,1415,6426,0.054234614282470346
1341,1424,6426,0.01139392847442631
1342,1429,6426,0.24772182032859247
1343,1438,6426,0.01689225494798163
1344,1439,6426,0.02535208615948465
1345,1440,6426,0.08845549020135456
1346,1443,6426,0.0032835701357825098
1347,1444,6426,0.03349811982116615
1348,1445,6426,0.027426178363861724
1349,1447,6426,0.014923266058435355
1350,1452,6426,0.33168032144344
1351,1453,6426,0.2309392254219068
1352,1456,6426,0.019318025351477176
1353,1473,6426,0.09666931241100915
1354,1478,6426,0.03112144747562948
1355,1479,6426,0.10728467305918829
1356,1480,6426,0.09088207378444291
1357,1481,6426,0.12209735308546149
1358,1482,6426,0.009347995007604878
1359,1483,6426,0.25807364971573377
1360,1484,6426,0.024347847229958437
1361,1485,6426,0.02058902340524239
1362,1501,6426,0.04661157554659457
1363,1506,6426,0.0066365423202284805
1364,1507,6426,0.2665205073322017
1365,1509,6426,0.039117402165350784
1366,1512,6426,0.0159199582053734
1367,1513,6426,0.008333289099329778
1368,1516,6426,0.1621481344296484
1369,1530,6426,0.07952369642688567
1370,1541,6426,0.06997627789996985
1371,1547,6426,0.011437567676817454
1372,1549,6426,0.03824348237251694
1373,1550,6426,0.012669001311676236
1374,1553,6426,0.018209261945634995
1375,1554,6426,0.019170144061053
1376,1556,6426,0.016356250741402192
1377,1559,6426,0.05754248388858833
1378,1560,6426,0.09032152441335829
1379,1562,6426,0.10229672690752255
1380,1563,6426,0.014499428100268157
1381,1566,6426,0.03585287078308196
1382,88,6548,0.018978413296727
1383,126,6548,0.028041655722017743
1384,221,6548,0.1428692515525889
1385,295,6548,0.009218634139673557
1386,317,6548,0.008614773983623451
1387,329,6548,0.006169123950689265
1388,440,6548,0.05268456945483216
1389,441,6548,0.08764524780704047
1390,475,6548,0.04998127390381734
1391,476,6548,0.007385631983450245
1392,477,6548,0.050722863548209415
1393,526,6548,0.21376719765086102
1394,532,6548,0.02174231984959872
1395,551,6548,0.2698415468242358
1396,577,6548,0.182675616314191
1397,650,6548,0.018852804354097457
1398,651,6548,0.043435532866945126
1399,652,6548,0.03917877252352021
1400,653,6548,0.2041957934541629
1401,654,6548,0.33412687201545516
1402,655,6548,0.045142679238136876
1403,656,6548,0.05803351934763523
1404,657,6548,0.06517916839790788
1405,658,6548,0.09487185343842498
1406,659,6548,0.08017919545431315
1407,660,6548,0.19629938153975568
1408,661,6548,0.04930906913764909
1409,662,6548,0.10785886934073616
1410,663,6548,0.020185985888932532
1411,664,6548,0.04999873200761383
1412,665,6548,0.005039930874423377
1413,666,6548,0.00981467498663048
1414,667,6548,0.16860759127148373
1415,668,6548,0.04776470927220718
1416,669,6548,0.026340215776082688
1417,670,6548,0.012798154831540294
1418,671,6548,0.02243464784203222
1419,672,6548,0.12048190395119696
1420,673,6548,0.040102905721941834
1421,674,6548,0.017110071268499595
1422,675,6548,0.021540509042488148
1423,676,6548,0.14200609291908678
1424,677,6548,0.11080375662800143
1425,678,6548,0.15727730967249043
1426,679,6548,0.016143117452076958
1427,694,6548,0.07152892893720998
1428,695,6548,0.10021180694680801
1429,696,6548,0.005301997060638614
1430,697,6548,0.015264136793402803
1431,818,6548,0.04783380404971024
1432,819,6548,0.011493100533736984
1433,820,6548,0.0639590449408891
1434,821,6548,0.11401759735290276
1435,822,6548,0.05049264130563675
1436,823,6548,0.00757885391458725
1437,824,6548,0.07775671476106655
1438,825,6548,0.05422413912511551
1439,826,6548,0.005867473035920843
1440,827,6548,0.02294013550177866
1441,828,6548,0.0070040416047457985
1442,829,6548,0.007724547232550939
1443,830,6548,0.009463933647491958
1444,831,6548,0.0116376595912745
1445,832,6548,0.11561963455773897
1446,934,6548,0.27382020921816425
1447,936,6548,0.12647199790143993
1448,994,6548,0.2580379112338888
1449,1026,6548,0.04512617019136978
1450,1033,6548,0.10271069144663766
1451,1073,6548,0.12713645926659203
1452,1096,6548,0.014704777011001965
1453,1104,6548,0.07559337579069764
1454,1119,6548,0.08416615135722257
1455,1139,6548,0.047395718019460624
1456,1146,6548,0.13419833161051356
1457,1147,6548,0.09730474082494471
1458,1148,6548,0.012704526447219956
1459,1161,6548,0.1346569290003539
1460,1162,6548,0.02182298776675182
1461,1163,6548,0.03695310661214163
1462,1227,6548,0.07216588070074281
1463,1229,6548,0.19998229562781508
1464,1282,6548,0.05575309258633544
1465,1283,6548,0.22190345787198698
1466,1319,6548,0.012158473850260433
1467,1323,6548,0.021990784390426094
1468,1388,6548,0.08907816138603356
1469,1389,6548,0.029553292877322588
1470,1390,6548,0.023537124425282236
1471,1391,6548,0.02267435505825864
1472,1392,6548,0.03636896441778643
1473,1393,6548,0.014615248437433902
1474,1394,6548,0.01033830598205066
1475,1395,6548,0.03995802045843372
1476,1396,6548,0.0830693284052294
1477,1397,6548,0.06844289048650959
1478,1398,6548,0.020908981572234885
1479,1399,6548,0.009911270436865306
1480,1403,6548,0.15250329541969374
1481,1404,6548,0.10864278333479684
1482,1417,6548,0.018077651018040205
1483,1418,6548,0.0245405167761946
1484,1419,6548,0.014362934667131276
1485,1420,6548,0.05107235136932976
1486,1421,6548,0.030973710130499054
1487,1422,6548,0.07029267630485256
1488,1441,6548,0.12709935938792408
1489,1448,6548,0.1519823519160653
1490,1449,6548,0.1261607165969622
1491,1450,6548,0.0916893400239756
1492,1470,6548,0.08627182457412884
1493,1523,6548,0.01150241377199473
1494,1524,6548,0.009001152775919457
1495,1525,6548,0.030211680687284723
1496,1526,6548,0.16103999771123415
1497,1527,6548,0.01645079449271022
1498,1528,6548,0.01033217329938381
1499,1529,6548,0.07303681903160564
1500,1539,6548,0.1872288355520942
1501,1543,6548,0.06282270381983263
1502,1546,6548,0.3371843666902291
1503,1555,6548,0.10685201321035966
1504,1557,6548,0.10835160747324381
1505,1576,6548,0.4314267497200308
1506,1577,6548,0.023362007544273915
1507,1578,6548,0.3923486803472623
1508,1593,6548,0.024103399010394898
1509,1598,6548,0.1595460425982765
1510,1599,6548,0.1638552197755546
1511,1649,6548,0.11622375100080072
1512,1818,6548,4.084520234885013
1513,2172,6548,0.16020561856717225
1514,2201,6548,3.1506754544654054
1515,110,6308,0.009024898519242359
1516,422,6308,0.0765123768566005
1517,535,6308,0.041986828360668776
1518,604,6308,0.27044015554415096
1519,605,6308,0.06794295862811223
1520,606,6308,0.07220535958516752
1521,607,6308,0.17905219499933203
1522,608,6308,0.024662313665691646
1523,609,6308,0.0178867443813123
1524,610,6308,0.09143918763031572
1525,611,6308,0.020951221108583704
1526,612,6308,0.05884129887961902
1527,613,6308,0.07152007216217865
1528,614,6308,0.02278999509794639
1529,615,6308,0.036412983373290346
1530,1109,6308,0.202898858173017
1531,1275,6308,0.017682870697352686
1532,1279,6308,0.08907851168146352
1533,1411,6308,0.385457868565977
1534,1469,6308,0.01582532862258971
1535,1476,6308,0.10142239170646411
1536,1486,6308,0.1393833303907386
1537,1487,6308,0.04319111754113405
1538,1488,6308,0.017093707750894922
1539,1489,6308,0.01665356063182108
1540,186,6547,0.3784468825637282
1541,187,6547,0.2569718345672376
1542,195,6547,0.35353329660046684
1543,219,6547,0.46861949237763645
1544,222,6547,1.8955964458898866
1545,332,6547,0.2366097430331834
1546,333,6547,0.1089294847618684
1547,334,6547,0.10428840551054853
1548,335,6547,0.01067553076986901
1549,336,6547,0.15689380138291614
1550,337,6547,0.1252858465776895
1551,338,6547,0.01040219630640231
1552,339,6547,0.10567507049242027
1553,340,6547,0.16609438591229753
1554,391,6547,0.0067074171322426416
1555,392,6547,0.04444851098569544
1556,393,6547,0.04024161843198502
1557,429,6547,0.1160500711011023
1558,438,6547,0.01864399993905449
1559,439,6547,0.49166797926179767
1560,449,6547,0.04119804411077236
1561,467,6547,0.24758828245245657
1562,491,6547,0.07725680736724236
1563,498,6547,0.03480377443372327
1564,530,6547,0.4247433527606293
1565,700,6547,0.029787276893582706
1566,733,6547,0.019752559839923807
1567,813,6547,0.04544437277165963
1568,832,6547,0.03489607668174261
1569,833,6547,0.016496797966723552
1570,834,6547,0.017881178793039562
1571,835,6547,0.028463620814182633
1572,836,6547,0.09416064587502476
1573,837,6547,0.031018436902126828
1574,838,6547,0.014382951065791143
1575,839,6547,0.028194713219250954
1576,840,6547,0.015617227414662632
1577,841,6547,0.2985878188827367
1578,842,6547,0.08171328902500419
1579,843,6547,0.044628388850055024
1580,844,6547,0.03516655589303681
1581,845,6547,0.04122821167022141
1582,846,6547,0.036880954690804754
1583,847,6547,0.00979511010893887
1584,848,6547,0.12023734800502459
1585,849,6547,0.12210262963160207
1586,850,6547,0.019557652244882158
1587,851,6547,0.12543523824869715
1588,852,6547,0.040398201507560905
1589,853,6547,0.028365666996054324
1590,854,6547,0.0800853535547503
1591,855,6547,0.010495784026602959
1592,856,6547,0.07355742255129459
1593,857,6547,0.03803396038304375
1594,858,6547,0.0168363296929206
1595,859,6547,0.2914359649623533
1596,860,6547,0.08528154848379804
1597,861,6547,0.0702167024506491
1598,862,6547,0.03973594078770322
1599,863,6547,0.004834265468592022
1600,864,6547,0.08079627434059995
1601,865,6547,0.09079851533574321
1602,866,6547,0.02826396551589633
1603,867,6547,0.039932514814710704
1604,868,6547,0.04896643524593882
1605,869,6547,0.11262294445086005
1606,870,6547,0.06776881943065385
1607,944,6547,0.03981705956382827
1608,945,6547,0.15828018012560294
1609,946,6547,0.01544870518543669
1610,947,6547,0.23377757363065974
1611,948,6547,0.033290471089649935
1612,949,6547,0.00999451177294557
1613,1071,6547,0.089279120512596
1614,1091,6547,0.23276842167970443
1615,1101,6547,0.06671119749477163
1616,1113,6547,0.034909959256625
1617,1137,6547,0.008932342058182479
1618,1138,6547,0.09025707183905435
1619,1153,6547,0.062330927784400206
1620,1154,6547,0.19490284386760298
1621,1155,6547,0.030998897509534735
1622,1156,6547,0.03952453919977563
1623,1167,6547,0.010888594033171512
1624,1201,6547,0.04548132028882613
1625,1203,6547,0.4935611038302277
1626,1249,6547,0.05212444921448362
1627,1251,6547,0.010420117430871694
1628,1286,6547,0.016996440263652886
1629,1336,6547,0.045378003642966375
1630,1369,6547,0.0342062059342294
1631,1370,6547,0.01829475131714012
1632,1371,6547,0.05871906204160463
1633,1372,6547,0.06294758286545643
1634,1373,6547,0.046702754212267196
1635,1374,6547,0.0524197481557675
1636,1375,6547,0.018742605262330066
1637,1376,6547,0.016727788834988176
1638,1377,6547,0.008193146545429462
1639,1378,6547,0.01612431243038011
1640,1379,6547,0.01119488379466299
1641,1380,6547,0.030844225712284762
1642,1381,6547,0.11336225540275666
1643,1382,6547,0.017008621806483184
1644,1383,6547,0.01840704969656834
1645,1384,6547,0.04030037928744407
1646,1385,6547,0.03307276355326471
1647,1386,6547,0.03303034972295074
1648,1387,6547,0.022022400748417645
1649,1388,6547,0.04948814899106925
1650,1649,6547,1.0937132710685087
1651,2172,6547,0.9776593471606424
1652,2226,6547,1.7164795523059213
1653,318,6546,0.09848499646425721
1654,939,6546,0.12586135845881022
1655,992,6546,0.07496085283293055
1656,993,6546,0.11572997016103084
1657,995,6546,0.022856934504906782
1658,1144,6546,0.11987011833573938
1659,1429,6546,0.16191626909521278
1660,1442,6546,0.04548427565923575
1661,1507,6546,0.14419729858543984
1662,1508,6546,0.18986312749501688
1663,963,6425,0.15814495856211297
1664,964,6425,0.1693346539237855
1665,965,6425,0.18084631166313658
1666,966,6425,0.07284354600665732
1667,1793,6425,0.6224321013560349
1668,1807,6425,0.3770109632610665
1669,1808,6425,0.9132163055211712
1670,1813,6425,1.5368914785442267
1671,1814,6425,3.4738998100089638
1672,1824,6425,3.0171400983850023
1673,1825,6425,0.30995594330162235
1674,1992,6425,2.061048781071672
1675,2160,6425,2.610880052734508
1676,1613,6646,1.6749308925079263
1677,1741,6646,4.512608907370196
1678,1911,6646,3.3394870585643224
1679,1920,6646,2.753748087538074
1680,1613,6766,1.8965818492525337
1681,1920,6766,0.8416999773905386
1682,1921,6766,0.033520634892094656
1683,1613,6765,0.1783284452439383
1684,1921,6765,6.808321486264115
1685,1614,7026,0.6296457241839365
1686,1614,6786,1.4941623260813501
1687,2162,6786,4.724172017177129
1688,2163,6786,2.9539545377541803
1689,2164,6786,0.24108302099528447
1690,2165,6786,0.492004064495539
1691,2227,6786,3.894203286505608
1692,2240,6786,3.7464860268138
1693,1614,6906,5.364695563041924
1694,2164,6906,0.19916784532641707
1695,1615,6186,2.384827360596399
1696,1644,6186,1.9158171054896846
1697,1809,6186,1.5732098375055332
1698,1810,6186,0.7871366725638175
1699,1820,6186,1.2944039635446647
1700,1821,6186,1.9473111908559135
1701,2155,6186,1.4413986617877057
1702,2198,6186,1.3852605095166737
1703,2199,6186,0.9871883349681003
1704,2200,6186,2.11651923189499
1705,2208,6186,0.8285304408645877
1706,2210,6186,0.8326979497917105
1707,1616,5680,5.765174152438948
1708,1701,5680,0.6578168941337581
1709,1616,5801,2.360334091578692
1710,2025,5801,0.3594644337987591
1711,2032,5801,6.389383284005444
1712,1616,5800,2.441498155547775
1713,2025,5800,1.2711261319590097
1714,1617,4601,1.813561019364765
1715,1618,4601,0.2199962580196064
1716,1668,4601,0.4066325455455205
1717,1840,4601,2.132477947026
1718,1841,4601,1.342174563370289
1719,1843,4601,0.09869801719605692
1720,1844,4601,0.24301297582617518
1721,1848,4601,2.7619224934983975
1722,1849,4601,3.4275182896876477
1723,1857,4601,1.925426935493961
1724,1618,4600,2.7384172964928712
1725,1841,4600,3.3230779780370137
1726,1618,4720,5.228177483658015
1727,2051,4720,0.7950586810135077
1728,2052,4720,3.500422095285451
1729,2053,4720,1.4657418343161095
1730,1618,4719,0.00020169719355756844
1731,2027,4719,2.383493000112382
1732,1619,5321,1.5617225529300085
1733,2030,5321,3.7997786718386624
1734,1619,5442,5.279025223868571
1735,2056,5442,0.917980227545846
1736,1619,5441,3.176477504442569
1737,1619,5562,0.7064421251486932
1738,1701,5562,0.08885455371650643
1739,1864,5562,4.496993265738589
1740,1897,5562,3.2715922127243995
1741,1898,5562,1.6724324286797803
1742,1899,5562,1.6322133533108472
1743,2031,5562,2.91805638169076
1744,2032,5562,1.625423065919002
1745,2056,5562,1.120210789607092
1746,1620,6791,0.5910898791821478
1747,1621,6791,2.9654013397557
1748,1647,6791,0.8897112856361297
1749,2236,6791,2.639618502577446
1750,1621,6911,0.8883707916650782
1751,1622,6911,4.621649492788417
1752,2236,6911,4.093318647866392
1753,1622,6909,1.2746897373834354
1754,1651,6909,3.765103962368336
1755,1995,6909,0.7013780896916065
1756,2014,6909,3.115651228445691
1757,2166,6909,1.6392852721363136
1758,2175,6909,3.549490309301688
1759,2176,6909,1.6866175236113983
1760,1622,6910,7.418434490520491
1761,2013,6910,1.1815098588787651
1762,2014,6910,3.113543850926785
1763,2236,6910,4.603810531705184
1764,1623,8093,0.07335432667627403
1765,1624,8093,5.37670630293202
1766,2087,8093,3.771912464961437
1767,1623,7853,3.113838507526381
1768,1623,7973,5.297596164661271
1769,1623,7732,1.7108045976970412
1770,1623,7731,3.2864287062630773
1771,2079,7731,1.42893076375285
1772,2080,7731,2.673852990691008
1773,1623,7852,4.611704172551776
1774,1624,8213,6.141493743797075
1775,1624,8333,5.213044486781218
1776,1624,8453,2.7514512544628658
1777,2081,8453,0.9725295379589753
1778,1625,7003,1.4975068518665076
1779,1714,7003,0.1753983767459265
1780,1727,7003,5.1794525071424
1781,1932,7003,0.054606230830074286
1782,1933,7003,5.425919553288917
1783,1625,7002,2.6967548161775046
1784,1713,7002,0.19032713223515443
1785,1714,7002,0.21176782444969366
1786,1727,7002,1.0098689314083764
1787,1922,7002,1.6469296855404716
1788,1932,7002,1.0911067661177751
1789,2066,7002,3.6266513623057954
1790,1625,7123,6.231175027277489
1791,2066,7123,3.734577838470921
1792,1625,7010,4.906547345073478
1793,1655,7010,0.9655505601678945
1794,1723,7010,0.02074425197176829
1795,2067,7010,0.5898293811619536
1796,2076,7010,0.5898293811619536
1797,1625,7124,0.5732971915122204
1798,1625,7244,6.740588608856147
1799,2066,7244,2.389995293940183
1800,1625,7365,5.269161320290722
1801,2066,7365,1.2332190546987563
1802,2068,7365,0.4885298250239229
1803,2086,7365,3.1446489842080783
1804,2092,7365,2.520258235526981
1805,1625,7364,0.19130616243439114
1806,2066,7364,4.747132225673813
1807,2085,7364,0.11497344172200621
1808,2086,7364,0.4391616403543499
1809,1625,6651,0.0653892313024073
1810,2039,6651,1.4707757868801357
1811,2040,6651,5.407929462726719
1812,1625,6771,1.2808137706566287
1813,1625,6770,4.828217482067172
1814,1625,6890,5.346813799057625
1815,1626,8941,4.194765374053806
1816,1715,8941,1.2513309762008828
1817,1924,8941,0.5478272495629448
1818,1925,8941,2.221844390155942
1819,1959,8941,1.073803018126676
1820,1626,8942,2.1978123147947803
1821,1627,6665,5.192936176829379
1822,1826,6665,2.110488769042233
1823,2021,6665,2.5814537906250976
1824,2161,6665,4.6924580598728
1825,2162,6665,1.391495856851723
1826,1627,6666,0.170541040514461
1827,1826,6666,0.02330536038735955
1828,1827,6666,5.558770351868129
1829,2021,6666,5.529086138769871
1830,2162,6666,0.907718102736262
1831,2227,6666,2.720831972430925
1832,1627,6785,2.8286740663480963
1833,1628,6785,0.5355270933916237
1834,2228,6785,0.4246297426525671
1835,2240,6785,1.3909635380109604
1836,2241,6785,1.0480739874704268
1837,1628,7022,5.043687438496185
1838,2218,7022,1.7024584352569783
1839,2219,7022,2.9129770542597226
1840,2220,7022,0.789736736279478
1841,1628,7023,1.5127832880512906
1842,1628,7142,5.546598932483024
1843,2220,7142,6.198798922050046
1844,1628,7262,5.626379661155561
1845,2170,7262,0.8822690179386093
1846,2192,7262,1.0018686097245593
1847,2220,7262,1.455188440702607
1848,2221,7262,3.762440662830295
1849,2222,7262,2.2025179199158686
1850,1628,7382,1.490446355817892
1851,2170,7382,3.372218198824154
1852,2192,7382,1.0267228997962763
1853,2193,7382,4.711083224439748
1854,2222,7382,0.21879775651779268
1855,2238,7382,2.0604516408961566
1856,1628,7383,1.8615844692468868
1857,2193,7383,0.4049007217675314
1858,2194,7383,2.7759026209066198
1859,2238,7383,0.3503168404072672
1860,1628,6783,0.06268051049481663
1861,1795,6783,1.5026818473189807
1862,2217,6783,4.062440748454446
1863,2218,6783,1.6943896103084728
1864,2257,6783,2.0269551252054945
1865,2261,6783,2.0269551252054945
1866,1628,6784,4.360440829975155
1867,2228,6784,1.521547404009309
1868,2258,6784,0.985045562146806
1869,2262,6784,0.985045562146806
1870,1628,6903,7.323487933950064
1871,2218,6903,0.18612180582266502
1872,1628,6904,1.212469828890888
1873,2258,6904,2.487028346442221
1874,2262,6904,2.487028346442221
1875,1629,7982,0.017925623601579333
1876,1629,7983,0.05903354582805105
1877,2171,7983,5.2247433656095
1878,1629,8102,3.63595465515065
1879,1630,8102,1.5711798489719189
1880,1630,8222,3.7848309362930994
1881,1631,8222,2.087919045056688
1882,2196,8222,4.009546616691341
1883,1631,8342,5.989827273761815
1884,2197,8342,3.0435385293047874
1885,1631,8462,4.133520639075576
1886,1632,7988,2.759917498048554
1887,1633,7988,1.4427929827175545
1888,1632,7989,0.5915240367346876
1889,1633,7989,0.48207404267109005
1890,1632,8108,2.7132665840754835
1891,2174,8108,2.603556767878796
1892,1632,8109,0.3802531044451362
1893,1633,7868,0.08196293151997329
1894,1640,7868,4.88493241464289
1895,2181,7868,0.9903234168460727
1896,2182,7868,0.9139962719911416
1897,2183,7868,2.0548386941296606
1898,2186,7868,4.410848366014397
1899,1633,7869,1.4426473632593395
1900,2158,7869,0.3751557265882125
1901,2187,7869,0.5126750832193939
1902,1634,5556,5.105559400591766
1903,1635,5556,1.7440475666892168
1904,1634,5555,4.428669003046476
1905,1634,5676,0.5048097219643634
1906,1634,5675,2.2077390533513364
1907,1634,5554,0.4476925261529699
1908,1635,5437,1.9562974356861955
1909,1699,5437,4.025012787225465
1910,1700,5437,1.6519680652994435
1911,1866,5437,1.475579915851762
1912,1635,5557,3.544483484019984
1913,1636,6779,6.717649109825272
1914,1637,6779,1.4440532738929464
1915,2169,6779,5.688153738659804
1916,1636,6899,2.314354148908794
1917,1794,6899,2.900522487277748
1918,1812,6899,2.982477125835054
1919,2169,6899,1.7925936533859892
1920,2216,6899,0.9429275701905705
1921,1636,6898,2.0069972833162573
1922,1812,6898,5.987220079020552
1923,2006,6898,1.1196008756681615
1924,2215,6898,1.5366201485493547
1925,2216,6898,2.8656390984866675
1926,1637,6539,5.097851542392663
1927,2169,6539,3.152443573290408
1928,1637,6659,7.321912199420808
1929,2169,6659,1.9354571411444499
1930,1638,6064,3.904836464002126
1931,1648,6064,2.6106521885853464
1932,2206,6064,0.2646076740439194
1933,2207,6064,3.212627384906888
1934,2210,6064,3.1067573686380703
1935,1638,6184,0.19417715931579854
1936,1638,6185,6.459094862331194
1937,2207,6185,0.7515195027950652
1938,2210,6185,5.8582433157085045
1939,1638,6305,2.0291521675973407
1940,1814,6305,1.3158603023995186
1941,1815,6305,3.483576467860687
1942,1816,6305,0.4095206866161606
1943,1823,6305,2.2301986966071055
1944,1824,6305,1.1436196518536599
1945,1639,8720,1.1523174847232813
1946,1955,8720,1.7097924315603825
1947,1956,8720,2.5268957596705324
1948,1964,8720,0.22831530365141248
1949,1967,8720,0.5082079950132832
1950,1970,8720,5.182255283471603
1951,1986,8720,2.7681080016906607
1952,1987,8720,0.7788002709419445
1953,1988,8720,0.82522914185951
1954,1989,8720,1.084028924004174
1955,1991,8720,0.2841639052951033
1956,2120,8720,0.04178746432741827
1957,1639,8840,0.847730455335432
1958,1949,8840,2.7971746839081875
1959,1964,8840,2.926079237934077
1960,1970,8840,2.399217301028904
1961,1976,8840,2.8291476580007364
1962,1977,8840,0.4380654649436779
1963,1978,8840,0.5612478424159109
1964,1989,8840,1.4318606563878171
1965,1990,8840,0.5560532798503255
1966,1640,7867,0.40929956157126396
1967,2186,7867,4.062976276017373
1968,1641,8473,0.44217730816015205
1969,1945,8473,0.1454380852359541
1970,1641,8593,1.7125522782275482
1971,1749,8593,1.3343841529749134
1972,1760,8593,0.6723359392871334
1973,1786,8593,0.37087548278322
1974,1787,8593,1.1175220111749848
1975,1944,8593,2.1841155015083733
1976,1945,8593,1.881562530202028
1977,2108,8593,0.6097829625236961
1978,2144,8593,3.951293371559914
1979,1642,8100,3.234944819050742
1980,2196,8100,4.838781651316114
1981,1642,8099,0.08684034677810401
1982,2088,8099,4.412097538299286
1983,1643,7521,5.007577509875602
1984,2133,7521,1.8415133681943494
1985,1643,7522,3.1103949368563737
1986,2109,7522,1.968826957658801
1987,1645,5817,3.360598975746518
1988,1676,5817,0.6921253745702629
1989,1704,5817,1.2184983232145203
1990,2044,5817,2.5012758712146286
1991,1645,5816,1.0996026125163667
1992,1676,5816,5.742549827051402
1993,1833,5816,0.12718417712478294
1994,1834,5816,4.9304676656145485
1995,1645,5937,0.5654247591592986
1996,1677,5937,3.132455162216842
1997,1704,5937,0.5121928152393094
1998,1833,5937,3.23486443404357
1999,1856,5937,0.9302594396108965
2000,1906,5937,1.4388850860639852
2001,2043,5937,1.876044449944539
2002,2044,5937,1.1311114692937814
2003,2057,5937,1.2728926823686926
2004,1645,5936,0.12212672057201499
2005,1833,5936,2.3313294881456224
2006,2057,5936,0.7425811088362623
2007,1646,6669,1.9979082149022482
2008,1797,6669,0.2781930827270378
2009,1818,6669,0.6505303033624932
2010,1819,6669,1.5218991704606266
2011,2156,6669,6.501299287344849
2012,1647,6792,0.9090716084115149
2013,1648,6062,1.1118385850651376
2014,1648,6063,4.835287442915879
2015,2206,6063,5.669590336147043
2016,1648,5941,1.3008987201107696
2017,2204,5941,0.06160268660081537
2018,2205,5941,0.8650189428767855
2019,1648,5942,4.246002654231829
2020,2205,5942,2.0113389623940345
2021,2206,5942,4.832045886671081
2022,1648,5943,0.7455578920078493
2023,2206,5943,0.9971178273783677
2024,1649,6668,5.711928927388735
2025,2156,6668,1.8060560554094567
2026,2172,6668,5.396390911686774
2027,1649,6788,1.673248219480487
2028,1650,6788,3.2964993821042032
2029,1996,6788,2.0398201176993394
2030,2015,6788,1.234519982051415
2031,2016,6788,1.6756169740296387
2032,2017,6788,0.7062461619873951
2033,2156,6788,1.1036253942289873
2034,2172,6788,1.0659746941348163
2035,2173,6788,3.280125750270567
2036,2175,6788,0.812875227883196
2037,2229,6788,2.005014313029879
2038,1650,6789,0.2728877128928333
2039,1995,6789,2.4449992743641817
2040,1996,6789,0.2842324291012696
2041,1652,7519,5.935321629028236
2042,2134,7519,0.4069040279777112
2043,1652,7520,1.7653992722847784
2044,2133,7520,2.4130642642548805
2045,1652,7640,0.2533148768335458
2046,2133,7640,1.2317781047835745
2047,2134,7640,1.5287445985338597
2048,1652,7518,5.066161241321271
2049,2126,7518,0.4310561493758282
2050,1653,7261,2.1272135927372946
2051,2191,7261,4.551068333428465
2052,2192,7261,1.2215756846291377
2053,2216,7261,3.9137891183712687
2054,2223,7261,0.6987056484482471
2055,1654,5443,0.9122001559836542
2056,2056,5443,4.65235826205583
2057,1654,5444,4.648416624756833
2058,2055,5444,1.8563902456238326
2059,1655,7130,0.013759116290580155
2060,1723,7130,5.319931720258651
2061,2067,7130,5.2056102782178595
2062,2076,7130,5.2056102782178595
2063,1655,7129,6.450872283989094
2064,1655,7249,1.598646428788641
2065,1655,7248,5.210759752746144
2066,2092,7248,0.6273039032347356
2067,1656,7516,1.8600768947934845
2068,1656,7517,6.656040772711366
2069,1763,7517,0.08577940210441913
2070,1764,7517,2.1259177322610956
2071,1947,7517,0.14300389372983913
2072,1952,7517,4.949630883079014
2073,1960,7517,3.057023741133667
2074,2125,7517,0.33657868861799084
2075,2126,7517,0.943386130688056
2076,1656,7636,3.802243899007895
2077,2131,7636,2.904830329712945
2078,1656,7397,0.6134584963929611
2079,1763,7397,5.337019938766263
2080,1947,7397,3.0211241714174704
2081,2124,7397,1.3031202157008033
2082,2125,7397,1.0777227798590436
2083,2126,7397,1.8154787074849938
2084,2130,7397,3.3549834799840887
2085,1657,7755,4.09759418690836
2086,2099,7755,2.357642960008198
2087,2100,7755,1.0065295463136639
2088,1657,7875,3.945415835527506
2089,2132,7875,1.688386190942217
2090,1658,7157,1.825248617910046
2091,1659,7157,1.5279379332814045
2092,1799,7157,0.5064888755596989
2093,1800,7157,2.6414815062191863
2094,2150,7157,1.041910055605706
2095,2159,7157,3.2317866461484264
2096,1658,7276,0.33723029915420016
2097,1993,7276,0.3554465050179666
2098,1658,7277,2.54873975284289
2099,1763,7277,0.6327080422264432
2100,1800,7277,5.0315393546244795
2101,1660,7506,2.255365817378672
2102,2234,7506,2.281089129228148
2103,2235,7506,3.4929196802902482
2104,1660,7507,5.899938941954768
2105,1660,7508,2.548414480564849
2106,2179,7508,2.1383134587377994
2107,2180,7508,3.439398725307737
2108,1660,7628,2.3440828345946656
2109,2180,7628,5.436714466797386
2110,1661,5689,1.2859955356923605
2111,1860,5689,3.0439008153721554
2112,1900,5689,0.5561716783469766
2113,2061,5689,1.0813339617494309
2114,1662,5691,0.5902504584255013
2115,1672,5691,1.896560254369234
2116,1682,5691,1.3573533895551928
2117,1683,5691,2.16656481159032
2118,1684,5691,1.8270152062351834
2119,1836,5691,4.012180494280909
2120,1837,5691,1.4224763284084798
2121,1868,5691,0.1547599923650341
2122,1877,5691,3.8609536513001523
2123,1895,5691,5.017229150616405
2124,2042,5691,0.44645358966924104
2125,2063,5691,2.142590633311256
2126,1662,5811,3.4755118168405
2127,2253,5811,0.6510431407070804
2128,2254,5811,2.519336911696502
2129,1663,5448,1.7019101273162245
2130,1670,5448,1.5976674081861486
2131,1839,5448,2.104451084973669
2132,1852,5448,3.865393208372731
2133,1904,5448,1.1561130671187863
2134,1663,5569,2.9809326353222594
2135,1688,5569,2.3120292449316513
2136,1838,5569,5.513430718829954
2137,1852,5569,0.05225686002754291
2138,1853,5569,3.3627380935195927
2139,1663,5568,3.525738063666409
2140,1838,5568,0.45311168015081094
2141,1839,5568,3.3608468926376482
2142,1852,5568,0.40107730278831316
2143,2062,5568,1.2204848759576525
2144,1664,5692,1.6814951609681037
2145,1665,5692,0.4525232486752301
2146,1666,5692,0.432321223047344
2147,1667,5692,1.0151794180101217
2148,1672,5692,0.5628594307513488
2149,1673,5692,1.175330868648061
2150,1684,5692,0.581050591988268
2151,1685,5692,0.6671219458524393
2152,1690,5692,1.5226102258013294
2153,1695,5692,0.4837802276443127
2154,1696,5692,0.26347113962635743
2155,1697,5692,0.4997143864350542
2156,1698,5692,0.18639523487079468
2157,1835,5692,3.58020800786035
2158,1836,5692,1.5127821292496713
2159,1846,5692,0.12014570716615687
2160,1847,5692,0.9163996774330168
2161,1854,5692,0.2507519712349637
2162,1855,5692,3.248537217305623
2163,1895,5692,0.42248162288891616
2164,1903,5692,1.043110315626485
2165,2042,5692,0.052565622265507664
2166,2063,5692,0.9553322581704272
2167,2249,5692,0.8508303378487184
2168,2250,5692,0.9390790366066433
2169,2252,5692,1.4709452376918903
2170,2253,5692,1.5891084177180324
2171,1668,4722,6.156596612582302
2172,1881,4722,4.4131544299817485
2173,1668,4721,0.5161666060758352
2174,1840,4721,1.1655161742366211
2175,1843,4721,1.64890347495101
2176,1881,4721,2.2823753726478317
2177,2051,4721,3.1921790885215886
2178,1668,4843,1.076819780126943
2179,1850,4843,3.9687346249831887
2180,1880,4843,4.6688986136109705
2181,1881,4843,1.6468479848355344
2182,1668,4842,1.5343149901970543
2183,1881,4842,2.2173920153048345
2184,1669,5206,3.337165212517998
2185,1842,5206,2.568471026173825
2186,2244,5206,1.1787927075143425
2187,1669,5205,1.9614805894317908
2188,1842,5205,3.4706238356548083
2189,1851,5205,1.6183652110930664
2190,2244,5205,2.1790229165619723
2191,1669,5326,3.655794069740269
2192,1670,5326,0.4596690972435114
2193,1839,5326,2.266097201844135
2194,1842,5326,3.7132196162078746
2195,1904,5326,1.8644863526265676
2196,2055,5326,6.325467378824675
2197,2244,5326,4.632779457677035
2198,1670,5327,3.718251580451908
2199,1904,5327,0.1954531596926692
2200,1670,5447,3.3802835557965194
2201,1839,5447,5.5728461429255125
2202,1904,5447,5.941247678257061
2203,1671,5570,3.0345157296770813
2204,1688,5570,2.286238718405683
2205,1689,5570,0.8104057429527348
2206,1837,5570,0.49123066039317387
2207,1838,5570,2.5815085953729966
2208,1893,5570,1.2040626646605013
2209,1894,5570,0.8051439127507424
2210,2033,5570,3.217105522284588
2211,2034,5570,1.3154285003071555
2212,2041,5570,1.724948673938744
2213,1671,5690,0.04521674180275535
2214,1681,5690,1.2283880240648513
2215,1682,5690,0.031101915081700626
2216,1686,5690,1.6895942246754605
2217,1837,5690,3.0847691201899656
2218,1868,5690,1.9623204683953321
2219,1876,5690,0.7619555693533088
2220,1877,5690,0.21579012682074605
2221,1894,5690,0.19370218570246844
2222,1895,5690,0.361451214526562
2223,1900,5690,1.858514716186583
2224,1901,5690,1.861582511280844
2225,1902,5690,0.43188578878573997
2226,2034,5690,3.9680908899079808
2227,1674,5694,4.132073865814703
2228,1675,5694,0.2852988753389678
2229,1687,5694,1.096492041052152
2230,1835,5694,4.8671332336248225
2231,1875,5694,0.009227168144488892
2232,1905,5694,0.005976802815305136
2233,2060,5694,2.5512418493407383
2234,2251,5694,0.964172470473795
2235,1675,5695,0.7656162849941974
2236,1676,5695,0.6612742754438716
2237,1675,5815,1.741873911299513
2238,1676,5815,2.4607787766537808
2239,1834,5815,5.975484218379553
2240,1675,5814,0.5146087365540173
2241,1834,5814,0.8437890860189678
2242,1835,5814,0.21224895753245607
2243,2060,5814,2.45580290452879
2244,1677,5938,0.011679206761584833
2245,1801,5938,1.4687537087557971
2246,1678,6178,0.10873022962157865
2247,1802,6178,2.2779244827709784
2248,2003,6178,4.63669162174305
2249,1678,6058,5.061578264222631
2250,1801,6058,0.9326878851899933
2251,1832,6058,1.5416389479128445
2252,2003,6058,0.38913650608717815
2253,1679,5809,1.07309903260244
2254,1860,5809,1.7541605749231366
2255,1679,5808,1.274195948066898
2256,1859,5808,4.016710266914004
2257,1680,5685,2.6014624342343193
2258,1861,5685,0.44426515705378256
2259,1862,5685,2.9531437556126376
2260,1867,5685,3.243683064056909
2261,1690,5812,0.47869321508752455
2262,1702,5812,2.7009645252454724
2263,1703,5812,1.9569991218744478
2264,2253,5812,0.5789126290208204
2265,1691,6172,0.9088176922985326
2266,1692,6172,0.8472192471378737
2267,1884,6172,2.873513947568865
2268,1885,6172,2.6881136992262253
2269,1888,6172,1.246264453910272
2270,1889,6172,0.8969009071958036
2271,1890,6172,0.08262344521076782
2272,2047,6172,4.979572062042183
2273,2243,6172,4.980058946130265
2274,1692,6292,2.110740100332473
2275,1692,6291,3.433949664229783
2276,1693,6291,3.329101714651368
2277,1694,6291,0.8605551410197226
2278,2038,6291,5.439311122504594
2279,1694,6411,0.09987870833483056
2280,1829,6411,0.5864378325161642
2281,1830,6411,4.96818047562321
2282,1845,6411,0.7403196451147317
2283,2039,6411,4.674242824924135
2284,1696,5572,0.139829952815523
2285,1699,5436,0.4339862989404038
2286,1858,5436,4.920080468783959
2287,1700,5438,1.0637902272346949
2288,1866,5438,0.8624658583781666
2289,1896,5438,4.652919746968462
2290,2054,5438,0.6671927923608234
2291,1701,5561,5.33893747595967
2292,1701,5560,6.069820289620109
2293,1896,5560,0.6921248504442998
2294,1703,5932,2.158072577016319
2295,1882,5932,3.0937656306540933
2296,1705,7014,3.242555400832518
2297,2011,7014,1.786743223354114
2298,2012,7014,0.047174547048546206
2299,1705,7013,2.107450268912943
2300,1726,7013,0.8638445700666247
2301,1706,10003,5.15574104090417
2302,1917,10003,5.334890435858003
2303,1706,10123,3.093806595014224
2304,1728,10123,4.897953887834708
2305,1729,10123,0.281291902180709
2306,1917,10123,0.6944155088636951
2307,1707,7121,3.2156618399419172
2308,1719,7121,3.563982613869689
2309,1744,7121,0.3330933575599255
2310,1912,7121,0.5361081914524973
2311,1932,7121,0.6106959126399193
2312,1708,7481,2.5260631798870614
2313,1709,7481,0.8224730087145974
2314,1912,7481,1.0821995079260374
2315,1913,7481,1.3461103235443643
2316,2248,7481,1.8321267068724423
2317,1709,7601,0.4170113337428411
2318,1914,7601,2.143828029038914
2319,2084,7601,1.5975961374313257
2320,1710,9044,1.8738030478132492
2321,1717,9044,0.2130118053817473
2322,1931,9044,5.26867399068287
2323,1936,9044,0.8805475233928668
2324,1937,9044,1.3831435855211536
2325,1710,9164,1.0415398476911681
2326,1915,9164,0.9131694081612818
2327,1711,9644,1.1318316791130476
2328,1731,9644,2.0030034760180673
2329,1736,9644,0.7797055524071862
2330,1737,9644,1.6032068992389819
2331,1712,9885,0.4762699798148774
2332,1738,9885,3.5517706035267453
2333,1917,9885,3.1917753176463495
2334,2089,9885,4.350272404261287
2335,1713,6762,0.3598168542300578
2336,1909,6762,0.23280329435490812
2337,1910,6762,5.308997778436546
2338,2065,6762,5.52849455995906
2339,1713,6882,5.1643729135140655
2340,1714,6883,4.115859547503651
2341,1921,6883,1.3299872835484199
2342,1715,8940,5.667692718839344
2343,1715,8939,6.626236898006743
2344,1715,8938,6.045001518242361
2345,1715,8937,5.592171577478872
2346,1715,8936,3.931246213393875
2347,1734,8936,0.276023696498618
2348,1735,8936,0.044863387355906
2349,1926,8936,1.273049597521411
2350,1716,8815,0.6180775805840567
2351,1927,8815,0.34530007339214286
2352,2081,8815,0.5129445502758803
2353,1716,8935,4.36996369455252
2354,1734,8935,0.013229952002091623
2355,1735,8935,1.4773785925243619
2356,1745,8935,1.3610889507248503
2357,1717,8807,5.197818932575501
2358,1717,8927,3.0360100597466793
2359,1717,8926,8.969423877525836
2360,1717,8925,5.640690044539112
2361,1717,9045,4.059642876909694
2362,1717,8687,4.966402637324257
2363,1930,8687,0.8416143571075811
2364,2073,8687,0.7870229259764671
2365,1718,7001,1.3109923921643334
2366,1719,7001,0.470329906592362
2367,1742,7001,0.24304981685951305
2368,1743,7001,0.17327896168190213
2369,1744,7001,0.5172017975038236
2370,1940,7001,0.8794987480202783
2371,1718,7000,4.44331146492001
2372,1940,7000,1.0147000762142246
2373,1718,6759,0.9771640466237441
2374,1732,6759,2.284270027059159
2375,1733,6759,2.416880885403054
2376,1908,6759,3.7876544971476918
2377,1909,6759,2.1387137878140168
2378,1934,6759,0.6560827023430279
2379,1718,6880,5.64927670166025
2380,1934,6880,0.2429953633166004
2381,1718,6879,0.3851393598559617
2382,1720,7006,1.6110759178542178
2383,1721,7006,3.4688933875220305
2384,1720,7005,5.040364930900511
2385,1720,7004,4.082297215026711
2386,1727,7004,1.0885278049373137
2387,1933,7004,1.2328104172189154
2388,1935,7004,0.8865866838881253
2389,1721,7008,4.773524706727804
2390,1722,7008,0.35252332518483076
2391,1721,7007,5.0740602345691865
2392,1722,7009,5.020181163486525
2393,1723,7009,0.5927871439110062
2394,1723,7131,0.5197847525598792
2395,1724,7131,4.7171923847549255
2396,1724,7132,0.07072947953089838
2397,1725,7132,5.737669500902296
2398,2255,7132,1.3047722369702255
2399,1725,7133,0.7471334024678392
2400,1726,7133,3.919291185568714
2401,2082,7133,3.660247326138494
2402,2083,7133,1.2702881105368538
2403,2255,7133,11.389222047421788
2404,1729,10243,0.12270889405623595
2405,1730,10243,0.09567671086320928
2406,1730,10244,3.5691510780368096
2407,1731,9764,3.7202961114454705
2408,1737,9764,3.5801288031985363
2409,1738,9764,1.823295799234851
2410,1735,9176,2.1501975469073633
2411,1735,9056,5.371103593168643
2412,1735,9055,0.3837231564610184
2413,1738,9765,1.4025464356668946
2414,1739,6408,4.080821780501692
2415,1740,6408,0.16852037310606244
2416,1829,6408,1.4080638344478384
2417,1845,6408,1.1646710820659496
2418,1907,6408,3.786421086222013
2419,2242,6408,0.31588659385462764
2420,1740,6528,1.0959361677121875
2421,2242,6528,0.36227197722944515
2422,1740,6527,1.284735497033687
2423,1741,6527,5.476753162295419
2424,1907,6527,0.5946637605572744
2425,1911,6527,2.0901444284310524
2426,2242,6527,1.459881840252741
2427,1741,6647,0.45811919092522596
2428,1744,7120,6.589047121825853
2429,1940,7120,5.122932860325401
2430,1744,7119,1.4070142419431124
2431,1940,7119,2.6286332851586494
2432,1744,7239,3.8116482006816956
2433,1918,7239,3.1885336907365107
2434,1938,7239,0.9198181591921639
2435,1939,7239,1.9748369073603913
2436,1940,7239,2.7533096926538128
2437,2246,7239,2.6352217131654836
2438,1746,8596,2.0009718828288476
2439,1747,8596,0.9442303392762592
2440,1771,8596,0.7893942742654277
2441,1772,8596,0.5367338172345764
2442,1957,8596,0.6256847334217899
2443,1979,8596,0.9165233289245774
2444,1980,8596,1.7106094297242294
2445,1981,8596,1.5172012811879858
2446,1982,8596,1.027649721712723
2447,2143,8596,2.9597875393301423
2448,1747,8595,2.26204570484072
2449,1942,8595,0.48506889647164414
2450,1943,8595,2.598968276773966
2451,1982,8595,1.8960880562164302
2452,1748,8594,2.427143033403804
2453,1749,8594,2.804891517262092
2454,1943,8594,0.1934574866793814
2455,1750,7637,1.429632963208111
2456,1776,7637,1.7735286257838805
2457,1952,7637,5.282587485527966
2458,1960,7637,2.9319373323435083
2459,1961,7637,1.2841473910957826
2460,2100,7637,0.9477136539289595
2461,1750,7757,1.7490578756476245
2462,1756,7757,0.5416696956190334
2463,1765,7757,0.7731977339440544
2464,1766,7757,1.0757541844228165
2465,1776,7757,1.8354074947599979
2466,1777,7757,0.6942391742201378
2467,1951,7757,2.7217163720979376
2468,1952,7757,2.562627523750712
2469,1974,7757,0.3987223192764866
2470,1975,7757,0.7875909891513453
2471,2100,7757,4.518732200434472
2472,2101,7757,0.4042947972025502
2473,2147,7757,3.2540322829167403
2474,1751,8827,2.3014700001367903
2475,1953,8827,4.409019467188203
2476,1751,8587,2.000204342728251
2477,1788,8587,3.0653829940621797
2478,1751,8707,5.555864264674357
2479,1752,9183,1.2768086576969522
2480,1753,9183,1.4549118552674092
2481,1754,9183,0.0979746356826973
2482,1773,9183,0.13499608586807404
2483,1774,9183,0.0312747678151903
2484,1775,9183,0.31665184183166495
2485,1790,9183,0.612769022146141
2486,1958,9183,2.1708609894342867
2487,1754,9184,1.6032898815321368
2488,1755,9184,4.235021428075829
2489,1755,9185,0.48663299579949276
2490,1757,8963,0.9885793213791947
2491,1758,8963,4.522993097946917
2492,1757,9083,2.4625609965149677
2493,1785,9083,2.389450934610609
2494,1954,9083,3.381706636907612
2495,1758,8962,2.6246766777968342
2496,1759,8962,1.4211951218453482
2497,1759,8721,0.7708478473157959
2498,1963,8721,4.959806748071036
2499,1964,8721,0.4552942684289793
2500,2102,8721,4.254420440253596
2501,2103,8721,0.2361156104967232
2502,2120,8721,0.17563520202283675
2503,1759,8841,4.67923239024984
2504,1759,8842,3.6048636250925257
2505,1760,8591,0.2616215152443822
2506,2108,8591,0.2616215602101935
2507,1760,8592,6.8353039742056705
2508,2108,8592,6.8977656794574465
2509,1760,8711,1.6919823967420498
2510,1761,8711,3.576471837462111
2511,2108,8711,5.268454267639182
2512,2127,8711,0.2198189657606645
2513,1761,8590,2.181824217039259
2514,2108,8590,2.181824405339838
2515,1761,8710,1.846563370030005
2516,1762,8710,1.6016748340544538
2517,2107,8710,1.5917384455418857
2518,2108,8710,1.798748273211066
2519,2127,8710,6.230485117308008
2520,1762,8588,6.014295972797067
2521,1788,8588,0.07296774507292875
2522,2095,8588,0.7549496782966175
2523,2107,8588,6.204206550387316
2524,1762,8589,5.3143247686192145
2525,2107,8589,5.315697317301615
2526,1762,8709,0.7068132817104805
2527,2107,8709,0.7068134811193204
2528,1766,7758,1.5072698904624398
2529,2101,7758,5.408611968405919
2530,1766,7878,0.46607033941248777
2531,1767,7878,6.850299318956786
2532,2096,7878,3.8347281097707264
2533,2137,7878,0.6226856785685596
2534,2138,7878,4.120632688404828
2535,2147,7878,2.568653717577412
2536,1767,8119,2.356842053814442
2537,1768,8119,2.3523669114169055
2538,1950,8119,2.6316716071719344
2539,1972,8119,0.06084100607176947
2540,1983,8119,0.13579048117385784
2541,1984,8119,0.5110840661634601
2542,2140,8119,5.395338220983128
2543,1767,7998,5.406145255535333
2544,1966,7998,1.165261538316126
2545,1973,7998,2.605618917886822
2546,2096,7998,2.338213974200638
2547,2140,7998,0.10676171796775248
2548,2141,7998,0.07485825408141088
2549,2145,7998,2.4235681067132617
2550,2147,7998,0.3981285078117546
2551,1767,8118,1.6620139388969803
2552,1966,8118,1.8531701497365034
2553,1972,8118,0.9677715965402627
2554,1973,8118,4.3837773118226355
2555,1983,8118,3.177763301547407
2556,2140,8118,3.998643221275642
2557,2141,8118,0.8012098284699851
2558,2142,8118,2.7534471643417446
2559,1768,8239,4.810385766282162
2560,1950,8239,5.366089290716937
2561,1962,8239,0.4376061911387235
2562,1769,8479,1.4907133996793487
2563,1962,8479,1.4897284516838025
2564,1769,8480,2.976796916156608
2565,1971,8480,5.413958849978978
2566,1769,8600,4.382298871541662
2567,1963,8600,2.25961241113853
2568,1970,8600,1.208337530589436
2569,1971,8600,3.9124267194122946
2570,1985,8600,0.3371335849956354
2571,1986,8600,1.397449935870833
2572,1770,8959,2.513603041883984
2573,1949,8959,3.7695055849901964
2574,1976,8959,1.415509616098207
2575,1770,9079,2.386708617511167
2576,1778,9079,1.1553673936804656
2577,1779,9079,0.6851988839403779
2578,1780,9079,0.4407485076290447
2579,1948,9079,0.6957786720387797
2580,1949,9079,4.6008723461787335
2581,1965,9079,0.8845584061028676
2582,1780,9199,2.000698133421172
2583,1781,9199,0.626852700197959
2584,1782,9199,2.5428254791754052
2585,1946,9199,3.1231651573481076
2586,1948,9199,2.156895826046108
2587,1783,9203,3.0455857786415814
2588,1784,9203,1.6376988642104064
2589,1785,9203,0.2776862797143965
2590,1783,9204,0.8358157147401095
2591,1784,9204,0.26789222597320494
2592,1789,9063,0.3829967470610475
2593,1790,9063,1.9210814872096271
2594,1958,9063,1.5387620124654708
2595,1969,9063,3.7870987846597606
2596,1791,8597,3.7252489709581336
2597,1979,8597,1.4005300724596728
2598,2260,8597,2.998781330691165
2599,2264,8597,2.998781330691165
2600,1791,8598,5.633979974431073
2601,2259,8598,1.4670696967154995
2602,2260,8598,0.7107279663202247
2603,2263,8598,1.4670696967154995
2604,2264,8598,0.7107279663202247
2605,1791,8599,2.0508078782422823
2606,1991,8599,0.5416369509171957
2607,1792,6424,4.2865227007729265
2608,1793,6424,2.291682248528997
2609,1806,6424,3.8001222398242236
2610,1807,6424,1.5781597957250113
2611,1813,6424,0.3975359248387475
2612,2010,6424,0.3781357997595841
2613,1794,6900,5.316115679289007
2614,1794,6901,3.1057976252462933
2615,1795,6901,2.8700379033483694
2616,1795,6663,2.3554001249850964
2617,1796,6663,4.06660770333609
2618,2154,6663,3.66752782904947
2619,2217,6663,0.09058740506640252
2620,1795,6781,0.8521188693493054
2621,1795,6782,6.800683079443054
2622,2218,6782,0.7745392948024081
2623,1796,6543,0.12223306498879483
2624,1997,6543,2.5204085150740716
2625,1998,6543,3.16827614025332
2626,1796,6544,0.4344920217131328
2627,1813,6544,6.946849222844866
2628,1992,6544,1.2474380318896354
2629,1997,6544,5.798321244631795
2630,2022,6544,1.0719953507925453
2631,2160,6544,1.6801270088509601
2632,2161,6544,0.18240609091185578
2633,1797,6670,0.6216317661248831
2634,1797,6549,0.47087748863328976
2635,1818,6549,2.872988859202051
2636,1819,6549,0.5934333536659215
2637,2156,6549,2.0607853020248044
2638,2201,6549,2.66066667065429
2639,2202,6549,1.1683016557777717
2640,1798,6913,0.48735310717667535
2641,2237,6913,1.7198378700611907
2642,1798,6914,1.0693701136391691
2643,2157,6914,1.3601912555291997
2644,2237,6914,0.27961922938917677
2645,1799,7036,0.28098432547615837
2646,1799,7037,1.3422291505629174
2647,1800,7156,2.184243158626074
2648,1802,6179,5.103898348751738
2649,1803,6179,1.3753663326271612
2650,2002,6179,2.0837647124621115
2651,2003,6179,3.4179508652665738
2652,1803,6180,0.6174775178509979
2653,1804,6180,0.4308138478328864
2654,2001,6180,1.0173278908811676
2655,2002,6180,0.9868158443355443
2656,2168,6180,6.334513757834869
2657,1804,6300,1.4049346639822917
2658,1805,6300,3.6418360600568986
2659,2000,6300,4.532291872491643
2660,2001,6300,1.104637825926919
2661,1805,6301,1.4430728052720532
2662,2007,6301,4.31176390894373
2663,1811,6897,4.0447299740394405
2664,1812,6897,0.147499375164054
2665,2005,6897,0.44771163595322955
2666,2012,6897,0.5627029858535237
2667,1826,6545,2.829672680198336
2668,1992,6545,1.2853277293467316
2669,2021,6545,2.487093818353005
2670,2022,6545,1.9137639691684092
2671,2160,6545,0.8877942581450059
2672,2161,6545,4.205375214233913
2673,1827,6667,1.1687256633563239
2674,1828,6667,0.5875203118105835
2675,2018,6667,0.24002193020163734
2676,2019,6667,1.3613760248018125
2677,2020,6667,0.4652368135441541
2678,2021,6667,1.0712446609630832
2679,2152,6667,2.9151430929142217
2680,2226,6667,4.566821256985136
2681,2227,6667,1.139269424833492
2682,2239,6667,0.8386985999121923
2683,1829,6410,5.323473749796043
2684,1845,6410,5.457057824643969
2685,1829,6409,5.151034639132145
2686,1845,6409,5.164430648125165
2687,1830,6293,2.00184057221475
2688,1831,6293,3.635579341685187
2689,2047,6293,2.483970389138555
2690,2048,6293,2.823932341414534
2691,2243,6293,4.810957753761588
2692,1830,6413,1.2390230212567734
2693,1830,6412,5.189640711453791
2694,1831,6174,1.1661475437290758
2695,1878,6174,2.758558405178234
2696,1831,6173,3.769574108155838
2697,2047,6173,0.9174644584690063
2698,2059,6173,1.8482749617894263
2699,2243,6173,0.9169787137220071
2700,1832,6057,3.723647000370629
2701,1833,6057,2.2151430215411785
2702,1879,6057,2.1439481321338203
2703,1835,5693,5.5675968135005505
2704,1855,5693,0.12395158959286533
2705,1875,5693,5.20584375353497
2706,1905,5693,7.012579306443396
2707,1839,5446,2.1629085357749323
2708,1841,4239,3.986773911718821
2709,1841,4238,1.8717882609674552
2710,1841,4359,5.76369740960056
2711,1841,4480,5.343133498727039
2712,1841,4479,0.7166910137218911
2713,1842,4964,0.1762971957354905
2714,1880,4964,6.148724543195485
2715,1842,5085,5.139368878253213
2716,1851,5085,3.9380758815107555
2717,1842,5084,1.1253629668394174
2718,1851,5084,5.447329335917224
2719,1848,4481,1.3929129688945556
2720,1874,4481,3.747879333636988
2721,1850,4963,5.636428662114105
2722,1880,4963,0.48276003718688076
2723,1850,5083,1.4213802579983916
2724,1851,5083,1.6058957366084339
2725,1858,5435,3.5002747021185887
2726,1859,5807,3.9288104764996565
2727,1863,5807,1.316498036043081
2728,1865,5807,2.2944130203755972
2729,1861,5683,3.2539606205383387
2730,1899,5683,1.5821757252796602
2731,1861,5684,5.805510310681968
2732,1862,5686,0.7546398078127131
2733,1862,5806,3.6419814562721537
2734,1863,5806,1.8198358301832904
2735,1865,5806,2.996052908125508
2736,1869,4119,2.787017840117358
2737,1869,4240,1.309332375628102
2738,1870,4240,0.35064906697646403
2739,1871,4240,4.285290710887322
2740,1891,4240,0.3228737798497933
2741,1869,4120,2.8051575902212624
2742,1871,4361,0.20505025429993162
2743,1872,4361,1.1543944866511742
2744,1873,4361,1.7765456710367713
2745,1874,4361,1.931966106573988
2746,1892,4361,2.811935848413462
2747,1871,4360,0.607770972960584
2748,1878,6056,3.3579815842868856
2749,1879,6056,1.9517061161729554
2750,2057,6056,1.8887059606459882
2751,2058,6056,3.6200060990554
2752,1878,6055,5.24397949334071
2753,2058,6055,5.9655459586001855
2754,1878,6054,2.4060933859895846
2755,2058,6054,5.173746065383844
2756,2059,6054,0.7363844056749685
2757,1882,6052,2.687021318689256
2758,1883,6052,2.8442115429538
2759,1884,6052,0.5947123563268163
2760,1886,6052,1.3061599318811363
2761,1887,6052,0.9848626683636583
2762,1888,6052,0.4790259299998355
2763,2046,6052,2.8622239626694213
2764,2047,6052,0.5711455158076343
2765,2059,6052,0.7405771530732598
2766,2243,6052,0.5711329672021136
2767,1896,5559,5.684927689057093
2768,1896,5558,0.2870808898821356
2769,1899,5563,0.9672865526986287
2770,1907,6407,3.3211563955116965
2771,1908,6639,0.3939039101219941
2772,1908,6638,2.3368427626965573
2773,2091,6638,2.6787824782938943
2774,1909,6761,5.393749861487429
2775,1909,6760,5.084512441505306
2776,1934,6760,1.5206911056487025
2777,1910,6763,6.020962625239501
2778,1910,6645,3.9760259250419945
2779,1911,6645,1.8417623261210978
2780,1910,6644,5.300700673574881
2781,1910,6764,0.34133277993592265
2782,1921,6764,0.3082810329079636
2783,1911,6526,4.666555822892497
2784,1912,7241,5.108023383076448
2785,2247,7241,3.5365436319857797
2786,1912,7361,5.103310736647934
2787,2247,7361,4.565784321863651
2788,1915,9163,2.8897657271655355
2789,1916,9163,1.165136090145304
2790,1923,9163,0.296453803037093
2791,1916,9283,3.433262025261698
2792,1917,9884,0.5215830486186814
2793,1917,10004,4.94521144431018
2794,1918,7359,0.032193968081690325
2795,1918,7358,0.47070848376920865
2796,1919,7358,2.6273146463522385
2797,1939,7358,0.33116975210665855
2798,2245,7358,2.2845224617069957
2799,1921,6884,5.38875831414847
2800,1927,8932,4.65475116792825
2801,1928,8932,0.06834689150797214
2802,1927,9052,0.9059518932848658
2803,1928,9052,0.6890955839980052
2804,1927,8814,7.551615142176793
2805,2081,8814,5.519156653768508
2806,1927,8934,1.5275732695090833
2807,1927,8933,12.149948582199668
2808,1928,8931,4.2764067744792875
2809,1928,9051,5.636296211336658
2810,1928,9050,6.5484495527727935
2811,1929,9050,4.871993550252371
2812,2074,9050,1.1260386931089668
2813,1929,8809,6.791790517677499
2814,1929,8930,2.150035892720616
2815,1929,8929,5.039709648594752
2816,1929,8689,1.0192578486595258
2817,1929,8688,6.027614336075083
2818,1930,8688,0.5859478586567805
2819,1932,7122,5.075544213218937
2820,2066,7122,3.3885308563421455
2821,1936,8924,1.325789493491408
2822,1941,8924,1.1803133422889152
2823,1939,7238,0.31002848189773113
2824,2245,7238,0.2450690296854713
2825,2246,7238,2.924679651063978
2826,1946,9319,0.6096546151000528
2827,1947,7396,4.928832505910023
2828,1993,7396,0.498308472554715
2829,2124,7396,7.7380156608124
2830,1949,8960,2.7705914981370316
2831,1976,8960,2.2169801233915276
2832,1950,8359,3.9305368338355815
2833,1962,8359,5.219613402712958
2834,1971,8359,0.27858151192209835
2835,1951,7877,4.711258832228103
2836,1973,7877,0.7036128647652581
2837,2147,7877,6.59976688388735
2838,1953,8825,3.5899025990856073
2839,1953,8826,6.988668572210953
2840,1953,8944,1.5051865434444633
2841,1968,8944,11.491817155942408
2842,1969,8944,0.2689017163832058
2843,1953,8945,6.833911882147759
2844,1953,8946,1.4699945381536994
2845,1958,9062,2.202871331197526
2846,1959,9062,5.789057018541029
2847,1959,9061,0.7201857045192814
2848,1963,8601,0.12994485204488057
2849,2119,8601,0.8704274122217733
2850,2120,8601,4.840616587981273
2851,1969,8943,5.484846576195829
2852,1971,8360,1.2840923696430402
2853,1973,7997,3.25436947933938
2854,2145,7997,5.443207763074151
2855,2146,7997,0.9293620659643826
2856,1991,8719,2.9255030366287516
2857,1993,7275,0.9808024367355404
2858,1994,7275,3.6801090585383966
2859,2122,7275,1.6944304537269135
2860,2213,7275,0.605729504278519
2861,1993,7395,1.056471344287186
2862,2122,7395,0.1000487016327454
2863,2123,7395,2.4023875174508493
2864,2213,7395,0.9248148240171031
2865,1994,7152,0.1873249564342388
2866,2004,7152,3.9054102126063515
2867,2212,7152,5.664125989556825
2868,2237,7152,2.4164203370180237
2869,1994,7153,3.611800751499839
2870,2212,7153,3.098099986242133
2871,2237,7153,1.4131635493962444
2872,1994,7273,3.178306545582596
2873,2212,7273,3.906769282578727
2874,1994,7274,5.352809651931844
2875,2121,7274,0.644149271347162
2876,2122,7274,2.845055049280362
2877,2212,7274,0.07998210868525418
2878,1998,6542,1.5262278584998323
2879,1999,6542,3.239833878051605
2880,1999,6421,2.40957496315439
2881,2000,6421,4.27939280405546
2882,2007,6421,0.7805206554126793
2883,2184,6421,3.668774063852834
2884,1999,6422,1.6154452269844146
2885,2007,6422,5.38861150684356
2886,2000,6420,1.5815786720237446
2887,2184,6420,2.584767025720152
2888,2004,7030,1.7032785524901093
2889,2013,7030,0.6210424174274086
2890,2185,7030,6.2419623144076315
2891,2004,7031,5.805787981915917
2892,2185,7031,3.5005326405604618
2893,2212,7031,2.286216106364488
2894,2004,7032,1.9271292738889736
2895,2212,7032,0.708232102193815
2896,2007,6423,2.0633003612859735
2897,2008,6423,1.064940655031633
2898,2010,6423,1.1793940213536611
2899,2008,6303,1.7161224905191397
2900,2009,6303,1.0922708446464975
2901,2010,6303,0.4927087580695281
2902,2012,7017,1.2747609550628713
2903,2012,7016,5.609137585373051
2904,2023,7016,0.029934525699344697
2905,2024,7016,1.667909370194318
2906,2012,7015,5.315634892490099
2907,2017,6787,1.4493655335090028
2908,2018,6787,2.298638004258674
2909,2152,6787,2.259506033756606
2910,2153,6787,3.6350360642628567
2911,2164,6787,0.3777460881920616
2912,2165,6787,3.602959301416231
2913,2025,5920,5.217586131159907
2914,2026,5920,0.8237509336967023
2915,2026,6040,5.486296816703329
2916,2026,6160,2.0383210313146516
2917,2064,6160,6.712322172842083
2918,2027,4839,1.6879959429836364
2919,2028,4839,0.5505984562310723
2920,2053,4839,0.3900380914375363
2921,2028,5079,5.964479877699492
2922,2028,5199,0.49872979035614756
2923,2029,5199,4.927317348627768
2924,2054,5199,5.033663666981818
2925,2028,4840,3.2158724550856155
2926,2053,4840,1.8533632913905245
2927,2028,4960,2.6653037544188205
2928,2028,4959,2.858103533374575
2929,2029,5200,1.614218552333881
2930,2029,5320,0.9758140820524827
2931,2030,5320,4.285479163614571
2932,2032,5682,6.634493882308063
2933,2032,5802,0.3896741624834673
2934,2035,5931,2.06552056594435
2935,2035,5930,3.348427336254321
2936,2035,6051,1.5323454491065873
2937,2036,6051,4.036930631631635
2938,2045,6051,2.956017924825237
2939,2046,6051,0.8558646965046008
2940,2035,5810,5.483050864345934
2941,2036,6171,1.6383532741803457
2942,2037,6171,4.448511680144165
2943,2038,6171,0.15968768483577483
2944,2039,6531,5.321227786576384
2945,2041,5571,1.6620356104570133
2946,2042,5571,4.580810099848247
2947,2044,5819,0.18505606725067233
2948,2044,5818,5.181705680694007
2949,2048,6294,2.4158017734486035
2950,2049,6294,0.09781849082309799
2951,2049,6415,0.9562547470374156
2952,2049,6414,8.050479252534036
2953,2049,6535,4.353645898208096
2954,2050,6535,2.363555577951228
2955,2050,6536,2.892726086496199
2956,2214,6536,0.4013772859413075
2957,2054,5198,2.2817758222078286
2958,2054,5319,8.314253258265778
2959,2054,5318,0.7154215045736754
2960,2054,5439,7.599857477281446
2961,2055,5325,3.6624274757287636
2962,2055,5445,2.3345504435572555
2963,2059,6053,3.517096402787082
2964,2061,5688,3.6978350246657032
2965,2062,5688,1.3699742287227747
2966,2062,5567,3.34821167591048
2967,2064,6280,3.6499611979249154
2968,2065,6280,4.146865258813511
2969,2091,6280,1.2553386110861429
2970,2065,6281,1.2261738848168364
2971,2065,6401,5.515938346782783
2972,2065,6521,5.495401679354154
2973,2065,6642,1.3607953631660161
2974,2065,6641,4.811611240039777
2975,2066,7243,4.467824032696605
2976,2067,7250,5.193542025523962
2977,2076,7250,5.193542025523962
2978,2067,7370,4.018601684685478
2979,2076,7370,4.018601684685478
2980,2067,7369,0.5356218024073622
2981,2076,7369,1.2052001779005823
2982,2077,7369,0.21034300286719204
2983,2068,7485,0.4146530285226911
2984,2069,7485,2.3428830153419433
2985,2070,7485,3.3878557814822976
2986,2070,7846,8.613522604669722
2987,2070,7966,4.6391782458565665
2988,2071,7966,0.13290667148893703
2989,2070,7965,3.2342140735471774
2990,2070,7606,5.002958985077143
2991,2070,7605,0.46526695813166824
2992,2070,7726,7.904901494774593
2993,2071,8086,5.835189036896658
2994,2071,8206,5.295624284273376
2995,2071,8326,5.103668620690069
2996,2071,8446,2.1447760913443896
2997,2072,8446,2.4088363992513386
2998,2073,8446,1.3656824914053076
2999,2073,8447,2.1297707523347116
3000,2073,8567,6.41391786289301
3001,2074,9171,2.995228783857665
3002,2074,9170,4.714169316637467
3003,2074,9292,0.7810229180010997
3004,2074,9291,4.778424081736161
3005,2075,9291,1.885315869111484
3006,2075,9411,6.897744093079584
3007,2075,9531,0.18903872579246087
3008,2075,9530,5.3903695529749065
3009,2075,9650,3.4125576838274285
3010,2090,9650,5.584045262602019
3011,2077,7489,5.750457990761368
3012,2077,7609,5.199520328202951
3013,2079,7609,0.3585536554987435
3014,2077,7729,1.1714978453508214
3015,2078,7729,1.3715640342999218
3016,2079,7729,4.046816068088555
3017,2079,7610,0.0037868326385302425
3018,2079,7730,5.219551542497789
3019,2081,8574,2.0943516956942676
3020,2081,8573,3.7569269617142256
3021,2081,8694,5.55806473043699
3022,2083,7134,1.0959989502191954
3023,2255,7134,1.147589077156698
3024,2256,7134,0.8132865208640004
3025,2083,7255,1.0205693208961946
3026,2188,7255,2.81573641906551
3027,2256,7255,2.428405939607903
3028,2083,7254,6.8752984869503875
3029,2256,7254,5.887464383064586
3030,2085,7483,5.46019897414775
3031,2085,7482,3.0661193981472783
3032,2085,7484,5.814506471010847
3033,2087,8096,2.110560868449416
3034,2087,8095,5.883844834670212
3035,2087,8094,5.221157784800043
3036,2087,7977,1.7959932263057998
3037,2088,7977,4.90815805144288
3038,2093,7977,3.471586065912206
3039,2087,7976,4.139652482887431
3040,2087,7975,0.3197367073997767
3041,2088,7979,5.488552077089189
3042,2088,7978,6.244678427970075
3043,2089,9887,3.4207178638890805
3044,2090,9887,2.3324793424419563
3045,2089,9886,5.339674113065636
3046,2090,9769,0.9853646614434256
3047,2090,9768,11.175614906329299
3048,2090,9767,3.5617880192343243
3049,2090,9649,5.390974585071322
3050,2090,9648,0.49654071919513576
3051,2091,6279,2.2297021807844493
3052,2091,6399,6.221363100044808
3053,2091,6519,2.1687350806882257
3054,2091,6518,4.53977349775506
3055,2092,7247,2.6865005636604207
3056,2092,7367,2.928656775494163
3057,2092,7366,5.616459782896874
3058,2093,7859,0.9691671210974435
3059,2225,7859,1.7711721146627073
3060,2093,7858,6.719615745084921
3061,2093,7857,1.6325178939747942
3062,2094,8348,3.1331966325219893
3063,2174,8348,2.941681160330808
3064,2094,8468,3.6129795649692795
3065,2095,8468,1.9035016291221716
3066,2106,8468,0.6695474483493831
3067,2097,7631,3.3855165184754714
3068,2098,7631,0.26653106248308095
3069,2097,7751,0.7009310468661584
3070,2187,7751,2.9601797888938486
3071,2098,7632,6.085231674106856
3072,2098,7633,1.7345649153881368
3073,2099,7633,4.217343479132355
3074,2099,7634,6.1910226492291365
3075,2099,7635,2.4780350809031364
3076,2100,7756,5.412340067767533
3077,2131,7756,0.3751548729853026
3078,2101,7759,1.2487858463116168
3079,2135,7759,0.6021382744293793
3080,2136,7759,2.325901736698098
3081,2137,7759,3.0707345284367493
3082,2103,8722,3.437128050928952
3083,2104,8722,2.350822704884099
3084,2104,8723,3.239520520228845
3085,2105,8723,2.257995595948975
3086,2105,8724,2.3716396855203525
3087,2106,8345,1.1193830165959986
3088,2197,8345,3.719594260646902
3089,2106,8465,2.113015587546458
3090,2106,8466,6.804908388856716
3091,2106,8467,6.866059200459564
3092,2109,7642,4.263494915950867
3093,2110,7642,1.4086092162783277
3094,2110,7643,0.5809416190818836
3095,2111,7643,4.512555846740772
3096,2111,7763,5.165668227936825
3097,2111,7883,1.3892665719642585
3098,2112,7883,1.0194410032875953
3099,2114,7883,0.05535892768975839
3100,2139,7883,5.189684272890079
3101,2112,7884,0.3233139271559312
3102,2113,7884,3.0511704133768034
3103,2114,7884,1.7064207993446339
3104,2114,8003,1.605683999456581
3105,2115,8003,3.2093272791631238
3106,2115,8004,0.5333903280785909
3107,2115,8123,4.611156421782733
3108,2116,8123,1.8319723133114352
3109,2149,8123,0.7670991841745777
3110,2116,8242,0.6959072228356666
3111,2117,8242,3.3448886031622864
3112,2118,8242,4.312060480214061
3113,2116,8243,0.02066159333165579
3114,2118,8362,3.47504656764615
3115,2119,8362,1.7902215327081368
3116,2148,8362,2.213894506974437
3117,2119,8602,2.1432709022667615
3118,2119,8482,5.639514384711604
3119,2127,8830,3.8294459740708233
3120,2127,8831,0.4137411192534073
3121,2128,8831,2.824050277783678
3122,2128,8951,11.142446539020751
3123,2128,8952,2.5458263404738175
3124,2129,7278,5.004664632310638
3125,2130,7278,0.1583667958891751
3126,2150,7278,2.3641845988741883
3127,2151,7278,0.483939744949978
3128,2130,7398,3.655165164404383
3129,2132,7994,3.223354933921005
3130,2132,7995,3.0613388010240925
3131,2132,8113,1.0784766563492576
3132,2146,8113,0.4766824336749855
3133,2132,8114,6.5649520544069135
3134,2146,8114,0.5384636782316591
3135,2132,8233,7.074653429625923
3136,2132,8352,3.7411792728368747
3137,2132,8353,2.132230291491881
3138,2134,7639,1.0637339824987662
3139,2135,7639,4.962310906688877
3140,2137,7879,0.8736581084409727
3141,2139,7882,5.0671336285692465
3142,2139,8001,2.046813997349894
3143,2140,8001,3.2777574533249707
3144,2139,8002,0.6867714405439314
3145,2140,8120,6.176772247426659
3146,2140,8121,3.4745724942251974
3147,2142,8238,5.805796295111744
3148,2143,8238,0.04018778972981424
3149,2143,8476,0.248880009317195
3150,2143,8477,6.602031461301234
3151,2143,8357,4.651569578496279
3152,2143,8358,1.3595508398346068
3153,2146,8115,5.616560594791322
3154,2146,8116,7.228302376042627
3155,2146,8117,0.09611187228100061
3156,2146,8234,8.155474646517817
3157,2146,8235,1.6162569019251398
3158,2148,8363,2.185414908240396
3159,2150,7158,3.1155424803689327
3160,2151,7279,7.351851137557255
3161,2151,7280,3.4194115097337274
3162,2153,6907,0.2002957183514859
3163,2164,6907,7.014133233016777
3164,2165,6907,3.311160156547501
3165,2230,6907,3.3661091922002315
3166,2154,6661,3.0193745073574565
3167,2154,6662,5.703421904619091
3168,2158,7629,0.018848243248430922
3169,2158,7749,5.700048820927148
3170,2180,7749,2.3151376087221447
3171,2181,7749,0.36807270876713655
3172,2187,7749,0.8342799056248051
3173,2164,7027,0.29791986376980706
3174,2230,7027,0.7824133558864825
3175,2231,7027,2.064919872879598
3176,2232,7027,2.845682262950925
3177,2165,6908,0.13035482959571482
3178,2166,6908,6.041347981179481
3179,2175,6908,0.4311433101247228
3180,2229,6908,0.5551058681046603
3181,2230,6908,1.1238287362650827
3182,2167,5940,2.133666848663735
3183,2203,5940,3.848370636798807
3184,2204,5940,2.2150824649974794
3185,2167,6060,0.4618924869371728
3186,2168,6060,4.865969432006046
3187,2169,6660,3.6470559376698155
3188,2171,7502,0.03650691796682048
3189,2171,7503,2.875326924409455
3190,2194,7503,1.4374742235215543
3191,2195,7503,1.698445237731702
3192,2171,7622,4.3796467324898485
3193,2171,7623,1.28916175567536
3194,2171,7742,4.1604282454174655
3195,2171,7743,1.529023010025232
3196,2171,7862,2.6480060383007036
3197,2171,7863,2.7032314339915358
3198,2174,8228,6.16787979871647
3199,2176,7029,1.742938505568019
3200,2177,7029,3.334719864456284
3201,2185,7029,1.1808452396220934
3202,2177,7149,0.5567205316411968
3203,2178,7149,4.86376568197195
3204,2178,7269,0.20398025709251588
3205,2179,7269,5.998348490346462
3206,2179,7388,0.510279101317315
3207,2179,7389,5.663501670943031
3208,2180,7748,1.4128181326051217
3209,2181,7748,1.5595252218042588
3210,2186,7624,1.9909874708545212
3211,2195,7624,2.3423712400422505
3212,2186,7625,2.5364191349387837
3213,2186,7745,3.398608763514191
3214,2186,7746,5.616962846746408
3215,2235,7746,5.722063586843232
3216,2186,7747,2.2525225812267293
3217,2187,7750,6.085650618920311
3218,2188,7256,4.164387331959614
3219,2189,7256,1.3749094982291064
3220,2189,7258,2.0920817827021874
3221,2190,7258,2.4460222545140837
3222,2189,7257,5.788386106038269
3223,2189,7378,0.9006685330414848
3224,2189,7377,0.24237988379229222
3225,2190,7260,0.6411515512000713
3226,2191,7260,4.732474183788351
3227,2190,7259,5.3429771485256214
3228,2195,7504,4.678040369126186
3229,2196,8101,3.407112334969589
3230,2196,8221,4.318334239882803
3231,2197,8343,7.776426991321158
3232,2197,8344,6.5221133338475745
3233,2203,5939,2.157574912901094
3234,2207,6065,6.413938779760864
3235,2210,6065,1.3936408939663516
3236,2214,6656,2.8081034988156843
3237,2215,6656,0.9258397797459756
3238,2215,6657,3.6822412980029657
3239,2215,6778,3.561878441530841
3240,2215,6777,5.890723298418399
3241,2216,7140,5.943208618552049
3242,2216,7141,3.0809435136824725
3243,2216,7020,2.1928197478659057
3244,2216,7019,6.8139590019619884
3245,2218,6902,6.887926851437771
3246,2223,7500,1.929830687275468
3247,2224,7500,0.9089432478444057
3248,2223,7381,6.1080887552209475
3249,2223,7501,3.2052940535704373
3250,2224,7620,1.4517326405429936
3251,2225,7620,6.804302089784765
3252,2225,7740,5.083614777799438
3253,2225,7739,3.5410813122739424
3254,2232,7147,6.155891558831318
3255,2232,7267,1.6523911923849337
3256,2233,7267,4.908654867594972
3257,2233,7386,0.4229880884583732
3258,2234,7386,4.325286606305203
3259,2233,7387,1.1451824655197251
3260,2235,7626,5.735329672784754
3261,2237,7033,9.370082514299904
3262,2247,7360,0.5270578320071588
3263,2247,7480,1.620995200674268
3264,2248,7480,0.08404893704321446
3265,2258,6905,1.5299260034601452
3266,2262,6905,1.5299260034601452
